epoch,vm_id,pes,mips,ram_mb,storage_mb
1,VM_001,1,500,512,40960
1,VM_003,2,1000,1024,61440
1,VM_011,3,1500,2048,81920
1,VM_012,4,2000,3072,102400
1,VM_013,1,500,512,40960
2,VM_001,1,500,512,40960
2,VM_003,2,1000,1024,61440
2,VM_011,3,1500,2048,81920
2,VM_012,4,2000,3072,102400
2,VM_013,1,500,512,40960
3,VM_001,1,500,512,40960
3,VM_003,2,1000,1024,61440
3,VM_011,3,1500,2048,81920
3,VM_012,4,2000,3072,102400
3,VM_013,1,500,512,40960
4,VM_001,1,500,512,40960
4,VM_003,2,1000,1024,61440
4,VM_011,3,1500,2048,81920
4,VM_012,4,2000,3072,102400
4,VM_013,1,500,512,40960
5,VM_001,1,500,512,40960
5,VM_003,2,1000,1024,61440
5,VM_011,3,1500,2048,81920
5,VM_012,4,2000,3072,102400
5,VM_013,1,500,512,40960
6,VM_001,1,500,512,40960
6,VM_003,2,1000,1024,61440
6,VM_011,3,1500,2048,81920
6,VM_012,4,2000,3072,102400
6,VM_013,1,500,512,40960
7,VM_001,1,500,512,40960
7,VM_003,2,1000,1024,61440
7,VM_011,3,1500,2048,81920
7,VM_012,4,2000,3072,102400
7,VM_013,1,500,512,40960
8,VM_001,1,500,512,40960
8,VM_003,2,1000,1024,61440
8,VM_011,3,1500,2048,81920
8,VM_012,4,2000,3072,102400
8,VM_013,1,500,512,40960
9,VM_001,1,500,512,40960
9,VM_003,2,1000,1024,61440
9,VM_011,3,1500,2048,81920
9,VM_012,4,2000,3072,102400
9,VM_013,1,500,512,40960
10,VM_001,1,500,512,40960
10,VM_003,2,1000,1024,61440
10,VM_011,3,1500,2048,81920
10,VM_012,4,2000,3072,102400
10,VM_013,1,500,512,40960
11,VM_001,1,500,512,40960
11,VM_003,2,1000,1024,61440
11,VM_011,3,1500,2048,81920
11,VM_012,4,2000,3072,102400
11,VM_013,1,500,512,40960
12,VM_001,1,500,512,40960
12,VM_003,2,1000,1024,61440
12,VM_011,3,1500,2048,81920
12,VM_012,4,2000,3072,102400
12,VM_013,1,500,512,40960
13,VM_001,1,500,512,40960
13,VM_003,2,1000,1024,61440
13,VM_011,3,1500,2048,81920
13,VM_012,4,2000,3072,102400
13,VM_013,1,500,512,40960
14,VM_001,1,500,512,40960
14,VM_003,2,1000,1024,61440
14,VM_011,3,1500,2048,81920
14,VM_012,4,2000,3072,102400
14,VM_013,1,500,512,40960
15,VM_001,1,500,512,40960
15,VM_003,2,1000,1024,61440
15,VM_011,3,1500,2048,81920
15,VM_012,4,2000,3072,102400
15,VM_013,1,500,512,40960
16,VM_001,1,500,512,40960
16,VM_003,2,1000,1024,61440
16,VM_011,3,1500,2048,81920
16,VM_012,4,2000,3072,102400
16,VM_013,1,500,512,40960
17,VM_001,1,500,512,40960
17,VM_003,2,1000,1024,61440
17,VM_011,3,1500,2048,81920
17,VM_012,4,2000,3072,102400
17,VM_013,1,500,512,40960
18,VM_001,1,500,512,40960
18,VM_003,2,1000,1024,61440
18,VM_011,3,1500,2048,81920
18,VM_012,4,2000,3072,102400
18,VM_013,1,500,512,40960
19,VM_001,1,500,512,40960
19,VM_003,2,1000,1024,61440
19,VM_011,3,1500,2048,81920
19,VM_012,4,2000,3072,102400
19,VM_013,1,500,512,40960
20,VM_001,1,500,512,40960
20,VM_003,2,1000,1024,61440
20,VM_011,3,1500,2048,81920
20,VM_012,4,2000,3072,102400
20,VM_013,1,500,512,40960
21,VM_001,1,500,512,40960
21,VM_003,2,1000,1024,61440
21,VM_011,3,1500,2048,81920
21,VM_012,4,2000,3072,102400
21,VM_013,1,500,512,40960
22,VM_001,1,500,512,40960
22,VM_003,2,1000,1024,61440
22,VM_011,3,1500,2048,81920
22,VM_012,4,2000,3072,102400
22,VM_013,1,500,512,40960
23,VM_001,1,500,512,40960
23,VM_003,2,1000,1024,61440
23,VM_011,3,1500,2048,81920
23,VM_012,4,2000,3072,102400
23,VM_013,1,500,512,40960
24,VM_001,1,500,512,40960
24,VM_003,2,1000,1024,61440
24,VM_011,3,1500,2048,81920
24,VM_012,4,2000,3072,102400
24,VM_013,1,500,512,40960
25,VM_001,1,500,512,40960
25,VM_003,2,1000,1024,61440
25,VM_011,3,1500,2048,81920
25,VM_012,4,2000,3072,102400
25,VM_013,1,500,512,40960
26,VM_001,1,500,512,40960
26,VM_003,2,1000,1024,61440
26,VM_011,3,1500,2048,81920
26,VM_012,4,2000,3072,102400
26,VM_013,1,500,512,40960
27,VM_001,1,500,512,40960
27,VM_003,2,1000,1024,61440
27,VM_011,3,1500,2048,81920
27,VM_012,4,2000,3072,102400
27,VM_013,1,500,512,40960
28,VM_001,1,500,512,40960
28,VM_003,2,1000,1024,61440
28,VM_011,3,1500,2048,81920
28,VM_012,4,2000,3072,102400
28,VM_013,1,500,512,40960
29,VM_001,1,500,512,40960
29,VM_003,2,1000,1024,61440
29,VM_011,3,1500,2048,81920
29,VM_012,4,2000,3072,102400
29,VM_013,1,500,512,40960
30,VM_001,1,500,512,40960
30,VM_003,2,1000,1024,61440
30,VM_011,3,1500,2048,81920
30,VM_012,4,2000,3072,102400
30,VM_013,1,500,512,40960
31,VM_001,1,500,512,40960
31,VM_003,2,1000,1024,61440
31,VM_011,3,1500,2048,81920
31,VM_012,4,2000,3072,102400
31,VM_013,1,500,512,40960
32,VM_001,1,500,512,40960
32,VM_003,2,1000,1024,61440
32,VM_011,3,1500,2048,81920
32,VM_012,4,2000,3072,102400
32,VM_013,1,500,512,40960
33,VM_001,1,500,512,40960
33,VM_003,2,1000,1024,61440
33,VM_011,3,1500,2048,81920
33,VM_012,4,2000,3072,102400
33,VM_013,1,500,512,40960
33,VM_023,2,1000,1024,61440
33,VM_025,3,1500,2048,81920
34,VM_001,1,500,512,40960
34,VM_003,2,1000,1024,61440
34,VM_011,3,1500,2048,81920
34,VM_012,4,2000,3072,102400
34,VM_013,1,500,512,40960
34,VM_023,2,1000,1024,61440
34,VM_025,3,1500,2048,81920
35,VM_001,1,500,512,40960
35,VM_003,2,1000,1024,61440
35,VM_011,3,1500,2048,81920
35,VM_012,4,2000,3072,102400
35,VM_013,1,500,512,40960
35,VM_023,2,1000,1024,61440
35,VM_025,3,1500,2048,81920
36,VM_001,1,500,512,40960
36,VM_003,2,1000,1024,61440
36,VM_011,3,1500,2048,81920
36,VM_012,4,2000,3072,102400
36,VM_013,1,500,512,40960
36,VM_023,2,1000,1024,61440
36,VM_025,3,1500,2048,81920
37,VM_001,1,500,512,40960
37,VM_003,2,1000,1024,61440
37,VM_011,3,1500,2048,81920
37,VM_012,4,2000,3072,102400
37,VM_013,1,500,512,40960
37,VM_023,2,1000,1024,61440
37,VM_025,3,1500,2048,81920
38,VM_001,1,500,512,40960
38,VM_003,2,1000,1024,61440
38,VM_011,3,1500,2048,81920
38,VM_012,4,2000,3072,102400
38,VM_013,1,500,512,40960
38,VM_023,2,1000,1024,61440
38,VM_025,3,1500,2048,81920
39,VM_001,1,500,512,40960
39,VM_003,2,1000,1024,61440
39,VM_011,3,1500,2048,81920
39,VM_012,4,2000,3072,102400
39,VM_013,1,500,512,40960
39,VM_023,2,1000,1024,61440
39,VM_025,3,1500,2048,81920
40,VM_001,1,500,512,40960
40,VM_003,2,1000,1024,61440
40,VM_011,3,1500,2048,81920
40,VM_012,4,2000,3072,102400
40,VM_013,1,500,512,40960
40,VM_023,2,1000,1024,61440
40,VM_025,3,1500,2048,81920
41,VM_001,1,500,512,40960
41,VM_003,2,1000,1024,61440
41,VM_011,3,1500,2048,81920
41,VM_012,4,2000,3072,102400
41,VM_013,1,500,512,40960
41,VM_023,2,1000,1024,61440
41,VM_025,3,1500,2048,81920
42,VM_001,1,500,512,40960
42,VM_003,2,1000,1024,61440
42,VM_011,3,1500,2048,81920
42,VM_012,4,2000,3072,102400
42,VM_013,1,500,512,40960
42,VM_023,2,1000,1024,61440
42,VM_025,3,1500,2048,81920
43,VM_001,1,500,512,40960
43,VM_003,2,1000,1024,61440
43,VM_011,3,1500,2048,81920
43,VM_012,4,2000,3072,102400
43,VM_013,1,500,512,40960
43,VM_023,2,1000,1024,61440
43,VM_025,3,1500,2048,81920
44,VM_001,1,500,512,40960
44,VM_003,2,1000,1024,61440
44,VM_011,3,1500,2048,81920
44,VM_012,4,2000,3072,102400
44,VM_013,1,500,512,40960
44,VM_023,2,1000,1024,61440
44,VM_025,3,1500,2048,81920
45,VM_001,1,500,512,40960
45,VM_003,2,1000,1024,61440
45,VM_011,3,1500,2048,81920
45,VM_012,4,2000,3072,102400
45,VM_013,1,500,512,40960
45,VM_023,2,1000,1024,61440
45,VM_025,3,1500,2048,81920
46,VM_001,1,500,512,40960
46,VM_003,2,1000,1024,61440
46,VM_011,3,1500,2048,81920
46,VM_012,4,2000,3072,102400
46,VM_013,1,500,512,40960
46,VM_023,2,1000,1024,61440
46,VM_025,3,1500,2048,81920
47,VM_001,1,500,512,40960
47,VM_003,2,1000,1024,61440
47,VM_011,3,1500,2048,81920
47,VM_012,4,2000,3072,102400
47,VM_013,1,500,512,40960
47,VM_023,2,1000,1024,61440
47,VM_025,3,1500,2048,81920
48,VM_001,1,500,512,40960
48,VM_003,2,1000,1024,61440
48,VM_011,3,1500,2048,81920
48,VM_012,4,2000,3072,102400
48,VM_013,1,500,512,40960
48,VM_023,2,1000,1024,61440
48,VM_025,3,1500,2048,81920
49,VM_001,1,500,512,40960
49,VM_003,2,1000,1024,61440
49,VM_011,3,1500,2048,81920
49,VM_012,4,2000,3072,102400
49,VM_013,1,500,512,40960
49,VM_023,2,1000,1024,61440
49,VM_025,3,1500,2048,81920
50,VM_001,1,500,512,40960
50,VM_003,2,1000,1024,61440
50,VM_011,3,1500,2048,81920
50,VM_012,4,2000,3072,102400
50,VM_013,1,500,512,40960
50,VM_023,2,1000,1024,61440
50,VM_025,3,1500,2048,81920
51,VM_001,1,500,512,40960
51,VM_003,2,1000,1024,61440
51,VM_011,3,1500,2048,81920
51,VM_012,4,2000,3072,102400
51,VM_013,1,500,512,40960
51,VM_023,2,1000,1024,61440
51,VM_025,3,1500,2048,81920
52,VM_001,1,500,512,40960
52,VM_003,2,1000,1024,61440
52,VM_011,3,1500,2048,81920
52,VM_012,4,2000,3072,102400
52,VM_013,1,500,512,40960
52,VM_023,2,1000,1024,61440
52,VM_025,3,1500,2048,81920
53,VM_001,1,500,512,40960
53,VM_003,2,1000,1024,61440
53,VM_011,3,1500,2048,81920
53,VM_012,4,2000,3072,102400
53,VM_013,1,500,512,40960
53,VM_023,2,1000,1024,61440
53,VM_025,3,1500,2048,81920
54,VM_001,1,500,512,40960
54,VM_003,2,1000,1024,61440
54,VM_011,3,1500,2048,81920
54,VM_012,4,2000,3072,102400
54,VM_013,1,500,512,40960
54,VM_023,2,1000,1024,61440
54,VM_025,3,1500,2048,81920
55,VM_001,1,500,512,40960
55,VM_003,2,1000,1024,61440
55,VM_011,3,1500,2048,81920
55,VM_012,4,2000,3072,102400
55,VM_013,1,500,512,40960
55,VM_023,2,1000,1024,61440
55,VM_025,3,1500,2048,81920
56,VM_001,1,500,512,40960
56,VM_003,2,1000,1024,61440
56,VM_011,3,1500,2048,81920
56,VM_012,4,2000,3072,102400
56,VM_013,1,500,512,40960
56,VM_023,2,1000,1024,61440
56,VM_025,3,1500,2048,81920
57,VM_001,1,500,512,40960
57,VM_003,2,1000,1024,61440
57,VM_011,3,1500,2048,81920
57,VM_012,4,2000,3072,102400
57,VM_013,1,500,512,40960
57,VM_023,2,1000,1024,61440
57,VM_025,3,1500,2048,81920
58,VM_001,1,500,512,40960
58,VM_003,2,1000,1024,61440
58,VM_011,3,1500,2048,81920
58,VM_012,4,2000,3072,102400
58,VM_013,1,500,512,40960
58,VM_023,2,1000,1024,61440
58,VM_025,3,1500,2048,81920
59,VM_001,1,500,512,40960
59,VM_003,2,1000,1024,61440
59,VM_011,3,1500,2048,81920
59,VM_012,4,2000,3072,102400
59,VM_013,1,500,512,40960
59,VM_023,2,1000,1024,61440
59,VM_025,3,1500,2048,81920
60,VM_001,1,500,512,40960
60,VM_003,2,1000,1024,61440
60,VM_011,3,1500,2048,81920
60,VM_012,4,2000,3072,102400
60,VM_013,1,500,512,40960
60,VM_023,2,1000,1024,61440
60,VM_025,3,1500,2048,81920
61,VM_001,1,500,512,40960
61,VM_003,2,1000,1024,61440
61,VM_011,3,1500,2048,81920
61,VM_012,4,2000,3072,102400
61,VM_013,1,500,512,40960
61,VM_023,2,1000,1024,61440
61,VM_025,3,1500,2048,81920
62,VM_001,1,500,512,40960
62,VM_003,2,1000,1024,61440
62,VM_011,3,1500,2048,81920
62,VM_012,4,2000,3072,102400
62,VM_013,1,500,512,40960
62,VM_023,2,1000,1024,61440
62,VM_025,3,1500,2048,81920
63,VM_001,1,500,512,40960
63,VM_003,2,1000,1024,61440
63,VM_011,3,1500,2048,81920
63,VM_012,4,2000,3072,102400
63,VM_013,1,500,512,40960
63,VM_023,2,1000,1024,61440
63,VM_025,3,1500,2048,81920
64,VM_001,1,500,512,40960
64,VM_003,2,1000,1024,61440
64,VM_011,3,1500,2048,81920
64,VM_012,4,2000,3072,102400
64,VM_013,1,500,512,40960
64,VM_023,2,1000,1024,61440
64,VM_025,3,1500,2048,81920
65,VM_001,1,500,512,40960
65,VM_003,2,1000,1024,61440
65,VM_011,3,1500,2048,81920
65,VM_012,4,2000,3072,102400
65,VM_013,1,500,512,40960
65,VM_023,2,1000,1024,61440
65,VM_025,3,1500,2048,81920
66,VM_001,1,500,512,40960
66,VM_003,2,1000,1024,61440
66,VM_011,3,1500,2048,81920
66,VM_012,4,2000,3072,102400
66,VM_013,1,500,512,40960
66,VM_023,2,1000,1024,61440
66,VM_025,3,1500,2048,81920
67,VM_001,1,500,512,40960
67,VM_003,2,1000,1024,61440
67,VM_011,3,1500,2048,81920
67,VM_012,4,2000,3072,102400
67,VM_013,1,500,512,40960
67,VM_023,2,1000,1024,61440
67,VM_025,3,1500,2048,81920
68,VM_001,1,500,512,40960
68,VM_003,2,1000,1024,61440
68,VM_011,3,1500,2048,81920
68,VM_012,4,2000,3072,102400
68,VM_013,1,500,512,40960
68,VM_023,2,1000,1024,61440
68,VM_025,3,1500,2048,81920
69,VM_001,1,500,512,40960
69,VM_003,2,1000,1024,61440
69,VM_011,3,1500,2048,81920
69,VM_012,4,2000,3072,102400
69,VM_013,1,500,512,40960
69,VM_023,2,1000,1024,61440
69,VM_025,3,1500,2048,81920
70,VM_001,1,500,512,40960
70,VM_003,2,1000,1024,61440
70,VM_011,3,1500,2048,81920
70,VM_012,4,2000,3072,102400
70,VM_013,1,500,512,40960
70,VM_023,2,1000,1024,61440
70,VM_025,3,1500,2048,81920
71,VM_001,1,500,512,40960
71,VM_003,2,1000,1024,61440
71,VM_011,3,1500,2048,81920
71,VM_012,4,2000,3072,102400
71,VM_013,1,500,512,40960
71,VM_023,2,1000,1024,61440
71,VM_025,3,1500,2048,81920
72,VM_001,1,500,512,40960
72,VM_003,2,1000,1024,61440
72,VM_011,3,1500,2048,81920
72,VM_012,4,2000,3072,102400
72,VM_013,1,500,512,40960
72,VM_023,2,1000,1024,61440
72,VM_025,3,1500,2048,81920
73,VM_001,1,500,512,40960
73,VM_003,2,1000,1024,61440
73,VM_011,3,1500,2048,81920
73,VM_012,4,2000,3072,102400
73,VM_013,1,500,512,40960
73,VM_023,2,1000,1024,61440
73,VM_025,3,1500,2048,81920
74,VM_001,1,500,512,40960
74,VM_003,2,1000,1024,61440
74,VM_011,3,1500,2048,81920
74,VM_012,4,2000,3072,102400
74,VM_013,1,500,512,40960
74,VM_023,2,1000,1024,61440
74,VM_025,3,1500,2048,81920
75,VM_001,1,500,512,40960
75,VM_003,2,1000,1024,61440
75,VM_011,3,1500,2048,81920
75,VM_012,4,2000,3072,102400
75,VM_013,1,500,512,40960
75,VM_023,2,1000,1024,61440
75,VM_025,3,1500,2048,81920
76,VM_001,1,500,512,40960
76,VM_003,2,1000,1024,61440
76,VM_011,3,1500,2048,81920
76,VM_012,4,2000,3072,102400
76,VM_013,1,500,512,40960
76,VM_023,2,1000,1024,61440
76,VM_025,3,1500,2048,81920
77,VM_001,1,500,512,40960
77,VM_003,2,1000,1024,61440
77,VM_011,3,1500,2048,81920
77,VM_012,4,2000,3072,102400
77,VM_013,1,500,512,40960
77,VM_023,2,1000,1024,61440
77,VM_025,3,1500,2048,81920
78,VM_001,1,500,512,40960
78,VM_003,2,1000,1024,61440
78,VM_011,3,1500,2048,81920
78,VM_012,4,2000,3072,102400
78,VM_013,1,500,512,40960
78,VM_023,2,1000,1024,61440
78,VM_025,3,1500,2048,81920
79,VM_001,1,500,512,40960
79,VM_003,2,1000,1024,61440
79,VM_011,3,1500,2048,81920
79,VM_012,4,2000,3072,102400
79,VM_013,1,500,512,40960
79,VM_023,2,1000,1024,61440
79,VM_025,3,1500,2048,81920
80,VM_001,1,500,512,40960
80,VM_003,2,1000,1024,61440
80,VM_011,3,1500,2048,81920
80,VM_012,4,2000,3072,102400
80,VM_013,1,500,512,40960
80,VM_023,2,1000,1024,61440
80,VM_025,3,1500,2048,81920
81,VM_001,1,500,512,40960
81,VM_003,2,1000,1024,61440
81,VM_011,3,1500,2048,81920
81,VM_012,4,2000,3072,102400
81,VM_013,1,500,512,40960
81,VM_023,2,1000,1024,61440
81,VM_025,3,1500,2048,81920
82,VM_001,1,500,512,40960
82,VM_003,2,1000,1024,61440
82,VM_011,3,1500,2048,81920
82,VM_012,4,2000,3072,102400
82,VM_013,1,500,512,40960
82,VM_023,2,1000,1024,61440
82,VM_025,3,1500,2048,81920
83,VM_001,1,500,512,40960
83,VM_003,2,1000,1024,61440
83,VM_011,3,1500,2048,81920
83,VM_012,4,2000,3072,102400
83,VM_013,1,500,512,40960
83,VM_023,2,1000,1024,61440
83,VM_025,3,1500,2048,81920
84,VM_001,1,500,512,40960
84,VM_003,2,1000,1024,61440
84,VM_011,3,1500,2048,81920
84,VM_012,4,2000,3072,102400
84,VM_013,1,500,512,40960
84,VM_023,2,1000,1024,61440
84,VM_025,3,1500,2048,81920
85,VM_001,1,500,512,40960
85,VM_003,2,1000,1024,61440
85,VM_011,3,1500,2048,81920
85,VM_012,4,2000,3072,102400
85,VM_013,1,500,512,40960
85,VM_023,2,1000,1024,61440
85,VM_025,3,1500,2048,81920
86,VM_001,1,500,512,40960
86,VM_003,2,1000,1024,61440
86,VM_011,3,1500,2048,81920
86,VM_012,4,2000,3072,102400
86,VM_013,1,500,512,40960
86,VM_023,2,1000,1024,61440
86,VM_025,3,1500,2048,81920
87,VM_001,1,500,512,40960
87,VM_003,2,1000,1024,61440
87,VM_011,3,1500,2048,81920
87,VM_012,4,2000,3072,102400
87,VM_013,1,500,512,40960
87,VM_023,2,1000,1024,61440
87,VM_025,3,1500,2048,81920
88,VM_001,1,500,512,40960
88,VM_003,2,1000,1024,61440
88,VM_011,3,1500,2048,81920
88,VM_012,4,2000,3072,102400
88,VM_013,1,500,512,40960
88,VM_023,2,1000,1024,61440
88,VM_025,3,1500,2048,81920
89,VM_001,1,500,512,40960
89,VM_003,2,1000,1024,61440
89,VM_011,3,1500,2048,81920
89,VM_012,4,2000,3072,102400
89,VM_013,1,500,512,40960
89,VM_023,2,1000,1024,61440
89,VM_025,3,1500,2048,81920
90,VM_001,1,500,512,40960
90,VM_003,2,1000,1024,61440
90,VM_011,3,1500,2048,81920
90,VM_012,4,2000,3072,102400
90,VM_013,1,500,512,40960
90,VM_023,2,1000,1024,61440
90,VM_025,3,1500,2048,81920
91,VM_001,1,500,512,40960
91,VM_003,2,1000,1024,61440
91,VM_011,3,1500,2048,81920
91,VM_012,4,2000,3072,102400
91,VM_013,1,500,512,40960
91,VM_023,2,1000,1024,61440
91,VM_025,3,1500,2048,81920
92,VM_001,1,500,512,40960
92,VM_003,2,1000,1024,61440
92,VM_011,3,1500,2048,81920
92,VM_012,4,2000,3072,102400
92,VM_013,1,500,512,40960
92,VM_023,2,1000,1024,61440
92,VM_025,3,1500,2048,81920
93,VM_001,1,500,512,40960
93,VM_003,2,1000,1024,61440
93,VM_011,3,1500,2048,81920
93,VM_012,4,2000,3072,102400
93,VM_013,1,500,512,40960
93,VM_023,2,1000,1024,61440
93,VM_025,3,1500,2048,81920
94,VM_001,1,500,512,40960
94,VM_003,2,1000,1024,61440
94,VM_011,3,1500,2048,81920
94,VM_012,4,2000,3072,102400
94,VM_013,1,500,512,40960
94,VM_023,2,1000,1024,61440
94,VM_025,3,1500,2048,81920
95,VM_001,1,500,512,40960
95,VM_003,2,1000,1024,61440
95,VM_011,3,1500,2048,81920
95,VM_012,4,2000,3072,102400
95,VM_013,1,500,512,40960
95,VM_023,2,1000,1024,61440
95,VM_025,3,1500,2048,81920
96,VM_001,1,500,512,40960
96,VM_003,2,1000,1024,61440
96,VM_011,3,1500,2048,81920
96,VM_012,4,2000,3072,102400
96,VM_013,1,500,512,40960
96,VM_023,2,1000,1024,61440
96,VM_025,3,1500,2048,81920
97,VM_001,1,500,512,40960
97,VM_003,2,1000,1024,61440
97,VM_011,3,1500,2048,81920
97,VM_012,4,2000,3072,102400
97,VM_013,1,500,512,40960
97,VM_023,2,1000,1024,61440
97,VM_025,3,1500,2048,81920
98,VM_001,1,500,512,40960
98,VM_003,2,1000,1024,61440
98,VM_011,3,1500,2048,81920
98,VM_012,4,2000,3072,102400
98,VM_013,1,500,512,40960
98,VM_023,2,1000,1024,61440
98,VM_025,3,1500,2048,81920
99,VM_001,1,500,512,40960
99,VM_003,2,1000,1024,61440
99,VM_011,3,1500,2048,81920
99,VM_012,4,2000,3072,102400
99,VM_013,1,500,512,40960
99,VM_023,2,1000,1024,61440
99,VM_025,3,1500,2048,81920
100,VM_001,1,500,512,40960
100,VM_003,2,1000,1024,61440
100,VM_011,3,1500,2048,81920
100,VM_012,4,2000,3072,102400
100,VM_013,1,500,512,40960
100,VM_023,2,1000,1024,61440
100,VM_025,3,1500,2048,81920
101,VM_001,1,500,512,40960
101,VM_003,2,1000,1024,61440
101,VM_011,3,1500,2048,81920
101,VM_012,4,2000,3072,102400
101,VM_013,1,500,512,40960
101,VM_023,2,1000,1024,61440
101,VM_025,3,1500,2048,81920
102,VM_001,1,500,512,40960
102,VM_003,2,1000,1024,61440
102,VM_011,3,1500,2048,81920
102,VM_012,4,2000,3072,102400
102,VM_013,1,500,512,40960
102,VM_023,2,1000,1024,61440
102,VM_025,3,1500,2048,81920
103,VM_001,1,500,512,40960
103,VM_003,2,1000,1024,61440
103,VM_011,3,1500,2048,81920
103,VM_012,4,2000,3072,102400
103,VM_013,1,500,512,40960
103,VM_023,2,1000,1024,61440
103,VM_025,3,1500,2048,81920
104,VM_001,1,500,512,40960
104,VM_003,2,1000,1024,61440
104,VM_011,3,1500,2048,81920
104,VM_012,4,2000,3072,102400
104,VM_013,1,500,512,40960
104,VM_023,2,1000,1024,61440
104,VM_025,3,1500,2048,81920
105,VM_001,1,500,512,40960
105,VM_003,2,1000,1024,61440
105,VM_011,3,1500,2048,81920
105,VM_012,4,2000,3072,102400
105,VM_013,1,500,512,40960
105,VM_023,2,1000,1024,61440
105,VM_025,3,1500,2048,81920
106,VM_001,1,500,512,40960
106,VM_003,2,1000,1024,61440
106,VM_011,3,1500,2048,81920
106,VM_012,4,2000,3072,102400
106,VM_013,1,500,512,40960
106,VM_023,2,1000,1024,61440
106,VM_025,3,1500,2048,81920
107,VM_001,1,500,512,40960
107,VM_003,2,1000,1024,61440
107,VM_011,3,1500,2048,81920
107,VM_012,4,2000,3072,102400
107,VM_013,1,500,512,40960
107,VM_023,2,1000,1024,61440
107,VM_025,3,1500,2048,81920
108,VM_001,1,500,512,40960
108,VM_003,2,1000,1024,61440
108,VM_011,3,1500,2048,81920
108,VM_012,4,2000,3072,102400
108,VM_013,1,500,512,40960
108,VM_023,2,1000,1024,61440
108,VM_025,3,1500,2048,81920
109,VM_001,1,500,512,40960
109,VM_003,2,1000,1024,61440
109,VM_011,3,1500,2048,81920
109,VM_012,4,2000,3072,102400
109,VM_013,1,500,512,40960
109,VM_023,2,1000,1024,61440
109,VM_025,3,1500,2048,81920
110,VM_001,1,500,512,40960
110,VM_003,2,1000,1024,61440
110,VM_011,3,1500,2048,81920
110,VM_012,4,2000,3072,102400
110,VM_013,1,500,512,40960
110,VM_023,2,1000,1024,61440
110,VM_025,3,1500,2048,81920
111,VM_001,1,500,512,40960
111,VM_003,2,1000,1024,61440
111,VM_011,3,1500,2048,81920
111,VM_012,4,2000,3072,102400
111,VM_013,1,500,512,40960
111,VM_023,2,1000,1024,61440
111,VM_025,3,1500,2048,81920
112,VM_001,1,500,512,40960
112,VM_003,2,1000,1024,61440
112,VM_011,3,1500,2048,81920
112,VM_012,4,2000,3072,102400
112,VM_013,1,500,512,40960
112,VM_023,2,1000,1024,61440
112,VM_025,3,1500,2048,81920
113,VM_001,1,500,512,40960
113,VM_003,2,1000,1024,61440
113,VM_011,3,1500,2048,81920
113,VM_012,4,2000,3072,102400
113,VM_013,1,500,512,40960
113,VM_023,2,1000,1024,61440
113,VM_025,3,1500,2048,81920
114,VM_001,1,500,512,40960
114,VM_003,2,1000,1024,61440
114,VM_011,3,1500,2048,81920
114,VM_012,4,2000,3072,102400
114,VM_013,1,500,512,40960
114,VM_023,2,1000,1024,61440
114,VM_025,3,1500,2048,81920
115,VM_001,1,500,512,40960
115,VM_003,2,1000,1024,61440
115,VM_011,3,1500,2048,81920
115,VM_012,4,2000,3072,102400
115,VM_013,1,500,512,40960
115,VM_023,2,1000,1024,61440
115,VM_025,3,1500,2048,81920
116,VM_001,1,500,512,40960
116,VM_003,2,1000,1024,61440
116,VM_011,3,1500,2048,81920
116,VM_012,4,2000,3072,102400
116,VM_013,1,500,512,40960
116,VM_023,2,1000,1024,61440
116,VM_025,3,1500,2048,81920
117,VM_001,1,500,512,40960
117,VM_003,2,1000,1024,61440
117,VM_011,3,1500,2048,81920
117,VM_012,4,2000,3072,102400
117,VM_013,1,500,512,40960
117,VM_023,2,1000,1024,61440
117,VM_025,3,1500,2048,81920
118,VM_001,1,500,512,40960
118,VM_003,2,1000,1024,61440
118,VM_011,3,1500,2048,81920
118,VM_012,4,2000,3072,102400
118,VM_013,1,500,512,40960
118,VM_023,2,1000,1024,61440
118,VM_025,3,1500,2048,81920
119,VM_001,1,500,512,40960
119,VM_003,2,1000,1024,61440
119,VM_011,3,1500,2048,81920
119,VM_012,4,2000,3072,102400
119,VM_013,1,500,512,40960
119,VM_023,2,1000,1024,61440
119,VM_025,3,1500,2048,81920
120,VM_001,1,500,512,40960
120,VM_003,2,1000,1024,61440
120,VM_011,3,1500,2048,81920
120,VM_012,4,2000,3072,102400
120,VM_013,1,500,512,40960
120,VM_023,2,1000,1024,61440
120,VM_025,3,1500,2048,81920
121,VM_001,1,500,512,40960
121,VM_003,2,1000,1024,61440
121,VM_011,3,1500,2048,81920
121,VM_012,4,2000,3072,102400
121,VM_013,1,500,512,40960
121,VM_023,2,1000,1024,61440
121,VM_025,3,1500,2048,81920
122,VM_001,1,500,512,40960
122,VM_003,2,1000,1024,61440
122,VM_011,3,1500,2048,81920
122,VM_012,4,2000,3072,102400
122,VM_013,1,500,512,40960
122,VM_023,2,1000,1024,61440
122,VM_025,3,1500,2048,81920
123,VM_001,1,500,512,40960
123,VM_003,2,1000,1024,61440
123,VM_011,3,1500,2048,81920
123,VM_012,4,2000,3072,102400
123,VM_013,1,500,512,40960
123,VM_023,2,1000,1024,61440
123,VM_025,3,1500,2048,81920
124,VM_001,1,500,512,40960
124,VM_003,2,1000,1024,61440
124,VM_011,3,1500,2048,81920
124,VM_012,4,2000,3072,102400
124,VM_013,1,500,512,40960
124,VM_023,2,1000,1024,61440
124,VM_025,3,1500,2048,81920
125,VM_001,1,500,512,40960
125,VM_003,2,1000,1024,61440
125,VM_011,3,1500,2048,81920
125,VM_012,4,2000,3072,102400
125,VM_013,1,500,512,40960
125,VM_023,2,1000,1024,61440
125,VM_025,3,1500,2048,81920
126,VM_001,1,500,512,40960
126,VM_003,2,1000,1024,61440
126,VM_011,3,1500,2048,81920
126,VM_012,4,2000,3072,102400
126,VM_013,1,500,512,40960
126,VM_023,2,1000,1024,61440
126,VM_025,3,1500,2048,81920
127,VM_001,1,500,512,40960
127,VM_003,2,1000,1024,61440
127,VM_011,3,1500,2048,81920
127,VM_012,4,2000,3072,102400
127,VM_013,1,500,512,40960
127,VM_023,2,1000,1024,61440
127,VM_025,3,1500,2048,81920
128,VM_001,1,500,512,40960
128,VM_003,2,1000,1024,61440
128,VM_011,3,1500,2048,81920
128,VM_012,4,2000,3072,102400
128,VM_013,1,500,512,40960
128,VM_023,2,1000,1024,61440
128,VM_025,3,1500,2048,81920
129,VM_001,1,500,512,40960
129,VM_003,2,1000,1024,61440
129,VM_011,3,1500,2048,81920
129,VM_012,4,2000,3072,102400
129,VM_013,1,500,512,40960
129,VM_023,2,1000,1024,61440
129,VM_025,3,1500,2048,81920
130,VM_001,1,500,512,40960
130,VM_003,2,1000,1024,61440
130,VM_011,3,1500,2048,81920
130,VM_012,4,2000,3072,102400
130,VM_013,1,500,512,40960
130,VM_023,2,1000,1024,61440
130,VM_025,3,1500,2048,81920
131,VM_001,1,500,512,40960
131,VM_003,2,1000,1024,61440
131,VM_011,3,1500,2048,81920
131,VM_012,4,2000,3072,102400
131,VM_013,1,500,512,40960
131,VM_023,2,1000,1024,61440
131,VM_025,3,1500,2048,81920
132,VM_001,1,500,512,40960
132,VM_003,2,1000,1024,61440
132,VM_011,3,1500,2048,81920
132,VM_012,4,2000,3072,102400
132,VM_013,1,500,512,40960
132,VM_023,2,1000,1024,61440
132,VM_025,3,1500,2048,81920
133,VM_001,1,500,512,40960
133,VM_003,2,1000,1024,61440
133,VM_011,3,1500,2048,81920
133,VM_012,4,2000,3072,102400
133,VM_013,1,500,512,40960
133,VM_023,2,1000,1024,61440
133,VM_025,3,1500,2048,81920
134,VM_001,1,500,512,40960
134,VM_003,2,1000,1024,61440
134,VM_011,3,1500,2048,81920
134,VM_012,4,2000,3072,102400
134,VM_013,1,500,512,40960
134,VM_023,2,1000,1024,61440
134,VM_025,3,1500,2048,81920
135,VM_001,1,500,512,40960
135,VM_003,2,1000,1024,61440
135,VM_011,3,1500,2048,81920
135,VM_012,4,2000,3072,102400
135,VM_013,1,500,512,40960
135,VM_023,2,1000,1024,61440
135,VM_025,3,1500,2048,81920
136,VM_001,1,500,512,40960
136,VM_003,2,1000,1024,61440
136,VM_011,3,1500,2048,81920
136,VM_012,4,2000,3072,102400
136,VM_013,1,500,512,40960
136,VM_023,2,1000,1024,61440
136,VM_025,3,1500,2048,81920
137,VM_001,1,500,512,40960
137,VM_003,2,1000,1024,61440
137,VM_011,3,1500,2048,81920
137,VM_012,4,2000,3072,102400
137,VM_013,1,500,512,40960
137,VM_023,2,1000,1024,61440
137,VM_025,3,1500,2048,81920
138,VM_001,1,500,512,40960
138,VM_003,2,1000,1024,61440
138,VM_011,3,1500,2048,81920
138,VM_012,4,2000,3072,102400
138,VM_013,1,500,512,40960
138,VM_023,2,1000,1024,61440
138,VM_025,3,1500,2048,81920
139,VM_001,1,500,512,40960
139,VM_003,2,1000,1024,61440
139,VM_011,3,1500,2048,81920
139,VM_012,4,2000,3072,102400
139,VM_013,1,500,512,40960
139,VM_023,2,1000,1024,61440
139,VM_025,3,1500,2048,81920
140,VM_001,1,500,512,40960
140,VM_003,2,1000,1024,61440
140,VM_011,3,1500,2048,81920
140,VM_012,4,2000,3072,102400
140,VM_013,1,500,512,40960
140,VM_023,2,1000,1024,61440
140,VM_025,3,1500,2048,81920
141,VM_001,1,500,512,40960
141,VM_003,2,1000,1024,61440
141,VM_011,3,1500,2048,81920
141,VM_012,4,2000,3072,102400
141,VM_013,1,500,512,40960
141,VM_023,2,1000,1024,61440
141,VM_025,3,1500,2048,81920
142,VM_001,1,500,512,40960
142,VM_003,2,1000,1024,61440
142,VM_011,3,1500,2048,81920
142,VM_012,4,2000,3072,102400
142,VM_013,1,500,512,40960
142,VM_023,2,1000,1024,61440
142,VM_025,3,1500,2048,81920
143,VM_001,1,500,512,40960
143,VM_003,2,1000,1024,61440
143,VM_011,3,1500,2048,81920
143,VM_012,4,2000,3072,102400
143,VM_013,1,500,512,40960
143,VM_023,2,1000,1024,61440
143,VM_025,3,1500,2048,81920
144,VM_001,1,500,512,40960
144,VM_003,2,1000,1024,61440
144,VM_011,3,1500,2048,81920
144,VM_012,4,2000,3072,102400
144,VM_013,1,500,512,40960
144,VM_023,2,1000,1024,61440
144,VM_025,3,1500,2048,81920
145,VM_001,1,500,512,40960
145,VM_003,2,1000,1024,61440
145,VM_011,3,1500,2048,81920
145,VM_012,4,2000,3072,102400
145,VM_013,1,500,512,40960
145,VM_023,2,1000,1024,61440
145,VM_025,3,1500,2048,81920
146,VM_001,1,500,512,40960
146,VM_003,2,1000,1024,61440
146,VM_011,3,1500,2048,81920
146,VM_012,4,2000,3072,102400
146,VM_013,1,500,512,40960
146,VM_023,2,1000,1024,61440
146,VM_025,3,1500,2048,81920
147,VM_001,1,500,512,40960
147,VM_003,2,1000,1024,61440
147,VM_011,3,1500,2048,81920
147,VM_012,4,2000,3072,102400
147,VM_013,1,500,512,40960
147,VM_023,2,1000,1024,61440
147,VM_025,3,1500,2048,81920
148,VM_001,1,500,512,40960
148,VM_003,2,1000,1024,61440
148,VM_011,3,1500,2048,81920
148,VM_012,4,2000,3072,102400
148,VM_013,1,500,512,40960
148,VM_023,2,1000,1024,61440
148,VM_025,3,1500,2048,81920
149,VM_001,1,500,512,40960
149,VM_003,2,1000,1024,61440
149,VM_011,3,1500,2048,81920
149,VM_012,4,2000,3072,102400
149,VM_013,1,500,512,40960
149,VM_023,2,1000,1024,61440
149,VM_025,3,1500,2048,81920
150,VM_001,1,500,512,40960
150,VM_003,2,1000,1024,61440
150,VM_011,3,1500,2048,81920
150,VM_012,4,2000,3072,102400
150,VM_013,1,500,512,40960
150,VM_023,2,1000,1024,61440
150,VM_025,3,1500,2048,81920
151,VM_001,1,500,512,40960
151,VM_003,2,1000,1024,61440
151,VM_011,3,1500,2048,81920
151,VM_012,4,2000,3072,102400
151,VM_013,1,500,512,40960
151,VM_023,2,1000,1024,61440
151,VM_025,3,1500,2048,81920
152,VM_001,1,500,512,40960
152,VM_003,2,1000,1024,61440
152,VM_011,3,1500,2048,81920
152,VM_012,4,2000,3072,102400
152,VM_013,1,500,512,40960
152,VM_023,2,1000,1024,61440
152,VM_025,3,1500,2048,81920
153,VM_001,1,500,512,40960
153,VM_003,2,1000,1024,61440
153,VM_011,3,1500,2048,81920
153,VM_012,4,2000,3072,102400
153,VM_013,1,500,512,40960
153,VM_023,2,1000,1024,61440
153,VM_025,3,1500,2048,81920
154,VM_001,1,500,512,40960
154,VM_003,2,1000,1024,61440
154,VM_011,3,1500,2048,81920
154,VM_012,4,2000,3072,102400
154,VM_013,1,500,512,40960
154,VM_023,2,1000,1024,61440
154,VM_025,3,1500,2048,81920
155,VM_001,1,500,512,40960
155,VM_003,2,1000,1024,61440
155,VM_011,3,1500,2048,81920
155,VM_012,4,2000,3072,102400
155,VM_013,1,500,512,40960
155,VM_023,2,1000,1024,61440
155,VM_025,3,1500,2048,81920
156,VM_001,1,500,512,40960
156,VM_003,2,1000,1024,61440
156,VM_011,3,1500,2048,81920
156,VM_012,4,2000,3072,102400
156,VM_013,1,500,512,40960
156,VM_023,2,1000,1024,61440
156,VM_025,3,1500,2048,81920
157,VM_001,1,500,512,40960
157,VM_003,2,1000,1024,61440
157,VM_011,3,1500,2048,81920
157,VM_012,4,2000,3072,102400
157,VM_013,1,500,512,40960
157,VM_023,2,1000,1024,61440
157,VM_025,3,1500,2048,81920
158,VM_001,1,500,512,40960
158,VM_003,2,1000,1024,61440
158,VM_011,3,1500,2048,81920
158,VM_012,4,2000,3072,102400
158,VM_013,1,500,512,40960
158,VM_023,2,1000,1024,61440
158,VM_025,3,1500,2048,81920
159,VM_001,1,500,512,40960
159,VM_003,2,1000,1024,61440
159,VM_011,3,1500,2048,81920
159,VM_012,4,2000,3072,102400
159,VM_013,1,500,512,40960
159,VM_023,2,1000,1024,61440
159,VM_025,3,1500,2048,81920
160,VM_001,1,500,512,40960
160,VM_003,2,1000,1024,61440
160,VM_011,3,1500,2048,81920
160,VM_012,4,2000,3072,102400
160,VM_013,1,500,512,40960
160,VM_023,2,1000,1024,61440
160,VM_025,3,1500,2048,81920
161,VM_001,1,500,512,40960
161,VM_003,2,1000,1024,61440
161,VM_011,3,1500,2048,81920
161,VM_012,4,2000,3072,102400
161,VM_013,1,500,512,40960
161,VM_023,2,1000,1024,61440
161,VM_025,3,1500,2048,81920
162,VM_001,1,500,512,40960
162,VM_003,2,1000,1024,61440
162,VM_011,3,1500,2048,81920
162,VM_012,4,2000,3072,102400
162,VM_013,1,500,512,40960
162,VM_023,2,1000,1024,61440
162,VM_025,3,1500,2048,81920
163,VM_001,1,500,512,40960
163,VM_003,2,1000,1024,61440
163,VM_011,3,1500,2048,81920
163,VM_012,4,2000,3072,102400
163,VM_013,1,500,512,40960
163,VM_023,2,1000,1024,61440
163,VM_025,3,1500,2048,81920
164,VM_001,1,500,512,40960
164,VM_003,2,1000,1024,61440
164,VM_011,3,1500,2048,81920
164,VM_012,4,2000,3072,102400
164,VM_013,1,500,512,40960
164,VM_023,2,1000,1024,61440
164,VM_025,3,1500,2048,81920
165,VM_001,1,500,512,40960
165,VM_003,2,1000,1024,61440
165,VM_011,3,1500,2048,81920
165,VM_012,4,2000,3072,102400
165,VM_013,1,500,512,40960
165,VM_023,2,1000,1024,61440
165,VM_025,3,1500,2048,81920
166,VM_001,1,500,512,40960
166,VM_003,2,1000,1024,61440
166,VM_011,3,1500,2048,81920
166,VM_012,4,2000,3072,102400
166,VM_013,1,500,512,40960
166,VM_023,2,1000,1024,61440
166,VM_025,3,1500,2048,81920
167,VM_001,1,500,512,40960
167,VM_003,2,1000,1024,61440
167,VM_011,3,1500,2048,81920
167,VM_012,4,2000,3072,102400
167,VM_013,1,500,512,40960
167,VM_023,2,1000,1024,61440
167,VM_025,3,1500,2048,81920
168,VM_001,1,500,512,40960
168,VM_003,2,1000,1024,61440
168,VM_011,3,1500,2048,81920
168,VM_012,4,2000,3072,102400
168,VM_013,1,500,512,40960
168,VM_023,2,1000,1024,61440
168,VM_025,3,1500,2048,81920
169,VM_001,1,500,512,40960
169,VM_003,2,1000,1024,61440
169,VM_011,3,1500,2048,81920
169,VM_012,4,2000,3072,102400
169,VM_013,1,500,512,40960
169,VM_023,2,1000,1024,61440
169,VM_025,3,1500,2048,81920
170,VM_001,1,500,512,40960
170,VM_003,2,1000,1024,61440
170,VM_011,3,1500,2048,81920
170,VM_012,4,2000,3072,102400
170,VM_013,1,500,512,40960
170,VM_023,2,1000,1024,61440
170,VM_025,3,1500,2048,81920
171,VM_001,1,500,512,40960
171,VM_003,2,1000,1024,61440
171,VM_011,3,1500,2048,81920
171,VM_012,4,2000,3072,102400
171,VM_013,1,500,512,40960
171,VM_023,2,1000,1024,61440
171,VM_025,3,1500,2048,81920
172,VM_001,1,500,512,40960
172,VM_003,2,1000,1024,61440
172,VM_011,3,1500,2048,81920
172,VM_012,4,2000,3072,102400
172,VM_013,1,500,512,40960
172,VM_023,2,1000,1024,61440
172,VM_025,3,1500,2048,81920
173,VM_001,1,500,512,40960
173,VM_003,2,1000,1024,61440
173,VM_011,3,1500,2048,81920
173,VM_012,4,2000,3072,102400
173,VM_013,1,500,512,40960
173,VM_023,2,1000,1024,61440
173,VM_025,3,1500,2048,81920
174,VM_001,1,500,512,40960
174,VM_003,2,1000,1024,61440
174,VM_011,3,1500,2048,81920
174,VM_012,4,2000,3072,102400
174,VM_013,1,500,512,40960
174,VM_023,2,1000,1024,61440
174,VM_025,3,1500,2048,81920
175,VM_001,1,500,512,40960
175,VM_003,2,1000,1024,61440
175,VM_011,3,1500,2048,81920
175,VM_012,4,2000,3072,102400
175,VM_013,1,500,512,40960
175,VM_023,2,1000,1024,61440
175,VM_025,3,1500,2048,81920
176,VM_001,1,500,512,40960
176,VM_003,2,1000,1024,61440
176,VM_011,3,1500,2048,81920
176,VM_012,4,2000,3072,102400
176,VM_013,1,500,512,40960
176,VM_023,2,1000,1024,61440
176,VM_025,3,1500,2048,81920
177,VM_001,1,500,512,40960
177,VM_003,2,1000,1024,61440
177,VM_011,3,1500,2048,81920
177,VM_012,4,2000,3072,102400
177,VM_013,1,500,512,40960
177,VM_023,2,1000,1024,61440
177,VM_025,3,1500,2048,81920
178,VM_001,1,500,512,40960
178,VM_003,2,1000,1024,61440
178,VM_011,3,1500,2048,81920
178,VM_012,4,2000,3072,102400
178,VM_013,1,500,512,40960
178,VM_023,2,1000,1024,61440
178,VM_025,3,1500,2048,81920
179,VM_001,1,500,512,40960
179,VM_003,2,1000,1024,61440
179,VM_011,3,1500,2048,81920
179,VM_012,4,2000,3072,102400
179,VM_013,1,500,512,40960
179,VM_023,2,1000,1024,61440
179,VM_025,3,1500,2048,81920
180,VM_001,1,500,512,40960
180,VM_003,2,1000,1024,61440
180,VM_011,3,1500,2048,81920
180,VM_012,4,2000,3072,102400
180,VM_013,1,500,512,40960
180,VM_023,2,1000,1024,61440
180,VM_025,3,1500,2048,81920
181,VM_001,1,500,512,40960
181,VM_003,2,1000,1024,61440
181,VM_011,3,1500,2048,81920
181,VM_012,4,2000,3072,102400
181,VM_013,1,500,512,40960
181,VM_023,2,1000,1024,61440
181,VM_025,3,1500,2048,81920
182,VM_001,1,500,512,40960
182,VM_003,2,1000,1024,61440
182,VM_011,3,1500,2048,81920
182,VM_012,4,2000,3072,102400
182,VM_013,1,500,512,40960
182,VM_023,2,1000,1024,61440
182,VM_025,3,1500,2048,81920
183,VM_001,1,500,512,40960
183,VM_003,2,1000,1024,61440
183,VM_011,3,1500,2048,81920
183,VM_012,4,2000,3072,102400
183,VM_013,1,500,512,40960
183,VM_023,2,1000,1024,61440
183,VM_025,3,1500,2048,81920
184,VM_001,1,500,512,40960
184,VM_003,2,1000,1024,61440
184,VM_011,3,1500,2048,81920
184,VM_012,4,2000,3072,102400
184,VM_013,1,500,512,40960
184,VM_023,2,1000,1024,61440
184,VM_025,3,1500,2048,81920
185,VM_001,1,500,512,40960
185,VM_003,2,1000,1024,61440
185,VM_011,3,1500,2048,81920
185,VM_012,4,2000,3072,102400
185,VM_013,1,500,512,40960
185,VM_023,2,1000,1024,61440
185,VM_025,3,1500,2048,81920
186,VM_001,1,500,512,40960
186,VM_003,2,1000,1024,61440
186,VM_011,3,1500,2048,81920
186,VM_012,4,2000,3072,102400
186,VM_013,1,500,512,40960
186,VM_023,2,1000,1024,61440
186,VM_025,3,1500,2048,81920
187,VM_001,1,500,512,40960
187,VM_003,2,1000,1024,61440
187,VM_011,3,1500,2048,81920
187,VM_012,4,2000,3072,102400
187,VM_013,1,500,512,40960
187,VM_023,2,1000,1024,61440
187,VM_025,3,1500,2048,81920
188,VM_001,1,500,512,40960
188,VM_003,2,1000,1024,61440
188,VM_011,3,1500,2048,81920
188,VM_012,4,2000,3072,102400
188,VM_013,1,500,512,40960
188,VM_023,2,1000,1024,61440
188,VM_025,3,1500,2048,81920
189,VM_001,1,500,512,40960
189,VM_003,2,1000,1024,61440
189,VM_011,3,1500,2048,81920
189,VM_012,4,2000,3072,102400
189,VM_013,1,500,512,40960
189,VM_023,2,1000,1024,61440
189,VM_025,3,1500,2048,81920
190,VM_001,1,500,512,40960
190,VM_003,2,1000,1024,61440
190,VM_011,3,1500,2048,81920
190,VM_012,4,2000,3072,102400
190,VM_013,1,500,512,40960
190,VM_023,2,1000,1024,61440
190,VM_025,3,1500,2048,81920
191,VM_001,1,500,512,40960
191,VM_003,2,1000,1024,61440
191,VM_011,3,1500,2048,81920
191,VM_012,4,2000,3072,102400
191,VM_013,1,500,512,40960
191,VM_023,2,1000,1024,61440
191,VM_025,3,1500,2048,81920
192,VM_001,1,500,512,40960
192,VM_003,2,1000,1024,61440
192,VM_011,3,1500,2048,81920
192,VM_012,4,2000,3072,102400
192,VM_013,1,500,512,40960
192,VM_023,2,1000,1024,61440
192,VM_025,3,1500,2048,81920
193,VM_001,1,500,512,40960
193,VM_003,2,1000,1024,61440
193,VM_011,3,1500,2048,81920
193,VM_012,4,2000,3072,102400
193,VM_013,1,500,512,40960
193,VM_023,2,1000,1024,61440
193,VM_025,3,1500,2048,81920
194,VM_001,1,500,512,40960
194,VM_003,2,1000,1024,61440
194,VM_011,3,1500,2048,81920
194,VM_012,4,2000,3072,102400
194,VM_013,1,500,512,40960
194,VM_023,2,1000,1024,61440
194,VM_025,3,1500,2048,81920
195,VM_001,1,500,512,40960
195,VM_003,2,1000,1024,61440
195,VM_011,3,1500,2048,81920
195,VM_012,4,2000,3072,102400
195,VM_013,1,500,512,40960
195,VM_023,2,1000,1024,61440
195,VM_025,3,1500,2048,81920
196,VM_001,1,500,512,40960
196,VM_003,2,1000,1024,61440
196,VM_011,3,1500,2048,81920
196,VM_012,4,2000,3072,102400
196,VM_013,1,500,512,40960
196,VM_023,2,1000,1024,61440
196,VM_025,3,1500,2048,81920
197,VM_001,1,500,512,40960
197,VM_003,2,1000,1024,61440
197,VM_011,3,1500,2048,81920
197,VM_012,4,2000,3072,102400
197,VM_013,1,500,512,40960
197,VM_023,2,1000,1024,61440
197,VM_025,3,1500,2048,81920
198,VM_001,1,500,512,40960
198,VM_003,2,1000,1024,61440
198,VM_011,3,1500,2048,81920
198,VM_012,4,2000,3072,102400
198,VM_013,1,500,512,40960
198,VM_023,2,1000,1024,61440
198,VM_025,3,1500,2048,81920
199,VM_001,1,500,512,40960
199,VM_003,2,1000,1024,61440
199,VM_011,3,1500,2048,81920
199,VM_012,4,2000,3072,102400
199,VM_013,1,500,512,40960
199,VM_023,2,1000,1024,61440
199,VM_025,3,1500,2048,81920
200,VM_001,1,500,512,40960
200,VM_003,2,1000,1024,61440
200,VM_011,3,1500,2048,81920
200,VM_012,4,2000,3072,102400
200,VM_013,1,500,512,40960
200,VM_023,2,1000,1024,61440
200,VM_025,3,1500,2048,81920
201,VM_001,1,500,512,40960
201,VM_003,2,1000,1024,61440
201,VM_011,3,1500,2048,81920
201,VM_012,4,2000,3072,102400
201,VM_013,1,500,512,40960
201,VM_023,2,1000,1024,61440
201,VM_025,3,1500,2048,81920
202,VM_001,1,500,512,40960
202,VM_003,2,1000,1024,61440
202,VM_011,3,1500,2048,81920
202,VM_012,4,2000,3072,102400
202,VM_013,1,500,512,40960
202,VM_023,2,1000,1024,61440
202,VM_025,3,1500,2048,81920
203,VM_001,1,500,512,40960
203,VM_003,2,1000,1024,61440
203,VM_011,3,1500,2048,81920
203,VM_012,4,2000,3072,102400
203,VM_013,1,500,512,40960
203,VM_023,2,1000,1024,61440
203,VM_025,3,1500,2048,81920
204,VM_001,1,500,512,40960
204,VM_003,2,1000,1024,61440
204,VM_011,3,1500,2048,81920
204,VM_012,4,2000,3072,102400
204,VM_013,1,500,512,40960
204,VM_023,2,1000,1024,61440
204,VM_025,3,1500,2048,81920
205,VM_001,1,500,512,40960
205,VM_003,2,1000,1024,61440
205,VM_011,3,1500,2048,81920
205,VM_012,4,2000,3072,102400
205,VM_013,1,500,512,40960
205,VM_023,2,1000,1024,61440
205,VM_025,3,1500,2048,81920
206,VM_001,1,500,512,40960
206,VM_003,2,1000,1024,61440
206,VM_011,3,1500,2048,81920
206,VM_012,4,2000,3072,102400
206,VM_013,1,500,512,40960
206,VM_023,2,1000,1024,61440
206,VM_025,3,1500,2048,81920
207,VM_001,1,500,512,40960
207,VM_003,2,1000,1024,61440
207,VM_011,3,1500,2048,81920
207,VM_012,4,2000,3072,102400
207,VM_013,1,500,512,40960
207,VM_023,2,1000,1024,61440
207,VM_025,3,1500,2048,81920
208,VM_001,1,500,512,40960
208,VM_003,2,1000,1024,61440
208,VM_011,3,1500,2048,81920
208,VM_012,4,2000,3072,102400
208,VM_013,1,500,512,40960
208,VM_023,2,1000,1024,61440
208,VM_025,3,1500,2048,81920
209,VM_001,1,500,512,40960
209,VM_003,2,1000,1024,61440
209,VM_011,3,1500,2048,81920
209,VM_012,4,2000,3072,102400
209,VM_013,1,500,512,40960
209,VM_023,2,1000,1024,61440
209,VM_025,3,1500,2048,81920
210,VM_001,1,500,512,40960
210,VM_003,2,1000,1024,61440
210,VM_011,3,1500,2048,81920
210,VM_012,4,2000,3072,102400
210,VM_013,1,500,512,40960
210,VM_023,2,1000,1024,61440
210,VM_025,3,1500,2048,81920
211,VM_001,1,500,512,40960
211,VM_003,2,1000,1024,61440
211,VM_011,3,1500,2048,81920
211,VM_012,4,2000,3072,102400
211,VM_013,1,500,512,40960
211,VM_023,2,1000,1024,61440
211,VM_025,3,1500,2048,81920
212,VM_001,1,500,512,40960
212,VM_003,2,1000,1024,61440
212,VM_011,3,1500,2048,81920
212,VM_012,4,2000,3072,102400
212,VM_013,1,500,512,40960
212,VM_023,2,1000,1024,61440
212,VM_025,3,1500,2048,81920
213,VM_001,1,500,512,40960
213,VM_003,2,1000,1024,61440
213,VM_011,3,1500,2048,81920
213,VM_012,4,2000,3072,102400
213,VM_013,1,500,512,40960
213,VM_023,2,1000,1024,61440
213,VM_025,3,1500,2048,81920
214,VM_001,1,500,512,40960
214,VM_003,2,1000,1024,61440
214,VM_011,3,1500,2048,81920
214,VM_012,4,2000,3072,102400
214,VM_013,1,500,512,40960
214,VM_023,2,1000,1024,61440
214,VM_025,3,1500,2048,81920
215,VM_001,1,500,512,40960
215,VM_003,2,1000,1024,61440
215,VM_011,3,1500,2048,81920
215,VM_012,4,2000,3072,102400
215,VM_013,1,500,512,40960
215,VM_023,2,1000,1024,61440
215,VM_025,3,1500,2048,81920
216,VM_001,1,500,512,40960
216,VM_003,2,1000,1024,61440
216,VM_011,3,1500,2048,81920
216,VM_012,4,2000,3072,102400
216,VM_013,1,500,512,40960
216,VM_023,2,1000,1024,61440
216,VM_025,3,1500,2048,81920
217,VM_001,1,500,512,40960
217,VM_003,2,1000,1024,61440
217,VM_011,3,1500,2048,81920
217,VM_012,4,2000,3072,102400
217,VM_013,1,500,512,40960
217,VM_023,2,1000,1024,61440
217,VM_025,3,1500,2048,81920
218,VM_001,1,500,512,40960
218,VM_003,2,1000,1024,61440
218,VM_011,3,1500,2048,81920
218,VM_012,4,2000,3072,102400
218,VM_013,1,500,512,40960
218,VM_023,2,1000,1024,61440
218,VM_025,3,1500,2048,81920
219,VM_001,1,500,512,40960
219,VM_003,2,1000,1024,61440
219,VM_011,3,1500,2048,81920
219,VM_012,4,2000,3072,102400
219,VM_013,1,500,512,40960
219,VM_023,2,1000,1024,61440
219,VM_025,3,1500,2048,81920
220,VM_001,1,500,512,40960
220,VM_003,2,1000,1024,61440
220,VM_011,3,1500,2048,81920
220,VM_012,4,2000,3072,102400
220,VM_013,1,500,512,40960
220,VM_023,2,1000,1024,61440
220,VM_025,3,1500,2048,81920
221,VM_001,1,500,512,40960
221,VM_003,2,1000,1024,61440
221,VM_011,3,1500,2048,81920
221,VM_012,4,2000,3072,102400
221,VM_013,1,500,512,40960
221,VM_023,2,1000,1024,61440
221,VM_025,3,1500,2048,81920
222,VM_001,1,500,512,40960
222,VM_003,2,1000,1024,61440
222,VM_011,3,1500,2048,81920
222,VM_012,4,2000,3072,102400
222,VM_013,1,500,512,40960
222,VM_023,2,1000,1024,61440
222,VM_025,3,1500,2048,81920
223,VM_001,1,500,512,40960
223,VM_003,2,1000,1024,61440
223,VM_011,3,1500,2048,81920
223,VM_012,4,2000,3072,102400
223,VM_013,1,500,512,40960
223,VM_023,2,1000,1024,61440
223,VM_025,3,1500,2048,81920
224,VM_001,1,500,512,40960
224,VM_003,2,1000,1024,61440
224,VM_011,3,1500,2048,81920
224,VM_012,4,2000,3072,102400
224,VM_013,1,500,512,40960
224,VM_023,2,1000,1024,61440
224,VM_025,3,1500,2048,81920
225,VM_001,1,500,512,40960
225,VM_003,2,1000,1024,61440
225,VM_011,3,1500,2048,81920
225,VM_012,4,2000,3072,102400
225,VM_013,1,500,512,40960
225,VM_023,2,1000,1024,61440
225,VM_025,3,1500,2048,81920
226,VM_001,1,500,512,40960
226,VM_003,2,1000,1024,61440
226,VM_011,3,1500,2048,81920
226,VM_012,4,2000,3072,102400
226,VM_013,1,500,512,40960
226,VM_023,2,1000,1024,61440
226,VM_025,3,1500,2048,81920
227,VM_001,1,500,512,40960
227,VM_003,2,1000,1024,61440
227,VM_011,3,1500,2048,81920
227,VM_012,4,2000,3072,102400
227,VM_013,1,500,512,40960
227,VM_023,2,1000,1024,61440
227,VM_025,3,1500,2048,81920
228,VM_001,1,500,512,40960
228,VM_003,2,1000,1024,61440
228,VM_011,3,1500,2048,81920
228,VM_012,4,2000,3072,102400
228,VM_013,1,500,512,40960
228,VM_023,2,1000,1024,61440
228,VM_025,3,1500,2048,81920
229,VM_001,1,500,512,40960
229,VM_003,2,1000,1024,61440
229,VM_011,3,1500,2048,81920
229,VM_012,4,2000,3072,102400
229,VM_013,1,500,512,40960
229,VM_023,2,1000,1024,61440
229,VM_025,3,1500,2048,81920
230,VM_001,1,500,512,40960
230,VM_003,2,1000,1024,61440
230,VM_011,3,1500,2048,81920
230,VM_012,4,2000,3072,102400
230,VM_013,1,500,512,40960
230,VM_023,2,1000,1024,61440
230,VM_025,3,1500,2048,81920
231,VM_001,1,500,512,40960
231,VM_003,2,1000,1024,61440
231,VM_011,3,1500,2048,81920
231,VM_012,4,2000,3072,102400
231,VM_013,1,500,512,40960
231,VM_023,2,1000,1024,61440
231,VM_025,3,1500,2048,81920
232,VM_001,1,500,512,40960
232,VM_003,2,1000,1024,61440
232,VM_011,3,1500,2048,81920
232,VM_012,4,2000,3072,102400
232,VM_013,1,500,512,40960
232,VM_023,2,1000,1024,61440
232,VM_025,3,1500,2048,81920
233,VM_001,1,500,512,40960
233,VM_003,2,1000,1024,61440
233,VM_011,3,1500,2048,81920
233,VM_012,4,2000,3072,102400
233,VM_013,1,500,512,40960
233,VM_023,2,1000,1024,61440
233,VM_025,3,1500,2048,81920
234,VM_001,1,500,512,40960
234,VM_003,2,1000,1024,61440
234,VM_011,3,1500,2048,81920
234,VM_012,4,2000,3072,102400
234,VM_013,1,500,512,40960
234,VM_023,2,1000,1024,61440
234,VM_025,3,1500,2048,81920
235,VM_001,1,500,512,40960
235,VM_003,2,1000,1024,61440
235,VM_011,3,1500,2048,81920
235,VM_012,4,2000,3072,102400
235,VM_013,1,500,512,40960
235,VM_023,2,1000,1024,61440
235,VM_025,3,1500,2048,81920
236,VM_001,1,500,512,40960
236,VM_003,2,1000,1024,61440
236,VM_011,3,1500,2048,81920
236,VM_012,4,2000,3072,102400
236,VM_013,1,500,512,40960
236,VM_023,2,1000,1024,61440
236,VM_025,3,1500,2048,81920
237,VM_001,1,500,512,40960
237,VM_003,2,1000,1024,61440
237,VM_011,3,1500,2048,81920
237,VM_012,4,2000,3072,102400
237,VM_013,1,500,512,40960
237,VM_023,2,1000,1024,61440
237,VM_025,3,1500,2048,81920
238,VM_001,1,500,512,40960
238,VM_003,2,1000,1024,61440
238,VM_011,3,1500,2048,81920
238,VM_012,4,2000,3072,102400
238,VM_013,1,500,512,40960
238,VM_023,2,1000,1024,61440
238,VM_025,3,1500,2048,81920
239,VM_001,1,500,512,40960
239,VM_003,2,1000,1024,61440
239,VM_011,3,1500,2048,81920
239,VM_012,4,2000,3072,102400
239,VM_013,1,500,512,40960
239,VM_023,2,1000,1024,61440
239,VM_025,3,1500,2048,81920
240,VM_001,1,500,512,40960
240,VM_003,2,1000,1024,61440
240,VM_011,3,1500,2048,81920
240,VM_012,4,2000,3072,102400
240,VM_013,1,500,512,40960
240,VM_023,2,1000,1024,61440
240,VM_025,3,1500,2048,81920
241,VM_001,1,500,512,40960
241,VM_003,2,1000,1024,61440
241,VM_011,3,1500,2048,81920
241,VM_012,4,2000,3072,102400
241,VM_013,1,500,512,40960
241,VM_023,2,1000,1024,61440
241,VM_025,3,1500,2048,81920
242,VM_001,1,500,512,40960
242,VM_003,2,1000,1024,61440
242,VM_011,3,1500,2048,81920
242,VM_012,4,2000,3072,102400
242,VM_013,1,500,512,40960
242,VM_023,2,1000,1024,61440
242,VM_025,3,1500,2048,81920
243,VM_001,1,500,512,40960
243,VM_003,2,1000,1024,61440
243,VM_011,3,1500,2048,81920
243,VM_012,4,2000,3072,102400
243,VM_013,1,500,512,40960
243,VM_023,2,1000,1024,61440
243,VM_025,3,1500,2048,81920
244,VM_001,1,500,512,40960
244,VM_003,2,1000,1024,61440
244,VM_011,3,1500,2048,81920
244,VM_012,4,2000,3072,102400
244,VM_013,1,500,512,40960
244,VM_023,2,1000,1024,61440
244,VM_025,3,1500,2048,81920
245,VM_001,1,500,512,40960
245,VM_003,2,1000,1024,61440
245,VM_011,3,1500,2048,81920
245,VM_012,4,2000,3072,102400
245,VM_013,1,500,512,40960
245,VM_023,2,1000,1024,61440
245,VM_025,3,1500,2048,81920
246,VM_001,1,500,512,40960
246,VM_003,2,1000,1024,61440
246,VM_011,3,1500,2048,81920
246,VM_012,4,2000,3072,102400
246,VM_013,1,500,512,40960
246,VM_023,2,1000,1024,61440
246,VM_025,3,1500,2048,81920
247,VM_001,1,500,512,40960
247,VM_003,2,1000,1024,61440
247,VM_011,3,1500,2048,81920
247,VM_012,4,2000,3072,102400
247,VM_013,1,500,512,40960
247,VM_023,2,1000,1024,61440
247,VM_025,3,1500,2048,81920
248,VM_001,1,500,512,40960
248,VM_003,2,1000,1024,61440
248,VM_011,3,1500,2048,81920
248,VM_012,4,2000,3072,102400
248,VM_013,1,500,512,40960
248,VM_023,2,1000,1024,61440
248,VM_025,3,1500,2048,81920
249,VM_001,1,500,512,40960
249,VM_003,2,1000,1024,61440
249,VM_011,3,1500,2048,81920
249,VM_012,4,2000,3072,102400
249,VM_013,1,500,512,40960
249,VM_023,2,1000,1024,61440
249,VM_025,3,1500,2048,81920
250,VM_001,1,500,512,40960
250,VM_003,2,1000,1024,61440
250,VM_011,3,1500,2048,81920
250,VM_012,4,2000,3072,102400
250,VM_013,1,500,512,40960
250,VM_023,2,1000,1024,61440
250,VM_025,3,1500,2048,81920
251,VM_001,1,500,512,40960
251,VM_003,2,1000,1024,61440
251,VM_011,3,1500,2048,81920
251,VM_012,4,2000,3072,102400
251,VM_013,1,500,512,40960
251,VM_023,2,1000,1024,61440
251,VM_025,3,1500,2048,81920
252,VM_001,1,500,512,40960
252,VM_003,2,1000,1024,61440
252,VM_011,3,1500,2048,81920
252,VM_012,4,2000,3072,102400
252,VM_013,1,500,512,40960
252,VM_023,2,1000,1024,61440
252,VM_025,3,1500,2048,81920
253,VM_001,1,500,512,40960
253,VM_003,2,1000,1024,61440
253,VM_011,3,1500,2048,81920
253,VM_012,4,2000,3072,102400
253,VM_013,1,500,512,40960
253,VM_023,2,1000,1024,61440
253,VM_025,3,1500,2048,81920
254,VM_001,1,500,512,40960
254,VM_003,2,1000,1024,61440
254,VM_011,3,1500,2048,81920
254,VM_012,4,2000,3072,102400
254,VM_013,1,500,512,40960
254,VM_023,2,1000,1024,61440
254,VM_025,3,1500,2048,81920
255,VM_001,1,500,512,40960
255,VM_003,2,1000,1024,61440
255,VM_011,3,1500,2048,81920
255,VM_012,4,2000,3072,102400
255,VM_013,1,500,512,40960
255,VM_023,2,1000,1024,61440
255,VM_025,3,1500,2048,81920
256,VM_001,1,500,512,40960
256,VM_003,2,1000,1024,61440
256,VM_011,3,1500,2048,81920
256,VM_012,4,2000,3072,102400
256,VM_013,1,500,512,40960
256,VM_023,2,1000,1024,61440
256,VM_025,3,1500,2048,81920
257,VM_001,1,500,512,40960
257,VM_003,2,1000,1024,61440
257,VM_011,3,1500,2048,81920
257,VM_012,4,2000,3072,102400
257,VM_013,1,500,512,40960
257,VM_023,2,1000,1024,61440
257,VM_025,3,1500,2048,81920
258,VM_001,1,500,512,40960
258,VM_003,2,1000,1024,61440
258,VM_011,3,1500,2048,81920
258,VM_012,4,2000,3072,102400
258,VM_013,1,500,512,40960
258,VM_023,2,1000,1024,61440
258,VM_025,3,1500,2048,81920
259,VM_001,1,500,512,40960
259,VM_003,2,1000,1024,61440
259,VM_011,3,1500,2048,81920
259,VM_012,4,2000,3072,102400
259,VM_013,1,500,512,40960
259,VM_023,2,1000,1024,61440
259,VM_025,3,1500,2048,81920
260,VM_001,1,500,512,40960
260,VM_003,2,1000,1024,61440
260,VM_011,3,1500,2048,81920
260,VM_012,4,2000,3072,102400
260,VM_013,1,500,512,40960
260,VM_023,2,1000,1024,61440
260,VM_025,3,1500,2048,81920
261,VM_001,1,500,512,40960
261,VM_003,2,1000,1024,61440
261,VM_011,3,1500,2048,81920
261,VM_012,4,2000,3072,102400
261,VM_013,1,500,512,40960
261,VM_023,2,1000,1024,61440
261,VM_025,3,1500,2048,81920
262,VM_001,1,500,512,40960
262,VM_003,2,1000,1024,61440
262,VM_011,3,1500,2048,81920
262,VM_012,4,2000,3072,102400
262,VM_013,1,500,512,40960
262,VM_023,2,1000,1024,61440
262,VM_025,3,1500,2048,81920
263,VM_001,1,500,512,40960
263,VM_003,2,1000,1024,61440
263,VM_011,3,1500,2048,81920
263,VM_012,4,2000,3072,102400
263,VM_013,1,500,512,40960
263,VM_023,2,1000,1024,61440
263,VM_025,3,1500,2048,81920
264,VM_001,1,500,512,40960
264,VM_003,2,1000,1024,61440
264,VM_011,3,1500,2048,81920
264,VM_012,4,2000,3072,102400
264,VM_013,1,500,512,40960
264,VM_023,2,1000,1024,61440
264,VM_025,3,1500,2048,81920
265,VM_001,1,500,512,40960
265,VM_003,2,1000,1024,61440
265,VM_011,3,1500,2048,81920
265,VM_012,4,2000,3072,102400
265,VM_013,1,500,512,40960
265,VM_023,2,1000,1024,61440
265,VM_025,3,1500,2048,81920
266,VM_001,1,500,512,40960
266,VM_003,2,1000,1024,61440
266,VM_011,3,1500,2048,81920
266,VM_012,4,2000,3072,102400
266,VM_013,1,500,512,40960
266,VM_023,2,1000,1024,61440
266,VM_025,3,1500,2048,81920
267,VM_001,1,500,512,40960
267,VM_003,2,1000,1024,61440
267,VM_011,3,1500,2048,81920
267,VM_012,4,2000,3072,102400
267,VM_013,1,500,512,40960
267,VM_023,2,1000,1024,61440
267,VM_025,3,1500,2048,81920
268,VM_001,1,500,512,40960
268,VM_003,2,1000,1024,61440
268,VM_011,3,1500,2048,81920
268,VM_012,4,2000,3072,102400
268,VM_013,1,500,512,40960
268,VM_023,2,1000,1024,61440
268,VM_025,3,1500,2048,81920
269,VM_001,1,500,512,40960
269,VM_003,2,1000,1024,61440
269,VM_011,3,1500,2048,81920
269,VM_012,4,2000,3072,102400
269,VM_013,1,500,512,40960
269,VM_023,2,1000,1024,61440
269,VM_025,3,1500,2048,81920
270,VM_001,1,500,512,40960
270,VM_003,2,1000,1024,61440
270,VM_011,3,1500,2048,81920
270,VM_012,4,2000,3072,102400
270,VM_013,1,500,512,40960
270,VM_023,2,1000,1024,61440
270,VM_025,3,1500,2048,81920
271,VM_001,1,500,512,40960
271,VM_003,2,1000,1024,61440
271,VM_011,3,1500,2048,81920
271,VM_012,4,2000,3072,102400
271,VM_013,1,500,512,40960
271,VM_023,2,1000,1024,61440
271,VM_025,3,1500,2048,81920
272,VM_001,1,500,512,40960
272,VM_003,2,1000,1024,61440
272,VM_011,3,1500,2048,81920
272,VM_012,4,2000,3072,102400
272,VM_013,1,500,512,40960
272,VM_023,2,1000,1024,61440
272,VM_025,3,1500,2048,81920
273,VM_001,1,500,512,40960
273,VM_003,2,1000,1024,61440
273,VM_011,3,1500,2048,81920
273,VM_012,4,2000,3072,102400
273,VM_013,1,500,512,40960
273,VM_023,2,1000,1024,61440
273,VM_025,3,1500,2048,81920
274,VM_001,1,500,512,40960
274,VM_003,2,1000,1024,61440
274,VM_011,3,1500,2048,81920
274,VM_012,4,2000,3072,102400
274,VM_013,1,500,512,40960
274,VM_023,2,1000,1024,61440
274,VM_025,3,1500,2048,81920
275,VM_001,1,500,512,40960
275,VM_003,2,1000,1024,61440
275,VM_011,3,1500,2048,81920
275,VM_012,4,2000,3072,102400
275,VM_013,1,500,512,40960
275,VM_023,2,1000,1024,61440
275,VM_025,3,1500,2048,81920
276,VM_001,1,500,512,40960
276,VM_003,2,1000,1024,61440
276,VM_011,3,1500,2048,81920
276,VM_012,4,2000,3072,102400
276,VM_013,1,500,512,40960
276,VM_023,2,1000,1024,61440
276,VM_025,3,1500,2048,81920
277,VM_001,1,500,512,40960
277,VM_003,2,1000,1024,61440
277,VM_011,3,1500,2048,81920
277,VM_012,4,2000,3072,102400
277,VM_013,1,500,512,40960
277,VM_023,2,1000,1024,61440
277,VM_025,3,1500,2048,81920
278,VM_001,1,500,512,40960
278,VM_003,2,1000,1024,61440
278,VM_011,3,1500,2048,81920
278,VM_012,4,2000,3072,102400
278,VM_013,1,500,512,40960
278,VM_023,2,1000,1024,61440
278,VM_025,3,1500,2048,81920
279,VM_001,1,500,512,40960
279,VM_003,2,1000,1024,61440
279,VM_011,3,1500,2048,81920
279,VM_012,4,2000,3072,102400
279,VM_013,1,500,512,40960
279,VM_023,2,1000,1024,61440
279,VM_025,3,1500,2048,81920
280,VM_001,1,500,512,40960
280,VM_003,2,1000,1024,61440
280,VM_011,3,1500,2048,81920
280,VM_012,4,2000,3072,102400
280,VM_013,1,500,512,40960
280,VM_023,2,1000,1024,61440
280,VM_025,3,1500,2048,81920
281,VM_001,1,500,512,40960
281,VM_003,2,1000,1024,61440
281,VM_011,3,1500,2048,81920
281,VM_012,4,2000,3072,102400
281,VM_013,1,500,512,40960
281,VM_023,2,1000,1024,61440
281,VM_025,3,1500,2048,81920
282,VM_001,1,500,512,40960
282,VM_003,2,1000,1024,61440
282,VM_011,3,1500,2048,81920
282,VM_012,4,2000,3072,102400
282,VM_013,1,500,512,40960
282,VM_023,2,1000,1024,61440
282,VM_025,3,1500,2048,81920
283,VM_001,1,500,512,40960
283,VM_003,2,1000,1024,61440
283,VM_011,3,1500,2048,81920
283,VM_012,4,2000,3072,102400
283,VM_013,1,500,512,40960
283,VM_023,2,1000,1024,61440
283,VM_025,3,1500,2048,81920
284,VM_001,1,500,512,40960
284,VM_003,2,1000,1024,61440
284,VM_011,3,1500,2048,81920
284,VM_012,4,2000,3072,102400
284,VM_013,1,500,512,40960
284,VM_023,2,1000,1024,61440
284,VM_025,3,1500,2048,81920
285,VM_001,1,500,512,40960
285,VM_003,2,1000,1024,61440
285,VM_011,3,1500,2048,81920
285,VM_012,4,2000,3072,102400
285,VM_013,1,500,512,40960
285,VM_023,2,1000,1024,61440
285,VM_025,3,1500,2048,81920
286,VM_001,1,500,512,40960
286,VM_003,2,1000,1024,61440
286,VM_011,3,1500,2048,81920
286,VM_012,4,2000,3072,102400
286,VM_013,1,500,512,40960
286,VM_023,2,1000,1024,61440
286,VM_025,3,1500,2048,81920
287,VM_001,1,500,512,40960
287,VM_003,2,1000,1024,61440
287,VM_011,3,1500,2048,81920
287,VM_012,4,2000,3072,102400
287,VM_013,1,500,512,40960
287,VM_023,2,1000,1024,61440
287,VM_025,3,1500,2048,81920
288,VM_001,1,500,512,40960
288,VM_003,2,1000,1024,61440
288,VM_011,3,1500,2048,81920
288,VM_012,4,2000,3072,102400
288,VM_013,1,500,512,40960
288,VM_023,2,1000,1024,61440
288,VM_025,3,1500,2048,81920
289,VM_001,1,500,512,40960
289,VM_003,2,1000,1024,61440
289,VM_011,3,1500,2048,81920
289,VM_012,4,2000,3072,102400
289,VM_013,1,500,512,40960
289,VM_023,2,1000,1024,61440
289,VM_025,3,1500,2048,81920
290,VM_001,1,500,512,40960
290,VM_003,2,1000,1024,61440
290,VM_011,3,1500,2048,81920
290,VM_012,4,2000,3072,102400
290,VM_013,1,500,512,40960
290,VM_023,2,1000,1024,61440
290,VM_025,3,1500,2048,81920
291,VM_001,1,500,512,40960
291,VM_003,2,1000,1024,61440
291,VM_011,3,1500,2048,81920
291,VM_012,4,2000,3072,102400
291,VM_013,1,500,512,40960
291,VM_023,2,1000,1024,61440
291,VM_025,3,1500,2048,81920
292,VM_001,1,500,512,40960
292,VM_003,2,1000,1024,61440
292,VM_011,3,1500,2048,81920
292,VM_012,4,2000,3072,102400
292,VM_013,1,500,512,40960
292,VM_023,2,1000,1024,61440
292,VM_025,3,1500,2048,81920
293,VM_001,1,500,512,40960
293,VM_003,2,1000,1024,61440
293,VM_011,3,1500,2048,81920
293,VM_012,4,2000,3072,102400
293,VM_013,1,500,512,40960
293,VM_023,2,1000,1024,61440
293,VM_025,3,1500,2048,81920
294,VM_001,1,500,512,40960
294,VM_003,2,1000,1024,61440
294,VM_011,3,1500,2048,81920
294,VM_012,4,2000,3072,102400
294,VM_013,1,500,512,40960
294,VM_023,2,1000,1024,61440
294,VM_025,3,1500,2048,81920
295,VM_001,1,500,512,40960
295,VM_003,2,1000,1024,61440
295,VM_011,3,1500,2048,81920
295,VM_012,4,2000,3072,102400
295,VM_013,1,500,512,40960
295,VM_023,2,1000,1024,61440
295,VM_025,3,1500,2048,81920
296,VM_001,1,500,512,40960
296,VM_003,2,1000,1024,61440
296,VM_011,3,1500,2048,81920
296,VM_012,4,2000,3072,102400
296,VM_013,1,500,512,40960
296,VM_023,2,1000,1024,61440
296,VM_025,3,1500,2048,81920
297,VM_001,1,500,512,40960
297,VM_003,2,1000,1024,61440
297,VM_011,3,1500,2048,81920
297,VM_012,4,2000,3072,102400
297,VM_013,1,500,512,40960
297,VM_023,2,1000,1024,61440
297,VM_025,3,1500,2048,81920
298,VM_001,1,500,512,40960
298,VM_003,2,1000,1024,61440
298,VM_011,3,1500,2048,81920
298,VM_012,4,2000,3072,102400
298,VM_013,1,500,512,40960
298,VM_023,2,1000,1024,61440
298,VM_025,3,1500,2048,81920
299,VM_001,1,500,512,40960
299,VM_003,2,1000,1024,61440
299,VM_011,3,1500,2048,81920
299,VM_012,4,2000,3072,102400
299,VM_013,1,500,512,40960
299,VM_023,2,1000,1024,61440
299,VM_025,3,1500,2048,81920
300,VM_001,1,500,512,40960
300,VM_003,2,1000,1024,61440
300,VM_011,3,1500,2048,81920
300,VM_012,4,2000,3072,102400
300,VM_013,1,500,512,40960
300,VM_023,2,1000,1024,61440
300,VM_025,3,1500,2048,81920
301,VM_001,1,500,512,40960
301,VM_003,2,1000,1024,61440
301,VM_011,3,1500,2048,81920
301,VM_012,4,2000,3072,102400
301,VM_013,1,500,512,40960
301,VM_023,2,1000,1024,61440
301,VM_025,3,1500,2048,81920
302,VM_001,1,500,512,40960
302,VM_003,2,1000,1024,61440
302,VM_011,3,1500,2048,81920
302,VM_012,4,2000,3072,102400
302,VM_013,1,500,512,40960
302,VM_023,2,1000,1024,61440
302,VM_025,3,1500,2048,81920
303,VM_001,1,500,512,40960
303,VM_003,2,1000,1024,61440
303,VM_011,3,1500,2048,81920
303,VM_012,4,2000,3072,102400
303,VM_013,1,500,512,40960
303,VM_023,2,1000,1024,61440
303,VM_025,3,1500,2048,81920
304,VM_001,1,500,512,40960
304,VM_003,2,1000,1024,61440
304,VM_011,3,1500,2048,81920
304,VM_012,4,2000,3072,102400
304,VM_013,1,500,512,40960
304,VM_023,2,1000,1024,61440
304,VM_025,3,1500,2048,81920
305,VM_001,1,500,512,40960
305,VM_003,2,1000,1024,61440
305,VM_011,3,1500,2048,81920
305,VM_012,4,2000,3072,102400
305,VM_013,1,500,512,40960
305,VM_023,2,1000,1024,61440
305,VM_025,3,1500,2048,81920
306,VM_001,1,500,512,40960
306,VM_003,2,1000,1024,61440
306,VM_011,3,1500,2048,81920
306,VM_012,4,2000,3072,102400
306,VM_013,1,500,512,40960
306,VM_023,2,1000,1024,61440
306,VM_025,3,1500,2048,81920
307,VM_001,1,500,512,40960
307,VM_003,2,1000,1024,61440
307,VM_011,3,1500,2048,81920
307,VM_012,4,2000,3072,102400
307,VM_013,1,500,512,40960
307,VM_023,2,1000,1024,61440
307,VM_025,3,1500,2048,81920
308,VM_001,1,500,512,40960
308,VM_003,2,1000,1024,61440
308,VM_011,3,1500,2048,81920
308,VM_012,4,2000,3072,102400
308,VM_013,1,500,512,40960
308,VM_023,2,1000,1024,61440
308,VM_025,3,1500,2048,81920
309,VM_001,1,500,512,40960
309,VM_003,2,1000,1024,61440
309,VM_011,3,1500,2048,81920
309,VM_012,4,2000,3072,102400
309,VM_013,1,500,512,40960
309,VM_023,2,1000,1024,61440
309,VM_025,3,1500,2048,81920
310,VM_001,1,500,512,40960
310,VM_003,2,1000,1024,61440
310,VM_011,3,1500,2048,81920
310,VM_012,4,2000,3072,102400
310,VM_013,1,500,512,40960
310,VM_023,2,1000,1024,61440
310,VM_025,3,1500,2048,81920
311,VM_001,1,500,512,40960
311,VM_003,2,1000,1024,61440
311,VM_011,3,1500,2048,81920
311,VM_012,4,2000,3072,102400
311,VM_013,1,500,512,40960
311,VM_023,2,1000,1024,61440
311,VM_025,3,1500,2048,81920
312,VM_001,1,500,512,40960
312,VM_003,2,1000,1024,61440
312,VM_011,3,1500,2048,81920
312,VM_012,4,2000,3072,102400
312,VM_013,1,500,512,40960
312,VM_023,2,1000,1024,61440
312,VM_025,3,1500,2048,81920
313,VM_001,1,500,512,40960
313,VM_003,2,1000,1024,61440
313,VM_011,3,1500,2048,81920
313,VM_012,4,2000,3072,102400
313,VM_013,1,500,512,40960
313,VM_023,2,1000,1024,61440
313,VM_025,3,1500,2048,81920
314,VM_001,1,500,512,40960
314,VM_003,2,1000,1024,61440
314,VM_011,3,1500,2048,81920
314,VM_012,4,2000,3072,102400
314,VM_013,1,500,512,40960
314,VM_023,2,1000,1024,61440
314,VM_025,3,1500,2048,81920
315,VM_001,1,500,512,40960
315,VM_003,2,1000,1024,61440
315,VM_011,3,1500,2048,81920
315,VM_012,4,2000,3072,102400
315,VM_013,1,500,512,40960
315,VM_023,2,1000,1024,61440
315,VM_025,3,1500,2048,81920
316,VM_001,1,500,512,40960
316,VM_003,2,1000,1024,61440
316,VM_011,3,1500,2048,81920
316,VM_012,4,2000,3072,102400
316,VM_013,1,500,512,40960
316,VM_023,2,1000,1024,61440
316,VM_025,3,1500,2048,81920
317,VM_001,1,500,512,40960
317,VM_003,2,1000,1024,61440
317,VM_011,3,1500,2048,81920
317,VM_012,4,2000,3072,102400
317,VM_013,1,500,512,40960
317,VM_023,2,1000,1024,61440
317,VM_025,3,1500,2048,81920
318,VM_001,1,500,512,40960
318,VM_003,2,1000,1024,61440
318,VM_011,3,1500,2048,81920
318,VM_012,4,2000,3072,102400
318,VM_013,1,500,512,40960
318,VM_023,2,1000,1024,61440
318,VM_025,3,1500,2048,81920
319,VM_001,1,500,512,40960
319,VM_003,2,1000,1024,61440
319,VM_011,3,1500,2048,81920
319,VM_012,4,2000,3072,102400
319,VM_013,1,500,512,40960
319,VM_023,2,1000,1024,61440
319,VM_025,3,1500,2048,81920
320,VM_001,1,500,512,40960
320,VM_003,2,1000,1024,61440
320,VM_011,3,1500,2048,81920
320,VM_012,4,2000,3072,102400
320,VM_013,1,500,512,40960
320,VM_023,2,1000,1024,61440
320,VM_025,3,1500,2048,81920
321,VM_001,1,500,512,40960
321,VM_003,2,1000,1024,61440
321,VM_011,3,1500,2048,81920
321,VM_012,4,2000,3072,102400
321,VM_013,1,500,512,40960
321,VM_023,2,1000,1024,61440
321,VM_025,3,1500,2048,81920
322,VM_001,1,500,512,40960
322,VM_003,2,1000,1024,61440
322,VM_011,3,1500,2048,81920
322,VM_012,4,2000,3072,102400
322,VM_013,1,500,512,40960
322,VM_023,2,1000,1024,61440
322,VM_025,3,1500,2048,81920
323,VM_001,1,500,512,40960
323,VM_003,2,1000,1024,61440
323,VM_011,3,1500,2048,81920
323,VM_012,4,2000,3072,102400
323,VM_013,1,500,512,40960
323,VM_023,2,1000,1024,61440
323,VM_025,3,1500,2048,81920
324,VM_001,1,500,512,40960
324,VM_003,2,1000,1024,61440
324,VM_011,3,1500,2048,81920
324,VM_012,4,2000,3072,102400
324,VM_013,1,500,512,40960
324,VM_023,2,1000,1024,61440
324,VM_025,3,1500,2048,81920
325,VM_001,1,500,512,40960
325,VM_003,2,1000,1024,61440
325,VM_011,3,1500,2048,81920
325,VM_012,4,2000,3072,102400
325,VM_013,1,500,512,40960
325,VM_023,2,1000,1024,61440
325,VM_025,3,1500,2048,81920
326,VM_001,1,500,512,40960
326,VM_003,2,1000,1024,61440
326,VM_011,3,1500,2048,81920
326,VM_012,4,2000,3072,102400
326,VM_013,1,500,512,40960
326,VM_023,2,1000,1024,61440
326,VM_025,3,1500,2048,81920
327,VM_001,1,500,512,40960
327,VM_003,2,1000,1024,61440
327,VM_011,3,1500,2048,81920
327,VM_012,4,2000,3072,102400
327,VM_013,1,500,512,40960
327,VM_023,2,1000,1024,61440
327,VM_025,3,1500,2048,81920
328,VM_001,1,500,512,40960
328,VM_003,2,1000,1024,61440
328,VM_011,3,1500,2048,81920
328,VM_012,4,2000,3072,102400
328,VM_013,1,500,512,40960
328,VM_023,2,1000,1024,61440
328,VM_025,3,1500,2048,81920
329,VM_001,1,500,512,40960
329,VM_003,2,1000,1024,61440
329,VM_011,3,1500,2048,81920
329,VM_012,4,2000,3072,102400
329,VM_013,1,500,512,40960
329,VM_023,2,1000,1024,61440
329,VM_025,3,1500,2048,81920
330,VM_001,1,500,512,40960
330,VM_003,2,1000,1024,61440
330,VM_011,3,1500,2048,81920
330,VM_012,4,2000,3072,102400
330,VM_013,1,500,512,40960
330,VM_023,2,1000,1024,61440
330,VM_025,3,1500,2048,81920
331,VM_001,1,500,512,40960
331,VM_003,2,1000,1024,61440
331,VM_011,3,1500,2048,81920
331,VM_012,4,2000,3072,102400
331,VM_013,1,500,512,40960
331,VM_023,2,1000,1024,61440
331,VM_025,3,1500,2048,81920
332,VM_001,1,500,512,40960
332,VM_003,2,1000,1024,61440
332,VM_011,3,1500,2048,81920
332,VM_012,4,2000,3072,102400
332,VM_013,1,500,512,40960
332,VM_023,2,1000,1024,61440
332,VM_025,3,1500,2048,81920
333,VM_001,1,500,512,40960
333,VM_003,2,1000,1024,61440
333,VM_011,3,1500,2048,81920
333,VM_012,4,2000,3072,102400
333,VM_013,1,500,512,40960
333,VM_023,2,1000,1024,61440
333,VM_025,3,1500,2048,81920
334,VM_001,1,500,512,40960
334,VM_003,2,1000,1024,61440
334,VM_011,3,1500,2048,81920
334,VM_012,4,2000,3072,102400
334,VM_013,1,500,512,40960
334,VM_023,2,1000,1024,61440
334,VM_025,3,1500,2048,81920
335,VM_001,1,500,512,40960
335,VM_003,2,1000,1024,61440
335,VM_011,3,1500,2048,81920
335,VM_012,4,2000,3072,102400
335,VM_013,1,500,512,40960
335,VM_023,2,1000,1024,61440
335,VM_025,3,1500,2048,81920
336,VM_001,1,500,512,40960
336,VM_003,2,1000,1024,61440
336,VM_011,3,1500,2048,81920
336,VM_012,4,2000,3072,102400
336,VM_013,1,500,512,40960
336,VM_023,2,1000,1024,61440
336,VM_025,3,1500,2048,81920
337,VM_001,1,500,512,40960
337,VM_003,2,1000,1024,61440
337,VM_011,3,1500,2048,81920
337,VM_012,4,2000,3072,102400
337,VM_013,1,500,512,40960
337,VM_023,2,1000,1024,61440
337,VM_025,3,1500,2048,81920
338,VM_001,1,500,512,40960
338,VM_003,2,1000,1024,61440
338,VM_011,3,1500,2048,81920
338,VM_012,4,2000,3072,102400
338,VM_013,1,500,512,40960
338,VM_023,2,1000,1024,61440
338,VM_025,3,1500,2048,81920
339,VM_001,1,500,512,40960
339,VM_003,2,1000,1024,61440
339,VM_011,3,1500,2048,81920
339,VM_012,4,2000,3072,102400
339,VM_013,1,500,512,40960
339,VM_023,2,1000,1024,61440
339,VM_025,3,1500,2048,81920
340,VM_001,1,500,512,40960
340,VM_003,2,1000,1024,61440
340,VM_011,3,1500,2048,81920
340,VM_012,4,2000,3072,102400
340,VM_013,1,500,512,40960
340,VM_023,2,1000,1024,61440
340,VM_025,3,1500,2048,81920
341,VM_001,1,500,512,40960
341,VM_003,2,1000,1024,61440
341,VM_011,3,1500,2048,81920
341,VM_012,4,2000,3072,102400
341,VM_013,1,500,512,40960
341,VM_023,2,1000,1024,61440
341,VM_025,3,1500,2048,81920
342,VM_001,1,500,512,40960
342,VM_003,2,1000,1024,61440
342,VM_011,3,1500,2048,81920
342,VM_012,4,2000,3072,102400
342,VM_013,1,500,512,40960
342,VM_023,2,1000,1024,61440
342,VM_025,3,1500,2048,81920
343,VM_001,1,500,512,40960
343,VM_003,2,1000,1024,61440
343,VM_011,3,1500,2048,81920
343,VM_012,4,2000,3072,102400
343,VM_013,1,500,512,40960
343,VM_023,2,1000,1024,61440
343,VM_025,3,1500,2048,81920
344,VM_001,1,500,512,40960
344,VM_003,2,1000,1024,61440
344,VM_011,3,1500,2048,81920
344,VM_012,4,2000,3072,102400
344,VM_013,1,500,512,40960
344,VM_023,2,1000,1024,61440
344,VM_025,3,1500,2048,81920
345,VM_001,1,500,512,40960
345,VM_003,2,1000,1024,61440
345,VM_011,3,1500,2048,81920
345,VM_012,4,2000,3072,102400
345,VM_013,1,500,512,40960
345,VM_023,2,1000,1024,61440
345,VM_025,3,1500,2048,81920
346,VM_001,1,500,512,40960
346,VM_003,2,1000,1024,61440
346,VM_011,3,1500,2048,81920
346,VM_012,4,2000,3072,102400
346,VM_013,1,500,512,40960
346,VM_023,2,1000,1024,61440
346,VM_025,3,1500,2048,81920
347,VM_001,1,500,512,40960
347,VM_003,2,1000,1024,61440
347,VM_011,3,1500,2048,81920
347,VM_012,4,2000,3072,102400
347,VM_013,1,500,512,40960
347,VM_023,2,1000,1024,61440
347,VM_025,3,1500,2048,81920
348,VM_001,1,500,512,40960
348,VM_003,2,1000,1024,61440
348,VM_011,3,1500,2048,81920
348,VM_012,4,2000,3072,102400
348,VM_013,1,500,512,40960
348,VM_023,2,1000,1024,61440
348,VM_025,3,1500,2048,81920
349,VM_001,1,500,512,40960
349,VM_003,2,1000,1024,61440
349,VM_011,3,1500,2048,81920
349,VM_012,4,2000,3072,102400
349,VM_013,1,500,512,40960
349,VM_023,2,1000,1024,61440
349,VM_025,3,1500,2048,81920
350,VM_001,1,500,512,40960
350,VM_003,2,1000,1024,61440
350,VM_011,3,1500,2048,81920
350,VM_012,4,2000,3072,102400
350,VM_013,1,500,512,40960
350,VM_023,2,1000,1024,61440
350,VM_025,3,1500,2048,81920
351,VM_001,1,500,512,40960
351,VM_003,2,1000,1024,61440
351,VM_011,3,1500,2048,81920
351,VM_012,4,2000,3072,102400
351,VM_013,1,500,512,40960
351,VM_023,2,1000,1024,61440
351,VM_025,3,1500,2048,81920
352,VM_001,1,500,512,40960
352,VM_003,2,1000,1024,61440
352,VM_011,3,1500,2048,81920
352,VM_012,4,2000,3072,102400
352,VM_013,1,500,512,40960
352,VM_023,2,1000,1024,61440
352,VM_025,3,1500,2048,81920
353,VM_001,1,500,512,40960
353,VM_003,2,1000,1024,61440
353,VM_011,3,1500,2048,81920
353,VM_012,4,2000,3072,102400
353,VM_013,1,500,512,40960
353,VM_023,2,1000,1024,61440
353,VM_025,3,1500,2048,81920
354,VM_001,1,500,512,40960
354,VM_003,2,1000,1024,61440
354,VM_011,3,1500,2048,81920
354,VM_012,4,2000,3072,102400
354,VM_013,1,500,512,40960
354,VM_023,2,1000,1024,61440
354,VM_025,3,1500,2048,81920
355,VM_001,1,500,512,40960
355,VM_003,2,1000,1024,61440
355,VM_011,3,1500,2048,81920
355,VM_012,4,2000,3072,102400
355,VM_013,1,500,512,40960
355,VM_023,2,1000,1024,61440
355,VM_025,3,1500,2048,81920
356,VM_001,1,500,512,40960
356,VM_003,2,1000,1024,61440
356,VM_011,3,1500,2048,81920
356,VM_012,4,2000,3072,102400
356,VM_013,1,500,512,40960
356,VM_023,2,1000,1024,61440
356,VM_025,3,1500,2048,81920
357,VM_001,1,500,512,40960
357,VM_003,2,1000,1024,61440
357,VM_011,3,1500,2048,81920
357,VM_012,4,2000,3072,102400
357,VM_013,1,500,512,40960
357,VM_023,2,1000,1024,61440
357,VM_025,3,1500,2048,81920
358,VM_001,1,500,512,40960
358,VM_003,2,1000,1024,61440
358,VM_011,3,1500,2048,81920
358,VM_012,4,2000,3072,102400
358,VM_013,1,500,512,40960
358,VM_023,2,1000,1024,61440
358,VM_025,3,1500,2048,81920
359,VM_001,1,500,512,40960
359,VM_003,2,1000,1024,61440
359,VM_011,3,1500,2048,81920
359,VM_012,4,2000,3072,102400
359,VM_013,1,500,512,40960
359,VM_023,2,1000,1024,61440
359,VM_025,3,1500,2048,81920
360,VM_001,1,500,512,40960
360,VM_003,2,1000,1024,61440
360,VM_011,3,1500,2048,81920
360,VM_012,4,2000,3072,102400
360,VM_013,1,500,512,40960
360,VM_023,2,1000,1024,61440
360,VM_025,3,1500,2048,81920
361,VM_001,1,500,512,40960
361,VM_003,2,1000,1024,61440
361,VM_011,3,1500,2048,81920
361,VM_012,4,2000,3072,102400
361,VM_013,1,500,512,40960
361,VM_023,2,1000,1024,61440
361,VM_025,3,1500,2048,81920
362,VM_001,1,500,512,40960
362,VM_003,2,1000,1024,61440
362,VM_011,3,1500,2048,81920
362,VM_012,4,2000,3072,102400
362,VM_013,1,500,512,40960
362,VM_023,2,1000,1024,61440
362,VM_025,3,1500,2048,81920
363,VM_001,1,500,512,40960
363,VM_003,2,1000,1024,61440
363,VM_011,3,1500,2048,81920
363,VM_012,4,2000,3072,102400
363,VM_013,1,500,512,40960
363,VM_023,2,1000,1024,61440
363,VM_025,3,1500,2048,81920
364,VM_001,1,500,512,40960
364,VM_003,2,1000,1024,61440
364,VM_011,3,1500,2048,81920
364,VM_012,4,2000,3072,102400
364,VM_013,1,500,512,40960
364,VM_023,2,1000,1024,61440
364,VM_025,3,1500,2048,81920
365,VM_001,1,500,512,40960
365,VM_003,2,1000,1024,61440
365,VM_011,3,1500,2048,81920
365,VM_012,4,2000,3072,102400
365,VM_013,1,500,512,40960
365,VM_023,2,1000,1024,61440
365,VM_025,3,1500,2048,81920
366,VM_001,1,500,512,40960
366,VM_003,2,1000,1024,61440
366,VM_011,3,1500,2048,81920
366,VM_012,4,2000,3072,102400
366,VM_013,1,500,512,40960
366,VM_023,2,1000,1024,61440
366,VM_025,3,1500,2048,81920
367,VM_001,1,500,512,40960
367,VM_003,2,1000,1024,61440
367,VM_011,3,1500,2048,81920
367,VM_012,4,2000,3072,102400
367,VM_013,1,500,512,40960
367,VM_023,2,1000,1024,61440
367,VM_025,3,1500,2048,81920
368,VM_001,1,500,512,40960
368,VM_003,2,1000,1024,61440
368,VM_011,3,1500,2048,81920
368,VM_012,4,2000,3072,102400
368,VM_013,1,500,512,40960
368,VM_023,2,1000,1024,61440
368,VM_025,3,1500,2048,81920
369,VM_001,1,500,512,40960
369,VM_003,2,1000,1024,61440
369,VM_011,3,1500,2048,81920
369,VM_012,4,2000,3072,102400
369,VM_013,1,500,512,40960
369,VM_023,2,1000,1024,61440
369,VM_025,3,1500,2048,81920
370,VM_001,1,500,512,40960
370,VM_003,2,1000,1024,61440
370,VM_011,3,1500,2048,81920
370,VM_012,4,2000,3072,102400
370,VM_013,1,500,512,40960
370,VM_023,2,1000,1024,61440
370,VM_025,3,1500,2048,81920
371,VM_001,1,500,512,40960
371,VM_003,2,1000,1024,61440
371,VM_011,3,1500,2048,81920
371,VM_012,4,2000,3072,102400
371,VM_013,1,500,512,40960
371,VM_023,2,1000,1024,61440
371,VM_025,3,1500,2048,81920
372,VM_001,1,500,512,40960
372,VM_003,2,1000,1024,61440
372,VM_011,3,1500,2048,81920
372,VM_012,4,2000,3072,102400
372,VM_013,1,500,512,40960
372,VM_023,2,1000,1024,61440
372,VM_025,3,1500,2048,81920
373,VM_001,1,500,512,40960
373,VM_003,2,1000,1024,61440
373,VM_011,3,1500,2048,81920
373,VM_012,4,2000,3072,102400
373,VM_013,1,500,512,40960
373,VM_023,2,1000,1024,61440
373,VM_025,3,1500,2048,81920
374,VM_001,1,500,512,40960
374,VM_003,2,1000,1024,61440
374,VM_011,3,1500,2048,81920
374,VM_012,4,2000,3072,102400
374,VM_013,1,500,512,40960
374,VM_023,2,1000,1024,61440
374,VM_025,3,1500,2048,81920
375,VM_001,1,500,512,40960
375,VM_003,2,1000,1024,61440
375,VM_011,3,1500,2048,81920
375,VM_012,4,2000,3072,102400
375,VM_013,1,500,512,40960
375,VM_023,2,1000,1024,61440
375,VM_025,3,1500,2048,81920
376,VM_001,1,500,512,40960
376,VM_003,2,1000,1024,61440
376,VM_011,3,1500,2048,81920
376,VM_012,4,2000,3072,102400
376,VM_013,1,500,512,40960
376,VM_023,2,1000,1024,61440
376,VM_025,3,1500,2048,81920
377,VM_001,1,500,512,40960
377,VM_003,2,1000,1024,61440
377,VM_011,3,1500,2048,81920
377,VM_012,4,2000,3072,102400
377,VM_013,1,500,512,40960
377,VM_023,2,1000,1024,61440
377,VM_025,3,1500,2048,81920
378,VM_001,1,500,512,40960
378,VM_003,2,1000,1024,61440
378,VM_011,3,1500,2048,81920
378,VM_012,4,2000,3072,102400
378,VM_013,1,500,512,40960
378,VM_023,2,1000,1024,61440
378,VM_025,3,1500,2048,81920
379,VM_001,1,500,512,40960
379,VM_003,2,1000,1024,61440
379,VM_011,3,1500,2048,81920
379,VM_012,4,2000,3072,102400
379,VM_013,1,500,512,40960
379,VM_023,2,1000,1024,61440
379,VM_025,3,1500,2048,81920
380,VM_001,1,500,512,40960
380,VM_003,2,1000,1024,61440
380,VM_011,3,1500,2048,81920
380,VM_012,4,2000,3072,102400
380,VM_013,1,500,512,40960
380,VM_023,2,1000,1024,61440
380,VM_025,3,1500,2048,81920
381,VM_001,1,500,512,40960
381,VM_003,2,1000,1024,61440
381,VM_011,3,1500,2048,81920
381,VM_012,4,2000,3072,102400
381,VM_013,1,500,512,40960
381,VM_023,2,1000,1024,61440
381,VM_025,3,1500,2048,81920
382,VM_001,1,500,512,40960
382,VM_003,2,1000,1024,61440
382,VM_011,3,1500,2048,81920
382,VM_012,4,2000,3072,102400
382,VM_013,1,500,512,40960
382,VM_023,2,1000,1024,61440
382,VM_025,3,1500,2048,81920
383,VM_001,1,500,512,40960
383,VM_003,2,1000,1024,61440
383,VM_011,3,1500,2048,81920
383,VM_012,4,2000,3072,102400
383,VM_013,1,500,512,40960
383,VM_023,2,1000,1024,61440
383,VM_025,3,1500,2048,81920
384,VM_001,1,500,512,40960
384,VM_003,2,1000,1024,61440
384,VM_011,3,1500,2048,81920
384,VM_012,4,2000,3072,102400
384,VM_013,1,500,512,40960
384,VM_023,2,1000,1024,61440
384,VM_025,3,1500,2048,81920
385,VM_001,1,500,512,40960
385,VM_003,2,1000,1024,61440
385,VM_011,3,1500,2048,81920
385,VM_012,4,2000,3072,102400
385,VM_013,1,500,512,40960
385,VM_023,2,1000,1024,61440
385,VM_025,3,1500,2048,81920
386,VM_001,1,500,512,40960
386,VM_003,2,1000,1024,61440
386,VM_011,3,1500,2048,81920
386,VM_012,4,2000,3072,102400
386,VM_013,1,500,512,40960
386,VM_023,2,1000,1024,61440
386,VM_025,3,1500,2048,81920
387,VM_001,1,500,512,40960
387,VM_003,2,1000,1024,61440
387,VM_011,3,1500,2048,81920
387,VM_012,4,2000,3072,102400
387,VM_013,1,500,512,40960
387,VM_023,2,1000,1024,61440
387,VM_025,3,1500,2048,81920
388,VM_001,1,500,512,40960
388,VM_003,2,1000,1024,61440
388,VM_011,3,1500,2048,81920
388,VM_012,4,2000,3072,102400
388,VM_013,1,500,512,40960
388,VM_023,2,1000,1024,61440
388,VM_025,3,1500,2048,81920
389,VM_001,1,500,512,40960
389,VM_003,2,1000,1024,61440
389,VM_011,3,1500,2048,81920
389,VM_012,4,2000,3072,102400
389,VM_013,1,500,512,40960
389,VM_023,2,1000,1024,61440
389,VM_025,3,1500,2048,81920
390,VM_001,1,500,512,40960
390,VM_003,2,1000,1024,61440
390,VM_011,3,1500,2048,81920
390,VM_012,4,2000,3072,102400
390,VM_013,1,500,512,40960
390,VM_023,2,1000,1024,61440
390,VM_025,3,1500,2048,81920
391,VM_001,1,500,512,40960
391,VM_003,2,1000,1024,61440
391,VM_011,3,1500,2048,81920
391,VM_012,4,2000,3072,102400
391,VM_013,1,500,512,40960
391,VM_023,2,1000,1024,61440
391,VM_025,3,1500,2048,81920
392,VM_001,1,500,512,40960
392,VM_003,2,1000,1024,61440
392,VM_011,3,1500,2048,81920
392,VM_012,4,2000,3072,102400
392,VM_013,1,500,512,40960
392,VM_023,2,1000,1024,61440
392,VM_025,3,1500,2048,81920
393,VM_001,1,500,512,40960
393,VM_003,2,1000,1024,61440
393,VM_011,3,1500,2048,81920
393,VM_012,4,2000,3072,102400
393,VM_013,1,500,512,40960
393,VM_023,2,1000,1024,61440
393,VM_025,3,1500,2048,81920
394,VM_001,1,500,512,40960
394,VM_003,2,1000,1024,61440
394,VM_011,3,1500,2048,81920
394,VM_012,4,2000,3072,102400
394,VM_013,1,500,512,40960
394,VM_023,2,1000,1024,61440
394,VM_025,3,1500,2048,81920
395,VM_001,1,500,512,40960
395,VM_003,2,1000,1024,61440
395,VM_011,3,1500,2048,81920
395,VM_012,4,2000,3072,102400
395,VM_013,1,500,512,40960
395,VM_023,2,1000,1024,61440
395,VM_025,3,1500,2048,81920
396,VM_001,1,500,512,40960
396,VM_003,2,1000,1024,61440
396,VM_011,3,1500,2048,81920
396,VM_012,4,2000,3072,102400
396,VM_013,1,500,512,40960
396,VM_023,2,1000,1024,61440
396,VM_025,3,1500,2048,81920
397,VM_001,1,500,512,40960
397,VM_003,2,1000,1024,61440
397,VM_011,3,1500,2048,81920
397,VM_012,4,2000,3072,102400
397,VM_013,1,500,512,40960
397,VM_023,2,1000,1024,61440
397,VM_025,3,1500,2048,81920
398,VM_001,1,500,512,40960
398,VM_003,2,1000,1024,61440
398,VM_011,3,1500,2048,81920
398,VM_012,4,2000,3072,102400
398,VM_013,1,500,512,40960
398,VM_023,2,1000,1024,61440
398,VM_025,3,1500,2048,81920
399,VM_001,1,500,512,40960
399,VM_003,2,1000,1024,61440
399,VM_011,3,1500,2048,81920
399,VM_012,4,2000,3072,102400
399,VM_013,1,500,512,40960
399,VM_023,2,1000,1024,61440
399,VM_025,3,1500,2048,81920
400,VM_001,1,500,512,40960
400,VM_003,2,1000,1024,61440
400,VM_011,3,1500,2048,81920
400,VM_012,4,2000,3072,102400
400,VM_013,1,500,512,40960
400,VM_023,2,1000,1024,61440
400,VM_025,3,1500,2048,81920
401,VM_001,1,500,512,40960
401,VM_003,2,1000,1024,61440
401,VM_011,3,1500,2048,81920
401,VM_012,4,2000,3072,102400
401,VM_013,1,500,512,40960
401,VM_023,2,1000,1024,61440
401,VM_025,3,1500,2048,81920
402,VM_001,1,500,512,40960
402,VM_003,2,1000,1024,61440
402,VM_011,3,1500,2048,81920
402,VM_012,4,2000,3072,102400
402,VM_013,1,500,512,40960
402,VM_023,2,1000,1024,61440
402,VM_025,3,1500,2048,81920
403,VM_001,1,500,512,40960
403,VM_003,2,1000,1024,61440
403,VM_011,3,1500,2048,81920
403,VM_012,4,2000,3072,102400
403,VM_013,1,500,512,40960
403,VM_023,2,1000,1024,61440
403,VM_025,3,1500,2048,81920
404,VM_001,1,500,512,40960
404,VM_003,2,1000,1024,61440
404,VM_011,3,1500,2048,81920
404,VM_012,4,2000,3072,102400
404,VM_013,1,500,512,40960
404,VM_023,2,1000,1024,61440
404,VM_025,3,1500,2048,81920
405,VM_001,1,500,512,40960
405,VM_003,2,1000,1024,61440
405,VM_011,3,1500,2048,81920
405,VM_012,4,2000,3072,102400
405,VM_013,1,500,512,40960
405,VM_023,2,1000,1024,61440
405,VM_025,3,1500,2048,81920
406,VM_001,1,500,512,40960
406,VM_003,2,1000,1024,61440
406,VM_011,3,1500,2048,81920
406,VM_012,4,2000,3072,102400
406,VM_013,1,500,512,40960
406,VM_023,2,1000,1024,61440
406,VM_025,3,1500,2048,81920
407,VM_001,1,500,512,40960
407,VM_003,2,1000,1024,61440
407,VM_011,3,1500,2048,81920
407,VM_012,4,2000,3072,102400
407,VM_013,1,500,512,40960
407,VM_023,2,1000,1024,61440
407,VM_025,3,1500,2048,81920
408,VM_001,1,500,512,40960
408,VM_003,2,1000,1024,61440
408,VM_011,3,1500,2048,81920
408,VM_012,4,2000,3072,102400
408,VM_013,1,500,512,40960
408,VM_023,2,1000,1024,61440
408,VM_025,3,1500,2048,81920
409,VM_001,1,500,512,40960
409,VM_003,2,1000,1024,61440
409,VM_011,3,1500,2048,81920
409,VM_012,4,2000,3072,102400
409,VM_013,1,500,512,40960
409,VM_023,2,1000,1024,61440
409,VM_025,3,1500,2048,81920
410,VM_001,1,500,512,40960
410,VM_003,2,1000,1024,61440
410,VM_011,3,1500,2048,81920
410,VM_012,4,2000,3072,102400
410,VM_013,1,500,512,40960
410,VM_023,2,1000,1024,61440
410,VM_025,3,1500,2048,81920
411,VM_001,1,500,512,40960
411,VM_003,2,1000,1024,61440
411,VM_011,3,1500,2048,81920
411,VM_012,4,2000,3072,102400
411,VM_013,1,500,512,40960
411,VM_023,2,1000,1024,61440
411,VM_025,3,1500,2048,81920
412,VM_001,1,500,512,40960
412,VM_003,2,1000,1024,61440
412,VM_011,3,1500,2048,81920
412,VM_012,4,2000,3072,102400
412,VM_013,1,500,512,40960
412,VM_023,2,1000,1024,61440
412,VM_025,3,1500,2048,81920
413,VM_001,1,500,512,40960
413,VM_003,2,1000,1024,61440
413,VM_011,3,1500,2048,81920
413,VM_012,4,2000,3072,102400
413,VM_013,1,500,512,40960
413,VM_023,2,1000,1024,61440
413,VM_025,3,1500,2048,81920
414,VM_001,1,500,512,40960
414,VM_003,2,1000,1024,61440
414,VM_011,3,1500,2048,81920
414,VM_012,4,2000,3072,102400
414,VM_013,1,500,512,40960
414,VM_023,2,1000,1024,61440
414,VM_025,3,1500,2048,81920
415,VM_001,1,500,512,40960
415,VM_003,2,1000,1024,61440
415,VM_011,3,1500,2048,81920
415,VM_012,4,2000,3072,102400
415,VM_013,1,500,512,40960
415,VM_023,2,1000,1024,61440
415,VM_025,3,1500,2048,81920
416,VM_001,1,500,512,40960
416,VM_003,2,1000,1024,61440
416,VM_011,3,1500,2048,81920
416,VM_012,4,2000,3072,102400
416,VM_013,1,500,512,40960
416,VM_023,2,1000,1024,61440
416,VM_025,3,1500,2048,81920
417,VM_001,1,500,512,40960
417,VM_003,2,1000,1024,61440
417,VM_011,3,1500,2048,81920
417,VM_012,4,2000,3072,102400
417,VM_013,1,500,512,40960
417,VM_023,2,1000,1024,61440
417,VM_025,3,1500,2048,81920
418,VM_001,1,500,512,40960
418,VM_003,2,1000,1024,61440
418,VM_011,3,1500,2048,81920
418,VM_012,4,2000,3072,102400
418,VM_013,1,500,512,40960
418,VM_023,2,1000,1024,61440
418,VM_025,3,1500,2048,81920
419,VM_001,1,500,512,40960
419,VM_003,2,1000,1024,61440
419,VM_011,3,1500,2048,81920
419,VM_012,4,2000,3072,102400
419,VM_013,1,500,512,40960
419,VM_023,2,1000,1024,61440
419,VM_025,3,1500,2048,81920
420,VM_001,1,500,512,40960
420,VM_003,2,1000,1024,61440
420,VM_011,3,1500,2048,81920
420,VM_012,4,2000,3072,102400
420,VM_013,1,500,512,40960
420,VM_023,2,1000,1024,61440
420,VM_025,3,1500,2048,81920
421,VM_001,1,500,512,40960
421,VM_003,2,1000,1024,61440
421,VM_011,3,1500,2048,81920
421,VM_012,4,2000,3072,102400
421,VM_013,1,500,512,40960
421,VM_023,2,1000,1024,61440
421,VM_025,3,1500,2048,81920
422,VM_001,1,500,512,40960
422,VM_003,2,1000,1024,61440
422,VM_011,3,1500,2048,81920
422,VM_012,4,2000,3072,102400
422,VM_013,1,500,512,40960
422,VM_023,2,1000,1024,61440
422,VM_025,3,1500,2048,81920
423,VM_001,1,500,512,40960
423,VM_003,2,1000,1024,61440
423,VM_011,3,1500,2048,81920
423,VM_012,4,2000,3072,102400
423,VM_013,1,500,512,40960
423,VM_023,2,1000,1024,61440
423,VM_025,3,1500,2048,81920
424,VM_001,1,500,512,40960
424,VM_003,2,1000,1024,61440
424,VM_011,3,1500,2048,81920
424,VM_012,4,2000,3072,102400
424,VM_013,1,500,512,40960
424,VM_023,2,1000,1024,61440
424,VM_025,3,1500,2048,81920
425,VM_001,1,500,512,40960
425,VM_003,2,1000,1024,61440
425,VM_011,3,1500,2048,81920
425,VM_012,4,2000,3072,102400
425,VM_013,1,500,512,40960
425,VM_023,2,1000,1024,61440
425,VM_025,3,1500,2048,81920
426,VM_001,1,500,512,40960
426,VM_003,2,1000,1024,61440
426,VM_011,3,1500,2048,81920
426,VM_012,4,2000,3072,102400
426,VM_013,1,500,512,40960
426,VM_023,2,1000,1024,61440
426,VM_025,3,1500,2048,81920
427,VM_001,1,500,512,40960
427,VM_003,2,1000,1024,61440
427,VM_011,3,1500,2048,81920
427,VM_012,4,2000,3072,102400
427,VM_013,1,500,512,40960
427,VM_023,2,1000,1024,61440
427,VM_025,3,1500,2048,81920
428,VM_001,1,500,512,40960
428,VM_003,2,1000,1024,61440
428,VM_011,3,1500,2048,81920
428,VM_012,4,2000,3072,102400
428,VM_013,1,500,512,40960
428,VM_023,2,1000,1024,61440
428,VM_025,3,1500,2048,81920
429,VM_001,1,500,512,40960
429,VM_003,2,1000,1024,61440
429,VM_011,3,1500,2048,81920
429,VM_012,4,2000,3072,102400
429,VM_013,1,500,512,40960
429,VM_023,2,1000,1024,61440
429,VM_025,3,1500,2048,81920
430,VM_001,1,500,512,40960
430,VM_003,2,1000,1024,61440
430,VM_011,3,1500,2048,81920
430,VM_012,4,2000,3072,102400
430,VM_013,1,500,512,40960
430,VM_023,2,1000,1024,61440
430,VM_025,3,1500,2048,81920
431,VM_001,1,500,512,40960
431,VM_003,2,1000,1024,61440
431,VM_011,3,1500,2048,81920
431,VM_012,4,2000,3072,102400
431,VM_013,1,500,512,40960
431,VM_023,2,1000,1024,61440
431,VM_025,3,1500,2048,81920
432,VM_001,1,500,512,40960
432,VM_003,2,1000,1024,61440
432,VM_011,3,1500,2048,81920
432,VM_012,4,2000,3072,102400
432,VM_013,1,500,512,40960
432,VM_023,2,1000,1024,61440
432,VM_025,3,1500,2048,81920
433,VM_001,1,500,512,40960
433,VM_003,2,1000,1024,61440
433,VM_011,3,1500,2048,81920
433,VM_012,4,2000,3072,102400
433,VM_013,1,500,512,40960
433,VM_023,2,1000,1024,61440
433,VM_025,3,1500,2048,81920
434,VM_001,1,500,512,40960
434,VM_003,2,1000,1024,61440
434,VM_011,3,1500,2048,81920
434,VM_012,4,2000,3072,102400
434,VM_013,1,500,512,40960
434,VM_023,2,1000,1024,61440
434,VM_025,3,1500,2048,81920
435,VM_001,1,500,512,40960
435,VM_003,2,1000,1024,61440
435,VM_011,3,1500,2048,81920
435,VM_012,4,2000,3072,102400
435,VM_013,1,500,512,40960
435,VM_023,2,1000,1024,61440
435,VM_025,3,1500,2048,81920
436,VM_001,1,500,512,40960
436,VM_003,2,1000,1024,61440
436,VM_011,3,1500,2048,81920
436,VM_012,4,2000,3072,102400
436,VM_013,1,500,512,40960
436,VM_023,2,1000,1024,61440
436,VM_025,3,1500,2048,81920
437,VM_001,1,500,512,40960
437,VM_003,2,1000,1024,61440
437,VM_011,3,1500,2048,81920
437,VM_012,4,2000,3072,102400
437,VM_013,1,500,512,40960
437,VM_023,2,1000,1024,61440
437,VM_025,3,1500,2048,81920
438,VM_001,1,500,512,40960
438,VM_003,2,1000,1024,61440
438,VM_011,3,1500,2048,81920
438,VM_012,4,2000,3072,102400
438,VM_013,1,500,512,40960
438,VM_023,2,1000,1024,61440
438,VM_025,3,1500,2048,81920
439,VM_001,1,500,512,40960
439,VM_003,2,1000,1024,61440
439,VM_011,3,1500,2048,81920
439,VM_012,4,2000,3072,102400
439,VM_013,1,500,512,40960
439,VM_023,2,1000,1024,61440
439,VM_025,3,1500,2048,81920
440,VM_001,1,500,512,40960
440,VM_003,2,1000,1024,61440
440,VM_011,3,1500,2048,81920
440,VM_012,4,2000,3072,102400
440,VM_013,1,500,512,40960
440,VM_023,2,1000,1024,61440
440,VM_025,3,1500,2048,81920
441,VM_001,1,500,512,40960
441,VM_003,2,1000,1024,61440
441,VM_011,3,1500,2048,81920
441,VM_012,4,2000,3072,102400
441,VM_013,1,500,512,40960
441,VM_023,2,1000,1024,61440
441,VM_025,3,1500,2048,81920
442,VM_001,1,500,512,40960
442,VM_003,2,1000,1024,61440
442,VM_011,3,1500,2048,81920
442,VM_012,4,2000,3072,102400
442,VM_013,1,500,512,40960
442,VM_023,2,1000,1024,61440
442,VM_025,3,1500,2048,81920
443,VM_001,1,500,512,40960
443,VM_003,2,1000,1024,61440
443,VM_011,3,1500,2048,81920
443,VM_012,4,2000,3072,102400
443,VM_013,1,500,512,40960
443,VM_023,2,1000,1024,61440
443,VM_025,3,1500,2048,81920
444,VM_001,1,500,512,40960
444,VM_003,2,1000,1024,61440
444,VM_011,3,1500,2048,81920
444,VM_012,4,2000,3072,102400
444,VM_013,1,500,512,40960
444,VM_023,2,1000,1024,61440
444,VM_025,3,1500,2048,81920
445,VM_001,1,500,512,40960
445,VM_003,2,1000,1024,61440
445,VM_011,3,1500,2048,81920
445,VM_012,4,2000,3072,102400
445,VM_013,1,500,512,40960
445,VM_023,2,1000,1024,61440
445,VM_025,3,1500,2048,81920
446,VM_001,1,500,512,40960
446,VM_003,2,1000,1024,61440
446,VM_011,3,1500,2048,81920
446,VM_012,4,2000,3072,102400
446,VM_013,1,500,512,40960
446,VM_023,2,1000,1024,61440
446,VM_025,3,1500,2048,81920
447,VM_001,1,500,512,40960
447,VM_003,2,1000,1024,61440
447,VM_011,3,1500,2048,81920
447,VM_012,4,2000,3072,102400
447,VM_013,1,500,512,40960
447,VM_023,2,1000,1024,61440
447,VM_025,3,1500,2048,81920
448,VM_001,1,500,512,40960
448,VM_003,2,1000,1024,61440
448,VM_011,3,1500,2048,81920
448,VM_012,4,2000,3072,102400
448,VM_013,1,500,512,40960
448,VM_023,2,1000,1024,61440
448,VM_025,3,1500,2048,81920
449,VM_001,1,500,512,40960
449,VM_003,2,1000,1024,61440
449,VM_011,3,1500,2048,81920
449,VM_012,4,2000,3072,102400
449,VM_013,1,500,512,40960
449,VM_023,2,1000,1024,61440
449,VM_025,3,1500,2048,81920
450,VM_001,1,500,512,40960
450,VM_003,2,1000,1024,61440
450,VM_011,3,1500,2048,81920
450,VM_012,4,2000,3072,102400
450,VM_013,1,500,512,40960
450,VM_023,2,1000,1024,61440
450,VM_025,3,1500,2048,81920
451,VM_001,1,500,512,40960
451,VM_003,2,1000,1024,61440
451,VM_011,3,1500,2048,81920
451,VM_012,4,2000,3072,102400
451,VM_013,1,500,512,40960
451,VM_023,2,1000,1024,61440
451,VM_025,3,1500,2048,81920
452,VM_001,1,500,512,40960
452,VM_003,2,1000,1024,61440
452,VM_011,3,1500,2048,81920
452,VM_012,4,2000,3072,102400
452,VM_013,1,500,512,40960
452,VM_023,2,1000,1024,61440
452,VM_025,3,1500,2048,81920
453,VM_001,1,500,512,40960
453,VM_003,2,1000,1024,61440
453,VM_011,3,1500,2048,81920
453,VM_012,4,2000,3072,102400
453,VM_013,1,500,512,40960
453,VM_023,2,1000,1024,61440
453,VM_025,3,1500,2048,81920
454,VM_001,1,500,512,40960
454,VM_003,2,1000,1024,61440
454,VM_011,3,1500,2048,81920
454,VM_012,4,2000,3072,102400
454,VM_013,1,500,512,40960
454,VM_023,2,1000,1024,61440
454,VM_025,3,1500,2048,81920
455,VM_001,1,500,512,40960
455,VM_003,2,1000,1024,61440
455,VM_011,3,1500,2048,81920
455,VM_012,4,2000,3072,102400
455,VM_013,1,500,512,40960
455,VM_023,2,1000,1024,61440
455,VM_025,3,1500,2048,81920
456,VM_001,1,500,512,40960
456,VM_003,2,1000,1024,61440
456,VM_011,3,1500,2048,81920
456,VM_012,4,2000,3072,102400
456,VM_013,1,500,512,40960
456,VM_023,2,1000,1024,61440
456,VM_025,3,1500,2048,81920
457,VM_001,1,500,512,40960
457,VM_003,2,1000,1024,61440
457,VM_011,3,1500,2048,81920
457,VM_012,4,2000,3072,102400
457,VM_013,1,500,512,40960
457,VM_023,2,1000,1024,61440
457,VM_025,3,1500,2048,81920
458,VM_001,1,500,512,40960
458,VM_003,2,1000,1024,61440
458,VM_011,3,1500,2048,81920
458,VM_012,4,2000,3072,102400
458,VM_013,1,500,512,40960
458,VM_023,2,1000,1024,61440
458,VM_025,3,1500,2048,81920
459,VM_001,1,500,512,40960
459,VM_003,2,1000,1024,61440
459,VM_011,3,1500,2048,81920
459,VM_012,4,2000,3072,102400
459,VM_013,1,500,512,40960
459,VM_023,2,1000,1024,61440
459,VM_025,3,1500,2048,81920
460,VM_001,1,500,512,40960
460,VM_003,2,1000,1024,61440
460,VM_011,3,1500,2048,81920
460,VM_012,4,2000,3072,102400
460,VM_013,1,500,512,40960
460,VM_023,2,1000,1024,61440
460,VM_025,3,1500,2048,81920
461,VM_001,1,500,512,40960
461,VM_003,2,1000,1024,61440
461,VM_011,3,1500,2048,81920
461,VM_012,4,2000,3072,102400
461,VM_013,1,500,512,40960
461,VM_023,2,1000,1024,61440
461,VM_025,3,1500,2048,81920
462,VM_001,1,500,512,40960
462,VM_003,2,1000,1024,61440
462,VM_011,3,1500,2048,81920
462,VM_012,4,2000,3072,102400
462,VM_013,1,500,512,40960
462,VM_023,2,1000,1024,61440
462,VM_025,3,1500,2048,81920
463,VM_001,1,500,512,40960
463,VM_003,2,1000,1024,61440
463,VM_011,3,1500,2048,81920
463,VM_012,4,2000,3072,102400
463,VM_013,1,500,512,40960
463,VM_023,2,1000,1024,61440
463,VM_025,3,1500,2048,81920
464,VM_001,1,500,512,40960
464,VM_003,2,1000,1024,61440
464,VM_011,3,1500,2048,81920
464,VM_012,4,2000,3072,102400
464,VM_013,1,500,512,40960
464,VM_023,2,1000,1024,61440
464,VM_025,3,1500,2048,81920
465,VM_001,1,500,512,40960
465,VM_003,2,1000,1024,61440
465,VM_011,3,1500,2048,81920
465,VM_012,4,2000,3072,102400
465,VM_013,1,500,512,40960
465,VM_023,2,1000,1024,61440
465,VM_025,3,1500,2048,81920
466,VM_001,1,500,512,40960
466,VM_003,2,1000,1024,61440
466,VM_011,3,1500,2048,81920
466,VM_012,4,2000,3072,102400
466,VM_013,1,500,512,40960
466,VM_023,2,1000,1024,61440
466,VM_025,3,1500,2048,81920
467,VM_001,1,500,512,40960
467,VM_003,2,1000,1024,61440
467,VM_011,3,1500,2048,81920
467,VM_012,4,2000,3072,102400
467,VM_013,1,500,512,40960
467,VM_023,2,1000,1024,61440
467,VM_025,3,1500,2048,81920
468,VM_001,1,500,512,40960
468,VM_003,2,1000,1024,61440
468,VM_011,3,1500,2048,81920
468,VM_012,4,2000,3072,102400
468,VM_013,1,500,512,40960
468,VM_023,2,1000,1024,61440
468,VM_025,3,1500,2048,81920
469,VM_001,1,500,512,40960
469,VM_003,2,1000,1024,61440
469,VM_011,3,1500,2048,81920
469,VM_012,4,2000,3072,102400
469,VM_013,1,500,512,40960
469,VM_023,2,1000,1024,61440
469,VM_025,3,1500,2048,81920
470,VM_001,1,500,512,40960
470,VM_003,2,1000,1024,61440
470,VM_011,3,1500,2048,81920
470,VM_012,4,2000,3072,102400
470,VM_013,1,500,512,40960
470,VM_023,2,1000,1024,61440
470,VM_025,3,1500,2048,81920
471,VM_001,1,500,512,40960
471,VM_003,2,1000,1024,61440
471,VM_011,3,1500,2048,81920
471,VM_012,4,2000,3072,102400
471,VM_013,1,500,512,40960
471,VM_023,2,1000,1024,61440
471,VM_025,3,1500,2048,81920
472,VM_001,1,500,512,40960
472,VM_003,2,1000,1024,61440
472,VM_011,3,1500,2048,81920
472,VM_012,4,2000,3072,102400
472,VM_013,1,500,512,40960
472,VM_023,2,1000,1024,61440
472,VM_025,3,1500,2048,81920
473,VM_001,1,500,512,40960
473,VM_003,2,1000,1024,61440
473,VM_011,3,1500,2048,81920
473,VM_012,4,2000,3072,102400
473,VM_013,1,500,512,40960
473,VM_023,2,1000,1024,61440
473,VM_025,3,1500,2048,81920
474,VM_001,1,500,512,40960
474,VM_003,2,1000,1024,61440
474,VM_011,3,1500,2048,81920
474,VM_012,4,2000,3072,102400
474,VM_013,1,500,512,40960
474,VM_023,2,1000,1024,61440
474,VM_025,3,1500,2048,81920
475,VM_001,1,500,512,40960
475,VM_003,2,1000,1024,61440
475,VM_011,3,1500,2048,81920
475,VM_012,4,2000,3072,102400
475,VM_013,1,500,512,40960
475,VM_023,2,1000,1024,61440
475,VM_025,3,1500,2048,81920
476,VM_001,1,500,512,40960
476,VM_003,2,1000,1024,61440
476,VM_011,3,1500,2048,81920
476,VM_012,4,2000,3072,102400
476,VM_013,1,500,512,40960
476,VM_023,2,1000,1024,61440
476,VM_025,3,1500,2048,81920
477,VM_001,1,500,512,40960
477,VM_003,2,1000,1024,61440
477,VM_011,3,1500,2048,81920
477,VM_012,4,2000,3072,102400
477,VM_013,1,500,512,40960
477,VM_023,2,1000,1024,61440
477,VM_025,3,1500,2048,81920
478,VM_001,1,500,512,40960
478,VM_003,2,1000,1024,61440
478,VM_011,3,1500,2048,81920
478,VM_012,4,2000,3072,102400
478,VM_013,1,500,512,40960
478,VM_023,2,1000,1024,61440
478,VM_025,3,1500,2048,81920
479,VM_001,1,500,512,40960
479,VM_003,2,1000,1024,61440
479,VM_011,3,1500,2048,81920
479,VM_012,4,2000,3072,102400
479,VM_013,1,500,512,40960
479,VM_023,2,1000,1024,61440
479,VM_025,3,1500,2048,81920
480,VM_001,1,500,512,40960
480,VM_003,2,1000,1024,61440
480,VM_011,3,1500,2048,81920
480,VM_012,4,2000,3072,102400
480,VM_013,1,500,512,40960
480,VM_023,2,1000,1024,61440
480,VM_025,3,1500,2048,81920
481,VM_001,1,500,512,40960
481,VM_003,2,1000,1024,61440
481,VM_011,3,1500,2048,81920
481,VM_012,4,2000,3072,102400
481,VM_013,1,500,512,40960
481,VM_023,2,1000,1024,61440
481,VM_025,3,1500,2048,81920
482,VM_001,1,500,512,40960
482,VM_003,2,1000,1024,61440
482,VM_011,3,1500,2048,81920
482,VM_012,4,2000,3072,102400
482,VM_013,1,500,512,40960
482,VM_023,2,1000,1024,61440
482,VM_025,3,1500,2048,81920
483,VM_001,1,500,512,40960
483,VM_003,2,1000,1024,61440
483,VM_011,3,1500,2048,81920
483,VM_012,4,2000,3072,102400
483,VM_013,1,500,512,40960
483,VM_023,2,1000,1024,61440
483,VM_025,3,1500,2048,81920
484,VM_001,1,500,512,40960
484,VM_003,2,1000,1024,61440
484,VM_011,3,1500,2048,81920
484,VM_012,4,2000,3072,102400
484,VM_013,1,500,512,40960
484,VM_023,2,1000,1024,61440
484,VM_025,3,1500,2048,81920
485,VM_001,1,500,512,40960
485,VM_003,2,1000,1024,61440
485,VM_011,3,1500,2048,81920
485,VM_012,4,2000,3072,102400
485,VM_013,1,500,512,40960
485,VM_023,2,1000,1024,61440
485,VM_025,3,1500,2048,81920
486,VM_001,1,500,512,40960
486,VM_003,2,1000,1024,61440
486,VM_011,3,1500,2048,81920
486,VM_012,4,2000,3072,102400
486,VM_013,1,500,512,40960
486,VM_023,2,1000,1024,61440
486,VM_025,3,1500,2048,81920
487,VM_001,1,500,512,40960
487,VM_003,2,1000,1024,61440
487,VM_011,3,1500,2048,81920
487,VM_012,4,2000,3072,102400
487,VM_013,1,500,512,40960
487,VM_023,2,1000,1024,61440
487,VM_025,3,1500,2048,81920
488,VM_001,1,500,512,40960
488,VM_003,2,1000,1024,61440
488,VM_011,3,1500,2048,81920
488,VM_012,4,2000,3072,102400
488,VM_013,1,500,512,40960
488,VM_023,2,1000,1024,61440
488,VM_025,3,1500,2048,81920
489,VM_001,1,500,512,40960
489,VM_003,2,1000,1024,61440
489,VM_011,3,1500,2048,81920
489,VM_012,4,2000,3072,102400
489,VM_013,1,500,512,40960
489,VM_023,2,1000,1024,61440
489,VM_025,3,1500,2048,81920
490,VM_001,1,500,512,40960
490,VM_003,2,1000,1024,61440
490,VM_011,3,1500,2048,81920
490,VM_012,4,2000,3072,102400
490,VM_013,1,500,512,40960
490,VM_023,2,1000,1024,61440
490,VM_025,3,1500,2048,81920
491,VM_001,1,500,512,40960
491,VM_003,2,1000,1024,61440
491,VM_011,3,1500,2048,81920
491,VM_012,4,2000,3072,102400
491,VM_013,1,500,512,40960
491,VM_023,2,1000,1024,61440
491,VM_025,3,1500,2048,81920
492,VM_001,1,500,512,40960
492,VM_003,2,1000,1024,61440
492,VM_011,3,1500,2048,81920
492,VM_012,4,2000,3072,102400
492,VM_013,1,500,512,40960
492,VM_023,2,1000,1024,61440
492,VM_025,3,1500,2048,81920
493,VM_001,1,500,512,40960
493,VM_003,2,1000,1024,61440
493,VM_011,3,1500,2048,81920
493,VM_012,4,2000,3072,102400
493,VM_013,1,500,512,40960
493,VM_023,2,1000,1024,61440
493,VM_025,3,1500,2048,81920
494,VM_001,1,500,512,40960
494,VM_003,2,1000,1024,61440
494,VM_011,3,1500,2048,81920
494,VM_012,4,2000,3072,102400
494,VM_013,1,500,512,40960
494,VM_023,2,1000,1024,61440
494,VM_025,3,1500,2048,81920
495,VM_001,1,500,512,40960
495,VM_003,2,1000,1024,61440
495,VM_011,3,1500,2048,81920
495,VM_012,4,2000,3072,102400
495,VM_013,1,500,512,40960
495,VM_023,2,1000,1024,61440
495,VM_025,3,1500,2048,81920
496,VM_001,1,500,512,40960
496,VM_003,2,1000,1024,61440
496,VM_011,3,1500,2048,81920
496,VM_012,4,2000,3072,102400
496,VM_013,1,500,512,40960
496,VM_023,2,1000,1024,61440
496,VM_025,3,1500,2048,81920
497,VM_001,1,500,512,40960
497,VM_003,2,1000,1024,61440
497,VM_011,3,1500,2048,81920
497,VM_012,4,2000,3072,102400
497,VM_013,1,500,512,40960
497,VM_023,2,1000,1024,61440
497,VM_025,3,1500,2048,81920
498,VM_001,1,500,512,40960
498,VM_003,2,1000,1024,61440
498,VM_011,3,1500,2048,81920
498,VM_012,4,2000,3072,102400
498,VM_013,1,500,512,40960
498,VM_023,2,1000,1024,61440
498,VM_025,3,1500,2048,81920
499,VM_001,1,500,512,40960
499,VM_003,2,1000,1024,61440
499,VM_011,3,1500,2048,81920
499,VM_012,4,2000,3072,102400
499,VM_013,1,500,512,40960
499,VM_023,2,1000,1024,61440
499,VM_025,3,1500,2048,81920
500,VM_001,1,500,512,40960
500,VM_003,2,1000,1024,61440
500,VM_011,3,1500,2048,81920
500,VM_012,4,2000,3072,102400
500,VM_013,1,500,512,40960
500,VM_023,2,1000,1024,61440
500,VM_025,3,1500,2048,81920
501,VM_001,1,500,512,40960
501,VM_003,2,1000,1024,61440
501,VM_011,3,1500,2048,81920
501,VM_012,4,2000,3072,102400
501,VM_013,1,500,512,40960
501,VM_023,2,1000,1024,61440
501,VM_025,3,1500,2048,81920
502,VM_001,1,500,512,40960
502,VM_003,2,1000,1024,61440
502,VM_011,3,1500,2048,81920
502,VM_012,4,2000,3072,102400
502,VM_013,1,500,512,40960
502,VM_023,2,1000,1024,61440
502,VM_025,3,1500,2048,81920
503,VM_001,1,500,512,40960
503,VM_003,2,1000,1024,61440
503,VM_011,3,1500,2048,81920
503,VM_012,4,2000,3072,102400
503,VM_013,1,500,512,40960
503,VM_023,2,1000,1024,61440
503,VM_025,3,1500,2048,81920
504,VM_001,1,500,512,40960
504,VM_003,2,1000,1024,61440
504,VM_011,3,1500,2048,81920
504,VM_012,4,2000,3072,102400
504,VM_013,1,500,512,40960
504,VM_023,2,1000,1024,61440
504,VM_025,3,1500,2048,81920
505,VM_001,1,500,512,40960
505,VM_003,2,1000,1024,61440
505,VM_011,3,1500,2048,81920
505,VM_012,4,2000,3072,102400
505,VM_013,1,500,512,40960
505,VM_023,2,1000,1024,61440
505,VM_025,3,1500,2048,81920
506,VM_001,1,500,512,40960
506,VM_003,2,1000,1024,61440
506,VM_011,3,1500,2048,81920
506,VM_012,4,2000,3072,102400
506,VM_013,1,500,512,40960
506,VM_023,2,1000,1024,61440
506,VM_025,3,1500,2048,81920
507,VM_001,1,500,512,40960
507,VM_003,2,1000,1024,61440
507,VM_011,3,1500,2048,81920
507,VM_012,4,2000,3072,102400
507,VM_013,1,500,512,40960
507,VM_023,2,1000,1024,61440
507,VM_025,3,1500,2048,81920
508,VM_001,1,500,512,40960
508,VM_003,2,1000,1024,61440
508,VM_011,3,1500,2048,81920
508,VM_012,4,2000,3072,102400
508,VM_013,1,500,512,40960
508,VM_023,2,1000,1024,61440
508,VM_025,3,1500,2048,81920
509,VM_001,1,500,512,40960
509,VM_003,2,1000,1024,61440
509,VM_011,3,1500,2048,81920
509,VM_012,4,2000,3072,102400
509,VM_013,1,500,512,40960
509,VM_023,2,1000,1024,61440
509,VM_025,3,1500,2048,81920
510,VM_001,1,500,512,40960
510,VM_003,2,1000,1024,61440
510,VM_011,3,1500,2048,81920
510,VM_012,4,2000,3072,102400
510,VM_013,1,500,512,40960
510,VM_023,2,1000,1024,61440
510,VM_025,3,1500,2048,81920
511,VM_001,1,500,512,40960
511,VM_003,2,1000,1024,61440
511,VM_011,3,1500,2048,81920
511,VM_012,4,2000,3072,102400
511,VM_013,1,500,512,40960
511,VM_023,2,1000,1024,61440
511,VM_025,3,1500,2048,81920
512,VM_001,1,500,512,40960
512,VM_003,2,1000,1024,61440
512,VM_011,3,1500,2048,81920
512,VM_012,4,2000,3072,102400
512,VM_013,1,500,512,40960
512,VM_023,2,1000,1024,61440
512,VM_025,3,1500,2048,81920
513,VM_001,1,500,512,40960
513,VM_003,2,1000,1024,61440
513,VM_011,3,1500,2048,81920
513,VM_012,4,2000,3072,102400
513,VM_013,1,500,512,40960
513,VM_023,2,1000,1024,61440
513,VM_025,3,1500,2048,81920
514,VM_001,1,500,512,40960
514,VM_003,2,1000,1024,61440
514,VM_011,3,1500,2048,81920
514,VM_012,4,2000,3072,102400
514,VM_013,1,500,512,40960
514,VM_023,2,1000,1024,61440
514,VM_025,3,1500,2048,81920
515,VM_001,1,500,512,40960
515,VM_003,2,1000,1024,61440
515,VM_011,3,1500,2048,81920
515,VM_012,4,2000,3072,102400
515,VM_013,1,500,512,40960
515,VM_023,2,1000,1024,61440
515,VM_025,3,1500,2048,81920
516,VM_001,1,500,512,40960
516,VM_003,2,1000,1024,61440
516,VM_011,3,1500,2048,81920
516,VM_012,4,2000,3072,102400
516,VM_013,1,500,512,40960
516,VM_023,2,1000,1024,61440
516,VM_025,3,1500,2048,81920
517,VM_001,1,500,512,40960
517,VM_003,2,1000,1024,61440
517,VM_011,3,1500,2048,81920
517,VM_012,4,2000,3072,102400
517,VM_013,1,500,512,40960
517,VM_023,2,1000,1024,61440
517,VM_025,3,1500,2048,81920
518,VM_001,1,500,512,40960
518,VM_003,2,1000,1024,61440
518,VM_011,3,1500,2048,81920
518,VM_012,4,2000,3072,102400
518,VM_013,1,500,512,40960
518,VM_023,2,1000,1024,61440
518,VM_025,3,1500,2048,81920
519,VM_001,1,500,512,40960
519,VM_003,2,1000,1024,61440
519,VM_011,3,1500,2048,81920
519,VM_012,4,2000,3072,102400
519,VM_013,1,500,512,40960
519,VM_023,2,1000,1024,61440
519,VM_025,3,1500,2048,81920
520,VM_001,1,500,512,40960
520,VM_003,2,1000,1024,61440
520,VM_011,3,1500,2048,81920
520,VM_012,4,2000,3072,102400
520,VM_013,1,500,512,40960
520,VM_023,2,1000,1024,61440
520,VM_025,3,1500,2048,81920
521,VM_001,1,500,512,40960
521,VM_003,2,1000,1024,61440
521,VM_011,3,1500,2048,81920
521,VM_012,4,2000,3072,102400
521,VM_013,1,500,512,40960
521,VM_023,2,1000,1024,61440
521,VM_025,3,1500,2048,81920
522,VM_001,1,500,512,40960
522,VM_003,2,1000,1024,61440
522,VM_011,3,1500,2048,81920
522,VM_012,4,2000,3072,102400
522,VM_013,1,500,512,40960
522,VM_023,2,1000,1024,61440
522,VM_025,3,1500,2048,81920
523,VM_001,1,500,512,40960
523,VM_003,2,1000,1024,61440
523,VM_011,3,1500,2048,81920
523,VM_012,4,2000,3072,102400
523,VM_013,1,500,512,40960
523,VM_023,2,1000,1024,61440
523,VM_025,3,1500,2048,81920
524,VM_001,1,500,512,40960
524,VM_003,2,1000,1024,61440
524,VM_011,3,1500,2048,81920
524,VM_012,4,2000,3072,102400
524,VM_013,1,500,512,40960
524,VM_023,2,1000,1024,61440
524,VM_025,3,1500,2048,81920
525,VM_001,1,500,512,40960
525,VM_003,2,1000,1024,61440
525,VM_011,3,1500,2048,81920
525,VM_012,4,2000,3072,102400
525,VM_013,1,500,512,40960
525,VM_023,2,1000,1024,61440
525,VM_025,3,1500,2048,81920
526,VM_001,1,500,512,40960
526,VM_003,2,1000,1024,61440
526,VM_011,3,1500,2048,81920
526,VM_012,4,2000,3072,102400
526,VM_013,1,500,512,40960
526,VM_023,2,1000,1024,61440
526,VM_025,3,1500,2048,81920
527,VM_001,1,500,512,40960
527,VM_003,2,1000,1024,61440
527,VM_011,3,1500,2048,81920
527,VM_012,4,2000,3072,102400
527,VM_013,1,500,512,40960
527,VM_023,2,1000,1024,61440
527,VM_025,3,1500,2048,81920
528,VM_001,1,500,512,40960
528,VM_003,2,1000,1024,61440
528,VM_011,3,1500,2048,81920
528,VM_012,4,2000,3072,102400
528,VM_013,1,500,512,40960
528,VM_023,2,1000,1024,61440
528,VM_025,3,1500,2048,81920
529,VM_001,1,500,512,40960
529,VM_003,2,1000,1024,61440
529,VM_011,3,1500,2048,81920
529,VM_012,4,2000,3072,102400
529,VM_013,1,500,512,40960
529,VM_023,2,1000,1024,61440
529,VM_025,3,1500,2048,81920
530,VM_001,1,500,512,40960
530,VM_003,2,1000,1024,61440
530,VM_011,3,1500,2048,81920
530,VM_012,4,2000,3072,102400
530,VM_013,1,500,512,40960
530,VM_023,2,1000,1024,61440
530,VM_025,3,1500,2048,81920
531,VM_001,1,500,512,40960
531,VM_003,2,1000,1024,61440
531,VM_011,3,1500,2048,81920
531,VM_012,4,2000,3072,102400
531,VM_013,1,500,512,40960
531,VM_023,2,1000,1024,61440
531,VM_025,3,1500,2048,81920
532,VM_001,1,500,512,40960
532,VM_003,2,1000,1024,61440
532,VM_011,3,1500,2048,81920
532,VM_012,4,2000,3072,102400
532,VM_013,1,500,512,40960
532,VM_023,2,1000,1024,61440
532,VM_025,3,1500,2048,81920
533,VM_001,1,500,512,40960
533,VM_003,2,1000,1024,61440
533,VM_011,3,1500,2048,81920
533,VM_012,4,2000,3072,102400
533,VM_013,1,500,512,40960
533,VM_023,2,1000,1024,61440
533,VM_025,3,1500,2048,81920
534,VM_001,1,500,512,40960
534,VM_003,2,1000,1024,61440
534,VM_011,3,1500,2048,81920
534,VM_012,4,2000,3072,102400
534,VM_013,1,500,512,40960
534,VM_023,2,1000,1024,61440
534,VM_025,3,1500,2048,81920
535,VM_001,1,500,512,40960
535,VM_003,2,1000,1024,61440
535,VM_011,3,1500,2048,81920
535,VM_012,4,2000,3072,102400
535,VM_013,1,500,512,40960
535,VM_023,2,1000,1024,61440
535,VM_025,3,1500,2048,81920
536,VM_001,1,500,512,40960
536,VM_003,2,1000,1024,61440
536,VM_011,3,1500,2048,81920
536,VM_012,4,2000,3072,102400
536,VM_013,1,500,512,40960
536,VM_023,2,1000,1024,61440
536,VM_025,3,1500,2048,81920
537,VM_001,1,500,512,40960
537,VM_003,2,1000,1024,61440
537,VM_011,3,1500,2048,81920
537,VM_012,4,2000,3072,102400
537,VM_013,1,500,512,40960
537,VM_023,2,1000,1024,61440
537,VM_025,3,1500,2048,81920
538,VM_001,1,500,512,40960
538,VM_003,2,1000,1024,61440
538,VM_011,3,1500,2048,81920
538,VM_012,4,2000,3072,102400
538,VM_013,1,500,512,40960
538,VM_023,2,1000,1024,61440
538,VM_025,3,1500,2048,81920
539,VM_001,1,500,512,40960
539,VM_003,2,1000,1024,61440
539,VM_011,3,1500,2048,81920
539,VM_012,4,2000,3072,102400
539,VM_013,1,500,512,40960
539,VM_023,2,1000,1024,61440
539,VM_025,3,1500,2048,81920
540,VM_001,1,500,512,40960
540,VM_003,2,1000,1024,61440
540,VM_011,3,1500,2048,81920
540,VM_012,4,2000,3072,102400
540,VM_013,1,500,512,40960
540,VM_023,2,1000,1024,61440
540,VM_025,3,1500,2048,81920
541,VM_001,1,500,512,40960
541,VM_003,2,1000,1024,61440
541,VM_011,3,1500,2048,81920
541,VM_012,4,2000,3072,102400
541,VM_013,1,500,512,40960
541,VM_023,2,1000,1024,61440
541,VM_025,3,1500,2048,81920
542,VM_001,1,500,512,40960
542,VM_003,2,1000,1024,61440
542,VM_011,3,1500,2048,81920
542,VM_012,4,2000,3072,102400
542,VM_013,1,500,512,40960
542,VM_023,2,1000,1024,61440
542,VM_025,3,1500,2048,81920
543,VM_001,1,500,512,40960
543,VM_003,2,1000,1024,61440
543,VM_011,3,1500,2048,81920
543,VM_012,4,2000,3072,102400
543,VM_013,1,500,512,40960
543,VM_023,2,1000,1024,61440
543,VM_025,3,1500,2048,81920
544,VM_001,1,500,512,40960
544,VM_003,2,1000,1024,61440
544,VM_011,3,1500,2048,81920
544,VM_012,4,2000,3072,102400
544,VM_013,1,500,512,40960
544,VM_023,2,1000,1024,61440
544,VM_025,3,1500,2048,81920
545,VM_001,1,500,512,40960
545,VM_003,2,1000,1024,61440
545,VM_011,3,1500,2048,81920
545,VM_012,4,2000,3072,102400
545,VM_013,1,500,512,40960
545,VM_023,2,1000,1024,61440
545,VM_025,3,1500,2048,81920
546,VM_001,1,500,512,40960
546,VM_003,2,1000,1024,61440
546,VM_011,3,1500,2048,81920
546,VM_012,4,2000,3072,102400
546,VM_013,1,500,512,40960
546,VM_023,2,1000,1024,61440
546,VM_025,3,1500,2048,81920
547,VM_001,1,500,512,40960
547,VM_003,2,1000,1024,61440
547,VM_011,3,1500,2048,81920
547,VM_012,4,2000,3072,102400
547,VM_013,1,500,512,40960
547,VM_023,2,1000,1024,61440
547,VM_025,3,1500,2048,81920
548,VM_001,1,500,512,40960
548,VM_003,2,1000,1024,61440
548,VM_011,3,1500,2048,81920
548,VM_012,4,2000,3072,102400
548,VM_013,1,500,512,40960
548,VM_023,2,1000,1024,61440
548,VM_025,3,1500,2048,81920
549,VM_001,1,500,512,40960
549,VM_003,2,1000,1024,61440
549,VM_011,3,1500,2048,81920
549,VM_012,4,2000,3072,102400
549,VM_013,1,500,512,40960
549,VM_023,2,1000,1024,61440
549,VM_025,3,1500,2048,81920
550,VM_001,1,500,512,40960
550,VM_003,2,1000,1024,61440
550,VM_011,3,1500,2048,81920
550,VM_012,4,2000,3072,102400
550,VM_013,1,500,512,40960
550,VM_023,2,1000,1024,61440
550,VM_025,3,1500,2048,81920
551,VM_001,1,500,512,40960
551,VM_003,2,1000,1024,61440
551,VM_011,3,1500,2048,81920
551,VM_012,4,2000,3072,102400
551,VM_013,1,500,512,40960
551,VM_023,2,1000,1024,61440
551,VM_025,3,1500,2048,81920
552,VM_001,1,500,512,40960
552,VM_003,2,1000,1024,61440
552,VM_011,3,1500,2048,81920
552,VM_012,4,2000,3072,102400
552,VM_013,1,500,512,40960
552,VM_023,2,1000,1024,61440
552,VM_025,3,1500,2048,81920
553,VM_001,1,500,512,40960
553,VM_003,2,1000,1024,61440
553,VM_011,3,1500,2048,81920
553,VM_012,4,2000,3072,102400
553,VM_013,1,500,512,40960
553,VM_023,2,1000,1024,61440
553,VM_025,3,1500,2048,81920
554,VM_001,1,500,512,40960
554,VM_003,2,1000,1024,61440
554,VM_011,3,1500,2048,81920
554,VM_012,4,2000,3072,102400
554,VM_013,1,500,512,40960
554,VM_023,2,1000,1024,61440
554,VM_025,3,1500,2048,81920
555,VM_001,1,500,512,40960
555,VM_003,2,1000,1024,61440
555,VM_011,3,1500,2048,81920
555,VM_012,4,2000,3072,102400
555,VM_013,1,500,512,40960
555,VM_023,2,1000,1024,61440
555,VM_025,3,1500,2048,81920
556,VM_001,1,500,512,40960
556,VM_003,2,1000,1024,61440
556,VM_011,3,1500,2048,81920
556,VM_012,4,2000,3072,102400
556,VM_013,1,500,512,40960
556,VM_023,2,1000,1024,61440
556,VM_025,3,1500,2048,81920
557,VM_001,1,500,512,40960
557,VM_003,2,1000,1024,61440
557,VM_011,3,1500,2048,81920
557,VM_012,4,2000,3072,102400
557,VM_013,1,500,512,40960
557,VM_023,2,1000,1024,61440
557,VM_025,3,1500,2048,81920
558,VM_001,1,500,512,40960
558,VM_003,2,1000,1024,61440
558,VM_011,3,1500,2048,81920
558,VM_012,4,2000,3072,102400
558,VM_013,1,500,512,40960
558,VM_023,2,1000,1024,61440
558,VM_025,3,1500,2048,81920
559,VM_001,1,500,512,40960
559,VM_003,2,1000,1024,61440
559,VM_011,3,1500,2048,81920
559,VM_012,4,2000,3072,102400
559,VM_013,1,500,512,40960
559,VM_023,2,1000,1024,61440
559,VM_025,3,1500,2048,81920
560,VM_001,1,500,512,40960
560,VM_003,2,1000,1024,61440
560,VM_011,3,1500,2048,81920
560,VM_012,4,2000,3072,102400
560,VM_013,1,500,512,40960
560,VM_023,2,1000,1024,61440
560,VM_025,3,1500,2048,81920
561,VM_001,1,500,512,40960
561,VM_003,2,1000,1024,61440
561,VM_011,3,1500,2048,81920
561,VM_012,4,2000,3072,102400
561,VM_013,1,500,512,40960
561,VM_023,2,1000,1024,61440
561,VM_025,3,1500,2048,81920
562,VM_001,1,500,512,40960
562,VM_003,2,1000,1024,61440
562,VM_011,3,1500,2048,81920
562,VM_012,4,2000,3072,102400
562,VM_013,1,500,512,40960
562,VM_023,2,1000,1024,61440
562,VM_025,3,1500,2048,81920
563,VM_001,1,500,512,40960
563,VM_003,2,1000,1024,61440
563,VM_011,3,1500,2048,81920
563,VM_012,4,2000,3072,102400
563,VM_013,1,500,512,40960
563,VM_023,2,1000,1024,61440
563,VM_025,3,1500,2048,81920
564,VM_001,1,500,512,40960
564,VM_003,2,1000,1024,61440
564,VM_011,3,1500,2048,81920
564,VM_012,4,2000,3072,102400
564,VM_013,1,500,512,40960
564,VM_023,2,1000,1024,61440
564,VM_025,3,1500,2048,81920
565,VM_001,1,500,512,40960
565,VM_003,2,1000,1024,61440
565,VM_011,3,1500,2048,81920
565,VM_012,4,2000,3072,102400
565,VM_013,1,500,512,40960
565,VM_023,2,1000,1024,61440
565,VM_025,3,1500,2048,81920
566,VM_001,1,500,512,40960
566,VM_003,2,1000,1024,61440
566,VM_011,3,1500,2048,81920
566,VM_012,4,2000,3072,102400
566,VM_013,1,500,512,40960
566,VM_023,2,1000,1024,61440
566,VM_025,3,1500,2048,81920
567,VM_001,1,500,512,40960
567,VM_003,2,1000,1024,61440
567,VM_011,3,1500,2048,81920
567,VM_012,4,2000,3072,102400
567,VM_013,1,500,512,40960
567,VM_023,2,1000,1024,61440
567,VM_025,3,1500,2048,81920
568,VM_001,1,500,512,40960
568,VM_003,2,1000,1024,61440
568,VM_011,3,1500,2048,81920
568,VM_012,4,2000,3072,102400
568,VM_013,1,500,512,40960
568,VM_023,2,1000,1024,61440
568,VM_025,3,1500,2048,81920
569,VM_001,1,500,512,40960
569,VM_003,2,1000,1024,61440
569,VM_011,3,1500,2048,81920
569,VM_012,4,2000,3072,102400
569,VM_013,1,500,512,40960
569,VM_023,2,1000,1024,61440
569,VM_025,3,1500,2048,81920
570,VM_001,1,500,512,40960
570,VM_003,2,1000,1024,61440
570,VM_011,3,1500,2048,81920
570,VM_012,4,2000,3072,102400
570,VM_013,1,500,512,40960
570,VM_023,2,1000,1024,61440
570,VM_025,3,1500,2048,81920
571,VM_001,1,500,512,40960
571,VM_003,2,1000,1024,61440
571,VM_011,3,1500,2048,81920
571,VM_012,4,2000,3072,102400
571,VM_013,1,500,512,40960
571,VM_023,2,1000,1024,61440
571,VM_025,3,1500,2048,81920
572,VM_001,1,500,512,40960
572,VM_003,2,1000,1024,61440
572,VM_011,3,1500,2048,81920
572,VM_012,4,2000,3072,102400
572,VM_013,1,500,512,40960
572,VM_023,2,1000,1024,61440
572,VM_025,3,1500,2048,81920
573,VM_001,1,500,512,40960
573,VM_003,2,1000,1024,61440
573,VM_011,3,1500,2048,81920
573,VM_012,4,2000,3072,102400
573,VM_013,1,500,512,40960
573,VM_023,2,1000,1024,61440
573,VM_025,3,1500,2048,81920
574,VM_001,1,500,512,40960
574,VM_003,2,1000,1024,61440
574,VM_011,3,1500,2048,81920
574,VM_012,4,2000,3072,102400
574,VM_013,1,500,512,40960
574,VM_023,2,1000,1024,61440
574,VM_025,3,1500,2048,81920
575,VM_001,1,500,512,40960
575,VM_003,2,1000,1024,61440
575,VM_011,3,1500,2048,81920
575,VM_012,4,2000,3072,102400
575,VM_013,1,500,512,40960
575,VM_023,2,1000,1024,61440
575,VM_025,3,1500,2048,81920
576,VM_001,1,500,512,40960
576,VM_003,2,1000,1024,61440
576,VM_011,3,1500,2048,81920
576,VM_012,4,2000,3072,102400
576,VM_013,1,500,512,40960
576,VM_023,2,1000,1024,61440
576,VM_025,3,1500,2048,81920
577,VM_001,1,500,512,40960
577,VM_003,2,1000,1024,61440
577,VM_011,3,1500,2048,81920
577,VM_012,4,2000,3072,102400
577,VM_013,1,500,512,40960
577,VM_023,2,1000,1024,61440
577,VM_025,3,1500,2048,81920
578,VM_001,1,500,512,40960
578,VM_003,2,1000,1024,61440
578,VM_011,3,1500,2048,81920
578,VM_012,4,2000,3072,102400
578,VM_013,1,500,512,40960
578,VM_023,2,1000,1024,61440
578,VM_025,3,1500,2048,81920
579,VM_001,1,500,512,40960
579,VM_003,2,1000,1024,61440
579,VM_011,3,1500,2048,81920
579,VM_012,4,2000,3072,102400
579,VM_013,1,500,512,40960
579,VM_023,2,1000,1024,61440
579,VM_025,3,1500,2048,81920
580,VM_001,1,500,512,40960
580,VM_003,2,1000,1024,61440
580,VM_011,3,1500,2048,81920
580,VM_012,4,2000,3072,102400
580,VM_013,1,500,512,40960
580,VM_023,2,1000,1024,61440
580,VM_025,3,1500,2048,81920
581,VM_001,1,500,512,40960
581,VM_003,2,1000,1024,61440
581,VM_011,3,1500,2048,81920
581,VM_012,4,2000,3072,102400
581,VM_013,1,500,512,40960
581,VM_023,2,1000,1024,61440
581,VM_025,3,1500,2048,81920
582,VM_001,1,500,512,40960
582,VM_003,2,1000,1024,61440
582,VM_011,3,1500,2048,81920
582,VM_012,4,2000,3072,102400
582,VM_013,1,500,512,40960
582,VM_023,2,1000,1024,61440
582,VM_025,3,1500,2048,81920
583,VM_001,1,500,512,40960
583,VM_003,2,1000,1024,61440
583,VM_011,3,1500,2048,81920
583,VM_012,4,2000,3072,102400
583,VM_013,1,500,512,40960
583,VM_023,2,1000,1024,61440
583,VM_025,3,1500,2048,81920
584,VM_001,1,500,512,40960
584,VM_003,2,1000,1024,61440
584,VM_011,3,1500,2048,81920
584,VM_012,4,2000,3072,102400
584,VM_013,1,500,512,40960
584,VM_023,2,1000,1024,61440
584,VM_025,3,1500,2048,81920
585,VM_001,1,500,512,40960
585,VM_003,2,1000,1024,61440
585,VM_011,3,1500,2048,81920
585,VM_012,4,2000,3072,102400
585,VM_013,1,500,512,40960
585,VM_023,2,1000,1024,61440
585,VM_025,3,1500,2048,81920
586,VM_001,1,500,512,40960
586,VM_003,2,1000,1024,61440
586,VM_011,3,1500,2048,81920
586,VM_012,4,2000,3072,102400
586,VM_013,1,500,512,40960
586,VM_023,2,1000,1024,61440
586,VM_025,3,1500,2048,81920
587,VM_001,1,500,512,40960
587,VM_003,2,1000,1024,61440
587,VM_011,3,1500,2048,81920
587,VM_012,4,2000,3072,102400
587,VM_013,1,500,512,40960
587,VM_023,2,1000,1024,61440
587,VM_025,3,1500,2048,81920
588,VM_001,1,500,512,40960
588,VM_003,2,1000,1024,61440
588,VM_011,3,1500,2048,81920
588,VM_012,4,2000,3072,102400
588,VM_013,1,500,512,40960
588,VM_023,2,1000,1024,61440
588,VM_025,3,1500,2048,81920
589,VM_001,1,500,512,40960
589,VM_003,2,1000,1024,61440
589,VM_011,3,1500,2048,81920
589,VM_012,4,2000,3072,102400
589,VM_013,1,500,512,40960
589,VM_023,2,1000,1024,61440
589,VM_025,3,1500,2048,81920
590,VM_001,1,500,512,40960
590,VM_003,2,1000,1024,61440
590,VM_011,3,1500,2048,81920
590,VM_012,4,2000,3072,102400
590,VM_013,1,500,512,40960
590,VM_023,2,1000,1024,61440
590,VM_025,3,1500,2048,81920
591,VM_001,1,500,512,40960
591,VM_003,2,1000,1024,61440
591,VM_011,3,1500,2048,81920
591,VM_012,4,2000,3072,102400
591,VM_013,1,500,512,40960
591,VM_023,2,1000,1024,61440
591,VM_025,3,1500,2048,81920
592,VM_001,1,500,512,40960
592,VM_003,2,1000,1024,61440
592,VM_011,3,1500,2048,81920
592,VM_012,4,2000,3072,102400
592,VM_013,1,500,512,40960
592,VM_023,2,1000,1024,61440
592,VM_025,3,1500,2048,81920
593,VM_001,1,500,512,40960
593,VM_003,2,1000,1024,61440
593,VM_011,3,1500,2048,81920
593,VM_012,4,2000,3072,102400
593,VM_013,1,500,512,40960
593,VM_023,2,1000,1024,61440
593,VM_025,3,1500,2048,81920
594,VM_001,1,500,512,40960
594,VM_003,2,1000,1024,61440
594,VM_011,3,1500,2048,81920
594,VM_012,4,2000,3072,102400
594,VM_013,1,500,512,40960
594,VM_023,2,1000,1024,61440
594,VM_025,3,1500,2048,81920
595,VM_001,1,500,512,40960
595,VM_003,2,1000,1024,61440
595,VM_011,3,1500,2048,81920
595,VM_012,4,2000,3072,102400
595,VM_013,1,500,512,40960
595,VM_023,2,1000,1024,61440
595,VM_025,3,1500,2048,81920
596,VM_001,1,500,512,40960
596,VM_003,2,1000,1024,61440
596,VM_011,3,1500,2048,81920
596,VM_012,4,2000,3072,102400
596,VM_013,1,500,512,40960
596,VM_023,2,1000,1024,61440
596,VM_025,3,1500,2048,81920
597,VM_001,1,500,512,40960
597,VM_003,2,1000,1024,61440
597,VM_011,3,1500,2048,81920
597,VM_012,4,2000,3072,102400
597,VM_013,1,500,512,40960
597,VM_023,2,1000,1024,61440
597,VM_025,3,1500,2048,81920
598,VM_001,1,500,512,40960
598,VM_003,2,1000,1024,61440
598,VM_011,3,1500,2048,81920
598,VM_012,4,2000,3072,102400
598,VM_013,1,500,512,40960
598,VM_023,2,1000,1024,61440
598,VM_025,3,1500,2048,81920
599,VM_001,1,500,512,40960
599,VM_003,2,1000,1024,61440
599,VM_011,3,1500,2048,81920
599,VM_012,4,2000,3072,102400
599,VM_013,1,500,512,40960
599,VM_023,2,1000,1024,61440
599,VM_025,3,1500,2048,81920
600,VM_001,1,500,512,40960
600,VM_003,2,1000,1024,61440
600,VM_011,3,1500,2048,81920
600,VM_012,4,2000,3072,102400
600,VM_013,1,500,512,40960
600,VM_023,2,1000,1024,61440
600,VM_025,3,1500,2048,81920
601,VM_001,1,500,512,40960
601,VM_003,2,1000,1024,61440
601,VM_011,3,1500,2048,81920
601,VM_012,4,2000,3072,102400
601,VM_013,1,500,512,40960
601,VM_023,2,1000,1024,61440
601,VM_025,3,1500,2048,81920
602,VM_001,1,500,512,40960
602,VM_003,2,1000,1024,61440
602,VM_011,3,1500,2048,81920
602,VM_012,4,2000,3072,102400
602,VM_013,1,500,512,40960
602,VM_023,2,1000,1024,61440
602,VM_025,3,1500,2048,81920
603,VM_001,1,500,512,40960
603,VM_003,2,1000,1024,61440
603,VM_011,3,1500,2048,81920
603,VM_012,4,2000,3072,102400
603,VM_013,1,500,512,40960
603,VM_023,2,1000,1024,61440
603,VM_025,3,1500,2048,81920
604,VM_001,1,500,512,40960
604,VM_003,2,1000,1024,61440
604,VM_011,3,1500,2048,81920
604,VM_012,4,2000,3072,102400
604,VM_013,1,500,512,40960
604,VM_023,2,1000,1024,61440
604,VM_025,3,1500,2048,81920
605,VM_001,1,500,512,40960
605,VM_003,2,1000,1024,61440
605,VM_011,3,1500,2048,81920
605,VM_012,4,2000,3072,102400
605,VM_013,1,500,512,40960
605,VM_023,2,1000,1024,61440
605,VM_025,3,1500,2048,81920
606,VM_001,1,500,512,40960
606,VM_003,2,1000,1024,61440
606,VM_011,3,1500,2048,81920
606,VM_012,4,2000,3072,102400
606,VM_013,1,500,512,40960
606,VM_023,2,1000,1024,61440
606,VM_025,3,1500,2048,81920
607,VM_001,1,500,512,40960
607,VM_003,2,1000,1024,61440
607,VM_011,3,1500,2048,81920
607,VM_012,4,2000,3072,102400
607,VM_013,1,500,512,40960
607,VM_023,2,1000,1024,61440
607,VM_025,3,1500,2048,81920
608,VM_001,1,500,512,40960
608,VM_003,2,1000,1024,61440
608,VM_011,3,1500,2048,81920
608,VM_012,4,2000,3072,102400
608,VM_013,1,500,512,40960
608,VM_023,2,1000,1024,61440
608,VM_025,3,1500,2048,81920
609,VM_001,1,500,512,40960
609,VM_003,2,1000,1024,61440
609,VM_011,3,1500,2048,81920
609,VM_012,4,2000,3072,102400
609,VM_013,1,500,512,40960
609,VM_023,2,1000,1024,61440
609,VM_025,3,1500,2048,81920
610,VM_001,1,500,512,40960
610,VM_003,2,1000,1024,61440
610,VM_011,3,1500,2048,81920
610,VM_012,4,2000,3072,102400
610,VM_013,1,500,512,40960
610,VM_023,2,1000,1024,61440
610,VM_025,3,1500,2048,81920
611,VM_001,1,500,512,40960
611,VM_003,2,1000,1024,61440
611,VM_011,3,1500,2048,81920
611,VM_012,4,2000,3072,102400
611,VM_013,1,500,512,40960
611,VM_023,2,1000,1024,61440
611,VM_025,3,1500,2048,81920
612,VM_001,1,500,512,40960
612,VM_003,2,1000,1024,61440
612,VM_011,3,1500,2048,81920
612,VM_012,4,2000,3072,102400
612,VM_013,1,500,512,40960
612,VM_023,2,1000,1024,61440
612,VM_025,3,1500,2048,81920
613,VM_001,1,500,512,40960
613,VM_003,2,1000,1024,61440
613,VM_011,3,1500,2048,81920
613,VM_012,4,2000,3072,102400
613,VM_013,1,500,512,40960
613,VM_023,2,1000,1024,61440
613,VM_025,3,1500,2048,81920
614,VM_001,1,500,512,40960
614,VM_003,2,1000,1024,61440
614,VM_011,3,1500,2048,81920
614,VM_012,4,2000,3072,102400
614,VM_013,1,500,512,40960
614,VM_023,2,1000,1024,61440
614,VM_025,3,1500,2048,81920
615,VM_001,1,500,512,40960
615,VM_003,2,1000,1024,61440
615,VM_011,3,1500,2048,81920
615,VM_012,4,2000,3072,102400
615,VM_013,1,500,512,40960
615,VM_023,2,1000,1024,61440
615,VM_025,3,1500,2048,81920
616,VM_001,1,500,512,40960
616,VM_003,2,1000,1024,61440
616,VM_011,3,1500,2048,81920
616,VM_012,4,2000,3072,102400
616,VM_013,1,500,512,40960
616,VM_023,2,1000,1024,61440
616,VM_025,3,1500,2048,81920
617,VM_001,1,500,512,40960
617,VM_003,2,1000,1024,61440
617,VM_011,3,1500,2048,81920
617,VM_012,4,2000,3072,102400
617,VM_013,1,500,512,40960
617,VM_023,2,1000,1024,61440
617,VM_025,3,1500,2048,81920
618,VM_001,1,500,512,40960
618,VM_003,2,1000,1024,61440
618,VM_011,3,1500,2048,81920
618,VM_012,4,2000,3072,102400
618,VM_013,1,500,512,40960
618,VM_023,2,1000,1024,61440
618,VM_025,3,1500,2048,81920
619,VM_001,1,500,512,40960
619,VM_003,2,1000,1024,61440
619,VM_011,3,1500,2048,81920
619,VM_012,4,2000,3072,102400
619,VM_013,1,500,512,40960
619,VM_023,2,1000,1024,61440
619,VM_025,3,1500,2048,81920
620,VM_001,1,500,512,40960
620,VM_003,2,1000,1024,61440
620,VM_011,3,1500,2048,81920
620,VM_012,4,2000,3072,102400
620,VM_013,1,500,512,40960
620,VM_023,2,1000,1024,61440
620,VM_025,3,1500,2048,81920
621,VM_001,1,500,512,40960
621,VM_003,2,1000,1024,61440
621,VM_011,3,1500,2048,81920
621,VM_012,4,2000,3072,102400
621,VM_013,1,500,512,40960
621,VM_023,2,1000,1024,61440
621,VM_025,3,1500,2048,81920
622,VM_001,1,500,512,40960
622,VM_003,2,1000,1024,61440
622,VM_011,3,1500,2048,81920
622,VM_012,4,2000,3072,102400
622,VM_013,1,500,512,40960
622,VM_023,2,1000,1024,61440
622,VM_025,3,1500,2048,81920
623,VM_001,1,500,512,40960
623,VM_003,2,1000,1024,61440
623,VM_011,3,1500,2048,81920
623,VM_012,4,2000,3072,102400
623,VM_013,1,500,512,40960
623,VM_023,2,1000,1024,61440
623,VM_025,3,1500,2048,81920
624,VM_001,1,500,512,40960
624,VM_003,2,1000,1024,61440
624,VM_011,3,1500,2048,81920
624,VM_012,4,2000,3072,102400
624,VM_013,1,500,512,40960
624,VM_023,2,1000,1024,61440
624,VM_025,3,1500,2048,81920
625,VM_001,1,500,512,40960
625,VM_003,2,1000,1024,61440
625,VM_011,3,1500,2048,81920
625,VM_012,4,2000,3072,102400
625,VM_013,1,500,512,40960
625,VM_023,2,1000,1024,61440
625,VM_025,3,1500,2048,81920
626,VM_001,1,500,512,40960
626,VM_003,2,1000,1024,61440
626,VM_011,3,1500,2048,81920
626,VM_012,4,2000,3072,102400
626,VM_013,1,500,512,40960
626,VM_023,2,1000,1024,61440
626,VM_025,3,1500,2048,81920
627,VM_001,1,500,512,40960
627,VM_003,2,1000,1024,61440
627,VM_011,3,1500,2048,81920
627,VM_012,4,2000,3072,102400
627,VM_013,1,500,512,40960
627,VM_023,2,1000,1024,61440
627,VM_025,3,1500,2048,81920
628,VM_001,1,500,512,40960
628,VM_003,2,1000,1024,61440
628,VM_011,3,1500,2048,81920
628,VM_012,4,2000,3072,102400
628,VM_013,1,500,512,40960
628,VM_023,2,1000,1024,61440
628,VM_025,3,1500,2048,81920
629,VM_001,1,500,512,40960
629,VM_003,2,1000,1024,61440
629,VM_011,3,1500,2048,81920
629,VM_012,4,2000,3072,102400
629,VM_013,1,500,512,40960
629,VM_023,2,1000,1024,61440
629,VM_025,3,1500,2048,81920
630,VM_001,1,500,512,40960
630,VM_003,2,1000,1024,61440
630,VM_011,3,1500,2048,81920
630,VM_012,4,2000,3072,102400
630,VM_013,1,500,512,40960
630,VM_023,2,1000,1024,61440
630,VM_025,3,1500,2048,81920
631,VM_001,1,500,512,40960
631,VM_003,2,1000,1024,61440
631,VM_011,3,1500,2048,81920
631,VM_012,4,2000,3072,102400
631,VM_013,1,500,512,40960
631,VM_023,2,1000,1024,61440
631,VM_025,3,1500,2048,81920
632,VM_001,1,500,512,40960
632,VM_003,2,1000,1024,61440
632,VM_011,3,1500,2048,81920
632,VM_012,4,2000,3072,102400
632,VM_013,1,500,512,40960
632,VM_023,2,1000,1024,61440
632,VM_025,3,1500,2048,81920
633,VM_001,1,500,512,40960
633,VM_003,2,1000,1024,61440
633,VM_011,3,1500,2048,81920
633,VM_012,4,2000,3072,102400
633,VM_013,1,500,512,40960
633,VM_023,2,1000,1024,61440
633,VM_025,3,1500,2048,81920
634,VM_001,1,500,512,40960
634,VM_003,2,1000,1024,61440
634,VM_011,3,1500,2048,81920
634,VM_012,4,2000,3072,102400
634,VM_013,1,500,512,40960
634,VM_023,2,1000,1024,61440
634,VM_025,3,1500,2048,81920
635,VM_001,1,500,512,40960
635,VM_003,2,1000,1024,61440
635,VM_011,3,1500,2048,81920
635,VM_012,4,2000,3072,102400
635,VM_013,1,500,512,40960
635,VM_023,2,1000,1024,61440
635,VM_025,3,1500,2048,81920
636,VM_001,1,500,512,40960
636,VM_003,2,1000,1024,61440
636,VM_011,3,1500,2048,81920
636,VM_012,4,2000,3072,102400
636,VM_013,1,500,512,40960
636,VM_023,2,1000,1024,61440
636,VM_025,3,1500,2048,81920
637,VM_001,1,500,512,40960
637,VM_003,2,1000,1024,61440
637,VM_011,3,1500,2048,81920
637,VM_012,4,2000,3072,102400
637,VM_013,1,500,512,40960
637,VM_023,2,1000,1024,61440
637,VM_025,3,1500,2048,81920
638,VM_001,1,500,512,40960
638,VM_003,2,1000,1024,61440
638,VM_011,3,1500,2048,81920
638,VM_012,4,2000,3072,102400
638,VM_013,1,500,512,40960
638,VM_023,2,1000,1024,61440
638,VM_025,3,1500,2048,81920
639,VM_001,1,500,512,40960
639,VM_003,2,1000,1024,61440
639,VM_011,3,1500,2048,81920
639,VM_012,4,2000,3072,102400
639,VM_013,1,500,512,40960
639,VM_023,2,1000,1024,61440
639,VM_025,3,1500,2048,81920
640,VM_001,1,500,512,40960
640,VM_003,2,1000,1024,61440
640,VM_011,3,1500,2048,81920
640,VM_012,4,2000,3072,102400
640,VM_013,1,500,512,40960
640,VM_023,2,1000,1024,61440
640,VM_025,3,1500,2048,81920
641,VM_001,1,500,512,40960
641,VM_003,2,1000,1024,61440
641,VM_011,3,1500,2048,81920
641,VM_012,4,2000,3072,102400
641,VM_013,1,500,512,40960
641,VM_023,2,1000,1024,61440
641,VM_025,3,1500,2048,81920
642,VM_001,1,500,512,40960
642,VM_003,2,1000,1024,61440
642,VM_011,3,1500,2048,81920
642,VM_012,4,2000,3072,102400
642,VM_013,1,500,512,40960
642,VM_023,2,1000,1024,61440
642,VM_025,3,1500,2048,81920
643,VM_001,1,500,512,40960
643,VM_003,2,1000,1024,61440
643,VM_011,3,1500,2048,81920
643,VM_012,4,2000,3072,102400
643,VM_013,1,500,512,40960
643,VM_023,2,1000,1024,61440
643,VM_025,3,1500,2048,81920
644,VM_001,1,500,512,40960
644,VM_003,2,1000,1024,61440
644,VM_011,3,1500,2048,81920
644,VM_012,4,2000,3072,102400
644,VM_013,1,500,512,40960
644,VM_023,2,1000,1024,61440
644,VM_025,3,1500,2048,81920
645,VM_001,1,500,512,40960
645,VM_003,2,1000,1024,61440
645,VM_011,3,1500,2048,81920
645,VM_012,4,2000,3072,102400
645,VM_013,1,500,512,40960
645,VM_023,2,1000,1024,61440
645,VM_025,3,1500,2048,81920
646,VM_001,1,500,512,40960
646,VM_003,2,1000,1024,61440
646,VM_011,3,1500,2048,81920
646,VM_012,4,2000,3072,102400
646,VM_013,1,500,512,40960
646,VM_023,2,1000,1024,61440
646,VM_025,3,1500,2048,81920
647,VM_001,1,500,512,40960
647,VM_003,2,1000,1024,61440
647,VM_011,3,1500,2048,81920
647,VM_012,4,2000,3072,102400
647,VM_013,1,500,512,40960
647,VM_023,2,1000,1024,61440
647,VM_025,3,1500,2048,81920
648,VM_001,1,500,512,40960
648,VM_003,2,1000,1024,61440
648,VM_011,3,1500,2048,81920
648,VM_012,4,2000,3072,102400
648,VM_013,1,500,512,40960
648,VM_023,2,1000,1024,61440
648,VM_025,3,1500,2048,81920
649,VM_001,1,500,512,40960
649,VM_003,2,1000,1024,61440
649,VM_011,3,1500,2048,81920
649,VM_012,4,2000,3072,102400
649,VM_013,1,500,512,40960
649,VM_023,2,1000,1024,61440
649,VM_025,3,1500,2048,81920
650,VM_001,1,500,512,40960
650,VM_003,2,1000,1024,61440
650,VM_011,3,1500,2048,81920
650,VM_012,4,2000,3072,102400
650,VM_013,1,500,512,40960
650,VM_023,2,1000,1024,61440
650,VM_025,3,1500,2048,81920
651,VM_001,1,500,512,40960
651,VM_003,2,1000,1024,61440
651,VM_011,3,1500,2048,81920
651,VM_012,4,2000,3072,102400
651,VM_013,1,500,512,40960
651,VM_023,2,1000,1024,61440
651,VM_025,3,1500,2048,81920
652,VM_001,1,500,512,40960
652,VM_003,2,1000,1024,61440
652,VM_011,3,1500,2048,81920
652,VM_012,4,2000,3072,102400
652,VM_013,1,500,512,40960
652,VM_023,2,1000,1024,61440
652,VM_025,3,1500,2048,81920
653,VM_001,1,500,512,40960
653,VM_003,2,1000,1024,61440
653,VM_011,3,1500,2048,81920
653,VM_012,4,2000,3072,102400
653,VM_013,1,500,512,40960
653,VM_023,2,1000,1024,61440
653,VM_025,3,1500,2048,81920
654,VM_001,1,500,512,40960
654,VM_003,2,1000,1024,61440
654,VM_011,3,1500,2048,81920
654,VM_012,4,2000,3072,102400
654,VM_013,1,500,512,40960
654,VM_023,2,1000,1024,61440
654,VM_025,3,1500,2048,81920
655,VM_001,1,500,512,40960
655,VM_003,2,1000,1024,61440
655,VM_011,3,1500,2048,81920
655,VM_012,4,2000,3072,102400
655,VM_013,1,500,512,40960
655,VM_023,2,1000,1024,61440
655,VM_025,3,1500,2048,81920
656,VM_001,1,500,512,40960
656,VM_003,2,1000,1024,61440
656,VM_011,3,1500,2048,81920
656,VM_012,4,2000,3072,102400
656,VM_013,1,500,512,40960
656,VM_023,2,1000,1024,61440
656,VM_025,3,1500,2048,81920
657,VM_001,1,500,512,40960
657,VM_003,2,1000,1024,61440
657,VM_011,3,1500,2048,81920
657,VM_012,4,2000,3072,102400
657,VM_013,1,500,512,40960
657,VM_023,2,1000,1024,61440
657,VM_025,3,1500,2048,81920
658,VM_001,1,500,512,40960
658,VM_003,2,1000,1024,61440
658,VM_011,3,1500,2048,81920
658,VM_012,4,2000,3072,102400
658,VM_013,1,500,512,40960
658,VM_023,2,1000,1024,61440
658,VM_025,3,1500,2048,81920
659,VM_001,1,500,512,40960
659,VM_003,2,1000,1024,61440
659,VM_011,3,1500,2048,81920
659,VM_012,4,2000,3072,102400
659,VM_013,1,500,512,40960
659,VM_023,2,1000,1024,61440
659,VM_025,3,1500,2048,81920
660,VM_001,1,500,512,40960
660,VM_003,2,1000,1024,61440
660,VM_011,3,1500,2048,81920
660,VM_012,4,2000,3072,102400
660,VM_013,1,500,512,40960
660,VM_023,2,1000,1024,61440
660,VM_025,3,1500,2048,81920
661,VM_001,1,500,512,40960
661,VM_003,2,1000,1024,61440
661,VM_011,3,1500,2048,81920
661,VM_012,4,2000,3072,102400
661,VM_013,1,500,512,40960
661,VM_023,2,1000,1024,61440
661,VM_025,3,1500,2048,81920
662,VM_001,1,500,512,40960
662,VM_003,2,1000,1024,61440
662,VM_011,3,1500,2048,81920
662,VM_012,4,2000,3072,102400
662,VM_013,1,500,512,40960
662,VM_023,2,1000,1024,61440
662,VM_025,3,1500,2048,81920
663,VM_001,1,500,512,40960
663,VM_003,2,1000,1024,61440
663,VM_011,3,1500,2048,81920
663,VM_012,4,2000,3072,102400
663,VM_013,1,500,512,40960
663,VM_023,2,1000,1024,61440
663,VM_025,3,1500,2048,81920
664,VM_001,1,500,512,40960
664,VM_003,2,1000,1024,61440
664,VM_011,3,1500,2048,81920
664,VM_012,4,2000,3072,102400
664,VM_013,1,500,512,40960
664,VM_023,2,1000,1024,61440
664,VM_025,3,1500,2048,81920
665,VM_001,1,500,512,40960
665,VM_003,2,1000,1024,61440
665,VM_011,3,1500,2048,81920
665,VM_012,4,2000,3072,102400
665,VM_013,1,500,512,40960
665,VM_023,2,1000,1024,61440
665,VM_025,3,1500,2048,81920
666,VM_001,1,500,512,40960
666,VM_003,2,1000,1024,61440
666,VM_011,3,1500,2048,81920
666,VM_012,4,2000,3072,102400
666,VM_013,1,500,512,40960
666,VM_023,2,1000,1024,61440
666,VM_025,3,1500,2048,81920
667,VM_001,1,500,512,40960
667,VM_003,2,1000,1024,61440
667,VM_011,3,1500,2048,81920
667,VM_012,4,2000,3072,102400
667,VM_013,1,500,512,40960
667,VM_023,2,1000,1024,61440
667,VM_025,3,1500,2048,81920
668,VM_001,1,500,512,40960
668,VM_003,2,1000,1024,61440
668,VM_011,3,1500,2048,81920
668,VM_012,4,2000,3072,102400
668,VM_013,1,500,512,40960
668,VM_023,2,1000,1024,61440
668,VM_025,3,1500,2048,81920
669,VM_001,1,500,512,40960
669,VM_003,2,1000,1024,61440
669,VM_011,3,1500,2048,81920
669,VM_012,4,2000,3072,102400
669,VM_013,1,500,512,40960
669,VM_023,2,1000,1024,61440
669,VM_025,3,1500,2048,81920
670,VM_001,1,500,512,40960
670,VM_003,2,1000,1024,61440
670,VM_011,3,1500,2048,81920
670,VM_012,4,2000,3072,102400
670,VM_013,1,500,512,40960
670,VM_023,2,1000,1024,61440
670,VM_025,3,1500,2048,81920
671,VM_001,1,500,512,40960
671,VM_003,2,1000,1024,61440
671,VM_011,3,1500,2048,81920
671,VM_012,4,2000,3072,102400
671,VM_013,1,500,512,40960
671,VM_023,2,1000,1024,61440
671,VM_025,3,1500,2048,81920
672,VM_001,1,500,512,40960
672,VM_003,2,1000,1024,61440
672,VM_011,3,1500,2048,81920
672,VM_012,4,2000,3072,102400
672,VM_013,1,500,512,40960
672,VM_023,2,1000,1024,61440
672,VM_025,3,1500,2048,81920
673,VM_001,1,500,512,40960
673,VM_003,2,1000,1024,61440
673,VM_011,3,1500,2048,81920
673,VM_012,4,2000,3072,102400
673,VM_013,1,500,512,40960
673,VM_023,2,1000,1024,61440
673,VM_025,3,1500,2048,81920
674,VM_001,1,500,512,40960
674,VM_003,2,1000,1024,61440
674,VM_011,3,1500,2048,81920
674,VM_012,4,2000,3072,102400
674,VM_013,1,500,512,40960
674,VM_023,2,1000,1024,61440
674,VM_025,3,1500,2048,81920
675,VM_001,1,500,512,40960
675,VM_003,2,1000,1024,61440
675,VM_011,3,1500,2048,81920
675,VM_012,4,2000,3072,102400
675,VM_013,1,500,512,40960
675,VM_023,2,1000,1024,61440
675,VM_025,3,1500,2048,81920
676,VM_001,1,500,512,40960
676,VM_003,2,1000,1024,61440
676,VM_011,3,1500,2048,81920
676,VM_012,4,2000,3072,102400
676,VM_013,1,500,512,40960
676,VM_023,2,1000,1024,61440
676,VM_025,3,1500,2048,81920
677,VM_001,1,500,512,40960
677,VM_003,2,1000,1024,61440
677,VM_011,3,1500,2048,81920
677,VM_012,4,2000,3072,102400
677,VM_013,1,500,512,40960
677,VM_023,2,1000,1024,61440
677,VM_025,3,1500,2048,81920
678,VM_001,1,500,512,40960
678,VM_003,2,1000,1024,61440
678,VM_011,3,1500,2048,81920
678,VM_012,4,2000,3072,102400
678,VM_013,1,500,512,40960
678,VM_023,2,1000,1024,61440
678,VM_025,3,1500,2048,81920
679,VM_001,1,500,512,40960
679,VM_003,2,1000,1024,61440
679,VM_011,3,1500,2048,81920
679,VM_012,4,2000,3072,102400
679,VM_013,1,500,512,40960
679,VM_023,2,1000,1024,61440
679,VM_025,3,1500,2048,81920
680,VM_001,1,500,512,40960
680,VM_003,2,1000,1024,61440
680,VM_011,3,1500,2048,81920
680,VM_012,4,2000,3072,102400
680,VM_013,1,500,512,40960
680,VM_023,2,1000,1024,61440
680,VM_025,3,1500,2048,81920
681,VM_001,1,500,512,40960
681,VM_003,2,1000,1024,61440
681,VM_011,3,1500,2048,81920
681,VM_012,4,2000,3072,102400
681,VM_013,1,500,512,40960
681,VM_023,2,1000,1024,61440
681,VM_025,3,1500,2048,81920
682,VM_001,1,500,512,40960
682,VM_003,2,1000,1024,61440
682,VM_011,3,1500,2048,81920
682,VM_012,4,2000,3072,102400
682,VM_013,1,500,512,40960
682,VM_023,2,1000,1024,61440
682,VM_025,3,1500,2048,81920
683,VM_001,1,500,512,40960
683,VM_003,2,1000,1024,61440
683,VM_011,3,1500,2048,81920
683,VM_012,4,2000,3072,102400
683,VM_013,1,500,512,40960
683,VM_023,2,1000,1024,61440
683,VM_025,3,1500,2048,81920
684,VM_001,1,500,512,40960
684,VM_003,2,1000,1024,61440
684,VM_011,3,1500,2048,81920
684,VM_012,4,2000,3072,102400
684,VM_013,1,500,512,40960
684,VM_023,2,1000,1024,61440
684,VM_025,3,1500,2048,81920
685,VM_001,1,500,512,40960
685,VM_003,2,1000,1024,61440
685,VM_011,3,1500,2048,81920
685,VM_012,4,2000,3072,102400
685,VM_013,1,500,512,40960
685,VM_023,2,1000,1024,61440
685,VM_025,3,1500,2048,81920
686,VM_001,1,500,512,40960
686,VM_003,2,1000,1024,61440
686,VM_011,3,1500,2048,81920
686,VM_012,4,2000,3072,102400
686,VM_013,1,500,512,40960
686,VM_023,2,1000,1024,61440
686,VM_025,3,1500,2048,81920
687,VM_001,1,500,512,40960
687,VM_003,2,1000,1024,61440
687,VM_011,3,1500,2048,81920
687,VM_012,4,2000,3072,102400
687,VM_013,1,500,512,40960
687,VM_023,2,1000,1024,61440
687,VM_025,3,1500,2048,81920
688,VM_001,1,500,512,40960
688,VM_003,2,1000,1024,61440
688,VM_011,3,1500,2048,81920
688,VM_012,4,2000,3072,102400
688,VM_013,1,500,512,40960
688,VM_023,2,1000,1024,61440
688,VM_025,3,1500,2048,81920
689,VM_001,1,500,512,40960
689,VM_003,2,1000,1024,61440
689,VM_011,3,1500,2048,81920
689,VM_012,4,2000,3072,102400
689,VM_013,1,500,512,40960
689,VM_023,2,1000,1024,61440
689,VM_025,3,1500,2048,81920
690,VM_001,1,500,512,40960
690,VM_003,2,1000,1024,61440
690,VM_011,3,1500,2048,81920
690,VM_012,4,2000,3072,102400
690,VM_013,1,500,512,40960
690,VM_023,2,1000,1024,61440
690,VM_025,3,1500,2048,81920
691,VM_001,1,500,512,40960
691,VM_003,2,1000,1024,61440
691,VM_011,3,1500,2048,81920
691,VM_012,4,2000,3072,102400
691,VM_013,1,500,512,40960
691,VM_023,2,1000,1024,61440
691,VM_025,3,1500,2048,81920
692,VM_001,1,500,512,40960
692,VM_003,2,1000,1024,61440
692,VM_011,3,1500,2048,81920
692,VM_012,4,2000,3072,102400
692,VM_013,1,500,512,40960
692,VM_023,2,1000,1024,61440
692,VM_025,3,1500,2048,81920
693,VM_001,1,500,512,40960
693,VM_003,2,1000,1024,61440
693,VM_011,3,1500,2048,81920
693,VM_012,4,2000,3072,102400
693,VM_013,1,500,512,40960
693,VM_023,2,1000,1024,61440
693,VM_025,3,1500,2048,81920
694,VM_001,1,500,512,40960
694,VM_003,2,1000,1024,61440
694,VM_011,3,1500,2048,81920
694,VM_012,4,2000,3072,102400
694,VM_013,1,500,512,40960
694,VM_023,2,1000,1024,61440
694,VM_025,3,1500,2048,81920
695,VM_001,1,500,512,40960
695,VM_003,2,1000,1024,61440
695,VM_011,3,1500,2048,81920
695,VM_012,4,2000,3072,102400
695,VM_013,1,500,512,40960
695,VM_023,2,1000,1024,61440
695,VM_025,3,1500,2048,81920
696,VM_001,1,500,512,40960
696,VM_003,2,1000,1024,61440
696,VM_011,3,1500,2048,81920
696,VM_012,4,2000,3072,102400
696,VM_013,1,500,512,40960
696,VM_023,2,1000,1024,61440
696,VM_025,3,1500,2048,81920
697,VM_001,1,500,512,40960
697,VM_003,2,1000,1024,61440
697,VM_011,3,1500,2048,81920
697,VM_012,4,2000,3072,102400
697,VM_013,1,500,512,40960
697,VM_023,2,1000,1024,61440
697,VM_025,3,1500,2048,81920
698,VM_001,1,500,512,40960
698,VM_003,2,1000,1024,61440
698,VM_011,3,1500,2048,81920
698,VM_012,4,2000,3072,102400
698,VM_013,1,500,512,40960
698,VM_023,2,1000,1024,61440
698,VM_025,3,1500,2048,81920
699,VM_001,1,500,512,40960
699,VM_003,2,1000,1024,61440
699,VM_011,3,1500,2048,81920
699,VM_012,4,2000,3072,102400
699,VM_013,1,500,512,40960
699,VM_023,2,1000,1024,61440
699,VM_025,3,1500,2048,81920
700,VM_001,1,500,512,40960
700,VM_003,2,1000,1024,61440
700,VM_011,3,1500,2048,81920
700,VM_012,4,2000,3072,102400
700,VM_013,1,500,512,40960
700,VM_023,2,1000,1024,61440
700,VM_025,3,1500,2048,81920
701,VM_001,1,500,512,40960
701,VM_003,2,1000,1024,61440
701,VM_011,3,1500,2048,81920
701,VM_012,4,2000,3072,102400
701,VM_013,1,500,512,40960
701,VM_023,2,1000,1024,61440
701,VM_025,3,1500,2048,81920
702,VM_001,1,500,512,40960
702,VM_003,2,1000,1024,61440
702,VM_011,3,1500,2048,81920
702,VM_012,4,2000,3072,102400
702,VM_013,1,500,512,40960
702,VM_023,2,1000,1024,61440
702,VM_025,3,1500,2048,81920
703,VM_001,1,500,512,40960
703,VM_003,2,1000,1024,61440
703,VM_011,3,1500,2048,81920
703,VM_012,4,2000,3072,102400
703,VM_013,1,500,512,40960
703,VM_023,2,1000,1024,61440
703,VM_025,3,1500,2048,81920
704,VM_001,1,500,512,40960
704,VM_003,2,1000,1024,61440
704,VM_011,3,1500,2048,81920
704,VM_012,4,2000,3072,102400
704,VM_013,1,500,512,40960
704,VM_023,2,1000,1024,61440
704,VM_025,3,1500,2048,81920
705,VM_001,1,500,512,40960
705,VM_003,2,1000,1024,61440
705,VM_011,3,1500,2048,81920
705,VM_012,4,2000,3072,102400
705,VM_013,1,500,512,40960
705,VM_023,2,1000,1024,61440
705,VM_025,3,1500,2048,81920
706,VM_001,1,500,512,40960
706,VM_003,2,1000,1024,61440
706,VM_011,3,1500,2048,81920
706,VM_012,4,2000,3072,102400
706,VM_013,1,500,512,40960
706,VM_023,2,1000,1024,61440
706,VM_025,3,1500,2048,81920
707,VM_001,1,500,512,40960
707,VM_003,2,1000,1024,61440
707,VM_011,3,1500,2048,81920
707,VM_012,4,2000,3072,102400
707,VM_013,1,500,512,40960
707,VM_023,2,1000,1024,61440
707,VM_025,3,1500,2048,81920
708,VM_001,1,500,512,40960
708,VM_003,2,1000,1024,61440
708,VM_011,3,1500,2048,81920
708,VM_012,4,2000,3072,102400
708,VM_013,1,500,512,40960
708,VM_023,2,1000,1024,61440
708,VM_025,3,1500,2048,81920
709,VM_001,1,500,512,40960
709,VM_003,2,1000,1024,61440
709,VM_011,3,1500,2048,81920
709,VM_012,4,2000,3072,102400
709,VM_013,1,500,512,40960
709,VM_023,2,1000,1024,61440
709,VM_025,3,1500,2048,81920
710,VM_001,1,500,512,40960
710,VM_003,2,1000,1024,61440
710,VM_011,3,1500,2048,81920
710,VM_012,4,2000,3072,102400
710,VM_013,1,500,512,40960
710,VM_023,2,1000,1024,61440
710,VM_025,3,1500,2048,81920
711,VM_001,1,500,512,40960
711,VM_003,2,1000,1024,61440
711,VM_011,3,1500,2048,81920
711,VM_012,4,2000,3072,102400
711,VM_013,1,500,512,40960
711,VM_023,2,1000,1024,61440
711,VM_025,3,1500,2048,81920
712,VM_001,1,500,512,40960
712,VM_003,2,1000,1024,61440
712,VM_011,3,1500,2048,81920
712,VM_012,4,2000,3072,102400
712,VM_013,1,500,512,40960
712,VM_023,2,1000,1024,61440
712,VM_025,3,1500,2048,81920
713,VM_001,1,500,512,40960
713,VM_003,2,1000,1024,61440
713,VM_011,3,1500,2048,81920
713,VM_012,4,2000,3072,102400
713,VM_013,1,500,512,40960
713,VM_023,2,1000,1024,61440
713,VM_025,3,1500,2048,81920
714,VM_001,1,500,512,40960
714,VM_003,2,1000,1024,61440
714,VM_011,3,1500,2048,81920
714,VM_012,4,2000,3072,102400
714,VM_013,1,500,512,40960
714,VM_023,2,1000,1024,61440
714,VM_025,3,1500,2048,81920
715,VM_001,1,500,512,40960
715,VM_003,2,1000,1024,61440
715,VM_011,3,1500,2048,81920
715,VM_012,4,2000,3072,102400
715,VM_013,1,500,512,40960
715,VM_023,2,1000,1024,61440
715,VM_025,3,1500,2048,81920
716,VM_001,1,500,512,40960
716,VM_003,2,1000,1024,61440
716,VM_011,3,1500,2048,81920
716,VM_012,4,2000,3072,102400
716,VM_013,1,500,512,40960
716,VM_023,2,1000,1024,61440
716,VM_025,3,1500,2048,81920
717,VM_001,1,500,512,40960
717,VM_003,2,1000,1024,61440
717,VM_011,3,1500,2048,81920
717,VM_012,4,2000,3072,102400
717,VM_013,1,500,512,40960
717,VM_023,2,1000,1024,61440
717,VM_025,3,1500,2048,81920
718,VM_001,1,500,512,40960
718,VM_003,2,1000,1024,61440
718,VM_011,3,1500,2048,81920
718,VM_012,4,2000,3072,102400
718,VM_013,1,500,512,40960
718,VM_023,2,1000,1024,61440
718,VM_025,3,1500,2048,81920
719,VM_001,1,500,512,40960
719,VM_003,2,1000,1024,61440
719,VM_011,3,1500,2048,81920
719,VM_012,4,2000,3072,102400
719,VM_013,1,500,512,40960
719,VM_023,2,1000,1024,61440
719,VM_025,3,1500,2048,81920
720,VM_001,1,500,512,40960
720,VM_003,2,1000,1024,61440
720,VM_011,3,1500,2048,81920
720,VM_012,4,2000,3072,102400
720,VM_013,1,500,512,40960
720,VM_023,2,1000,1024,61440
720,VM_025,3,1500,2048,81920
721,VM_001,1,500,512,40960
721,VM_003,2,1000,1024,61440
721,VM_011,3,1500,2048,81920
721,VM_012,4,2000,3072,102400
721,VM_013,1,500,512,40960
721,VM_023,2,1000,1024,61440
721,VM_025,3,1500,2048,81920
722,VM_001,1,500,512,40960
722,VM_003,2,1000,1024,61440
722,VM_011,3,1500,2048,81920
722,VM_012,4,2000,3072,102400
722,VM_013,1,500,512,40960
722,VM_023,2,1000,1024,61440
722,VM_025,3,1500,2048,81920
723,VM_001,1,500,512,40960
723,VM_003,2,1000,1024,61440
723,VM_011,3,1500,2048,81920
723,VM_012,4,2000,3072,102400
723,VM_013,1,500,512,40960
723,VM_023,2,1000,1024,61440
723,VM_025,3,1500,2048,81920
724,VM_001,1,500,512,40960
724,VM_003,2,1000,1024,61440
724,VM_011,3,1500,2048,81920
724,VM_012,4,2000,3072,102400
724,VM_013,1,500,512,40960
724,VM_023,2,1000,1024,61440
724,VM_025,3,1500,2048,81920
725,VM_001,1,500,512,40960
725,VM_003,2,1000,1024,61440
725,VM_011,3,1500,2048,81920
725,VM_012,4,2000,3072,102400
725,VM_013,1,500,512,40960
725,VM_023,2,1000,1024,61440
725,VM_025,3,1500,2048,81920
726,VM_001,1,500,512,40960
726,VM_003,2,1000,1024,61440
726,VM_011,3,1500,2048,81920
726,VM_012,4,2000,3072,102400
726,VM_013,1,500,512,40960
726,VM_023,2,1000,1024,61440
726,VM_025,3,1500,2048,81920
727,VM_001,1,500,512,40960
727,VM_003,2,1000,1024,61440
727,VM_011,3,1500,2048,81920
727,VM_012,4,2000,3072,102400
727,VM_013,1,500,512,40960
727,VM_023,2,1000,1024,61440
727,VM_025,3,1500,2048,81920
728,VM_001,1,500,512,40960
728,VM_003,2,1000,1024,61440
728,VM_011,3,1500,2048,81920
728,VM_012,4,2000,3072,102400
728,VM_013,1,500,512,40960
728,VM_023,2,1000,1024,61440
728,VM_025,3,1500,2048,81920
729,VM_001,1,500,512,40960
729,VM_003,2,1000,1024,61440
729,VM_011,3,1500,2048,81920
729,VM_012,4,2000,3072,102400
729,VM_013,1,500,512,40960
729,VM_023,2,1000,1024,61440
729,VM_025,3,1500,2048,81920
730,VM_001,1,500,512,40960
730,VM_003,2,1000,1024,61440
730,VM_011,3,1500,2048,81920
730,VM_012,4,2000,3072,102400
730,VM_013,1,500,512,40960
730,VM_023,2,1000,1024,61440
730,VM_025,3,1500,2048,81920
731,VM_001,1,500,512,40960
731,VM_003,2,1000,1024,61440
731,VM_011,3,1500,2048,81920
731,VM_012,4,2000,3072,102400
731,VM_013,1,500,512,40960
731,VM_023,2,1000,1024,61440
731,VM_025,3,1500,2048,81920
732,VM_001,1,500,512,40960
732,VM_003,2,1000,1024,61440
732,VM_011,3,1500,2048,81920
732,VM_012,4,2000,3072,102400
732,VM_013,1,500,512,40960
732,VM_023,2,1000,1024,61440
732,VM_025,3,1500,2048,81920
733,VM_001,1,500,512,40960
733,VM_003,2,1000,1024,61440
733,VM_011,3,1500,2048,81920
733,VM_012,4,2000,3072,102400
733,VM_013,1,500,512,40960
733,VM_023,2,1000,1024,61440
733,VM_025,3,1500,2048,81920
734,VM_001,1,500,512,40960
734,VM_003,2,1000,1024,61440
734,VM_011,3,1500,2048,81920
734,VM_012,4,2000,3072,102400
734,VM_013,1,500,512,40960
734,VM_023,2,1000,1024,61440
734,VM_025,3,1500,2048,81920
735,VM_001,1,500,512,40960
735,VM_003,2,1000,1024,61440
735,VM_011,3,1500,2048,81920
735,VM_012,4,2000,3072,102400
735,VM_013,1,500,512,40960
735,VM_023,2,1000,1024,61440
735,VM_025,3,1500,2048,81920
736,VM_001,1,500,512,40960
736,VM_003,2,1000,1024,61440
736,VM_011,3,1500,2048,81920
736,VM_012,4,2000,3072,102400
736,VM_013,1,500,512,40960
736,VM_023,2,1000,1024,61440
736,VM_025,3,1500,2048,81920
737,VM_001,1,500,512,40960
737,VM_003,2,1000,1024,61440
737,VM_011,3,1500,2048,81920
737,VM_012,4,2000,3072,102400
737,VM_013,1,500,512,40960
737,VM_023,2,1000,1024,61440
737,VM_025,3,1500,2048,81920
738,VM_001,1,500,512,40960
738,VM_003,2,1000,1024,61440
738,VM_011,3,1500,2048,81920
738,VM_012,4,2000,3072,102400
738,VM_013,1,500,512,40960
738,VM_023,2,1000,1024,61440
738,VM_025,3,1500,2048,81920
739,VM_001,1,500,512,40960
739,VM_003,2,1000,1024,61440
739,VM_011,3,1500,2048,81920
739,VM_012,4,2000,3072,102400
739,VM_013,1,500,512,40960
739,VM_023,2,1000,1024,61440
739,VM_025,3,1500,2048,81920
740,VM_001,1,500,512,40960
740,VM_003,2,1000,1024,61440
740,VM_011,3,1500,2048,81920
740,VM_012,4,2000,3072,102400
740,VM_013,1,500,512,40960
740,VM_023,2,1000,1024,61440
740,VM_025,3,1500,2048,81920
741,VM_001,1,500,512,40960
741,VM_003,2,1000,1024,61440
741,VM_011,3,1500,2048,81920
741,VM_012,4,2000,3072,102400
741,VM_013,1,500,512,40960
741,VM_023,2,1000,1024,61440
741,VM_025,3,1500,2048,81920
742,VM_001,1,500,512,40960
742,VM_003,2,1000,1024,61440
742,VM_011,3,1500,2048,81920
742,VM_012,4,2000,3072,102400
742,VM_013,1,500,512,40960
742,VM_023,2,1000,1024,61440
742,VM_025,3,1500,2048,81920
743,VM_001,1,500,512,40960
743,VM_003,2,1000,1024,61440
743,VM_011,3,1500,2048,81920
743,VM_012,4,2000,3072,102400
743,VM_013,1,500,512,40960
743,VM_023,2,1000,1024,61440
743,VM_025,3,1500,2048,81920
744,VM_001,1,500,512,40960
744,VM_003,2,1000,1024,61440
744,VM_011,3,1500,2048,81920
744,VM_012,4,2000,3072,102400
744,VM_013,1,500,512,40960
744,VM_023,2,1000,1024,61440
744,VM_025,3,1500,2048,81920
745,VM_001,1,500,512,40960
745,VM_003,2,1000,1024,61440
745,VM_011,3,1500,2048,81920
745,VM_012,4,2000,3072,102400
745,VM_013,1,500,512,40960
745,VM_023,2,1000,1024,61440
745,VM_025,3,1500,2048,81920
746,VM_001,1,500,512,40960
746,VM_003,2,1000,1024,61440
746,VM_011,3,1500,2048,81920
746,VM_012,4,2000,3072,102400
746,VM_013,1,500,512,40960
746,VM_023,2,1000,1024,61440
746,VM_025,3,1500,2048,81920
747,VM_001,1,500,512,40960
747,VM_003,2,1000,1024,61440
747,VM_011,3,1500,2048,81920
747,VM_012,4,2000,3072,102400
747,VM_013,1,500,512,40960
747,VM_023,2,1000,1024,61440
747,VM_025,3,1500,2048,81920
748,VM_001,1,500,512,40960
748,VM_003,2,1000,1024,61440
748,VM_011,3,1500,2048,81920
748,VM_012,4,2000,3072,102400
748,VM_013,1,500,512,40960
748,VM_023,2,1000,1024,61440
748,VM_025,3,1500,2048,81920
749,VM_001,1,500,512,40960
749,VM_003,2,1000,1024,61440
749,VM_011,3,1500,2048,81920
749,VM_012,4,2000,3072,102400
749,VM_013,1,500,512,40960
749,VM_023,2,1000,1024,61440
749,VM_025,3,1500,2048,81920
750,VM_001,1,500,512,40960
750,VM_003,2,1000,1024,61440
750,VM_011,3,1500,2048,81920
750,VM_012,4,2000,3072,102400
750,VM_013,1,500,512,40960
750,VM_023,2,1000,1024,61440
750,VM_025,3,1500,2048,81920
751,VM_001,1,500,512,40960
751,VM_003,2,1000,1024,61440
751,VM_011,3,1500,2048,81920
751,VM_012,4,2000,3072,102400
751,VM_013,1,500,512,40960
751,VM_023,2,1000,1024,61440
751,VM_025,3,1500,2048,81920
752,VM_001,1,500,512,40960
752,VM_003,2,1000,1024,61440
752,VM_011,3,1500,2048,81920
752,VM_012,4,2000,3072,102400
752,VM_013,1,500,512,40960
752,VM_023,2,1000,1024,61440
752,VM_025,3,1500,2048,81920
753,VM_001,1,500,512,40960
753,VM_003,2,1000,1024,61440
753,VM_011,3,1500,2048,81920
753,VM_012,4,2000,3072,102400
753,VM_013,1,500,512,40960
753,VM_023,2,1000,1024,61440
753,VM_025,3,1500,2048,81920
754,VM_001,1,500,512,40960
754,VM_003,2,1000,1024,61440
754,VM_011,3,1500,2048,81920
754,VM_012,4,2000,3072,102400
754,VM_013,1,500,512,40960
754,VM_023,2,1000,1024,61440
754,VM_025,3,1500,2048,81920
755,VM_001,1,500,512,40960
755,VM_003,2,1000,1024,61440
755,VM_011,3,1500,2048,81920
755,VM_012,4,2000,3072,102400
755,VM_013,1,500,512,40960
755,VM_023,2,1000,1024,61440
755,VM_025,3,1500,2048,81920
756,VM_001,1,500,512,40960
756,VM_003,2,1000,1024,61440
756,VM_011,3,1500,2048,81920
756,VM_012,4,2000,3072,102400
756,VM_013,1,500,512,40960
756,VM_023,2,1000,1024,61440
756,VM_025,3,1500,2048,81920
757,VM_001,1,500,512,40960
757,VM_003,2,1000,1024,61440
757,VM_011,3,1500,2048,81920
757,VM_012,4,2000,3072,102400
757,VM_013,1,500,512,40960
757,VM_023,2,1000,1024,61440
757,VM_025,3,1500,2048,81920
758,VM_001,1,500,512,40960
758,VM_003,2,1000,1024,61440
758,VM_011,3,1500,2048,81920
758,VM_012,4,2000,3072,102400
758,VM_013,1,500,512,40960
758,VM_023,2,1000,1024,61440
758,VM_025,3,1500,2048,81920
759,VM_001,1,500,512,40960
759,VM_003,2,1000,1024,61440
759,VM_011,3,1500,2048,81920
759,VM_012,4,2000,3072,102400
759,VM_013,1,500,512,40960
759,VM_023,2,1000,1024,61440
759,VM_025,3,1500,2048,81920
760,VM_001,1,500,512,40960
760,VM_003,2,1000,1024,61440
760,VM_011,3,1500,2048,81920
760,VM_012,4,2000,3072,102400
760,VM_013,1,500,512,40960
760,VM_023,2,1000,1024,61440
760,VM_025,3,1500,2048,81920
761,VM_001,1,500,512,40960
761,VM_003,2,1000,1024,61440
761,VM_011,3,1500,2048,81920
761,VM_012,4,2000,3072,102400
761,VM_013,1,500,512,40960
761,VM_023,2,1000,1024,61440
761,VM_025,3,1500,2048,81920
762,VM_001,1,500,512,40960
762,VM_003,2,1000,1024,61440
762,VM_011,3,1500,2048,81920
762,VM_012,4,2000,3072,102400
762,VM_013,1,500,512,40960
762,VM_023,2,1000,1024,61440
762,VM_025,3,1500,2048,81920
763,VM_001,1,500,512,40960
763,VM_003,2,1000,1024,61440
763,VM_011,3,1500,2048,81920
763,VM_012,4,2000,3072,102400
763,VM_013,1,500,512,40960
763,VM_023,2,1000,1024,61440
763,VM_025,3,1500,2048,81920
764,VM_001,1,500,512,40960
764,VM_003,2,1000,1024,61440
764,VM_011,3,1500,2048,81920
764,VM_012,4,2000,3072,102400
764,VM_013,1,500,512,40960
764,VM_023,2,1000,1024,61440
764,VM_025,3,1500,2048,81920
765,VM_001,1,500,512,40960
765,VM_003,2,1000,1024,61440
765,VM_011,3,1500,2048,81920
765,VM_012,4,2000,3072,102400
765,VM_013,1,500,512,40960
765,VM_023,2,1000,1024,61440
765,VM_025,3,1500,2048,81920
766,VM_001,1,500,512,40960
766,VM_003,2,1000,1024,61440
766,VM_011,3,1500,2048,81920
766,VM_012,4,2000,3072,102400
766,VM_013,1,500,512,40960
766,VM_023,2,1000,1024,61440
766,VM_025,3,1500,2048,81920
767,VM_001,1,500,512,40960
767,VM_003,2,1000,1024,61440
767,VM_011,3,1500,2048,81920
767,VM_012,4,2000,3072,102400
767,VM_013,1,500,512,40960
767,VM_023,2,1000,1024,61440
767,VM_025,3,1500,2048,81920
768,VM_001,1,500,512,40960
768,VM_003,2,1000,1024,61440
768,VM_011,3,1500,2048,81920
768,VM_012,4,2000,3072,102400
768,VM_013,1,500,512,40960
768,VM_023,2,1000,1024,61440
768,VM_025,3,1500,2048,81920
769,VM_001,1,500,512,40960
769,VM_003,2,1000,1024,61440
769,VM_011,3,1500,2048,81920
769,VM_012,4,2000,3072,102400
769,VM_013,1,500,512,40960
769,VM_023,2,1000,1024,61440
769,VM_025,3,1500,2048,81920
770,VM_001,1,500,512,40960
770,VM_003,2,1000,1024,61440
770,VM_011,3,1500,2048,81920
770,VM_012,4,2000,3072,102400
770,VM_013,1,500,512,40960
770,VM_023,2,1000,1024,61440
770,VM_025,3,1500,2048,81920
771,VM_001,1,500,512,40960
771,VM_003,2,1000,1024,61440
771,VM_011,3,1500,2048,81920
771,VM_012,4,2000,3072,102400
771,VM_013,1,500,512,40960
771,VM_023,2,1000,1024,61440
771,VM_025,3,1500,2048,81920
772,VM_001,1,500,512,40960
772,VM_003,2,1000,1024,61440
772,VM_011,3,1500,2048,81920
772,VM_012,4,2000,3072,102400
772,VM_013,1,500,512,40960
772,VM_023,2,1000,1024,61440
772,VM_025,3,1500,2048,81920
773,VM_001,1,500,512,40960
773,VM_003,2,1000,1024,61440
773,VM_011,3,1500,2048,81920
773,VM_012,4,2000,3072,102400
773,VM_013,1,500,512,40960
773,VM_023,2,1000,1024,61440
773,VM_025,3,1500,2048,81920
774,VM_001,1,500,512,40960
774,VM_003,2,1000,1024,61440
774,VM_011,3,1500,2048,81920
774,VM_012,4,2000,3072,102400
774,VM_013,1,500,512,40960
774,VM_023,2,1000,1024,61440
774,VM_025,3,1500,2048,81920
775,VM_001,1,500,512,40960
775,VM_003,2,1000,1024,61440
775,VM_011,3,1500,2048,81920
775,VM_012,4,2000,3072,102400
775,VM_013,1,500,512,40960
775,VM_023,2,1000,1024,61440
775,VM_025,3,1500,2048,81920
776,VM_001,1,500,512,40960
776,VM_003,2,1000,1024,61440
776,VM_011,3,1500,2048,81920
776,VM_012,4,2000,3072,102400
776,VM_013,1,500,512,40960
776,VM_023,2,1000,1024,61440
776,VM_025,3,1500,2048,81920
777,VM_001,1,500,512,40960
777,VM_003,2,1000,1024,61440
777,VM_011,3,1500,2048,81920
777,VM_012,4,2000,3072,102400
777,VM_013,1,500,512,40960
777,VM_023,2,1000,1024,61440
777,VM_025,3,1500,2048,81920
778,VM_001,1,500,512,40960
778,VM_003,2,1000,1024,61440
778,VM_011,3,1500,2048,81920
778,VM_012,4,2000,3072,102400
778,VM_013,1,500,512,40960
778,VM_023,2,1000,1024,61440
778,VM_025,3,1500,2048,81920
779,VM_001,1,500,512,40960
779,VM_003,2,1000,1024,61440
779,VM_011,3,1500,2048,81920
779,VM_012,4,2000,3072,102400
779,VM_013,1,500,512,40960
779,VM_023,2,1000,1024,61440
779,VM_025,3,1500,2048,81920
780,VM_001,1,500,512,40960
780,VM_003,2,1000,1024,61440
780,VM_011,3,1500,2048,81920
780,VM_012,4,2000,3072,102400
780,VM_013,1,500,512,40960
780,VM_023,2,1000,1024,61440
780,VM_025,3,1500,2048,81920
781,VM_001,1,500,512,40960
781,VM_003,2,1000,1024,61440
781,VM_011,3,1500,2048,81920
781,VM_012,4,2000,3072,102400
781,VM_013,1,500,512,40960
781,VM_023,2,1000,1024,61440
781,VM_025,3,1500,2048,81920
782,VM_001,1,500,512,40960
782,VM_003,2,1000,1024,61440
782,VM_011,3,1500,2048,81920
782,VM_012,4,2000,3072,102400
782,VM_013,1,500,512,40960
782,VM_023,2,1000,1024,61440
782,VM_025,3,1500,2048,81920
783,VM_001,1,500,512,40960
783,VM_003,2,1000,1024,61440
783,VM_011,3,1500,2048,81920
783,VM_012,4,2000,3072,102400
783,VM_013,1,500,512,40960
783,VM_023,2,1000,1024,61440
783,VM_025,3,1500,2048,81920
784,VM_001,1,500,512,40960
784,VM_003,2,1000,1024,61440
784,VM_011,3,1500,2048,81920
784,VM_012,4,2000,3072,102400
784,VM_013,1,500,512,40960
784,VM_023,2,1000,1024,61440
784,VM_025,3,1500,2048,81920
785,VM_001,1,500,512,40960
785,VM_003,2,1000,1024,61440
785,VM_011,3,1500,2048,81920
785,VM_012,4,2000,3072,102400
785,VM_013,1,500,512,40960
785,VM_023,2,1000,1024,61440
785,VM_025,3,1500,2048,81920
786,VM_001,1,500,512,40960
786,VM_003,2,1000,1024,61440
786,VM_011,3,1500,2048,81920
786,VM_012,4,2000,3072,102400
786,VM_013,1,500,512,40960
786,VM_023,2,1000,1024,61440
786,VM_025,3,1500,2048,81920
787,VM_001,1,500,512,40960
787,VM_003,2,1000,1024,61440
787,VM_011,3,1500,2048,81920
787,VM_012,4,2000,3072,102400
787,VM_013,1,500,512,40960
787,VM_023,2,1000,1024,61440
787,VM_025,3,1500,2048,81920
788,VM_001,1,500,512,40960
788,VM_003,2,1000,1024,61440
788,VM_011,3,1500,2048,81920
788,VM_012,4,2000,3072,102400
788,VM_013,1,500,512,40960
788,VM_023,2,1000,1024,61440
788,VM_025,3,1500,2048,81920
789,VM_001,1,500,512,40960
789,VM_003,2,1000,1024,61440
789,VM_011,3,1500,2048,81920
789,VM_012,4,2000,3072,102400
789,VM_013,1,500,512,40960
789,VM_023,2,1000,1024,61440
789,VM_025,3,1500,2048,81920
790,VM_001,1,500,512,40960
790,VM_003,2,1000,1024,61440
790,VM_011,3,1500,2048,81920
790,VM_012,4,2000,3072,102400
790,VM_013,1,500,512,40960
790,VM_023,2,1000,1024,61440
790,VM_025,3,1500,2048,81920
791,VM_001,1,500,512,40960
791,VM_003,2,1000,1024,61440
791,VM_011,3,1500,2048,81920
791,VM_012,4,2000,3072,102400
791,VM_013,1,500,512,40960
791,VM_023,2,1000,1024,61440
791,VM_025,3,1500,2048,81920
792,VM_001,1,500,512,40960
792,VM_003,2,1000,1024,61440
792,VM_011,3,1500,2048,81920
792,VM_012,4,2000,3072,102400
792,VM_013,1,500,512,40960
792,VM_023,2,1000,1024,61440
792,VM_025,3,1500,2048,81920
793,VM_001,1,500,512,40960
793,VM_003,2,1000,1024,61440
793,VM_011,3,1500,2048,81920
793,VM_012,4,2000,3072,102400
793,VM_013,1,500,512,40960
793,VM_023,2,1000,1024,61440
793,VM_025,3,1500,2048,81920
794,VM_001,1,500,512,40960
794,VM_003,2,1000,1024,61440
794,VM_011,3,1500,2048,81920
794,VM_012,4,2000,3072,102400
794,VM_013,1,500,512,40960
794,VM_023,2,1000,1024,61440
794,VM_025,3,1500,2048,81920
795,VM_001,1,500,512,40960
795,VM_003,2,1000,1024,61440
795,VM_011,3,1500,2048,81920
795,VM_012,4,2000,3072,102400
795,VM_013,1,500,512,40960
795,VM_023,2,1000,1024,61440
795,VM_025,3,1500,2048,81920
796,VM_001,1,500,512,40960
796,VM_003,2,1000,1024,61440
796,VM_011,3,1500,2048,81920
796,VM_012,4,2000,3072,102400
796,VM_013,1,500,512,40960
796,VM_023,2,1000,1024,61440
796,VM_025,3,1500,2048,81920
797,VM_001,1,500,512,40960
797,VM_003,2,1000,1024,61440
797,VM_011,3,1500,2048,81920
797,VM_012,4,2000,3072,102400
797,VM_013,1,500,512,40960
797,VM_023,2,1000,1024,61440
797,VM_025,3,1500,2048,81920
798,VM_001,1,500,512,40960
798,VM_003,2,1000,1024,61440
798,VM_011,3,1500,2048,81920
798,VM_012,4,2000,3072,102400
798,VM_013,1,500,512,40960
798,VM_023,2,1000,1024,61440
798,VM_025,3,1500,2048,81920
799,VM_001,1,500,512,40960
799,VM_003,2,1000,1024,61440
799,VM_011,3,1500,2048,81920
799,VM_012,4,2000,3072,102400
799,VM_013,1,500,512,40960
799,VM_023,2,1000,1024,61440
799,VM_025,3,1500,2048,81920
800,VM_001,1,500,512,40960
800,VM_003,2,1000,1024,61440
800,VM_011,3,1500,2048,81920
800,VM_012,4,2000,3072,102400
800,VM_013,1,500,512,40960
800,VM_023,2,1000,1024,61440
800,VM_025,3,1500,2048,81920
801,VM_001,1,500,512,40960
801,VM_003,2,1000,1024,61440
801,VM_011,3,1500,2048,81920
801,VM_012,4,2000,3072,102400
801,VM_013,1,500,512,40960
801,VM_023,2,1000,1024,61440
801,VM_025,3,1500,2048,81920
802,VM_001,1,500,512,40960
802,VM_003,2,1000,1024,61440
802,VM_011,3,1500,2048,81920
802,VM_012,4,2000,3072,102400
802,VM_013,1,500,512,40960
802,VM_023,2,1000,1024,61440
802,VM_025,3,1500,2048,81920
803,VM_001,1,500,512,40960
803,VM_003,2,1000,1024,61440
803,VM_011,3,1500,2048,81920
803,VM_012,4,2000,3072,102400
803,VM_013,1,500,512,40960
803,VM_023,2,1000,1024,61440
803,VM_025,3,1500,2048,81920
804,VM_001,1,500,512,40960
804,VM_003,2,1000,1024,61440
804,VM_011,3,1500,2048,81920
804,VM_012,4,2000,3072,102400
804,VM_013,1,500,512,40960
804,VM_023,2,1000,1024,61440
804,VM_025,3,1500,2048,81920
805,VM_001,1,500,512,40960
805,VM_003,2,1000,1024,61440
805,VM_011,3,1500,2048,81920
805,VM_012,4,2000,3072,102400
805,VM_013,1,500,512,40960
805,VM_023,2,1000,1024,61440
805,VM_025,3,1500,2048,81920
806,VM_001,1,500,512,40960
806,VM_003,2,1000,1024,61440
806,VM_011,3,1500,2048,81920
806,VM_012,4,2000,3072,102400
806,VM_013,1,500,512,40960
806,VM_023,2,1000,1024,61440
806,VM_025,3,1500,2048,81920
807,VM_001,1,500,512,40960
807,VM_003,2,1000,1024,61440
807,VM_011,3,1500,2048,81920
807,VM_012,4,2000,3072,102400
807,VM_013,1,500,512,40960
807,VM_023,2,1000,1024,61440
807,VM_025,3,1500,2048,81920
808,VM_001,1,500,512,40960
808,VM_003,2,1000,1024,61440
808,VM_011,3,1500,2048,81920
808,VM_012,4,2000,3072,102400
808,VM_013,1,500,512,40960
808,VM_023,2,1000,1024,61440
808,VM_025,3,1500,2048,81920
809,VM_001,1,500,512,40960
809,VM_003,2,1000,1024,61440
809,VM_011,3,1500,2048,81920
809,VM_012,4,2000,3072,102400
809,VM_013,1,500,512,40960
809,VM_023,2,1000,1024,61440
809,VM_025,3,1500,2048,81920
810,VM_001,1,500,512,40960
810,VM_003,2,1000,1024,61440
810,VM_011,3,1500,2048,81920
810,VM_012,4,2000,3072,102400
810,VM_013,1,500,512,40960
810,VM_023,2,1000,1024,61440
810,VM_025,3,1500,2048,81920
811,VM_001,1,500,512,40960
811,VM_003,2,1000,1024,61440
811,VM_011,3,1500,2048,81920
811,VM_012,4,2000,3072,102400
811,VM_013,1,500,512,40960
811,VM_023,2,1000,1024,61440
811,VM_025,3,1500,2048,81920
812,VM_001,1,500,512,40960
812,VM_003,2,1000,1024,61440
812,VM_011,3,1500,2048,81920
812,VM_012,4,2000,3072,102400
812,VM_013,1,500,512,40960
812,VM_023,2,1000,1024,61440
812,VM_025,3,1500,2048,81920
813,VM_001,1,500,512,40960
813,VM_003,2,1000,1024,61440
813,VM_011,3,1500,2048,81920
813,VM_012,4,2000,3072,102400
813,VM_013,1,500,512,40960
813,VM_023,2,1000,1024,61440
813,VM_025,3,1500,2048,81920
814,VM_001,1,500,512,40960
814,VM_003,2,1000,1024,61440
814,VM_011,3,1500,2048,81920
814,VM_012,4,2000,3072,102400
814,VM_013,1,500,512,40960
814,VM_023,2,1000,1024,61440
814,VM_025,3,1500,2048,81920
815,VM_001,1,500,512,40960
815,VM_003,2,1000,1024,61440
815,VM_011,3,1500,2048,81920
815,VM_012,4,2000,3072,102400
815,VM_013,1,500,512,40960
815,VM_023,2,1000,1024,61440
815,VM_025,3,1500,2048,81920
816,VM_001,1,500,512,40960
816,VM_003,2,1000,1024,61440
816,VM_011,3,1500,2048,81920
816,VM_012,4,2000,3072,102400
816,VM_013,1,500,512,40960
816,VM_023,2,1000,1024,61440
816,VM_025,3,1500,2048,81920
817,VM_001,1,500,512,40960
817,VM_003,2,1000,1024,61440
817,VM_011,3,1500,2048,81920
817,VM_012,4,2000,3072,102400
817,VM_013,1,500,512,40960
817,VM_023,2,1000,1024,61440
817,VM_025,3,1500,2048,81920
818,VM_001,1,500,512,40960
818,VM_003,2,1000,1024,61440
818,VM_011,3,1500,2048,81920
818,VM_012,4,2000,3072,102400
818,VM_013,1,500,512,40960
818,VM_023,2,1000,1024,61440
818,VM_025,3,1500,2048,81920
819,VM_001,1,500,512,40960
819,VM_003,2,1000,1024,61440
819,VM_011,3,1500,2048,81920
819,VM_012,4,2000,3072,102400
819,VM_013,1,500,512,40960
819,VM_023,2,1000,1024,61440
819,VM_025,3,1500,2048,81920
820,VM_001,1,500,512,40960
820,VM_003,2,1000,1024,61440
820,VM_011,3,1500,2048,81920
820,VM_012,4,2000,3072,102400
820,VM_013,1,500,512,40960
820,VM_023,2,1000,1024,61440
820,VM_025,3,1500,2048,81920
821,VM_001,1,500,512,40960
821,VM_003,2,1000,1024,61440
821,VM_011,3,1500,2048,81920
821,VM_012,4,2000,3072,102400
821,VM_013,1,500,512,40960
821,VM_023,2,1000,1024,61440
821,VM_025,3,1500,2048,81920
822,VM_001,1,500,512,40960
822,VM_003,2,1000,1024,61440
822,VM_011,3,1500,2048,81920
822,VM_012,4,2000,3072,102400
822,VM_013,1,500,512,40960
822,VM_023,2,1000,1024,61440
822,VM_025,3,1500,2048,81920
823,VM_001,1,500,512,40960
823,VM_003,2,1000,1024,61440
823,VM_011,3,1500,2048,81920
823,VM_012,4,2000,3072,102400
823,VM_013,1,500,512,40960
823,VM_023,2,1000,1024,61440
823,VM_025,3,1500,2048,81920
824,VM_001,1,500,512,40960
824,VM_003,2,1000,1024,61440
824,VM_011,3,1500,2048,81920
824,VM_012,4,2000,3072,102400
824,VM_013,1,500,512,40960
824,VM_023,2,1000,1024,61440
824,VM_025,3,1500,2048,81920
825,VM_001,1,500,512,40960
825,VM_003,2,1000,1024,61440
825,VM_011,3,1500,2048,81920
825,VM_012,4,2000,3072,102400
825,VM_013,1,500,512,40960
825,VM_023,2,1000,1024,61440
825,VM_025,3,1500,2048,81920
826,VM_001,1,500,512,40960
826,VM_003,2,1000,1024,61440
826,VM_011,3,1500,2048,81920
826,VM_012,4,2000,3072,102400
826,VM_013,1,500,512,40960
826,VM_023,2,1000,1024,61440
826,VM_025,3,1500,2048,81920
827,VM_001,1,500,512,40960
827,VM_003,2,1000,1024,61440
827,VM_011,3,1500,2048,81920
827,VM_012,4,2000,3072,102400
827,VM_013,1,500,512,40960
827,VM_023,2,1000,1024,61440
827,VM_025,3,1500,2048,81920
828,VM_001,1,500,512,40960
828,VM_003,2,1000,1024,61440
828,VM_011,3,1500,2048,81920
828,VM_012,4,2000,3072,102400
828,VM_013,1,500,512,40960
828,VM_023,2,1000,1024,61440
828,VM_025,3,1500,2048,81920
829,VM_001,1,500,512,40960
829,VM_003,2,1000,1024,61440
829,VM_011,3,1500,2048,81920
829,VM_012,4,2000,3072,102400
829,VM_013,1,500,512,40960
829,VM_023,2,1000,1024,61440
829,VM_025,3,1500,2048,81920
830,VM_001,1,500,512,40960
830,VM_003,2,1000,1024,61440
830,VM_011,3,1500,2048,81920
830,VM_012,4,2000,3072,102400
830,VM_013,1,500,512,40960
830,VM_023,2,1000,1024,61440
830,VM_025,3,1500,2048,81920
831,VM_001,1,500,512,40960
831,VM_003,2,1000,1024,61440
831,VM_011,3,1500,2048,81920
831,VM_012,4,2000,3072,102400
831,VM_013,1,500,512,40960
831,VM_023,2,1000,1024,61440
831,VM_025,3,1500,2048,81920
832,VM_001,1,500,512,40960
832,VM_003,2,1000,1024,61440
832,VM_011,3,1500,2048,81920
832,VM_012,4,2000,3072,102400
832,VM_013,1,500,512,40960
832,VM_023,2,1000,1024,61440
832,VM_025,3,1500,2048,81920
833,VM_001,1,500,512,40960
833,VM_003,2,1000,1024,61440
833,VM_011,3,1500,2048,81920
833,VM_012,4,2000,3072,102400
833,VM_013,1,500,512,40960
833,VM_023,2,1000,1024,61440
833,VM_025,3,1500,2048,81920
834,VM_001,1,500,512,40960
834,VM_003,2,1000,1024,61440
834,VM_011,3,1500,2048,81920
834,VM_012,4,2000,3072,102400
834,VM_013,1,500,512,40960
834,VM_023,2,1000,1024,61440
834,VM_025,3,1500,2048,81920
835,VM_001,1,500,512,40960
835,VM_003,2,1000,1024,61440
835,VM_011,3,1500,2048,81920
835,VM_012,4,2000,3072,102400
835,VM_013,1,500,512,40960
835,VM_023,2,1000,1024,61440
835,VM_025,3,1500,2048,81920
836,VM_001,1,500,512,40960
836,VM_003,2,1000,1024,61440
836,VM_011,3,1500,2048,81920
836,VM_012,4,2000,3072,102400
836,VM_013,1,500,512,40960
836,VM_023,2,1000,1024,61440
836,VM_025,3,1500,2048,81920
837,VM_001,1,500,512,40960
837,VM_003,2,1000,1024,61440
837,VM_011,3,1500,2048,81920
837,VM_012,4,2000,3072,102400
837,VM_013,1,500,512,40960
837,VM_023,2,1000,1024,61440
837,VM_025,3,1500,2048,81920
838,VM_001,1,500,512,40960
838,VM_003,2,1000,1024,61440
838,VM_011,3,1500,2048,81920
838,VM_012,4,2000,3072,102400
838,VM_013,1,500,512,40960
838,VM_023,2,1000,1024,61440
838,VM_025,3,1500,2048,81920
839,VM_001,1,500,512,40960
839,VM_003,2,1000,1024,61440
839,VM_011,3,1500,2048,81920
839,VM_012,4,2000,3072,102400
839,VM_013,1,500,512,40960
839,VM_023,2,1000,1024,61440
839,VM_025,3,1500,2048,81920
840,VM_001,1,500,512,40960
840,VM_003,2,1000,1024,61440
840,VM_011,3,1500,2048,81920
840,VM_012,4,2000,3072,102400
840,VM_013,1,500,512,40960
840,VM_023,2,1000,1024,61440
840,VM_025,3,1500,2048,81920
841,VM_001,1,500,512,40960
841,VM_003,2,1000,1024,61440
841,VM_011,3,1500,2048,81920
841,VM_012,4,2000,3072,102400
841,VM_013,1,500,512,40960
841,VM_023,2,1000,1024,61440
841,VM_025,3,1500,2048,81920
842,VM_001,1,500,512,40960
842,VM_003,2,1000,1024,61440
842,VM_011,3,1500,2048,81920
842,VM_012,4,2000,3072,102400
842,VM_013,1,500,512,40960
842,VM_023,2,1000,1024,61440
842,VM_025,3,1500,2048,81920
843,VM_001,1,500,512,40960
843,VM_003,2,1000,1024,61440
843,VM_011,3,1500,2048,81920
843,VM_012,4,2000,3072,102400
843,VM_013,1,500,512,40960
843,VM_023,2,1000,1024,61440
843,VM_025,3,1500,2048,81920
844,VM_001,1,500,512,40960
844,VM_003,2,1000,1024,61440
844,VM_011,3,1500,2048,81920
844,VM_012,4,2000,3072,102400
844,VM_013,1,500,512,40960
844,VM_023,2,1000,1024,61440
844,VM_025,3,1500,2048,81920
845,VM_001,1,500,512,40960
845,VM_003,2,1000,1024,61440
845,VM_011,3,1500,2048,81920
845,VM_012,4,2000,3072,102400
845,VM_013,1,500,512,40960
845,VM_023,2,1000,1024,61440
845,VM_025,3,1500,2048,81920
846,VM_001,1,500,512,40960
846,VM_003,2,1000,1024,61440
846,VM_011,3,1500,2048,81920
846,VM_012,4,2000,3072,102400
846,VM_013,1,500,512,40960
846,VM_023,2,1000,1024,61440
846,VM_025,3,1500,2048,81920
847,VM_001,1,500,512,40960
847,VM_003,2,1000,1024,61440
847,VM_011,3,1500,2048,81920
847,VM_012,4,2000,3072,102400
847,VM_013,1,500,512,40960
847,VM_023,2,1000,1024,61440
847,VM_025,3,1500,2048,81920
848,VM_001,1,500,512,40960
848,VM_003,2,1000,1024,61440
848,VM_011,3,1500,2048,81920
848,VM_012,4,2000,3072,102400
848,VM_013,1,500,512,40960
848,VM_023,2,1000,1024,61440
848,VM_025,3,1500,2048,81920
849,VM_001,1,500,512,40960
849,VM_003,2,1000,1024,61440
849,VM_011,3,1500,2048,81920
849,VM_012,4,2000,3072,102400
849,VM_013,1,500,512,40960
849,VM_023,2,1000,1024,61440
849,VM_025,3,1500,2048,81920
850,VM_001,1,500,512,40960
850,VM_003,2,1000,1024,61440
850,VM_011,3,1500,2048,81920
850,VM_012,4,2000,3072,102400
850,VM_013,1,500,512,40960
850,VM_023,2,1000,1024,61440
850,VM_025,3,1500,2048,81920
851,VM_001,1,500,512,40960
851,VM_003,2,1000,1024,61440
851,VM_011,3,1500,2048,81920
851,VM_012,4,2000,3072,102400
851,VM_013,1,500,512,40960
851,VM_023,2,1000,1024,61440
851,VM_025,3,1500,2048,81920
852,VM_001,1,500,512,40960
852,VM_003,2,1000,1024,61440
852,VM_011,3,1500,2048,81920
852,VM_012,4,2000,3072,102400
852,VM_013,1,500,512,40960
852,VM_023,2,1000,1024,61440
852,VM_025,3,1500,2048,81920
853,VM_001,1,500,512,40960
853,VM_003,2,1000,1024,61440
853,VM_011,3,1500,2048,81920
853,VM_012,4,2000,3072,102400
853,VM_013,1,500,512,40960
853,VM_023,2,1000,1024,61440
853,VM_025,3,1500,2048,81920
854,VM_001,1,500,512,40960
854,VM_003,2,1000,1024,61440
854,VM_011,3,1500,2048,81920
854,VM_012,4,2000,3072,102400
854,VM_013,1,500,512,40960
854,VM_023,2,1000,1024,61440
854,VM_025,3,1500,2048,81920
855,VM_001,1,500,512,40960
855,VM_003,2,1000,1024,61440
855,VM_011,3,1500,2048,81920
855,VM_012,4,2000,3072,102400
855,VM_013,1,500,512,40960
855,VM_023,2,1000,1024,61440
855,VM_025,3,1500,2048,81920
856,VM_001,1,500,512,40960
856,VM_003,2,1000,1024,61440
856,VM_011,3,1500,2048,81920
856,VM_012,4,2000,3072,102400
856,VM_013,1,500,512,40960
856,VM_023,2,1000,1024,61440
856,VM_025,3,1500,2048,81920
857,VM_001,1,500,512,40960
857,VM_003,2,1000,1024,61440
857,VM_011,3,1500,2048,81920
857,VM_012,4,2000,3072,102400
857,VM_013,1,500,512,40960
857,VM_023,2,1000,1024,61440
857,VM_025,3,1500,2048,81920
858,VM_001,1,500,512,40960
858,VM_003,2,1000,1024,61440
858,VM_011,3,1500,2048,81920
858,VM_012,4,2000,3072,102400
858,VM_013,1,500,512,40960
858,VM_023,2,1000,1024,61440
858,VM_025,3,1500,2048,81920
859,VM_001,1,500,512,40960
859,VM_003,2,1000,1024,61440
859,VM_011,3,1500,2048,81920
859,VM_012,4,2000,3072,102400
859,VM_013,1,500,512,40960
859,VM_023,2,1000,1024,61440
859,VM_025,3,1500,2048,81920
860,VM_001,1,500,512,40960
860,VM_003,2,1000,1024,61440
860,VM_011,3,1500,2048,81920
860,VM_012,4,2000,3072,102400
860,VM_013,1,500,512,40960
860,VM_023,2,1000,1024,61440
860,VM_025,3,1500,2048,81920
861,VM_001,1,500,512,40960
861,VM_003,2,1000,1024,61440
861,VM_011,3,1500,2048,81920
861,VM_012,4,2000,3072,102400
861,VM_013,1,500,512,40960
861,VM_023,2,1000,1024,61440
861,VM_025,3,1500,2048,81920
862,VM_001,1,500,512,40960
862,VM_003,2,1000,1024,61440
862,VM_011,3,1500,2048,81920
862,VM_012,4,2000,3072,102400
862,VM_013,1,500,512,40960
862,VM_023,2,1000,1024,61440
862,VM_025,3,1500,2048,81920
863,VM_001,1,500,512,40960
863,VM_003,2,1000,1024,61440
863,VM_011,3,1500,2048,81920
863,VM_012,4,2000,3072,102400
863,VM_013,1,500,512,40960
863,VM_023,2,1000,1024,61440
863,VM_025,3,1500,2048,81920
864,VM_001,1,500,512,40960
864,VM_003,2,1000,1024,61440
864,VM_011,3,1500,2048,81920
864,VM_012,4,2000,3072,102400
864,VM_013,1,500,512,40960
864,VM_023,2,1000,1024,61440
864,VM_025,3,1500,2048,81920
865,VM_001,1,500,512,40960
865,VM_003,2,1000,1024,61440
865,VM_011,3,1500,2048,81920
865,VM_012,4,2000,3072,102400
865,VM_013,1,500,512,40960
865,VM_023,2,1000,1024,61440
865,VM_025,3,1500,2048,81920
866,VM_001,1,500,512,40960
866,VM_003,2,1000,1024,61440
866,VM_011,3,1500,2048,81920
866,VM_012,4,2000,3072,102400
866,VM_013,1,500,512,40960
866,VM_023,2,1000,1024,61440
866,VM_025,3,1500,2048,81920
867,VM_001,1,500,512,40960
867,VM_003,2,1000,1024,61440
867,VM_011,3,1500,2048,81920
867,VM_012,4,2000,3072,102400
867,VM_013,1,500,512,40960
867,VM_023,2,1000,1024,61440
867,VM_025,3,1500,2048,81920
868,VM_001,1,500,512,40960
868,VM_003,2,1000,1024,61440
868,VM_011,3,1500,2048,81920
868,VM_012,4,2000,3072,102400
868,VM_013,1,500,512,40960
868,VM_023,2,1000,1024,61440
868,VM_025,3,1500,2048,81920
869,VM_001,1,500,512,40960
869,VM_003,2,1000,1024,61440
869,VM_011,3,1500,2048,81920
869,VM_012,4,2000,3072,102400
869,VM_013,1,500,512,40960
869,VM_023,2,1000,1024,61440
869,VM_025,3,1500,2048,81920
870,VM_001,1,500,512,40960
870,VM_003,2,1000,1024,61440
870,VM_011,3,1500,2048,81920
870,VM_012,4,2000,3072,102400
870,VM_013,1,500,512,40960
870,VM_023,2,1000,1024,61440
870,VM_025,3,1500,2048,81920
871,VM_001,1,500,512,40960
871,VM_003,2,1000,1024,61440
871,VM_011,3,1500,2048,81920
871,VM_012,4,2000,3072,102400
871,VM_013,1,500,512,40960
871,VM_023,2,1000,1024,61440
871,VM_025,3,1500,2048,81920
872,VM_001,1,500,512,40960
872,VM_003,2,1000,1024,61440
872,VM_011,3,1500,2048,81920
872,VM_012,4,2000,3072,102400
872,VM_013,1,500,512,40960
872,VM_023,2,1000,1024,61440
872,VM_025,3,1500,2048,81920
873,VM_001,1,500,512,40960
873,VM_003,2,1000,1024,61440
873,VM_011,3,1500,2048,81920
873,VM_012,4,2000,3072,102400
873,VM_013,1,500,512,40960
873,VM_023,2,1000,1024,61440
873,VM_025,3,1500,2048,81920
874,VM_001,1,500,512,40960
874,VM_003,2,1000,1024,61440
874,VM_011,3,1500,2048,81920
874,VM_012,4,2000,3072,102400
874,VM_013,1,500,512,40960
874,VM_023,2,1000,1024,61440
874,VM_025,3,1500,2048,81920
875,VM_001,1,500,512,40960
875,VM_003,2,1000,1024,61440
875,VM_011,3,1500,2048,81920
875,VM_012,4,2000,3072,102400
875,VM_013,1,500,512,40960
875,VM_023,2,1000,1024,61440
875,VM_025,3,1500,2048,81920
876,VM_001,1,500,512,40960
876,VM_003,2,1000,1024,61440
876,VM_011,3,1500,2048,81920
876,VM_012,4,2000,3072,102400
876,VM_013,1,500,512,40960
876,VM_023,2,1000,1024,61440
876,VM_025,3,1500,2048,81920
877,VM_001,1,500,512,40960
877,VM_003,2,1000,1024,61440
877,VM_011,3,1500,2048,81920
877,VM_012,4,2000,3072,102400
877,VM_013,1,500,512,40960
877,VM_023,2,1000,1024,61440
877,VM_025,3,1500,2048,81920
878,VM_001,1,500,512,40960
878,VM_003,2,1000,1024,61440
878,VM_011,3,1500,2048,81920
878,VM_012,4,2000,3072,102400
878,VM_013,1,500,512,40960
878,VM_023,2,1000,1024,61440
878,VM_025,3,1500,2048,81920
879,VM_001,1,500,512,40960
879,VM_003,2,1000,1024,61440
879,VM_011,3,1500,2048,81920
879,VM_012,4,2000,3072,102400
879,VM_013,1,500,512,40960
879,VM_023,2,1000,1024,61440
879,VM_025,3,1500,2048,81920
880,VM_001,1,500,512,40960
880,VM_003,2,1000,1024,61440
880,VM_011,3,1500,2048,81920
880,VM_012,4,2000,3072,102400
880,VM_013,1,500,512,40960
880,VM_023,2,1000,1024,61440
880,VM_025,3,1500,2048,81920
881,VM_001,1,500,512,40960
881,VM_003,2,1000,1024,61440
881,VM_011,3,1500,2048,81920
881,VM_012,4,2000,3072,102400
881,VM_013,1,500,512,40960
881,VM_023,2,1000,1024,61440
881,VM_025,3,1500,2048,81920
882,VM_001,1,500,512,40960
882,VM_003,2,1000,1024,61440
882,VM_011,3,1500,2048,81920
882,VM_012,4,2000,3072,102400
882,VM_013,1,500,512,40960
882,VM_023,2,1000,1024,61440
882,VM_025,3,1500,2048,81920
883,VM_001,1,500,512,40960
883,VM_003,2,1000,1024,61440
883,VM_011,3,1500,2048,81920
883,VM_012,4,2000,3072,102400
883,VM_013,1,500,512,40960
883,VM_023,2,1000,1024,61440
883,VM_025,3,1500,2048,81920
884,VM_001,1,500,512,40960
884,VM_003,2,1000,1024,61440
884,VM_011,3,1500,2048,81920
884,VM_012,4,2000,3072,102400
884,VM_013,1,500,512,40960
884,VM_023,2,1000,1024,61440
884,VM_025,3,1500,2048,81920
885,VM_001,1,500,512,40960
885,VM_003,2,1000,1024,61440
885,VM_011,3,1500,2048,81920
885,VM_012,4,2000,3072,102400
885,VM_013,1,500,512,40960
885,VM_023,2,1000,1024,61440
885,VM_025,3,1500,2048,81920
886,VM_001,1,500,512,40960
886,VM_003,2,1000,1024,61440
886,VM_011,3,1500,2048,81920
886,VM_012,4,2000,3072,102400
886,VM_013,1,500,512,40960
886,VM_023,2,1000,1024,61440
886,VM_025,3,1500,2048,81920
887,VM_001,1,500,512,40960
887,VM_003,2,1000,1024,61440
887,VM_011,3,1500,2048,81920
887,VM_012,4,2000,3072,102400
887,VM_013,1,500,512,40960
887,VM_023,2,1000,1024,61440
887,VM_025,3,1500,2048,81920
888,VM_001,1,500,512,40960
888,VM_003,2,1000,1024,61440
888,VM_011,3,1500,2048,81920
888,VM_012,4,2000,3072,102400
888,VM_013,1,500,512,40960
888,VM_023,2,1000,1024,61440
888,VM_025,3,1500,2048,81920
889,VM_001,1,500,512,40960
889,VM_003,2,1000,1024,61440
889,VM_011,3,1500,2048,81920
889,VM_012,4,2000,3072,102400
889,VM_013,1,500,512,40960
889,VM_023,2,1000,1024,61440
889,VM_025,3,1500,2048,81920
890,VM_001,1,500,512,40960
890,VM_003,2,1000,1024,61440
890,VM_011,3,1500,2048,81920
890,VM_012,4,2000,3072,102400
890,VM_013,1,500,512,40960
890,VM_023,2,1000,1024,61440
890,VM_025,3,1500,2048,81920
891,VM_001,1,500,512,40960
891,VM_003,2,1000,1024,61440
891,VM_011,3,1500,2048,81920
891,VM_012,4,2000,3072,102400
891,VM_013,1,500,512,40960
891,VM_023,2,1000,1024,61440
891,VM_025,3,1500,2048,81920
892,VM_001,1,500,512,40960
892,VM_003,2,1000,1024,61440
892,VM_011,3,1500,2048,81920
892,VM_012,4,2000,3072,102400
892,VM_013,1,500,512,40960
892,VM_023,2,1000,1024,61440
892,VM_025,3,1500,2048,81920
893,VM_001,1,500,512,40960
893,VM_003,2,1000,1024,61440
893,VM_011,3,1500,2048,81920
893,VM_012,4,2000,3072,102400
893,VM_013,1,500,512,40960
893,VM_023,2,1000,1024,61440
893,VM_025,3,1500,2048,81920
894,VM_001,1,500,512,40960
894,VM_003,2,1000,1024,61440
894,VM_011,3,1500,2048,81920
894,VM_012,4,2000,3072,102400
894,VM_013,1,500,512,40960
894,VM_023,2,1000,1024,61440
894,VM_025,3,1500,2048,81920
895,VM_001,1,500,512,40960
895,VM_003,2,1000,1024,61440
895,VM_011,3,1500,2048,81920
895,VM_012,4,2000,3072,102400
895,VM_013,1,500,512,40960
895,VM_023,2,1000,1024,61440
895,VM_025,3,1500,2048,81920
896,VM_001,1,500,512,40960
896,VM_003,2,1000,1024,61440
896,VM_011,3,1500,2048,81920
896,VM_012,4,2000,3072,102400
896,VM_013,1,500,512,40960
896,VM_023,2,1000,1024,61440
896,VM_025,3,1500,2048,81920
897,VM_001,1,500,512,40960
897,VM_003,2,1000,1024,61440
897,VM_011,3,1500,2048,81920
897,VM_012,4,2000,3072,102400
897,VM_013,1,500,512,40960
897,VM_023,2,1000,1024,61440
897,VM_025,3,1500,2048,81920
898,VM_001,1,500,512,40960
898,VM_003,2,1000,1024,61440
898,VM_011,3,1500,2048,81920
898,VM_012,4,2000,3072,102400
898,VM_013,1,500,512,40960
898,VM_023,2,1000,1024,61440
898,VM_025,3,1500,2048,81920
899,VM_001,1,500,512,40960
899,VM_003,2,1000,1024,61440
899,VM_011,3,1500,2048,81920
899,VM_012,4,2000,3072,102400
899,VM_013,1,500,512,40960
899,VM_023,2,1000,1024,61440
899,VM_025,3,1500,2048,81920
900,VM_001,1,500,512,40960
900,VM_003,2,1000,1024,61440
900,VM_011,3,1500,2048,81920
900,VM_012,4,2000,3072,102400
900,VM_013,1,500,512,40960
900,VM_023,2,1000,1024,61440
900,VM_025,3,1500,2048,81920
901,VM_001,1,500,512,40960
901,VM_003,2,1000,1024,61440
901,VM_011,3,1500,2048,81920
901,VM_012,4,2000,3072,102400
901,VM_013,1,500,512,40960
901,VM_023,2,1000,1024,61440
901,VM_025,3,1500,2048,81920
902,VM_001,1,500,512,40960
902,VM_003,2,1000,1024,61440
902,VM_011,3,1500,2048,81920
902,VM_012,4,2000,3072,102400
902,VM_013,1,500,512,40960
902,VM_023,2,1000,1024,61440
902,VM_025,3,1500,2048,81920
903,VM_001,1,500,512,40960
903,VM_003,2,1000,1024,61440
903,VM_011,3,1500,2048,81920
903,VM_012,4,2000,3072,102400
903,VM_013,1,500,512,40960
903,VM_023,2,1000,1024,61440
903,VM_025,3,1500,2048,81920
904,VM_001,1,500,512,40960
904,VM_003,2,1000,1024,61440
904,VM_011,3,1500,2048,81920
904,VM_012,4,2000,3072,102400
904,VM_013,1,500,512,40960
904,VM_023,2,1000,1024,61440
904,VM_025,3,1500,2048,81920
905,VM_001,1,500,512,40960
905,VM_003,2,1000,1024,61440
905,VM_011,3,1500,2048,81920
905,VM_012,4,2000,3072,102400
905,VM_013,1,500,512,40960
905,VM_023,2,1000,1024,61440
905,VM_025,3,1500,2048,81920
906,VM_001,1,500,512,40960
906,VM_003,2,1000,1024,61440
906,VM_011,3,1500,2048,81920
906,VM_012,4,2000,3072,102400
906,VM_013,1,500,512,40960
906,VM_023,2,1000,1024,61440
906,VM_025,3,1500,2048,81920
907,VM_001,1,500,512,40960
907,VM_003,2,1000,1024,61440
907,VM_011,3,1500,2048,81920
907,VM_012,4,2000,3072,102400
907,VM_013,1,500,512,40960
907,VM_023,2,1000,1024,61440
907,VM_025,3,1500,2048,81920
908,VM_001,1,500,512,40960
908,VM_003,2,1000,1024,61440
908,VM_011,3,1500,2048,81920
908,VM_012,4,2000,3072,102400
908,VM_013,1,500,512,40960
908,VM_023,2,1000,1024,61440
908,VM_025,3,1500,2048,81920
909,VM_001,1,500,512,40960
909,VM_003,2,1000,1024,61440
909,VM_011,3,1500,2048,81920
909,VM_012,4,2000,3072,102400
909,VM_013,1,500,512,40960
909,VM_023,2,1000,1024,61440
909,VM_025,3,1500,2048,81920
910,VM_001,1,500,512,40960
910,VM_003,2,1000,1024,61440
910,VM_011,3,1500,2048,81920
910,VM_012,4,2000,3072,102400
910,VM_013,1,500,512,40960
910,VM_023,2,1000,1024,61440
910,VM_025,3,1500,2048,81920
911,VM_001,1,500,512,40960
911,VM_003,2,1000,1024,61440
911,VM_011,3,1500,2048,81920
911,VM_012,4,2000,3072,102400
911,VM_013,1,500,512,40960
911,VM_023,2,1000,1024,61440
911,VM_025,3,1500,2048,81920
912,VM_001,1,500,512,40960
912,VM_003,2,1000,1024,61440
912,VM_011,3,1500,2048,81920
912,VM_012,4,2000,3072,102400
912,VM_013,1,500,512,40960
912,VM_023,2,1000,1024,61440
912,VM_025,3,1500,2048,81920
913,VM_001,1,500,512,40960
913,VM_003,2,1000,1024,61440
913,VM_011,3,1500,2048,81920
913,VM_012,4,2000,3072,102400
913,VM_013,1,500,512,40960
913,VM_023,2,1000,1024,61440
913,VM_025,3,1500,2048,81920
914,VM_001,1,500,512,40960
914,VM_003,2,1000,1024,61440
914,VM_011,3,1500,2048,81920
914,VM_012,4,2000,3072,102400
914,VM_013,1,500,512,40960
914,VM_023,2,1000,1024,61440
914,VM_025,3,1500,2048,81920
915,VM_001,1,500,512,40960
915,VM_003,2,1000,1024,61440
915,VM_011,3,1500,2048,81920
915,VM_012,4,2000,3072,102400
915,VM_013,1,500,512,40960
915,VM_023,2,1000,1024,61440
915,VM_025,3,1500,2048,81920
916,VM_001,1,500,512,40960
916,VM_003,2,1000,1024,61440
916,VM_011,3,1500,2048,81920
916,VM_012,4,2000,3072,102400
916,VM_013,1,500,512,40960
916,VM_023,2,1000,1024,61440
916,VM_025,3,1500,2048,81920
917,VM_001,1,500,512,40960
917,VM_003,2,1000,1024,61440
917,VM_011,3,1500,2048,81920
917,VM_012,4,2000,3072,102400
917,VM_013,1,500,512,40960
917,VM_023,2,1000,1024,61440
917,VM_025,3,1500,2048,81920
918,VM_001,1,500,512,40960
918,VM_003,2,1000,1024,61440
918,VM_011,3,1500,2048,81920
918,VM_012,4,2000,3072,102400
918,VM_013,1,500,512,40960
918,VM_023,2,1000,1024,61440
918,VM_025,3,1500,2048,81920
919,VM_001,1,500,512,40960
919,VM_003,2,1000,1024,61440
919,VM_011,3,1500,2048,81920
919,VM_012,4,2000,3072,102400
919,VM_013,1,500,512,40960
919,VM_023,2,1000,1024,61440
919,VM_025,3,1500,2048,81920
920,VM_001,1,500,512,40960
920,VM_003,2,1000,1024,61440
920,VM_011,3,1500,2048,81920
920,VM_012,4,2000,3072,102400
920,VM_013,1,500,512,40960
920,VM_023,2,1000,1024,61440
920,VM_025,3,1500,2048,81920
921,VM_001,1,500,512,40960
921,VM_003,2,1000,1024,61440
921,VM_011,3,1500,2048,81920
921,VM_012,4,2000,3072,102400
921,VM_013,1,500,512,40960
921,VM_023,2,1000,1024,61440
921,VM_025,3,1500,2048,81920
922,VM_001,1,500,512,40960
922,VM_003,2,1000,1024,61440
922,VM_011,3,1500,2048,81920
922,VM_012,4,2000,3072,102400
922,VM_013,1,500,512,40960
922,VM_023,2,1000,1024,61440
922,VM_025,3,1500,2048,81920
923,VM_001,1,500,512,40960
923,VM_003,2,1000,1024,61440
923,VM_011,3,1500,2048,81920
923,VM_012,4,2000,3072,102400
923,VM_013,1,500,512,40960
923,VM_023,2,1000,1024,61440
923,VM_025,3,1500,2048,81920
924,VM_001,1,500,512,40960
924,VM_003,2,1000,1024,61440
924,VM_011,3,1500,2048,81920
924,VM_012,4,2000,3072,102400
924,VM_013,1,500,512,40960
924,VM_023,2,1000,1024,61440
924,VM_025,3,1500,2048,81920
925,VM_001,1,500,512,40960
925,VM_003,2,1000,1024,61440
925,VM_011,3,1500,2048,81920
925,VM_012,4,2000,3072,102400
925,VM_013,1,500,512,40960
925,VM_023,2,1000,1024,61440
925,VM_025,3,1500,2048,81920
926,VM_001,1,500,512,40960
926,VM_003,2,1000,1024,61440
926,VM_011,3,1500,2048,81920
926,VM_012,4,2000,3072,102400
926,VM_013,1,500,512,40960
926,VM_023,2,1000,1024,61440
926,VM_025,3,1500,2048,81920
927,VM_001,1,500,512,40960
927,VM_003,2,1000,1024,61440
927,VM_011,3,1500,2048,81920
927,VM_012,4,2000,3072,102400
927,VM_013,1,500,512,40960
927,VM_023,2,1000,1024,61440
927,VM_025,3,1500,2048,81920
928,VM_001,1,500,512,40960
928,VM_003,2,1000,1024,61440
928,VM_011,3,1500,2048,81920
928,VM_012,4,2000,3072,102400
928,VM_013,1,500,512,40960
928,VM_023,2,1000,1024,61440
928,VM_025,3,1500,2048,81920
929,VM_001,1,500,512,40960
929,VM_003,2,1000,1024,61440
929,VM_011,3,1500,2048,81920
929,VM_012,4,2000,3072,102400
929,VM_013,1,500,512,40960
929,VM_023,2,1000,1024,61440
929,VM_025,3,1500,2048,81920
930,VM_001,1,500,512,40960
930,VM_003,2,1000,1024,61440
930,VM_011,3,1500,2048,81920
930,VM_012,4,2000,3072,102400
930,VM_013,1,500,512,40960
930,VM_023,2,1000,1024,61440
930,VM_025,3,1500,2048,81920
931,VM_001,1,500,512,40960
931,VM_003,2,1000,1024,61440
931,VM_011,3,1500,2048,81920
931,VM_012,4,2000,3072,102400
931,VM_013,1,500,512,40960
931,VM_023,2,1000,1024,61440
931,VM_025,3,1500,2048,81920
932,VM_001,1,500,512,40960
932,VM_003,2,1000,1024,61440
932,VM_011,3,1500,2048,81920
932,VM_012,4,2000,3072,102400
932,VM_013,1,500,512,40960
932,VM_023,2,1000,1024,61440
932,VM_025,3,1500,2048,81920
933,VM_001,1,500,512,40960
933,VM_003,2,1000,1024,61440
933,VM_011,3,1500,2048,81920
933,VM_012,4,2000,3072,102400
933,VM_013,1,500,512,40960
933,VM_023,2,1000,1024,61440
933,VM_025,3,1500,2048,81920
934,VM_001,1,500,512,40960
934,VM_003,2,1000,1024,61440
934,VM_011,3,1500,2048,81920
934,VM_012,4,2000,3072,102400
934,VM_013,1,500,512,40960
934,VM_023,2,1000,1024,61440
934,VM_025,3,1500,2048,81920
935,VM_001,1,500,512,40960
935,VM_003,2,1000,1024,61440
935,VM_011,3,1500,2048,81920
935,VM_012,4,2000,3072,102400
935,VM_013,1,500,512,40960
935,VM_023,2,1000,1024,61440
935,VM_025,3,1500,2048,81920
936,VM_001,1,500,512,40960
936,VM_003,2,1000,1024,61440
936,VM_011,3,1500,2048,81920
936,VM_012,4,2000,3072,102400
936,VM_013,1,500,512,40960
936,VM_023,2,1000,1024,61440
936,VM_025,3,1500,2048,81920
937,VM_001,1,500,512,40960
937,VM_003,2,1000,1024,61440
937,VM_011,3,1500,2048,81920
937,VM_012,4,2000,3072,102400
937,VM_013,1,500,512,40960
937,VM_023,2,1000,1024,61440
937,VM_025,3,1500,2048,81920
938,VM_001,1,500,512,40960
938,VM_003,2,1000,1024,61440
938,VM_011,3,1500,2048,81920
938,VM_012,4,2000,3072,102400
938,VM_013,1,500,512,40960
938,VM_023,2,1000,1024,61440
938,VM_025,3,1500,2048,81920
939,VM_001,1,500,512,40960
939,VM_003,2,1000,1024,61440
939,VM_011,3,1500,2048,81920
939,VM_012,4,2000,3072,102400
939,VM_013,1,500,512,40960
939,VM_023,2,1000,1024,61440
939,VM_025,3,1500,2048,81920
940,VM_001,1,500,512,40960
940,VM_003,2,1000,1024,61440
940,VM_011,3,1500,2048,81920
940,VM_012,4,2000,3072,102400
940,VM_013,1,500,512,40960
940,VM_023,2,1000,1024,61440
940,VM_025,3,1500,2048,81920
941,VM_001,1,500,512,40960
941,VM_003,2,1000,1024,61440
941,VM_011,3,1500,2048,81920
941,VM_012,4,2000,3072,102400
941,VM_013,1,500,512,40960
941,VM_023,2,1000,1024,61440
941,VM_025,3,1500,2048,81920
942,VM_001,1,500,512,40960
942,VM_003,2,1000,1024,61440
942,VM_011,3,1500,2048,81920
942,VM_012,4,2000,3072,102400
942,VM_013,1,500,512,40960
942,VM_023,2,1000,1024,61440
942,VM_025,3,1500,2048,81920
943,VM_001,1,500,512,40960
943,VM_003,2,1000,1024,61440
943,VM_011,3,1500,2048,81920
943,VM_012,4,2000,3072,102400
943,VM_013,1,500,512,40960
943,VM_023,2,1000,1024,61440
943,VM_025,3,1500,2048,81920
944,VM_001,1,500,512,40960
944,VM_003,2,1000,1024,61440
944,VM_011,3,1500,2048,81920
944,VM_012,4,2000,3072,102400
944,VM_013,1,500,512,40960
944,VM_023,2,1000,1024,61440
944,VM_025,3,1500,2048,81920
945,VM_001,1,500,512,40960
945,VM_003,2,1000,1024,61440
945,VM_011,3,1500,2048,81920
945,VM_012,4,2000,3072,102400
945,VM_013,1,500,512,40960
945,VM_023,2,1000,1024,61440
945,VM_025,3,1500,2048,81920
946,VM_001,1,500,512,40960
946,VM_003,2,1000,1024,61440
946,VM_011,3,1500,2048,81920
946,VM_012,4,2000,3072,102400
946,VM_013,1,500,512,40960
946,VM_023,2,1000,1024,61440
946,VM_025,3,1500,2048,81920
947,VM_001,1,500,512,40960
947,VM_003,2,1000,1024,61440
947,VM_011,3,1500,2048,81920
947,VM_012,4,2000,3072,102400
947,VM_013,1,500,512,40960
947,VM_023,2,1000,1024,61440
947,VM_025,3,1500,2048,81920
948,VM_001,1,500,512,40960
948,VM_003,2,1000,1024,61440
948,VM_011,3,1500,2048,81920
948,VM_012,4,2000,3072,102400
948,VM_013,1,500,512,40960
948,VM_023,2,1000,1024,61440
948,VM_025,3,1500,2048,81920
949,VM_001,1,500,512,40960
949,VM_003,2,1000,1024,61440
949,VM_011,3,1500,2048,81920
949,VM_012,4,2000,3072,102400
949,VM_013,1,500,512,40960
949,VM_023,2,1000,1024,61440
949,VM_025,3,1500,2048,81920
950,VM_001,1,500,512,40960
950,VM_003,2,1000,1024,61440
950,VM_011,3,1500,2048,81920
950,VM_012,4,2000,3072,102400
950,VM_013,1,500,512,40960
950,VM_023,2,1000,1024,61440
950,VM_025,3,1500,2048,81920
951,VM_001,1,500,512,40960
951,VM_003,2,1000,1024,61440
951,VM_011,3,1500,2048,81920
951,VM_012,4,2000,3072,102400
951,VM_013,1,500,512,40960
951,VM_023,2,1000,1024,61440
951,VM_025,3,1500,2048,81920
952,VM_001,1,500,512,40960
952,VM_003,2,1000,1024,61440
952,VM_011,3,1500,2048,81920
952,VM_012,4,2000,3072,102400
952,VM_013,1,500,512,40960
952,VM_023,2,1000,1024,61440
952,VM_025,3,1500,2048,81920
953,VM_001,1,500,512,40960
953,VM_003,2,1000,1024,61440
953,VM_011,3,1500,2048,81920
953,VM_012,4,2000,3072,102400
953,VM_013,1,500,512,40960
953,VM_023,2,1000,1024,61440
953,VM_025,3,1500,2048,81920
954,VM_001,1,500,512,40960
954,VM_003,2,1000,1024,61440
954,VM_011,3,1500,2048,81920
954,VM_012,4,2000,3072,102400
954,VM_013,1,500,512,40960
954,VM_023,2,1000,1024,61440
954,VM_025,3,1500,2048,81920
955,VM_001,1,500,512,40960
955,VM_003,2,1000,1024,61440
955,VM_011,3,1500,2048,81920
955,VM_012,4,2000,3072,102400
955,VM_013,1,500,512,40960
955,VM_023,2,1000,1024,61440
955,VM_025,3,1500,2048,81920
956,VM_001,1,500,512,40960
956,VM_003,2,1000,1024,61440
956,VM_011,3,1500,2048,81920
956,VM_012,4,2000,3072,102400
956,VM_013,1,500,512,40960
956,VM_023,2,1000,1024,61440
956,VM_025,3,1500,2048,81920
957,VM_001,1,500,512,40960
957,VM_003,2,1000,1024,61440
957,VM_011,3,1500,2048,81920
957,VM_012,4,2000,3072,102400
957,VM_013,1,500,512,40960
957,VM_023,2,1000,1024,61440
957,VM_025,3,1500,2048,81920
958,VM_001,1,500,512,40960
958,VM_003,2,1000,1024,61440
958,VM_011,3,1500,2048,81920
958,VM_012,4,2000,3072,102400
958,VM_013,1,500,512,40960
958,VM_023,2,1000,1024,61440
958,VM_025,3,1500,2048,81920
959,VM_001,1,500,512,40960
959,VM_003,2,1000,1024,61440
959,VM_011,3,1500,2048,81920
959,VM_012,4,2000,3072,102400
959,VM_013,1,500,512,40960
959,VM_023,2,1000,1024,61440
959,VM_025,3,1500,2048,81920
960,VM_001,1,500,512,40960
960,VM_003,2,1000,1024,61440
960,VM_011,3,1500,2048,81920
960,VM_012,4,2000,3072,102400
960,VM_013,1,500,512,40960
960,VM_023,2,1000,1024,61440
960,VM_025,3,1500,2048,81920
961,VM_001,1,500,512,40960
961,VM_003,2,1000,1024,61440
961,VM_011,3,1500,2048,81920
961,VM_012,4,2000,3072,102400
961,VM_013,1,500,512,40960
961,VM_023,2,1000,1024,61440
961,VM_025,3,1500,2048,81920
962,VM_001,1,500,512,40960
962,VM_003,2,1000,1024,61440
962,VM_011,3,1500,2048,81920
962,VM_012,4,2000,3072,102400
962,VM_013,1,500,512,40960
962,VM_023,2,1000,1024,61440
962,VM_025,3,1500,2048,81920
963,VM_001,1,500,512,40960
963,VM_003,2,1000,1024,61440
963,VM_011,3,1500,2048,81920
963,VM_012,4,2000,3072,102400
963,VM_013,1,500,512,40960
963,VM_023,2,1000,1024,61440
963,VM_025,3,1500,2048,81920
964,VM_001,1,500,512,40960
964,VM_003,2,1000,1024,61440
964,VM_011,3,1500,2048,81920
964,VM_012,4,2000,3072,102400
964,VM_013,1,500,512,40960
964,VM_023,2,1000,1024,61440
964,VM_025,3,1500,2048,81920
965,VM_001,1,500,512,40960
965,VM_003,2,1000,1024,61440
965,VM_011,3,1500,2048,81920
965,VM_012,4,2000,3072,102400
965,VM_013,1,500,512,40960
965,VM_023,2,1000,1024,61440
965,VM_025,3,1500,2048,81920
966,VM_001,1,500,512,40960
966,VM_003,2,1000,1024,61440
966,VM_011,3,1500,2048,81920
966,VM_012,4,2000,3072,102400
966,VM_013,1,500,512,40960
966,VM_023,2,1000,1024,61440
966,VM_025,3,1500,2048,81920
967,VM_001,1,500,512,40960
967,VM_003,2,1000,1024,61440
967,VM_011,3,1500,2048,81920
967,VM_012,4,2000,3072,102400
967,VM_013,1,500,512,40960
967,VM_023,2,1000,1024,61440
967,VM_025,3,1500,2048,81920
968,VM_001,1,500,512,40960
968,VM_003,2,1000,1024,61440
968,VM_011,3,1500,2048,81920
968,VM_012,4,2000,3072,102400
968,VM_013,1,500,512,40960
968,VM_023,2,1000,1024,61440
968,VM_025,3,1500,2048,81920
969,VM_001,1,500,512,40960
969,VM_003,2,1000,1024,61440
969,VM_011,3,1500,2048,81920
969,VM_012,4,2000,3072,102400
969,VM_013,1,500,512,40960
969,VM_023,2,1000,1024,61440
969,VM_025,3,1500,2048,81920
970,VM_001,1,500,512,40960
970,VM_003,2,1000,1024,61440
970,VM_011,3,1500,2048,81920
970,VM_012,4,2000,3072,102400
970,VM_013,1,500,512,40960
970,VM_023,2,1000,1024,61440
970,VM_025,3,1500,2048,81920
971,VM_001,1,500,512,40960
971,VM_003,2,1000,1024,61440
971,VM_011,3,1500,2048,81920
971,VM_012,4,2000,3072,102400
971,VM_013,1,500,512,40960
971,VM_023,2,1000,1024,61440
971,VM_025,3,1500,2048,81920
972,VM_001,1,500,512,40960
972,VM_003,2,1000,1024,61440
972,VM_011,3,1500,2048,81920
972,VM_012,4,2000,3072,102400
972,VM_013,1,500,512,40960
972,VM_023,2,1000,1024,61440
972,VM_025,3,1500,2048,81920
973,VM_001,1,500,512,40960
973,VM_003,2,1000,1024,61440
973,VM_011,3,1500,2048,81920
973,VM_012,4,2000,3072,102400
973,VM_013,1,500,512,40960
973,VM_023,2,1000,1024,61440
973,VM_025,3,1500,2048,81920
974,VM_001,1,500,512,40960
974,VM_003,2,1000,1024,61440
974,VM_011,3,1500,2048,81920
974,VM_012,4,2000,3072,102400
974,VM_013,1,500,512,40960
974,VM_023,2,1000,1024,61440
974,VM_025,3,1500,2048,81920
975,VM_001,1,500,512,40960
975,VM_003,2,1000,1024,61440
975,VM_011,3,1500,2048,81920
975,VM_012,4,2000,3072,102400
975,VM_013,1,500,512,40960
975,VM_023,2,1000,1024,61440
975,VM_025,3,1500,2048,81920
976,VM_001,1,500,512,40960
976,VM_003,2,1000,1024,61440
976,VM_011,3,1500,2048,81920
976,VM_012,4,2000,3072,102400
976,VM_013,1,500,512,40960
976,VM_023,2,1000,1024,61440
976,VM_025,3,1500,2048,81920
977,VM_001,1,500,512,40960
977,VM_003,2,1000,1024,61440
977,VM_011,3,1500,2048,81920
977,VM_012,4,2000,3072,102400
977,VM_013,1,500,512,40960
977,VM_023,2,1000,1024,61440
977,VM_025,3,1500,2048,81920
978,VM_001,1,500,512,40960
978,VM_003,2,1000,1024,61440
978,VM_011,3,1500,2048,81920
978,VM_012,4,2000,3072,102400
978,VM_013,1,500,512,40960
978,VM_023,2,1000,1024,61440
978,VM_025,3,1500,2048,81920
979,VM_001,1,500,512,40960
979,VM_003,2,1000,1024,61440
979,VM_011,3,1500,2048,81920
979,VM_012,4,2000,3072,102400
979,VM_013,1,500,512,40960
979,VM_023,2,1000,1024,61440
979,VM_025,3,1500,2048,81920
980,VM_001,1,500,512,40960
980,VM_003,2,1000,1024,61440
980,VM_011,3,1500,2048,81920
980,VM_012,4,2000,3072,102400
980,VM_013,1,500,512,40960
980,VM_023,2,1000,1024,61440
980,VM_025,3,1500,2048,81920
981,VM_001,1,500,512,40960
981,VM_003,2,1000,1024,61440
981,VM_011,3,1500,2048,81920
981,VM_012,4,2000,3072,102400
981,VM_013,1,500,512,40960
981,VM_023,2,1000,1024,61440
981,VM_025,3,1500,2048,81920
982,VM_001,1,500,512,40960
982,VM_003,2,1000,1024,61440
982,VM_011,3,1500,2048,81920
982,VM_012,4,2000,3072,102400
982,VM_013,1,500,512,40960
982,VM_023,2,1000,1024,61440
982,VM_025,3,1500,2048,81920
983,VM_001,1,500,512,40960
983,VM_003,2,1000,1024,61440
983,VM_011,3,1500,2048,81920
983,VM_012,4,2000,3072,102400
983,VM_013,1,500,512,40960
983,VM_023,2,1000,1024,61440
983,VM_025,3,1500,2048,81920
984,VM_001,1,500,512,40960
984,VM_003,2,1000,1024,61440
984,VM_011,3,1500,2048,81920
984,VM_012,4,2000,3072,102400
984,VM_013,1,500,512,40960
984,VM_023,2,1000,1024,61440
984,VM_025,3,1500,2048,81920
985,VM_001,1,500,512,40960
985,VM_003,2,1000,1024,61440
985,VM_011,3,1500,2048,81920
985,VM_012,4,2000,3072,102400
985,VM_013,1,500,512,40960
985,VM_023,2,1000,1024,61440
985,VM_025,3,1500,2048,81920
986,VM_001,1,500,512,40960
986,VM_003,2,1000,1024,61440
986,VM_011,3,1500,2048,81920
986,VM_012,4,2000,3072,102400
986,VM_013,1,500,512,40960
986,VM_023,2,1000,1024,61440
986,VM_025,3,1500,2048,81920
987,VM_001,1,500,512,40960
987,VM_003,2,1000,1024,61440
987,VM_011,3,1500,2048,81920
987,VM_012,4,2000,3072,102400
987,VM_013,1,500,512,40960
987,VM_023,2,1000,1024,61440
987,VM_025,3,1500,2048,81920
988,VM_001,1,500,512,40960
988,VM_003,2,1000,1024,61440
988,VM_011,3,1500,2048,81920
988,VM_012,4,2000,3072,102400
988,VM_013,1,500,512,40960
988,VM_023,2,1000,1024,61440
988,VM_025,3,1500,2048,81920
989,VM_001,1,500,512,40960
989,VM_003,2,1000,1024,61440
989,VM_011,3,1500,2048,81920
989,VM_012,4,2000,3072,102400
989,VM_013,1,500,512,40960
989,VM_023,2,1000,1024,61440
989,VM_025,3,1500,2048,81920
990,VM_001,1,500,512,40960
990,VM_003,2,1000,1024,61440
990,VM_011,3,1500,2048,81920
990,VM_012,4,2000,3072,102400
990,VM_013,1,500,512,40960
990,VM_023,2,1000,1024,61440
990,VM_025,3,1500,2048,81920
991,VM_001,1,500,512,40960
991,VM_003,2,1000,1024,61440
991,VM_011,3,1500,2048,81920
991,VM_012,4,2000,3072,102400
991,VM_013,1,500,512,40960
991,VM_023,2,1000,1024,61440
991,VM_025,3,1500,2048,81920
992,VM_001,1,500,512,40960
992,VM_003,2,1000,1024,61440
992,VM_011,3,1500,2048,81920
992,VM_012,4,2000,3072,102400
992,VM_013,1,500,512,40960
992,VM_023,2,1000,1024,61440
992,VM_025,3,1500,2048,81920
993,VM_001,1,500,512,40960
993,VM_003,2,1000,1024,61440
993,VM_011,3,1500,2048,81920
993,VM_012,4,2000,3072,102400
993,VM_013,1,500,512,40960
993,VM_023,2,1000,1024,61440
993,VM_025,3,1500,2048,81920
994,VM_001,1,500,512,40960
994,VM_003,2,1000,1024,61440
994,VM_011,3,1500,2048,81920
994,VM_012,4,2000,3072,102400
994,VM_013,1,500,512,40960
994,VM_023,2,1000,1024,61440
994,VM_025,3,1500,2048,81920
995,VM_001,1,500,512,40960
995,VM_003,2,1000,1024,61440
995,VM_011,3,1500,2048,81920
995,VM_012,4,2000,3072,102400
995,VM_013,1,500,512,40960
995,VM_023,2,1000,1024,61440
995,VM_025,3,1500,2048,81920
996,VM_001,1,500,512,40960
996,VM_003,2,1000,1024,61440
996,VM_011,3,1500,2048,81920
996,VM_012,4,2000,3072,102400
996,VM_013,1,500,512,40960
996,VM_023,2,1000,1024,61440
996,VM_025,3,1500,2048,81920
997,VM_001,1,500,512,40960
997,VM_003,2,1000,1024,61440
997,VM_011,3,1500,2048,81920
997,VM_012,4,2000,3072,102400
997,VM_013,1,500,512,40960
997,VM_023,2,1000,1024,61440
997,VM_025,3,1500,2048,81920
