vm_id,filename,raw_row_count,active_row_count,active_duration,active_duration_seconds,active_duration_days,aligned_5min_steps,interpolated_steps,long_gap_count,valid_24h_to_1h_windows,usable_train_windows,usable_validation_windows,usable_test_windows,eligible_for_unseen_vm_evaluation,eligibility_reason,parsing_status,inactive_prefix_rows,inactive_suffix_rows,internal_inactive_rows,active_start_timestamp,active_end_timestamp
1,1.csv,8634,8634,2591952,2591952,30.0,8640,6,0,8341,5749,997,997,True,ELIGIBLE,SUCCESS,0,0,0,1376314846.0,1378906798.0
2,2.csv,16142,544,163213,163213,1.89,545,1,0,246,82,0,0,True,ELIGIBLE,SUCCESS,4338,11260,0,1377617279.0,1377780492.0
3,3.csv,8634,8634,2591952,2591952,30.0,8640,5,1,8041,5449,997,997,True,ELIGIBLE,SUCCESS,0,0,0,1376314846.0,1378906798.0
4,4.csv,16139,543,163213,163213,1.89,545,2,0,246,82,0,0,True,ELIGIBLE,SUCCESS,4336,11260,0,1377617279.0,1377780492.0
5,5.csv,16140,544,163213,163213,1.89,545,1,0,246,82,0,0,True,ELIGIBLE,SUCCESS,4336,11260,0,1377617279.0,1377780492.0
6,6.csv,16141,543,163213,163213,1.89,545,2,0,246,82,0,0,True,ELIGIBLE,SUCCESS,4338,11260,0,1377617279.0,1377780492.0
7,7.csv,16140,544,163213,163213,1.89,545,1,0,246,82,0,0,True,ELIGIBLE,SUCCESS,4336,11260,0,1377617279.0,1377780492.0
8,8.csv,16142,543,163213,163213,1.89,545,2,0,246,82,0,0,True,ELIGIBLE,SUCCESS,4339,11260,0,1377617279.0,1377780492.0
9,9.csv,16141,543,163213,163213,1.89,545,2,0,246,82,0,0,True,ELIGIBLE,SUCCESS,4338,11260,0,1377617279.0,1377780492.0
10,10.csv,16140,544,163213,163213,1.89,545,1,0,246,82,0,0,True,ELIGIBLE,SUCCESS,4336,11260,0,1377617279.0,1377780492.0
11,11.csv,8635,8635,2591952,2591952,30.0,8640,5,0,8341,5749,997,997,True,ELIGIBLE,SUCCESS,0,0,0,1376314846.0,1378906798.0
12,12.csv,8635,8635,2591952,2591952,30.0,8640,5,0,8341,5749,997,997,True,ELIGIBLE,SUCCESS,0,0,0,1376314846.0,1378906798.0
13,13.csv,8635,8635,2591952,2591952,30.0,8640,5,0,8341,5749,997,997,True,ELIGIBLE,SUCCESS,0,0,0,1376314846.0,1378906798.0
14,14.csv,16143,544,163213,163213,1.89,545,1,0,246,82,0,0,True,ELIGIBLE,SUCCESS,4339,11260,0,1377617279.0,1377780492.0
15,15.csv,8632,8632,2591952,2591952,30.0,8640,7,1,8041,5449,997,997,True,ELIGIBLE,SUCCESS,0,0,0,1376314846.0,1378906798.0
16,16.csv,16141,544,163213,163213,1.89,545,1,0,246,82,0,0,True,ELIGIBLE,SUCCESS,4339,11258,0,1377617279.0,1377780492.0
17,17.csv,8636,8636,2591952,2591952,30.0,8640,4,0,8341,5749,997,997,True,ELIGIBLE,SUCCESS,0,0,0,1376314846.0,1378906798.0
18,18.csv,16143,544,163213,163213,1.89,545,1,0,246,82,0,0,True,ELIGIBLE,SUCCESS,4339,11260,0,1377617279.0,1377780492.0
19,19.csv,16138,544,163213,163213,1.89,545,1,0,246,82,0,0,True,ELIGIBLE,SUCCESS,4334,11260,0,1377617279.0,1377780492.0
20,20.csv,8615,597,178815,178815,2.07,597,0,0,298,118,0,0,True,ELIGIBLE,SUCCESS,8018,0,0,1378727983.0,1378906798.0
21,21.csv,8636,8636,2591952,2591952,30.0,8640,4,0,8341,5749,997,997,True,ELIGIBLE,SUCCESS,0,0,0,1376314846.0,1378906798.0
22,22.csv,8635,8635,2591952,2591952,30.0,8640,5,0,8341,5749,997,997,True,ELIGIBLE,SUCCESS,0,0,0,1376314846.0,1378906798.0
23,23.csv,8614,8614,2591952,2591952,30.0,8640,25,1,8041,5749,997,965,True,ELIGIBLE,SUCCESS,0,0,0,1376314846.0,1378906798.0
24,24.csv,8614,8614,2591952,2591952,30.0,8640,21,4,7287,5448,575,965,True,ELIGIBLE,SUCCESS,0,0,0,1376314846.0,1378906798.0
25,25.csv,8614,8614,2591952,2591952,30.0,8640,21,4,7287,5448,575,965,True,ELIGIBLE,SUCCESS,0,0,0,1376314846.0,1378906798.0
26,26.csv,8614,8614,2591952,2591952,30.0,8640,22,4,7588,5749,575,965,True,ELIGIBLE,SUCCESS,0,0,0,1376314846.0,1378906798.0
27,27.csv,8619,8619,2591952,2591952,30.0,8640,20,1,8041,5749,997,965,True,ELIGIBLE,SUCCESS,0,0,0,1376314846.0,1378906798.0
28,28.csv,8634,8634,2591952,2591952,30.0,8640,5,1,8041,5449,997,997,True,ELIGIBLE,SUCCESS,0,0,0,1376314846.0,1378906798.0
29,29.csv,8637,8637,2591952,2591952,30.0,8640,3,0,8341,5749,997,997,True,ELIGIBLE,SUCCESS,0,0,0,1376314846.0,1378906798.0
30,30.csv,8635,8635,2591952,2591952,30.0,8640,5,0,8341,5749,997,997,True,ELIGIBLE,SUCCESS,0,0,0,1376314846.0,1378906798.0
31,31.csv,8617,8617,2591952,2591952,30.0,8640,20,2,7740,5448,997,965,True,ELIGIBLE,SUCCESS,0,0,0,1376314846.0,1378906798.0
32,32.csv,8616,8616,2591952,2591952,30.0,8640,20,3,7554,5448,842,965,True,ELIGIBLE,SUCCESS,0,0,0,1376314846.0,1378906798.0
33,33.csv,8616,8616,2591952,2591952,30.0,8640,21,3,7588,5749,575,965,True,ELIGIBLE,SUCCESS,0,0,0,1376314846.0,1378906798.0
34,34.csv,8612,8612,2591952,2591952,30.0,8640,21,3,7437,5448,697,962,True,ELIGIBLE,SUCCESS,0,0,0,1376314846.0,1378906798.0
35,35.csv,8616,8616,2591952,2591952,30.0,8640,21,2,7740,5448,997,965,True,ELIGIBLE,SUCCESS,0,0,0,1376314846.0,1378906798.0
36,36.csv,8620,8620,2591952,2591952,30.0,8640,17,2,7740,5448,997,965,True,ELIGIBLE,SUCCESS,0,0,0,1376314846.0,1378906798.0
37,37.csv,8637,8637,2591952,2591952,30.0,8640,3,0,8341,5749,997,997,True,ELIGIBLE,SUCCESS,0,0,0,1376314846.0,1378906798.0
38,38.csv,8634,8634,2591952,2591952,30.0,8640,5,1,8041,5449,997,997,True,ELIGIBLE,SUCCESS,0,0,0,1376314846.0,1378906798.0
39,39.csv,8634,8634,2591952,2591952,30.0,8640,5,1,8041,5449,997,997,True,ELIGIBLE,SUCCESS,0,0,0,1376314846.0,1378906798.0
40,40.csv,8616,8616,2591952,2591952,30.0,8640,17,3,7437,5448,697,962,True,ELIGIBLE,SUCCESS,0,0,0,1376314846.0,1378906798.0
41,41.csv,3095,3095,929501,929501,10.76,3099,4,0,2800,1870,165,167,True,ELIGIBLE,SUCCESS,0,0,0,1376314846.0,1377244347.0
42,42.csv,8616,8616,2591952,2591952,30.0,8640,23,1,8041,5749,997,965,True,ELIGIBLE,SUCCESS,0,0,0,1376314846.0,1378906798.0
43,43.csv,8632,8632,2591952,2591952,30.0,8640,8,0,8341,5749,997,997,True,ELIGIBLE,SUCCESS,0,0,0,1376314846.0,1378906798.0
44,44.csv,8634,8634,2591952,2591952,30.0,8640,5,1,8041,5449,997,997,True,ELIGIBLE,SUCCESS,0,0,0,1376314846.0,1378906798.0
45,45.csv,8636,8636,2591952,2591952,30.0,8640,4,0,8341,5749,997,997,True,ELIGIBLE,SUCCESS,0,0,0,1376314846.0,1378906798.0
46,46.csv,8637,8637,2591952,2591952,30.0,8640,3,0,8341,5749,997,997,True,ELIGIBLE,SUCCESS,0,0,0,1376314846.0,1378906798.0
47,47.csv,8633,8633,2591952,2591952,30.0,8640,6,1,8041,5449,997,997,True,ELIGIBLE,SUCCESS,0,0,0,1376314846.0,1378906798.0
48,48.csv,8051,8051,2417037,2417037,27.97,8057,5,1,7458,5040,909,911,True,ELIGIBLE,SUCCESS,0,0,0,1376314846.0,1378731883.0
49,49.csv,8058,8058,2418237,2418237,27.99,8061,3,0,7762,5343,910,911,True,ELIGIBLE,SUCCESS,0,0,0,1376314846.0,1378733083.0
50,50.csv,8632,8632,2591952,2591952,30.0,8640,7,1,8041,5449,997,997,True,ELIGIBLE,SUCCESS,0,0,0,1376314846.0,1378906798.0
51,51.csv,8633,8633,2591952,2591952,30.0,8640,6,1,8041,5449,997,997,True,ELIGIBLE,SUCCESS,0,0,0,1376314846.0,1378906798.0
52,52.csv,8054,8054,2417637,2417637,27.98,8059,4,1,7460,5042,909,911,True,ELIGIBLE,SUCCESS,0,0,0,1376314846.0,1378732483.0
53,53.csv,4025,4022,1206413,1206413,13.96,4022,0,0,3723,2516,304,305,True,ELIGIBLE,SUCCESS,3,0,0,1377700385.0,1378906798.0
54,54.csv,8635,8635,2591952,2591952,30.0,8640,5,0,8341,5749,997,997,True,ELIGIBLE,SUCCESS,0,0,0,1376314846.0,1378906798.0
55,55.csv,8632,8632,2591952,2591952,30.0,8640,8,0,8341,5749,997,997,True,ELIGIBLE,SUCCESS,0,0,0,1376314846.0,1378906798.0
56,56.csv,8633,8633,2591952,2591952,30.0,8640,6,1,8041,5449,997,997,True,ELIGIBLE,SUCCESS,0,0,0,1376314846.0,1378906798.0
57,57.csv,8616,8616,2591952,2591952,30.0,8640,21,2,7740,5448,997,965,True,ELIGIBLE,SUCCESS,0,0,0,1376314846.0,1378906798.0
58,58.csv,8614,8614,2591952,2591952,30.0,8640,23,3,7588,5749,575,965,True,ELIGIBLE,SUCCESS,0,0,0,1376314846.0,1378906798.0
59,59.csv,41,25,7201,7201,0.08,25,0,0,0,0,0,0,False,ACTIVE_DURATION_UNDER_25H (25 steps < 300),SUCCESS,16,0,0,1377690484.0,1377697685.0
60,60.csv,8635,8635,2591952,2591952,30.0,8640,5,0,8341,5749,997,997,True,ELIGIBLE,SUCCESS,0,0,0,1376314846.0,1378906798.0
61,61.csv,23690,1103,330629,330629,3.83,1103,0,0,804,473,0,0,True,ELIGIBLE,SUCCESS,0,22587,0,1376314846.0,1376645475.0
62,62.csv,8616,8616,2591952,2591952,30.0,8640,23,1,8041,5749,997,965,True,ELIGIBLE,SUCCESS,0,0,0,1376314846.0,1378906798.0
63,63.csv,8619,8619,2591952,2591952,30.0,8640,20,1,8041,5749,997,965,True,ELIGIBLE,SUCCESS,0,0,0,1376314846.0,1378906798.0
64,64.csv,11261,11261,2591952,2591952,30.0,8640,7,1,8040,5448,997,997,True,ELIGIBLE,SUCCESS,0,0,0,1376314846.0,1378906798.0
65,65.csv,8630,8630,2591952,2591952,30.0,8640,9,1,8041,5449,997,997,True,ELIGIBLE,SUCCESS,0,0,0,1376314846.0,1378906798.0
66,66.csv,8620,8620,2591952,2591952,30.0,8640,19,1,8041,5749,997,965,True,ELIGIBLE,SUCCESS,0,0,0,1376314846.0,1378906798.0
67,67.csv,8613,8613,2591952,2591952,30.0,8640,22,4,7588,5749,575,965,True,ELIGIBLE,SUCCESS,0,0,0,1376314846.0,1378906798.0
68,68.csv,20256,2819,845494,845494,9.79,2819,0,0,2520,1674,123,125,True,ELIGIBLE,SUCCESS,0,17437,0,1376314846.0,1377160340.0
69,69.csv,8635,8635,2591952,2591952,30.0,8640,4,1,8041,5449,997,997,True,ELIGIBLE,SUCCESS,0,0,0,1376314846.0,1378906798.0
70,70.csv,8614,8614,2591952,2591952,30.0,8640,21,2,7738,5749,697,962,True,ELIGIBLE,SUCCESS,0,0,0,1376314846.0,1378906798.0
71,71.csv,8614,8614,2591952,2591952,30.0,8640,21,4,7588,5749,575,965,True,ELIGIBLE,SUCCESS,0,0,0,1376314846.0,1378906798.0
72,72.csv,20268,2815,844294,844294,9.77,2815,0,0,2516,1671,123,124,True,ELIGIBLE,SUCCESS,0,17453,0,1376314846.0,1377159140.0
73,73.csv,23687,1106,331529,331529,3.84,1106,0,0,807,475,0,0,True,ELIGIBLE,SUCCESS,0,22581,0,1376314846.0,1376646375.0
74,74.csv,8620,8620,2591952,2591952,30.0,8640,18,2,7741,5749,697,965,True,ELIGIBLE,SUCCESS,0,0,0,1376314846.0,1378906798.0
75,75.csv,8612,8612,2591952,2591952,30.0,8640,21,5,7287,5448,575,965,True,ELIGIBLE,SUCCESS,0,0,0,1376314846.0,1378906798.0
76,76.csv,8613,8613,2591952,2591952,30.0,8640,23,3,7554,5448,842,965,True,ELIGIBLE,SUCCESS,0,0,0,1376314846.0,1378906798.0
77,77.csv,8614,8614,2591952,2591952,30.0,8640,22,4,7588,5749,575,965,True,ELIGIBLE,SUCCESS,0,0,0,1376314846.0,1378906798.0
78,78.csv,8616,8616,2591952,2591952,30.0,8640,21,2,7740,5448,997,965,True,ELIGIBLE,SUCCESS,0,0,0,1376314846.0,1378906798.0
79,79.csv,6610,6597,1985292,1985292,22.98,6618,19,2,5833,4333,236,695,True,ELIGIBLE,SUCCESS,13,0,0,1376921506.0,1378906798.0
80,80.csv,8617,8617,2591952,2591952,30.0,8640,20,2,7740,5448,997,965,True,ELIGIBLE,SUCCESS,0,0,0,1376314846.0,1378906798.0
81,81.csv,8621,8621,2591952,2591952,30.0,8640,18,1,8041,5749,997,965,True,ELIGIBLE,SUCCESS,0,0,0,1376314846.0,1378906798.0
82,82.csv,20284,2815,844294,844294,9.77,2815,0,0,2516,1671,123,124,True,ELIGIBLE,SUCCESS,0,17469,0,1376314846.0,1377159140.0
83,83.csv,1928,1926,577555,577555,6.68,1926,0,0,1627,1049,0,0,True,ELIGIBLE,SUCCESS,2,0,0,1377787392.0,1378364947.0
84,84.csv,8617,8617,2591952,2591952,30.0,8640,19,3,7440,5448,697,965,True,ELIGIBLE,SUCCESS,0,0,0,1376314846.0,1378906798.0
85,85.csv,8618,8618,2591952,2591952,30.0,8640,17,2,7738,5749,697,962,True,ELIGIBLE,SUCCESS,0,0,0,1376314846.0,1378906798.0
86,86.csv,8618,8618,2591952,2591952,30.0,8640,19,3,7849,5749,836,965,True,ELIGIBLE,SUCCESS,0,0,0,1376314846.0,1378906798.0
87,87.csv,8532,521,156314,156314,1.81,522,1,0,223,66,0,0,True,ELIGIBLE,SUCCESS,8011,0,0,1378725882.0,1378882196.0
88,88.csv,8635,8635,2591952,2591952,30.0,8640,5,0,8341,5749,997,997,True,ELIGIBLE,SUCCESS,0,0,0,1376314846.0,1378906798.0
89,89.csv,8632,8632,2591952,2591952,30.0,8640,8,0,8341,5749,997,997,True,ELIGIBLE,SUCCESS,0,0,0,1376314846.0,1378906798.0
90,90.csv,8636,8636,2591952,2591952,30.0,8640,4,0,8341,5749,997,997,True,ELIGIBLE,SUCCESS,0,0,0,1376314846.0,1378906798.0
91,91.csv,8635,8635,2591952,2591952,30.0,8640,5,0,8341,5749,997,997,True,ELIGIBLE,SUCCESS,0,0,0,1376314846.0,1378906798.0
92,92.csv,8634,8634,2591952,2591952,30.0,8640,6,0,8341,5749,997,997,True,ELIGIBLE,SUCCESS,0,0,0,1376314846.0,1378906798.0
93,93.csv,8619,8619,2591952,2591952,30.0,8640,18,2,7740,5448,997,965,True,ELIGIBLE,SUCCESS,0,0,0,1376314846.0,1378906798.0
94,94.csv,20265,2815,844294,844294,9.77,2815,0,0,2516,1671,123,124,True,ELIGIBLE,SUCCESS,0,17450,0,1376314846.0,1377159140.0
95,95.csv,8616,8616,2591952,2591952,30.0,8640,20,3,7440,5448,697,965,True,ELIGIBLE,SUCCESS,0,0,0,1376314846.0,1378906798.0
96,96.csv,4021,4019,1205813,1205813,13.96,4020,1,0,3721,2515,304,304,True,ELIGIBLE,SUCCESS,2,0,0,1377700985.0,1378906798.0
97,97.csv,23686,1106,331529,331529,3.84,1106,0,0,807,475,0,0,True,ELIGIBLE,SUCCESS,0,22580,0,1376314846.0,1376646375.0
98,98.csv,8614,8614,2591952,2591952,30.0,8640,21,4,7287,5448,575,965,True,ELIGIBLE,SUCCESS,0,0,0,1376314846.0,1378906798.0
99,99.csv,8619,8619,2591952,2591952,30.0,8640,18,2,7740,5448,997,965,True,ELIGIBLE,SUCCESS,0,0,0,1376314846.0,1378906798.0
100,100.csv,20255,2819,845494,845494,9.79,2819,0,0,2520,1674,123,125,True,ELIGIBLE,SUCCESS,0,17436,0,1376314846.0,1377160340.0
101,101.csv,20255,2819,845494,845494,9.79,2819,0,0,2520,1674,123,125,True,ELIGIBLE,SUCCESS,0,17436,0,1376314846.0,1377160340.0
102,102.csv,8617,8617,2591952,2591952,30.0,8640,20,2,7740,5448,997,965,True,ELIGIBLE,SUCCESS,0,0,0,1376314846.0,1378906798.0
103,103.csv,20258,2818,845494,845494,9.79,2819,1,0,2520,1674,123,125,True,ELIGIBLE,SUCCESS,0,17440,0,1376314846.0,1377160340.0
104,104.csv,20259,2819,845494,845494,9.79,2819,0,0,2520,1674,123,125,True,ELIGIBLE,SUCCESS,0,17440,0,1376314846.0,1377160340.0
105,105.csv,8618,2360,711669,711669,8.24,2373,11,2,1474,762,56,58,True,ELIGIBLE,SUCCESS,6258,0,0,1378195129.0,1378906798.0
106,106.csv,8611,8611,2591952,2591952,30.0,8640,24,4,7287,5448,575,965,True,ELIGIBLE,SUCCESS,0,0,0,1376314846.0,1378906798.0
107,107.csv,8602,8602,2588052,2588052,29.95,8627,22,2,7727,5438,995,952,True,ELIGIBLE,SUCCESS,0,0,0,1376314846.0,1378902898.0
108,108.csv,8616,8616,2591952,2591952,30.0,8640,19,4,7287,5448,575,965,True,ELIGIBLE,SUCCESS,0,0,0,1376314846.0,1378906798.0
109,109.csv,8616,8616,2591952,2591952,30.0,8640,20,3,7554,5448,842,965,True,ELIGIBLE,SUCCESS,0,0,0,1376314846.0,1378906798.0
110,110.csv,8619,8619,2591952,2591952,30.0,8640,17,3,7588,5749,575,965,True,ELIGIBLE,SUCCESS,0,0,0,1376314846.0,1378906798.0
111,111.csv,8616,8616,2591952,2591952,30.0,8640,23,1,8041,5749,997,965,True,ELIGIBLE,SUCCESS,0,0,0,1376314846.0,1378906798.0
112,112.csv,8610,8610,2591952,2591952,30.0,8640,25,4,7287,5448,575,965,True,ELIGIBLE,SUCCESS,0,0,0,1376314846.0,1378906798.0
113,113.csv,8344,8337,2507945,2507945,29.03,8360,19,3,7274,5252,758,955,True,ELIGIBLE,SUCCESS,7,0,0,1376398853.0,1378906798.0
114,114.csv,8616,8616,2591952,2591952,30.0,8640,19,4,7588,5749,575,965,True,ELIGIBLE,SUCCESS,0,0,0,1376314846.0,1378906798.0
115,115.csv,8616,8616,2591952,2591952,30.0,8640,17,3,7437,5448,697,962,True,ELIGIBLE,SUCCESS,0,0,0,1376314846.0,1378906798.0
116,116.csv,8617,8617,2591952,2591952,30.0,8640,22,1,8041,5749,997,965,True,ELIGIBLE,SUCCESS,0,0,0,1376314846.0,1378906798.0
117,117.csv,8619,8619,2591952,2591952,30.0,8640,20,1,8041,5749,997,965,True,ELIGIBLE,SUCCESS,0,0,0,1376314846.0,1378906798.0
118,118.csv,8616,8616,2591952,2591952,30.0,8640,20,3,7554,5448,842,965,True,ELIGIBLE,SUCCESS,0,0,0,1376314846.0,1378906798.0
119,119.csv,8614,8614,2591952,2591952,30.0,8640,22,3,7849,5749,836,965,True,ELIGIBLE,SUCCESS,0,0,0,1376314846.0,1378906798.0
120,120.csv,8613,8613,2591952,2591952,30.0,8640,22,4,7588,5749,575,965,True,ELIGIBLE,SUCCESS,0,0,0,1376314846.0,1378906798.0
121,121.csv,8613,8613,2591952,2591952,30.0,8640,22,4,7287,5448,575,965,True,ELIGIBLE,SUCCESS,0,0,0,1376314846.0,1378906798.0
122,122.csv,8613,8613,2591952,2591952,30.0,8640,24,2,7740,5448,997,965,True,ELIGIBLE,SUCCESS,0,0,0,1376314846.0,1378906798.0
123,123.csv,8615,8615,2591952,2591952,30.0,8640,18,3,7437,5448,697,962,True,ELIGIBLE,SUCCESS,0,0,0,1376314846.0,1378906798.0
124,124.csv,8618,8618,2591952,2591952,30.0,8640,20,2,7855,5749,842,965,True,ELIGIBLE,SUCCESS,0,0,0,1376314846.0,1378906798.0
125,125.csv,8613,8613,2591952,2591952,30.0,8640,23,3,7554,5448,842,965,True,ELIGIBLE,SUCCESS,0,0,0,1376314846.0,1378906798.0
126,126.csv,8615,8615,2591952,2591952,30.0,8640,20,4,7287,5448,575,965,True,ELIGIBLE,SUCCESS,0,0,0,1376314846.0,1378906798.0
127,127.csv,8619,8619,2591952,2591952,30.0,8640,18,3,7588,5749,575,965,True,ELIGIBLE,SUCCESS,0,0,0,1376314846.0,1378906798.0
128,128.csv,8613,8613,2591952,2591952,30.0,8640,24,3,7588,5749,575,965,True,ELIGIBLE,SUCCESS,0,0,0,1376314846.0,1378906798.0
129,129.csv,8616,8616,2591952,2591952,30.0,8640,21,3,7588,5749,575,965,True,ELIGIBLE,SUCCESS,0,0,0,1376314846.0,1378906798.0
130,130.csv,2060,2054,619559,619559,7.17,2066,11,1,1467,847,10,12,True,ELIGIBLE,SUCCESS,6,0,0,1378287239.0,1378906798.0
131,131.csv,8617,8617,2591952,2591952,30.0,8640,21,2,7855,5749,842,965,True,ELIGIBLE,SUCCESS,0,0,0,1376314846.0,1378906798.0
132,132.csv,8619,8619,2591952,2591952,30.0,8640,20,1,8041,5749,997,965,True,ELIGIBLE,SUCCESS,0,0,0,1376314846.0,1378906798.0
133,133.csv,8618,8618,2591952,2591952,30.0,8640,18,4,7588,5749,575,965,True,ELIGIBLE,SUCCESS,0,0,0,1376314846.0,1378906798.0
134,134.csv,8617,8617,2591952,2591952,30.0,8640,19,3,7554,5448,842,965,True,ELIGIBLE,SUCCESS,0,0,0,1376314846.0,1378906798.0
135,135.csv,8617,8617,2591952,2591952,30.0,8640,22,1,8041,5749,997,965,True,ELIGIBLE,SUCCESS,0,0,0,1376314846.0,1378906798.0
136,136.csv,8614,8614,2591952,2591952,30.0,8640,21,4,7588,5749,575,965,True,ELIGIBLE,SUCCESS,0,0,0,1376314846.0,1378906798.0
137,137.csv,8614,8614,2591952,2591952,30.0,8640,22,4,7588,5749,575,965,True,ELIGIBLE,SUCCESS,0,0,0,1376314846.0,1378906798.0
138,138.csv,8619,8619,2591952,2591952,30.0,8640,20,1,8041,5749,997,965,True,ELIGIBLE,SUCCESS,0,0,0,1376314846.0,1378906798.0
139,139.csv,8619,8619,2591952,2591952,30.0,8640,20,1,8041,5749,997,965,True,ELIGIBLE,SUCCESS,0,0,0,1376314846.0,1378906798.0
140,140.csv,8619,8619,2591952,2591952,30.0,8640,20,1,8041,5749,997,965,True,ELIGIBLE,SUCCESS,0,0,0,1376314846.0,1378906798.0
141,141.csv,8633,8633,2591952,2591952,30.0,8640,7,0,8341,5749,997,997,True,ELIGIBLE,SUCCESS,0,0,0,1376314846.0,1378906798.0
142,142.csv,8634,8634,2591952,2591952,30.0,8640,6,0,8341,5749,997,997,True,ELIGIBLE,SUCCESS,0,0,0,1376314846.0,1378906798.0
143,143.csv,8617,8617,2591952,2591952,30.0,8640,20,3,7588,5749,575,965,True,ELIGIBLE,SUCCESS,0,0,0,1376314846.0,1378906798.0
144,144.csv,8614,8614,2591952,2591952,30.0,8640,23,3,7588,5749,575,965,True,ELIGIBLE,SUCCESS,0,0,0,1376314846.0,1378906798.0
145,145.csv,8614,8614,2591952,2591952,30.0,8640,21,4,7588,5749,575,965,True,ELIGIBLE,SUCCESS,0,0,0,1376314846.0,1378906798.0
146,146.csv,8615,8615,2591952,2591952,30.0,8640,22,3,7588,5749,575,965,True,ELIGIBLE,SUCCESS,0,0,0,1376314846.0,1378906798.0
147,147.csv,8612,8612,2591952,2591952,30.0,8640,25,3,7588,5749,575,965,True,ELIGIBLE,SUCCESS,0,0,0,1376314846.0,1378906798.0
148,148.csv,8618,8618,2591952,2591952,30.0,8640,17,4,7588,5749,575,965,True,ELIGIBLE,SUCCESS,0,0,0,1376314846.0,1378906798.0
149,149.csv,8616,8616,2591952,2591952,30.0,8640,20,3,7554,5448,842,965,True,ELIGIBLE,SUCCESS,0,0,0,1376314846.0,1378906798.0
150,150.csv,10370,6871,2065102,2065102,23.9,6884,13,0,6585,4519,733,735,True,ELIGIBLE,SUCCESS,0,3499,0,1376314846.0,1378379948.0
151,151.csv,8617,8617,2591952,2591952,30.0,8640,20,2,7740,5448,997,965,True,ELIGIBLE,SUCCESS,0,0,0,1376314846.0,1378906798.0
152,152.csv,6873,6873,2065102,2065102,23.9,6884,9,1,6284,4218,733,735,True,ELIGIBLE,SUCCESS,0,0,0,1376314846.0,1378379948.0
153,153.csv,8618,8618,2591952,2591952,30.0,8640,18,3,7440,5448,697,965,True,ELIGIBLE,SUCCESS,0,0,0,1376314846.0,1378906798.0
154,154.csv,8613,8613,2591952,2591952,30.0,8640,23,3,7554,5448,842,965,True,ELIGIBLE,SUCCESS,0,0,0,1376314846.0,1378906798.0
155,155.csv,8617,8617,2591952,2591952,30.0,8640,20,2,7740,5448,997,965,True,ELIGIBLE,SUCCESS,0,0,0,1376314846.0,1378906798.0
156,156.csv,8615,8615,2591952,2591952,30.0,8640,18,5,7287,5448,575,965,True,ELIGIBLE,SUCCESS,0,0,0,1376314846.0,1378906798.0
157,157.csv,8365,8364,2516346,2516346,29.12,8388,20,3,7302,5271,767,960,True,ELIGIBLE,SUCCESS,1,0,0,1376390452.0,1378906798.0
158,158.csv,8613,8613,2591952,2591952,30.0,8640,23,3,7554,5448,842,965,True,ELIGIBLE,SUCCESS,0,0,0,1376314846.0,1378906798.0
159,159.csv,8613,8613,2591952,2591952,30.0,8640,20,5,7287,5448,575,965,True,ELIGIBLE,SUCCESS,0,0,0,1376314846.0,1378906798.0
160,160.csv,8614,8614,2591952,2591952,30.0,8640,19,5,7287,5448,575,965,True,ELIGIBLE,SUCCESS,0,0,0,1376314846.0,1378906798.0
161,161.csv,1256,31,9001,9001,0.1,31,0,0,0,0,0,0,False,ACTIVE_DURATION_UNDER_25H (31 steps < 300),SUCCESS,1,1224,0,1378714181.0,1378723182.0
162,162.csv,1849,14,3900,3900,0.05,14,0,0,0,0,0,0,False,ACTIVE_DURATION_UNDER_25H (14 steps < 300),SUCCESS,0,1835,0,1378719282.0,1378723182.0
163,163.csv,8615,8615,2591952,2591952,30.0,8640,19,4,7548,5448,836,965,True,ELIGIBLE,SUCCESS,0,0,0,1376314846.0,1378906798.0
164,164.csv,8618,8618,2591952,2591952,30.0,8640,19,2,7740,5448,997,965,True,ELIGIBLE,SUCCESS,0,0,0,1376314846.0,1378906798.0
165,165.csv,8619,8619,2591952,2591952,30.0,8640,20,1,8041,5749,997,965,True,ELIGIBLE,SUCCESS,0,0,0,1376314846.0,1378906798.0
166,166.csv,8617,8617,2591952,2591952,30.0,8640,19,3,7440,5448,697,965,True,ELIGIBLE,SUCCESS,0,0,0,1376314846.0,1378906798.0
167,167.csv,8615,8615,2591952,2591952,30.0,8640,22,2,7740,5448,997,965,True,ELIGIBLE,SUCCESS,0,0,0,1376314846.0,1378906798.0
168,168.csv,21267,2314,693979,693979,8.03,2314,0,0,2015,1320,48,49,True,ELIGIBLE,SUCCESS,0,18953,0,1376314846.0,1377008825.0
169,169.csv,8636,8636,2591952,2591952,30.0,8640,4,0,8341,5749,997,997,True,ELIGIBLE,SUCCESS,0,0,0,1376314846.0,1378906798.0
170,170.csv,8633,8633,2591952,2591952,30.0,8640,6,1,8041,5449,997,997,True,ELIGIBLE,SUCCESS,0,0,0,1376314846.0,1378906798.0
171,171.csv,8636,8636,2591952,2591952,30.0,8640,4,0,8341,5749,997,997,True,ELIGIBLE,SUCCESS,0,0,0,1376314846.0,1378906798.0
172,172.csv,8612,8612,2591952,2591952,30.0,8640,23,4,7287,5448,575,965,True,ELIGIBLE,SUCCESS,0,0,0,1376314846.0,1378906798.0
173,173.csv,8614,8614,2591952,2591952,30.0,8640,23,3,7588,5749,575,965,True,ELIGIBLE,SUCCESS,0,0,0,1376314846.0,1378906798.0
174,174.csv,9261,8320,2497744,2497744,28.91,8326,5,1,7727,5229,949,951,True,ELIGIBLE,SUCCESS,0,941,0,1376314846.0,1378812590.0
175,175.csv,8615,8615,2591952,2591952,30.0,8640,19,2,7737,5448,997,962,True,ELIGIBLE,SUCCESS,0,0,0,1376314846.0,1378906798.0
176,176.csv,8634,8634,2591952,2591952,30.0,8640,5,1,8041,5449,997,997,True,ELIGIBLE,SUCCESS,0,0,0,1376314846.0,1378906798.0
177,177.csv,8632,8632,2591952,2591952,30.0,8640,8,0,8341,5749,997,997,True,ELIGIBLE,SUCCESS,0,0,0,1376314846.0,1378906798.0
178,178.csv,8634,8634,2591952,2591952,30.0,8640,5,1,8041,5449,997,997,True,ELIGIBLE,SUCCESS,0,0,0,1376314846.0,1378906798.0
179,179.csv,20265,2815,844294,844294,9.77,2815,0,0,2516,1671,123,124,True,ELIGIBLE,SUCCESS,0,17450,0,1376314846.0,1377159140.0
180,180.csv,20264,2815,844294,844294,9.77,2815,0,0,2516,1671,123,124,True,ELIGIBLE,SUCCESS,0,17449,0,1376314846.0,1377159140.0
181,181.csv,8618,8618,2591952,2591952,30.0,8640,19,2,7740,5448,997,965,True,ELIGIBLE,SUCCESS,0,0,0,1376314846.0,1378906798.0
182,182.csv,8619,8619,2591952,2591952,30.0,8640,18,2,7740,5448,997,965,True,ELIGIBLE,SUCCESS,0,0,0,1376314846.0,1378906798.0
183,183.csv,11288,7289,2191414,2191414,25.36,7305,14,1,6705,4513,796,798,True,ELIGIBLE,SUCCESS,0,3999,0,1376314846.0,1378506260.0
184,184.csv,11286,7287,2191414,2191414,25.36,7305,18,0,7006,4814,796,798,True,ELIGIBLE,SUCCESS,0,3999,0,1376314846.0,1378506260.0
185,185.csv,11285,7287,2191414,2191414,25.36,7305,15,2,6405,4513,796,498,True,ELIGIBLE,SUCCESS,0,3998,0,1376314846.0,1378506260.0
186,186.csv,11284,7285,2191414,2191414,25.36,7305,14,4,6322,4513,796,415,True,ELIGIBLE,SUCCESS,0,3999,0,1376314846.0,1378506260.0
187,187.csv,11285,7286,2191414,2191414,25.36,7305,17,1,6705,4513,796,798,True,ELIGIBLE,SUCCESS,0,3999,0,1376314846.0,1378506260.0
188,188.csv,11284,7285,2191414,2191414,25.36,7305,15,3,6322,4513,796,415,True,ELIGIBLE,SUCCESS,0,3999,0,1376314846.0,1378506260.0
189,189.csv,11286,7287,2191414,2191414,25.36,7305,18,0,7006,4814,796,798,True,ELIGIBLE,SUCCESS,0,3999,0,1376314846.0,1378506260.0
190,190.csv,11285,7286,2191414,2191414,25.36,7305,16,2,6405,4513,796,498,True,ELIGIBLE,SUCCESS,0,3999,0,1376314846.0,1378506260.0
191,191.csv,11283,7284,2191414,2191414,25.36,7305,19,1,6705,4513,796,798,True,ELIGIBLE,SUCCESS,0,3999,0,1376314846.0,1378506260.0
192,192.csv,11285,7287,2191414,2191414,25.36,7305,16,1,6705,4513,796,798,True,ELIGIBLE,SUCCESS,0,3998,0,1376314846.0,1378506260.0
193,193.csv,11286,7287,2191414,2191414,25.36,7305,15,2,6405,4513,796,498,True,ELIGIBLE,SUCCESS,0,3999,0,1376314846.0,1378506260.0
194,194.csv,11286,7288,2191414,2191414,25.36,7305,17,0,7006,4814,796,798,True,ELIGIBLE,SUCCESS,0,3998,0,1376314846.0,1378506260.0
195,195.csv,11288,7289,2191414,2191414,25.36,7305,14,1,6705,4513,796,798,True,ELIGIBLE,SUCCESS,0,3999,0,1376314846.0,1378506260.0
196,196.csv,11286,7287,2191414,2191414,25.36,7305,18,0,7006,4814,796,798,True,ELIGIBLE,SUCCESS,0,3999,0,1376314846.0,1378506260.0
197,197.csv,11286,7287,2191414,2191414,25.36,7305,13,3,6322,4513,796,415,True,ELIGIBLE,SUCCESS,0,3999,0,1376314846.0,1378506260.0
198,198.csv,11282,7284,2191414,2191414,25.36,7305,18,2,6405,4513,796,498,True,ELIGIBLE,SUCCESS,0,3998,0,1376314846.0,1378506260.0
199,199.csv,11287,7288,2191414,2191414,25.36,7305,15,1,6705,4513,796,798,True,ELIGIBLE,SUCCESS,0,3999,0,1376314846.0,1378506260.0
200,200.csv,11283,7284,2191414,2191414,25.36,7305,15,4,6322,4513,796,415,True,ELIGIBLE,SUCCESS,0,3999,0,1376314846.0,1378506260.0
201,201.csv,11285,7286,2191414,2191414,25.36,7305,17,1,6705,4513,796,798,True,ELIGIBLE,SUCCESS,0,3999,0,1376314846.0,1378506260.0
202,202.csv,11282,7283,2191414,2191414,25.36,7305,18,3,6623,4814,796,415,True,ELIGIBLE,SUCCESS,0,3999,0,1376314846.0,1378506260.0
203,203.csv,11285,7286,2191414,2191414,25.36,7305,17,1,6705,4513,796,798,True,ELIGIBLE,SUCCESS,0,3999,0,1376314846.0,1378506260.0
204,204.csv,11284,7285,2191414,2191414,25.36,7305,18,1,6705,4513,796,798,True,ELIGIBLE,SUCCESS,0,3999,0,1376314846.0,1378506260.0
205,205.csv,11285,7287,2191414,2191414,25.36,7305,18,0,7006,4814,796,798,True,ELIGIBLE,SUCCESS,0,3998,0,1376314846.0,1378506260.0
206,206.csv,11286,7288,2191414,2191414,25.36,7305,16,1,6706,4814,796,498,True,ELIGIBLE,SUCCESS,0,3998,0,1376314846.0,1378506260.0
207,207.csv,11283,7284,2191414,2191414,25.36,7305,19,1,6705,4513,796,798,True,ELIGIBLE,SUCCESS,0,3999,0,1376314846.0,1378506260.0
208,208.csv,11284,7285,2191414,2191414,25.36,7305,14,4,6322,4513,796,415,True,ELIGIBLE,SUCCESS,0,3999,0,1376314846.0,1378506260.0
209,209.csv,8613,7503,2258923,2258923,26.14,7530,20,5,6177,4671,242,831,True,ELIGIBLE,SUCCESS,1110,0,0,1376647875.0,1378906798.0
210,210.csv,11281,7285,2191714,2191714,25.37,7306,17,3,6322,4514,796,414,True,ELIGIBLE,SUCCESS,0,3996,0,1376314846.0,1378506560.0
211,211.csv,8616,7506,2258923,2258923,26.14,7530,21,2,6630,4671,695,831,True,ELIGIBLE,SUCCESS,1110,0,0,1376647875.0,1378906798.0
212,212.csv,11285,7289,2191714,2191714,25.37,7306,15,1,6706,4514,796,798,True,ELIGIBLE,SUCCESS,0,3996,0,1376314846.0,1378506560.0
213,213.csv,8618,7508,2258923,2258923,26.14,7530,21,1,6931,4972,695,831,True,ELIGIBLE,SUCCESS,1110,0,0,1376647875.0,1378906798.0
214,214.csv,11283,7287,2191714,2191714,25.37,7306,19,0,7007,4815,796,798,True,ELIGIBLE,SUCCESS,0,3996,0,1376314846.0,1378506560.0
215,215.csv,11280,7285,2191714,2191714,25.37,7306,18,2,6883,4815,796,674,True,ELIGIBLE,SUCCESS,0,3995,0,1376314846.0,1378506560.0
216,216.csv,11287,7291,2191714,2191714,25.37,7306,15,0,7007,4815,796,798,True,ELIGIBLE,SUCCESS,0,3996,0,1376314846.0,1378506560.0
217,217.csv,11283,7287,2191714,2191714,25.37,7306,13,4,6322,4514,796,414,True,ELIGIBLE,SUCCESS,0,3996,0,1376314846.0,1378506560.0
218,218.csv,11285,7289,2191714,2191714,25.37,7306,17,0,7007,4815,796,798,True,ELIGIBLE,SUCCESS,0,3996,0,1376314846.0,1378506560.0
219,219.csv,7500,7494,2254722,2254722,26.1,7516,21,1,6917,4962,691,829,True,ELIGIBLE,SUCCESS,6,0,0,1376652076.0,1378906798.0
220,220.csv,7481,7477,2249322,2249322,26.03,7498,20,1,6899,4949,686,827,True,ELIGIBLE,SUCCESS,4,0,0,1376657476.0,1378906798.0
221,221.csv,7478,7470,2249022,2249022,26.03,7497,22,4,6445,4948,233,827,True,ELIGIBLE,SUCCESS,8,0,0,1376657776.0,1378906798.0
222,222.csv,7486,7475,2249022,2249022,26.03,7497,21,1,6898,4948,686,827,True,ELIGIBLE,SUCCESS,11,0,0,1376657776.0,1378906798.0
223,223.csv,7491,7477,2249022,2249022,26.03,7497,19,1,6898,4948,686,827,True,ELIGIBLE,SUCCESS,14,0,0,1376657776.0,1378906798.0
224,224.csv,7480,7477,2249022,2249022,26.03,7497,19,1,6898,4948,686,827,True,ELIGIBLE,SUCCESS,3,0,0,1376657776.0,1378906798.0
225,225.csv,7478,7476,2249022,2249022,26.03,7497,18,2,6597,4647,686,827,True,ELIGIBLE,SUCCESS,2,0,0,1376657776.0,1378906798.0
226,226.csv,7485,7471,2248722,2248722,26.03,7496,18,3,6293,4647,385,826,True,ELIGIBLE,SUCCESS,14,0,0,1376658076.0,1378906798.0
227,227.csv,7479,7468,2248722,2248722,26.03,7496,18,5,6140,4647,232,826,True,ELIGIBLE,SUCCESS,11,0,0,1376658076.0,1378906798.0
228,228.csv,7477,7470,2248722,2248722,26.03,7496,21,4,6143,4647,232,826,True,ELIGIBLE,SUCCESS,7,0,0,1376658076.0,1378906798.0
229,229.csv,7494,7488,2254722,2254722,26.1,7516,23,4,6163,4661,238,829,True,ELIGIBLE,SUCCESS,6,0,0,1376652076.0,1378906798.0
230,230.csv,7473,7471,2248722,2248722,26.03,7496,22,3,6444,4948,232,826,True,ELIGIBLE,SUCCESS,2,0,0,1376658076.0,1378906798.0
231,231.csv,7485,7472,2248722,2248722,26.03,7496,22,2,6711,4948,499,826,True,ELIGIBLE,SUCCESS,13,0,0,1376658076.0,1378906798.0
232,232.csv,7474,7472,2248422,2248422,26.02,7495,20,3,6443,4947,232,826,True,ELIGIBLE,SUCCESS,2,0,0,1376658376.0,1378906798.0
233,233.csv,7485,7469,2248422,2248422,26.02,7495,21,4,6443,4947,232,826,True,ELIGIBLE,SUCCESS,16,0,0,1376658376.0,1378906798.0
234,234.csv,7476,7469,2248422,2248422,26.02,7495,23,3,6443,4947,232,826,True,ELIGIBLE,SUCCESS,7,0,0,1376658376.0,1378906798.0
235,235.csv,7481,7469,2248422,2248422,26.02,7495,22,3,6409,4646,499,826,True,ELIGIBLE,SUCCESS,12,0,0,1376658376.0,1378906798.0
236,236.csv,7478,7468,2248422,2248422,26.02,7495,22,4,6142,4646,232,826,True,ELIGIBLE,SUCCESS,10,0,0,1376658376.0,1378906798.0
237,237.csv,7477,7469,2248422,2248422,26.02,7495,22,3,6409,4646,499,826,True,ELIGIBLE,SUCCESS,8,0,0,1376658376.0,1378906798.0
238,238.csv,7475,7470,2248422,2248422,26.02,7495,22,3,6443,4947,232,826,True,ELIGIBLE,SUCCESS,5,0,0,1376658376.0,1378906798.0
239,239.csv,8615,8615,2591952,2591952,30.0,8640,20,4,7287,5448,575,965,True,ELIGIBLE,SUCCESS,0,0,0,1376314846.0,1378906798.0
240,240.csv,8615,8615,2591952,2591952,30.0,8640,18,5,7287,5448,575,965,True,ELIGIBLE,SUCCESS,0,0,0,1376314846.0,1378906798.0
241,241.csv,8618,8618,2591952,2591952,30.0,8640,19,3,7588,5749,575,965,True,ELIGIBLE,SUCCESS,0,0,0,1376314846.0,1378906798.0
242,242.csv,8616,8616,2591952,2591952,30.0,8640,21,3,7588,5749,575,965,True,ELIGIBLE,SUCCESS,0,0,0,1376314846.0,1378906798.0
243,243.csv,8617,8617,2591952,2591952,30.0,8640,20,3,7588,5749,575,965,True,ELIGIBLE,SUCCESS,0,0,0,1376314846.0,1378906798.0
244,244.csv,8615,8615,2591952,2591952,30.0,8640,19,3,7585,5749,575,962,True,ELIGIBLE,SUCCESS,0,0,0,1376314846.0,1378906798.0
245,245.csv,8619,8619,2591952,2591952,30.0,8640,18,3,7588,5749,575,965,True,ELIGIBLE,SUCCESS,0,0,0,1376314846.0,1378906798.0
246,246.csv,8612,8612,2591952,2591952,30.0,8640,25,3,7588,5749,575,965,True,ELIGIBLE,SUCCESS,0,0,0,1376314846.0,1378906798.0
247,247.csv,8615,8615,2591952,2591952,30.0,8640,22,3,7588,5749,575,965,True,ELIGIBLE,SUCCESS,0,0,0,1376314846.0,1378906798.0
248,248.csv,8619,8619,2591952,2591952,30.0,8640,20,1,8041,5749,997,965,True,ELIGIBLE,SUCCESS,0,0,0,1376314846.0,1378906798.0
249,249.csv,8614,8614,2591952,2591952,30.0,8640,18,4,7284,5448,575,962,True,ELIGIBLE,SUCCESS,0,0,0,1376314846.0,1378906798.0
250,250.csv,8616,8616,2591952,2591952,30.0,8640,19,4,7588,5749,575,965,True,ELIGIBLE,SUCCESS,0,0,0,1376314846.0,1378906798.0
251,251.csv,8616,8616,2591952,2591952,30.0,8640,21,3,7588,5749,575,965,True,ELIGIBLE,SUCCESS,0,0,0,1376314846.0,1378906798.0
252,252.csv,8615,8615,2591952,2591952,30.0,8640,21,3,7440,5448,697,965,True,ELIGIBLE,SUCCESS,0,0,0,1376314846.0,1378906798.0
253,253.csv,8617,8617,2591952,2591952,30.0,8640,22,1,8041,5749,997,965,True,ELIGIBLE,SUCCESS,0,0,0,1376314846.0,1378906798.0
254,254.csv,8613,8613,2591952,2591952,30.0,8640,22,4,7287,5448,575,965,True,ELIGIBLE,SUCCESS,0,0,0,1376314846.0,1378906798.0
255,255.csv,8617,8617,2591952,2591952,30.0,8640,20,3,7588,5749,575,965,True,ELIGIBLE,SUCCESS,0,0,0,1376314846.0,1378906798.0
256,256.csv,8617,8617,2591952,2591952,30.0,8640,20,3,7588,5749,575,965,True,ELIGIBLE,SUCCESS,0,0,0,1376314846.0,1378906798.0
257,257.csv,8615,8615,2591952,2591952,30.0,8640,20,4,7287,5448,575,965,True,ELIGIBLE,SUCCESS,0,0,0,1376314846.0,1378906798.0
258,258.csv,8615,8615,2591952,2591952,30.0,8640,22,3,7588,5749,575,965,True,ELIGIBLE,SUCCESS,0,0,0,1376314846.0,1378906798.0
259,259.csv,8617,8617,2591952,2591952,30.0,8640,20,3,7588,5749,575,965,True,ELIGIBLE,SUCCESS,0,0,0,1376314846.0,1378906798.0
260,260.csv,8614,8614,2591952,2591952,30.0,8640,23,3,7588,5749,575,965,True,ELIGIBLE,SUCCESS,0,0,0,1376314846.0,1378906798.0
261,261.csv,8614,8614,2591952,2591952,30.0,8640,19,5,7287,5448,575,965,True,ELIGIBLE,SUCCESS,0,0,0,1376314846.0,1378906798.0
262,262.csv,8612,8612,2591952,2591952,30.0,8640,23,4,7287,5448,575,965,True,ELIGIBLE,SUCCESS,0,0,0,1376314846.0,1378906798.0
263,263.csv,8617,8617,2591952,2591952,30.0,8640,20,3,7588,5749,575,965,True,ELIGIBLE,SUCCESS,0,0,0,1376314846.0,1378906798.0
264,264.csv,8616,8616,2591952,2591952,30.0,8640,20,3,7440,5448,697,965,True,ELIGIBLE,SUCCESS,0,0,0,1376314846.0,1378906798.0
265,265.csv,8614,8614,2591952,2591952,30.0,8640,21,4,7287,5448,575,965,True,ELIGIBLE,SUCCESS,0,0,0,1376314846.0,1378906798.0
266,266.csv,8614,8614,2591952,2591952,30.0,8640,23,2,7740,5448,997,965,True,ELIGIBLE,SUCCESS,0,0,0,1376314846.0,1378906798.0
267,267.csv,8617,8617,2591952,2591952,30.0,8640,15,4,7585,5749,575,962,True,ELIGIBLE,SUCCESS,0,0,0,1376314846.0,1378906798.0
268,268.csv,8618,8618,2591952,2591952,30.0,8640,21,1,8041,5749,997,965,True,ELIGIBLE,SUCCESS,0,0,0,1376314846.0,1378906798.0
269,269.csv,8619,8619,2591952,2591952,30.0,8640,20,1,8041,5749,997,965,True,ELIGIBLE,SUCCESS,0,0,0,1376314846.0,1378906798.0
270,270.csv,8619,8619,2591952,2591952,30.0,8640,19,2,7855,5749,842,965,True,ELIGIBLE,SUCCESS,0,0,0,1376314846.0,1378906798.0
271,271.csv,8620,8620,2591952,2591952,30.0,8640,19,1,8041,5749,997,965,True,ELIGIBLE,SUCCESS,0,0,0,1376314846.0,1378906798.0
272,272.csv,8617,8617,2591952,2591952,30.0,8640,22,1,8041,5749,997,965,True,ELIGIBLE,SUCCESS,0,0,0,1376314846.0,1378906798.0
273,273.csv,8615,8615,2591952,2591952,30.0,8640,21,3,7848,5749,835,965,True,ELIGIBLE,SUCCESS,0,0,0,1376314846.0,1378906798.0
274,274.csv,8618,8618,2591952,2591952,30.0,8640,19,2,7740,5448,997,965,True,ELIGIBLE,SUCCESS,0,0,0,1376314846.0,1378906798.0
275,275.csv,8617,8617,2591952,2591952,30.0,8640,20,3,7588,5749,575,965,True,ELIGIBLE,SUCCESS,0,0,0,1376314846.0,1378906798.0
276,276.csv,8618,8618,2591952,2591952,30.0,8640,20,2,7741,5749,697,965,True,ELIGIBLE,SUCCESS,0,0,0,1376314846.0,1378906798.0
277,277.csv,8617,8617,2591952,2591952,30.0,8640,19,3,7554,5448,842,965,True,ELIGIBLE,SUCCESS,0,0,0,1376314846.0,1378906798.0
278,278.csv,8617,8617,2591952,2591952,30.0,8640,20,2,7740,5448,997,965,True,ELIGIBLE,SUCCESS,0,0,0,1376314846.0,1378906798.0
279,279.csv,8617,8617,2591952,2591952,30.0,8640,20,2,7740,5448,997,965,True,ELIGIBLE,SUCCESS,0,0,0,1376314846.0,1378906798.0
280,280.csv,8615,8615,2591952,2591952,30.0,8640,15,5,7284,5448,575,962,True,ELIGIBLE,SUCCESS,0,0,0,1376314846.0,1378906798.0
281,281.csv,8614,8614,2591952,2591952,30.0,8640,24,2,7855,5749,842,965,True,ELIGIBLE,SUCCESS,0,0,0,1376314846.0,1378906798.0
282,282.csv,8615,8615,2591952,2591952,30.0,8640,21,3,7554,5448,842,965,True,ELIGIBLE,SUCCESS,0,0,0,1376314846.0,1378906798.0
283,283.csv,8619,8619,2591952,2591952,30.0,8640,20,1,8041,5749,997,965,True,ELIGIBLE,SUCCESS,0,0,0,1376314846.0,1378906798.0
284,284.csv,8612,8612,2591952,2591952,30.0,8640,25,3,7588,5749,575,965,True,ELIGIBLE,SUCCESS,0,0,0,1376314846.0,1378906798.0
285,285.csv,8619,8619,2591952,2591952,30.0,8640,20,1,8041,5749,997,965,True,ELIGIBLE,SUCCESS,0,0,0,1376314846.0,1378906798.0
286,286.csv,8612,8612,2591952,2591952,30.0,8640,21,5,7287,5448,575,965,True,ELIGIBLE,SUCCESS,0,0,0,1376314846.0,1378906798.0
287,287.csv,8615,8615,2591952,2591952,30.0,8640,18,5,7287,5448,575,965,True,ELIGIBLE,SUCCESS,0,0,0,1376314846.0,1378906798.0
288,288.csv,8616,8616,2591952,2591952,30.0,8640,19,4,7287,5448,575,965,True,ELIGIBLE,SUCCESS,0,0,0,1376314846.0,1378906798.0
289,289.csv,8611,8611,2591952,2591952,30.0,8640,24,4,7588,5749,575,965,True,ELIGIBLE,SUCCESS,0,0,0,1376314846.0,1378906798.0
290,290.csv,8616,8616,2591952,2591952,30.0,8640,17,5,7287,5448,575,965,True,ELIGIBLE,SUCCESS,0,0,0,1376314846.0,1378906798.0
291,291.csv,8615,8615,2591952,2591952,30.0,8640,22,3,7588,5749,575,965,True,ELIGIBLE,SUCCESS,0,0,0,1376314846.0,1378906798.0
292,292.csv,8617,8617,2591952,2591952,30.0,8640,19,3,7554,5448,842,965,True,ELIGIBLE,SUCCESS,0,0,0,1376314846.0,1378906798.0
293,293.csv,8618,8618,2591952,2591952,30.0,8640,18,3,7440,5448,697,965,True,ELIGIBLE,SUCCESS,0,0,0,1376314846.0,1378906798.0
294,294.csv,8619,8619,2591952,2591952,30.0,8640,20,1,8041,5749,997,965,True,ELIGIBLE,SUCCESS,0,0,0,1376314846.0,1378906798.0
295,295.csv,8619,8619,2591952,2591952,30.0,8640,20,1,8041,5749,997,965,True,ELIGIBLE,SUCCESS,0,0,0,1376314846.0,1378906798.0
296,296.csv,8615,8615,2591952,2591952,30.0,8640,19,4,7287,5448,575,965,True,ELIGIBLE,SUCCESS,0,0,0,1376314846.0,1378906798.0
297,297.csv,8614,8614,2591952,2591952,30.0,8640,21,4,7588,5749,575,965,True,ELIGIBLE,SUCCESS,0,0,0,1376314846.0,1378906798.0
298,298.csv,8614,8614,2591952,2591952,30.0,8640,19,5,7287,5448,575,965,True,ELIGIBLE,SUCCESS,0,0,0,1376314846.0,1378906798.0
299,299.csv,8616,8616,2591952,2591952,30.0,8640,20,3,7440,5448,697,965,True,ELIGIBLE,SUCCESS,0,0,0,1376314846.0,1378906798.0
300,300.csv,8617,8617,2591952,2591952,30.0,8640,20,2,7740,5448,997,965,True,ELIGIBLE,SUCCESS,0,0,0,1376314846.0,1378906798.0
301,301.csv,8613,8613,2591952,2591952,30.0,8640,21,4,7548,5448,836,965,True,ELIGIBLE,SUCCESS,0,0,0,1376314846.0,1378906798.0
302,302.csv,8615,8615,2591952,2591952,30.0,8640,22,2,7740,5448,997,965,True,ELIGIBLE,SUCCESS,0,0,0,1376314846.0,1378906798.0
303,303.csv,2070,2067,624059,624059,7.22,2081,10,3,1029,404,13,14,True,ELIGIBLE,SUCCESS,3,0,0,1378282739.0,1378906798.0
304,304.csv,2070,2067,624059,624059,7.22,2081,9,2,1179,554,13,14,True,ELIGIBLE,SUCCESS,3,0,0,1378282739.0,1378906798.0
305,305.csv,8611,8611,2591952,2591952,30.0,8640,22,5,7287,5448,575,965,True,ELIGIBLE,SUCCESS,0,0,0,1376314846.0,1378906798.0
306,306.csv,8613,8613,2591952,2591952,30.0,8640,22,4,7588,5749,575,965,True,ELIGIBLE,SUCCESS,0,0,0,1376314846.0,1378906798.0
307,307.csv,8613,8613,2591952,2591952,30.0,8640,20,5,7287,5448,575,965,True,ELIGIBLE,SUCCESS,0,0,0,1376314846.0,1378906798.0
308,308.csv,2070,2067,624059,624059,7.22,2081,10,3,1029,404,13,14,True,ELIGIBLE,SUCCESS,3,0,0,1378282739.0,1378906798.0
309,309.csv,2068,2066,624059,624059,7.22,2081,10,4,1029,404,13,14,True,ELIGIBLE,SUCCESS,2,0,0,1378282739.0,1378906798.0
310,310.csv,2070,2068,624059,624059,7.22,2081,11,2,1182,557,13,14,True,ELIGIBLE,SUCCESS,2,0,0,1378282739.0,1378906798.0
311,311.csv,8617,8617,2591952,2591952,30.0,8640,19,3,7440,5448,697,965,True,ELIGIBLE,SUCCESS,0,0,0,1376314846.0,1378906798.0
312,312.csv,5,3,600,600,0.01,3,0,0,0,0,0,0,False,ACTIVE_DURATION_UNDER_25H (3 steps < 300),SUCCESS,2,0,0,1377167240.0,1377167840.0
313,313.csv,5774,5765,1731157,1731157,20.04,5771,5,1,5172,3440,566,568,True,ELIGIBLE,SUCCESS,9,0,0,1377175641.0,1378906798.0
314,314.csv,199,199,59405,59405,0.69,199,0,0,0,0,0,0,False,ACTIVE_DURATION_UNDER_25H (199 steps < 300),SUCCESS,0,0,0,1377106635.0,1377166040.0
315,315.csv,8617,8617,2591952,2591952,30.0,8640,20,2,7740,5448,997,965,True,ELIGIBLE,SUCCESS,0,0,0,1376314846.0,1378906798.0
316,316.csv,14,4,900,900,0.01,4,0,0,0,0,0,0,False,ACTIVE_DURATION_UNDER_25H (4 steps < 300),SUCCESS,10,0,0,1377697685.0,1377698585.0
317,317.csv,8635,8635,2591952,2591952,30.0,8640,5,0,8341,5749,997,997,True,ELIGIBLE,SUCCESS,0,0,0,1376314846.0,1378906798.0
318,318.csv,5705,5530,1664251,1664251,19.26,5548,17,1,4949,3584,233,534,True,ELIGIBLE,SUCCESS,175,0,0,1377242547.0,1378906798.0
319,319.csv,8619,8619,2591952,2591952,30.0,8640,20,1,8041,5749,997,965,True,ELIGIBLE,SUCCESS,0,0,0,1376314846.0,1378906798.0
320,320.csv,8635,8635,2591952,2591952,30.0,8640,5,0,8341,5749,997,997,True,ELIGIBLE,SUCCESS,0,0,0,1376314846.0,1378906798.0
321,321.csv,8636,8636,2591952,2591952,30.0,8640,4,0,8341,5749,997,997,True,ELIGIBLE,SUCCESS,0,0,0,1376314846.0,1378906798.0
322,322.csv,8632,8632,2591952,2591952,30.0,8640,8,0,8341,5749,997,997,True,ELIGIBLE,SUCCESS,0,0,0,1376314846.0,1378906798.0
323,323.csv,8635,8635,2591952,2591952,30.0,8640,4,1,8041,5449,997,997,True,ELIGIBLE,SUCCESS,0,0,0,1376314846.0,1378906798.0
324,324.csv,8635,8635,2591952,2591952,30.0,8640,5,0,8341,5749,997,997,True,ELIGIBLE,SUCCESS,0,0,0,1376314846.0,1378906798.0
325,325.csv,8635,8635,2591952,2591952,30.0,8640,5,0,8341,5749,997,997,True,ELIGIBLE,SUCCESS,0,0,0,1376314846.0,1378906798.0
326,326.csv,8637,8637,2591952,2591952,30.0,8640,3,0,8341,5749,997,997,True,ELIGIBLE,SUCCESS,0,0,0,1376314846.0,1378906798.0
327,327.csv,8636,8636,2591952,2591952,30.0,8640,4,0,8341,5749,997,997,True,ELIGIBLE,SUCCESS,0,0,0,1376314846.0,1378906798.0
328,328.csv,8636,8636,2591952,2591952,30.0,8640,4,0,8341,5749,997,997,True,ELIGIBLE,SUCCESS,0,0,0,1376314846.0,1378906798.0
329,329.csv,8614,8614,2591952,2591952,30.0,8640,22,3,7588,5749,575,965,True,ELIGIBLE,SUCCESS,0,0,0,1376314846.0,1378906798.0
330,330.csv,8632,8632,2591952,2591952,30.0,8640,7,1,8041,5449,997,997,True,ELIGIBLE,SUCCESS,0,0,0,1376314846.0,1378906798.0
331,331.csv,5766,5756,1733557,1733557,20.06,5779,22,1,5180,3746,267,569,True,ELIGIBLE,SUCCESS,10,0,0,1377173241.0,1378906798.0
332,332.csv,8636,8636,2591952,2591952,30.0,8640,4,0,8341,5749,997,997,True,ELIGIBLE,SUCCESS,0,0,0,1376314846.0,1378906798.0
333,333.csv,8636,8636,2591952,2591952,30.0,8640,4,0,8341,5749,997,997,True,ELIGIBLE,SUCCESS,0,0,0,1376314846.0,1378906798.0
334,334.csv,8614,8614,2591952,2591952,30.0,8640,25,1,8041,5749,997,965,True,ELIGIBLE,SUCCESS,0,0,0,1376314846.0,1378906798.0
335,335.csv,8617,8617,2591952,2591952,30.0,8640,20,3,7588,5749,575,965,True,ELIGIBLE,SUCCESS,0,0,0,1376314846.0,1378906798.0
336,336.csv,4021,4020,1205813,1205813,13.96,4020,0,0,3721,2515,304,304,True,ELIGIBLE,SUCCESS,1,0,0,1377700985.0,1378906798.0
337,337.csv,8615,8615,2591952,2591952,30.0,8640,23,2,7741,5749,697,965,True,ELIGIBLE,SUCCESS,0,0,0,1376314846.0,1378906798.0
338,338.csv,6596,6588,1984092,1984092,22.96,6614,22,4,5562,4330,0,694,True,ELIGIBLE,SUCCESS,8,0,0,1376922706.0,1378906798.0
339,339.csv,8613,8613,2591952,2591952,30.0,8640,22,4,7287,5448,575,965,True,ELIGIBLE,SUCCESS,0,0,0,1376314846.0,1378906798.0
340,340.csv,8618,8618,2591952,2591952,30.0,8640,19,2,7740,5448,997,965,True,ELIGIBLE,SUCCESS,0,0,0,1376314846.0,1378906798.0
341,341.csv,8613,8613,2591952,2591952,30.0,8640,20,5,7287,5448,575,965,True,ELIGIBLE,SUCCESS,0,0,0,1376314846.0,1378906798.0
342,342.csv,8615,2358,711669,711669,8.24,2373,13,2,1588,876,56,58,True,ELIGIBLE,SUCCESS,6257,0,0,1378195129.0,1378906798.0
343,343.csv,8615,8615,2591952,2591952,30.0,8640,22,3,7588,5749,575,965,True,ELIGIBLE,SUCCESS,0,0,0,1376314846.0,1378906798.0
344,344.csv,8618,8618,2591952,2591952,30.0,8640,21,1,8041,5749,997,965,True,ELIGIBLE,SUCCESS,0,0,0,1376314846.0,1378906798.0
345,345.csv,8615,8615,2591952,2591952,30.0,8640,22,2,7740,5448,997,965,True,ELIGIBLE,SUCCESS,0,0,0,1376314846.0,1378906798.0
346,346.csv,8616,8616,2591952,2591952,30.0,8640,17,3,7437,5448,697,962,True,ELIGIBLE,SUCCESS,0,0,0,1376314846.0,1378906798.0
347,347.csv,8635,8635,2591952,2591952,30.0,8640,5,0,8341,5749,997,997,True,ELIGIBLE,SUCCESS,0,0,0,1376314846.0,1378906798.0
348,348.csv,8617,8617,2591952,2591952,30.0,8640,22,1,8041,5749,997,965,True,ELIGIBLE,SUCCESS,0,0,0,1376314846.0,1378906798.0
349,349.csv,8615,8615,2591952,2591952,30.0,8640,22,3,7588,5749,575,965,True,ELIGIBLE,SUCCESS,0,0,0,1376314846.0,1378906798.0
350,350.csv,8618,8618,2591952,2591952,30.0,8640,21,1,8041,5749,997,965,True,ELIGIBLE,SUCCESS,0,0,0,1376314846.0,1378906798.0
351,351.csv,8616,8616,2591952,2591952,30.0,8640,23,1,8041,5749,997,965,True,ELIGIBLE,SUCCESS,0,0,0,1376314846.0,1378906798.0
352,352.csv,8616,8616,2591952,2591952,30.0,8640,23,1,8041,5749,997,965,True,ELIGIBLE,SUCCESS,0,0,0,1376314846.0,1378906798.0
353,353.csv,8635,8635,2591952,2591952,30.0,8640,5,0,8341,5749,997,997,True,ELIGIBLE,SUCCESS,0,0,0,1376314846.0,1378906798.0
354,354.csv,8634,8634,2591952,2591952,30.0,8640,5,1,8041,5449,997,997,True,ELIGIBLE,SUCCESS,0,0,0,1376314846.0,1378906798.0
355,355.csv,23686,1106,331529,331529,3.84,1106,0,0,807,475,0,0,True,ELIGIBLE,SUCCESS,0,22580,0,1376314846.0,1376646375.0
356,356.csv,8613,8613,2591952,2591952,30.0,8640,24,3,7588,5749,575,965,True,ELIGIBLE,SUCCESS,0,0,0,1376314846.0,1378906798.0
357,357.csv,8621,8621,2591952,2591952,30.0,8640,18,1,8041,5749,997,965,True,ELIGIBLE,SUCCESS,0,0,0,1376314846.0,1378906798.0
358,358.csv,8635,8635,2591952,2591952,30.0,8640,4,1,8041,5449,997,997,True,ELIGIBLE,SUCCESS,0,0,0,1376314846.0,1378906798.0
359,359.csv,23688,1103,330629,330629,3.83,1103,0,0,804,473,0,0,True,ELIGIBLE,SUCCESS,0,22585,0,1376314846.0,1376645475.0
360,360.csv,8633,8633,2591952,2591952,30.0,8640,6,1,8041,5449,997,997,True,ELIGIBLE,SUCCESS,0,0,0,1376314846.0,1378906798.0
361,361.csv,9330,8257,2484542,2484542,28.76,8282,22,2,7382,5197,943,644,True,ELIGIBLE,SUCCESS,0,1073,0,1376314846.0,1378799388.0
362,362.csv,8616,8616,2591952,2591952,30.0,8640,21,2,7740,5448,997,965,True,ELIGIBLE,SUCCESS,0,0,0,1376314846.0,1378906798.0
363,363.csv,8615,8615,2591952,2591952,30.0,8640,18,5,7287,5448,575,965,True,ELIGIBLE,SUCCESS,0,0,0,1376314846.0,1378906798.0
364,364.csv,20255,2819,845494,845494,9.79,2819,0,0,2520,1674,123,125,True,ELIGIBLE,SUCCESS,0,17436,0,1376314846.0,1377160340.0
365,365.csv,12745,0,0,0,0.0,0,0,0,0,0,0,0,False,ZERO_ACTIVE_ROWS_NO_PROVISIONED_CAPACITY,SUCCESS,12745,0,0,,
366,366.csv,8620,8620,2591952,2591952,30.0,8640,18,2,7741,5749,697,965,True,ELIGIBLE,SUCCESS,0,0,0,1376314846.0,1378906798.0
367,367.csv,8616,8616,2591952,2591952,30.0,8640,20,3,7440,5448,697,965,True,ELIGIBLE,SUCCESS,0,0,0,1376314846.0,1378906798.0
368,368.csv,8616,8616,2591952,2591952,30.0,8640,19,4,7588,5749,575,965,True,ELIGIBLE,SUCCESS,0,0,0,1376314846.0,1378906798.0
369,369.csv,8613,8613,2591952,2591952,30.0,8640,21,4,7547,5448,835,965,True,ELIGIBLE,SUCCESS,0,0,0,1376314846.0,1378906798.0
370,370.csv,8611,8611,2591952,2591952,30.0,8640,23,4,7547,5448,835,965,True,ELIGIBLE,SUCCESS,0,0,0,1376314846.0,1378906798.0
371,371.csv,8612,8612,2591952,2591952,30.0,8640,23,4,7287,5448,575,965,True,ELIGIBLE,SUCCESS,0,0,0,1376314846.0,1378906798.0
372,372.csv,8614,8614,2591952,2591952,30.0,8640,23,3,7849,5749,836,965,True,ELIGIBLE,SUCCESS,0,0,0,1376314846.0,1378906798.0
373,373.csv,8615,8615,2591952,2591952,30.0,8640,22,3,7588,5749,575,965,True,ELIGIBLE,SUCCESS,0,0,0,1376314846.0,1378906798.0
374,374.csv,8616,8616,2591952,2591952,30.0,8640,23,1,8041,5749,997,965,True,ELIGIBLE,SUCCESS,0,0,0,1376314846.0,1378906798.0
375,375.csv,8616,8616,2591952,2591952,30.0,8640,19,4,7588,5749,575,965,True,ELIGIBLE,SUCCESS,0,0,0,1376314846.0,1378906798.0
376,376.csv,8618,8618,2591952,2591952,30.0,8640,18,3,7849,5749,836,965,True,ELIGIBLE,SUCCESS,0,0,0,1376314846.0,1378906798.0
377,377.csv,8617,8617,2591952,2591952,30.0,8640,18,4,7588,5749,575,965,True,ELIGIBLE,SUCCESS,0,0,0,1376314846.0,1378906798.0
378,378.csv,8620,8620,2591952,2591952,30.0,8640,19,1,8041,5749,997,965,True,ELIGIBLE,SUCCESS,0,0,0,1376314846.0,1378906798.0
379,379.csv,8614,8614,2591952,2591952,30.0,8640,21,4,7287,5448,575,965,True,ELIGIBLE,SUCCESS,0,0,0,1376314846.0,1378906798.0
380,380.csv,8615,8615,2591952,2591952,30.0,8640,22,3,7588,5749,575,965,True,ELIGIBLE,SUCCESS,0,0,0,1376314846.0,1378906798.0
381,381.csv,8612,8612,2591952,2591952,30.0,8640,21,5,7287,5448,575,965,True,ELIGIBLE,SUCCESS,0,0,0,1376314846.0,1378906798.0
382,382.csv,8612,8612,2591952,2591952,30.0,8640,18,5,7284,5448,575,962,True,ELIGIBLE,SUCCESS,0,0,0,1376314846.0,1378906798.0
383,383.csv,8612,8612,2591952,2591952,30.0,8640,23,4,7287,5448,575,965,True,ELIGIBLE,SUCCESS,0,0,0,1376314846.0,1378906798.0
384,384.csv,8618,8618,2591952,2591952,30.0,8640,21,1,8041,5749,997,965,True,ELIGIBLE,SUCCESS,0,0,0,1376314846.0,1378906798.0
385,385.csv,8615,8615,2591952,2591952,30.0,8640,22,3,7849,5749,836,965,True,ELIGIBLE,SUCCESS,0,0,0,1376314846.0,1378906798.0
386,386.csv,8617,8617,2591952,2591952,30.0,8640,20,3,7588,5749,575,965,True,ELIGIBLE,SUCCESS,0,0,0,1376314846.0,1378906798.0
387,387.csv,8636,8636,2591952,2591952,30.0,8640,4,0,8341,5749,997,997,True,ELIGIBLE,SUCCESS,0,0,0,1376314846.0,1378906798.0
388,388.csv,8636,8636,2591952,2591952,30.0,8640,4,0,8341,5749,997,997,True,ELIGIBLE,SUCCESS,0,0,0,1376314846.0,1378906798.0
389,389.csv,8616,8616,2591952,2591952,30.0,8640,23,1,8041,5749,997,965,True,ELIGIBLE,SUCCESS,0,0,0,1376314846.0,1378906798.0
390,390.csv,8635,8635,2591952,2591952,30.0,8640,5,0,8341,5749,997,997,True,ELIGIBLE,SUCCESS,0,0,0,1376314846.0,1378906798.0
391,391.csv,8617,8617,2591952,2591952,30.0,8640,22,1,8041,5749,997,965,True,ELIGIBLE,SUCCESS,0,0,0,1376314846.0,1378906798.0
392,392.csv,8616,8616,2591952,2591952,30.0,8640,21,3,7588,5749,575,965,True,ELIGIBLE,SUCCESS,0,0,0,1376314846.0,1378906798.0
393,393.csv,8617,8617,2591952,2591952,30.0,8640,18,4,7287,5448,575,965,True,ELIGIBLE,SUCCESS,0,0,0,1376314846.0,1378906798.0
394,394.csv,8616,8616,2591952,2591952,30.0,8640,23,1,8041,5749,997,965,True,ELIGIBLE,SUCCESS,0,0,0,1376314846.0,1378906798.0
395,395.csv,8615,8615,2591952,2591952,30.0,8640,22,2,7740,5448,997,965,True,ELIGIBLE,SUCCESS,0,0,0,1376314846.0,1378906798.0
396,396.csv,8616,8616,2591952,2591952,30.0,8640,21,3,7588,5749,575,965,True,ELIGIBLE,SUCCESS,0,0,0,1376314846.0,1378906798.0
397,397.csv,8616,8616,2591952,2591952,30.0,8640,21,3,7588,5749,575,965,True,ELIGIBLE,SUCCESS,0,0,0,1376314846.0,1378906798.0
398,398.csv,8613,8613,2591952,2591952,30.0,8640,24,2,7740,5448,997,965,True,ELIGIBLE,SUCCESS,0,0,0,1376314846.0,1378906798.0
399,399.csv,8613,8613,2591952,2591952,30.0,8640,22,4,7287,5448,575,965,True,ELIGIBLE,SUCCESS,0,0,0,1376314846.0,1378906798.0
400,400.csv,8615,8615,2591952,2591952,30.0,8640,20,4,7588,5749,575,965,True,ELIGIBLE,SUCCESS,0,0,0,1376314846.0,1378906798.0
401,401.csv,8612,8612,2591952,2591952,30.0,8640,25,3,7588,5749,575,965,True,ELIGIBLE,SUCCESS,0,0,0,1376314846.0,1378906798.0
402,402.csv,8617,8617,2591952,2591952,30.0,8640,22,1,8041,5749,997,965,True,ELIGIBLE,SUCCESS,0,0,0,1376314846.0,1378906798.0
403,403.csv,8612,8612,2591952,2591952,30.0,8640,25,3,7588,5749,575,965,True,ELIGIBLE,SUCCESS,0,0,0,1376314846.0,1378906798.0
404,404.csv,8612,8612,2591952,2591952,30.0,8640,25,3,7588,5749,575,965,True,ELIGIBLE,SUCCESS,0,0,0,1376314846.0,1378906798.0
405,405.csv,8617,8617,2591952,2591952,30.0,8640,22,1,8041,5749,997,965,True,ELIGIBLE,SUCCESS,0,0,0,1376314846.0,1378906798.0
406,406.csv,8615,8615,2591952,2591952,30.0,8640,22,3,7588,5749,575,965,True,ELIGIBLE,SUCCESS,0,0,0,1376314846.0,1378906798.0
407,407.csv,8612,8612,2591952,2591952,30.0,8640,25,3,7588,5749,575,965,True,ELIGIBLE,SUCCESS,0,0,0,1376314846.0,1378906798.0
408,408.csv,8615,8615,2591952,2591952,30.0,8640,22,3,7588,5749,575,965,True,ELIGIBLE,SUCCESS,0,0,0,1376314846.0,1378906798.0
409,409.csv,8613,8613,2591952,2591952,30.0,8640,20,3,7437,5448,697,962,True,ELIGIBLE,SUCCESS,0,0,0,1376314846.0,1378906798.0
410,410.csv,8615,8615,2591952,2591952,30.0,8640,22,2,7740,5448,997,965,True,ELIGIBLE,SUCCESS,0,0,0,1376314846.0,1378906798.0
411,411.csv,8616,8616,2591952,2591952,30.0,8640,19,4,7287,5448,575,965,True,ELIGIBLE,SUCCESS,0,0,0,1376314846.0,1378906798.0
412,412.csv,8617,8617,2591952,2591952,30.0,8640,22,1,8041,5749,997,965,True,ELIGIBLE,SUCCESS,0,0,0,1376314846.0,1378906798.0
413,413.csv,8615,8615,2591952,2591952,30.0,8640,22,3,7588,5749,575,965,True,ELIGIBLE,SUCCESS,0,0,0,1376314846.0,1378906798.0
414,414.csv,8615,8615,2591952,2591952,30.0,8640,23,2,7855,5749,842,965,True,ELIGIBLE,SUCCESS,0,0,0,1376314846.0,1378906798.0
415,415.csv,8616,8616,2591952,2591952,30.0,8640,21,3,7588,5749,575,965,True,ELIGIBLE,SUCCESS,0,0,0,1376314846.0,1378906798.0
416,416.csv,8616,8616,2591952,2591952,30.0,8640,17,3,7437,5448,697,962,True,ELIGIBLE,SUCCESS,0,0,0,1376314846.0,1378906798.0
417,417.csv,8613,8613,2591952,2591952,30.0,8640,22,4,7287,5448,575,965,True,ELIGIBLE,SUCCESS,0,0,0,1376314846.0,1378906798.0
418,418.csv,8614,8614,2591952,2591952,30.0,8640,23,3,7588,5749,575,965,True,ELIGIBLE,SUCCESS,0,0,0,1376314846.0,1378906798.0
419,419.csv,8614,8614,2591952,2591952,30.0,8640,23,2,7740,5448,997,965,True,ELIGIBLE,SUCCESS,0,0,0,1376314846.0,1378906798.0
420,420.csv,8616,8616,2591952,2591952,30.0,8640,17,3,7437,5448,697,962,True,ELIGIBLE,SUCCESS,0,0,0,1376314846.0,1378906798.0
421,421.csv,8616,8616,2591952,2591952,30.0,8640,20,3,7554,5448,842,965,True,ELIGIBLE,SUCCESS,0,0,0,1376314846.0,1378906798.0
422,422.csv,8619,8619,2591952,2591952,30.0,8640,20,1,8041,5749,997,965,True,ELIGIBLE,SUCCESS,0,0,0,1376314846.0,1378906798.0
423,423.csv,8615,8615,2591952,2591952,30.0,8640,22,3,7588,5749,575,965,True,ELIGIBLE,SUCCESS,0,0,0,1376314846.0,1378906798.0
424,424.csv,8612,8612,2591952,2591952,30.0,8640,24,3,7848,5749,835,965,True,ELIGIBLE,SUCCESS,0,0,0,1376314846.0,1378906798.0
425,425.csv,8618,8618,2591952,2591952,30.0,8640,19,2,7740,5448,997,965,True,ELIGIBLE,SUCCESS,0,0,0,1376314846.0,1378906798.0
426,426.csv,8617,8617,2591952,2591952,30.0,8640,20,3,7588,5749,575,965,True,ELIGIBLE,SUCCESS,0,0,0,1376314846.0,1378906798.0
427,427.csv,8617,8617,2591952,2591952,30.0,8640,20,2,7740,5448,997,965,True,ELIGIBLE,SUCCESS,0,0,0,1376314846.0,1378906798.0
428,428.csv,8618,8618,2591952,2591952,30.0,8640,21,1,8041,5749,997,965,True,ELIGIBLE,SUCCESS,0,0,0,1376314846.0,1378906798.0
429,429.csv,8618,8618,2591952,2591952,30.0,8640,21,1,8041,5749,997,965,True,ELIGIBLE,SUCCESS,0,0,0,1376314846.0,1378906798.0
430,430.csv,8616,8616,2591952,2591952,30.0,8640,21,3,7588,5749,575,965,True,ELIGIBLE,SUCCESS,0,0,0,1376314846.0,1378906798.0
431,431.csv,8616,8616,2591952,2591952,30.0,8640,21,3,7588,5749,575,965,True,ELIGIBLE,SUCCESS,0,0,0,1376314846.0,1378906798.0
432,432.csv,8614,8614,2591952,2591952,30.0,8640,23,3,7849,5749,836,965,True,ELIGIBLE,SUCCESS,0,0,0,1376314846.0,1378906798.0
433,433.csv,8615,8615,2591952,2591952,30.0,8640,22,3,7588,5749,575,965,True,ELIGIBLE,SUCCESS,0,0,0,1376314846.0,1378906798.0
434,434.csv,8618,8618,2591952,2591952,30.0,8640,19,3,7588,5749,575,965,True,ELIGIBLE,SUCCESS,0,0,0,1376314846.0,1378906798.0
435,435.csv,8619,8619,2591952,2591952,30.0,8640,20,1,8041,5749,997,965,True,ELIGIBLE,SUCCESS,0,0,0,1376314846.0,1378906798.0
436,436.csv,8614,8614,2591952,2591952,30.0,8640,24,2,7741,5749,697,965,True,ELIGIBLE,SUCCESS,0,0,0,1376314846.0,1378906798.0
437,437.csv,8614,8614,2591952,2591952,30.0,8640,23,3,7849,5749,836,965,True,ELIGIBLE,SUCCESS,0,0,0,1376314846.0,1378906798.0
438,438.csv,8617,8617,2591952,2591952,30.0,8640,20,3,7588,5749,575,965,True,ELIGIBLE,SUCCESS,0,0,0,1376314846.0,1378906798.0
439,439.csv,8614,8614,2591952,2591952,30.0,8640,19,5,7287,5448,575,965,True,ELIGIBLE,SUCCESS,0,0,0,1376314846.0,1378906798.0
440,440.csv,8614,8614,2591952,2591952,30.0,8640,19,5,7287,5448,575,965,True,ELIGIBLE,SUCCESS,0,0,0,1376314846.0,1378906798.0
441,441.csv,8616,8616,2591952,2591952,30.0,8640,19,4,7287,5448,575,965,True,ELIGIBLE,SUCCESS,0,0,0,1376314846.0,1378906798.0
442,442.csv,8614,8614,2591952,2591952,30.0,8640,21,4,7287,5448,575,965,True,ELIGIBLE,SUCCESS,0,0,0,1376314846.0,1378906798.0
443,443.csv,8617,8617,2591952,2591952,30.0,8640,19,3,7440,5448,697,965,True,ELIGIBLE,SUCCESS,0,0,0,1376314846.0,1378906798.0
444,444.csv,8618,8618,2591952,2591952,30.0,8640,19,2,7740,5448,997,965,True,ELIGIBLE,SUCCESS,0,0,0,1376314846.0,1378906798.0
445,445.csv,8615,8615,2591952,2591952,30.0,8640,20,4,7588,5749,575,965,True,ELIGIBLE,SUCCESS,0,0,0,1376314846.0,1378906798.0
446,446.csv,8614,8614,2591952,2591952,30.0,8640,21,4,7588,5749,575,965,True,ELIGIBLE,SUCCESS,0,0,0,1376314846.0,1378906798.0
447,447.csv,8618,8618,2591952,2591952,30.0,8640,21,1,8041,5749,997,965,True,ELIGIBLE,SUCCESS,0,0,0,1376314846.0,1378906798.0
448,448.csv,8615,8615,2591952,2591952,30.0,8640,15,5,7284,5448,575,962,True,ELIGIBLE,SUCCESS,0,0,0,1376314846.0,1378906798.0
449,449.csv,8615,8615,2591952,2591952,30.0,8640,21,3,7554,5448,842,965,True,ELIGIBLE,SUCCESS,0,0,0,1376314846.0,1378906798.0
450,450.csv,8614,8614,2591952,2591952,30.0,8640,21,4,7588,5749,575,965,True,ELIGIBLE,SUCCESS,0,0,0,1376314846.0,1378906798.0
451,451.csv,8615,8615,2591952,2591952,30.0,8640,21,3,7554,5448,842,965,True,ELIGIBLE,SUCCESS,0,0,0,1376314846.0,1378906798.0
452,452.csv,8612,8612,2591952,2591952,30.0,8640,18,5,7284,5448,575,962,True,ELIGIBLE,SUCCESS,0,0,0,1376314846.0,1378906798.0
453,453.csv,8615,8615,2591952,2591952,30.0,8640,15,5,7284,5448,575,962,True,ELIGIBLE,SUCCESS,0,0,0,1376314846.0,1378906798.0
454,454.csv,8614,8614,2591952,2591952,30.0,8640,23,3,7588,5749,575,965,True,ELIGIBLE,SUCCESS,0,0,0,1376314846.0,1378906798.0
455,455.csv,8616,8616,2591952,2591952,30.0,8640,23,1,8041,5749,997,965,True,ELIGIBLE,SUCCESS,0,0,0,1376314846.0,1378906798.0
456,456.csv,8619,8619,2591952,2591952,30.0,8640,20,1,8041,5749,997,965,True,ELIGIBLE,SUCCESS,0,0,0,1376314846.0,1378906798.0
457,457.csv,8612,8612,2591952,2591952,30.0,8640,23,4,7287,5448,575,965,True,ELIGIBLE,SUCCESS,0,0,0,1376314846.0,1378906798.0
458,458.csv,8614,8614,2591952,2591952,30.0,8640,21,4,7588,5749,575,965,True,ELIGIBLE,SUCCESS,0,0,0,1376314846.0,1378906798.0
459,459.csv,8618,8618,2591952,2591952,30.0,8640,18,3,7554,5448,842,965,True,ELIGIBLE,SUCCESS,0,0,0,1376314846.0,1378906798.0
460,460.csv,8616,8616,2591952,2591952,30.0,8640,21,2,7740,5448,997,965,True,ELIGIBLE,SUCCESS,0,0,0,1376314846.0,1378906798.0
461,461.csv,8619,8619,2591952,2591952,30.0,8640,20,1,8041,5749,997,965,True,ELIGIBLE,SUCCESS,0,0,0,1376314846.0,1378906798.0
462,462.csv,8619,8619,2591952,2591952,30.0,8640,20,1,8041,5749,997,965,True,ELIGIBLE,SUCCESS,0,0,0,1376314846.0,1378906798.0
463,463.csv,8614,8614,2591952,2591952,30.0,8640,20,4,7547,5448,835,965,True,ELIGIBLE,SUCCESS,0,0,0,1376314846.0,1378906798.0
464,464.csv,8615,8615,2591952,2591952,30.0,8640,22,3,7588,5749,575,965,True,ELIGIBLE,SUCCESS,0,0,0,1376314846.0,1378906798.0
465,465.csv,8618,8618,2591952,2591952,30.0,8640,19,2,7740,5448,997,965,True,ELIGIBLE,SUCCESS,0,0,0,1376314846.0,1378906798.0
466,466.csv,8614,8614,2591952,2591952,30.0,8640,25,1,8041,5749,997,965,True,ELIGIBLE,SUCCESS,0,0,0,1376314846.0,1378906798.0
467,467.csv,8612,8612,2591952,2591952,30.0,8640,23,4,7287,5448,575,965,True,ELIGIBLE,SUCCESS,0,0,0,1376314846.0,1378906798.0
468,468.csv,8612,8612,2591952,2591952,30.0,8640,24,3,7554,5448,842,965,True,ELIGIBLE,SUCCESS,0,0,0,1376314846.0,1378906798.0
469,469.csv,8617,8617,2591952,2591952,30.0,8640,20,2,7740,5448,997,965,True,ELIGIBLE,SUCCESS,0,0,0,1376314846.0,1378906798.0
470,470.csv,8614,8614,2591952,2591952,30.0,8640,23,3,7588,5749,575,965,True,ELIGIBLE,SUCCESS,0,0,0,1376314846.0,1378906798.0
471,471.csv,8619,8619,2591952,2591952,30.0,8640,18,2,7740,5448,997,965,True,ELIGIBLE,SUCCESS,0,0,0,1376314846.0,1378906798.0
472,472.csv,8615,8615,2591952,2591952,30.0,8640,22,3,7849,5749,836,965,True,ELIGIBLE,SUCCESS,0,0,0,1376314846.0,1378906798.0
473,473.csv,8615,8615,2591952,2591952,30.0,8640,24,1,8041,5749,997,965,True,ELIGIBLE,SUCCESS,0,0,0,1376314846.0,1378906798.0
474,474.csv,8614,8614,2591952,2591952,30.0,8640,25,1,8041,5749,997,965,True,ELIGIBLE,SUCCESS,0,0,0,1376314846.0,1378906798.0
475,475.csv,8618,8618,2591952,2591952,30.0,8640,19,3,7588,5749,575,965,True,ELIGIBLE,SUCCESS,0,0,0,1376314846.0,1378906798.0
476,476.csv,8618,8618,2591952,2591952,30.0,8640,19,2,7740,5448,997,965,True,ELIGIBLE,SUCCESS,0,0,0,1376314846.0,1378906798.0
477,477.csv,8618,8618,2591952,2591952,30.0,8640,19,2,7740,5448,997,965,True,ELIGIBLE,SUCCESS,0,0,0,1376314846.0,1378906798.0
478,478.csv,8617,8617,2591952,2591952,30.0,8640,20,2,7740,5448,997,965,True,ELIGIBLE,SUCCESS,0,0,0,1376314846.0,1378906798.0
479,479.csv,8619,8619,2591952,2591952,30.0,8640,20,1,8041,5749,997,965,True,ELIGIBLE,SUCCESS,0,0,0,1376314846.0,1378906798.0
480,480.csv,8612,8612,2591952,2591952,30.0,8640,23,4,7287,5448,575,965,True,ELIGIBLE,SUCCESS,0,0,0,1376314846.0,1378906798.0
481,481.csv,8614,8614,2591952,2591952,30.0,8640,21,4,7588,5749,575,965,True,ELIGIBLE,SUCCESS,0,0,0,1376314846.0,1378906798.0
482,482.csv,8612,8612,2591952,2591952,30.0,8640,23,4,7287,5448,575,965,True,ELIGIBLE,SUCCESS,0,0,0,1376314846.0,1378906798.0
483,483.csv,8616,8616,2591952,2591952,30.0,8640,22,2,7741,5749,697,965,True,ELIGIBLE,SUCCESS,0,0,0,1376314846.0,1378906798.0
484,484.csv,8619,8619,2591952,2591952,30.0,8640,20,1,8041,5749,997,965,True,ELIGIBLE,SUCCESS,0,0,0,1376314846.0,1378906798.0
485,485.csv,8613,8613,2591952,2591952,30.0,8640,22,4,7287,5448,575,965,True,ELIGIBLE,SUCCESS,0,0,0,1376314846.0,1378906798.0
486,486.csv,8613,8613,2591952,2591952,30.0,8640,17,5,7284,5448,575,962,True,ELIGIBLE,SUCCESS,0,0,0,1376314846.0,1378906798.0
487,487.csv,8612,8612,2591952,2591952,30.0,8640,23,4,7287,5448,575,965,True,ELIGIBLE,SUCCESS,0,0,0,1376314846.0,1378906798.0
488,488.csv,8615,8615,2591952,2591952,30.0,8640,18,3,7437,5448,697,962,True,ELIGIBLE,SUCCESS,0,0,0,1376314846.0,1378906798.0
489,489.csv,8615,8615,2591952,2591952,30.0,8640,18,3,7437,5448,697,962,True,ELIGIBLE,SUCCESS,0,0,0,1376314846.0,1378906798.0
490,490.csv,8612,8612,2591952,2591952,30.0,8640,23,4,7287,5448,575,965,True,ELIGIBLE,SUCCESS,0,0,0,1376314846.0,1378906798.0
491,491.csv,8614,8614,2591952,2591952,30.0,8640,23,3,7588,5749,575,965,True,ELIGIBLE,SUCCESS,0,0,0,1376314846.0,1378906798.0
492,492.csv,8616,8616,2591952,2591952,30.0,8640,23,1,8041,5749,997,965,True,ELIGIBLE,SUCCESS,0,0,0,1376314846.0,1378906798.0
493,493.csv,8614,8614,2591952,2591952,30.0,8640,20,4,7287,5448,575,965,True,ELIGIBLE,SUCCESS,0,0,0,1376314846.0,1378906798.0
494,494.csv,8612,8612,2591952,2591952,30.0,8640,23,4,7287,5448,575,965,True,ELIGIBLE,SUCCESS,0,0,0,1376314846.0,1378906798.0
495,495.csv,8616,8616,2591952,2591952,30.0,8640,21,3,7588,5749,575,965,True,ELIGIBLE,SUCCESS,0,0,0,1376314846.0,1378906798.0
496,496.csv,8616,8616,2591952,2591952,30.0,8640,21,3,7588,5749,575,965,True,ELIGIBLE,SUCCESS,0,0,0,1376314846.0,1378906798.0
497,497.csv,8618,8618,2591952,2591952,30.0,8640,20,2,7741,5749,697,965,True,ELIGIBLE,SUCCESS,0,0,0,1376314846.0,1378906798.0
498,498.csv,8615,8615,2591952,2591952,30.0,8640,22,2,7740,5448,997,965,True,ELIGIBLE,SUCCESS,0,0,0,1376314846.0,1378906798.0
499,499.csv,8615,8615,2591952,2591952,30.0,8640,23,2,7855,5749,842,965,True,ELIGIBLE,SUCCESS,0,0,0,1376314846.0,1378906798.0
500,500.csv,8615,8615,2591952,2591952,30.0,8640,20,4,7588,5749,575,965,True,ELIGIBLE,SUCCESS,0,0,0,1376314846.0,1378906798.0
501,501.csv,8615,8615,2591952,2591952,30.0,8640,22,3,7588,5749,575,965,True,ELIGIBLE,SUCCESS,0,0,0,1376314846.0,1378906798.0
502,502.csv,8619,8619,2591952,2591952,30.0,8640,20,1,8041,5749,997,965,True,ELIGIBLE,SUCCESS,0,0,0,1376314846.0,1378906798.0
503,503.csv,8615,8615,2591952,2591952,30.0,8640,22,3,7588,5749,575,965,True,ELIGIBLE,SUCCESS,0,0,0,1376314846.0,1378906798.0
504,504.csv,8620,8620,2591952,2591952,30.0,8640,19,1,8041,5749,997,965,True,ELIGIBLE,SUCCESS,0,0,0,1376314846.0,1378906798.0
505,505.csv,8615,8615,2591952,2591952,30.0,8640,17,4,7585,5749,575,962,True,ELIGIBLE,SUCCESS,0,0,0,1376314846.0,1378906798.0
506,506.csv,8619,8619,2591952,2591952,30.0,8640,20,1,8041,5749,997,965,True,ELIGIBLE,SUCCESS,0,0,0,1376314846.0,1378906798.0
507,507.csv,8615,8615,2591952,2591952,30.0,8640,20,4,7287,5448,575,965,True,ELIGIBLE,SUCCESS,0,0,0,1376314846.0,1378906798.0
508,508.csv,8617,8617,2591952,2591952,30.0,8640,20,3,7588,5749,575,965,True,ELIGIBLE,SUCCESS,0,0,0,1376314846.0,1378906798.0
509,509.csv,8619,8619,2591952,2591952,30.0,8640,20,1,8041,5749,997,965,True,ELIGIBLE,SUCCESS,0,0,0,1376314846.0,1378906798.0
510,510.csv,8612,8612,2591952,2591952,30.0,8640,25,3,7588,5749,575,965,True,ELIGIBLE,SUCCESS,0,0,0,1376314846.0,1378906798.0
511,511.csv,8619,8619,2591952,2591952,30.0,8640,20,1,8041,5749,997,965,True,ELIGIBLE,SUCCESS,0,0,0,1376314846.0,1378906798.0
512,512.csv,8617,8617,2591952,2591952,30.0,8640,19,3,7554,5448,842,965,True,ELIGIBLE,SUCCESS,0,0,0,1376314846.0,1378906798.0
513,513.csv,8610,8610,2591952,2591952,30.0,8640,25,4,7588,5749,575,965,True,ELIGIBLE,SUCCESS,0,0,0,1376314846.0,1378906798.0
514,514.csv,8616,8616,2591952,2591952,30.0,8640,20,3,7554,5448,842,965,True,ELIGIBLE,SUCCESS,0,0,0,1376314846.0,1378906798.0
515,515.csv,8616,8616,2591952,2591952,30.0,8640,21,3,7588,5749,575,965,True,ELIGIBLE,SUCCESS,0,0,0,1376314846.0,1378906798.0
516,516.csv,8616,8616,2591952,2591952,30.0,8640,22,2,7855,5749,842,965,True,ELIGIBLE,SUCCESS,0,0,0,1376314846.0,1378906798.0
517,517.csv,8618,8618,2591952,2591952,30.0,8640,19,2,7740,5448,997,965,True,ELIGIBLE,SUCCESS,0,0,0,1376314846.0,1378906798.0
518,518.csv,8619,8619,2591952,2591952,30.0,8640,19,2,7855,5749,842,965,True,ELIGIBLE,SUCCESS,0,0,0,1376314846.0,1378906798.0
519,519.csv,8616,8616,2591952,2591952,30.0,8640,20,3,7554,5448,842,965,True,ELIGIBLE,SUCCESS,0,0,0,1376314846.0,1378906798.0
520,520.csv,8620,8620,2591952,2591952,30.0,8640,19,1,8041,5749,997,965,True,ELIGIBLE,SUCCESS,0,0,0,1376314846.0,1378906798.0
521,521.csv,8619,8619,2591952,2591952,30.0,8640,17,3,7849,5749,836,965,True,ELIGIBLE,SUCCESS,0,0,0,1376314846.0,1378906798.0
522,522.csv,8618,8618,2591952,2591952,30.0,8640,20,2,7741,5749,697,965,True,ELIGIBLE,SUCCESS,0,0,0,1376314846.0,1378906798.0
523,523.csv,8616,8616,2591952,2591952,30.0,8640,21,3,7588,5749,575,965,True,ELIGIBLE,SUCCESS,0,0,0,1376314846.0,1378906798.0
524,524.csv,8618,8618,2591952,2591952,30.0,8640,19,2,7740,5448,997,965,True,ELIGIBLE,SUCCESS,0,0,0,1376314846.0,1378906798.0
525,525.csv,8619,8619,2591952,2591952,30.0,8640,19,2,7855,5749,842,965,True,ELIGIBLE,SUCCESS,0,0,0,1376314846.0,1378906798.0
526,526.csv,8615,8615,2591952,2591952,30.0,8640,20,4,7287,5448,575,965,True,ELIGIBLE,SUCCESS,0,0,0,1376314846.0,1378906798.0
527,527.csv,8616,8616,2591952,2591952,30.0,8640,19,4,7588,5749,575,965,True,ELIGIBLE,SUCCESS,0,0,0,1376314846.0,1378906798.0
528,528.csv,8613,8613,2591952,2591952,30.0,8640,22,4,7287,5448,575,965,True,ELIGIBLE,SUCCESS,0,0,0,1376314846.0,1378906798.0
529,529.csv,8612,8612,2591952,2591952,30.0,8640,20,4,7585,5749,575,962,True,ELIGIBLE,SUCCESS,0,0,0,1376314846.0,1378906798.0
530,530.csv,8615,8615,2591952,2591952,30.0,8640,18,3,7437,5448,697,962,True,ELIGIBLE,SUCCESS,0,0,0,1376314846.0,1378906798.0
531,531.csv,8618,8618,2591952,2591952,30.0,8640,21,1,8041,5749,997,965,True,ELIGIBLE,SUCCESS,0,0,0,1376314846.0,1378906798.0
532,532.csv,8612,8612,2591952,2591952,30.0,8640,25,3,7588,5749,575,965,True,ELIGIBLE,SUCCESS,0,0,0,1376314846.0,1378906798.0
533,533.csv,8631,8631,2591952,2591952,30.0,8640,8,1,8041,5449,997,997,True,ELIGIBLE,SUCCESS,0,0,0,1376314846.0,1378906798.0
534,534.csv,8634,8634,2591952,2591952,30.0,8640,5,1,8041,5449,997,997,True,ELIGIBLE,SUCCESS,0,0,0,1376314846.0,1378906798.0
535,535.csv,8631,8631,2591952,2591952,30.0,8640,8,1,8041,5449,997,997,True,ELIGIBLE,SUCCESS,0,0,0,1376314846.0,1378906798.0
536,536.csv,8319,309,92408,92408,1.07,309,0,0,10,0,0,0,True,ELIGIBLE,SUCCESS,8010,0,0,1378725582.0,1378817990.0
537,537.csv,12095,6886,2069603,2069603,23.95,6899,13,0,6600,4530,735,737,True,ELIGIBLE,SUCCESS,0,5209,0,1376314846.0,1378384449.0
538,538.csv,8611,8611,2591952,2591952,30.0,8640,25,3,7440,5448,697,965,True,ELIGIBLE,SUCCESS,0,0,0,1376314846.0,1378906798.0
539,539.csv,8632,8632,2591952,2591952,30.0,8640,8,0,8341,5749,997,997,True,ELIGIBLE,SUCCESS,0,0,0,1376314846.0,1378906798.0
540,540.csv,8635,8635,2591952,2591952,30.0,8640,5,0,8341,5749,997,997,True,ELIGIBLE,SUCCESS,0,0,0,1376314846.0,1378906798.0
541,541.csv,8615,8615,2591952,2591952,30.0,8640,18,3,7437,5448,697,962,True,ELIGIBLE,SUCCESS,0,0,0,1376314846.0,1378906798.0
542,542.csv,20267,2815,844294,844294,9.77,2815,0,0,2516,1671,123,124,True,ELIGIBLE,SUCCESS,0,17452,0,1376314846.0,1377159140.0
543,543.csv,23685,1104,330929,330929,3.83,1104,0,0,805,473,0,0,True,ELIGIBLE,SUCCESS,0,22581,0,1376314846.0,1376645775.0
544,544.csv,8614,8614,2591952,2591952,30.0,8640,21,4,7287,5448,575,965,True,ELIGIBLE,SUCCESS,0,0,0,1376314846.0,1378906798.0
545,545.csv,8617,8617,2591952,2591952,30.0,8640,20,2,7740,5448,997,965,True,ELIGIBLE,SUCCESS,0,0,0,1376314846.0,1378906798.0
546,546.csv,8614,8614,2591952,2591952,30.0,8640,23,3,7588,5749,575,965,True,ELIGIBLE,SUCCESS,0,0,0,1376314846.0,1378906798.0
547,547.csv,8610,8610,2591952,2591952,30.0,8640,26,3,7848,5749,835,965,True,ELIGIBLE,SUCCESS,0,0,0,1376314846.0,1378906798.0
548,548.csv,8613,8613,2591952,2591952,30.0,8640,20,3,7437,5448,697,962,True,ELIGIBLE,SUCCESS,0,0,0,1376314846.0,1378906798.0
549,549.csv,8615,8615,2591952,2591952,30.0,8640,19,2,7737,5448,997,962,True,ELIGIBLE,SUCCESS,0,0,0,1376314846.0,1378906798.0
550,550.csv,8616,8616,2591952,2591952,30.0,8640,20,3,7440,5448,697,965,True,ELIGIBLE,SUCCESS,0,0,0,1376314846.0,1378906798.0
551,551.csv,8614,8614,2591952,2591952,30.0,8640,18,4,7585,5749,575,962,True,ELIGIBLE,SUCCESS,0,0,0,1376314846.0,1378906798.0
552,552.csv,572,280,83707,83707,0.97,280,0,0,0,0,0,0,False,ACTIVE_DURATION_UNDER_25H (280 steps < 300),SUCCESS,292,0,0,1378823091.0,1378906798.0
553,553.csv,650,650,194717,194717,2.25,650,0,0,351,155,0,0,True,ELIGIBLE,SUCCESS,0,0,0,1378712081.0,1378906798.0
554,554.csv,8636,8636,2591952,2591952,30.0,8640,4,0,8341,5749,997,997,True,ELIGIBLE,SUCCESS,0,0,0,1376314846.0,1378906798.0
555,555.csv,8616,8616,2591952,2591952,30.0,8640,21,3,7849,5749,836,965,True,ELIGIBLE,SUCCESS,0,0,0,1376314846.0,1378906798.0
556,556.csv,8636,8636,2591952,2591952,30.0,8640,3,1,8041,5449,997,997,True,ELIGIBLE,SUCCESS,0,0,0,1376314846.0,1378906798.0
557,557.csv,1924,1916,574555,574555,6.65,1916,0,0,1617,1042,0,0,True,ELIGIBLE,SUCCESS,8,0,0,1377789192.0,1378363747.0
558,558.csv,8617,8617,2591952,2591952,30.0,8640,20,2,7740,5448,997,965,True,ELIGIBLE,SUCCESS,0,0,0,1376314846.0,1378906798.0
559,559.csv,8619,8619,2591952,2591952,30.0,8640,20,1,8041,5749,997,965,True,ELIGIBLE,SUCCESS,0,0,0,1376314846.0,1378906798.0
560,560.csv,8634,8634,2591952,2591952,30.0,8640,6,0,8341,5749,997,997,True,ELIGIBLE,SUCCESS,0,0,0,1376314846.0,1378906798.0
561,561.csv,20680,2608,782187,782187,9.05,2608,0,0,2309,1526,92,93,True,ELIGIBLE,SUCCESS,0,18072,0,1376314846.0,1377097033.0
562,562.csv,8637,8637,2591952,2591952,30.0,8640,3,0,8341,5749,997,997,True,ELIGIBLE,SUCCESS,0,0,0,1376314846.0,1378906798.0
563,563.csv,8616,8616,2591952,2591952,30.0,8640,21,2,7740,5448,997,965,True,ELIGIBLE,SUCCESS,0,0,0,1376314846.0,1378906798.0
564,564.csv,8618,8618,2591952,2591952,30.0,8640,19,2,7740,5448,997,965,True,ELIGIBLE,SUCCESS,0,0,0,1376314846.0,1378906798.0
565,565.csv,8613,8613,2591952,2591952,30.0,8640,24,2,7740,5448,997,965,True,ELIGIBLE,SUCCESS,0,0,0,1376314846.0,1378906798.0
566,566.csv,8614,8614,2591952,2591952,30.0,8640,19,5,7287,5448,575,965,True,ELIGIBLE,SUCCESS,0,0,0,1376314846.0,1378906798.0
567,567.csv,8613,8613,2591952,2591952,30.0,8640,17,5,7284,5448,575,962,True,ELIGIBLE,SUCCESS,0,0,0,1376314846.0,1378906798.0
568,568.csv,8616,8616,2591952,2591952,30.0,8640,21,2,7740,5448,997,965,True,ELIGIBLE,SUCCESS,0,0,0,1376314846.0,1378906798.0
569,569.csv,8617,8617,2591952,2591952,30.0,8640,18,4,7588,5749,575,965,True,ELIGIBLE,SUCCESS,0,0,0,1376314846.0,1378906798.0
570,570.csv,8613,8613,2591952,2591952,30.0,8640,20,5,7287,5448,575,965,True,ELIGIBLE,SUCCESS,0,0,0,1376314846.0,1378906798.0
571,571.csv,8612,8612,2591952,2591952,30.0,8640,23,4,7287,5448,575,965,True,ELIGIBLE,SUCCESS,0,0,0,1376314846.0,1378906798.0
572,572.csv,8618,8618,2591952,2591952,30.0,8640,19,2,7740,5448,997,965,True,ELIGIBLE,SUCCESS,0,0,0,1376314846.0,1378906798.0
573,573.csv,8613,8613,2591952,2591952,30.0,8640,20,5,7287,5448,575,965,True,ELIGIBLE,SUCCESS,0,0,0,1376314846.0,1378906798.0
574,574.csv,8636,8636,2591952,2591952,30.0,8640,4,0,8341,5749,997,997,True,ELIGIBLE,SUCCESS,0,0,0,1376314846.0,1378906798.0
575,575.csv,8637,8637,2591952,2591952,30.0,8640,3,0,8341,5749,997,997,True,ELIGIBLE,SUCCESS,0,0,0,1376314846.0,1378906798.0
576,576.csv,25,12,3300,3300,0.04,12,0,0,0,0,0,0,False,ACTIVE_DURATION_UNDER_25H (12 steps < 300),SUCCESS,13,0,0,1377690484.0,1377693784.0
577,577.csv,8618,8618,2591952,2591952,30.0,8640,21,1,8041,5749,997,965,True,ELIGIBLE,SUCCESS,0,0,0,1376314846.0,1378906798.0
578,578.csv,8618,8618,2591952,2591952,30.0,8640,18,3,7440,5448,697,965,True,ELIGIBLE,SUCCESS,0,0,0,1376314846.0,1378906798.0
579,579.csv,8616,8616,2591952,2591952,30.0,8640,23,1,8041,5749,997,965,True,ELIGIBLE,SUCCESS,0,0,0,1376314846.0,1378906798.0
580,580.csv,8619,8619,2591952,2591952,30.0,8640,20,1,8041,5749,997,965,True,ELIGIBLE,SUCCESS,0,0,0,1376314846.0,1378906798.0
581,581.csv,8614,8614,2591952,2591952,30.0,8640,23,3,7588,5749,575,965,True,ELIGIBLE,SUCCESS,0,0,0,1376314846.0,1378906798.0
582,582.csv,8618,8618,2591952,2591952,30.0,8640,19,3,7588,5749,575,965,True,ELIGIBLE,SUCCESS,0,0,0,1376314846.0,1378906798.0
583,583.csv,8615,8615,2591952,2591952,30.0,8640,18,5,7287,5448,575,965,True,ELIGIBLE,SUCCESS,0,0,0,1376314846.0,1378906798.0
584,584.csv,8617,8617,2591952,2591952,30.0,8640,20,2,7740,5448,997,965,True,ELIGIBLE,SUCCESS,0,0,0,1376314846.0,1378906798.0
585,585.csv,8614,8614,2591952,2591952,30.0,8640,22,4,7588,5749,575,965,True,ELIGIBLE,SUCCESS,0,0,0,1376314846.0,1378906798.0
586,586.csv,8616,8616,2591952,2591952,30.0,8640,17,3,7437,5448,697,962,True,ELIGIBLE,SUCCESS,0,0,0,1376314846.0,1378906798.0
587,587.csv,8618,8618,2591952,2591952,30.0,8640,19,2,7740,5448,997,965,True,ELIGIBLE,SUCCESS,0,0,0,1376314846.0,1378906798.0
588,588.csv,8616,8616,2591952,2591952,30.0,8640,18,4,7548,5448,836,965,True,ELIGIBLE,SUCCESS,0,0,0,1376314846.0,1378906798.0
589,589.csv,8612,8612,2591952,2591952,30.0,8640,23,4,7287,5448,575,965,True,ELIGIBLE,SUCCESS,0,0,0,1376314846.0,1378906798.0
590,590.csv,8616,8616,2591952,2591952,30.0,8640,20,3,7440,5448,697,965,True,ELIGIBLE,SUCCESS,0,0,0,1376314846.0,1378906798.0
591,591.csv,8636,8636,2591952,2591952,30.0,8640,4,0,8341,5749,997,997,True,ELIGIBLE,SUCCESS,0,0,0,1376314846.0,1378906798.0
592,592.csv,8616,8616,2591952,2591952,30.0,8640,20,3,7554,5448,842,965,True,ELIGIBLE,SUCCESS,0,0,0,1376314846.0,1378906798.0
593,593.csv,8616,8616,2591952,2591952,30.0,8640,19,4,7588,5749,575,965,True,ELIGIBLE,SUCCESS,0,0,0,1376314846.0,1378906798.0
594,594.csv,8613,8613,2591952,2591952,30.0,8640,22,4,7588,5749,575,965,True,ELIGIBLE,SUCCESS,0,0,0,1376314846.0,1378906798.0
595,595.csv,8632,8632,2591952,2591952,30.0,8640,7,1,8041,5449,997,997,True,ELIGIBLE,SUCCESS,0,0,0,1376314846.0,1378906798.0
596,596.csv,8632,8632,2591952,2591952,30.0,8640,7,1,8041,5449,997,997,True,ELIGIBLE,SUCCESS,0,0,0,1376314846.0,1378906798.0
597,597.csv,8635,8635,2591952,2591952,30.0,8640,5,0,8341,5749,997,997,True,ELIGIBLE,SUCCESS,0,0,0,1376314846.0,1378906798.0
598,598.csv,8637,8637,2591952,2591952,30.0,8640,3,0,8341,5749,997,997,True,ELIGIBLE,SUCCESS,0,0,0,1376314846.0,1378906798.0
599,599.csv,8634,8634,2591952,2591952,30.0,8640,5,1,8041,5449,997,997,True,ELIGIBLE,SUCCESS,0,0,0,1376314846.0,1378906798.0
600,600.csv,8618,8618,2591952,2591952,30.0,8640,21,1,8041,5749,997,965,True,ELIGIBLE,SUCCESS,0,0,0,1376314846.0,1378906798.0
601,601.csv,8618,8618,2591952,2591952,30.0,8640,19,2,7740,5448,997,965,True,ELIGIBLE,SUCCESS,0,0,0,1376314846.0,1378906798.0
602,602.csv,8617,8617,2591952,2591952,30.0,8640,18,2,7738,5749,697,962,True,ELIGIBLE,SUCCESS,0,0,0,1376314846.0,1378906798.0
603,603.csv,8614,8614,2591952,2591952,30.0,8640,22,4,7588,5749,575,965,True,ELIGIBLE,SUCCESS,0,0,0,1376314846.0,1378906798.0
604,604.csv,8613,8613,2591952,2591952,30.0,8640,24,3,7588,5749,575,965,True,ELIGIBLE,SUCCESS,0,0,0,1376314846.0,1378906798.0
605,605.csv,8632,8632,2591952,2591952,30.0,8640,8,0,8341,5749,997,997,True,ELIGIBLE,SUCCESS,0,0,0,1376314846.0,1378906798.0
606,606.csv,8616,8616,2591952,2591952,30.0,8640,19,2,7738,5749,697,962,True,ELIGIBLE,SUCCESS,0,0,0,1376314846.0,1378906798.0
607,607.csv,8613,8613,2591952,2591952,30.0,8640,21,4,7547,5448,835,965,True,ELIGIBLE,SUCCESS,0,0,0,1376314846.0,1378906798.0
608,608.csv,17269,4301,1293432,1293432,14.97,4312,11,0,4013,2719,347,349,True,ELIGIBLE,SUCCESS,0,12968,0,1376314846.0,1377608278.0
609,609.csv,8616,8616,2591952,2591952,30.0,8640,22,2,7741,5749,697,965,True,ELIGIBLE,SUCCESS,0,0,0,1376314846.0,1378906798.0
610,610.csv,8616,8616,2591952,2591952,30.0,8640,19,3,7555,5448,843,965,True,ELIGIBLE,SUCCESS,0,0,0,1376314846.0,1378906798.0
611,611.csv,8615,8615,2591952,2591952,30.0,8640,22,2,7740,5448,997,965,True,ELIGIBLE,SUCCESS,0,0,0,1376314846.0,1378906798.0
612,612.csv,8618,8618,2591952,2591952,30.0,8640,18,3,7440,5448,697,965,True,ELIGIBLE,SUCCESS,0,0,0,1376314846.0,1378906798.0
613,613.csv,8617,8617,2591952,2591952,30.0,8640,19,3,7588,5749,575,965,True,ELIGIBLE,SUCCESS,0,0,0,1376314846.0,1378906798.0
614,614.csv,17270,4301,1293432,1293432,14.97,4312,9,1,3712,2719,347,48,True,ELIGIBLE,SUCCESS,0,12969,0,1376314846.0,1377608278.0
615,615.csv,17270,4301,1293432,1293432,14.97,4312,9,1,3712,2719,347,48,True,ELIGIBLE,SUCCESS,0,12969,0,1376314846.0,1377608278.0
616,616.csv,17269,4302,1293432,1293432,14.97,4312,8,1,3712,2719,347,48,True,ELIGIBLE,SUCCESS,0,12967,0,1376314846.0,1377608278.0
617,617.csv,8616,8616,2591952,2591952,30.0,8640,21,2,7740,5448,997,965,True,ELIGIBLE,SUCCESS,0,0,0,1376314846.0,1378906798.0
618,618.csv,8617,8617,2591952,2591952,30.0,8640,17,2,7737,5448,997,962,True,ELIGIBLE,SUCCESS,0,0,0,1376314846.0,1378906798.0
619,619.csv,8616,8616,2591952,2591952,30.0,8640,23,1,8041,5749,997,965,True,ELIGIBLE,SUCCESS,0,0,0,1376314846.0,1378906798.0
620,620.csv,8617,8617,2591952,2591952,30.0,8640,19,3,7554,5448,842,965,True,ELIGIBLE,SUCCESS,0,0,0,1376314846.0,1378906798.0
621,621.csv,8613,8613,2591952,2591952,30.0,8640,23,3,7554,5448,842,965,True,ELIGIBLE,SUCCESS,0,0,0,1376314846.0,1378906798.0
622,622.csv,8616,8616,2591952,2591952,30.0,8640,21,2,7740,5448,997,965,True,ELIGIBLE,SUCCESS,0,0,0,1376314846.0,1378906798.0
623,623.csv,17368,4254,1278731,1278731,14.8,4263,9,0,3964,2685,340,341,True,ELIGIBLE,SUCCESS,0,13114,0,1376314846.0,1377593577.0
624,624.csv,17367,4252,1278731,1278731,14.8,4263,9,1,3701,2685,340,78,True,ELIGIBLE,SUCCESS,0,13115,0,1376314846.0,1377593577.0
625,625.csv,17370,4253,1278731,1278731,14.8,4263,8,1,3701,2685,340,78,True,ELIGIBLE,SUCCESS,0,13117,0,1376314846.0,1377593577.0
626,626.csv,17366,4254,1278731,1278731,14.8,4263,9,0,3964,2685,340,341,True,ELIGIBLE,SUCCESS,0,13112,0,1376314846.0,1377593577.0
627,627.csv,17372,4254,1278731,1278731,14.8,4263,7,1,3701,2685,340,78,True,ELIGIBLE,SUCCESS,0,13118,0,1376314846.0,1377593577.0
628,628.csv,17367,4252,1278731,1278731,14.8,4263,9,1,3701,2685,340,78,True,ELIGIBLE,SUCCESS,0,13115,0,1376314846.0,1377593577.0
629,629.csv,17370,4255,1278731,1278731,14.8,4263,6,1,3701,2685,340,78,True,ELIGIBLE,SUCCESS,0,13115,0,1376314846.0,1377593577.0
630,630.csv,17366,4254,1278731,1278731,14.8,4263,9,0,3964,2685,340,341,True,ELIGIBLE,SUCCESS,0,13112,0,1376314846.0,1377593577.0
631,631.csv,17387,4258,1278731,1278731,14.8,4263,5,0,3964,2685,340,341,True,ELIGIBLE,SUCCESS,0,13129,0,1376314846.0,1377593577.0
632,632.csv,17385,4256,1278731,1278731,14.8,4263,6,1,3664,2685,297,341,True,ELIGIBLE,SUCCESS,0,13129,0,1376314846.0,1377593577.0
633,633.csv,17388,4260,1278731,1278731,14.8,4263,3,0,3964,2685,340,341,True,ELIGIBLE,SUCCESS,0,13128,0,1376314846.0,1377593577.0
634,634.csv,17385,4257,1278731,1278731,14.8,4263,6,0,3964,2685,340,341,True,ELIGIBLE,SUCCESS,0,13128,0,1376314846.0,1377593577.0
635,635.csv,17387,4259,1278731,1278731,14.8,4263,3,1,3664,2685,297,341,True,ELIGIBLE,SUCCESS,0,13128,0,1376314846.0,1377593577.0
636,636.csv,17386,4258,1278731,1278731,14.8,4263,4,1,3664,2685,297,341,True,ELIGIBLE,SUCCESS,0,13128,0,1376314846.0,1377593577.0
637,637.csv,17387,4258,1278731,1278731,14.8,4263,5,0,3964,2685,340,341,True,ELIGIBLE,SUCCESS,0,13129,0,1376314846.0,1377593577.0
638,638.csv,17385,4257,1278731,1278731,14.8,4263,5,1,3664,2685,297,341,True,ELIGIBLE,SUCCESS,0,13128,0,1376314846.0,1377593577.0
639,639.csv,17388,4259,1278731,1278731,14.8,4263,3,1,3664,2685,297,341,True,ELIGIBLE,SUCCESS,0,13129,0,1376314846.0,1377593577.0
640,640.csv,17384,4257,1278731,1278731,14.8,4263,6,0,3964,2685,340,341,True,ELIGIBLE,SUCCESS,0,13127,0,1376314846.0,1377593577.0
641,641.csv,17388,4259,1278731,1278731,14.8,4263,3,1,3664,2685,297,341,True,ELIGIBLE,SUCCESS,0,13129,0,1376314846.0,1377593577.0
642,642.csv,17382,4255,1278731,1278731,14.8,4263,8,0,3964,2685,340,341,True,ELIGIBLE,SUCCESS,0,13127,0,1376314846.0,1377593577.0
643,643.csv,17384,4256,1278731,1278731,14.8,4263,7,0,3964,2685,340,341,True,ELIGIBLE,SUCCESS,0,13128,0,1376314846.0,1377593577.0
644,644.csv,17385,4257,1278731,1278731,14.8,4263,5,1,3664,2685,297,341,True,ELIGIBLE,SUCCESS,0,13128,0,1376314846.0,1377593577.0
645,645.csv,17383,4254,1278731,1278731,14.8,4263,8,1,3664,2685,297,341,True,ELIGIBLE,SUCCESS,0,13129,0,1376314846.0,1377593577.0
646,646.csv,17386,4257,1278731,1278731,14.8,4263,5,1,3664,2685,297,341,True,ELIGIBLE,SUCCESS,0,13129,0,1376314846.0,1377593577.0
647,647.csv,17389,4260,1278731,1278731,14.8,4263,3,0,3964,2685,340,341,True,ELIGIBLE,SUCCESS,0,13129,0,1376314846.0,1377593577.0
648,648.csv,17387,4258,1278731,1278731,14.8,4263,5,0,3964,2685,340,341,True,ELIGIBLE,SUCCESS,0,13129,0,1376314846.0,1377593577.0
649,649.csv,17388,4259,1278731,1278731,14.8,4263,3,1,3664,2685,297,341,True,ELIGIBLE,SUCCESS,0,13129,0,1376314846.0,1377593577.0
650,650.csv,17388,4259,1278731,1278731,14.8,4263,4,0,3964,2685,340,341,True,ELIGIBLE,SUCCESS,0,13129,0,1376314846.0,1377593577.0
651,651.csv,17370,4254,1278731,1278731,14.8,4263,7,1,3701,2685,340,78,True,ELIGIBLE,SUCCESS,0,13116,0,1376314846.0,1377593577.0
652,652.csv,17368,4254,1278731,1278731,14.8,4263,7,1,3701,2685,340,78,True,ELIGIBLE,SUCCESS,0,13114,0,1376314846.0,1377593577.0
653,653.csv,17370,4256,1278731,1278731,14.8,4263,7,0,3964,2685,340,341,True,ELIGIBLE,SUCCESS,0,13114,0,1376314846.0,1377593577.0
654,654.csv,17370,4255,1278731,1278731,14.8,4263,8,0,3964,2685,340,341,True,ELIGIBLE,SUCCESS,0,13115,0,1376314846.0,1377593577.0
655,655.csv,17367,4255,1278731,1278731,14.8,4263,8,0,3964,2685,340,341,True,ELIGIBLE,SUCCESS,0,13112,0,1376314846.0,1377593577.0
656,656.csv,8614,8614,2591952,2591952,30.0,8640,23,3,7588,5749,575,965,True,ELIGIBLE,SUCCESS,0,0,0,1376314846.0,1378906798.0
657,657.csv,8612,8612,2591952,2591952,30.0,8640,23,4,7588,5749,575,965,True,ELIGIBLE,SUCCESS,0,0,0,1376314846.0,1378906798.0
658,658.csv,8619,8619,2591952,2591952,30.0,8640,20,1,8041,5749,997,965,True,ELIGIBLE,SUCCESS,0,0,0,1376314846.0,1378906798.0
659,659.csv,8614,8614,2591952,2591952,30.0,8640,25,1,8041,5749,997,965,True,ELIGIBLE,SUCCESS,0,0,0,1376314846.0,1378906798.0
660,660.csv,8614,8614,2591952,2591952,30.0,8640,25,1,8041,5749,997,965,True,ELIGIBLE,SUCCESS,0,0,0,1376314846.0,1378906798.0
661,661.csv,8614,8614,2591952,2591952,30.0,8640,21,4,7287,5448,575,965,True,ELIGIBLE,SUCCESS,0,0,0,1376314846.0,1378906798.0
662,662.csv,8614,8614,2591952,2591952,30.0,8640,25,1,8041,5749,997,965,True,ELIGIBLE,SUCCESS,0,0,0,1376314846.0,1378906798.0
663,663.csv,8617,8617,2591952,2591952,30.0,8640,22,1,8041,5749,997,965,True,ELIGIBLE,SUCCESS,0,0,0,1376314846.0,1378906798.0
664,664.csv,8616,8616,2591952,2591952,30.0,8640,23,1,8041,5749,997,965,True,ELIGIBLE,SUCCESS,0,0,0,1376314846.0,1378906798.0
665,665.csv,8614,8614,2591952,2591952,30.0,8640,22,4,7588,5749,575,965,True,ELIGIBLE,SUCCESS,0,0,0,1376314846.0,1378906798.0
666,666.csv,8614,8614,2591952,2591952,30.0,8640,22,4,7588,5749,575,965,True,ELIGIBLE,SUCCESS,0,0,0,1376314846.0,1378906798.0
667,667.csv,23691,1102,330629,330629,3.83,1103,1,0,804,473,0,0,True,ELIGIBLE,SUCCESS,0,22589,0,1376314846.0,1376645475.0
668,668.csv,1742,1736,524150,524150,6.07,1748,11,1,1149,624,0,0,True,ELIGIBLE,SUCCESS,6,0,0,1378382648.0,1378906798.0
669,669.csv,8637,8637,2591952,2591952,30.0,8640,3,0,8341,5749,997,997,True,ELIGIBLE,SUCCESS,0,0,0,1376314846.0,1378906798.0
670,670.csv,20284,2814,844294,844294,9.77,2815,1,0,2516,1671,123,124,True,ELIGIBLE,SUCCESS,0,17470,0,1376314846.0,1377159140.0
671,671.csv,14459,2814,844594,844594,9.78,2816,2,0,2517,1672,123,124,True,ELIGIBLE,SUCCESS,0,11645,0,1376314846.0,1377159440.0
672,672.csv,3088,3088,929179,929179,10.75,3098,8,1,2498,1568,165,167,True,ELIGIBLE,SUCCESS,0,0,0,1377176541.0,1378105720.0
673,673.csv,831,831,249322,249322,2.89,832,1,0,533,283,0,0,True,ELIGIBLE,SUCCESS,0,0,0,1377255448.0,1377504770.0
674,674.csv,8,8,2100,2100,0.02,8,0,0,0,0,0,0,False,ACTIVE_DURATION_UNDER_25H (8 steps < 300),SUCCESS,0,0,0,1377173241.0,1377175341.0
675,675.csv,8614,8614,2591952,2591952,30.0,8640,25,1,8041,5749,997,965,True,ELIGIBLE,SUCCESS,0,0,0,1376314846.0,1378906798.0
676,676.csv,8615,8615,2591952,2591952,30.0,8640,22,2,7740,5448,997,965,True,ELIGIBLE,SUCCESS,0,0,0,1376314846.0,1378906798.0
677,677.csv,8617,8617,2591952,2591952,30.0,8640,20,3,7588,5749,575,965,True,ELIGIBLE,SUCCESS,0,0,0,1376314846.0,1378906798.0
678,678.csv,8616,8616,2591952,2591952,30.0,8640,21,2,7740,5448,997,965,True,ELIGIBLE,SUCCESS,0,0,0,1376314846.0,1378906798.0
679,679.csv,8615,8615,2591952,2591952,30.0,8640,18,5,7287,5448,575,965,True,ELIGIBLE,SUCCESS,0,0,0,1376314846.0,1378906798.0
680,680.csv,8616,8616,2591952,2591952,30.0,8640,20,3,7440,5448,697,965,True,ELIGIBLE,SUCCESS,0,0,0,1376314846.0,1378906798.0
681,681.csv,8619,8619,2591952,2591952,30.0,8640,20,1,8041,5749,997,965,True,ELIGIBLE,SUCCESS,0,0,0,1376314846.0,1378906798.0
682,682.csv,8615,8615,2591952,2591952,30.0,8640,18,3,7437,5448,697,962,True,ELIGIBLE,SUCCESS,0,0,0,1376314846.0,1378906798.0
683,683.csv,8619,8619,2591952,2591952,30.0,8640,19,2,7855,5749,842,965,True,ELIGIBLE,SUCCESS,0,0,0,1376314846.0,1378906798.0
684,684.csv,8619,8619,2591952,2591952,30.0,8640,18,2,7740,5448,997,965,True,ELIGIBLE,SUCCESS,0,0,0,1376314846.0,1378906798.0
685,685.csv,8617,8617,2591952,2591952,30.0,8640,22,1,8041,5749,997,965,True,ELIGIBLE,SUCCESS,0,0,0,1376314846.0,1378906798.0
686,686.csv,8616,8616,2591952,2591952,30.0,8640,21,3,7588,5749,575,965,True,ELIGIBLE,SUCCESS,0,0,0,1376314846.0,1378906798.0
687,687.csv,3091,3091,928002,928002,10.74,3094,3,0,2795,1866,165,166,True,ELIGIBLE,SUCCESS,0,0,0,1376314846.0,1377242848.0
688,688.csv,8613,8613,2591952,2591952,30.0,8640,20,5,7287,5448,575,965,True,ELIGIBLE,SUCCESS,0,0,0,1376314846.0,1378906798.0
689,689.csv,8615,8615,2591952,2591952,30.0,8640,22,3,7588,5749,575,965,True,ELIGIBLE,SUCCESS,0,0,0,1376314846.0,1378906798.0
690,690.csv,8616,8616,2591952,2591952,30.0,8640,20,3,7440,5448,697,965,True,ELIGIBLE,SUCCESS,0,0,0,1376314846.0,1378906798.0
691,691.csv,8273,8273,2489343,2489343,28.81,8298,22,3,7507,5509,734,947,True,ELIGIBLE,SUCCESS,0,0,0,1376417455.0,1378906798.0
692,692.csv,8616,8616,2591952,2591952,30.0,8640,22,2,7855,5749,842,965,True,ELIGIBLE,SUCCESS,0,0,0,1376314846.0,1378906798.0
693,693.csv,8614,8614,2591952,2591952,30.0,8640,23,3,7588,5749,575,965,True,ELIGIBLE,SUCCESS,0,0,0,1376314846.0,1378906798.0
694,694.csv,2537,2537,760886,760886,8.81,2537,0,0,2238,1476,81,83,True,ELIGIBLE,SUCCESS,0,0,0,1376314846.0,1377075732.0
695,695.csv,2539,2539,761486,761486,8.81,2539,0,0,2240,1478,81,83,True,ELIGIBLE,SUCCESS,0,0,0,1376314846.0,1377076332.0
696,696.csv,2233,2199,659477,659477,7.63,2199,0,0,1900,1240,30,32,True,ELIGIBLE,SUCCESS,34,0,0,1376416555.0,1377076032.0
697,697.csv,8617,8617,2591952,2591952,30.0,8640,22,1,8041,5749,997,965,True,ELIGIBLE,SUCCESS,0,0,0,1376314846.0,1378906798.0
698,698.csv,8615,8615,2591952,2591952,30.0,8640,21,3,7440,5448,697,965,True,ELIGIBLE,SUCCESS,0,0,0,1376314846.0,1378906798.0
699,699.csv,8308,8274,2489943,2489943,28.82,8300,23,3,7248,5511,473,946,True,ELIGIBLE,SUCCESS,34,0,0,1376416855.0,1378906798.0
700,700.csv,47,13,3600,3600,0.04,13,0,0,0,0,0,0,False,ACTIVE_DURATION_UNDER_25H (13 steps < 300),SUCCESS,34,0,0,1376416855.0,1376420455.0
701,701.csv,8259,8259,2485443,2485443,28.77,8285,21,4,6932,5199,469,945,True,ELIGIBLE,SUCCESS,0,0,0,1376421355.0,1378906798.0
702,702.csv,8308,8275,2489943,2489943,28.82,8300,24,1,7701,5511,926,946,True,ELIGIBLE,SUCCESS,33,0,0,1376416855.0,1378906798.0
703,703.csv,8616,8616,2591952,2591952,30.0,8640,19,4,7287,5448,575,965,True,ELIGIBLE,SUCCESS,0,0,0,1376314846.0,1378906798.0
704,704.csv,8614,8614,2591952,2591952,30.0,8640,23,3,7588,5749,575,965,True,ELIGIBLE,SUCCESS,0,0,0,1376314846.0,1378906798.0
705,705.csv,8312,8276,2489643,2489643,28.82,8299,20,3,7247,5510,473,947,True,ELIGIBLE,SUCCESS,36,0,0,1376417155.0,1378906798.0
706,706.csv,8617,8617,2591952,2591952,30.0,8640,20,2,7740,5448,997,965,True,ELIGIBLE,SUCCESS,0,0,0,1376314846.0,1378906798.0
707,707.csv,8636,8636,2591952,2591952,30.0,8640,4,0,8341,5749,997,997,True,ELIGIBLE,SUCCESS,0,0,0,1376314846.0,1378906798.0
708,708.csv,8633,8633,2591952,2591952,30.0,8640,7,0,8341,5749,997,997,True,ELIGIBLE,SUCCESS,0,0,0,1376314846.0,1378906798.0
709,709.csv,8635,8635,2591952,2591952,30.0,8640,4,1,8041,5449,997,997,True,ELIGIBLE,SUCCESS,0,0,0,1376314846.0,1378906798.0
710,710.csv,8633,8633,2591952,2591952,30.0,8640,7,0,8341,5749,997,997,True,ELIGIBLE,SUCCESS,0,0,0,1376314846.0,1378906798.0
711,711.csv,8633,8633,2591952,2591952,30.0,8640,7,0,8341,5749,997,997,True,ELIGIBLE,SUCCESS,0,0,0,1376314846.0,1378906798.0
712,712.csv,8635,8635,2591952,2591952,30.0,8640,4,1,8041,5449,997,997,True,ELIGIBLE,SUCCESS,0,0,0,1376314846.0,1378906798.0
713,713.csv,8634,8634,2591952,2591952,30.0,8640,6,0,8341,5749,997,997,True,ELIGIBLE,SUCCESS,0,0,0,1376314846.0,1378906798.0
714,714.csv,8635,8635,2591952,2591952,30.0,8640,5,0,8341,5749,997,997,True,ELIGIBLE,SUCCESS,0,0,0,1376314846.0,1378906798.0
715,715.csv,8636,8636,2591952,2591952,30.0,8640,4,0,8341,5749,997,997,True,ELIGIBLE,SUCCESS,0,0,0,1376314846.0,1378906798.0
716,716.csv,8636,8636,2591952,2591952,30.0,8640,4,0,8341,5749,997,997,True,ELIGIBLE,SUCCESS,0,0,0,1376314846.0,1378906798.0
717,717.csv,8635,8635,2591952,2591952,30.0,8640,5,0,8341,5749,997,997,True,ELIGIBLE,SUCCESS,0,0,0,1376314846.0,1378906798.0
718,718.csv,8637,8637,2591952,2591952,30.0,8640,3,0,8341,5749,997,997,True,ELIGIBLE,SUCCESS,0,0,0,1376314846.0,1378906798.0
719,719.csv,8634,8634,2591952,2591952,30.0,8640,6,0,8341,5749,997,997,True,ELIGIBLE,SUCCESS,0,0,0,1376314846.0,1378906798.0
720,720.csv,8637,8637,2591952,2591952,30.0,8640,3,0,8341,5749,997,997,True,ELIGIBLE,SUCCESS,0,0,0,1376314846.0,1378906798.0
721,721.csv,8612,8612,2591952,2591952,30.0,8640,26,2,7741,5749,697,965,True,ELIGIBLE,SUCCESS,0,0,0,1376314846.0,1378906798.0
722,722.csv,8616,8616,2591952,2591952,30.0,8640,21,2,7740,5448,997,965,True,ELIGIBLE,SUCCESS,0,0,0,1376314846.0,1378906798.0
723,723.csv,8634,8634,2591952,2591952,30.0,8640,5,1,8041,5449,997,997,True,ELIGIBLE,SUCCESS,0,0,0,1376314846.0,1378906798.0
724,724.csv,8636,8636,2591952,2591952,30.0,8640,3,1,8041,5449,997,997,True,ELIGIBLE,SUCCESS,0,0,0,1376314846.0,1378906798.0
725,725.csv,8636,8636,2591952,2591952,30.0,8640,4,0,8341,5749,997,997,True,ELIGIBLE,SUCCESS,0,0,0,1376314846.0,1378906798.0
726,726.csv,8632,8632,2591952,2591952,30.0,8640,7,1,8041,5449,997,997,True,ELIGIBLE,SUCCESS,0,0,0,1376314846.0,1378906798.0
727,727.csv,8635,8635,2591952,2591952,30.0,8640,4,1,8041,5449,997,997,True,ELIGIBLE,SUCCESS,0,0,0,1376314846.0,1378906798.0
728,728.csv,8614,8614,2591952,2591952,30.0,8640,23,3,7849,5749,836,965,True,ELIGIBLE,SUCCESS,0,0,0,1376314846.0,1378906798.0
729,729.csv,8614,8614,2591952,2591952,30.0,8640,22,4,7588,5749,575,965,True,ELIGIBLE,SUCCESS,0,0,0,1376314846.0,1378906798.0
730,730.csv,8616,8616,2591952,2591952,30.0,8640,18,2,7737,5448,997,962,True,ELIGIBLE,SUCCESS,0,0,0,1376314846.0,1378906798.0
731,731.csv,20256,2819,845494,845494,9.79,2819,0,0,2520,1674,123,125,True,ELIGIBLE,SUCCESS,0,17437,0,1376314846.0,1377160340.0
732,732.csv,8614,8614,2591952,2591952,30.0,8640,21,4,7287,5448,575,965,True,ELIGIBLE,SUCCESS,0,0,0,1376314846.0,1378906798.0
733,733.csv,8615,8615,2591952,2591952,30.0,8640,22,3,7588,5749,575,965,True,ELIGIBLE,SUCCESS,0,0,0,1376314846.0,1378906798.0
734,734.csv,8637,8637,2591952,2591952,30.0,8640,3,0,8341,5749,997,997,True,ELIGIBLE,SUCCESS,0,0,0,1376314846.0,1378906798.0
735,735.csv,8612,8612,2591952,2591952,30.0,8640,21,5,7287,5448,575,965,True,ELIGIBLE,SUCCESS,0,0,0,1376314846.0,1378906798.0
736,736.csv,8616,8616,2591952,2591952,30.0,8640,20,3,7440,5448,697,965,True,ELIGIBLE,SUCCESS,0,0,0,1376314846.0,1378906798.0
737,737.csv,8614,8614,2591952,2591952,30.0,8640,19,5,7287,5448,575,965,True,ELIGIBLE,SUCCESS,0,0,0,1376314846.0,1378906798.0
738,738.csv,8619,8619,2591952,2591952,30.0,8640,20,1,8041,5749,997,965,True,ELIGIBLE,SUCCESS,0,0,0,1376314846.0,1378906798.0
739,739.csv,8616,8616,2591952,2591952,30.0,8640,19,4,7588,5749,575,965,True,ELIGIBLE,SUCCESS,0,0,0,1376314846.0,1378906798.0
740,740.csv,8619,8619,2591952,2591952,30.0,8640,20,1,8041,5749,997,965,True,ELIGIBLE,SUCCESS,0,0,0,1376314846.0,1378906798.0
741,741.csv,8618,8618,2591952,2591952,30.0,8640,20,2,7855,5749,842,965,True,ELIGIBLE,SUCCESS,0,0,0,1376314846.0,1378906798.0
742,742.csv,8617,8617,2591952,2591952,30.0,8640,19,4,7588,5749,575,965,True,ELIGIBLE,SUCCESS,0,0,0,1376314846.0,1378906798.0
743,743.csv,8613,8613,2591952,2591952,30.0,8640,24,3,7588,5749,575,965,True,ELIGIBLE,SUCCESS,0,0,0,1376314846.0,1378906798.0
744,744.csv,8614,8614,2591952,2591952,30.0,8640,22,4,7588,5749,575,965,True,ELIGIBLE,SUCCESS,0,0,0,1376314846.0,1378906798.0
745,745.csv,8619,8619,2591952,2591952,30.0,8640,19,2,7855,5749,842,965,True,ELIGIBLE,SUCCESS,0,0,0,1376314846.0,1378906798.0
746,746.csv,8619,8619,2591952,2591952,30.0,8640,19,2,7855,5749,842,965,True,ELIGIBLE,SUCCESS,0,0,0,1376314846.0,1378906798.0
747,747.csv,8616,8616,2591952,2591952,30.0,8640,19,4,7588,5749,575,965,True,ELIGIBLE,SUCCESS,0,0,0,1376314846.0,1378906798.0
748,748.csv,8617,8617,2591952,2591952,30.0,8640,22,1,8041,5749,997,965,True,ELIGIBLE,SUCCESS,0,0,0,1376314846.0,1378906798.0
749,749.csv,8617,8617,2591952,2591952,30.0,8640,20,3,7588,5749,575,965,True,ELIGIBLE,SUCCESS,0,0,0,1376314846.0,1378906798.0
750,750.csv,8613,8613,2591952,2591952,30.0,8640,24,3,7588,5749,575,965,True,ELIGIBLE,SUCCESS,0,0,0,1376314846.0,1378906798.0
751,751.csv,8619,8619,2591952,2591952,30.0,8640,20,1,8041,5749,997,965,True,ELIGIBLE,SUCCESS,0,0,0,1376314846.0,1378906798.0
752,752.csv,5198,5198,1565842,1565842,18.12,5220,17,4,3867,2902,181,485,True,ELIGIBLE,SUCCESS,0,0,0,1377340956.0,1378906798.0
753,753.csv,8,7,1801,1801,0.02,7,0,0,0,0,0,0,False,ACTIVE_DURATION_UNDER_25H (7 steps < 300),SUCCESS,1,0,0,1377337955.0,1377339756.0
754,754.csv,8632,8632,2591952,2591952,30.0,8640,7,1,8041,5449,997,997,True,ELIGIBLE,SUCCESS,0,0,0,1376314846.0,1378906798.0
755,755.csv,8617,8617,2591952,2591952,30.0,8640,22,1,8041,5749,997,965,True,ELIGIBLE,SUCCESS,0,0,0,1376314846.0,1378906798.0
756,756.csv,23,11,3000,3000,0.03,11,0,0,0,0,0,0,False,ACTIVE_DURATION_UNDER_25H (11 steps < 300),SUCCESS,12,0,0,1377690484.0,1377693484.0
757,757.csv,8634,8634,2591952,2591952,30.0,8640,5,1,8041,5449,997,997,True,ELIGIBLE,SUCCESS,0,0,0,1376314846.0,1378906798.0
758,758.csv,8635,8635,2591952,2591952,30.0,8640,5,0,8341,5749,997,997,True,ELIGIBLE,SUCCESS,0,0,0,1376314846.0,1378906798.0
759,759.csv,8632,8632,2591952,2591952,30.0,8640,7,1,8041,5449,997,997,True,ELIGIBLE,SUCCESS,0,0,0,1376314846.0,1378906798.0
760,760.csv,8633,8633,2591952,2591952,30.0,8640,7,0,8341,5749,997,997,True,ELIGIBLE,SUCCESS,0,0,0,1376314846.0,1378906798.0
761,761.csv,8636,8636,2591952,2591952,30.0,8640,4,0,8341,5749,997,997,True,ELIGIBLE,SUCCESS,0,0,0,1376314846.0,1378906798.0
762,762.csv,8637,8637,2591952,2591952,30.0,8640,3,0,8341,5749,997,997,True,ELIGIBLE,SUCCESS,0,0,0,1376314846.0,1378906798.0
763,763.csv,8635,8635,2591952,2591952,30.0,8640,5,0,8341,5749,997,997,True,ELIGIBLE,SUCCESS,0,0,0,1376314846.0,1378906798.0
764,764.csv,8635,8635,2591952,2591952,30.0,8640,4,1,8041,5449,997,997,True,ELIGIBLE,SUCCESS,0,0,0,1376314846.0,1378906798.0
765,765.csv,8634,8634,2591952,2591952,30.0,8640,5,1,8041,5449,997,997,True,ELIGIBLE,SUCCESS,0,0,0,1376314846.0,1378906798.0
766,766.csv,8634,8634,2591952,2591952,30.0,8640,6,0,8341,5749,997,997,True,ELIGIBLE,SUCCESS,0,0,0,1376314846.0,1378906798.0
767,767.csv,8635,8635,2591952,2591952,30.0,8640,5,0,8341,5749,997,997,True,ELIGIBLE,SUCCESS,0,0,0,1376314846.0,1378906798.0
768,768.csv,8632,8632,2591952,2591952,30.0,8640,7,1,8041,5449,997,997,True,ELIGIBLE,SUCCESS,0,0,0,1376314846.0,1378906798.0
769,769.csv,8633,8633,2591952,2591952,30.0,8640,6,1,8041,5449,997,997,True,ELIGIBLE,SUCCESS,0,0,0,1376314846.0,1378906798.0
770,770.csv,8637,8637,2591952,2591952,30.0,8640,3,0,8341,5749,997,997,True,ELIGIBLE,SUCCESS,0,0,0,1376314846.0,1378906798.0
771,771.csv,8637,3453,1035700,1035700,11.99,3453,0,0,3154,2118,218,220,True,ELIGIBLE,SUCCESS,5184,0,0,1377871098.0,1378906798.0
772,772.csv,8616,8616,2591952,2591952,30.0,8640,21,3,7588,5749,575,965,True,ELIGIBLE,SUCCESS,0,0,0,1376314846.0,1378906798.0
773,773.csv,8614,8614,2591952,2591952,30.0,8640,23,3,7588,5749,575,965,True,ELIGIBLE,SUCCESS,0,0,0,1376314846.0,1378906798.0
774,774.csv,8614,8614,2591952,2591952,30.0,8640,22,4,7588,5749,575,965,True,ELIGIBLE,SUCCESS,0,0,0,1376314846.0,1378906798.0
775,775.csv,8616,8616,2591952,2591952,30.0,8640,19,4,7588,5749,575,965,True,ELIGIBLE,SUCCESS,0,0,0,1376314846.0,1378906798.0
776,776.csv,8614,8614,2591952,2591952,30.0,8640,23,3,7588,5749,575,965,True,ELIGIBLE,SUCCESS,0,0,0,1376314846.0,1378906798.0
777,777.csv,8614,8614,2591952,2591952,30.0,8640,23,3,7588,5749,575,965,True,ELIGIBLE,SUCCESS,0,0,0,1376314846.0,1378906798.0
778,778.csv,8612,8612,2591952,2591952,30.0,8640,23,4,7287,5448,575,965,True,ELIGIBLE,SUCCESS,0,0,0,1376314846.0,1378906798.0
779,779.csv,8615,8615,2591952,2591952,30.0,8640,22,3,7849,5749,836,965,True,ELIGIBLE,SUCCESS,0,0,0,1376314846.0,1378906798.0
780,780.csv,8612,8612,2591952,2591952,30.0,8640,24,3,7848,5749,835,965,True,ELIGIBLE,SUCCESS,0,0,0,1376314846.0,1378906798.0
781,781.csv,2026,2026,611158,611158,7.07,2038,11,1,1439,827,6,8,True,ELIGIBLE,SUCCESS,0,0,0,1378295640.0,1378906798.0
782,782.csv,8617,8617,2591952,2591952,30.0,8640,21,2,7855,5749,842,965,True,ELIGIBLE,SUCCESS,0,0,0,1376314846.0,1378906798.0
783,783.csv,8613,8613,2591952,2591952,30.0,8640,22,4,7287,5448,575,965,True,ELIGIBLE,SUCCESS,0,0,0,1376314846.0,1378906798.0
784,784.csv,1759,1754,529550,529550,6.13,1766,11,1,1167,637,0,0,True,ELIGIBLE,SUCCESS,5,0,0,1378377248.0,1378906798.0
785,785.csv,1754,1750,529550,529550,6.13,1766,13,3,965,435,0,0,True,ELIGIBLE,SUCCESS,4,0,0,1378377248.0,1378906798.0
786,786.csv,1756,1508,455143,455143,5.27,1518,9,1,965,509,0,0,True,ELIGIBLE,SUCCESS,248,0,0,1378451655.0,1378906798.0
787,787.csv,1756,1508,455143,455143,5.27,1518,9,1,965,509,0,0,True,ELIGIBLE,SUCCESS,248,0,0,1378451655.0,1378906798.0
788,788.csv,1754,1507,455143,455143,5.27,1518,10,1,965,509,0,0,True,ELIGIBLE,SUCCESS,247,0,0,1378451655.0,1378906798.0
789,789.csv,8621,8621,2591952,2591952,30.0,8640,18,1,8041,5749,997,965,True,ELIGIBLE,SUCCESS,0,0,0,1376314846.0,1378906798.0
790,790.csv,2849,2849,854794,854794,9.89,2850,1,0,2551,1695,128,130,True,ELIGIBLE,SUCCESS,0,0,0,1376314846.0,1377169640.0
791,791.csv,8615,8615,2591952,2591952,30.0,8640,22,3,7849,5749,836,965,True,ELIGIBLE,SUCCESS,0,0,0,1376314846.0,1378906798.0
792,792.csv,8621,8621,2591952,2591952,30.0,8640,18,1,8041,5749,997,965,True,ELIGIBLE,SUCCESS,0,0,0,1376314846.0,1378906798.0
793,793.csv,8616,8616,2591952,2591952,30.0,8640,21,2,7740,5448,997,965,True,ELIGIBLE,SUCCESS,0,0,0,1376314846.0,1378906798.0
794,794.csv,8634,8634,2591952,2591952,30.0,8640,6,0,8341,5749,997,997,True,ELIGIBLE,SUCCESS,0,0,0,1376314846.0,1378906798.0
795,795.csv,8634,8634,2591952,2591952,30.0,8640,6,0,8341,5749,997,997,True,ELIGIBLE,SUCCESS,0,0,0,1376314846.0,1378906798.0
796,796.csv,8634,8634,2591952,2591952,30.0,8640,5,1,8041,5449,997,997,True,ELIGIBLE,SUCCESS,0,0,0,1376314846.0,1378906798.0
797,797.csv,8614,8614,2591952,2591952,30.0,8640,21,3,7555,5448,843,965,True,ELIGIBLE,SUCCESS,0,0,0,1376314846.0,1378906798.0
798,798.csv,8616,8616,2591952,2591952,30.0,8640,21,2,7740,5448,997,965,True,ELIGIBLE,SUCCESS,0,0,0,1376314846.0,1378906798.0
799,799.csv,8621,8621,2591952,2591952,30.0,8640,18,1,8041,5749,997,965,True,ELIGIBLE,SUCCESS,0,0,0,1376314846.0,1378906798.0
800,800.csv,8621,8621,2591952,2591952,30.0,8640,18,1,8041,5749,997,965,True,ELIGIBLE,SUCCESS,0,0,0,1376314846.0,1378906798.0
801,801.csv,8620,8620,2591952,2591952,30.0,8640,19,1,8041,5749,997,965,True,ELIGIBLE,SUCCESS,0,0,0,1376314846.0,1378906798.0
802,802.csv,8611,8611,2591952,2591952,30.0,8640,26,3,7588,5749,575,965,True,ELIGIBLE,SUCCESS,0,0,0,1376314846.0,1378906798.0
803,803.csv,8635,8635,2591952,2591952,30.0,8640,5,0,8341,5749,997,997,True,ELIGIBLE,SUCCESS,0,0,0,1376314846.0,1378906798.0
804,804.csv,8615,2360,711669,711669,8.24,2373,11,2,1474,762,56,58,True,ELIGIBLE,SUCCESS,6255,0,0,1378195129.0,1378906798.0
805,805.csv,8615,8615,2591952,2591952,30.0,8640,24,1,8041,5749,997,965,True,ELIGIBLE,SUCCESS,0,0,0,1376314846.0,1378906798.0
806,806.csv,8617,567,170115,170115,1.97,568,1,0,269,98,0,0,True,ELIGIBLE,SUCCESS,8050,0,0,1378736683.0,1378906798.0
807,807.csv,23688,1106,331529,331529,3.84,1106,0,0,807,475,0,0,True,ELIGIBLE,SUCCESS,0,22582,0,1376314846.0,1376646375.0
808,808.csv,8634,8634,2591952,2591952,30.0,8640,5,1,8041,5449,997,997,True,ELIGIBLE,SUCCESS,0,0,0,1376314846.0,1378906798.0
809,809.csv,20256,2819,845494,845494,9.79,2819,0,0,2520,1674,123,125,True,ELIGIBLE,SUCCESS,0,17437,0,1376314846.0,1377160340.0
810,810.csv,20265,2815,844294,844294,9.77,2815,0,0,2516,1671,123,124,True,ELIGIBLE,SUCCESS,0,17450,0,1376314846.0,1377159140.0
811,811.csv,8616,568,170115,170115,1.97,568,0,0,269,98,0,0,True,ELIGIBLE,SUCCESS,8048,0,0,1378736683.0,1378906798.0
812,812.csv,8615,8615,2591952,2591952,30.0,8640,22,3,7588,5749,575,965,True,ELIGIBLE,SUCCESS,0,0,0,1376314846.0,1378906798.0
813,813.csv,8613,8613,2591952,2591952,30.0,8640,22,4,7588,5749,575,965,True,ELIGIBLE,SUCCESS,0,0,0,1376314846.0,1378906798.0
814,814.csv,8612,8612,2591952,2591952,30.0,8640,25,3,7588,5749,575,965,True,ELIGIBLE,SUCCESS,0,0,0,1376314846.0,1378906798.0
815,815.csv,8613,8613,2591952,2591952,30.0,8640,20,5,7287,5448,575,965,True,ELIGIBLE,SUCCESS,0,0,0,1376314846.0,1378906798.0
816,816.csv,8619,8619,2591952,2591952,30.0,8640,19,2,7849,5749,836,965,True,ELIGIBLE,SUCCESS,0,0,0,1376314846.0,1378906798.0
817,817.csv,8615,8615,2591952,2591952,30.0,8640,22,2,7740,5448,997,965,True,ELIGIBLE,SUCCESS,0,0,0,1376314846.0,1378906798.0
818,818.csv,8616,8616,2591952,2591952,30.0,8640,21,2,7740,5448,997,965,True,ELIGIBLE,SUCCESS,0,0,0,1376314846.0,1378906798.0
819,819.csv,8614,8614,2591952,2591952,30.0,8640,19,3,7437,5448,697,962,True,ELIGIBLE,SUCCESS,0,0,0,1376314846.0,1378906798.0
820,820.csv,8617,8617,2591952,2591952,30.0,8640,21,2,7855,5749,842,965,True,ELIGIBLE,SUCCESS,0,0,0,1376314846.0,1378906798.0
821,821.csv,8618,8618,2591952,2591952,30.0,8640,21,1,8041,5749,997,965,True,ELIGIBLE,SUCCESS,0,0,0,1376314846.0,1378906798.0
822,822.csv,8614,8614,2591952,2591952,30.0,8640,22,3,7554,5448,842,965,True,ELIGIBLE,SUCCESS,0,0,0,1376314846.0,1378906798.0
823,823.csv,8618,8618,2591952,2591952,30.0,8640,18,3,7440,5448,697,965,True,ELIGIBLE,SUCCESS,0,0,0,1376314846.0,1378906798.0
824,824.csv,8615,8615,2591952,2591952,30.0,8640,21,3,7440,5448,697,965,True,ELIGIBLE,SUCCESS,0,0,0,1376314846.0,1378906798.0
825,825.csv,8612,8612,2591952,2591952,30.0,8640,21,5,7287,5448,575,965,True,ELIGIBLE,SUCCESS,0,0,0,1376314846.0,1378906798.0
826,826.csv,8617,8617,2591952,2591952,30.0,8640,16,3,7437,5448,697,962,True,ELIGIBLE,SUCCESS,0,0,0,1376314846.0,1378906798.0
827,827.csv,8614,8614,2591952,2591952,30.0,8640,19,5,7287,5448,575,965,True,ELIGIBLE,SUCCESS,0,0,0,1376314846.0,1378906798.0
828,828.csv,8614,8614,2591952,2591952,30.0,8640,21,4,7588,5749,575,965,True,ELIGIBLE,SUCCESS,0,0,0,1376314846.0,1378906798.0
829,829.csv,8615,8615,2591952,2591952,30.0,8640,22,3,7588,5749,575,965,True,ELIGIBLE,SUCCESS,0,0,0,1376314846.0,1378906798.0
830,830.csv,8619,8619,2591952,2591952,30.0,8640,20,1,8041,5749,997,965,True,ELIGIBLE,SUCCESS,0,0,0,1376314846.0,1378906798.0
831,831.csv,8614,8614,2591952,2591952,30.0,8640,22,4,7588,5749,575,965,True,ELIGIBLE,SUCCESS,0,0,0,1376314846.0,1378906798.0
832,832.csv,8616,8616,2591952,2591952,30.0,8640,23,1,8041,5749,997,965,True,ELIGIBLE,SUCCESS,0,0,0,1376314846.0,1378906798.0
833,833.csv,8635,8635,2591952,2591952,30.0,8640,5,0,8341,5749,997,997,True,ELIGIBLE,SUCCESS,0,0,0,1376314846.0,1378906798.0
834,834.csv,8637,8637,2591952,2591952,30.0,8640,3,0,8341,5749,997,997,True,ELIGIBLE,SUCCESS,0,0,0,1376314846.0,1378906798.0
835,835.csv,8630,8630,2591952,2591952,30.0,8640,9,1,8041,5449,997,997,True,ELIGIBLE,SUCCESS,0,0,0,1376314846.0,1378906798.0
836,836.csv,8636,8636,2591952,2591952,30.0,8640,4,0,8341,5749,997,997,True,ELIGIBLE,SUCCESS,0,0,0,1376314846.0,1378906798.0
837,837.csv,8636,8636,2591952,2591952,30.0,8640,4,0,8341,5749,997,997,True,ELIGIBLE,SUCCESS,0,0,0,1376314846.0,1378906798.0
838,838.csv,8635,8635,2591952,2591952,30.0,8640,5,0,8341,5749,997,997,True,ELIGIBLE,SUCCESS,0,0,0,1376314846.0,1378906798.0
839,839.csv,8614,8614,2591952,2591952,30.0,8640,20,4,7547,5448,835,965,True,ELIGIBLE,SUCCESS,0,0,0,1376314846.0,1378906798.0
840,840.csv,8634,8634,2591952,2591952,30.0,8640,6,0,8341,5749,997,997,True,ELIGIBLE,SUCCESS,0,0,0,1376314846.0,1378906798.0
841,841.csv,8634,8634,2591952,2591952,30.0,8640,6,0,8341,5749,997,997,True,ELIGIBLE,SUCCESS,0,0,0,1376314846.0,1378906798.0
842,842.csv,23692,1103,330629,330629,3.83,1103,0,0,804,473,0,0,True,ELIGIBLE,SUCCESS,0,22589,0,1376314846.0,1376645475.0
843,843.csv,8636,8636,2591952,2591952,30.0,8640,4,0,8341,5749,997,997,True,ELIGIBLE,SUCCESS,0,0,0,1376314846.0,1378906798.0
844,844.csv,23691,1103,330629,330629,3.83,1103,0,0,804,473,0,0,True,ELIGIBLE,SUCCESS,0,22588,0,1376314846.0,1376645475.0
845,845.csv,8636,8636,2591952,2591952,30.0,8640,4,0,8341,5749,997,997,True,ELIGIBLE,SUCCESS,0,0,0,1376314846.0,1378906798.0
846,846.csv,8635,8635,2591952,2591952,30.0,8640,5,0,8341,5749,997,997,True,ELIGIBLE,SUCCESS,0,0,0,1376314846.0,1378906798.0
847,847.csv,8618,8618,2591952,2591952,30.0,8640,19,2,7740,5448,997,965,True,ELIGIBLE,SUCCESS,0,0,0,1376314846.0,1378906798.0
848,848.csv,8612,8612,2591952,2591952,30.0,8640,21,5,7287,5448,575,965,True,ELIGIBLE,SUCCESS,0,0,0,1376314846.0,1378906798.0
849,849.csv,8634,8634,2591952,2591952,30.0,8640,5,1,8041,5449,997,997,True,ELIGIBLE,SUCCESS,0,0,0,1376314846.0,1378906798.0
850,850.csv,8634,8634,2591952,2591952,30.0,8640,6,0,8341,5749,997,997,True,ELIGIBLE,SUCCESS,0,0,0,1376314846.0,1378906798.0
851,851.csv,8633,8633,2591952,2591952,30.0,8640,7,0,8341,5749,997,997,True,ELIGIBLE,SUCCESS,0,0,0,1376314846.0,1378906798.0
852,852.csv,8635,8635,2591952,2591952,30.0,8640,5,0,8341,5749,997,997,True,ELIGIBLE,SUCCESS,0,0,0,1376314846.0,1378906798.0
853,853.csv,8635,8635,2591952,2591952,30.0,8640,5,0,8341,5749,997,997,True,ELIGIBLE,SUCCESS,0,0,0,1376314846.0,1378906798.0
854,854.csv,8635,8635,2591952,2591952,30.0,8640,5,0,8341,5749,997,997,True,ELIGIBLE,SUCCESS,0,0,0,1376314846.0,1378906798.0
855,855.csv,8637,8637,2591952,2591952,30.0,8640,3,0,8341,5749,997,997,True,ELIGIBLE,SUCCESS,0,0,0,1376314846.0,1378906798.0
856,856.csv,8635,8635,2591952,2591952,30.0,8640,5,0,8341,5749,997,997,True,ELIGIBLE,SUCCESS,0,0,0,1376314846.0,1378906798.0
857,857.csv,8634,8634,2591952,2591952,30.0,8640,6,0,8341,5749,997,997,True,ELIGIBLE,SUCCESS,0,0,0,1376314846.0,1378906798.0
858,858.csv,8636,8636,2591952,2591952,30.0,8640,4,0,8341,5749,997,997,True,ELIGIBLE,SUCCESS,0,0,0,1376314846.0,1378906798.0
859,859.csv,8619,8619,2591952,2591952,30.0,8640,18,2,7740,5448,997,965,True,ELIGIBLE,SUCCESS,0,0,0,1376314846.0,1378906798.0
860,860.csv,8619,8619,2591952,2591952,30.0,8640,17,3,7554,5448,842,965,True,ELIGIBLE,SUCCESS,0,0,0,1376314846.0,1378906798.0
861,861.csv,8619,8619,2591952,2591952,30.0,8640,18,2,7740,5448,997,965,True,ELIGIBLE,SUCCESS,0,0,0,1376314846.0,1378906798.0
862,862.csv,8619,8619,2591952,2591952,30.0,8640,18,2,7740,5448,997,965,True,ELIGIBLE,SUCCESS,0,0,0,1376314846.0,1378906798.0
863,863.csv,8616,8616,2591952,2591952,30.0,8640,19,4,7287,5448,575,965,True,ELIGIBLE,SUCCESS,0,0,0,1376314846.0,1378906798.0
864,864.csv,8616,8616,2591952,2591952,30.0,8640,21,3,7588,5749,575,965,True,ELIGIBLE,SUCCESS,0,0,0,1376314846.0,1378906798.0
865,865.csv,8614,8614,2591952,2591952,30.0,8640,21,4,7588,5749,575,965,True,ELIGIBLE,SUCCESS,0,0,0,1376314846.0,1378906798.0
866,866.csv,8616,8616,2591952,2591952,30.0,8640,19,4,7287,5448,575,965,True,ELIGIBLE,SUCCESS,0,0,0,1376314846.0,1378906798.0
867,867.csv,8636,8636,2591952,2591952,30.0,8640,4,0,8341,5749,997,997,True,ELIGIBLE,SUCCESS,0,0,0,1376314846.0,1378906798.0
868,868.csv,8634,8634,2591952,2591952,30.0,8640,6,0,8341,5749,997,997,True,ELIGIBLE,SUCCESS,0,0,0,1376314846.0,1378906798.0
869,869.csv,8637,8637,2591952,2591952,30.0,8640,3,0,8341,5749,997,997,True,ELIGIBLE,SUCCESS,0,0,0,1376314846.0,1378906798.0
870,870.csv,8636,8636,2591952,2591952,30.0,8640,4,0,8341,5749,997,997,True,ELIGIBLE,SUCCESS,0,0,0,1376314846.0,1378906798.0
871,871.csv,8634,8634,2591952,2591952,30.0,8640,5,1,8041,5449,997,997,True,ELIGIBLE,SUCCESS,0,0,0,1376314846.0,1378906798.0
872,872.csv,8637,8637,2591952,2591952,30.0,8640,3,0,8341,5749,997,997,True,ELIGIBLE,SUCCESS,0,0,0,1376314846.0,1378906798.0
873,873.csv,8632,8632,2591952,2591952,30.0,8640,7,1,8041,5449,997,997,True,ELIGIBLE,SUCCESS,0,0,0,1376314846.0,1378906798.0
874,874.csv,8636,8636,2591952,2591952,30.0,8640,4,0,8341,5749,997,997,True,ELIGIBLE,SUCCESS,0,0,0,1376314846.0,1378906798.0
875,875.csv,8637,8637,2591952,2591952,30.0,8640,3,0,8341,5749,997,997,True,ELIGIBLE,SUCCESS,0,0,0,1376314846.0,1378906798.0
876,876.csv,8637,8637,2591952,2591952,30.0,8640,3,0,8341,5749,997,997,True,ELIGIBLE,SUCCESS,0,0,0,1376314846.0,1378906798.0
877,877.csv,8636,8636,2591952,2591952,30.0,8640,4,0,8341,5749,997,997,True,ELIGIBLE,SUCCESS,0,0,0,1376314846.0,1378906798.0
878,878.csv,8634,8634,2591952,2591952,30.0,8640,6,0,8341,5749,997,997,True,ELIGIBLE,SUCCESS,0,0,0,1376314846.0,1378906798.0
879,879.csv,8634,8634,2591952,2591952,30.0,8640,6,0,8341,5749,997,997,True,ELIGIBLE,SUCCESS,0,0,0,1376314846.0,1378906798.0
880,880.csv,8636,8636,2591952,2591952,30.0,8640,4,0,8341,5749,997,997,True,ELIGIBLE,SUCCESS,0,0,0,1376314846.0,1378906798.0
881,881.csv,8637,8637,2591952,2591952,30.0,8640,3,0,8341,5749,997,997,True,ELIGIBLE,SUCCESS,0,0,0,1376314846.0,1378906798.0
882,882.csv,8635,8635,2591952,2591952,30.0,8640,5,0,8341,5749,997,997,True,ELIGIBLE,SUCCESS,0,0,0,1376314846.0,1378906798.0
883,883.csv,8636,8636,2591952,2591952,30.0,8640,4,0,8341,5749,997,997,True,ELIGIBLE,SUCCESS,0,0,0,1376314846.0,1378906798.0
884,884.csv,8637,8637,2591952,2591952,30.0,8640,3,0,8341,5749,997,997,True,ELIGIBLE,SUCCESS,0,0,0,1376314846.0,1378906798.0
885,885.csv,8633,8633,2591952,2591952,30.0,8640,6,1,8041,5449,997,997,True,ELIGIBLE,SUCCESS,0,0,0,1376314846.0,1378906798.0
886,886.csv,8632,8632,2591952,2591952,30.0,8640,7,1,8041,5449,997,997,True,ELIGIBLE,SUCCESS,0,0,0,1376314846.0,1378906798.0
887,887.csv,8636,8636,2591952,2591952,30.0,8640,4,0,8341,5749,997,997,True,ELIGIBLE,SUCCESS,0,0,0,1376314846.0,1378906798.0
888,888.csv,8636,8636,2591952,2591952,30.0,8640,4,0,8341,5749,997,997,True,ELIGIBLE,SUCCESS,0,0,0,1376314846.0,1378906798.0
889,889.csv,8632,8632,2591952,2591952,30.0,8640,8,0,8341,5749,997,997,True,ELIGIBLE,SUCCESS,0,0,0,1376314846.0,1378906798.0
890,890.csv,8632,8632,2591952,2591952,30.0,8640,8,0,8341,5749,997,997,True,ELIGIBLE,SUCCESS,0,0,0,1376314846.0,1378906798.0
891,891.csv,8636,8636,2591952,2591952,30.0,8640,4,0,8341,5749,997,997,True,ELIGIBLE,SUCCESS,0,0,0,1376314846.0,1378906798.0
892,892.csv,8634,8634,2591952,2591952,30.0,8640,6,0,8341,5749,997,997,True,ELIGIBLE,SUCCESS,0,0,0,1376314846.0,1378906798.0
893,893.csv,8637,8637,2591952,2591952,30.0,8640,3,0,8341,5749,997,997,True,ELIGIBLE,SUCCESS,0,0,0,1376314846.0,1378906798.0
894,894.csv,8633,8633,2591952,2591952,30.0,8640,7,0,8341,5749,997,997,True,ELIGIBLE,SUCCESS,0,0,0,1376314846.0,1378906798.0
895,895.csv,8636,8636,2591952,2591952,30.0,8640,4,0,8341,5749,997,997,True,ELIGIBLE,SUCCESS,0,0,0,1376314846.0,1378906798.0
896,896.csv,8636,8636,2591952,2591952,30.0,8640,4,0,8341,5749,997,997,True,ELIGIBLE,SUCCESS,0,0,0,1376314846.0,1378906798.0
897,897.csv,8634,8634,2591952,2591952,30.0,8640,6,0,8341,5749,997,997,True,ELIGIBLE,SUCCESS,0,0,0,1376314846.0,1378906798.0
898,898.csv,8637,8637,2591952,2591952,30.0,8640,3,0,8341,5749,997,997,True,ELIGIBLE,SUCCESS,0,0,0,1376314846.0,1378906798.0
899,899.csv,8634,8634,2591952,2591952,30.0,8640,6,0,8341,5749,997,997,True,ELIGIBLE,SUCCESS,0,0,0,1376314846.0,1378906798.0
900,900.csv,8633,8633,2591952,2591952,30.0,8640,7,0,8341,5749,997,997,True,ELIGIBLE,SUCCESS,0,0,0,1376314846.0,1378906798.0
901,901.csv,8636,8636,2591952,2591952,30.0,8640,4,0,8341,5749,997,997,True,ELIGIBLE,SUCCESS,0,0,0,1376314846.0,1378906798.0
902,902.csv,8637,8637,2591952,2591952,30.0,8640,3,0,8341,5749,997,997,True,ELIGIBLE,SUCCESS,0,0,0,1376314846.0,1378906798.0
903,903.csv,8618,8618,2591952,2591952,30.0,8640,18,3,7440,5448,697,965,True,ELIGIBLE,SUCCESS,0,0,0,1376314846.0,1378906798.0
904,904.csv,8634,8634,2591952,2591952,30.0,8640,5,1,8041,5449,997,997,True,ELIGIBLE,SUCCESS,0,0,0,1376314846.0,1378906798.0
905,905.csv,8640,8640,2591952,2591952,30.0,8640,0,0,8341,5749,997,997,True,ELIGIBLE,SUCCESS,0,0,0,1376314846.0,1378906798.0
906,906.csv,8619,8619,2591952,2591952,30.0,8640,18,2,7740,5448,997,965,True,ELIGIBLE,SUCCESS,0,0,0,1376314846.0,1378906798.0
907,907.csv,8620,8620,2591952,2591952,30.0,8640,19,1,8041,5749,997,965,True,ELIGIBLE,SUCCESS,0,0,0,1376314846.0,1378906798.0
908,908.csv,8635,8635,2591952,2591952,30.0,8640,5,0,8341,5749,997,997,True,ELIGIBLE,SUCCESS,0,0,0,1376314846.0,1378906798.0
909,909.csv,8634,8634,2591952,2591952,30.0,8640,5,1,8041,5449,997,997,True,ELIGIBLE,SUCCESS,0,0,0,1376314846.0,1378906798.0
910,910.csv,8616,8616,2591952,2591952,30.0,8640,23,1,8041,5749,997,965,True,ELIGIBLE,SUCCESS,0,0,0,1376314846.0,1378906798.0
911,911.csv,8614,8614,2591952,2591952,30.0,8640,25,1,8041,5749,997,965,True,ELIGIBLE,SUCCESS,0,0,0,1376314846.0,1378906798.0
912,912.csv,8617,8617,2591952,2591952,30.0,8640,22,1,8041,5749,997,965,True,ELIGIBLE,SUCCESS,0,0,0,1376314846.0,1378906798.0
913,913.csv,8619,8619,2591952,2591952,30.0,8640,18,2,7740,5448,997,965,True,ELIGIBLE,SUCCESS,0,0,0,1376314846.0,1378906798.0
914,914.csv,8616,8616,2591952,2591952,30.0,8640,23,1,8041,5749,997,965,True,ELIGIBLE,SUCCESS,0,0,0,1376314846.0,1378906798.0
915,915.csv,8614,8614,2591952,2591952,30.0,8640,23,3,7588,5749,575,965,True,ELIGIBLE,SUCCESS,0,0,0,1376314846.0,1378906798.0
916,916.csv,8615,8615,2591952,2591952,30.0,8640,21,3,7440,5448,697,965,True,ELIGIBLE,SUCCESS,0,0,0,1376314846.0,1378906798.0
917,917.csv,8617,8617,2591952,2591952,30.0,8640,22,1,8041,5749,997,965,True,ELIGIBLE,SUCCESS,0,0,0,1376314846.0,1378906798.0
918,918.csv,8611,8611,2591952,2591952,30.0,8640,25,3,7440,5448,697,965,True,ELIGIBLE,SUCCESS,0,0,0,1376314846.0,1378906798.0
919,919.csv,8613,8613,2591952,2591952,30.0,8640,24,2,7740,5448,997,965,True,ELIGIBLE,SUCCESS,0,0,0,1376314846.0,1378906798.0
920,920.csv,8617,8617,2591952,2591952,30.0,8640,22,1,8041,5749,997,965,True,ELIGIBLE,SUCCESS,0,0,0,1376314846.0,1378906798.0
921,921.csv,8634,8634,2591952,2591952,30.0,8640,5,1,8041,5449,997,997,True,ELIGIBLE,SUCCESS,0,0,0,1376314846.0,1378906798.0
922,922.csv,8617,8617,2591952,2591952,30.0,8640,20,2,7740,5448,997,965,True,ELIGIBLE,SUCCESS,0,0,0,1376314846.0,1378906798.0
923,923.csv,8619,8619,2591952,2591952,30.0,8640,18,2,7740,5448,997,965,True,ELIGIBLE,SUCCESS,0,0,0,1376314846.0,1378906798.0
924,924.csv,8612,8612,2591952,2591952,30.0,8640,23,4,7287,5448,575,965,True,ELIGIBLE,SUCCESS,0,0,0,1376314846.0,1378906798.0
925,925.csv,8616,8616,2591952,2591952,30.0,8640,19,4,7548,5448,836,965,True,ELIGIBLE,SUCCESS,0,0,0,1376314846.0,1378906798.0
926,926.csv,8616,8616,2591952,2591952,30.0,8640,21,2,7740,5448,997,965,True,ELIGIBLE,SUCCESS,0,0,0,1376314846.0,1378906798.0
927,927.csv,8616,8616,2591952,2591952,30.0,8640,19,4,7548,5448,836,965,True,ELIGIBLE,SUCCESS,0,0,0,1376314846.0,1378906798.0
928,928.csv,8615,8615,2591952,2591952,30.0,8640,22,2,7740,5448,997,965,True,ELIGIBLE,SUCCESS,0,0,0,1376314846.0,1378906798.0
929,929.csv,8616,8616,2591952,2591952,30.0,8640,21,2,7740,5448,997,965,True,ELIGIBLE,SUCCESS,0,0,0,1376314846.0,1378906798.0
930,930.csv,8615,8615,2591952,2591952,30.0,8640,22,3,7588,5749,575,965,True,ELIGIBLE,SUCCESS,0,0,0,1376314846.0,1378906798.0
931,931.csv,8614,8614,2591952,2591952,30.0,8640,23,3,7588,5749,575,965,True,ELIGIBLE,SUCCESS,0,0,0,1376314846.0,1378906798.0
932,932.csv,8614,8614,2591952,2591952,30.0,8640,23,2,7740,5448,997,965,True,ELIGIBLE,SUCCESS,0,0,0,1376314846.0,1378906798.0
933,933.csv,8614,8614,2591952,2591952,30.0,8640,23,3,7588,5749,575,965,True,ELIGIBLE,SUCCESS,0,0,0,1376314846.0,1378906798.0
934,934.csv,8616,8616,2591952,2591952,30.0,8640,20,3,7440,5448,697,965,True,ELIGIBLE,SUCCESS,0,0,0,1376314846.0,1378906798.0
935,935.csv,8617,8617,2591952,2591952,30.0,8640,19,3,7554,5448,842,965,True,ELIGIBLE,SUCCESS,0,0,0,1376314846.0,1378906798.0
936,936.csv,1735,1729,522649,522649,6.05,1743,11,3,965,442,0,0,True,ELIGIBLE,SUCCESS,6,0,0,1378384149.0,1378906798.0
937,937.csv,1735,1729,522649,522649,6.05,1743,11,3,965,442,0,0,True,ELIGIBLE,SUCCESS,6,0,0,1378384149.0,1378906798.0
938,938.csv,3785,3784,1135007,1135007,13.14,3784,0,0,3485,2349,268,270,True,ELIGIBLE,SUCCESS,1,0,0,1377771791.0,1378906798.0
939,939.csv,8636,8636,2591952,2591952,30.0,8640,4,0,8341,5749,997,997,True,ELIGIBLE,SUCCESS,0,0,0,1376314846.0,1378906798.0
940,940.csv,8634,8634,2591952,2591952,30.0,8640,5,1,8041,5449,997,997,True,ELIGIBLE,SUCCESS,0,0,0,1376314846.0,1378906798.0
941,941.csv,8619,8619,2591952,2591952,30.0,8640,20,1,8041,5749,997,965,True,ELIGIBLE,SUCCESS,0,0,0,1376314846.0,1378906798.0
942,942.csv,8616,8616,2591952,2591952,30.0,8640,21,3,7588,5749,575,965,True,ELIGIBLE,SUCCESS,0,0,0,1376314846.0,1378906798.0
943,943.csv,8635,8635,2591952,2591952,30.0,8640,5,0,8341,5749,997,997,True,ELIGIBLE,SUCCESS,0,0,0,1376314846.0,1378906798.0
944,944.csv,8630,8630,2591952,2591952,30.0,8640,9,1,8041,5449,997,997,True,ELIGIBLE,SUCCESS,0,0,0,1376314846.0,1378906798.0
945,945.csv,8635,8635,2591952,2591952,30.0,8640,5,0,8341,5749,997,997,True,ELIGIBLE,SUCCESS,0,0,0,1376314846.0,1378906798.0
946,946.csv,8615,8615,2591952,2591952,30.0,8640,21,3,7849,5749,836,965,True,ELIGIBLE,SUCCESS,0,0,0,1376314846.0,1378906798.0
947,947.csv,8619,8619,2591952,2591952,30.0,8640,20,1,8041,5749,997,965,True,ELIGIBLE,SUCCESS,0,0,0,1376314846.0,1378906798.0
948,948.csv,265,265,79207,79207,0.92,265,0,0,0,0,0,0,False,ACTIVE_DURATION_UNDER_25H (265 steps < 300),SUCCESS,0,0,0,1376314846.0,1376394053.0
949,949.csv,8617,8617,2591952,2591952,30.0,8640,22,1,8041,5749,997,965,True,ELIGIBLE,SUCCESS,0,0,0,1376314846.0,1378906798.0
950,950.csv,8614,8614,2591952,2591952,30.0,8640,23,3,7588,5749,575,965,True,ELIGIBLE,SUCCESS,0,0,0,1376314846.0,1378906798.0
951,951.csv,8614,8614,2591952,2591952,30.0,8640,22,4,7588,5749,575,965,True,ELIGIBLE,SUCCESS,0,0,0,1376314846.0,1378906798.0
952,952.csv,8618,8618,2591952,2591952,30.0,8640,19,3,7588,5749,575,965,True,ELIGIBLE,SUCCESS,0,0,0,1376314846.0,1378906798.0
953,953.csv,8614,8614,2591952,2591952,30.0,8640,23,3,7588,5749,575,965,True,ELIGIBLE,SUCCESS,0,0,0,1376314846.0,1378906798.0
954,954.csv,8618,8618,2591952,2591952,30.0,8640,20,2,7855,5749,842,965,True,ELIGIBLE,SUCCESS,0,0,0,1376314846.0,1378906798.0
955,955.csv,8635,8635,2591952,2591952,30.0,8640,5,0,8341,5749,997,997,True,ELIGIBLE,SUCCESS,0,0,0,1376314846.0,1378906798.0
956,956.csv,8614,8614,2591952,2591952,30.0,8640,22,4,7588,5749,575,965,True,ELIGIBLE,SUCCESS,0,0,0,1376314846.0,1378906798.0
957,957.csv,8634,8634,2591952,2591952,30.0,8640,5,1,8041,5449,997,997,True,ELIGIBLE,SUCCESS,0,0,0,1376314846.0,1378906798.0
958,958.csv,8616,8616,2591952,2591952,30.0,8640,21,2,7740,5448,997,965,True,ELIGIBLE,SUCCESS,0,0,0,1376314846.0,1378906798.0
959,959.csv,8640,8640,2591952,2591952,30.0,8640,0,0,8341,5749,997,997,True,ELIGIBLE,SUCCESS,0,0,0,1376314846.0,1378906798.0
960,960.csv,8640,8640,2591952,2591952,30.0,8640,0,0,8341,5749,997,997,True,ELIGIBLE,SUCCESS,0,0,0,1376314846.0,1378906798.0
961,961.csv,8640,8640,2591952,2591952,30.0,8640,0,0,8341,5749,997,997,True,ELIGIBLE,SUCCESS,0,0,0,1376314846.0,1378906798.0
962,962.csv,8640,8640,2591952,2591952,30.0,8640,0,0,8341,5749,997,997,True,ELIGIBLE,SUCCESS,0,0,0,1376314846.0,1378906798.0
963,963.csv,8640,8640,2591952,2591952,30.0,8640,0,0,8341,5749,997,997,True,ELIGIBLE,SUCCESS,0,0,0,1376314846.0,1378906798.0
964,964.csv,8632,8632,2591952,2591952,30.0,8640,7,1,8041,5449,997,997,True,ELIGIBLE,SUCCESS,0,0,0,1376314846.0,1378906798.0
965,965.csv,8640,8640,2591952,2591952,30.0,8640,0,0,8341,5749,997,997,True,ELIGIBLE,SUCCESS,0,0,0,1376314846.0,1378906798.0
966,966.csv,8640,8640,2591952,2591952,30.0,8640,0,0,8341,5749,997,997,True,ELIGIBLE,SUCCESS,0,0,0,1376314846.0,1378906798.0
967,967.csv,8640,8640,2591952,2591952,30.0,8640,0,0,8341,5749,997,997,True,ELIGIBLE,SUCCESS,0,0,0,1376314846.0,1378906798.0
968,968.csv,3767,3767,1135307,1135307,13.14,3785,15,3,2733,1768,268,270,True,ELIGIBLE,SUCCESS,0,0,0,1377771491.0,1378906798.0
969,969.csv,8640,8640,2591952,2591952,30.0,8640,0,0,8341,5749,997,997,True,ELIGIBLE,SUCCESS,0,0,0,1376314846.0,1378906798.0
970,970.csv,8640,8640,2591952,2591952,30.0,8640,0,0,8341,5749,997,997,True,ELIGIBLE,SUCCESS,0,0,0,1376314846.0,1378906798.0
971,971.csv,8640,8640,2591952,2591952,30.0,8640,0,0,8341,5749,997,997,True,ELIGIBLE,SUCCESS,0,0,0,1376314846.0,1378906798.0
972,972.csv,8640,8640,2591952,2591952,30.0,8640,0,0,8341,5749,997,997,True,ELIGIBLE,SUCCESS,0,0,0,1376314846.0,1378906798.0
973,973.csv,8640,8640,2591952,2591952,30.0,8640,0,0,8341,5749,997,997,True,ELIGIBLE,SUCCESS,0,0,0,1376314846.0,1378906798.0
974,974.csv,8640,8640,2591952,2591952,30.0,8640,0,0,8341,5749,997,997,True,ELIGIBLE,SUCCESS,0,0,0,1376314846.0,1378906798.0
975,975.csv,8640,8640,2591952,2591952,30.0,8640,0,0,8341,5749,997,997,True,ELIGIBLE,SUCCESS,0,0,0,1376314846.0,1378906798.0
976,976.csv,8640,8640,2591952,2591952,30.0,8640,0,0,8341,5749,997,997,True,ELIGIBLE,SUCCESS,0,0,0,1376314846.0,1378906798.0
977,977.csv,8640,8640,2591952,2591952,30.0,8640,0,0,8341,5749,997,997,True,ELIGIBLE,SUCCESS,0,0,0,1376314846.0,1378906798.0
978,978.csv,8640,8640,2591952,2591952,30.0,8640,0,0,8341,5749,997,997,True,ELIGIBLE,SUCCESS,0,0,0,1376314846.0,1378906798.0
979,979.csv,8640,8640,2591952,2591952,30.0,8640,0,0,8341,5749,997,997,True,ELIGIBLE,SUCCESS,0,0,0,1376314846.0,1378906798.0
980,980.csv,8640,8640,2591952,2591952,30.0,8640,0,0,8341,5749,997,997,True,ELIGIBLE,SUCCESS,0,0,0,1376314846.0,1378906798.0
981,981.csv,8640,8640,2591952,2591952,30.0,8640,0,0,8341,5749,997,997,True,ELIGIBLE,SUCCESS,0,0,0,1376314846.0,1378906798.0
982,982.csv,8640,8640,2591952,2591952,30.0,8640,0,0,8341,5749,997,997,True,ELIGIBLE,SUCCESS,0,0,0,1376314846.0,1378906798.0
983,983.csv,8640,8640,2591952,2591952,30.0,8640,0,0,8341,5749,997,997,True,ELIGIBLE,SUCCESS,0,0,0,1376314846.0,1378906798.0
984,984.csv,8640,8640,2591952,2591952,30.0,8640,0,0,8341,5749,997,997,True,ELIGIBLE,SUCCESS,0,0,0,1376314846.0,1378906798.0
985,985.csv,8640,8640,2591952,2591952,30.0,8640,0,0,8341,5749,997,997,True,ELIGIBLE,SUCCESS,0,0,0,1376314846.0,1378906798.0
986,986.csv,8640,8640,2591952,2591952,30.0,8640,0,0,8341,5749,997,997,True,ELIGIBLE,SUCCESS,0,0,0,1376314846.0,1378906798.0
987,987.csv,8640,8640,2591952,2591952,30.0,8640,0,0,8341,5749,997,997,True,ELIGIBLE,SUCCESS,0,0,0,1376314846.0,1378906798.0
988,988.csv,8640,8640,2591952,2591952,30.0,8640,0,0,8341,5749,997,997,True,ELIGIBLE,SUCCESS,0,0,0,1376314846.0,1378906798.0
989,989.csv,8640,8640,2591952,2591952,30.0,8640,0,0,8341,5749,997,997,True,ELIGIBLE,SUCCESS,0,0,0,1376314846.0,1378906798.0
990,990.csv,8640,8640,2591952,2591952,30.0,8640,0,0,8341,5749,997,997,True,ELIGIBLE,SUCCESS,0,0,0,1376314846.0,1378906798.0
991,991.csv,8640,8640,2591952,2591952,30.0,8640,0,0,8341,5749,997,997,True,ELIGIBLE,SUCCESS,0,0,0,1376314846.0,1378906798.0
992,992.csv,8640,8640,2591952,2591952,30.0,8640,0,0,8341,5749,997,997,True,ELIGIBLE,SUCCESS,0,0,0,1376314846.0,1378906798.0
993,993.csv,8640,8640,2591952,2591952,30.0,8640,0,0,8341,5749,997,997,True,ELIGIBLE,SUCCESS,0,0,0,1376314846.0,1378906798.0
994,994.csv,8640,8640,2591952,2591952,30.0,8640,0,0,8341,5749,997,997,True,ELIGIBLE,SUCCESS,0,0,0,1376314846.0,1378906798.0
995,995.csv,8640,8640,2591952,2591952,30.0,8640,0,0,8341,5749,997,997,True,ELIGIBLE,SUCCESS,0,0,0,1376314846.0,1378906798.0
996,996.csv,8640,8640,2591952,2591952,30.0,8640,0,0,8341,5749,997,997,True,ELIGIBLE,SUCCESS,0,0,0,1376314846.0,1378906798.0
997,997.csv,8640,8640,2591952,2591952,30.0,8640,0,0,8341,5749,997,997,True,ELIGIBLE,SUCCESS,0,0,0,1376314846.0,1378906798.0
998,998.csv,8640,8640,2591952,2591952,30.0,8640,0,0,8341,5749,997,997,True,ELIGIBLE,SUCCESS,0,0,0,1376314846.0,1378906798.0
999,999.csv,8640,8640,2591952,2591952,30.0,8640,0,0,8341,5749,997,997,True,ELIGIBLE,SUCCESS,0,0,0,1376314846.0,1378906798.0
1000,1000.csv,8640,8640,2591952,2591952,30.0,8640,0,0,8341,5749,997,997,True,ELIGIBLE,SUCCESS,0,0,0,1376314846.0,1378906798.0
1001,1001.csv,8640,8640,2591952,2591952,30.0,8640,0,0,8341,5749,997,997,True,ELIGIBLE,SUCCESS,0,0,0,1376314846.0,1378906798.0
1002,1002.csv,8640,8640,2591952,2591952,30.0,8640,0,0,8341,5749,997,997,True,ELIGIBLE,SUCCESS,0,0,0,1376314846.0,1378906798.0
1003,1003.csv,3791,3784,1135007,1135007,13.14,3784,0,0,3485,2349,268,270,True,ELIGIBLE,SUCCESS,7,0,0,1377771791.0,1378906798.0
1004,1004.csv,3787,3771,1131407,1131407,13.09,3772,1,0,3473,2341,266,268,True,ELIGIBLE,SUCCESS,16,0,0,1377775391.0,1378906798.0
1005,1005.csv,8640,8640,2591952,2591952,30.0,8640,0,0,8341,5749,997,997,True,ELIGIBLE,SUCCESS,0,0,0,1376314846.0,1378906798.0
1006,1006.csv,8640,8640,2591952,2591952,30.0,8640,0,0,8341,5749,997,997,True,ELIGIBLE,SUCCESS,0,0,0,1376314846.0,1378906798.0
1007,1007.csv,8640,8640,2591952,2591952,30.0,8640,0,0,8341,5749,997,997,True,ELIGIBLE,SUCCESS,0,0,0,1376314846.0,1378906798.0
1008,1008.csv,8612,8612,2591952,2591952,30.0,8640,22,4,7287,5448,575,965,True,ELIGIBLE,SUCCESS,0,0,0,1376314846.0,1378906798.0
1009,1009.csv,8616,8616,2591952,2591952,30.0,8640,21,2,7740,5448,997,965,True,ELIGIBLE,SUCCESS,0,0,0,1376314846.0,1378906798.0
1010,1010.csv,8614,8614,2591952,2591952,30.0,8640,23,2,7740,5448,997,965,True,ELIGIBLE,SUCCESS,0,0,0,1376314846.0,1378906798.0
1011,1011.csv,8636,8636,2591952,2591952,30.0,8640,3,1,8041,5449,997,997,True,ELIGIBLE,SUCCESS,0,0,0,1376314846.0,1378906798.0
1012,1012.csv,8633,8633,2591952,2591952,30.0,8640,6,1,8041,5449,997,997,True,ELIGIBLE,SUCCESS,0,0,0,1376314846.0,1378906798.0
1013,1013.csv,8635,8635,2591952,2591952,30.0,8640,5,0,8341,5749,997,997,True,ELIGIBLE,SUCCESS,0,0,0,1376314846.0,1378906798.0
1014,1014.csv,8636,8636,2591952,2591952,30.0,8640,4,0,8341,5749,997,997,True,ELIGIBLE,SUCCESS,0,0,0,1376314846.0,1378906798.0
1015,1015.csv,8636,8636,2591952,2591952,30.0,8640,4,0,8341,5749,997,997,True,ELIGIBLE,SUCCESS,0,0,0,1376314846.0,1378906798.0
1016,1016.csv,8635,8635,2591952,2591952,30.0,8640,5,0,8341,5749,997,997,True,ELIGIBLE,SUCCESS,0,0,0,1376314846.0,1378906798.0
1017,1017.csv,8634,8634,2591952,2591952,30.0,8640,5,1,8041,5449,997,997,True,ELIGIBLE,SUCCESS,0,0,0,1376314846.0,1378906798.0
1018,1018.csv,8636,8636,2591952,2591952,30.0,8640,4,0,8341,5749,997,997,True,ELIGIBLE,SUCCESS,0,0,0,1376314846.0,1378906798.0
1019,1019.csv,8636,8636,2591952,2591952,30.0,8640,4,0,8341,5749,997,997,True,ELIGIBLE,SUCCESS,0,0,0,1376314846.0,1378906798.0
1020,1020.csv,8633,8633,2591952,2591952,30.0,8640,7,0,8341,5749,997,997,True,ELIGIBLE,SUCCESS,0,0,0,1376314846.0,1378906798.0
1021,1021.csv,8632,8632,2591952,2591952,30.0,8640,7,1,8041,5449,997,997,True,ELIGIBLE,SUCCESS,0,0,0,1376314846.0,1378906798.0
1022,1022.csv,8636,8636,2591952,2591952,30.0,8640,4,0,8341,5749,997,997,True,ELIGIBLE,SUCCESS,0,0,0,1376314846.0,1378906798.0
1023,1023.csv,8633,8633,2591952,2591952,30.0,8640,6,1,8041,5449,997,997,True,ELIGIBLE,SUCCESS,0,0,0,1376314846.0,1378906798.0
1024,1024.csv,8615,8615,2591952,2591952,30.0,8640,24,1,8041,5749,997,965,True,ELIGIBLE,SUCCESS,0,0,0,1376314846.0,1378906798.0
1025,1025.csv,8615,8615,2591952,2591952,30.0,8640,24,1,8041,5749,997,965,True,ELIGIBLE,SUCCESS,0,0,0,1376314846.0,1378906798.0
1026,1026.csv,8616,8616,2591952,2591952,30.0,8640,23,1,8041,5749,997,965,True,ELIGIBLE,SUCCESS,0,0,0,1376314846.0,1378906798.0
1027,1027.csv,8636,8636,2591952,2591952,30.0,8640,4,0,8341,5749,997,997,True,ELIGIBLE,SUCCESS,0,0,0,1376314846.0,1378906798.0
1028,1028.csv,8633,8633,2591952,2591952,30.0,8640,7,0,8341,5749,997,997,True,ELIGIBLE,SUCCESS,0,0,0,1376314846.0,1378906798.0
1029,1029.csv,8635,8635,2591952,2591952,30.0,8640,5,0,8341,5749,997,997,True,ELIGIBLE,SUCCESS,0,0,0,1376314846.0,1378906798.0
1030,1030.csv,8636,8636,2591952,2591952,30.0,8640,4,0,8341,5749,997,997,True,ELIGIBLE,SUCCESS,0,0,0,1376314846.0,1378906798.0
1031,1031.csv,8636,8636,2591952,2591952,30.0,8640,4,0,8341,5749,997,997,True,ELIGIBLE,SUCCESS,0,0,0,1376314846.0,1378906798.0
1032,1032.csv,8636,8636,2591952,2591952,30.0,8640,4,0,8341,5749,997,997,True,ELIGIBLE,SUCCESS,0,0,0,1376314846.0,1378906798.0
1033,1033.csv,8636,8636,2591952,2591952,30.0,8640,4,0,8341,5749,997,997,True,ELIGIBLE,SUCCESS,0,0,0,1376314846.0,1378906798.0
1034,1034.csv,1096,1096,328529,328529,3.8,1096,0,0,797,468,0,0,True,ELIGIBLE,SUCCESS,0,0,0,1376314846.0,1376643375.0
1035,1035.csv,8636,8636,2591952,2591952,30.0,8640,4,0,8341,5749,997,997,True,ELIGIBLE,SUCCESS,0,0,0,1376314846.0,1378906798.0
1036,1036.csv,8635,8635,2591952,2591952,30.0,8640,5,0,8341,5749,997,997,True,ELIGIBLE,SUCCESS,0,0,0,1376314846.0,1378906798.0
1037,1037.csv,8634,8634,2591952,2591952,30.0,8640,5,1,8041,5449,997,997,True,ELIGIBLE,SUCCESS,0,0,0,1376314846.0,1378906798.0
1038,1038.csv,8632,8632,2591952,2591952,30.0,8640,7,1,8041,5449,997,997,True,ELIGIBLE,SUCCESS,0,0,0,1376314846.0,1378906798.0
1039,1039.csv,8617,8617,2591952,2591952,30.0,8640,22,1,8041,5749,997,965,True,ELIGIBLE,SUCCESS,0,0,0,1376314846.0,1378906798.0
1040,1040.csv,8615,8615,2591952,2591952,30.0,8640,20,4,7287,5448,575,965,True,ELIGIBLE,SUCCESS,0,0,0,1376314846.0,1378906798.0
1041,1041.csv,8636,8636,2591952,2591952,30.0,8640,4,0,8341,5749,997,997,True,ELIGIBLE,SUCCESS,0,0,0,1376314846.0,1378906798.0
1042,1042.csv,8617,8617,2591952,2591952,30.0,8640,20,2,7740,5448,997,965,True,ELIGIBLE,SUCCESS,0,0,0,1376314846.0,1378906798.0
1043,1043.csv,8634,8634,2591952,2591952,30.0,8640,5,1,8041,5449,997,997,True,ELIGIBLE,SUCCESS,0,0,0,1376314846.0,1378906798.0
1044,1044.csv,8632,8632,2591952,2591952,30.0,8640,7,1,8041,5449,997,997,True,ELIGIBLE,SUCCESS,0,0,0,1376314846.0,1378906798.0
1045,1045.csv,8634,8634,2591952,2591952,30.0,8640,6,0,8341,5749,997,997,True,ELIGIBLE,SUCCESS,0,0,0,1376314846.0,1378906798.0
1046,1046.csv,8635,8635,2591952,2591952,30.0,8640,5,0,8341,5749,997,997,True,ELIGIBLE,SUCCESS,0,0,0,1376314846.0,1378906798.0
1047,1047.csv,8635,8635,2591952,2591952,30.0,8640,5,0,8341,5749,997,997,True,ELIGIBLE,SUCCESS,0,0,0,1376314846.0,1378906798.0
1048,1048.csv,8613,8613,2591952,2591952,30.0,8640,22,4,7287,5448,575,965,True,ELIGIBLE,SUCCESS,0,0,0,1376314846.0,1378906798.0
1049,1049.csv,8617,8617,2591952,2591952,30.0,8640,22,1,8041,5749,997,965,True,ELIGIBLE,SUCCESS,0,0,0,1376314846.0,1378906798.0
1050,1050.csv,8618,8618,2591952,2591952,30.0,8640,19,2,7740,5448,997,965,True,ELIGIBLE,SUCCESS,0,0,0,1376314846.0,1378906798.0
1051,1051.csv,8613,8613,2591952,2591952,30.0,8640,23,3,7554,5448,842,965,True,ELIGIBLE,SUCCESS,0,0,0,1376314846.0,1378906798.0
1052,1052.csv,1926,1926,577555,577555,6.68,1926,0,0,1627,1049,0,0,True,ELIGIBLE,SUCCESS,0,0,0,1377787392.0,1378364947.0
1053,1053.csv,8617,8617,2591952,2591952,30.0,8640,22,1,8041,5749,997,965,True,ELIGIBLE,SUCCESS,0,0,0,1376314846.0,1378906798.0
1054,1054.csv,8537,8537,2567950,2567950,29.72,8560,22,1,7961,5693,985,885,True,ELIGIBLE,SUCCESS,0,0,0,1376314846.0,1378882796.0
1055,1055.csv,8632,8632,2591952,2591952,30.0,8640,8,0,8341,5749,997,997,True,ELIGIBLE,SUCCESS,0,0,0,1376314846.0,1378906798.0
1056,1056.csv,8631,8631,2591952,2591952,30.0,8640,8,1,8041,5449,997,997,True,ELIGIBLE,SUCCESS,0,0,0,1376314846.0,1378906798.0
1057,1057.csv,6608,6608,1990093,1990093,23.03,6634,22,4,5582,4344,0,697,True,ELIGIBLE,SUCCESS,0,0,0,1376916705.0,1378906798.0
1058,1058.csv,8615,8615,2591952,2591952,30.0,8640,24,1,8041,5749,997,965,True,ELIGIBLE,SUCCESS,0,0,0,1376314846.0,1378906798.0
1059,1059.csv,8615,8615,2591952,2591952,30.0,8640,24,1,8041,5749,997,965,True,ELIGIBLE,SUCCESS,0,0,0,1376314846.0,1378906798.0
1060,1060.csv,8619,8619,2591952,2591952,30.0,8640,20,1,8041,5749,997,965,True,ELIGIBLE,SUCCESS,0,0,0,1376314846.0,1378906798.0
1061,1061.csv,8635,8635,2591952,2591952,30.0,8640,5,0,8341,5749,997,997,True,ELIGIBLE,SUCCESS,0,0,0,1376314846.0,1378906798.0
1062,1062.csv,8636,8636,2591952,2591952,30.0,8640,4,0,8341,5749,997,997,True,ELIGIBLE,SUCCESS,0,0,0,1376314846.0,1378906798.0
1063,1063.csv,8616,8616,2591952,2591952,30.0,8640,23,1,8041,5749,997,965,True,ELIGIBLE,SUCCESS,0,0,0,1376314846.0,1378906798.0
1064,1064.csv,8617,8617,2591952,2591952,30.0,8640,20,2,7740,5448,997,965,True,ELIGIBLE,SUCCESS,0,0,0,1376314846.0,1378906798.0
1065,1065.csv,2016,2016,604559,604559,7.0,2016,0,0,1717,1112,3,4,True,ELIGIBLE,SUCCESS,0,0,0,1376314846.0,1376919405.0
1066,1066.csv,8616,8616,2591952,2591952,30.0,8640,21,3,7588,5749,575,965,True,ELIGIBLE,SUCCESS,0,0,0,1376314846.0,1378906798.0
1067,1067.csv,8618,8618,2591952,2591952,30.0,8640,20,2,7855,5749,842,965,True,ELIGIBLE,SUCCESS,0,0,0,1376314846.0,1378906798.0
1068,1068.csv,8634,8634,2591952,2591952,30.0,8640,6,0,8341,5749,997,997,True,ELIGIBLE,SUCCESS,0,0,0,1376314846.0,1378906798.0
1069,1069.csv,8616,8616,2591952,2591952,30.0,8640,19,4,7287,5448,575,965,True,ELIGIBLE,SUCCESS,0,0,0,1376314846.0,1378906798.0
1070,1070.csv,8616,8616,2591952,2591952,30.0,8640,23,1,8041,5749,997,965,True,ELIGIBLE,SUCCESS,0,0,0,1376314846.0,1378906798.0
1071,1071.csv,8616,8616,2591952,2591952,30.0,8640,23,1,8041,5749,997,965,True,ELIGIBLE,SUCCESS,0,0,0,1376314846.0,1378906798.0
1072,1072.csv,8615,8615,2591952,2591952,30.0,8640,22,2,7740,5448,997,965,True,ELIGIBLE,SUCCESS,0,0,0,1376314846.0,1378906798.0
1073,1073.csv,6073,6073,1823266,1823266,21.1,6078,4,1,5479,3655,612,614,True,ELIGIBLE,SUCCESS,0,0,0,1377083532.0,1378906798.0
1074,1074.csv,596,596,178515,178515,2.07,596,0,0,297,118,0,0,True,ELIGIBLE,SUCCESS,0,0,0,1378728283.0,1378906798.0
1075,1075.csv,8633,8633,2591952,2591952,30.0,8640,6,1,8041,5449,997,997,True,ELIGIBLE,SUCCESS,0,0,0,1376314846.0,1378906798.0
1076,1076.csv,7801,7801,2347130,2347130,27.17,7824,22,1,7225,5177,784,876,True,ELIGIBLE,SUCCESS,0,0,0,1376559668.0,1378906798.0
1077,1077.csv,8616,8616,2591952,2591952,30.0,8640,21,2,7740,5448,997,965,True,ELIGIBLE,SUCCESS,0,0,0,1376314846.0,1378906798.0
1078,1078.csv,4073,4073,1221714,1221714,14.14,4073,0,0,3774,2552,311,313,True,ELIGIBLE,SUCCESS,0,0,0,1377685084.0,1378906798.0
1079,1079.csv,8616,8616,2591952,2591952,30.0,8640,19,4,7287,5448,575,965,True,ELIGIBLE,SUCCESS,0,0,0,1376314846.0,1378906798.0
1080,1080.csv,8616,8616,2591952,2591952,30.0,8640,23,1,8041,5749,997,965,True,ELIGIBLE,SUCCESS,0,0,0,1376314846.0,1378906798.0
1081,1081.csv,8619,8619,2591952,2591952,30.0,8640,20,1,8041,5749,997,965,True,ELIGIBLE,SUCCESS,0,0,0,1376314846.0,1378906798.0
1082,1082.csv,8616,8616,2591952,2591952,30.0,8640,23,1,8041,5749,997,965,True,ELIGIBLE,SUCCESS,0,0,0,1376314846.0,1378906798.0
1083,1083.csv,8619,8619,2591952,2591952,30.0,8640,18,2,7740,5448,997,965,True,ELIGIBLE,SUCCESS,0,0,0,1376314846.0,1378906798.0
1084,1084.csv,8631,8631,2591952,2591952,30.0,8640,9,0,8341,5749,997,997,True,ELIGIBLE,SUCCESS,0,0,0,1376314846.0,1378906798.0
1085,1085.csv,8636,8636,2591952,2591952,30.0,8640,4,0,8341,5749,997,997,True,ELIGIBLE,SUCCESS,0,0,0,1376314846.0,1378906798.0
1086,1086.csv,8620,8620,2591952,2591952,30.0,8640,17,2,7740,5448,997,965,True,ELIGIBLE,SUCCESS,0,0,0,1376314846.0,1378906798.0
1087,1087.csv,8613,8613,2591952,2591952,30.0,8640,20,5,7287,5448,575,965,True,ELIGIBLE,SUCCESS,0,0,0,1376314846.0,1378906798.0
1088,1088.csv,8616,8616,2591952,2591952,30.0,8640,19,4,7287,5448,575,965,True,ELIGIBLE,SUCCESS,0,0,0,1376314846.0,1378906798.0
1089,1089.csv,8617,8617,2591952,2591952,30.0,8640,19,3,7554,5448,842,965,True,ELIGIBLE,SUCCESS,0,0,0,1376314846.0,1378906798.0
1090,1090.csv,8619,8619,2591952,2591952,30.0,8640,20,1,8041,5749,997,965,True,ELIGIBLE,SUCCESS,0,0,0,1376314846.0,1378906798.0
1091,1091.csv,8636,8636,2591952,2591952,30.0,8640,4,0,8341,5749,997,997,True,ELIGIBLE,SUCCESS,0,0,0,1376314846.0,1378906798.0
1092,1092.csv,8635,8635,2591952,2591952,30.0,8640,5,0,8341,5749,997,997,True,ELIGIBLE,SUCCESS,0,0,0,1376314846.0,1378906798.0
1093,1093.csv,8634,8634,2591952,2591952,30.0,8640,6,0,8341,5749,997,997,True,ELIGIBLE,SUCCESS,0,0,0,1376314846.0,1378906798.0
1094,1094.csv,8635,8635,2591952,2591952,30.0,8640,5,0,8341,5749,997,997,True,ELIGIBLE,SUCCESS,0,0,0,1376314846.0,1378906798.0
1095,1095.csv,8616,8616,2591952,2591952,30.0,8640,21,3,7588,5749,575,965,True,ELIGIBLE,SUCCESS,0,0,0,1376314846.0,1378906798.0
1096,1096.csv,8617,8617,2591952,2591952,30.0,8640,22,1,8041,5749,997,965,True,ELIGIBLE,SUCCESS,0,0,0,1376314846.0,1378906798.0
1097,1097.csv,8635,8635,2591952,2591952,30.0,8640,5,0,8341,5749,997,997,True,ELIGIBLE,SUCCESS,0,0,0,1376314846.0,1378906798.0
1098,1098.csv,8632,8632,2591952,2591952,30.0,8640,7,1,8041,5449,997,997,True,ELIGIBLE,SUCCESS,0,0,0,1376314846.0,1378906798.0
1099,1099.csv,8635,8635,2591952,2591952,30.0,8640,5,0,8341,5749,997,997,True,ELIGIBLE,SUCCESS,0,0,0,1376314846.0,1378906798.0
1100,1100.csv,8619,8619,2591952,2591952,30.0,8640,20,1,8041,5749,997,965,True,ELIGIBLE,SUCCESS,0,0,0,1376314846.0,1378906798.0
1101,1101.csv,8617,8617,2591952,2591952,30.0,8640,20,2,7740,5448,997,965,True,ELIGIBLE,SUCCESS,0,0,0,1376314846.0,1378906798.0
1102,1102.csv,8632,8632,2591952,2591952,30.0,8640,7,1,8041,5449,997,997,True,ELIGIBLE,SUCCESS,0,0,0,1376314846.0,1378906798.0
1103,1103.csv,8634,8634,2591952,2591952,30.0,8640,6,0,8341,5749,997,997,True,ELIGIBLE,SUCCESS,0,0,0,1376314846.0,1378906798.0
1104,1104.csv,8632,8632,2591952,2591952,30.0,8640,7,1,8041,5449,997,997,True,ELIGIBLE,SUCCESS,0,0,0,1376314846.0,1378906798.0
1105,1105.csv,8635,8635,2591952,2591952,30.0,8640,5,0,8341,5749,997,997,True,ELIGIBLE,SUCCESS,0,0,0,1376314846.0,1378906798.0
1106,1106.csv,8637,8637,2591952,2591952,30.0,8640,3,0,8341,5749,997,997,True,ELIGIBLE,SUCCESS,0,0,0,1376314846.0,1378906798.0
1107,1107.csv,8637,8637,2591952,2591952,30.0,8640,3,0,8341,5749,997,997,True,ELIGIBLE,SUCCESS,0,0,0,1376314846.0,1378906798.0
1108,1108.csv,8635,8635,2591952,2591952,30.0,8640,5,0,8341,5749,997,997,True,ELIGIBLE,SUCCESS,0,0,0,1376314846.0,1378906798.0
1109,1109.csv,8637,8637,2591952,2591952,30.0,8640,3,0,8341,5749,997,997,True,ELIGIBLE,SUCCESS,0,0,0,1376314846.0,1378906798.0
1110,1110.csv,8636,8636,2591952,2591952,30.0,8640,4,0,8341,5749,997,997,True,ELIGIBLE,SUCCESS,0,0,0,1376314846.0,1378906798.0
1111,1111.csv,8632,8632,2591952,2591952,30.0,8640,7,1,8041,5449,997,997,True,ELIGIBLE,SUCCESS,0,0,0,1376314846.0,1378906798.0
1112,1112.csv,8614,8614,2591952,2591952,30.0,8640,23,3,7588,5749,575,965,True,ELIGIBLE,SUCCESS,0,0,0,1376314846.0,1378906798.0
1113,1113.csv,2832,2832,849994,849994,9.84,2834,2,0,2535,1684,126,127,True,ELIGIBLE,SUCCESS,0,0,0,1376314846.0,1377164840.0
1114,1114.csv,8635,8635,2591952,2591952,30.0,8640,5,0,8341,5749,997,997,True,ELIGIBLE,SUCCESS,0,0,0,1376314846.0,1378906798.0
1115,1115.csv,8616,8616,2591952,2591952,30.0,8640,23,1,8041,5749,997,965,True,ELIGIBLE,SUCCESS,0,0,0,1376314846.0,1378906798.0
1116,1116.csv,8632,8632,2591952,2591952,30.0,8640,8,0,8341,5749,997,997,True,ELIGIBLE,SUCCESS,0,0,0,1376314846.0,1378906798.0
1117,1117.csv,8618,8618,2591952,2591952,30.0,8640,20,2,7855,5749,842,965,True,ELIGIBLE,SUCCESS,0,0,0,1376314846.0,1378906798.0
1118,1118.csv,8615,8615,2591952,2591952,30.0,8640,24,1,8041,5749,997,965,True,ELIGIBLE,SUCCESS,0,0,0,1376314846.0,1378906798.0
1119,1119.csv,8615,8615,2591952,2591952,30.0,8640,24,1,8041,5749,997,965,True,ELIGIBLE,SUCCESS,0,0,0,1376314846.0,1378906798.0
1120,1120.csv,8613,8613,2591952,2591952,30.0,8640,22,4,7287,5448,575,965,True,ELIGIBLE,SUCCESS,0,0,0,1376314846.0,1378906798.0
1121,1121.csv,8635,8635,2591952,2591952,30.0,8640,5,0,8341,5749,997,997,True,ELIGIBLE,SUCCESS,0,0,0,1376314846.0,1378906798.0
1122,1122.csv,8612,8612,2591952,2591952,30.0,8640,23,4,7287,5448,575,965,True,ELIGIBLE,SUCCESS,0,0,0,1376314846.0,1378906798.0
1123,1123.csv,8616,8616,2591952,2591952,30.0,8640,20,3,7554,5448,842,965,True,ELIGIBLE,SUCCESS,0,0,0,1376314846.0,1378906798.0
1124,1124.csv,8616,8616,2591952,2591952,30.0,8640,21,2,7740,5448,997,965,True,ELIGIBLE,SUCCESS,0,0,0,1376314846.0,1378906798.0
1125,1125.csv,8616,8616,2591952,2591952,30.0,8640,23,1,8041,5749,997,965,True,ELIGIBLE,SUCCESS,0,0,0,1376314846.0,1378906798.0
1126,1126.csv,8539,8539,2567950,2567950,29.72,8560,20,1,7961,5693,985,885,True,ELIGIBLE,SUCCESS,0,0,0,1376314846.0,1378882796.0
1127,1127.csv,8635,8635,2591952,2591952,30.0,8640,5,0,8341,5749,997,997,True,ELIGIBLE,SUCCESS,0,0,0,1376314846.0,1378906798.0
1128,1128.csv,8635,8635,2591952,2591952,30.0,8640,5,0,8341,5749,997,997,True,ELIGIBLE,SUCCESS,0,0,0,1376314846.0,1378906798.0
1129,1129.csv,8637,8637,2591952,2591952,30.0,8640,3,0,8341,5749,997,997,True,ELIGIBLE,SUCCESS,0,0,0,1376314846.0,1378906798.0
1130,1130.csv,8634,8634,2591952,2591952,30.0,8640,6,0,8341,5749,997,997,True,ELIGIBLE,SUCCESS,0,0,0,1376314846.0,1378906798.0
1131,1131.csv,8636,8636,2591952,2591952,30.0,8640,4,0,8341,5749,997,997,True,ELIGIBLE,SUCCESS,0,0,0,1376314846.0,1378906798.0
1132,1132.csv,6358,6358,1908774,1908774,22.09,6363,5,0,6064,4155,655,656,True,ELIGIBLE,SUCCESS,0,0,0,1376998024.0,1378906798.0
1133,1133.csv,8636,8636,2591952,2591952,30.0,8640,4,0,8341,5749,997,997,True,ELIGIBLE,SUCCESS,0,0,0,1376314846.0,1378906798.0
1134,1134.csv,8635,8635,2591952,2591952,30.0,8640,5,0,8341,5749,997,997,True,ELIGIBLE,SUCCESS,0,0,0,1376314846.0,1378906798.0
1135,1135.csv,8636,8636,2591952,2591952,30.0,8640,4,0,8341,5749,997,997,True,ELIGIBLE,SUCCESS,0,0,0,1376314846.0,1378906798.0
1136,1136.csv,8616,8616,2591952,2591952,30.0,8640,19,4,7287,5448,575,965,True,ELIGIBLE,SUCCESS,0,0,0,1376314846.0,1378906798.0
1137,1137.csv,8634,8634,2591952,2591952,30.0,8640,5,1,8041,5449,997,997,True,ELIGIBLE,SUCCESS,0,0,0,1376314846.0,1378906798.0
1138,1138.csv,8618,8618,2591952,2591952,30.0,8640,19,2,7740,5448,997,965,True,ELIGIBLE,SUCCESS,0,0,0,1376314846.0,1378906798.0
1139,1139.csv,6342,6342,1908774,1908774,22.09,6363,20,1,5764,4155,355,656,True,ELIGIBLE,SUCCESS,0,0,0,1376998024.0,1378906798.0
1140,1140.csv,8617,8617,2591952,2591952,30.0,8640,22,1,8041,5749,997,965,True,ELIGIBLE,SUCCESS,0,0,0,1376314846.0,1378906798.0
1141,1141.csv,8633,8633,2591952,2591952,30.0,8640,6,1,8041,5449,997,997,True,ELIGIBLE,SUCCESS,0,0,0,1376314846.0,1378906798.0
1142,1142.csv,8616,8616,2591952,2591952,30.0,8640,23,1,8041,5749,997,965,True,ELIGIBLE,SUCCESS,0,0,0,1376314846.0,1378906798.0
1143,1143.csv,8635,8635,2591952,2591952,30.0,8640,5,0,8341,5749,997,997,True,ELIGIBLE,SUCCESS,0,0,0,1376314846.0,1378906798.0
1144,1144.csv,6564,6564,1972393,1972393,22.83,6575,11,0,6276,4303,687,688,True,ELIGIBLE,SUCCESS,0,0,0,1376314846.0,1378287239.0
1145,1145.csv,8637,8637,2591952,2591952,30.0,8640,3,0,8341,5749,997,997,True,ELIGIBLE,SUCCESS,0,0,0,1376314846.0,1378906798.0
1146,1146.csv,8619,8619,2591952,2591952,30.0,8640,20,1,8041,5749,997,965,True,ELIGIBLE,SUCCESS,0,0,0,1376314846.0,1378906798.0
1147,1147.csv,8633,8633,2591952,2591952,30.0,8640,6,1,8041,5449,997,997,True,ELIGIBLE,SUCCESS,0,0,0,1376314846.0,1378906798.0
1148,1148.csv,8615,8615,2591952,2591952,30.0,8640,22,2,7740,5448,997,965,True,ELIGIBLE,SUCCESS,0,0,0,1376314846.0,1378906798.0
1149,1149.csv,8632,8632,2591952,2591952,30.0,8640,7,1,8041,5449,997,997,True,ELIGIBLE,SUCCESS,0,0,0,1376314846.0,1378906798.0
1150,1150.csv,8612,8612,2591952,2591952,30.0,8640,23,4,7287,5448,575,965,True,ELIGIBLE,SUCCESS,0,0,0,1376314846.0,1378906798.0
1151,1151.csv,1709,1709,516649,516649,5.98,1723,11,3,965,448,0,0,True,ELIGIBLE,SUCCESS,0,0,0,1378390149.0,1378906798.0
1152,1152.csv,8633,8633,2591952,2591952,30.0,8640,6,1,8041,5449,997,997,True,ELIGIBLE,SUCCESS,0,0,0,1376314846.0,1378906798.0
1153,1153.csv,8635,8635,2591952,2591952,30.0,8640,5,0,8341,5749,997,997,True,ELIGIBLE,SUCCESS,0,0,0,1376314846.0,1378906798.0
1154,1154.csv,8635,8635,2591952,2591952,30.0,8640,5,0,8341,5749,997,997,True,ELIGIBLE,SUCCESS,0,0,0,1376314846.0,1378906798.0
1155,1155.csv,8636,8636,2591952,2591952,30.0,8640,4,0,8341,5749,997,997,True,ELIGIBLE,SUCCESS,0,0,0,1376314846.0,1378906798.0
1156,1156.csv,8635,8635,2591952,2591952,30.0,8640,5,0,8341,5749,997,997,True,ELIGIBLE,SUCCESS,0,0,0,1376314846.0,1378906798.0
1157,1157.csv,4631,4631,1394527,1394527,16.14,4649,16,2,3864,2899,267,399,True,ELIGIBLE,SUCCESS,0,0,0,1377512271.0,1378906798.0
1158,1158.csv,8629,8629,2591952,2591952,30.0,8640,10,1,8041,5449,997,997,True,ELIGIBLE,SUCCESS,0,0,0,1376314846.0,1378906798.0
1159,1159.csv,8635,8635,2591952,2591952,30.0,8640,4,1,8041,5449,997,997,True,ELIGIBLE,SUCCESS,0,0,0,1376314846.0,1378906798.0
1160,1160.csv,8619,8619,2591952,2591952,30.0,8640,20,1,8041,5749,997,965,True,ELIGIBLE,SUCCESS,0,0,0,1376314846.0,1378906798.0
1161,1161.csv,8629,8629,2591952,2591952,30.0,8640,10,1,8041,5449,997,997,True,ELIGIBLE,SUCCESS,0,0,0,1376314846.0,1378906798.0
1162,1162.csv,8616,8616,2591952,2591952,30.0,8640,20,3,7554,5448,842,965,True,ELIGIBLE,SUCCESS,0,0,0,1376314846.0,1378906798.0
1163,1163.csv,8616,8616,2591952,2591952,30.0,8640,19,3,7555,5448,843,965,True,ELIGIBLE,SUCCESS,0,0,0,1376314846.0,1378906798.0
1164,1164.csv,4076,4076,1222614,1222614,14.15,4076,0,0,3777,2554,312,313,True,ELIGIBLE,SUCCESS,0,0,0,1377684184.0,1378906798.0
1165,1165.csv,8619,8619,2591952,2591952,30.0,8640,20,1,8041,5749,997,965,True,ELIGIBLE,SUCCESS,0,0,0,1376314846.0,1378906798.0
1166,1166.csv,8618,8618,2591952,2591952,30.0,8640,21,1,8041,5749,997,965,True,ELIGIBLE,SUCCESS,0,0,0,1376314846.0,1378906798.0
1167,1167.csv,8612,8612,2591952,2591952,30.0,8640,23,4,7287,5448,575,965,True,ELIGIBLE,SUCCESS,0,0,0,1376314846.0,1378906798.0
1168,1168.csv,8635,8635,2591952,2591952,30.0,8640,5,0,8341,5749,997,997,True,ELIGIBLE,SUCCESS,0,0,0,1376314846.0,1378906798.0
1169,1169.csv,8635,8635,2591952,2591952,30.0,8640,5,0,8341,5749,997,997,True,ELIGIBLE,SUCCESS,0,0,0,1376314846.0,1378906798.0
1170,1170.csv,8635,8635,2591952,2591952,30.0,8640,5,0,8341,5749,997,997,True,ELIGIBLE,SUCCESS,0,0,0,1376314846.0,1378906798.0
1171,1171.csv,8632,8632,2591952,2591952,30.0,8640,7,1,8041,5449,997,997,True,ELIGIBLE,SUCCESS,0,0,0,1376314846.0,1378906798.0
1172,1172.csv,8635,8635,2591952,2591952,30.0,8640,5,0,8341,5749,997,997,True,ELIGIBLE,SUCCESS,0,0,0,1376314846.0,1378906798.0
1173,1173.csv,8617,8617,2591952,2591952,30.0,8640,22,1,8041,5749,997,965,True,ELIGIBLE,SUCCESS,0,0,0,1376314846.0,1378906798.0
1174,1174.csv,8636,8636,2591952,2591952,30.0,8640,4,0,8341,5749,997,997,True,ELIGIBLE,SUCCESS,0,0,0,1376314846.0,1378906798.0
1175,1175.csv,8636,8636,2591952,2591952,30.0,8640,4,0,8341,5749,997,997,True,ELIGIBLE,SUCCESS,0,0,0,1376314846.0,1378906798.0
1176,1176.csv,8633,8633,2591952,2591952,30.0,8640,6,1,8041,5449,997,997,True,ELIGIBLE,SUCCESS,0,0,0,1376314846.0,1378906798.0
1177,1177.csv,8618,8618,2591952,2591952,30.0,8640,20,2,7855,5749,842,965,True,ELIGIBLE,SUCCESS,0,0,0,1376314846.0,1378906798.0
1178,1178.csv,8635,8635,2591952,2591952,30.0,8640,4,1,8041,5449,997,997,True,ELIGIBLE,SUCCESS,0,0,0,1376314846.0,1378906798.0
1179,1179.csv,8617,8617,2591952,2591952,30.0,8640,19,3,7440,5448,697,965,True,ELIGIBLE,SUCCESS,0,0,0,1376314846.0,1378906798.0
1180,1180.csv,8632,8632,2591952,2591952,30.0,8640,7,1,8041,5449,997,997,True,ELIGIBLE,SUCCESS,0,0,0,1376314846.0,1378906798.0
1181,1181.csv,8635,8635,2591952,2591952,30.0,8640,4,1,8041,5449,997,997,True,ELIGIBLE,SUCCESS,0,0,0,1376314846.0,1378906798.0
1182,1182.csv,8636,8636,2591952,2591952,30.0,8640,4,0,8341,5749,997,997,True,ELIGIBLE,SUCCESS,0,0,0,1376314846.0,1378906798.0
1183,1183.csv,8635,8635,2591952,2591952,30.0,8640,4,1,8041,5449,997,997,True,ELIGIBLE,SUCCESS,0,0,0,1376314846.0,1378906798.0
1184,1184.csv,8617,8617,2591952,2591952,30.0,8640,19,3,7440,5448,697,965,True,ELIGIBLE,SUCCESS,0,0,0,1376314846.0,1378906798.0
1185,1185.csv,8632,8632,2591952,2591952,30.0,8640,7,1,8041,5449,997,997,True,ELIGIBLE,SUCCESS,0,0,0,1376314846.0,1378906798.0
1186,1186.csv,8632,8632,2591952,2591952,30.0,8640,7,1,8041,5449,997,997,True,ELIGIBLE,SUCCESS,0,0,0,1376314846.0,1378906798.0
1187,1187.csv,8612,8612,2591952,2591952,30.0,8640,23,4,7287,5448,575,965,True,ELIGIBLE,SUCCESS,0,0,0,1376314846.0,1378906798.0
1188,1188.csv,8617,8617,2591952,2591952,30.0,8640,20,2,7740,5448,997,965,True,ELIGIBLE,SUCCESS,0,0,0,1376314846.0,1378906798.0
1189,1189.csv,8616,8616,2591952,2591952,30.0,8640,21,2,7740,5448,997,965,True,ELIGIBLE,SUCCESS,0,0,0,1376314846.0,1378906798.0
1190,1190.csv,8636,8636,2591952,2591952,30.0,8640,4,0,8341,5749,997,997,True,ELIGIBLE,SUCCESS,0,0,0,1376314846.0,1378906798.0
1191,1191.csv,8637,8637,2591952,2591952,30.0,8640,3,0,8341,5749,997,997,True,ELIGIBLE,SUCCESS,0,0,0,1376314846.0,1378906798.0
1192,1192.csv,8632,8632,2591952,2591952,30.0,8640,7,1,8041,5449,997,997,True,ELIGIBLE,SUCCESS,0,0,0,1376314846.0,1378906798.0
1193,1193.csv,8634,8634,2591952,2591952,30.0,8640,6,0,8341,5749,997,997,True,ELIGIBLE,SUCCESS,0,0,0,1376314846.0,1378906798.0
1194,1194.csv,8635,8635,2591952,2591952,30.0,8640,5,0,8341,5749,997,997,True,ELIGIBLE,SUCCESS,0,0,0,1376314846.0,1378906798.0
1195,1195.csv,8636,8636,2591952,2591952,30.0,8640,4,0,8341,5749,997,997,True,ELIGIBLE,SUCCESS,0,0,0,1376314846.0,1378906798.0
1196,1196.csv,8619,8619,2591952,2591952,30.0,8640,19,2,7855,5749,842,965,True,ELIGIBLE,SUCCESS,0,0,0,1376314846.0,1378906798.0
1197,1197.csv,8633,8633,2591952,2591952,30.0,8640,7,0,8341,5749,997,997,True,ELIGIBLE,SUCCESS,0,0,0,1376314846.0,1378906798.0
1198,1198.csv,8636,8636,2591952,2591952,30.0,8640,4,0,8341,5749,997,997,True,ELIGIBLE,SUCCESS,0,0,0,1376314846.0,1378906798.0
1199,1199.csv,8613,8613,2591952,2591952,30.0,8640,22,4,7287,5448,575,965,True,ELIGIBLE,SUCCESS,0,0,0,1376314846.0,1378906798.0
1200,1200.csv,8632,8632,2591952,2591952,30.0,8640,7,1,8041,5449,997,997,True,ELIGIBLE,SUCCESS,0,0,0,1376314846.0,1378906798.0
1201,1201.csv,8616,8616,2591952,2591952,30.0,8640,23,1,8041,5749,997,965,True,ELIGIBLE,SUCCESS,0,0,0,1376314846.0,1378906798.0
1202,1202.csv,8615,8615,2591952,2591952,30.0,8640,24,1,8041,5749,997,965,True,ELIGIBLE,SUCCESS,0,0,0,1376314846.0,1378906798.0
1203,1203.csv,8617,8617,2591952,2591952,30.0,8640,20,2,7740,5448,997,965,True,ELIGIBLE,SUCCESS,0,0,0,1376314846.0,1378906798.0
1204,1204.csv,8615,8615,2591952,2591952,30.0,8640,20,4,7287,5448,575,965,True,ELIGIBLE,SUCCESS,0,0,0,1376314846.0,1378906798.0
1205,1205.csv,8635,8635,2591952,2591952,30.0,8640,5,0,8341,5749,997,997,True,ELIGIBLE,SUCCESS,0,0,0,1376314846.0,1378906798.0
1206,1206.csv,8634,8634,2591952,2591952,30.0,8640,6,0,8341,5749,997,997,True,ELIGIBLE,SUCCESS,0,0,0,1376314846.0,1378906798.0
1207,1207.csv,8633,8633,2591952,2591952,30.0,8640,7,0,8341,5749,997,997,True,ELIGIBLE,SUCCESS,0,0,0,1376314846.0,1378906798.0
1208,1208.csv,8635,8635,2591952,2591952,30.0,8640,5,0,8341,5749,997,997,True,ELIGIBLE,SUCCESS,0,0,0,1376314846.0,1378906798.0
1209,1209.csv,117,117,34803,34803,0.4,117,0,0,0,0,0,0,False,ACTIVE_DURATION_UNDER_25H (117 steps < 300),SUCCESS,0,0,0,1377553674.0,1377588477.0
1210,1210.csv,4329,4329,1303020,1303020,15.08,4344,14,1,3745,2741,312,354,True,ELIGIBLE,SUCCESS,0,0,0,1377603778.0,1378906798.0
1211,1211.csv,39,39,11401,11401,0.13,39,0,0,0,0,0,0,False,ACTIVE_DURATION_UNDER_25H (39 steps < 300),SUCCESS,0,0,0,1377590877.0,1377602278.0
1212,1212.csv,4244,4244,1275731,1275731,14.77,4253,9,0,3954,2678,338,340,True,ELIGIBLE,SUCCESS,0,0,0,1376314846.0,1377590577.0
1213,1213.csv,23690,1102,330629,330629,3.83,1103,1,0,804,473,0,0,True,ELIGIBLE,SUCCESS,0,22588,0,1376314846.0,1376645475.0
1214,1214.csv,13086,6398,1921387,1921387,22.24,6405,7,0,6106,4184,661,663,True,ELIGIBLE,SUCCESS,0,6688,0,1376314846.0,1378236233.0
1215,1215.csv,8618,8618,2591952,2591952,30.0,8640,19,2,7740,5448,997,965,True,ELIGIBLE,SUCCESS,0,0,0,1376314846.0,1378906798.0
1216,1216.csv,8636,8636,2591952,2591952,30.0,8640,4,0,8341,5749,997,997,True,ELIGIBLE,SUCCESS,0,0,0,1376314846.0,1378906798.0
1217,1217.csv,8632,8632,2591952,2591952,30.0,8640,7,1,8041,5449,997,997,True,ELIGIBLE,SUCCESS,0,0,0,1376314846.0,1378906798.0
1218,1218.csv,15663,5103,1534351,1534351,17.76,5115,10,1,4515,3281,167,469,True,ELIGIBLE,SUCCESS,0,10560,0,1376314846.0,1377849197.0
1219,1219.csv,8634,8634,2591952,2591952,30.0,8640,5,1,8041,5449,997,997,True,ELIGIBLE,SUCCESS,0,0,0,1376314846.0,1378906798.0
1220,1220.csv,8616,8616,2591952,2591952,30.0,8640,20,3,7440,5448,697,965,True,ELIGIBLE,SUCCESS,0,0,0,1376314846.0,1378906798.0
1221,1221.csv,8618,8618,2591952,2591952,30.0,8640,19,2,7740,5448,997,965,True,ELIGIBLE,SUCCESS,0,0,0,1376314846.0,1378906798.0
1222,1222.csv,8620,8620,2591952,2591952,30.0,8640,19,1,8041,5749,997,965,True,ELIGIBLE,SUCCESS,0,0,0,1376314846.0,1378906798.0
1223,1223.csv,4021,4018,1205813,1205813,13.96,4020,2,0,3721,2515,304,304,True,ELIGIBLE,SUCCESS,3,0,0,1377700985.0,1378906798.0
1224,1224.csv,6601,6593,1984092,1984092,22.96,6614,19,2,5829,4330,235,694,True,ELIGIBLE,SUCCESS,8,0,0,1376922706.0,1378906798.0
1225,1225.csv,8635,8635,2591952,2591952,30.0,8640,5,0,8341,5749,997,997,True,ELIGIBLE,SUCCESS,0,0,0,1376314846.0,1378906798.0
1226,1226.csv,8637,8637,2591952,2591952,30.0,8640,3,0,8341,5749,997,997,True,ELIGIBLE,SUCCESS,0,0,0,1376314846.0,1378906798.0
1227,1227.csv,8633,8633,2591952,2591952,30.0,8640,6,1,8041,5449,997,997,True,ELIGIBLE,SUCCESS,0,0,0,1376314846.0,1378906798.0
1228,1228.csv,8635,8635,2591952,2591952,30.0,8640,5,0,8341,5749,997,997,True,ELIGIBLE,SUCCESS,0,0,0,1376314846.0,1378906798.0
1229,1229.csv,8637,8637,2591952,2591952,30.0,8640,3,0,8341,5749,997,997,True,ELIGIBLE,SUCCESS,0,0,0,1376314846.0,1378906798.0
1230,1230.csv,8613,8613,2591952,2591952,30.0,8640,25,2,7855,5749,842,965,True,ELIGIBLE,SUCCESS,0,0,0,1376314846.0,1378906798.0
1231,1231.csv,8637,8637,2591952,2591952,30.0,8640,3,0,8341,5749,997,997,True,ELIGIBLE,SUCCESS,0,0,0,1376314846.0,1378906798.0
1232,1232.csv,8633,8633,2591952,2591952,30.0,8640,7,0,8341,5749,997,997,True,ELIGIBLE,SUCCESS,0,0,0,1376314846.0,1378906798.0
1233,1233.csv,8637,8637,2591952,2591952,30.0,8640,3,0,8341,5749,997,997,True,ELIGIBLE,SUCCESS,0,0,0,1376314846.0,1378906798.0
1234,1234.csv,5754,5749,1731457,1731457,20.04,5772,22,1,5173,3741,266,568,True,ELIGIBLE,SUCCESS,5,0,0,1377175341.0,1378906798.0
1235,1235.csv,1927,1916,574555,574555,6.65,1916,0,0,1617,1042,0,0,True,ELIGIBLE,SUCCESS,11,0,0,1377789192.0,1378363747.0
1236,1236.csv,8635,8635,2591952,2591952,30.0,8640,5,0,8341,5749,997,997,True,ELIGIBLE,SUCCESS,0,0,0,1376314846.0,1378906798.0
1237,1237.csv,8634,8634,2591952,2591952,30.0,8640,6,0,8341,5749,997,997,True,ELIGIBLE,SUCCESS,0,0,0,1376314846.0,1378906798.0
1238,1238.csv,8634,8634,2591952,2591952,30.0,8640,5,1,8041,5449,997,997,True,ELIGIBLE,SUCCESS,0,0,0,1376314846.0,1378906798.0
1239,1239.csv,8632,272,81907,81907,0.95,274,2,0,0,0,0,0,False,ACTIVE_DURATION_UNDER_25H (274 steps < 300),SUCCESS,8360,0,0,1378824891.0,1378906798.0
1240,1240.csv,8632,275,82207,82207,0.95,275,0,0,0,0,0,0,False,ACTIVE_DURATION_UNDER_25H (275 steps < 300),SUCCESS,8357,0,0,1378824591.0,1378906798.0
1241,1241.csv,8633,274,81907,81907,0.95,274,0,0,0,0,0,0,False,ACTIVE_DURATION_UNDER_25H (274 steps < 300),SUCCESS,8359,0,0,1378824891.0,1378906798.0
1242,1242.csv,8635,272,81907,81907,0.95,274,2,0,0,0,0,0,False,ACTIVE_DURATION_UNDER_25H (274 steps < 300),SUCCESS,8363,0,0,1378824891.0,1378906798.0
1243,1243.csv,8633,274,81907,81907,0.95,274,0,0,0,0,0,0,False,ACTIVE_DURATION_UNDER_25H (274 steps < 300),SUCCESS,8359,0,0,1378824891.0,1378906798.0
1244,1244.csv,8636,274,81907,81907,0.95,274,0,0,0,0,0,0,False,ACTIVE_DURATION_UNDER_25H (274 steps < 300),SUCCESS,8362,0,0,1378824891.0,1378906798.0
1245,1245.csv,8637,274,81907,81907,0.95,274,0,0,0,0,0,0,False,ACTIVE_DURATION_UNDER_25H (274 steps < 300),SUCCESS,8363,0,0,1378824891.0,1378906798.0
1246,1246.csv,8634,274,81907,81907,0.95,274,0,0,0,0,0,0,False,ACTIVE_DURATION_UNDER_25H (274 steps < 300),SUCCESS,8360,0,0,1378824891.0,1378906798.0
1247,1247.csv,8633,274,81907,81907,0.95,274,0,0,0,0,0,0,False,ACTIVE_DURATION_UNDER_25H (274 steps < 300),SUCCESS,8359,0,0,1378824891.0,1378906798.0
1248,1248.csv,8634,274,81907,81907,0.95,274,0,0,0,0,0,0,False,ACTIVE_DURATION_UNDER_25H (274 steps < 300),SUCCESS,8360,0,0,1378824891.0,1378906798.0
1249,1249.csv,8636,274,81907,81907,0.95,274,0,0,0,0,0,0,False,ACTIVE_DURATION_UNDER_25H (274 steps < 300),SUCCESS,8362,0,0,1378824891.0,1378906798.0
1250,1250.csv,8631,274,81907,81907,0.95,274,0,0,0,0,0,0,False,ACTIVE_DURATION_UNDER_25H (274 steps < 300),SUCCESS,8357,0,0,1378824891.0,1378906798.0
