vm_id,decision_timestamp,current_cpu,predicted_cpu_t5m,predicted_cpu_t10m,predicted_cpu_t15m,predicted_cpu_t30m,predicted_cpu_t45m,predicted_cpu_t60m,predicted_mean_cpu,predicted_peak_cpu,predicted_std_cpu,volatility_score,risk_score,risk_state
VM_001,1378604100,0.75,0.6966,0.715,0.7322,0.6997,0.7211,0.7274,0.7157,0.7322,0.0104,0.056,0.035,LOW
VM_001,1378604400,0.6333,0.7005,0.7187,0.7358,0.7028,0.7234,0.7292,0.7184,0.7358,0.0103,0.0562,0.0348,LOW
VM_001,1378604700,0.5667,0.7027,0.7207,0.7379,0.7043,0.7242,0.7296,0.7197,0.7379,0.0103,0.0588,0.035,LOW
VM_001,1378605000,0.6167,0.7043,0.7221,0.7393,0.7052,0.7244,0.7295,0.7202,0.7393,0.0102,0.0573,0.0346,LOW
VM_001,1378605300,0.6333,0.7054,0.7229,0.7402,0.7056,0.7242,0.729,0.7203,0.7402,0.0103,0.0562,0.0344,LOW
VM_001,1378605600,0.7,0.707,0.7243,0.7416,0.7064,0.7244,0.7291,0.7209,0.7416,0.0103,0.0562,0.0347,LOW
VM_001,1378605900,0.6833,0.7081,0.7251,0.7426,0.7068,0.7243,0.729,0.7211,0.7426,0.0104,0.0552,0.035,LOW
VM_001,1378606200,0.7167,0.7095,0.7262,0.7437,0.7075,0.7245,0.7293,0.7216,0.7437,0.0105,0.0558,0.0354,LOW
VM_001,1378606500,0.5,0.7088,0.7255,0.7431,0.7065,0.723,0.7277,0.7203,0.7431,0.0106,0.0636,0.0368,LOW
VM_001,1378606800,0.6833,0.7085,0.7249,0.7427,0.7056,0.7217,0.7265,0.7192,0.7427,0.0108,0.0597,0.0367,LOW
VM_001,1378607100,0.7167,0.7087,0.7249,0.7428,0.7053,0.721,0.7259,0.7187,0.7428,0.0109,0.0597,0.0377,LOW
VM_001,1378607400,0.6167,0.7081,0.7241,0.7422,0.7042,0.7197,0.7247,0.7175,0.7422,0.011,0.0597,0.0387,LOW
VM_001,1378607700,0.55,0.7063,0.7223,0.7405,0.7022,0.7173,0.7225,0.7153,0.7405,0.0111,0.0637,0.0401,LOW
VM_001,1378608000,0.6333,0.7046,0.7204,0.7388,0.7001,0.715,0.7204,0.7132,0.7388,0.0113,0.061,0.0405,LOW
VM_001,1378608300,0.65,0.703,0.7187,0.7373,0.6982,0.7128,0.7184,0.7111,0.7373,0.0114,0.0604,0.0413,LOW
VM_001,1378608600,0.6167,0.7012,0.7168,0.7355,0.696,0.7105,0.7162,0.7089,0.7355,0.0115,0.0603,0.042,LOW
VM_001,1378608900,0.7,0.7,0.7155,0.7342,0.6944,0.7088,0.7147,0.7073,0.7342,0.0117,0.061,0.0427,LOW
VM_001,1378609200,0.6667,0.6989,0.7143,0.7331,0.6929,0.7073,0.7134,0.7058,0.7331,0.0118,0.0588,0.043,LOW
VM_001,1378609500,0.7167,0.6983,0.7137,0.7326,0.692,0.7063,0.7127,0.7049,0.7326,0.0119,0.0599,0.0436,LOW
VM_001,1378609800,0.7,0.6979,0.7131,0.732,0.6912,0.7056,0.7122,0.7041,0.732,0.012,0.0604,0.044,LOW
VM_001,1378610100,0.6333,0.6973,0.7125,0.7314,0.6903,0.7047,0.7116,0.7033,0.7314,0.0121,0.06,0.0443,LOW
VM_001,1378610400,0.6167,0.6963,0.7114,0.7303,0.689,0.7035,0.7105,0.702,0.7303,0.0121,0.0591,0.0444,LOW
VM_001,1378610700,0.65,0.6953,0.7104,0.7293,0.6877,0.7023,0.7095,0.7008,0.7293,0.0122,0.0588,0.0446,LOW
VM_001,1378611000,0.6667,0.6946,0.7096,0.7285,0.6867,0.7014,0.7087,0.6999,0.7285,0.0123,0.0585,0.0448,LOW
VM_001,1378611300,0.6,0.6935,0.7085,0.7273,0.6852,0.7001,0.7076,0.6985,0.7273,0.0123,0.0553,0.0446,LOW
VM_001,1378611600,0.6667,0.6928,0.7077,0.7264,0.6841,0.6992,0.7068,0.6975,0.7264,0.0124,0.0554,0.0448,LOW
VM_001,1378611900,0.5667,0.6915,0.7063,0.725,0.6824,0.6977,0.7053,0.696,0.725,0.0125,0.0554,0.045,LOW
VM_001,1378612200,0.6,0.6901,0.7049,0.7235,0.6807,0.6962,0.7038,0.6944,0.7235,0.0125,0.0559,0.0452,LOW
VM_001,1378612500,0.65,0.689,0.7037,0.7223,0.6792,0.6948,0.7026,0.693,0.7223,0.0126,0.0559,0.0454,LOW
VM_001,1378612800,0.7167,0.6891,0.7037,0.7221,0.6787,0.6946,0.7024,0.6928,0.7221,0.0127,0.0567,0.0457,LOW
VM_001,1378613100,0.7333,0.6899,0.7044,0.7226,0.679,0.6951,0.703,0.6932,0.7226,0.0127,0.059,0.046,LOW
VM_001,1378613400,0.6667,0.6908,0.7052,0.7233,0.6794,0.6957,0.7038,0.6938,0.7233,0.0128,0.0573,0.0459,LOW
VM_001,1378613700,0.65,0.6917,0.706,0.7239,0.6799,0.6964,0.7045,0.6944,0.7239,0.0128,0.0481,0.0447,LOW
VM_001,1378614000,0.6167,0.6924,0.7066,0.7242,0.6801,0.6968,0.705,0.6948,0.7242,0.0129,0.0482,0.0447,LOW
VM_001,1378614300,0.65,0.6932,0.7073,0.7248,0.6805,0.6974,0.7056,0.6953,0.7248,0.0129,0.046,0.0444,LOW
VM_001,1378614600,0.6833,0.6944,0.7097,0.7273,0.6833,0.6995,0.7072,0.6973,0.7273,0.0129,0.0461,0.0447,LOW
VM_001,1378614900,0.6333,0.6951,0.7098,0.7274,0.683,0.7002,0.7082,0.6976,0.7274,0.013,0.0411,0.0439,LOW
VM_001,1378615200,0.65,0.698,0.7142,0.732,0.688,0.7045,0.7117,0.7017,0.732,0.0129,0.0409,0.044,LOW
VM_001,1378615500,0.6833,0.6999,0.7155,0.7333,0.689,0.7067,0.7141,0.7033,0.7333,0.0129,0.0413,0.0437,LOW
VM_001,1378615800,0.6333,0.7039,0.7201,0.7377,0.6937,0.7113,0.7183,0.7078,0.7377,0.0129,0.0408,0.0435,LOW
VM_001,1378616100,0.6833,0.7072,0.7226,0.7399,0.6956,0.7141,0.7212,0.7103,0.7399,0.0129,0.0401,0.0432,LOW
VM_001,1378616400,0.7167,0.7115,0.7269,0.7438,0.6997,0.7179,0.7247,0.7142,0.7438,0.0129,0.042,0.0434,LOW
VM_001,1378616700,0.5667,0.7138,0.729,0.7455,0.7014,0.7196,0.7262,0.716,0.7455,0.0129,0.0439,0.0438,LOW
VM_001,1378617000,0.6,0.7157,0.7307,0.7469,0.7027,0.7208,0.7272,0.7174,0.7469,0.013,0.0439,0.044,LOW
VM_001,1378617300,0.6167,0.7174,0.7321,0.7479,0.7036,0.7216,0.7278,0.7183,0.7479,0.0131,0.0442,0.0443,LOW
VM_001,1378617600,0.5833,0.7186,0.733,0.7485,0.704,0.7219,0.7278,0.7188,0.7485,0.0132,0.0457,0.0448,LOW
VM_001,1378617900,0.6333,0.7198,0.7339,0.7492,0.7044,0.7221,0.728,0.7194,0.7492,0.0133,0.0458,0.0452,LOW
VM_001,1378618200,0.7,0.7217,0.7353,0.7503,0.7054,0.7229,0.7287,0.7204,0.7503,0.0134,0.0469,0.0457,LOW
VM_001,1378618500,0.65,0.7225,0.7351,0.7498,0.7054,0.7225,0.7288,0.7203,0.7498,0.0134,0.0459,0.0454,LOW
VM_001,1378618800,0.5667,0.724,0.7361,0.7504,0.7056,0.7225,0.7283,0.7207,0.7504,0.0135,0.0486,0.0464,LOW
VM_001,1378619100,0.65,0.7245,0.7369,0.7512,0.7065,0.7227,0.7282,0.7211,0.7512,0.0136,0.0458,0.0465,LOW
VM_001,1378619400,0.5333,0.7245,0.7368,0.7511,0.7062,0.7223,0.7277,0.7208,0.7511,0.0137,0.0505,0.0475,LOW
VM_001,1378619700,0.6833,0.7263,0.7378,0.7518,0.7066,0.7228,0.7286,0.7216,0.7518,0.0138,0.0511,0.0477,LOW
VM_001,1378620000,0.6667,0.7286,0.7402,0.7539,0.7088,0.7243,0.7302,0.7236,0.7539,0.0139,0.0491,0.0477,LOW
VM_001,1378620300,0.6833,0.7304,0.7418,0.7552,0.71,0.7252,0.7312,0.7248,0.7552,0.014,0.0461,0.0476,LOW
VM_001,1378620600,0.5833,0.7318,0.743,0.7563,0.7111,0.7258,0.7319,0.7258,0.7563,0.0141,0.0473,0.0479,LOW
VM_001,1378620900,0.6167,0.7331,0.7441,0.7571,0.712,0.7262,0.7324,0.7266,0.7571,0.0141,0.0474,0.0481,LOW
VM_001,1378621200,0.6167,0.7342,0.7451,0.7579,0.7128,0.7265,0.7328,0.7274,0.7579,0.0142,0.0474,0.0484,LOW
VM_001,1378621500,0.6667,0.7357,0.7463,0.759,0.7138,0.7271,0.7335,0.7283,0.759,0.0143,0.0477,0.0486,LOW
VM_001,1378621800,0.6333,0.7372,0.7477,0.7601,0.715,0.7278,0.7342,0.7294,0.7601,0.0144,0.0467,0.0487,LOW
VM_001,1378622100,0.5833,0.7381,0.7484,0.7607,0.7156,0.7279,0.7344,0.7299,0.7607,0.0144,0.0479,0.0491,LOW
VM_001,1378622400,0.5833,0.7388,0.749,0.7611,0.7161,0.7278,0.7343,0.7303,0.7611,0.0145,0.0488,0.0494,LOW
VM_001,1378622700,0.7167,0.7402,0.7501,0.762,0.7171,0.7283,0.7349,0.7312,0.762,0.0146,0.0508,0.0499,LOW
VM_001,1378623000,0.65,0.7417,0.7515,0.7632,0.7184,0.7289,0.7356,0.7323,0.7632,0.0147,0.051,0.0501,LOW
VM_001,1378623300,0.7,0.7436,0.7531,0.7646,0.7199,0.7298,0.7366,0.7337,0.7646,0.0147,0.0518,0.0504,LOW
VM_001,1378623600,0.7167,0.7459,0.7552,0.7663,0.7219,0.7311,0.738,0.7354,0.7663,0.0148,0.0518,0.0506,LOW
VM_001,1378623900,0.6333,0.7478,0.7569,0.7679,0.7236,0.7322,0.7391,0.7369,0.7679,0.0149,0.0498,0.0504,LOW
VM_001,1378624200,0.6,0.749,0.7579,0.7687,0.7247,0.7325,0.7396,0.7378,0.7687,0.0149,0.0498,0.0506,LOW
VM_001,1378624500,0.6667,0.7505,0.7592,0.7697,0.726,0.7332,0.7402,0.7389,0.7697,0.015,0.05,0.0508,LOW
VM_001,1378624800,0.5833,0.7513,0.7599,0.7702,0.7267,0.7331,0.7402,0.7393,0.7702,0.0151,0.05,0.051,LOW
VM_001,1378625100,0.65,0.7522,0.7605,0.7706,0.7274,0.733,0.7401,0.7397,0.7706,0.0152,0.05,0.0512,LOW
VM_001,1378625400,0.7167,0.7535,0.7615,0.7714,0.7285,0.7333,0.7405,0.7405,0.7714,0.0153,0.051,0.0515,LOW
VM_001,1378625700,0.6833,0.7549,0.7626,0.7723,0.7296,0.7336,0.7409,0.7413,0.7723,0.0154,0.0518,0.0518,LOW
VM_001,1378626000,0.5833,0.7556,0.763,0.7725,0.7301,0.7332,0.7406,0.7415,0.7725,0.0155,0.0508,0.0519,LOW
VM_001,1378626300,0.5833,0.7557,0.7629,0.7721,0.7301,0.7324,0.7398,0.7412,0.7721,0.0156,0.0522,0.0523,LOW
VM_001,1378626600,0.5833,0.7554,0.7623,0.7713,0.7297,0.731,0.7385,0.7404,0.7713,0.0158,0.0486,0.0521,LOW
VM_001,1378626900,0.65,0.7545,0.7622,0.7714,0.7303,0.7307,0.7374,0.7402,0.7714,0.0158,0.0479,0.0521,LOW
VM_001,1378627200,0.7333,0.7551,0.7616,0.7707,0.7294,0.7293,0.7366,0.7394,0.7707,0.016,0.0513,0.0531,LOW
VM_001,1378627500,0.7167,0.757,0.7636,0.7723,0.7315,0.7301,0.7376,0.741,0.7723,0.0162,0.0529,0.0535,LOW
VM_001,1378627800,0.6,0.7572,0.7636,0.772,0.7316,0.7292,0.7368,0.7407,0.772,0.0164,0.0522,0.0537,LOW
VM_001,1378628100,0.6333,0.7572,0.7633,0.7715,0.7315,0.728,0.7357,0.7402,0.7715,0.0165,0.0519,0.054,LOW
VM_001,1378628400,0.6833,0.7573,0.7631,0.771,0.7314,0.7269,0.7347,0.7397,0.771,0.0167,0.0521,0.0543,LOW
VM_001,1378628700,0.5833,0.7568,0.7623,0.77,0.7307,0.7251,0.7331,0.7386,0.77,0.017,0.0535,0.0548,LOW
VM_001,1378629000,0.6333,0.7561,0.7612,0.7688,0.7298,0.7232,0.7313,0.7373,0.7688,0.0172,0.0535,0.0551,LOW
VM_001,1378629300,0.6,0.7552,0.7599,0.7672,0.7287,0.7209,0.7292,0.7358,0.7672,0.0174,0.0528,0.0554,LOW
VM_001,1378629600,0.5833,0.7538,0.7582,0.7653,0.727,0.7182,0.7268,0.7338,0.7653,0.0177,0.0528,0.0557,LOW
VM_001,1378629900,0.6333,0.7526,0.7567,0.7636,0.7256,0.7157,0.7245,0.732,0.7636,0.018,0.0506,0.0558,LOW
VM_001,1378630200,0.6667,0.7517,0.7554,0.7621,0.7244,0.7134,0.7224,0.7304,0.7621,0.0182,0.0508,0.0562,LOW
VM_001,1378630500,0.7,0.7513,0.7545,0.761,0.7237,0.7116,0.7209,0.7293,0.761,0.0185,0.0508,0.0565,LOW
VM_001,1378630800,0.7,0.7513,0.7541,0.7603,0.7233,0.7102,0.7197,0.7285,0.7603,0.0188,0.0499,0.0567,LOW
VM_001,1378631100,0.7,0.7502,0.7536,0.7599,0.7234,0.7096,0.7185,0.7279,0.7599,0.0188,0.0512,0.0568,LOW
VM_001,1378631400,0.6333,0.7499,0.7524,0.7585,0.7221,0.7074,0.7168,0.7265,0.7585,0.0191,0.0504,0.0572,LOW
VM_001,1378631700,0.65,0.7502,0.7529,0.7588,0.7229,0.7072,0.7167,0.7268,0.7588,0.0193,0.0502,0.0572,LOW
VM_001,1378632000,0.7167,0.7512,0.7532,0.7588,0.723,0.7063,0.7162,0.7267,0.7588,0.0196,0.0505,0.0577,LOW
VM_001,1378632300,0.7167,0.7525,0.7545,0.7598,0.7245,0.7067,0.7167,0.7277,0.7598,0.0198,0.0522,0.058,LOW
VM_001,1378632600,0.7,0.7537,0.7553,0.7603,0.7252,0.7065,0.7167,0.7281,0.7603,0.0201,0.0515,0.0582,LOW
VM_001,1378632900,0.65,0.7548,0.7562,0.7608,0.7261,0.7065,0.7167,0.7287,0.7608,0.0203,0.0511,0.0584,LOW
VM_001,1378633200,0.5,0.7548,0.7559,0.7604,0.7259,0.7054,0.7157,0.7282,0.7604,0.0206,0.0582,0.0596,LOW
VM_001,1378633500,0.5833,0.7546,0.7555,0.7597,0.7255,0.7042,0.7145,0.7274,0.7597,0.0209,0.0582,0.0599,LOW
VM_001,1378633800,0.7167,0.7552,0.7557,0.7597,0.7256,0.7035,0.7139,0.7273,0.7597,0.0212,0.0581,0.0602,LOW
VM_001,1378634100,0.65,0.7547,0.7554,0.7594,0.7256,0.703,0.713,0.7269,0.7594,0.0212,0.0581,0.0602,LOW
VM_001,1378634400,0.7167,0.7563,0.7561,0.7597,0.7258,0.7023,0.7128,0.7271,0.7597,0.0217,0.0572,0.0608,LOW
VM_001,1378634700,0.7,0.7584,0.7582,0.7615,0.728,0.7037,0.7142,0.7289,0.7615,0.0219,0.0565,0.0607,LOW
VM_001,1378635000,0.6167,0.7596,0.7591,0.7621,0.7287,0.7037,0.7142,0.7295,0.7621,0.0222,0.056,0.0609,LOW
VM_001,1378635300,0.6333,0.7611,0.7603,0.7632,0.7299,0.7042,0.7147,0.7305,0.7632,0.0224,0.056,0.0611,LOW
VM_001,1378635600,0.6667,0.7626,0.7615,0.7641,0.731,0.7047,0.7152,0.7314,0.7641,0.0227,0.0557,0.0614,LOW
VM_001,1378635900,0.7333,0.7647,0.7633,0.7657,0.7327,0.7057,0.7163,0.7329,0.7657,0.0229,0.056,0.0616,LOW
VM_001,1378636200,0.6667,0.7669,0.7653,0.7674,0.7345,0.707,0.7175,0.7345,0.7674,0.0231,0.0558,0.0618,LOW
VM_001,1378636500,0.6333,0.7689,0.767,0.7689,0.7361,0.708,0.7185,0.736,0.7689,0.0234,0.0547,0.0619,LOW
VM_001,1378636800,0.5667,0.7703,0.7682,0.7699,0.7372,0.7086,0.719,0.7369,0.7703,0.0236,0.0558,0.0625,LOW
VM_001,1378637100,0.5667,0.7712,0.7689,0.7705,0.7379,0.7087,0.719,0.7374,0.7712,0.0238,0.0588,0.0634,LOW
VM_001,1378637400,0.65,0.7723,0.7698,0.7712,0.7386,0.709,0.7193,0.7381,0.7723,0.024,0.0588,0.0639,LOW
VM_001,1378637700,0.6667,0.7738,0.771,0.7723,0.7397,0.7095,0.7198,0.739,0.7738,0.0243,0.0581,0.0644,LOW
VM_001,1378638000,0.6667,0.7754,0.7724,0.7735,0.7409,0.7103,0.7205,0.7402,0.7754,0.0245,0.0574,0.0649,LOW
VM_001,1378638300,0.6167,0.7768,0.7737,0.7746,0.7421,0.7109,0.7211,0.7412,0.7768,0.0247,0.057,0.0653,LOW
VM_001,1378638600,0.6167,0.7781,0.7748,0.7756,0.7431,0.7115,0.7216,0.7421,0.7781,0.0249,0.0573,0.0658,LOW
VM_001,1378638900,0.5833,0.7791,0.7756,0.7764,0.7438,0.7117,0.7218,0.7427,0.7791,0.0251,0.0589,0.0664,LOW
VM_001,1378639200,0.7,0.7806,0.7769,0.7775,0.745,0.7125,0.7225,0.7438,0.7806,0.0253,0.0581,0.0668,LOW
VM_001,1378639500,0.7,0.7825,0.7786,0.7791,0.7465,0.7135,0.7235,0.7453,0.7825,0.0255,0.0574,0.0671,LOW
VM_001,1378639800,0.6667,0.7818,0.7785,0.7792,0.7471,0.7143,0.7235,0.7455,0.7818,0.0253,0.0564,0.0659,LOW
VM_001,1378640100,0.6833,0.7835,0.7795,0.7801,0.7478,0.7143,0.7238,0.7462,0.7835,0.0257,0.0569,0.0671,LOW
VM_001,1378640400,0.6667,0.7863,0.7823,0.7827,0.7504,0.7164,0.7261,0.7488,0.7863,0.0258,0.0478,0.0662,LOW
VM_001,1378640700,0.5833,0.788,0.784,0.7843,0.7522,0.7177,0.7273,0.7504,0.788,0.0259,0.0478,0.0662,LOW
VM_001,1378641000,0.7,0.7898,0.7857,0.7859,0.7539,0.719,0.7285,0.752,0.7898,0.0261,0.047,0.0664,LOW
VM_001,1378641300,0.7,0.7921,0.7879,0.788,0.7559,0.7206,0.73,0.7539,0.7921,0.0263,0.048,0.0669,LOW
VM_001,1378641600,0.7333,0.7948,0.7904,0.7905,0.7584,0.7227,0.732,0.7563,0.7948,0.0264,0.049,0.0673,LOW
VM_001,1378641900,0.6,0.7968,0.7924,0.7923,0.7603,0.7242,0.7335,0.7581,0.7968,0.0266,0.0493,0.0677,LOW
VM_001,1378642200,0.5667,0.7982,0.7935,0.7935,0.7614,0.7251,0.7343,0.7592,0.7982,0.0267,0.0518,0.0682,LOW
VM_001,1378642500,0.65,0.7995,0.7948,0.7947,0.7626,0.726,0.7351,0.7604,0.7995,0.0268,0.0517,0.0685,LOW
VM_001,1378642800,0.6667,0.801,0.7961,0.796,0.7639,0.7269,0.736,0.7616,0.801,0.027,0.0517,0.0688,LOW
VM_001,1378643100,0.7167,0.8027,0.7976,0.7975,0.7655,0.7283,0.7373,0.7632,0.8027,0.027,0.0506,0.0688,LOW
VM_001,1378643400,0.6167,0.8042,0.7988,0.7987,0.7665,0.7289,0.738,0.7642,0.8042,0.0273,0.0508,0.0693,LOW
VM_001,1378643700,0.5667,0.8052,0.7998,0.7997,0.7675,0.7298,0.7388,0.7652,0.8052,0.0273,0.0533,0.0697,LOW
VM_001,1378644000,0.6,0.8059,0.8003,0.8002,0.7681,0.73,0.739,0.7657,0.8059,0.0274,0.0517,0.0697,LOW
VM_001,1378644300,1.15,0.771,0.7622,0.7633,0.7401,0.7129,0.7253,0.7387,0.771,0.0203,0.1134,0.0646,LOW
VM_001,1378644600,0.75,0.7948,0.7803,0.7785,0.7545,0.7244,0.7316,0.753,0.7948,0.0236,0.1145,0.0752,LOW
VM_001,1378644900,0.7667,0.7914,0.7723,0.7692,0.7476,0.7186,0.728,0.7468,0.7914,0.0232,0.1161,0.0771,LOW
VM_001,1378645200,0.6333,0.8071,0.7877,0.7835,0.762,0.7312,0.7385,0.7605,0.8071,0.0242,0.1164,0.0788,LOW
VM_001,1378645500,0.6167,0.8154,0.7949,0.79,0.7678,0.7352,0.7432,0.7663,0.8154,0.0253,0.1164,0.0817,LOW
VM_001,1378645800,0.5833,0.8229,0.803,0.7981,0.7756,0.7421,0.7501,0.7738,0.8229,0.0255,0.1173,0.0817,LOW
VM_001,1378646100,0.55,0.8284,0.8088,0.8041,0.7809,0.7465,0.755,0.7791,0.8284,0.0259,0.1187,0.0823,LOW
VM_001,1378646400,0.6167,0.8332,0.8141,0.8099,0.7859,0.751,0.7599,0.7841,0.8332,0.0261,0.1191,0.0823,LOW
VM_001,1378646700,0.6667,0.8374,0.8188,0.815,0.7903,0.755,0.7644,0.7886,0.8374,0.0262,0.1189,0.0822,LOW
VM_001,1378647000,0.6333,0.8409,0.8227,0.8194,0.7941,0.7584,0.7684,0.7925,0.8409,0.0263,0.1191,0.082,LOW
VM_001,1378647300,0.5333,0.8428,0.8252,0.8225,0.7966,0.7607,0.7711,0.7951,0.8428,0.0263,0.1221,0.082,LOW
VM_001,1378647600,0.6,0.844,0.8268,0.8247,0.7982,0.7621,0.7731,0.7969,0.844,0.0263,0.1228,0.0817,LOW
VM_001,1378647900,0.6,0.8445,0.8277,0.8262,0.7992,0.7629,0.7743,0.7979,0.8445,0.0264,0.1224,0.0813,LOW
VM_001,1378648200,0.65,0.8447,0.8284,0.8274,0.7999,0.7635,0.7752,0.7988,0.8447,0.0264,0.1221,0.0809,LOW
VM_001,1378648500,0.7167,0.8452,0.8292,0.8288,0.8008,0.7642,0.7763,0.7997,0.8452,0.0264,0.1224,0.0807,LOW
VM_001,1378648800,0.7167,0.8458,0.8301,0.8301,0.8019,0.765,0.7775,0.8008,0.8458,0.0264,0.122,0.0803,LOW
VM_001,1378649100,0.5667,0.8453,0.83,0.8305,0.8019,0.765,0.7777,0.8009,0.8453,0.0264,0.1228,0.0801,LOW
VM_001,1378649400,0.6333,0.8445,0.8296,0.8304,0.8016,0.7646,0.7775,0.8007,0.8445,0.0263,0.1215,0.0795,LOW
VM_001,1378649700,0.6333,0.8405,0.8264,0.8279,0.7993,0.7629,0.7754,0.7982,0.8405,0.0258,0.1216,0.0777,LOW
VM_001,1378650000,0.5833,0.8396,0.8253,0.8272,0.7981,0.7611,0.7743,0.7971,0.8396,0.0261,0.1225,0.0783,LOW
VM_001,1378650300,0.7167,0.8394,0.8256,0.8278,0.7986,0.7614,0.7748,0.7976,0.8394,0.026,0.1225,0.0776,LOW
VM_001,1378650600,0.6429,0.8386,0.8252,0.8276,0.7983,0.7609,0.7743,0.7973,0.8386,0.026,0.1223,0.0772,LOW
VM_001,1378650900,0.5667,0.8371,0.8241,0.8267,0.7973,0.7598,0.7732,0.7963,0.8371,0.026,0.1223,0.0768,LOW
VM_001,1378651200,0.6667,0.8358,0.8231,0.826,0.7964,0.7588,0.7723,0.7954,0.8358,0.0259,0.1217,0.0765,LOW
VM_001,1378651500,0.7167,0.8352,0.8227,0.8258,0.7961,0.7583,0.7718,0.795,0.8352,0.0259,0.064,0.0688,LOW
VM_001,1378651800,0.7167,0.8349,0.8227,0.8259,0.7961,0.7582,0.7717,0.7951,0.8349,0.0259,0.0619,0.0683,LOW
VM_001,1378652100,0.6071,0.8342,0.8222,0.8256,0.7956,0.7577,0.7712,0.7947,0.8342,0.0259,0.0558,0.0672,LOW
VM_001,1378652400,0.7167,0.8339,0.8221,0.8256,0.7956,0.7576,0.7712,0.7947,0.8339,0.0258,0.0584,0.0673,LOW
VM_001,1378652700,0.6667,0.8335,0.8219,0.8256,0.7955,0.7574,0.771,0.7946,0.8335,0.0258,0.0586,0.067,LOW
VM_001,1378653000,0.6,0.8327,0.8213,0.8252,0.795,0.757,0.7706,0.7942,0.8327,0.0257,0.058,0.0666,LOW
VM_001,1378653300,0.6964,0.8323,0.821,0.825,0.7948,0.7568,0.7704,0.794,0.8323,0.0257,0.056,0.0661,LOW
VM_001,1378653600,0.5333,0.8309,0.8198,0.824,0.7937,0.7557,0.7693,0.7929,0.8309,0.0256,0.0602,0.0664,LOW
VM_001,1378653900,0.5893,0.8292,0.8183,0.8227,0.7924,0.7544,0.768,0.7916,0.8292,0.0255,0.0608,0.0662,LOW
VM_001,1378654200,0.6,0.8275,0.8168,0.8213,0.7908,0.753,0.7665,0.7902,0.8275,0.0254,0.0613,0.066,LOW
VM_001,1378654500,0.5333,0.8252,0.8147,0.8194,0.7888,0.751,0.7646,0.7882,0.8252,0.0254,0.0613,0.0658,LOW
VM_001,1378654800,0.5667,0.8228,0.8124,0.8173,0.7866,0.7489,0.7625,0.7861,0.8228,0.0253,0.0625,0.0657,LOW
VM_001,1378655100,0.5714,0.8203,0.8101,0.8152,0.7843,0.7466,0.7603,0.7839,0.8203,0.0253,0.0635,0.0657,LOW
VM_001,1378655400,0.6333,0.8182,0.8082,0.8134,0.7825,0.7448,0.7586,0.7821,0.8182,0.0252,0.0634,0.0655,LOW
VM_001,1378655700,0.5833,0.8161,0.8062,0.8116,0.7805,0.743,0.7568,0.7803,0.8161,0.0251,0.0616,0.065,LOW
VM_001,1378656000,0.6667,0.8146,0.8048,0.8104,0.7792,0.7417,0.7557,0.779,0.8146,0.0251,0.0592,0.0645,LOW
VM_001,1378656300,0.5167,0.8124,0.8029,0.8086,0.7773,0.74,0.754,0.7772,0.8124,0.025,0.0622,0.0645,LOW
VM_001,1378656600,0.5833,0.8102,0.8008,0.8067,0.7754,0.7382,0.7523,0.7754,0.8102,0.0248,0.0627,0.0643,LOW
VM_001,1378656900,0.7,0.8089,0.7996,0.8057,0.7742,0.7372,0.7515,0.7744,0.8089,0.0247,0.0647,0.0643,LOW
VM_001,1378657200,0.6833,0.8081,0.799,0.8052,0.7738,0.7369,0.7513,0.774,0.8081,0.0246,0.0652,0.064,LOW
VM_001,1378657500,0.6786,0.8077,0.7986,0.805,0.7736,0.7369,0.7515,0.7739,0.8077,0.0244,0.0633,0.0634,LOW
VM_001,1378657800,0.65,0.8073,0.7983,0.8049,0.7735,0.7371,0.7518,0.7739,0.8073,0.0242,0.0634,0.0629,LOW
VM_001,1378658100,0.55,0.8062,0.7974,0.8041,0.7728,0.7367,0.7515,0.7733,0.8062,0.0239,0.0642,0.0625,LOW
VM_001,1378658400,0.5667,0.8047,0.796,0.8029,0.7717,0.736,0.7509,0.7724,0.8047,0.0237,0.0647,0.062,LOW
VM_001,1378658700,0.65,0.8036,0.795,0.802,0.7709,0.7355,0.7506,0.7717,0.8036,0.0234,0.0618,0.0611,LOW
VM_001,1378659000,0.6667,0.8028,0.7942,0.8014,0.7704,0.7354,0.7507,0.7713,0.8028,0.0232,0.0592,0.0602,LOW
VM_001,1378659300,0.7,0.8024,0.7938,0.8012,0.7703,0.7357,0.7512,0.7714,0.8024,0.0229,0.0615,0.0599,LOW
VM_001,1378659600,0.6167,0.8018,0.7933,0.8009,0.7701,0.736,0.7516,0.7713,0.8018,0.0226,0.058,0.0588,LOW
VM_001,1378659900,0.65,0.8011,0.7928,0.8004,0.7699,0.7362,0.7521,0.7713,0.8011,0.0222,0.0575,0.058,LOW
VM_001,1378660200,0.6167,0.8003,0.792,0.7998,0.7695,0.7363,0.7523,0.771,0.8003,0.0219,0.0574,0.0573,LOW
VM_001,1378660500,0.6167,0.7992,0.7909,0.7989,0.7688,0.7362,0.7524,0.7705,0.7992,0.0215,0.0548,0.0562,LOW
VM_001,1378660800,0.7167,0.7987,0.7905,0.7986,0.7687,0.7367,0.7531,0.7706,0.7987,0.0211,0.0559,0.0555,LOW
VM_001,1378661100,0.6786,0.7982,0.79,0.7984,0.7687,0.7374,0.7539,0.7707,0.7984,0.0207,0.0567,0.0549,LOW
VM_001,1378661400,0.6833,0.7979,0.7897,0.7982,0.7688,0.7382,0.755,0.7711,0.7982,0.0203,0.0577,0.0543,LOW
VM_001,1378661700,0.6333,0.7972,0.789,0.7977,0.7686,0.7387,0.7557,0.771,0.7977,0.0198,0.054,0.053,LOW
VM_001,1378662000,0.5167,0.7953,0.7872,0.796,0.7672,0.7381,0.7553,0.7699,0.796,0.0193,0.0575,0.0526,LOW
VM_001,1378662300,0.6,0.7932,0.7852,0.7942,0.7656,0.7374,0.7547,0.7685,0.7942,0.0189,0.0565,0.0516,LOW
VM_001,1378662600,0.7167,0.7918,0.7838,0.7929,0.7646,0.7372,0.7547,0.7678,0.7929,0.0184,0.0591,0.0511,LOW
VM_001,1378662900,0.6667,0.7904,0.7824,0.7917,0.7636,0.7371,0.7548,0.7671,0.7917,0.0179,0.0584,0.0501,LOW
VM_001,1378663200,0.5714,0.7882,0.7803,0.7898,0.762,0.7364,0.7543,0.7657,0.7898,0.0174,0.0596,0.0493,LOW
VM_001,1378663500,0.5833,0.7856,0.7778,0.7874,0.7599,0.7354,0.7535,0.764,0.7874,0.0169,0.0553,0.0478,LOW
VM_001,1378663800,0.6167,0.7829,0.7751,0.7849,0.7576,0.7341,0.7524,0.762,0.7849,0.0163,0.0543,0.0466,LOW
VM_001,1378664100,0.7333,0.7811,0.7733,0.7833,0.7563,0.7339,0.7523,0.761,0.7833,0.0158,0.0563,0.0459,LOW
VM_001,1378664400,0.7333,0.7797,0.7719,0.7821,0.7554,0.734,0.7527,0.7604,0.7821,0.0152,0.0589,0.0451,LOW
VM_001,1378664700,0.6667,0.7782,0.7704,0.7808,0.7545,0.7342,0.7531,0.7598,0.7808,0.0146,0.0586,0.0439,LOW
VM_001,1378665000,0.55,0.7756,0.768,0.7785,0.7526,0.7335,0.7525,0.7582,0.7785,0.014,0.0615,0.0431,LOW
VM_001,1378665300,0.65,0.7733,0.7657,0.7764,0.7508,0.7329,0.7521,0.7568,0.7764,0.0134,0.0586,0.0415,LOW
VM_001,1378665600,0.55,0.7699,0.7624,0.7733,0.748,0.7313,0.7506,0.7543,0.7733,0.0129,0.0596,0.0404,LOW
VM_001,1378665900,0.7,0.7672,0.7597,0.7708,0.7459,0.7304,0.7499,0.7526,0.7708,0.0123,0.0608,0.0393,LOW
VM_001,1378666200,0.6833,0.7648,0.7574,0.7687,0.744,0.7299,0.7495,0.7511,0.7687,0.0117,0.0612,0.0382,LOW
VM_001,1378666500,0.6333,0.7621,0.7549,0.7663,0.742,0.7291,0.7489,0.7494,0.7663,0.0112,0.06,0.0367,LOW
VM_001,1378666800,0.6167,0.7593,0.7521,0.7636,0.7397,0.7281,0.748,0.7475,0.7636,0.0106,0.06,0.0355,LOW
VM_001,1378667100,0.6333,0.7563,0.7492,0.7609,0.7374,0.727,0.7471,0.7455,0.7609,0.0101,0.06,0.0342,LOW
VM_001,1378667400,0.6667,0.7536,0.7465,0.7584,0.7352,0.7261,0.7463,0.7437,0.7584,0.0096,0.06,0.0329,LOW
VM_001,1378667700,0.7,0.7512,0.7443,0.7564,0.7335,0.7257,0.746,0.7424,0.7564,0.0091,0.0609,0.0317,LOW
VM_001,1378668000,0.7333,0.7495,0.7426,0.7548,0.7323,0.7258,0.7463,0.7416,0.7548,0.0087,0.0618,0.0306,LOW
VM_001,1378668300,0.65,0.7475,0.7407,0.7531,0.7309,0.7258,0.7464,0.7406,0.7531,0.0083,0.0614,0.0292,LOW
VM_001,1378668600,0.9,0.7247,0.7144,0.7233,0.7098,0.7134,0.7357,0.7209,0.739,0.0087,0.0803,0.0331,LOW
VM_001,1378668900,0.75,0.7266,0.7101,0.718,0.7042,0.7113,0.7273,0.7172,0.7334,0.0081,0.0824,0.0334,LOW
VM_001,1378669200,0.6,0.7171,0.697,0.7041,0.6923,0.7007,0.719,0.7058,0.7226,0.009,0.0778,0.0336,LOW
VM_001,1378669500,0.7333,0.7238,0.7041,0.7114,0.6989,0.7053,0.721,0.7111,0.7264,0.0082,0.0779,0.0315,LOW
VM_001,1378669800,0.7167,0.7262,0.7048,0.7124,0.6992,0.7047,0.7227,0.7118,0.7262,0.0084,0.0779,0.0311,LOW
VM_001,1378670100,0.7333,0.735,0.7152,0.7233,0.7094,0.7128,0.7313,0.7209,0.735,0.0081,0.079,0.0301,LOW
VM_001,1378670400,0.5667,0.7373,0.7181,0.7269,0.7124,0.7151,0.7349,0.7237,0.7373,0.0081,0.0793,0.0296,LOW
VM_001,1378670700,0.65,0.7402,0.7221,0.7316,0.7166,0.7187,0.7397,0.7276,0.7402,0.008,0.0772,0.0283,LOW
VM_001,1378671000,0.75,0.7421,0.7249,0.7352,0.7197,0.7218,0.7441,0.7307,0.7441,0.0081,0.0777,0.029,LOW
VM_001,1378671300,0.6667,0.7433,0.7269,0.738,0.7221,0.7244,0.748,0.7332,0.748,0.0082,0.0769,0.0301,LOW
VM_001,1378671600,0.6833,0.7436,0.7281,0.7399,0.7237,0.7265,0.7513,0.735,0.7513,0.0083,0.076,0.0313,LOW
VM_001,1378671900,0.7,0.7409,0.727,0.7398,0.7237,0.7271,0.7524,0.7347,0.7524,0.0085,0.0761,0.0321,LOW
VM_001,1378672200,0.5667,0.7402,0.7261,0.7396,0.7233,0.7282,0.7552,0.7352,0.7552,0.0089,0.075,0.0346,LOW
VM_001,1378672500,0.6333,0.7407,0.728,0.7419,0.7257,0.7312,0.7586,0.7376,0.7586,0.0091,0.0753,0.0354,LOW
VM_001,1378672800,0.7167,0.7389,0.7267,0.7412,0.7249,0.7317,0.7601,0.7373,0.7601,0.0096,0.0708,0.0365,LOW
VM_001,1378673100,0.7167,0.7378,0.7263,0.7412,0.725,0.733,0.7619,0.7378,0.7619,0.0099,0.0711,0.0379,LOW
VM_001,1378673400,0.65,0.7359,0.7251,0.7403,0.7242,0.7335,0.7628,0.7374,0.7628,0.0104,0.0714,0.0393,LOW
VM_001,1378673700,0.6333,0.7336,0.7234,0.739,0.7229,0.7335,0.7631,0.7365,0.7631,0.0108,0.0714,0.0405,LOW
VM_001,1378674000,0.6333,0.7309,0.7213,0.7371,0.7212,0.7331,0.7628,0.7352,0.7628,0.0112,0.0708,0.0416,LOW
VM_001,1378674300,0.6167,0.7278,0.7188,0.7348,0.719,0.7322,0.7619,0.7335,0.7619,0.0116,0.0714,0.0428,LOW
VM_001,1378674600,0.7167,0.7253,0.717,0.7331,0.7173,0.7318,0.7616,0.7323,0.7616,0.012,0.0716,0.044,LOW
VM_001,1378674900,0.6,0.7222,0.7145,0.7308,0.715,0.7308,0.7603,0.7304,0.7603,0.0124,0.0736,0.0452,LOW
VM_001,1378675200,0.6667,0.7195,0.7125,0.7288,0.713,0.73,0.7593,0.7289,0.7593,0.0127,0.0727,0.0459,LOW
VM_001,1378675500,0.6667,0.717,0.7105,0.7268,0.7111,0.7293,0.7582,0.7274,0.7582,0.013,0.0725,0.0465,LOW
VM_001,1378675800,0.5,0.7132,0.7074,0.7237,0.708,0.7272,0.7555,0.7246,0.7555,0.0132,0.0648,0.0459,LOW
VM_001,1378676100,0.65,0.71,0.705,0.7212,0.7055,0.7257,0.7534,0.7225,0.7534,0.0134,0.062,0.0458,LOW
VM_001,1378676400,0.65,0.7072,0.7027,0.719,0.7031,0.7242,0.7514,0.7204,0.7514,0.0135,0.0608,0.0458,LOW
VM_001,1378676700,0.75,0.7057,0.7019,0.718,0.702,0.7241,0.7506,0.7197,0.7506,0.0137,0.0618,0.046,LOW
VM_001,1378677000,0.7333,0.7049,0.7017,0.7177,0.7017,0.7246,0.7505,0.7197,0.7505,0.0138,0.0625,0.0461,LOW
VM_001,1378677300,0.7167,0.7047,0.7022,0.718,0.7019,0.7256,0.7508,0.7202,0.7508,0.0139,0.0618,0.046,LOW
VM_001,1378677600,0.65,0.7035,0.702,0.7178,0.7018,0.7258,0.7501,0.72,0.7501,0.0139,0.0586,0.0452,LOW
VM_001,1378677900,0.6833,0.7038,0.7025,0.7182,0.7021,0.7272,0.7509,0.7208,0.7509,0.0141,0.0586,0.0456,LOW
VM_001,1378678200,0.7167,0.7051,0.7046,0.72,0.704,0.7294,0.7522,0.7227,0.7522,0.0141,0.0569,0.0449,LOW
VM_001,1378678500,0.7,0.7022,0.7018,0.7167,0.7013,0.7275,0.7497,0.7202,0.7497,0.0144,0.0574,0.0452,LOW
VM_001,1378678800,0.75,0.704,0.7037,0.7184,0.7027,0.7292,0.7501,0.7217,0.7501,0.0141,0.0599,0.0447,LOW
VM_001,1378679100,0.5667,0.7032,0.7033,0.7179,0.7019,0.7283,0.7486,0.7209,0.7486,0.0138,0.0628,0.0445,LOW
VM_001,1378679400,0.5333,0.7021,0.7026,0.7173,0.7009,0.727,0.7465,0.7197,0.7465,0.0135,0.0654,0.0439,LOW
VM_001,1378679700,0.65,0.7,0.702,0.7169,0.7002,0.7255,0.744,0.7183,0.744,0.0131,0.0651,0.0428,LOW
VM_001,1378680000,0.7,0.7003,0.7019,0.7168,0.6996,0.7259,0.7443,0.7184,0.7443,0.0132,0.0646,0.0432,LOW
VM_001,1378680300,0.7,0.7025,0.7048,0.7196,0.7022,0.7279,0.7457,0.7207,0.7457,0.0129,0.0641,0.0422,LOW
VM_001,1378680600,0.6667,0.7026,0.7053,0.7201,0.7024,0.7279,0.7454,0.7208,0.7454,0.0128,0.064,0.0418,LOW
VM_001,1378680900,0.6333,0.7027,0.706,0.7207,0.7027,0.7279,0.745,0.7209,0.745,0.0125,0.064,0.0412,LOW
VM_001,1378681200,0.5833,0.7018,0.7055,0.7204,0.7019,0.7268,0.7435,0.72,0.7435,0.0123,0.0658,0.041,LOW
VM_001,1378681500,0.6167,0.7007,0.7049,0.7198,0.7009,0.7253,0.7418,0.7188,0.7418,0.0121,0.0658,0.0405,LOW
VM_001,1378681800,0.7167,0.7004,0.7049,0.72,0.7005,0.7246,0.7409,0.7183,0.7409,0.0118,0.0658,0.0401,LOW
VM_001,1378682100,0.6667,0.6998,0.7048,0.7199,0.6998,0.7237,0.7398,0.7176,0.7398,0.0116,0.0646,0.0395,LOW
VM_001,1378682400,0.5833,0.6987,0.7042,0.7194,0.6987,0.7222,0.7381,0.7164,0.7381,0.0114,0.0665,0.0393,LOW
VM_001,1378682700,0.6333,0.6974,0.7033,0.7187,0.6974,0.7205,0.7363,0.715,0.7363,0.0112,0.0666,0.0389,LOW
VM_001,1378683000,0.55,0.6952,0.7016,0.7172,0.6953,0.7179,0.7335,0.7127,0.7335,0.011,0.0622,0.0379,LOW
VM_001,1378683300,0.6,0.6929,0.6998,0.7156,0.693,0.7152,0.7307,0.7103,0.7307,0.0108,0.0633,0.0377,LOW
VM_001,1378683600,0.7167,0.6916,0.699,0.7149,0.6916,0.7136,0.729,0.7089,0.729,0.0107,0.0645,0.0375,LOW
VM_001,1378683900,0.7,0.6908,0.6987,0.7148,0.6908,0.7125,0.7278,0.708,0.7278,0.0106,0.0622,0.0369,LOW
VM_001,1378684200,0.7,0.6904,0.6988,0.715,0.6905,0.7118,0.7272,0.7076,0.7272,0.0105,0.0607,0.0365,LOW
VM_001,1378684500,0.6167,0.6893,0.6982,0.7146,0.6895,0.7106,0.7258,0.7066,0.7258,0.0104,0.0598,0.0362,LOW
VM_001,1378684800,0.6667,0.6781,0.6861,0.703,0.6782,0.7,0.7162,0.6954,0.7162,0.0108,0.0599,0.0374,LOW
VM_001,1378685100,0.6667,0.6751,0.6831,0.7001,0.6748,0.6959,0.7126,0.6917,0.7126,0.0106,0.0596,0.0371,LOW
VM_001,1378685400,0.7333,0.6757,0.6837,0.7006,0.675,0.6954,0.7124,0.6916,0.7124,0.0104,0.0605,0.0369,LOW
VM_001,1378685700,0.75,0.679,0.6868,0.7037,0.678,0.6974,0.7147,0.694,0.7147,0.0101,0.063,0.0367,LOW
VM_001,1378686000,0.6833,0.6831,0.6908,0.7077,0.682,0.7005,0.7179,0.6973,0.7179,0.0099,0.06,0.0357,LOW
VM_001,1378686300,0.5833,0.6868,0.6944,0.7113,0.6856,0.7031,0.7206,0.7002,0.7206,0.0097,0.059,0.0349,LOW
VM_001,1378686600,0.6833,0.6911,0.6985,0.7154,0.6898,0.7064,0.724,0.7037,0.724,0.0095,0.0536,0.0335,LOW
VM_001,1378686900,0.6,0.6947,0.7019,0.719,0.6933,0.709,0.7266,0.7066,0.7266,0.0093,0.0549,0.033,LOW
VM_001,1378687200,0.75,0.6994,0.7063,0.7235,0.6978,0.7127,0.7305,0.7105,0.7305,0.0092,0.0575,0.0329,LOW
VM_001,1378687500,0.6667,0.7036,0.7103,0.7277,0.7019,0.7161,0.7339,0.714,0.7339,0.0092,0.0569,0.0323,LOW
VM_001,1378687800,0.65,0.7073,0.7138,0.7313,0.7056,0.7191,0.737,0.7171,0.737,0.0092,0.0569,0.0318,LOW
VM_001,1378688100,0.6167,0.71,0.7163,0.734,0.7082,0.7211,0.7392,0.7192,0.7392,0.0092,0.0572,0.0315,LOW
VM_001,1378688400,0.6,0.7121,0.7183,0.7363,0.7103,0.7227,0.7407,0.7208,0.7407,0.0092,0.0564,0.031,LOW
VM_001,1378688700,0.65,0.7138,0.7198,0.7381,0.712,0.724,0.7421,0.7221,0.7421,0.0093,0.0558,0.0308,LOW
VM_001,1378689000,0.6333,0.7152,0.7211,0.7396,0.7133,0.725,0.7431,0.7231,0.7431,0.0094,0.0546,0.031,LOW
VM_001,1378689300,0.7167,0.717,0.7229,0.7416,0.7151,0.7265,0.7446,0.7246,0.7446,0.0095,0.056,0.0316,LOW
VM_001,1378689600,0.7333,0.7194,0.7251,0.7441,0.7173,0.7286,0.7467,0.7266,0.7467,0.0096,0.0559,0.032,LOW
VM_001,1378689900,0.6167,0.7207,0.7265,0.7456,0.7188,0.7298,0.7479,0.7277,0.7479,0.0097,0.0564,0.0324,LOW
VM_001,1378690200,0.6667,0.7219,0.7277,0.747,0.7201,0.7311,0.749,0.7288,0.749,0.0098,0.0511,0.032,LOW
VM_001,1378690500,0.65,0.7224,0.728,0.7475,0.7205,0.7315,0.7494,0.729,0.7494,0.0099,0.0492,0.0321,LOW
VM_001,1378690800,0.7167,0.7243,0.73,0.7495,0.7224,0.7333,0.7511,0.7307,0.7511,0.0099,0.0492,0.0323,LOW
VM_001,1378691100,0.7333,0.7263,0.7319,0.7516,0.7244,0.7354,0.753,0.7325,0.753,0.01,0.0506,0.0327,LOW
VM_001,1378691400,0.6833,0.7282,0.7339,0.7535,0.7263,0.7373,0.7547,0.7342,0.7547,0.0101,0.0503,0.0328,LOW
VM_001,1378691700,0.5833,0.7289,0.7346,0.7543,0.7271,0.7382,0.7553,0.7348,0.7553,0.0102,0.0522,0.0332,LOW
VM_001,1378692000,0.5833,0.7287,0.7345,0.7542,0.727,0.7382,0.7549,0.7346,0.7549,0.0102,0.055,0.0336,LOW
VM_001,1378692300,0.6333,0.7286,0.7343,0.7541,0.7268,0.7381,0.7545,0.7343,0.7545,0.0103,0.0554,0.0337,LOW
VM_001,1378692600,0.6167,0.7282,0.7339,0.7537,0.7264,0.7377,0.7537,0.7337,0.7537,0.0103,0.0541,0.0335,LOW
VM_001,1378692900,0.7,0.7286,0.7343,0.7541,0.7266,0.738,0.7537,0.7338,0.7541,0.0103,0.0513,0.0333,LOW
VM_001,1378693200,0.5167,0.7265,0.7339,0.7541,0.7267,0.7373,0.7522,0.7329,0.7541,0.0105,0.0583,0.0355,LOW
VM_001,1378693500,0.6667,0.7265,0.7333,0.7539,0.7263,0.7379,0.7526,0.7328,0.7539,0.0106,0.0566,0.0349,LOW
VM_001,1378693800,0.65,0.7285,0.7349,0.7553,0.7279,0.7399,0.7542,0.7344,0.7553,0.0105,0.0562,0.0345,LOW
VM_001,1378694100,0.5667,0.7288,0.7353,0.7554,0.7284,0.7403,0.754,0.7346,0.7554,0.0105,0.0579,0.0347,LOW
VM_001,1378694400,0.7167,0.7291,0.736,0.7562,0.7293,0.7409,0.7541,0.735,0.7562,0.0106,0.0558,0.0349,LOW
VM_001,1378694700,0.7,0.731,0.737,0.757,0.7301,0.7424,0.7553,0.736,0.757,0.0105,0.0567,0.0346,LOW
VM_001,1378695000,0.5833,0.7324,0.7383,0.7579,0.7313,0.7434,0.7559,0.737,0.7579,0.0105,0.0583,0.0349,LOW
VM_001,1378695300,0.55,0.732,0.7375,0.7569,0.7304,0.7425,0.7547,0.736,0.7569,0.0105,0.0613,0.0353,LOW
VM_001,1378695600,0.6,0.7316,0.7367,0.7558,0.7294,0.7415,0.7534,0.7349,0.7558,0.0106,0.0613,0.0354,LOW
VM_001,1378695900,0.75,0.7326,0.7371,0.756,0.7295,0.7416,0.7534,0.735,0.756,0.0106,0.065,0.036,LOW
VM_001,1378696200,0.6833,0.7338,0.7378,0.7563,0.7298,0.7419,0.7538,0.7353,0.7563,0.0107,0.0653,0.0363,LOW
VM_001,1378696500,0.65,0.7352,0.7386,0.7568,0.7303,0.7424,0.7542,0.7358,0.7568,0.0108,0.0638,0.0362,LOW
VM_001,1378696800,0.65,0.7363,0.7391,0.757,0.7306,0.7427,0.7546,0.7361,0.757,0.0109,0.0611,0.036,LOW
VM_001,1378697100,0.5667,0.7364,0.7388,0.7564,0.7301,0.7421,0.7542,0.7356,0.7564,0.011,0.0629,0.0364,LOW
VM_001,1378697400,0.5833,0.7361,0.738,0.7553,0.7291,0.7411,0.7534,0.7346,0.7553,0.0111,0.0638,0.0366,LOW
VM_001,1378697700,0.6167,0.7358,0.7372,0.7543,0.728,0.7401,0.7526,0.7336,0.7543,0.0112,0.0639,0.0368,LOW
VM_001,1378698000,1.3167,0.7516,0.7341,0.7479,0.7354,0.7428,0.7585,0.7361,0.7585,0.0134,0.1524,0.0556,LOW
VM_001,1378698300,0.75,0.7731,0.7478,0.7598,0.7469,0.7558,0.7655,0.7481,0.7731,0.0137,0.1528,0.0557,LOW
VM_001,1378698600,0.75,0.7786,0.7419,0.7531,0.7452,0.7522,0.7699,0.7451,0.7786,0.0166,0.1537,0.0646,LOW
VM_001,1378698900,0.5667,0.798,0.7606,0.7708,0.7633,0.7653,0.7847,0.761,0.798,0.0175,0.1542,0.0689,LOW
VM_001,1378699200,0.5833,0.8035,0.7615,0.7714,0.7646,0.7651,0.7922,0.7623,0.8035,0.0195,0.1542,0.0734,LOW
VM_001,1378699500,0.6667,0.8103,0.769,0.7789,0.7721,0.7688,0.8014,0.7684,0.8103,0.0207,0.154,0.0762,LOW
VM_001,1378699800,0.6167,0.8091,0.7673,0.7778,0.7708,0.7664,0.8057,0.7668,0.8091,0.0224,0.154,0.0784,LOW
VM_001,1378700100,0.6167,0.8076,0.7645,0.7747,0.7676,0.7638,0.8107,0.7648,0.8107,0.0242,0.1542,0.0828,LOW
VM_001,1378700400,0.6333,0.8042,0.7618,0.7718,0.7643,0.7609,0.8135,0.7623,0.8135,0.0255,0.1512,0.0884,MEDIUM
VM_001,1378700700,0.5,0.7952,0.7528,0.7628,0.755,0.7537,0.8122,0.7546,0.8122,0.0271,0.155,0.0955,MEDIUM
VM_001,1378701000,0.6167,0.7844,0.7422,0.7522,0.7439,0.7454,0.8093,0.7454,0.8093,0.0287,0.1553,0.102,MEDIUM
VM_001,1378701300,0.65,0.7722,0.7302,0.7401,0.7314,0.7366,0.8053,0.7351,0.8053,0.0303,0.154,0.1081,MEDIUM
VM_001,1378701600,0.6333,0.7588,0.7171,0.7269,0.718,0.7275,0.8004,0.7242,0.8004,0.032,0.1537,0.1141,MEDIUM
VM_001,1378701900,0.6,0.7442,0.7031,0.7127,0.704,0.7185,0.7947,0.7127,0.7947,0.0338,0.1539,0.1197,MEDIUM
VM_001,1378702200,0.6667,0.7296,0.6892,0.6986,0.6902,0.7101,0.7891,0.7016,0.7891,0.0356,0.1531,0.1246,MEDIUM
VM_001,1378702500,0.5667,0.7146,0.6753,0.6845,0.6768,0.7025,0.7831,0.6907,0.7831,0.0373,0.1527,0.1288,MEDIUM
VM_001,1378702800,0.65,0.7002,0.6623,0.6712,0.6644,0.6962,0.7774,0.6808,0.7774,0.039,0.1522,0.1322,MEDIUM
VM_001,1378703100,0.7,0.6881,0.6525,0.6615,0.6556,0.693,0.7733,0.6739,0.7733,0.0405,0.1512,0.1342,MEDIUM
VM_001,1378703400,0.6667,0.676,0.6418,0.6504,0.6461,0.6903,0.7701,0.6668,0.7701,0.0425,0.1512,0.1368,MEDIUM
VM_001,1378703700,0.6667,0.6705,0.6409,0.65,0.6463,0.6945,0.7698,0.6676,0.7698,0.0428,0.1512,0.1353,MEDIUM
VM_001,1378704000,0.6333,0.6622,0.6347,0.6439,0.6416,0.6966,0.7693,0.665,0.7693,0.0445,0.1512,0.1359,MEDIUM
VM_001,1378704300,0.5333,0.6583,0.6345,0.6434,0.6421,0.701,0.7693,0.6664,0.7693,0.0448,0.1523,0.1335,MEDIUM
VM_001,1378704600,0.6333,0.6572,0.6374,0.6462,0.6452,0.7066,0.7692,0.6698,0.7692,0.0442,0.1516,0.1298,MEDIUM
VM_001,1378704900,0.65,0.6584,0.6426,0.6514,0.65,0.7126,0.769,0.6746,0.769,0.043,0.1513,0.1251,MEDIUM
VM_001,1378705200,0.6833,0.663,0.651,0.6599,0.6573,0.7197,0.7697,0.6814,0.7697,0.0409,0.0592,0.1068,MEDIUM
VM_001,1378705500,0.7,0.6703,0.662,0.671,0.6665,0.7273,0.7709,0.6898,0.7709,0.0381,0.0557,0.0987,MEDIUM
VM_001,1378705800,0.6833,0.6797,0.6749,0.6839,0.6769,0.7349,0.7723,0.6992,0.7723,0.0348,0.0511,0.0894,MEDIUM
VM_001,1378706100,0.6167,0.69,0.6882,0.6972,0.6873,0.7416,0.7732,0.7084,0.7732,0.0311,0.0494,0.0808,LOW
VM_001,1378706400,0.6,0.7004,0.7011,0.7101,0.6971,0.7469,0.7734,0.7169,0.7734,0.0273,0.0488,0.0727,LOW
VM_001,1378706700,0.7333,0.7117,0.7143,0.7231,0.7069,0.7521,0.7745,0.7255,0.7745,0.0238,0.0525,0.0658,LOW
VM_001,1378707000,0.7333,0.7236,0.7275,0.736,0.7168,0.7574,0.7762,0.7343,0.7762,0.0205,0.056,0.0595,LOW
VM_001,1378707300,0.6167,0.734,0.7388,0.747,0.7251,0.7611,0.7771,0.7414,0.7771,0.0177,0.056,0.0536,LOW
VM_001,1378707600,0.6,0.7428,0.7482,0.756,0.7318,0.7636,0.7774,0.7471,0.7774,0.0155,0.0566,0.0485,LOW
VM_001,1378707900,0.6667,0.7509,0.7562,0.7637,0.7375,0.7655,0.7778,0.752,0.7778,0.0139,0.0485,0.0431,LOW
VM_001,1378708200,0.5,0.7566,0.7617,0.7688,0.7412,0.7657,0.7767,0.7548,0.7767,0.0129,0.0567,0.0404,LOW
VM_001,1378708500,0.7333,0.7624,0.7669,0.7736,0.7449,0.7665,0.7769,0.7578,0.7769,0.0123,0.0597,0.038,LOW
VM_001,1378708800,0.7333,0.7683,0.7719,0.7781,0.7487,0.7678,0.778,0.7611,0.7781,0.0122,0.0623,0.0363,LOW
VM_001,1378709100,0.6333,0.7733,0.776,0.7818,0.7521,0.7689,0.7791,0.7639,0.7818,0.0122,0.0616,0.0366,LOW
VM_001,1378709400,0.65,0.7776,0.7791,0.7846,0.7548,0.7699,0.7802,0.7661,0.7846,0.0124,0.0615,0.0367,LOW
VM_001,1378709700,0.6333,0.7811,0.7816,0.7867,0.7571,0.7706,0.7814,0.768,0.7867,0.0125,0.059,0.0364,LOW
VM_001,1378710000,0.7,0.7848,0.784,0.7887,0.7596,0.7718,0.7831,0.7701,0.7887,0.0127,0.0598,0.0363,LOW
VM_001,1378710300,0.6167,0.7878,0.7859,0.7902,0.7616,0.7727,0.7846,0.7717,0.7902,0.0129,0.0595,0.0361,LOW
VM_001,1378710600,0.7,0.7909,0.7877,0.7917,0.7638,0.774,0.7866,0.7736,0.7917,0.0131,0.0603,0.0359,LOW
VM_001,1378710900,0.7,0.7941,0.7898,0.7934,0.7662,0.7756,0.7891,0.7758,0.7941,0.0132,0.061,0.0362,LOW
VM_001,1378711200,0.6,0.7965,0.7911,0.7944,0.768,0.7767,0.791,0.7773,0.7965,0.0134,0.0618,0.0371,LOW
VM_001,1378711500,0.6833,0.7988,0.7922,0.7953,0.7697,0.7779,0.793,0.7788,0.7988,0.0135,0.0567,0.0372,LOW
VM_001,1378711800,0.5667,0.8004,0.7928,0.7957,0.7709,0.7785,0.7943,0.7797,0.8004,0.0136,0.0595,0.0382,LOW
VM_001,1378712100,0.75,0.8025,0.7938,0.7964,0.7725,0.7797,0.7963,0.7811,0.8025,0.0138,0.0625,0.0393,LOW
VM_001,1378712400,0.7167,0.8052,0.7954,0.7978,0.7746,0.7813,0.7988,0.7831,0.8052,0.0139,0.0634,0.0401,LOW
VM_001,1378712700,0.65,0.8072,0.7981,0.8007,0.7784,0.7848,0.8018,0.7861,0.8072,0.0138,0.0629,0.0394,LOW
VM_001,1378713000,0.6333,0.809,0.7975,0.7997,0.7781,0.7849,0.8038,0.7864,0.809,0.0141,0.0629,0.0407,LOW
VM_001,1378713300,0.6333,0.8111,0.7997,0.8016,0.7809,0.7869,0.8061,0.7887,0.8111,0.0141,0.0626,0.0405,LOW
VM_001,1378713600,0.7167,0.8122,0.7998,0.8015,0.7816,0.7874,0.8073,0.7893,0.8122,0.0143,0.0624,0.041,LOW
VM_001,1378713900,0.7333,0.8138,0.8012,0.8027,0.7836,0.7891,0.8092,0.791,0.8138,0.0143,0.0624,0.041,LOW
VM_001,1378714200,0.7167,0.8155,0.8018,0.8031,0.7847,0.7901,0.8109,0.7921,0.8155,0.0145,0.0617,0.0415,LOW
VM_001,1378714500,0.65,0.8167,0.8025,0.8035,0.7859,0.7909,0.8122,0.7931,0.8167,0.0146,0.061,0.0416,LOW
VM_001,1378714800,0.6167,0.8169,0.8022,0.803,0.7861,0.7908,0.8124,0.7931,0.8169,0.0146,0.0603,0.0417,LOW
VM_001,1378715100,0.65,0.8166,0.8013,0.802,0.7857,0.7901,0.812,0.7925,0.8166,0.0147,0.0604,0.0419,LOW
VM_001,1378715400,0.6333,0.8159,0.8001,0.8006,0.7849,0.789,0.8112,0.7916,0.8159,0.0148,0.05,0.0407,LOW
VM_001,1378715700,0.7167,0.8154,0.7991,0.7995,0.7843,0.7881,0.8105,0.7909,0.8154,0.0149,0.0491,0.0409,LOW
VM_001,1378716000,0.7167,0.8153,0.7983,0.7986,0.7839,0.7874,0.81,0.7903,0.8153,0.015,0.0483,0.0411,LOW
VM_001,1378716300,0.7167,0.8152,0.7977,0.7979,0.7836,0.7868,0.8097,0.7899,0.8152,0.015,0.0487,0.0415,LOW
VM_001,1378716600,0.6667,0.8148,0.797,0.797,0.7832,0.786,0.809,0.7893,0.8148,0.0151,0.0485,0.0417,LOW
VM_001,1378716900,0.65,0.8141,0.7959,0.7957,0.7823,0.7849,0.808,0.7884,0.8141,0.0151,0.0481,0.0418,LOW
VM_001,1378717200,0.6667,0.8131,0.7945,0.7943,0.7813,0.7835,0.8067,0.7872,0.8131,0.0152,0.0477,0.042,LOW
VM_001,1378717500,0.6167,0.8118,0.7929,0.7926,0.78,0.7818,0.805,0.7857,0.8118,0.0152,0.0477,0.0421,LOW
VM_001,1378717800,0.7,0.8106,0.7915,0.7911,0.7787,0.7802,0.8034,0.7843,0.8106,0.0152,0.0477,0.0423,LOW
VM_001,1378718100,0.6667,0.8095,0.7901,0.7896,0.7776,0.7787,0.8019,0.783,0.8095,0.0153,0.0473,0.0424,LOW
VM_001,1378718400,0.5833,0.8072,0.7885,0.7883,0.7766,0.7775,0.7998,0.7815,0.8072,0.0151,0.0485,0.0419,LOW
VM_001,1378718700,0.6333,0.8048,0.7855,0.7853,0.7739,0.7749,0.7975,0.7789,0.8048,0.0152,0.0489,0.0419,LOW
VM_001,1378719000,0.6,0.8031,0.7837,0.7833,0.7722,0.7726,0.7954,0.7771,0.8031,0.0151,0.0463,0.0415,LOW
VM_001,1378719300,0.7,0.8005,0.7825,0.7824,0.7717,0.7718,0.7934,0.7759,0.8005,0.0149,0.0435,0.0402,LOW
VM_001,1378719600,0.7,0.7989,0.7794,0.779,0.7686,0.7686,0.7913,0.7731,0.7989,0.0151,0.0428,0.0405,LOW
VM_001,1378719900,0.7167,0.7989,0.7802,0.7795,0.7695,0.7685,0.7907,0.7735,0.7989,0.0149,0.0439,0.0403,LOW
VM_001,1378720200,0.5167,0.7967,0.7779,0.7772,0.7674,0.7659,0.788,0.7712,0.7967,0.0149,0.0534,0.0415,LOW
VM_001,1378720500,0.6333,0.7949,0.7762,0.7754,0.7658,0.7638,0.7855,0.7694,0.7949,0.0148,0.0534,0.0414,LOW
VM_001,1378720800,0.6333,0.7932,0.7745,0.7736,0.7641,0.7615,0.7831,0.7675,0.7932,0.0148,0.0525,0.0414,LOW
VM_001,1378721100,0.6667,0.792,0.7733,0.7723,0.7628,0.7597,0.781,0.766,0.792,0.0148,0.0501,0.0413,LOW
VM_001,1378721400,0.6667,0.7913,0.7725,0.7714,0.762,0.7583,0.7793,0.765,0.7913,0.0148,0.0485,0.0412,LOW
VM_001,1378721700,0.65,0.7906,0.7717,0.7705,0.7611,0.7569,0.7778,0.764,0.7906,0.0149,0.0485,0.0414,LOW
VM_001,1378722000,0.6333,0.7901,0.7712,0.7699,0.7605,0.7557,0.7763,0.7632,0.7901,0.0149,0.0481,0.0416,LOW
VM_001,1378722300,0.65,0.7896,0.7707,0.7693,0.7599,0.7546,0.775,0.7625,0.7896,0.0149,0.0481,0.0418,LOW
VM_001,1378722600,0.6833,0.7898,0.7709,0.7694,0.7599,0.754,0.7742,0.7623,0.7898,0.015,0.0481,0.042,LOW
VM_001,1378722900,0.7333,0.7905,0.7715,0.7699,0.7604,0.7539,0.774,0.7626,0.7905,0.015,0.0491,0.0425,LOW
VM_001,1378723200,0.7,0.7916,0.7725,0.7708,0.7612,0.7542,0.7742,0.7634,0.7916,0.0151,0.0484,0.0429,LOW
VM_001,1378723500,0.7167,0.7931,0.774,0.7722,0.7626,0.755,0.7748,0.7646,0.7931,0.0152,0.0484,0.0434,LOW
VM_001,1378723800,0.5667,0.7938,0.7748,0.7729,0.7632,0.7551,0.7747,0.7651,0.7938,0.0152,0.0518,0.0442,LOW
VM_001,1378724100,0.5833,0.794,0.775,0.7731,0.7633,0.7546,0.7741,0.765,0.794,0.0153,0.0537,0.0449,LOW
VM_001,1378724400,0.7,0.7947,0.7756,0.7737,0.7638,0.7545,0.7738,0.7654,0.7947,0.0153,0.0546,0.0455,LOW
VM_001,1378724700,0.6667,0.7955,0.7765,0.7746,0.7645,0.7546,0.7738,0.7659,0.7955,0.0154,0.0541,0.0459,LOW
VM_001,1378725000,0.65,0.7963,0.7773,0.7754,0.7652,0.7547,0.7738,0.7665,0.7963,0.0155,0.0532,0.0463,LOW
VM_001,1378725300,0.5667,0.7966,0.7777,0.7757,0.7654,0.7543,0.7732,0.7665,0.7966,0.0156,0.0559,0.0471,LOW
VM_001,1378725600,0.55,0.7962,0.7774,0.7755,0.765,0.7533,0.772,0.766,0.7962,0.0157,0.0579,0.0477,LOW
VM_001,1378725900,0.6167,0.7958,0.7772,0.7753,0.7646,0.7522,0.7708,0.7654,0.7958,0.0158,0.0582,0.0483,LOW
VM_001,1378726200,0.6333,0.7956,0.7771,0.7752,0.7643,0.7512,0.7698,0.765,0.7956,0.0159,0.0575,0.0487,LOW
VM_001,1378726500,0.7,0.7961,0.7775,0.7757,0.7646,0.7508,0.7693,0.7651,0.7961,0.0161,0.0575,0.0492,LOW
VM_001,1378726800,0.7167,0.7971,0.7786,0.7768,0.7655,0.751,0.7694,0.7659,0.7971,0.0162,0.0582,0.0499,LOW
VM_001,1378727100,0.7,0.7985,0.7801,0.7783,0.7668,0.7516,0.7699,0.767,0.7985,0.0164,0.0575,0.0503,LOW
VM_001,1378727400,0.55,0.7991,0.7808,0.7791,0.7674,0.7515,0.7698,0.7674,0.7991,0.0165,0.0545,0.0503,LOW
VM_001,1378727700,0.5667,0.7991,0.781,0.7793,0.7675,0.7509,0.7691,0.7673,0.7991,0.0166,0.0569,0.051,LOW
VM_001,1378728000,0.65,0.7993,0.7813,0.7797,0.7676,0.7504,0.7685,0.7673,0.7993,0.0168,0.0569,0.0514,LOW
VM_001,1378728300,0.5833,0.7992,0.7814,0.7799,0.7676,0.7496,0.7677,0.7671,0.7992,0.017,0.0581,0.052,LOW
VM_001,1378728600,0.65,0.7993,0.7816,0.7801,0.7676,0.749,0.767,0.767,0.7993,0.0171,0.0579,0.0524,LOW
VM_001,1378728900,0.55,0.799,0.7815,0.7802,0.7674,0.7481,0.766,0.7666,0.799,0.0173,0.0609,0.0532,LOW
VM_001,1378729200,0.5333,0.798,0.7808,0.7796,0.7666,0.7466,0.7644,0.7656,0.798,0.0174,0.0645,0.054,LOW
VM_001,1378729500,0.5667,0.797,0.7799,0.7789,0.7655,0.7449,0.7627,0.7645,0.797,0.0176,0.0659,0.0546,LOW
VM_001,1378729800,0.6833,0.7966,0.7796,0.7788,0.7652,0.7438,0.7616,0.7639,0.7966,0.0178,0.0659,0.055,LOW
VM_001,1378730100,0.65,0.7967,0.7798,0.7791,0.7652,0.7431,0.7609,0.7638,0.7967,0.018,0.0623,0.055,LOW
VM_001,1378730400,0.7,0.7973,0.7805,0.7799,0.7658,0.743,0.7608,0.7643,0.7973,0.0182,0.0623,0.0555,LOW
VM_001,1378730700,0.65,0.7971,0.7809,0.7805,0.7663,0.7432,0.7605,0.7645,0.7971,0.0182,0.0596,0.0548,LOW
VM_001,1378731000,0.5667,0.7975,0.7809,0.7807,0.7662,0.7423,0.7601,0.7644,0.7975,0.0185,0.0596,0.0555,LOW
VM_001,1378731300,0.7,0.7985,0.7823,0.7822,0.7676,0.7431,0.7607,0.7656,0.7985,0.0185,0.0608,0.0556,LOW
VM_001,1378731600,0.7167,0.7998,0.7837,0.7836,0.7689,0.7437,0.7614,0.7667,0.7998,0.0187,0.0618,0.0561,LOW
VM_001,1378731900,0.7167,0.8017,0.7857,0.7857,0.7709,0.7451,0.7628,0.7685,0.8017,0.0188,0.0639,0.0566,LOW
VM_001,1378732200,0.6,0.8017,0.7863,0.7867,0.7718,0.746,0.7631,0.7692,0.8017,0.0188,0.0641,0.0559,LOW
VM_001,1378732500,0.65,0.8018,0.7864,0.7871,0.7722,0.7461,0.7632,0.7695,0.8018,0.0188,0.0627,0.0556,LOW
VM_001,1378732800,0.6667,0.8037,0.7882,0.7889,0.774,0.7471,0.7646,0.7712,0.8037,0.0189,0.0605,0.0557,LOW
VM_001,1378733100,0.5167,0.8043,0.7893,0.7902,0.7752,0.7478,0.7652,0.7722,0.8043,0.019,0.0653,0.056,LOW
VM_001,1378733400,0.6,0.8045,0.7896,0.7907,0.7756,0.7477,0.765,0.7725,0.8045,0.0191,0.0657,0.0562,LOW
VM_001,1378733700,0.7,0.8055,0.7907,0.7919,0.7766,0.7482,0.7656,0.7734,0.8055,0.0192,0.0657,0.0564,LOW
VM_001,1378734000,0.7,0.8071,0.7923,0.7937,0.7782,0.7493,0.7667,0.7749,0.8071,0.0193,0.0648,0.0566,LOW
VM_001,1378734300,0.6,0.8082,0.7934,0.7949,0.7793,0.75,0.7674,0.7759,0.8082,0.0194,0.0634,0.0566,LOW
VM_001,1378734600,0.6167,0.809,0.7944,0.7961,0.7803,0.7505,0.768,0.7768,0.809,0.0195,0.0613,0.0565,LOW
VM_001,1378734900,0.5833,0.8096,0.7951,0.7969,0.7809,0.7508,0.7683,0.7774,0.8096,0.0196,0.0607,0.0565,LOW
VM_001,1378735200,0.75,0.811,0.7964,0.7984,0.7822,0.7517,0.7692,0.7787,0.811,0.0197,0.0653,0.0573,LOW
VM_001,1378735500,0.7333,0.8118,0.7976,0.7999,0.7837,0.7531,0.7704,0.78,0.8118,0.0197,0.0672,0.0571,LOW
VM_001,1378735800,0.65,0.8139,0.7993,0.8018,0.7854,0.7542,0.772,0.7817,0.8139,0.0199,0.0672,0.0577,LOW
VM_001,1378736100,0.5833,0.8152,0.8009,0.8036,0.7871,0.7557,0.7734,0.7834,0.8152,0.0199,0.0656,0.0571,LOW
VM_001,1378736400,0.6833,0.8164,0.8021,0.8049,0.7883,0.7566,0.7744,0.7845,0.8164,0.0199,0.0617,0.0567,LOW
VM_001,1378736700,0.6,0.8155,0.8018,0.8051,0.7886,0.7572,0.7744,0.7847,0.8155,0.0197,0.0601,0.0553,LOW
VM_001,1378737000,0.7167,0.8164,0.8024,0.806,0.7894,0.7576,0.7753,0.7855,0.8164,0.0198,0.0612,0.0556,LOW
VM_001,1378737300,0.7,0.8185,0.8047,0.8085,0.7919,0.7597,0.7776,0.7879,0.8185,0.0197,0.062,0.0554,LOW
VM_001,1378737600,0.6,0.8198,0.806,0.8099,0.7933,0.7608,0.7789,0.7893,0.8198,0.0198,0.0622,0.0554,LOW
VM_001,1378737900,0.5833,0.8206,0.8071,0.8111,0.7945,0.7617,0.7798,0.7904,0.8206,0.0197,0.0636,0.0554,LOW
VM_001,1378738200,0.6333,0.8213,0.8078,0.812,0.7953,0.7623,0.7806,0.7912,0.8213,0.0198,0.0614,0.0551,LOW
VM_001,1378738500,0.65,0.8222,0.8087,0.8131,0.7962,0.763,0.7813,0.7921,0.8222,0.0198,0.0605,0.0549,LOW
VM_001,1378738800,0.65,0.823,0.8096,0.8141,0.797,0.7637,0.7821,0.793,0.823,0.0198,0.0587,0.0547,LOW
VM_001,1378739100,0.7333,0.8244,0.811,0.8156,0.7985,0.7649,0.7835,0.7944,0.8244,0.0199,0.0596,0.0549,LOW
VM_001,1378739400,0.6333,0.8255,0.8121,0.8169,0.7996,0.7658,0.7846,0.7956,0.8255,0.0199,0.0589,0.0548,LOW
VM_001,1378739700,1.05,0.8225,0.8054,0.8097,0.7919,0.7593,0.7845,0.7899,0.8225,0.0202,0.1012,0.0627,LOW
VM_001,1378740000,85.0667,1.8688,1.8223,1.7888,1.7199,1.6267,1.7569,1.7355,1.8688,0.0727,17.229,0.7947,HIGH
VM_001,1378740300,92.4,5.2614,4.9131,4.7421,4.813,4.8816,5.2293,4.9315,5.2614,0.1923,24.8865,1.0,HIGH
VM_001,1378740600,92.5667,12.0197,11.145,10.7258,12.0527,13.3218,13.2973,12.3003,13.8305,1.0124,30.2076,1.0,HIGH
VM_001,1378740900,92.4167,21.566,20.4768,19.8827,24.0111,26.871,24.6144,23.7288,27.527,2.4614,34.2657,1.0,HIGH
VM_001,1378741200,91.5667,27.0128,26.1473,25.7041,31.1616,34.5792,30.2467,30.3472,34.711,3.0317,37.4159,1.0,HIGH
VM_001,1378741500,90.6667,22.3169,21.0959,20.6132,26.6061,30.0104,25.1663,25.6262,30.0104,3.1863,39.8789,1.0,HIGH
VM_001,1378741800,87.5333,20.1553,18.8131,18.5005,23.4393,25.7554,21.3007,22.4415,25.7554,2.4656,41.6462,1.0,HIGH
VM_001,1378742100,87.5667,16.1846,14.6481,14.5426,17.888,19.0368,15.8507,17.0422,19.0368,1.5649,43.0254,1.0,HIGH
VM_001,1378742400,87.7,10.9143,9.0116,8.8488,10.8491,11.2831,9.5763,10.315,11.4128,0.8725,44.0643,1.0,HIGH
VM_001,1378742700,89.7833,8.0551,6.0024,5.6994,6.9737,7.2601,6.3262,6.7507,8.0551,0.6648,44.8769,1.0,HIGH
VM_001,1378743000,91.95,5.8205,3.7833,3.4049,4.4724,4.803,4.3039,4.4192,5.8205,0.6409,45.4584,1.0,HIGH
VM_001,1378743300,93.05,6.3733,4.3647,3.9147,5.0376,5.5604,5.1171,5.0904,6.3733,0.7169,45.7498,1.0,HIGH
VM_001,1378743600,89.4167,4.0158,2.3509,2.0304,3.1963,3.6286,3.2642,3.1364,4.0158,0.6201,45.5609,1.0,HIGH
VM_001,1378743900,90.4167,4.5068,2.841,2.4969,3.57,4.0032,3.7723,3.5869,4.5068,0.6249,45.0872,1.0,HIGH
VM_001,1378744200,93.2167,5.0026,3.4567,3.1228,4.1848,4.7591,4.472,4.2543,5.0026,0.658,44.3826,1.0,HIGH
VM_001,1378744500,93.8333,5.5804,4.1305,3.6837,5.0056,5.8085,5.4735,5.102,6.0293,0.8015,43.3296,1.0,HIGH
VM_001,1378744800,90.8667,4.7788,3.5135,3.1493,4.7315,5.6023,5.1268,4.7153,5.7155,0.8847,41.7841,1.0,HIGH
VM_001,1378745100,92.8,7.1976,5.7862,5.0996,7.5548,9.0062,8.3541,7.5373,9.1572,1.3601,39.8587,1.0,HIGH
VM_001,1378745400,92.9833,5.7507,4.6153,3.9939,6.5014,7.9664,7.1002,6.3987,8.0233,1.3771,37.4348,1.0,HIGH
VM_001,1378745700,94.6833,7.8021,6.5026,5.7545,9.0829,11.1057,9.9833,8.9253,11.1057,1.8387,34.4363,1.0,HIGH
VM_001,1378746000,94.9,9.4541,7.8292,7.1348,11.6534,14.6441,12.9291,11.3976,14.6441,2.5811,30.6365,1.0,HIGH
VM_001,1378746300,89.6833,14.4705,12.4743,12.1853,18.5273,22.3209,19.4497,17.7401,22.3209,3.521,25.6099,1.0,HIGH
VM_001,1378746600,87.0167,22.7276,20.8224,21.2617,28.7249,31.9459,27.5541,26.897,31.9459,3.727,18.5328,1.0,HIGH
VM_001,1378746900,90.4667,26.5299,24.903,25.9739,33.2627,35.8141,30.306,30.9082,35.8141,3.5418,2.5783,0.7309,HIGH
VM_001,1378747200,90.35,29.5716,27.9882,29.2668,36.076,37.86,31.6442,33.4668,37.86,3.2219,2.2611,0.6902,HIGH
VM_001,1378747500,90.05,32.5234,31.0547,32.3297,38.5707,39.636,32.9203,35.7739,39.636,2.8863,2.2559,0.6895,HIGH
VM_001,1378747800,89.5333,35.1299,34.0744,35.2268,40.7169,41.0802,34.1232,37.7661,41.0802,2.5443,2.2529,0.6891,HIGH
VM_001,1378748100,87.6667,37.7164,36.5379,37.436,41.6967,41.0084,34.4398,38.804,41.6967,2.1566,2.3246,0.6983,HIGH
VM_001,1378748400,89.1,40.0304,38.5032,38.9415,42.1946,40.1046,33.8743,39.1996,42.1946,2.2679,2.3408,0.7004,HIGH
VM_001,1378748700,89.7667,39.6342,37.602,37.5339,38.9934,35.784,30.8094,36.4402,39.6342,2.6785,2.3475,0.7013,HIGH
VM_001,1378749000,87.2833,22.1409,18.7832,17.6631,17.4229,15.1363,14.0882,16.6356,22.1409,2.2822,2.3622,0.7031,HIGH
VM_001,1378749300,85.45,8.0279,4.6988,3.3302,3.0557,2.6809,3.5776,3.4721,8.0279,1.498,2.5145,0.7227,HIGH
VM_001,1378749600,82.6,3.1104,0.8273,0.0,0.0,0.4782,1.2777,0.5911,3.1104,0.8502,2.9406,0.7774,HIGH
VM_001,1378749900,73.0167,4.0845,2.0368,1.2235,1.3745,1.9959,2.6767,1.8909,4.0845,0.8487,4.5928,0.9894,HIGH
VM_001,1378750200,78.85,4.3367,2.1427,1.2888,1.2047,1.7165,3.0457,1.8894,4.3367,0.963,5.055,1.0,HIGH
VM_001,1378750500,87.9,2.2167,0.3175,0.0,0.0,0.355,1.4701,0.4819,2.2167,0.662,4.9863,1.0,HIGH
VM_001,1378750800,91.1,11.517,8.6646,7.6145,7.6455,8.1795,9.4706,8.5394,11.517,1.0762,5.0067,1.0,HIGH
VM_001,1378751100,90.3,12.1517,8.9872,8.0156,9.0412,10.0731,10.5509,9.6839,12.1517,1.1365,5.0053,1.0,HIGH
VM_001,1378751400,86.0833,9.0961,6.274,5.4238,7.1212,8.2277,8.3067,7.4365,9.0961,1.1793,4.9488,1.0,HIGH
VM_001,1378751700,76.3167,3.8901,2.0186,1.668,2.8916,3.8209,3.7102,3.0184,3.8901,0.8321,5.4126,1.0,HIGH
VM_001,1378752000,76.5167,8.4823,6.2154,5.6797,6.7021,7.2744,7.6181,6.96,8.4823,0.8027,5.8422,1.0,HIGH
VM_001,1378752300,89.9333,13.037,10.202,9.6573,11.182,11.8624,11.5511,11.3073,13.037,0.9519,5.7528,1.0,HIGH
VM_001,1378752600,91.5167,15.926,12.9046,12.4299,14.7167,15.6735,14.5249,14.5657,15.926,1.1497,5.6956,1.0,HIGH
VM_001,1378752900,89.8333,18.1359,15.0622,14.566,17.726,18.8714,17.0206,17.2353,18.8714,1.4061,5.4969,1.0,HIGH
VM_001,1378753200,85.9667,13.413,10.4626,10.0664,13.1246,14.2347,12.7722,12.6752,14.2829,1.4503,5.2264,1.0,HIGH
VM_001,1378753500,76.1667,5.4788,3.1854,3.0128,4.9718,5.7783,5.1238,4.7322,5.7783,1.0017,5.5858,1.0,HIGH
VM_001,1378753800,76.7333,11.7245,9.0595,8.6654,10.6068,10.9414,10.1793,10.3131,11.7245,0.9126,5.8866,1.0,HIGH
VM_001,1378754100,89.95,15.6313,12.493,12.1594,14.6453,15.0275,13.5218,14.1204,15.6313,1.0801,5.8687,1.0,HIGH
VM_001,1378754400,92.25,19.7382,16.5307,16.1394,19.4604,20.1469,17.7548,18.6497,20.1469,1.3249,5.9492,1.0,HIGH
VM_001,1378754700,92.6833,22.8355,19.678,19.1633,23.4413,24.6819,21.4101,22.4086,24.6819,1.7208,6.0586,1.0,HIGH
VM_001,1378755000,90.95,25.36,22.4884,22.099,26.891,28.1577,24.251,25.5297,28.1577,1.8929,6.1044,1.0,HIGH
VM_001,1378755300,80.8833,18.4594,15.3857,15.0109,18.6726,19.3919,16.8451,17.7036,19.4238,1.5005,6.1683,1.0,HIGH
VM_001,1378755600,72.4833,22.7615,19.644,19.4325,23.8773,24.6556,21.0774,22.4859,24.6556,1.7875,6.6558,1.0,HIGH
VM_001,1378755900,92.9333,22.4577,19.9426,19.8183,25.1722,26.5781,22.4288,23.5745,26.5781,2.2509,6.7892,1.0,HIGH
VM_001,1378756200,91.5333,32.1146,29.8999,30.339,36.197,37.202,31.4168,33.8053,37.202,2.3833,6.9083,1.0,HIGH
VM_001,1378756500,88.2833,35.2837,33.8316,34.6308,40.4974,40.7852,34.0291,37.3905,40.7852,2.4032,6.9391,1.0,HIGH
VM_001,1378756800,92.9333,43.5292,42.5707,43.2963,47.6761,46.253,38.7974,44.2031,47.6761,2.2778,7.0897,1.0,HIGH
VM_001,1378757100,91.35,50.8094,50.5016,51.1656,53.5351,50.4049,42.7335,49.9901,53.5351,2.9532,6.6454,1.0,HIGH
VM_001,1378757400,91.5833,56.0861,56.0833,56.7396,57.4171,53.0693,45.517,53.9215,58.1433,3.7764,6.5241,1.0,HIGH
VM_001,1378757700,89.7833,50.7656,48.9573,49.0297,50.0124,46.9923,40.1961,47.2396,50.7656,3.1151,6.5476,1.0,HIGH
VM_001,1378758000,83.35,36.8194,33.9527,32.7271,32.6479,31.0975,28.3438,31.9532,36.8194,2.1628,6.5278,1.0,HIGH
VM_001,1378758300,86.2167,15.5525,12.2763,11.1287,11.6111,11.3203,11.1206,11.6638,15.5525,1.2693,6.4824,1.0,HIGH
VM_001,1378758600,91.1,5.4609,2.7865,2.0849,2.7346,3.0218,3.2681,2.9442,5.4609,0.8948,6.5486,1.0,HIGH
VM_001,1378758900,84.9833,4.6397,2.3689,1.7988,2.359,2.6208,2.9096,2.55,4.6397,0.7485,6.1786,1.0,HIGH
VM_001,1378759200,90.2167,4.767,2.3669,1.8449,2.4616,2.8702,3.0708,2.7146,4.767,0.7762,5.7803,1.0,HIGH
VM_001,1378759500,92.85,4.3663,2.0787,1.664,2.4719,3.0393,3.09,2.6982,4.3663,0.7626,5.8604,1.0,HIGH
VM_001,1378759800,88.6167,3.0165,0.9823,0.6381,1.5202,2.0569,2.2305,1.6979,3.0165,0.7126,5.8096,1.0,HIGH
VM_001,1378760100,91.8333,4.3996,2.3031,1.9861,2.9878,3.6786,3.5737,3.1764,4.3996,0.7676,5.8564,1.0,HIGH
VM_001,1378760400,94.4667,6.8177,4.5942,4.0965,5.6988,6.7579,6.3527,5.8754,7.1826,1.0226,6.0001,1.0,HIGH
VM_001,1378760700,79.2667,9.213,6.907,6.3385,9.2757,10.7182,9.4531,9.0798,11.0995,1.5269,5.7608,1.0,HIGH
VM_001,1378761000,93.2167,12.6128,10.3502,9.6739,13.794,15.9064,13.7072,13.3011,15.9064,2.0307,5.2959,1.0,HIGH
VM_001,1378761300,91.8667,21.1217,18.8598,18.8387,24.3865,26.6958,22.4987,22.9934,26.6958,2.5348,5.3267,1.0,HIGH
VM_001,1378761600,88.1667,22.7894,21.0637,21.7054,28.3896,30.6947,25.2628,26.2167,30.6947,3.0871,5.2829,1.0,HIGH
VM_001,1378761900,93.5333,26.8653,25.2753,26.0143,32.8248,34.3802,28.5811,30.1748,34.3802,2.9416,5.3128,1.0,HIGH
VM_001,1378762200,92.2333,34.2711,33.1275,34.0932,40.2779,40.5989,33.951,37.0239,40.5989,2.5469,5.3412,1.0,HIGH
VM_001,1378762500,87.9,36.1769,35.604,36.6508,42.3677,42.0913,34.8306,38.8221,42.3677,2.4873,5.0682,1.0,HIGH
VM_001,1378762800,93.4,40.244,39.7882,40.689,45.6626,44.7082,37.1665,42.0473,45.6626,2.3663,3.6767,0.8718,HIGH
VM_001,1378763100,92.0,46.5084,46.3187,47.194,50.5638,48.401,40.6627,46.9418,50.5638,2.5792,3.6499,0.8684,HIGH
VM_001,1378763400,86.3667,52.3031,52.3771,53.1951,54.9017,51.4047,43.6616,51.314,55.2865,3.2594,3.7092,0.876,HIGH
VM_001,1378763700,88.55,55.5761,55.6144,56.3417,57.1583,52.8988,45.2796,53.5961,57.8752,3.7353,3.7048,0.8754,HIGH
VM_001,1378764000,89.3667,57.3251,57.2261,57.8218,58.1127,53.4364,46.123,54.6184,58.7835,3.9628,3.6458,0.8679,HIGH
VM_001,1378764300,90.4833,60.2302,60.1612,60.5489,60.0274,54.7575,47.8495,56.6949,60.7682,4.3136,3.6327,0.8662,HIGH
VM_001,1378764600,55.9833,61.8886,61.9839,62.3674,61.0021,55.3719,48.714,57.8947,62.3674,4.6122,7.7451,1.0,HIGH
VM_001,1378764900,0.7167,61.7216,61.7599,62.1767,60.5954,54.9585,48.4221,57.5698,62.1767,4.6484,19.4402,1.0,HIGH
VM_001,1378765200,0.6833,61.7093,61.7129,62.1908,60.3289,54.711,48.2788,57.4207,62.1908,4.6913,25.8947,1.0,HIGH
VM_001,1378765500,0.75,61.3768,61.2931,61.775,59.7526,54.2228,47.9717,56.9603,61.775,4.6625,30.5962,1.0,HIGH
VM_001,1378765800,0.7167,61.0503,60.9425,61.3902,59.1867,53.7293,47.7301,56.5289,61.3902,4.6297,34.1927,1.0,HIGH
VM_001,1378766100,0.6833,60.9053,60.8151,61.2381,58.8853,53.4518,47.6201,56.3205,61.2381,4.6252,37.1799,1.0,HIGH
VM_001,1378766400,0.5667,61.0718,61.0281,61.4609,59.0128,53.5405,47.7121,56.4723,61.4609,4.6634,39.5079,1.0,HIGH
VM_001,1378766700,0.5667,61.3869,61.392,61.8593,59.3546,53.8149,47.8986,56.7963,61.8593,4.7209,41.2756,1.0,HIGH
VM_001,1378767000,0.7333,61.6426,61.6839,62.1876,59.6475,54.0462,48.0436,57.0627,62.1876,4.7708,42.7378,1.0,HIGH
VM_001,1378767300,0.7167,61.7428,61.8083,62.3483,59.7581,54.1077,48.0688,57.1597,62.3483,4.8098,43.7225,1.0,HIGH
VM_001,1378767600,0.7,61.6553,61.7514,62.3448,59.6312,53.9191,47.9225,57.0429,62.3448,4.8555,44.2402,1.0,HIGH
VM_001,1378767900,0.7,61.3034,61.4236,62.1199,59.1713,53.3585,47.4996,56.6152,62.1199,4.9219,44.975,1.0,HIGH
VM_001,1378768200,0.6167,60.6186,60.736,61.5649,58.2641,52.3361,46.7521,55.7823,61.5649,4.9999,44.894,1.0,HIGH
VM_001,1378768500,0.6667,59.4338,59.5269,60.4706,56.6513,50.5793,45.5354,54.3283,60.4706,5.0969,44.5318,1.0,HIGH
VM_001,1378768800,0.7,57.2237,57.1668,58.2497,53.6281,47.261,43.2086,51.5702,58.2497,5.2755,44.0189,1.0,HIGH
VM_001,1378769100,0.7333,53.6157,53.3894,54.5356,49.0105,42.1966,39.3826,47.2082,54.5356,5.5532,42.8646,1.0,HIGH
VM_001,1378769400,0.6667,49.2455,49.0189,49.8849,43.4523,36.3458,34.7583,41.9684,49.8849,5.8603,41.3918,1.0,HIGH
VM_001,1378769700,0.75,44.3997,44.2745,44.5546,36.8755,29.7764,29.56,36.0251,44.5546,6.2426,39.7876,1.0,HIGH
VM_001,1378770000,0.7,38.2413,38.1287,37.7516,28.479,21.5426,22.8623,28.5616,38.2413,6.7141,37.3145,1.0,HIGH
VM_001,1378770300,0.7,33.4735,33.1996,32.2172,22.1772,15.1873,17.3517,22.7957,33.4735,7.068,34.3466,1.0,HIGH
VM_001,1378770600,0.7333,29.6853,28.9322,27.4027,17.4384,10.5427,13.0634,18.3356,29.6853,7.1099,31.2028,1.0,HIGH
VM_001,1378770900,0.5833,26.6541,25.253,23.3267,13.7292,7.3033,10.1424,14.9384,26.6541,6.883,26.9533,1.0,HIGH
VM_001,1378771200,0.7,23.9829,21.7761,19.4362,10.2848,4.6493,7.869,11.9098,23.9829,6.5639,21.1046,1.0,HIGH
VM_001,1378771500,0.65,20.9188,17.7346,14.9049,6.2586,1.7898,5.3766,8.4242,20.9188,6.2015,11.288,1.0,HIGH
VM_001,1378771800,0.5833,17.8203,13.8263,10.7646,3.0141,0.0,3.4853,5.5187,17.8203,5.625,0.0569,0.4073,HIGH
VM_001,1378772100,0.7333,14.7474,10.3431,7.3275,0.8207,0.0,2.0865,3.5983,14.7474,4.6653,0.0575,0.4074,HIGH
VM_001,1378772400,0.7167,11.72,7.3544,4.5895,0.0,0.0,1.0166,2.3622,11.72,3.6033,0.0579,0.4074,HIGH
VM_001,1378772700,0.7167,8.8673,4.9246,2.5292,0.0,0.0,0.2632,1.5008,8.8673,2.6513,0.0566,0.4073,HIGH
VM_001,1378773000,0.7,6.5892,3.311,1.3053,0.0,0.0,0.0,0.9882,6.5892,1.932,0.0562,0.4072,HIGH
VM_001,1378773300,0.7167,5.0493,2.4661,0.8182,0.0,0.0,0.0,0.7323,5.0493,1.4725,0.0567,0.4073,HIGH
VM_001,1378773600,0.5833,3.9357,1.9623,0.6472,0.0,0.0,0.0,0.5818,3.9357,1.1506,0.0554,0.4071,HIGH
VM_001,1378773900,0.6167,3.0424,1.5868,0.5869,0.0,0.0,0.1225,0.4832,3.0424,0.8918,0.0517,0.4066,HIGH
VM_001,1378774200,0.6667,2.4024,1.3637,0.6384,0.0,0.0,0.3108,0.4429,2.4024,0.7124,0.0507,0.4065,HIGH
VM_001,1378774500,0.65,2.0152,1.28,0.767,0.164,0.1885,0.5225,0.5552,2.0152,0.5538,0.0505,0.4065,HIGH
VM_001,1378774800,0.6833,1.7924,1.2641,0.9038,0.4437,0.4969,0.711,0.7424,1.7924,0.3987,0.0503,0.4065,HIGH
VM_001,1378775100,0.7333,1.6456,1.2591,1.0094,0.6597,0.7291,0.8575,0.8882,1.6456,0.2864,0.0514,0.4066,HIGH
VM_001,1378775400,0.75,1.53,1.243,1.0759,0.8164,0.897,0.9613,0.9909,1.53,0.2013,0.0515,0.4066,HIGH
VM_001,1378775700,0.6833,1.4305,1.2131,1.107,0.9164,1.0034,1.0226,1.0511,1.4305,0.139,0.0514,0.4066,HIGH
VM_001,1378776000,0.7,1.3431,1.173,1.1107,0.9681,1.0572,1.048,1.0755,1.3431,0.0962,0.0514,0.2994,HIGH
VM_001,1378776300,0.7167,1.2649,1.1277,1.0977,0.9878,1.076,1.0498,1.0765,1.2649,0.0675,0.0508,0.2229,HIGH
VM_001,1378776600,0.6333,1.2112,1.0955,1.0888,1.0014,1.0873,1.0514,1.0772,1.2112,0.0498,0.0518,0.1704,MEDIUM
VM_001,1378776900,0.7167,1.1624,1.0644,1.0743,1.0054,1.0879,1.0463,1.0705,1.1624,0.0388,0.0503,0.129,MEDIUM
VM_001,1378777200,0.7,1.1284,1.0464,1.0692,1.0134,1.092,1.0454,1.07,1.1284,0.0332,0.0503,0.0962,MEDIUM
VM_001,1378777500,0.7,1.1146,1.0469,1.0792,1.0336,1.1086,1.0571,1.0831,1.1381,0.0315,0.0503,0.0881,MEDIUM
VM_001,1378777800,0.7167,1.1098,1.0556,1.0942,1.0589,1.1298,1.0748,1.1015,1.1617,0.0322,0.0497,0.0892,MEDIUM
VM_001,1378778100,0.7,1.1049,1.062,1.1048,1.0802,1.1465,1.0899,1.1161,1.18,0.0342,0.0452,0.0979,MEDIUM
VM_001,1378778400,0.7,1.0934,1.0609,1.1064,1.0914,1.1527,1.0961,1.1213,1.1875,0.0366,0.0452,0.1046,MEDIUM
VM_001,1378778700,0.5833,1.0814,1.059,1.107,1.0989,1.1556,1.0989,1.124,1.1922,0.0391,0.0494,0.1103,MEDIUM
VM_001,1378779000,0.6833,1.0688,1.0515,1.1018,1.1004,1.1536,1.0989,1.1222,1.1917,0.042,0.0446,0.1152,MEDIUM
VM_001,1378779300,0.6,1.0449,1.0339,1.0853,1.0888,1.138,1.0867,1.1075,1.1772,0.0439,0.0469,0.1179,MEDIUM
VM_001,1378779600,0.7,1.0228,1.0166,1.0694,1.0763,1.1227,1.0748,1.0932,1.1633,0.046,0.0464,0.1205,MEDIUM
VM_001,1378779900,0.7167,0.9987,0.9971,1.0507,1.0602,1.1038,1.0597,1.0758,1.1458,0.0476,0.0464,0.122,MEDIUM
VM_001,1378780200,0.6167,0.974,0.9769,1.031,1.0422,1.0829,1.043,1.0569,1.1263,0.0489,0.0481,0.1251,MEDIUM
VM_001,1378780500,0.65,0.9495,0.9568,1.0108,1.0233,1.0607,1.0252,1.0371,1.1054,0.0498,0.0477,0.1278,MEDIUM
VM_001,1378780800,0.65,0.9257,0.9372,0.9906,1.0042,1.0375,1.0068,1.0169,1.0834,0.0502,0.0439,0.1287,MEDIUM
VM_001,1378781100,0.6167,0.9027,0.9182,0.9704,0.985,1.0132,0.9876,0.9963,1.0615,0.0502,0.0439,0.1296,MEDIUM
VM_001,1378781400,0.6333,0.8806,0.8999,0.9504,0.966,0.9882,0.968,0.9756,1.0406,0.0497,0.0448,0.1307,MEDIUM
VM_001,1378781700,0.7333,0.8598,0.8828,0.9309,0.9479,0.9632,0.9486,0.9554,1.0198,0.0489,0.0458,0.1308,MEDIUM
VM_001,1378782000,0.7167,0.8402,0.8667,0.9121,0.9306,0.9384,0.9297,0.9356,0.9993,0.048,0.0464,0.1302,MEDIUM
VM_001,1378782300,0.65,0.8216,0.8514,0.8937,0.9138,0.9138,0.911,0.9163,0.9791,0.047,0.0455,0.1288,MEDIUM
VM_001,1378782600,0.6333,0.8043,0.8373,0.8763,0.8982,0.8902,0.8933,0.8981,0.9598,0.0459,0.0436,0.127,MEDIUM
VM_001,1378782900,0.5167,0.7881,0.8241,0.8597,0.8834,0.8676,0.8765,0.8806,0.9415,0.045,0.0539,0.1266,MEDIUM
VM_001,1378783200,0.6667,0.7745,0.8129,0.8452,0.8708,0.8478,0.8622,0.8656,0.9257,0.0444,0.0535,0.1249,MEDIUM
VM_001,1378783500,0.7,0.7631,0.8038,0.8329,0.8605,0.8306,0.8504,0.853,0.9125,0.0439,0.0529,0.1234,MEDIUM
VM_001,1378783800,0.7167,0.7543,0.7969,0.8229,0.8527,0.8164,0.8415,0.843,0.9022,0.0438,0.0535,0.1223,MEDIUM
VM_001,1378784100,0.7333,0.7481,0.7924,0.8155,0.8476,0.8053,0.8355,0.8358,0.8948,0.0438,0.0543,0.1215,MEDIUM
VM_001,1378784400,0.65,0.7441,0.7899,0.8101,0.8444,0.7967,0.8318,0.8308,0.8898,0.044,0.0539,0.1207,MEDIUM
VM_001,1378784700,0.7333,0.7424,0.7893,0.807,0.8437,0.7908,0.8309,0.8284,0.8877,0.0445,0.0553,0.1205,MEDIUM
VM_001,1378785000,0.65,0.7433,0.7912,0.8065,0.8455,0.7881,0.8326,0.8286,0.8881,0.0449,0.0544,0.12,MEDIUM
VM_001,1378785300,0.6667,0.7462,0.7948,0.8078,0.8492,0.7875,0.8365,0.8309,0.8908,0.0456,0.0538,0.1198,MEDIUM
VM_001,1378785600,0.6833,0.7513,0.8002,0.8111,0.8549,0.7895,0.8427,0.8353,0.8973,0.0463,0.0534,0.1208,MEDIUM
VM_001,1378785900,0.5833,0.7577,0.8069,0.8158,0.8619,0.7931,0.8503,0.8411,0.9051,0.0471,0.0534,0.1219,MEDIUM
VM_001,1378786200,0.7333,0.7665,0.8156,0.8225,0.871,0.7993,0.8602,0.8493,0.9153,0.0479,0.0552,0.1232,MEDIUM
VM_001,1378786500,0.6167,0.7765,0.8254,0.8305,0.8813,0.8069,0.8713,0.8586,0.9266,0.0488,0.0545,0.1242,MEDIUM
VM_001,1378786800,0.7167,0.7889,0.8374,0.8407,0.8936,0.8168,0.8845,0.8702,0.9403,0.0497,0.0551,0.1252,MEDIUM
VM_001,1378787100,0.7,0.8035,0.8515,0.853,0.9078,0.829,0.8996,0.8839,0.956,0.0505,0.0545,0.1261,MEDIUM
VM_001,1378787400,0.7333,0.8211,0.8686,0.8684,0.9248,0.8441,0.9172,0.9004,0.9748,0.0513,0.0552,0.127,MEDIUM
VM_001,1378787700,0.5833,0.8414,0.8885,0.8865,0.9439,0.8616,0.9365,0.9192,0.9958,0.0518,0.0578,0.128,MEDIUM
VM_001,1378788000,0.5667,0.8711,0.9201,0.916,0.9731,0.8894,0.9639,0.9482,1.0274,0.0521,0.0613,0.1299,MEDIUM
VM_001,1378788300,0.7333,0.9052,0.9552,0.9495,1.0062,0.9206,0.9957,0.9811,1.0641,0.0527,0.062,0.132,MEDIUM
VM_001,1378788600,0.7,0.9414,0.9917,0.9846,1.0403,0.9531,1.0282,1.015,1.101,0.0526,0.0619,0.1326,MEDIUM
VM_001,1378788900,0.7167,0.9861,1.0374,1.0285,1.0819,0.9934,1.067,1.0566,1.1452,0.052,0.0612,0.1321,MEDIUM
VM_001,1378789200,0.7,1.0395,1.0918,1.0811,1.1314,1.0415,1.1127,1.1062,1.1977,0.0513,0.0608,0.1313,MEDIUM
VM_001,1378789500,0.6667,1.1,1.1536,1.1413,1.1877,1.0969,1.1648,1.1628,1.2571,0.0505,0.0606,0.1328,MEDIUM
VM_001,1378789800,0.65,1.1663,1.2212,1.2075,1.2501,1.1587,1.2227,1.2254,1.3224,0.0498,0.0603,0.1355,MEDIUM
VM_001,1378790100,0.6167,1.2358,1.292,1.2773,1.3165,1.2252,1.2852,1.292,1.3917,0.0496,0.052,0.1367,MEDIUM
VM_001,1378790400,0.6167,1.3068,1.3641,1.3489,1.3859,1.2952,1.3512,1.3614,1.4637,0.0497,0.0534,0.1385,MEDIUM
VM_001,1378790700,0.6167,1.3781,1.4363,1.4211,1.4572,1.3678,1.4201,1.4326,1.5377,0.0503,0.0543,0.1395,MEDIUM
VM_001,1378791000,0.6167,1.4494,1.5085,1.4939,1.5306,1.4431,1.4917,1.5056,1.6134,0.0513,0.0544,0.1399,MEDIUM
VM_001,1378791300,0.5,1.519,1.5792,1.5657,1.6042,1.5192,1.5638,1.5784,1.689,0.0525,0.0621,0.1407,MEDIUM
VM_001,1378791600,0.6,1.5912,1.6526,1.6408,1.682,1.5997,1.64,1.6552,1.7689,0.0543,0.0632,0.1468,MEDIUM
VM_001,1378791900,0.65,1.6673,1.7302,1.7205,1.7653,1.6861,1.7215,1.7371,1.8543,0.0564,0.0609,0.1538,MEDIUM
VM_001,1378792200,0.6167,1.7519,1.8184,1.8112,1.8596,1.7843,1.8123,1.8299,1.951,0.0592,0.0613,0.1633,MEDIUM
VM_001,1378792500,0.5833,1.8401,1.9092,1.9059,1.959,1.8868,1.9078,1.9268,2.0527,0.0623,0.0626,0.174,MEDIUM
VM_001,1378792800,0.6,1.9312,2.0043,2.0049,2.0625,1.9939,2.0052,2.0275,2.1578,0.0654,0.0627,0.1849,MEDIUM
VM_001,1378793100,0.6167,2.0323,2.1101,2.1151,2.177,2.1113,2.1111,2.1385,2.274,0.0688,0.0617,0.1967,HIGH
VM_001,1378793400,0.6167,2.1406,2.2243,2.2342,2.2999,2.2367,2.2228,2.2574,2.3986,0.0723,0.0589,0.209,HIGH
VM_001,1378793700,0.6167,2.2566,2.3471,2.3625,2.4313,2.3697,2.3402,2.3841,2.5316,0.0759,0.0589,0.2223,HIGH
VM_001,1378794000,0.6833,2.3817,2.4802,2.5012,2.5723,2.5113,2.4643,2.5197,2.6743,0.0797,0.0574,0.2358,HIGH
VM_001,1378794300,0.7,2.5142,2.6216,2.6486,2.721,2.6593,2.5931,2.6625,2.8247,0.0834,0.0574,0.2498,HIGH
VM_001,1378794600,0.6833,2.6505,2.7678,2.8007,2.8731,2.8093,2.7225,2.8081,2.9784,0.0872,0.0546,0.263,HIGH
VM_001,1378794900,0.5333,2.7824,2.9103,2.949,3.0197,2.952,2.8439,2.9477,3.1263,0.0908,0.0575,0.2759,HIGH
VM_001,1378795200,0.65,2.9139,3.0524,3.0965,3.1639,3.0904,2.9611,3.0849,3.2721,0.0946,0.0558,0.2868,HIGH
VM_001,1378795500,0.6667,3.0398,3.1889,3.2377,3.3002,3.219,3.0694,3.214,3.4098,0.0984,0.0524,0.2955,HIGH
VM_001,1378795800,0.6833,3.1558,3.3149,3.3674,3.4237,3.3331,3.1649,3.3306,3.5344,0.1024,0.0515,0.3021,HIGH
VM_001,1378796100,0.6333,3.2547,3.4226,3.4777,3.5264,3.4252,3.2412,3.427,3.6377,0.1064,0.0484,0.3158,HIGH
VM_001,1378796400,0.6,3.3314,3.5065,3.5627,3.603,3.4905,3.2943,3.4984,3.7146,0.1102,0.0464,0.334,HIGH
VM_001,1378796700,0.6167,3.3844,3.5648,3.6205,3.6519,3.528,3.3238,3.5433,3.7634,0.1135,0.0456,0.349,HIGH
VM_001,1378797000,0.5833,3.4094,3.5928,3.6465,3.6691,3.5344,3.3268,3.5581,3.7799,0.1162,0.0459,0.3596,HIGH
VM_001,1378797300,0.6333,3.4092,3.5932,3.6433,3.6577,3.5136,3.307,3.546,3.7674,0.1178,0.046,0.3653,HIGH
VM_001,1378797600,0.7,3.3855,3.5677,3.6127,3.6204,3.4686,3.2673,3.5095,3.7283,0.1181,0.0487,0.3662,HIGH
VM_001,1378797900,45.65,23.0153,23.3092,23.6831,23.0282,21.1872,19.1264,22.1099,23.7856,1.4554,9.1907,1.0,HIGH
VM_001,1378798200,90.45,51.9647,52.1212,52.5514,50.974,46.5905,41.4987,48.8138,52.5514,3.6438,20.1494,1.0,HIGH
VM_001,1378798500,90.9333,60.9034,61.231,61.7251,59.4595,53.9313,47.7645,56.8481,61.7251,4.6446,26.4874,1.0,HIGH
VM_001,1378798800,90.8,62.8895,63.2951,63.8116,61.3538,55.4866,49.0689,58.6152,63.8116,4.918,31.0927,1.0,HIGH
VM_001,1378799100,91.0333,63.3018,63.7248,64.2474,61.7509,55.81,49.3392,58.9838,64.2474,4.9757,34.6989,1.0,HIGH
VM_001,1378799400,85.7333,63.3702,63.7955,64.3219,61.8142,55.8589,49.3813,59.0427,64.3219,4.9872,37.1571,1.0,HIGH
VM_001,1378799700,87.2,62.2178,62.3207,62.9198,59.7142,53.7052,48.026,57.2868,62.9198,5.0584,39.2282,1.0,HIGH
VM_001,1378800000,89.0333,60.4975,60.2258,60.696,56.9529,51.088,46.2454,54.9427,60.696,5.0351,40.9809,1.0,HIGH
VM_001,1378800300,88.9667,57.725,56.7759,56.8415,52.8829,47.3501,43.4886,51.3608,57.725,4.8957,42.325,1.0,HIGH
VM_001,1378800600,88.7167,53.3457,51.8257,51.2934,47.1895,42.0113,39.2854,46.1726,53.3457,4.7487,43.2889,1.0,HIGH
VM_001,1378800900,88.4667,47.0377,45.0501,43.7862,39.677,34.9658,33.602,39.1992,47.0377,4.5165,43.9007,1.0,HIGH
VM_001,1378801200,87.7833,41.7747,39.3333,37.4752,33.6942,29.6312,29.098,33.6412,41.7747,4.1813,44.1612,1.0,HIGH
VM_001,1378801500,30.2333,17.6183,14.283,11.6776,10.5556,8.5619,9.8015,10.8561,17.6183,2.5271,43.3345,1.0,HIGH
VM_001,1378801800,0.7333,2.6301,0.5885,0.0,0.0,0.0,0.1417,0.28,2.6301,0.727,43.3323,1.0,HIGH
VM_001,1378802100,0.7333,1.6708,0.6386,0.0,0.0,0.0835,0.4676,0.2688,1.6708,0.4678,43.3235,1.0,HIGH
VM_001,1378802400,0.7167,2.3656,1.4979,0.7174,0.7742,0.887,1.2573,0.9503,2.3656,0.5499,43.3206,1.0,HIGH
VM_001,1378802700,0.7167,1.6022,0.9188,0.3128,0.4221,0.6109,0.8936,0.5808,1.6022,0.4197,43.3184,1.0,HIGH
VM_001,1378803000,0.75,1.5436,0.9421,0.4326,0.5052,0.6897,0.9613,0.6572,1.5436,0.3778,43.3155,1.0,HIGH
VM_001,1378803300,0.7167,1.3364,0.7997,0.391,0.4459,0.6358,0.8835,0.5946,1.3364,0.3243,43.3119,1.0,HIGH
VM_001,1378803600,0.65,1.2048,0.7207,0.4033,0.4416,0.6275,0.8501,0.584,1.2048,0.2777,43.3097,1.0,HIGH
VM_001,1378803900,0.7,1.1894,0.7803,0.559,0.5904,0.7624,0.9292,0.7123,1.1894,0.2213,43.306,1.0,HIGH
VM_001,1378804200,0.5833,1.2721,0.9291,0.7931,0.8143,0.9657,1.0786,0.9149,1.2721,0.1715,43.306,1.0,HIGH
VM_001,1378804500,0.7167,1.3359,1.0534,0.9906,1.0042,1.1368,1.1993,1.0839,1.3359,0.1288,43.3024,0.9733,HIGH
VM_001,1378804800,1.3,0.9768,0.668,0.6338,0.681,0.8592,0.9453,0.77,0.9768,0.1501,43.2763,0.9736,HIGH
VM_001,1378805100,0.7333,1.122,0.9289,0.9378,0.9574,1.0893,1.0985,1.0171,1.1519,0.0912,44.1774,0.8317,HIGH
VM_001,1378805400,0.7,1.2085,1.0015,1.0629,1.0669,1.2012,1.2183,1.1311,1.2731,0.091,43.7325,0.834,HIGH
VM_001,1378805700,0.7,1.137,0.9859,1.0661,1.0765,1.1922,1.1831,1.1224,1.2441,0.0763,42.9173,0.8016,HIGH
VM_001,1378806000,0.7,1.174,1.0428,1.141,1.1449,1.2499,1.2376,1.1884,1.3045,0.0731,41.7426,0.8043,HIGH
VM_001,1378806300,0.6667,1.1395,1.0314,1.1369,1.1429,1.2399,1.2264,1.1825,1.2953,0.0734,40.1544,0.806,HIGH
VM_001,1378806600,0.7333,1.1205,1.0302,1.1404,1.1483,1.2385,1.2265,1.1859,1.2982,0.0755,38.5015,0.8092,HIGH
VM_001,1378806900,0.5833,1.1025,1.0275,1.1395,1.15,1.2347,1.2246,1.1866,1.2991,0.0783,36.3042,0.8121,HIGH
VM_001,1378807200,0.7,1.0928,1.03,1.1421,1.1562,1.2364,1.228,1.1922,1.3058,0.0815,33.3899,0.8153,HIGH
VM_001,1378807500,0.65,1.0897,1.038,1.1486,1.1672,1.243,1.2353,1.2023,1.3169,0.0846,29.732,0.8178,HIGH
VM_001,1378807800,0.6167,1.0908,1.0497,1.1572,1.1812,1.2519,1.2446,1.2146,1.3303,0.0873,25.032,0.8191,HIGH
VM_001,1378808100,0.7,1.0918,1.0609,1.1633,1.1937,1.2577,1.2513,1.2243,1.3412,0.0892,18.5163,0.8188,HIGH
VM_001,1378808400,0.7333,1.0881,1.0669,1.162,1.1996,1.255,1.2508,1.2264,1.344,0.0901,6.0261,0.8163,HIGH
VM_001,1378808700,0.6167,1.0764,1.0646,1.1509,1.1958,1.2409,1.2399,1.218,1.3369,0.0898,0.1337,0.2297,HIGH
VM_001,1378809000,0.6167,1.0568,1.054,1.1306,1.1824,1.2164,1.2191,1.1996,1.3184,0.0885,0.1351,0.2238,HIGH
VM_001,1378809300,0.6,1.0305,1.0362,1.1032,1.1611,1.1839,1.1904,1.1731,1.2904,0.0865,0.1368,0.2205,HIGH
VM_001,1378809600,0.6667,0.9995,1.0131,1.0708,1.134,1.1461,1.156,1.1411,1.2559,0.0843,0.137,0.2177,HIGH
VM_001,1378809900,0.7333,0.9652,0.986,1.0352,1.1026,1.1049,1.118,1.1051,1.2169,0.0819,0.1371,0.2141,HIGH
VM_001,1378810200,0.7167,0.9285,0.9561,0.9974,1.0682,1.0617,1.0776,1.0667,1.1755,0.0795,0.1368,0.2103,HIGH
VM_001,1378810500,0.65,0.8896,0.9233,0.9576,1.0308,1.0167,1.0346,1.0256,1.1321,0.077,0.1372,0.2069,HIGH
VM_001,1378810800,0.6167,0.8491,0.8885,0.9163,0.9912,0.9705,0.9902,0.983,1.0872,0.0746,0.1378,0.2036,HIGH
VM_001,1378811100,0.6667,0.8081,0.8525,0.8745,0.9504,0.9242,0.9453,0.9397,1.0418,0.0724,0.138,0.2002,HIGH
VM_001,1378811400,0.6667,0.7672,0.816,0.8326,0.9095,0.8785,0.9009,0.8966,0.9967,0.0704,0.1361,0.1967,HIGH
VM_001,1378811700,0.6833,0.7272,0.7797,0.7915,0.869,0.8341,0.8575,0.8543,0.9527,0.0686,0.1361,0.1935,HIGH
VM_001,1378812000,0.7167,0.6889,0.7444,0.7518,0.8299,0.7918,0.8161,0.8137,0.9105,0.067,0.0463,0.1789,MEDIUM
VM_001,1378812300,0.7,0.6525,0.7105,0.7137,0.7924,0.7516,0.7768,0.775,0.8704,0.0655,0.045,0.1759,MEDIUM
VM_001,1378812600,0.6,0.6182,0.678,0.6775,0.7566,0.7138,0.7396,0.7382,0.8322,0.0641,0.0469,0.1731,MEDIUM
VM_001,1378812900,0.6333,0.5861,0.6472,0.6432,0.7229,0.6783,0.7047,0.7036,0.7964,0.0629,0.0469,0.1702,MEDIUM
VM_001,1378813200,0.7167,0.5571,0.6189,0.6116,0.6922,0.6462,0.6733,0.6721,0.7638,0.0619,0.0475,0.1675,MEDIUM
VM_001,1378813500,0.7167,0.5312,0.5932,0.5829,0.6646,0.6174,0.6453,0.6438,0.7345,0.061,0.0486,0.165,MEDIUM
VM_001,1378813800,0.6833,0.509,0.5708,0.5577,0.6405,0.5924,0.621,0.619,0.7088,0.0602,0.0467,0.162,MEDIUM
VM_001,1378814100,0.6833,0.4902,0.5514,0.5357,0.6197,0.5709,0.6003,0.5977,0.6866,0.0595,0.0434,0.1589,MEDIUM
VM_001,1378814400,0.5667,0.4746,0.5349,0.5168,0.6019,0.5525,0.5826,0.5794,0.6673,0.0587,0.0477,0.1566,MEDIUM
VM_001,1378814700,0.7167,0.4625,0.5216,0.5012,0.5876,0.5377,0.5686,0.5647,0.6517,0.058,0.0488,0.1539,MEDIUM
VM_001,1378815000,0.7167,0.4541,0.5117,0.4892,0.5769,0.5265,0.5584,0.5536,0.6397,0.0574,0.0485,0.1511,MEDIUM
VM_001,1378815300,0.7167,0.4493,0.5052,0.4806,0.5697,0.5188,0.5518,0.546,0.6313,0.0569,0.0491,0.1484,MEDIUM
VM_001,1378815600,0.6,0.4467,0.5006,0.4743,0.5644,0.5134,0.5473,0.5405,0.6249,0.0562,0.0494,0.1454,MEDIUM
VM_001,1378815900,82.95,0.8233,0.8292,0.7055,0.8488,0.7355,0.8954,0.8376,0.941,0.0787,16.7956,0.7838,HIGH
VM_001,1378816200,24.4,1.4201,1.3661,1.1855,1.3812,1.2791,1.4766,1.3762,1.5117,0.0998,17.2761,0.8547,HIGH
VM_001,1378816500,0.6,1.6659,1.5983,1.433,1.6491,1.5589,1.7367,1.6276,1.7631,0.1,17.2761,0.8578,HIGH
VM_001,1378816800,0.7167,1.7831,1.7154,1.5629,1.7823,1.7065,1.8687,1.7563,1.8936,0.0991,17.2756,0.8582,HIGH
VM_001,1378817100,22.4833,3.3685,3.0049,2.6248,2.9084,2.7556,3.0072,2.8842,3.3685,0.1876,17.6044,1.0,HIGH
VM_001,1378817400,34.35,3.6951,3.0175,2.6373,2.5315,2.301,2.6519,2.6123,3.6951,0.3821,18.4826,1.0,HIGH
VM_001,1378817700,10.3667,3.3007,2.5203,2.1948,1.6984,1.4468,1.9502,1.9247,3.3007,0.5239,18.4347,1.0,HIGH
VM_001,1378818000,0.6667,2.0754,1.5497,1.3823,0.9744,0.8822,1.2525,1.1873,2.0754,0.3401,18.4339,1.0,HIGH
VM_001,1378818300,0.65,1.651,1.2066,1.0674,0.6385,0.5527,0.9247,0.8557,1.651,0.3176,18.4342,1.0,HIGH
VM_001,1378818600,0.7167,1.1675,0.7989,0.6938,0.2942,0.2454,0.5843,0.5046,1.1675,0.2704,18.4333,1.0,HIGH
VM_001,1378818900,0.75,0.8585,0.5592,0.4804,0.1288,0.1068,0.4014,0.3219,0.8585,0.2231,18.4322,1.0,HIGH
VM_001,1378819200,0.6667,0.663,0.418,0.3606,0.0573,0.0543,0.305,0.2312,0.663,0.1825,18.4331,1.0,HIGH
VM_001,1378819500,0.7,0.5491,0.3458,0.3051,0.0451,0.0536,0.2648,0.2003,0.5491,0.1497,18.4331,1.0,HIGH
VM_001,1378819800,0.5667,0.4905,0.3205,0.2929,0.0724,0.0864,0.2622,0.209,0.4905,0.1225,18.4336,0.9363,HIGH
VM_001,1378820100,0.6333,0.4674,0.3252,0.3073,0.1227,0.1377,0.2839,0.2417,0.4674,0.0996,18.4336,0.8748,HIGH
VM_001,1378820400,0.7333,0.4626,0.3443,0.3333,0.181,0.1939,0.3173,0.2838,0.4626,0.0804,18.4333,0.8209,HIGH
VM_001,1378820700,0.7167,0.4658,0.368,0.3621,0.2399,0.2485,0.3538,0.3274,0.4658,0.064,18.4333,0.7764,HIGH
VM_001,1378821000,0.7,0.47,0.3905,0.3874,0.2919,0.2946,0.3886,0.3658,0.47,0.0507,18.4331,0.739,HIGH
VM_001,1378821300,0.6167,0.4739,0.4106,0.409,0.3391,0.3351,0.4199,0.3997,0.4739,0.04,18.4342,0.7084,HIGH
VM_001,1378821600,0.6167,0.4768,0.4273,0.4259,0.379,0.3676,0.4459,0.4274,0.4768,0.0325,18.4333,0.6852,HIGH
VM_001,1378821900,0.65,0.4791,0.4415,0.4393,0.4133,0.3946,0.4681,0.4506,0.4905,0.0285,18.4345,0.6749,HIGH
VM_001,1378822200,0.7,0.4821,0.4545,0.4507,0.4433,0.4175,0.4875,0.4707,0.5158,0.0277,18.4347,0.6767,HIGH
VM_001,1378822500,0.75,0.4868,0.4677,0.4618,0.4709,0.4386,0.5058,0.4894,0.5389,0.029,18.4342,0.6783,HIGH
VM_001,1378822800,0.75,0.4966,0.4847,0.4765,0.5001,0.4623,0.5257,0.5107,0.5634,0.0312,18.4317,0.679,HIGH
VM_001,1378823100,0.9,0.5118,0.5063,0.4953,0.5318,0.4893,0.5488,0.5357,0.5911,0.034,9.1722,0.6795,HIGH
VM_001,1378823400,0.6167,0.5245,0.5237,0.5103,0.5576,0.5105,0.5699,0.556,0.6142,0.0369,8.1437,0.6811,HIGH
VM_001,1378823700,0.5333,0.5419,0.5451,0.5296,0.5854,0.5358,0.5922,0.579,0.639,0.0386,8.1447,0.6854,HIGH
VM_001,1378824000,0.6667,0.5601,0.5664,0.5485,0.6111,0.5593,0.6137,0.6011,0.6626,0.0401,8.1454,0.6891,HIGH
VM_001,1378824300,0.7,0.5806,0.5892,0.5693,0.6372,0.584,0.6363,0.6244,0.687,0.0412,7.0685,0.6918,HIGH
VM_001,1378824600,1.0667,1.0058,1.0144,0.9307,0.9911,0.9313,1.038,1.0149,1.1072,0.0572,1.9764,0.3914,HIGH
VM_001,1378824900,0.6167,1.1604,1.1388,1.057,1.1441,1.1013,1.183,1.1542,1.2216,0.0504,0.1082,0.1424,MEDIUM
VM_001,1378825200,0.8167,2.0372,1.9756,1.8088,1.8847,1.8246,1.9256,1.9162,2.0372,0.0678,0.1108,0.1925,HIGH
VM_001,1378825500,0.6,2.2908,2.1962,2.0318,2.1025,2.0423,2.0998,2.1223,2.2908,0.0694,0.1122,0.2166,HIGH
VM_001,1378825800,0.75,2.3621,2.2782,2.1353,2.1805,2.1017,2.1279,2.1856,2.3621,0.0715,0.1127,0.2178,HIGH
VM_001,1378826100,0.75,2.238,2.1689,2.0493,2.0822,1.9989,2.0099,2.0787,2.238,0.0667,0.1127,0.2011,HIGH
VM_001,1378826400,0.6667,2.0541,2.0015,1.9045,1.9297,1.8477,1.8524,1.922,2.0541,0.0582,0.1127,0.1756,MEDIUM
VM_001,1378826700,0.6,1.8677,1.8319,1.7539,1.7745,1.698,1.6986,1.7653,1.8677,0.0485,0.1145,0.1473,MEDIUM
VM_001,1378827000,0.75,1.7142,1.6893,1.6255,1.6423,1.5693,1.5709,1.6332,1.7142,0.0417,0.1116,0.1274,MEDIUM
VM_001,1378827300,0.6333,1.5729,1.5565,1.504,1.5177,1.449,1.4529,1.5093,1.5729,0.0358,0.1116,0.1111,MEDIUM
VM_001,1378827600,0.65,1.4567,1.4465,1.402,1.4133,1.3481,1.3547,1.4061,1.4567,0.0316,0.1119,0.0991,MEDIUM
VM_001,1378827900,0.7333,1.3621,1.3567,1.3178,1.327,1.2647,1.2741,1.321,1.3621,0.0288,0.1121,0.0904,MEDIUM
VM_001,1378828200,0.6667,1.2855,1.2838,1.249,1.2564,1.1963,1.2082,1.2515,1.2855,0.0268,0.1123,0.084,MEDIUM
VM_001,1378828500,0.6167,1.2235,1.2249,1.1931,1.1988,1.1404,1.1544,1.1949,1.2249,0.0256,0.1123,0.0803,LOW
VM_001,1378828800,0.6667,1.1745,1.1784,1.1487,1.1528,1.0958,1.1114,1.1498,1.1784,0.0249,0.1111,0.0788,LOW
VM_001,1378829100,0.5833,1.1351,1.1413,1.1129,1.1157,1.0595,1.0763,1.1133,1.1413,0.0245,0.1133,0.0784,LOW
VM_001,1378829400,0.7333,1.1053,1.1135,1.086,1.0875,1.0319,1.0496,1.0857,1.1135,0.0244,0.1135,0.0783,LOW
VM_001,1378829700,0.7,1.0825,1.0925,1.0655,1.0659,1.0106,1.0289,1.0645,1.0925,0.0245,0.113,0.0784,LOW
VM_001,1378830000,0.7,1.0655,1.0771,1.0505,1.0498,0.9947,1.0132,1.0487,1.0775,0.0246,0.1125,0.0791,LOW
VM_001,1378830300,0.6167,1.0523,1.0667,1.0403,1.0388,0.9846,1.0021,1.038,1.0677,0.0245,0.1048,0.0783,LOW
VM_001,1378830600,0.5833,1.0457,1.0623,1.0359,1.0336,0.9795,0.9964,1.033,1.0643,0.0248,0.106,0.0798,LOW
VM_001,1378830900,0.6667,1.0416,1.0595,1.033,1.0302,0.9754,0.9924,1.0294,1.062,0.0252,0.1012,0.0806,LOW
VM_001,1378831200,0.6833,1.0368,1.0562,1.0298,1.0265,0.9718,0.9882,1.0256,1.0588,0.0253,0.1011,0.0809,LOW
VM_001,1378831500,0.75,1.0375,1.058,1.0313,1.0273,0.9723,0.9883,1.0265,1.0607,0.0257,0.1018,0.0821,LOW
VM_001,1378831800,0.7,1.0385,1.0603,1.0334,1.029,0.9739,0.9892,1.028,1.0629,0.0259,0.0633,0.0776,LOW
VM_001,1378832100,0.6833,1.0415,1.0642,1.037,1.0321,0.9769,0.9916,1.0312,1.0668,0.0262,0.062,0.0781,LOW
VM_001,1378832400,0.65,1.0448,1.0684,1.041,1.0357,0.9805,0.9945,1.0348,1.0709,0.0264,0.0549,0.0776,LOW
VM_001,1378832700,0.5167,1.0473,1.0718,1.0443,1.0385,0.9834,0.9966,1.0375,1.0742,0.0266,0.0618,0.0788,LOW
VM_001,1378833000,0.75,1.0522,1.0773,1.0496,1.0434,0.9883,1.0008,1.0424,1.0796,0.0269,0.0618,0.0792,LOW
VM_001,1378833300,0.7,1.0581,1.0839,1.0559,1.0493,0.9941,1.006,1.0483,1.086,0.0271,0.0598,0.0794,LOW
VM_001,1378833600,0.7167,1.0646,1.091,1.0627,1.0558,1.0005,1.0118,1.0548,1.093,0.0274,0.0607,0.08,LOW
VM_001,1378833900,0.6667,1.0709,1.098,1.0694,1.0622,1.007,1.0176,1.0612,1.0999,0.0276,0.0589,0.0801,LOW
VM_001,1378834200,0.6667,1.0773,1.1048,1.0761,1.0686,1.0133,1.0235,1.0676,1.1067,0.0277,0.0564,0.0801,LOW
VM_001,1378834500,0.7167,1.0843,1.1123,1.0833,1.0757,1.0203,1.03,1.0747,1.1141,0.0279,0.0568,0.0805,LOW
VM_001,1378834800,0.7,1.0886,1.1168,1.0879,1.0802,1.0249,1.0344,1.0791,1.1187,0.0279,0.0569,0.0806,LOW
VM_001,1378835100,0.7167,1.0961,1.1248,1.0956,1.0877,1.0324,1.0415,1.0866,1.1266,0.0281,0.0562,0.0808,LOW
VM_001,1378835400,0.7333,1.1042,1.1332,1.1038,1.0958,1.0403,1.0491,1.0946,1.135,0.0283,0.0575,0.0813,LOW
VM_001,1378835700,0.55,1.1125,1.1421,1.1124,1.1041,1.0485,1.0568,1.103,1.1438,0.0285,0.0619,0.0823,LOW
VM_001,1378836000,0.6,1.118,1.148,1.1181,1.1097,1.054,1.062,1.1085,1.1497,0.0286,0.0637,0.0829,LOW
VM_001,1378836300,0.6167,1.1222,1.1525,1.1226,1.1139,1.0583,1.0661,1.1128,1.1542,0.0287,0.0621,0.0828,LOW
VM_001,1378836600,0.6667,1.1275,1.1581,1.1281,1.1192,1.0634,1.0711,1.1181,1.1599,0.0289,0.0607,0.0831,LOW
VM_001,1378836900,0.6167,1.1326,1.1636,1.1334,1.1243,1.0683,1.0758,1.1232,1.1654,0.0291,0.0612,0.0836,MEDIUM
VM_001,1378837200,0.6167,1.1364,1.1676,1.1375,1.1281,1.0721,1.0795,1.127,1.1695,0.0292,0.0615,0.0839,MEDIUM
VM_001,1378837500,0.5167,1.1344,1.1655,1.136,1.1264,1.0706,1.0783,1.1252,1.1675,0.029,0.0677,0.0843,MEDIUM
VM_001,1378837800,0.6333,1.1383,1.1698,1.1401,1.1302,1.0744,1.0819,1.1291,1.1718,0.0292,0.0661,0.0846,MEDIUM
VM_001,1378838100,0.6667,1.1444,1.1766,1.1464,1.1363,1.0802,1.0873,1.1352,1.1786,0.0295,0.0661,0.0854,MEDIUM
VM_001,1378838400,0.5833,1.1489,1.1816,1.1513,1.1408,1.0843,1.0913,1.1397,1.1838,0.0298,0.0677,0.0863,MEDIUM
VM_001,1378838700,0.7167,1.1518,1.1869,1.1564,1.1459,1.091,1.0965,1.1452,1.1894,0.0294,0.066,0.0853,MEDIUM
VM_001,1378839000,0.6833,1.1646,1.1995,1.1685,1.1577,1.1013,1.1074,1.157,1.203,0.0303,0.0656,0.0877,MEDIUM
VM_001,1378839300,0.5667,1.1557,1.1898,1.1606,1.1501,1.095,1.1015,1.149,1.1934,0.0292,0.0676,0.0854,MEDIUM
VM_001,1378839600,0.6,1.1584,1.1927,1.1635,1.1529,1.0979,1.1044,1.1518,1.1964,0.0292,0.0683,0.0857,MEDIUM
VM_001,1378839900,0.6833,1.1745,1.2105,1.1796,1.1688,1.1127,1.1179,1.1678,1.2142,0.0302,0.0627,0.0873,MEDIUM
VM_001,1378840200,0.7333,1.1795,1.2159,1.1846,1.1738,1.1177,1.1228,1.1728,1.2197,0.0303,0.0617,0.0875,MEDIUM
VM_001,1378840500,0.7333,1.1843,1.2209,1.1895,1.1787,1.1227,1.1276,1.1777,1.2248,0.0303,0.0632,0.0878,MEDIUM
VM_001,1378840800,0.7333,1.1893,1.2261,1.1945,1.1837,1.128,1.1326,1.1828,1.23,0.0303,0.064,0.0879,MEDIUM
VM_001,1378841100,0.5667,1.1913,1.2281,1.1966,1.1858,1.1306,1.135,1.185,1.2322,0.0301,0.0664,0.0878,MEDIUM
VM_001,1378841400,0.6,1.1921,1.229,1.1976,1.1868,1.1323,1.1363,1.1862,1.2333,0.0299,0.0671,0.0875,MEDIUM
VM_001,1378841700,1.1833,1.1042,1.1319,1.1017,1.1006,1.0635,1.0681,1.1024,1.1376,0.0207,0.1279,0.0742,LOW
VM_001,1378842000,0.7167,1.1359,1.1551,1.1213,1.1195,1.0755,1.0749,1.1211,1.1628,0.0256,0.1282,0.0851,MEDIUM
VM_001,1378842300,0.75,1.1141,1.129,1.0956,1.0956,1.0553,1.0557,1.0979,1.1365,0.0237,0.1289,0.08,LOW
VM_001,1378842600,0.6667,1.121,1.1334,1.0999,1.0983,1.0559,1.0548,1.1003,1.1394,0.0251,0.1282,0.0825,LOW
VM_001,1378842900,0.6833,1.122,1.1349,1.1015,1.099,1.0574,1.0563,1.1015,1.1399,0.025,0.1258,0.0814,LOW
VM_001,1378843200,0.6167,1.1286,1.1422,1.1091,1.1055,1.0638,1.0635,1.1082,1.1466,0.025,0.1254,0.081,LOW
VM_001,1378843500,0.7167,1.1331,1.1473,1.115,1.1105,1.0694,1.0703,1.1134,1.1511,0.0246,0.1251,0.0798,LOW
VM_001,1378843800,0.7333,1.1363,1.1515,1.1199,1.1148,1.075,1.077,1.1181,1.1546,0.0238,0.1256,0.0783,LOW
VM_001,1378844100,0.7333,1.1392,1.1554,1.1245,1.1189,1.081,1.0841,1.1229,1.1583,0.0229,0.1253,0.0764,LOW
VM_001,1378844400,0.6833,1.1404,1.1578,1.1276,1.1216,1.0862,1.0902,1.1264,1.1605,0.0217,0.1245,0.074,LOW
VM_001,1378844700,0.5833,1.1388,1.1573,1.128,1.1218,1.0893,1.0941,1.1274,1.1601,0.0204,0.1212,0.0709,LOW
VM_001,1378845000,0.55,1.1348,1.1544,1.126,1.1197,1.0904,1.0959,1.1262,1.1575,0.019,0.124,0.0683,LOW
VM_001,1378845300,0.7,1.13,1.1506,1.1231,1.1168,1.0912,1.0972,1.1244,1.1541,0.0176,0.124,0.065,LOW
VM_001,1378845600,0.7333,1.1254,1.1486,1.1216,1.1156,1.0944,1.1,1.1244,1.1526,0.0163,0.1222,0.0611,LOW
VM_001,1378845900,0.75,1.1274,1.1509,1.1245,1.1188,1.1014,1.1075,1.129,1.1563,0.0153,0.1227,0.0587,LOW
VM_001,1378846200,0.5667,1.1227,1.1476,1.1218,1.1168,1.1032,1.109,1.1278,1.1535,0.0142,0.1255,0.0554,LOW
VM_001,1378846500,0.6833,1.1199,1.1459,1.1203,1.116,1.1064,1.1117,1.1282,1.1527,0.0136,0.1227,0.0519,LOW
VM_001,1378846800,0.6,1.1098,1.1363,1.1118,1.1081,1.1025,1.1077,1.1212,1.1439,0.0129,0.1227,0.0481,LOW
VM_001,1378847100,0.7167,1.1003,1.1273,1.1036,1.1006,1.0993,1.1041,1.1147,1.1357,0.0127,0.1227,0.0442,LOW
VM_001,1378847400,0.7167,1.0918,1.119,1.0961,1.0937,1.0958,1.1003,1.1085,1.1282,0.0126,0.1226,0.0442,LOW
VM_001,1378847700,0.6833,1.0795,1.1065,1.085,1.083,1.0885,1.0929,1.0985,1.117,0.0127,0.1223,0.045,LOW
VM_001,1378848000,0.6333,1.0675,1.0944,1.074,1.0726,1.0813,1.0853,1.0886,1.1089,0.013,0.1227,0.0481,LOW
VM_001,1378848300,0.6333,1.0556,1.0824,1.063,1.0621,1.0736,1.0771,1.0786,1.1002,0.0133,0.1205,0.0503,LOW
VM_001,1378848600,0.6667,1.0398,1.0659,1.0481,1.0474,1.0614,1.0648,1.0641,1.0867,0.0136,0.119,0.0519,LOW
VM_001,1378848900,0.65,1.0249,1.0505,1.034,1.0336,1.05,1.053,1.0506,1.074,0.0139,0.0583,0.0458,LOW
VM_001,1378849200,0.6833,1.0111,1.0362,1.0208,1.0206,1.0389,1.0415,1.0377,1.0617,0.0142,0.0577,0.0469,LOW
VM_001,1378849500,0.6667,0.9927,1.0166,1.003,1.0028,1.0228,1.0254,1.0198,1.0439,0.0143,0.0552,0.0471,LOW
VM_001,1378849800,0.5667,0.9683,0.9904,0.9792,0.9787,1.0001,1.0032,0.9955,1.0191,0.0143,0.059,0.0472,LOW
VM_001,1378850100,0.6667,0.9396,0.9593,0.951,0.9501,0.9728,0.9769,0.9664,0.9892,0.0142,0.0589,0.0462,LOW
VM_001,1378850400,0.7,0.9128,0.9304,0.9244,0.9232,0.9475,0.9523,0.9393,0.9616,0.0143,0.0585,0.0456,LOW
VM_001,1378850700,0.7167,0.8956,0.9119,0.9074,0.9057,0.9308,0.9357,0.9217,0.9434,0.0143,0.0585,0.0448,LOW
VM_001,1378851000,0.8167,0.8435,0.8437,0.8331,0.8499,0.8811,0.8794,0.8635,0.8966,0.0212,0.0647,0.0579,LOW
VM_001,1378851300,0.7333,0.8463,0.8286,0.8173,0.8336,0.8699,0.8587,0.8508,0.877,0.0196,0.0647,0.0549,LOW
VM_001,1378851600,0.6833,0.8546,0.8334,0.8228,0.8361,0.8648,0.8557,0.8509,0.8724,0.0159,0.0647,0.047,LOW
VM_001,1378851900,0.5667,0.8594,0.8372,0.8281,0.8387,0.8616,0.8547,0.8514,0.8694,0.0132,0.0658,0.0407,LOW
VM_001,1378852200,0.65,0.8638,0.842,0.8346,0.8428,0.8607,0.8568,0.8536,0.8685,0.011,0.0608,0.0343,LOW
VM_001,1378852500,0.7167,0.8681,0.8474,0.8418,0.8478,0.8615,0.8609,0.8569,0.8697,0.0093,0.0612,0.0297,LOW
VM_001,1378852800,0.7333,0.8717,0.8524,0.8487,0.8526,0.8628,0.8659,0.8604,0.8718,0.008,0.0612,0.0258,LOW
VM_001,1378853100,0.6333,0.8731,0.8553,0.8537,0.8554,0.8629,0.8697,0.8621,0.8731,0.0071,0.0596,0.0227,LOW
VM_001,1378853400,0.5833,0.8717,0.8554,0.8561,0.8556,0.861,0.8716,0.8615,0.8717,0.0067,0.0584,0.0213,LOW
VM_001,1378853700,0.6167,0.8685,0.8537,0.8566,0.854,0.8578,0.8721,0.8593,0.8721,0.0067,0.0594,0.0244,LOW
VM_001,1378854000,0.5167,0.862,0.8486,0.8537,0.8491,0.852,0.8698,0.8542,0.8698,0.0072,0.0656,0.0284,LOW
VM_001,1378854300,0.7167,0.8557,0.8434,0.8506,0.8441,0.8464,0.8676,0.849,0.8676,0.0079,0.0656,0.0316,LOW
VM_001,1378854600,0.6667,0.8483,0.8369,0.8462,0.8378,0.8401,0.8645,0.8429,0.8645,0.0088,0.0647,0.0348,LOW
VM_001,1378854900,0.6667,0.8403,0.8299,0.841,0.831,0.8336,0.8608,0.8363,0.8608,0.0097,0.0645,0.0379,LOW
VM_001,1378855200,0.6167,0.8309,0.8213,0.8341,0.8228,0.8261,0.8559,0.8284,0.8559,0.0107,0.065,0.0411,LOW
VM_001,1378855500,0.5667,0.8203,0.8116,0.826,0.8135,0.8179,0.8498,0.8196,0.8498,0.0117,0.0676,0.0443,LOW
VM_001,1378855800,0.6833,0.8102,0.8023,0.818,0.8046,0.8104,0.844,0.8112,0.844,0.0126,0.0677,0.0471,LOW
VM_001,1378856100,0.6333,0.8,0.7928,0.8098,0.7955,0.8031,0.838,0.8028,0.838,0.0135,0.0679,0.0496,LOW
VM_001,1378856400,1.3167,0.7777,0.7661,0.7807,0.7748,0.7784,0.8121,0.7777,0.8121,0.0153,0.1507,0.0652,LOW
VM_001,1378856700,0.6833,0.7844,0.7608,0.779,0.7724,0.7821,0.8099,0.7778,0.8099,0.0141,0.1506,0.0578,LOW
VM_001,1378857000,0.6167,0.7757,0.7503,0.7694,0.7632,0.7668,0.7991,0.7655,0.7991,0.0149,0.1493,0.0619,LOW
VM_001,1378857300,0.6,0.7812,0.7527,0.7744,0.7663,0.7672,0.7997,0.7675,0.7997,0.0146,0.1503,0.0603,LOW
VM_001,1378857600,0.7,0.784,0.7553,0.7789,0.7676,0.7648,0.8028,0.768,0.8028,0.0157,0.1503,0.0639,LOW
VM_001,1378857900,0.6833,0.7821,0.7533,0.7785,0.7652,0.7601,0.8023,0.7651,0.8023,0.0167,0.1501,0.0669,LOW
VM_001,1378858200,0.7167,0.774,0.7449,0.7719,0.7567,0.7507,0.7971,0.7566,0.7971,0.018,0.1476,0.0703,LOW
VM_001,1378858500,0.55,0.7603,0.7313,0.76,0.7431,0.7375,0.7877,0.7435,0.7877,0.0192,0.1494,0.0743,LOW
VM_001,1378858800,0.5667,0.7432,0.7144,0.7444,0.7262,0.7221,0.7755,0.7275,0.7755,0.0203,0.1509,0.0784,LOW
VM_001,1378859100,0.6333,0.7245,0.6959,0.7271,0.7079,0.7061,0.7621,0.7103,0.7621,0.0214,0.1496,0.0821,LOW
VM_001,1378859400,0.6833,0.7048,0.6764,0.7084,0.6885,0.69,0.7483,0.6924,0.7483,0.0225,0.1496,0.0858,MEDIUM
VM_001,1378859700,0.7167,0.6856,0.6576,0.6899,0.6698,0.6753,0.7352,0.6754,0.7352,0.0235,0.1496,0.0893,MEDIUM
VM_001,1378860000,0.7167,0.667,0.6396,0.6718,0.652,0.6621,0.7227,0.6594,0.7227,0.0247,0.1493,0.0923,MEDIUM
VM_001,1378860300,0.6,0.6483,0.6219,0.6536,0.6345,0.6499,0.7101,0.6439,0.7101,0.0257,0.1498,0.0947,MEDIUM
VM_001,1378860600,0.6333,0.6307,0.6054,0.6362,0.618,0.639,0.6978,0.6294,0.6978,0.0268,0.1489,0.0962,MEDIUM
VM_001,1378860900,0.7333,0.6141,0.5906,0.6206,0.6032,0.6293,0.6861,0.6162,0.6861,0.0277,0.149,0.0973,MEDIUM
VM_001,1378861200,0.6333,0.601,0.5789,0.6075,0.5911,0.6235,0.6768,0.6063,0.6768,0.0285,0.1454,0.0966,MEDIUM
VM_001,1378861500,0.65,0.5901,0.5701,0.5968,0.5813,0.6187,0.6677,0.5982,0.6677,0.0289,0.1454,0.0951,MEDIUM
VM_001,1378861800,0.6833,0.5818,0.564,0.5887,0.5735,0.6152,0.6592,0.5919,0.6592,0.0287,0.1453,0.093,MEDIUM
VM_001,1378862100,0.6667,0.5764,0.5608,0.5835,0.5679,0.6128,0.6511,0.5877,0.6511,0.0279,0.1453,0.0892,MEDIUM
VM_001,1378862400,0.5833,0.5729,0.5597,0.5803,0.5636,0.6103,0.6425,0.5843,0.6425,0.0263,0.1461,0.0836,MEDIUM
VM_001,1378862700,0.6167,0.5719,0.5609,0.5794,0.5608,0.608,0.6341,0.5822,0.6341,0.0241,0.1448,0.0775,LOW
VM_001,1378863000,0.75,0.5748,0.5657,0.5821,0.5609,0.6074,0.6277,0.5827,0.6277,0.0215,0.1455,0.0711,LOW
VM_001,1378863300,0.6833,0.5804,0.5728,0.5871,0.5628,0.6073,0.6222,0.5848,0.6222,0.0186,0.1452,0.065,LOW
VM_001,1378863600,0.75,0.5852,0.5782,0.59,0.5634,0.6048,0.6155,0.5852,0.6155,0.016,0.0573,0.048,LOW
VM_001,1378863900,0.65,0.5962,0.5888,0.5988,0.5681,0.6053,0.6114,0.5896,0.6114,0.0135,0.0571,0.0411,LOW
VM_001,1378864200,0.6333,0.6048,0.5986,0.6072,0.573,0.6055,0.6088,0.5935,0.6088,0.0127,0.0567,0.0353,LOW
VM_001,1378864500,0.6333,0.6136,0.6065,0.6136,0.5765,0.6057,0.6068,0.5968,0.6136,0.0129,0.0555,0.0361,LOW
VM_001,1378864800,0.75,0.624,0.616,0.6215,0.5826,0.6079,0.6078,0.6021,0.624,0.0139,0.0579,0.0397,LOW
VM_001,1378865100,0.6833,0.6337,0.6244,0.6286,0.5884,0.6102,0.6095,0.6071,0.6337,0.0152,0.0579,0.0428,LOW
VM_001,1378865400,0.6,0.642,0.6312,0.6343,0.5935,0.6121,0.6114,0.6112,0.642,0.0165,0.0582,0.0461,LOW
VM_001,1378865700,0.6,0.6491,0.6365,0.6388,0.5981,0.6139,0.6137,0.6148,0.6491,0.0175,0.0549,0.0499,LOW
VM_001,1378866000,0.5667,0.6548,0.6403,0.6421,0.602,0.6153,0.6161,0.6176,0.6548,0.0183,0.0549,0.0532,LOW
VM_001,1378866300,0.5667,0.6596,0.643,0.6445,0.6054,0.6166,0.6187,0.6199,0.6596,0.0189,0.0579,0.0562,LOW
VM_001,1378866600,0.7167,0.6655,0.6465,0.648,0.61,0.6196,0.6233,0.6235,0.6655,0.0193,0.059,0.0584,LOW
VM_001,1378866900,0.65,0.6712,0.6507,0.6524,0.616,0.6239,0.6294,0.6282,0.6712,0.0194,0.0577,0.0592,LOW
VM_001,1378867200,0.6167,0.6767,0.6538,0.6559,0.6211,0.6281,0.6356,0.6323,0.6767,0.0195,0.0567,0.0599,LOW
VM_001,1378867500,0.6833,0.6828,0.6575,0.6599,0.6269,0.6331,0.6429,0.6373,0.6828,0.0195,0.056,0.0604,LOW
VM_001,1378867800,0.65,0.6887,0.661,0.6638,0.6328,0.6381,0.6503,0.6422,0.6887,0.0196,0.0558,0.0607,LOW
VM_001,1378868100,0.65,0.6946,0.6646,0.668,0.6386,0.6432,0.6579,0.6473,0.6946,0.0198,0.0533,0.0607,LOW
VM_001,1378868400,0.6833,0.7006,0.6682,0.6722,0.6444,0.6482,0.6659,0.6523,0.7006,0.0201,0.0535,0.0621,LOW
VM_001,1378868700,0.75,0.7079,0.673,0.6776,0.6511,0.6542,0.6751,0.6584,0.7079,0.0205,0.0569,0.0642,LOW
VM_001,1378869000,0.7,0.7152,0.6779,0.6831,0.6578,0.6603,0.6845,0.6646,0.7152,0.0211,0.0573,0.0658,LOW
VM_001,1378869300,0.6,0.7213,0.6818,0.6878,0.6634,0.6654,0.6929,0.6698,0.7213,0.0217,0.0585,0.0673,LOW
VM_001,1378869600,0.6833,0.7274,0.6857,0.6924,0.6688,0.6704,0.7014,0.6749,0.7274,0.0225,0.0566,0.069,LOW
VM_001,1378869900,0.6167,0.7328,0.6889,0.6963,0.6733,0.6745,0.7092,0.6793,0.7328,0.0233,0.0566,0.0711,LOW
VM_001,1378870200,0.7,0.7383,0.6922,0.7004,0.6777,0.6786,0.7171,0.6837,0.7383,0.0243,0.0541,0.0731,LOW
VM_001,1378870500,0.7167,0.7443,0.6957,0.7047,0.6821,0.6828,0.7253,0.6882,0.7443,0.0254,0.0551,0.0758,LOW
VM_001,1378870800,0.7,0.7499,0.6989,0.7086,0.6859,0.6867,0.7333,0.6924,0.7499,0.0267,0.0525,0.0782,LOW
VM_001,1378871100,0.65,0.7551,0.7018,0.7121,0.6893,0.6904,0.7409,0.6962,0.7551,0.0279,0.0525,0.0808,LOW
VM_001,1378871400,0.625,0.7593,0.7036,0.7146,0.6917,0.6933,0.7477,0.6992,0.7593,0.0292,0.0527,0.0835,MEDIUM
VM_001,1378871700,0.6167,0.7628,0.7048,0.7164,0.6932,0.6957,0.7539,0.7015,0.7628,0.0306,0.0531,0.0862,MEDIUM
VM_001,1378872000,0.7167,0.767,0.7065,0.7186,0.695,0.6987,0.7607,0.7043,0.767,0.032,0.051,0.0888,MEDIUM
VM_001,1378872300,0.7333,0.7721,0.7089,0.7214,0.6975,0.7026,0.7683,0.7078,0.7721,0.0336,0.0531,0.0921,MEDIUM
VM_001,1378872600,0.6333,0.7766,0.7109,0.7237,0.6997,0.7066,0.7757,0.7112,0.7766,0.0351,0.052,0.0946,MEDIUM
VM_001,1378872900,0.6333,0.7808,0.7126,0.7257,0.7016,0.7109,0.7829,0.7145,0.7829,0.0366,0.0507,0.0985,MEDIUM
VM_001,1378873200,0.5893,0.7845,0.7139,0.7272,0.7032,0.7152,0.7896,0.7175,0.7896,0.038,0.0491,0.1028,MEDIUM
VM_001,1378873500,0.6833,0.7891,0.716,0.7294,0.7056,0.7205,0.7971,0.7213,0.7971,0.0394,0.0449,0.1067,MEDIUM
VM_001,1378873800,0.65,0.7942,0.7188,0.7321,0.7087,0.7268,0.8051,0.726,0.8051,0.0408,0.0437,0.1107,MEDIUM
VM_001,1378874100,0.7167,0.8006,0.723,0.7361,0.7131,0.7347,0.8142,0.732,0.8142,0.0422,0.0449,0.1146,MEDIUM
VM_001,1378874400,0.7167,0.8082,0.7285,0.7414,0.7191,0.7441,0.8243,0.7394,0.8243,0.0435,0.0447,0.118,MEDIUM
VM_001,1378874700,0.6333,0.8157,0.7344,0.7469,0.7254,0.754,0.834,0.7471,0.834,0.0445,0.0452,0.1206,MEDIUM
VM_001,1378875000,0.5833,0.8225,0.7401,0.7521,0.7317,0.7636,0.8425,0.7544,0.8425,0.0453,0.0484,0.1228,MEDIUM
VM_001,1378875300,0.6167,0.8294,0.7463,0.7578,0.7383,0.773,0.8504,0.7618,0.8504,0.0458,0.0493,0.1238,MEDIUM
VM_001,1378875600,0.6667,0.8373,0.7536,0.7647,0.7459,0.7829,0.8582,0.77,0.8582,0.046,0.0492,0.1239,MEDIUM
VM_001,1378875900,0.7333,0.8468,0.7629,0.7734,0.7551,0.7936,0.8665,0.7796,0.8665,0.046,0.048,0.1231,MEDIUM
VM_001,1378876200,0.7167,0.8573,0.7735,0.7833,0.7654,0.8046,0.8747,0.7898,0.8747,0.0457,0.0487,0.1218,MEDIUM
VM_001,1378876500,0.7333,0.8687,0.7853,0.7943,0.7765,0.8157,0.8827,0.8007,0.8827,0.045,0.0487,0.1196,MEDIUM
VM_001,1378876800,0.7,0.8801,0.7975,0.8056,0.7878,0.8261,0.8898,0.8114,0.8898,0.0441,0.049,0.1168,MEDIUM
VM_001,1378877100,0.7,0.8913,0.8098,0.817,0.799,0.8356,0.896,0.8217,0.896,0.043,0.048,0.1132,MEDIUM
VM_001,1378877400,0.75,0.9031,0.8226,0.8289,0.8105,0.8448,0.9021,0.8322,0.9031,0.0419,0.0502,0.1106,MEDIUM
VM_001,1378877700,0.7143,0.9144,0.8351,0.8404,0.8216,0.8528,0.9074,0.8419,0.9144,0.0407,0.0501,0.1114,MEDIUM
VM_001,1378878000,0.7143,0.9251,0.8471,0.8513,0.832,0.8599,0.912,0.851,0.9251,0.0396,0.0505,0.1121,MEDIUM
VM_001,1378878300,0.5833,0.9326,0.8563,0.8595,0.84,0.8642,0.9136,0.8573,0.9326,0.0384,0.0538,0.1128,MEDIUM
VM_001,1378878600,0.6667,0.9401,0.8651,0.8672,0.8474,0.8681,0.9158,0.8634,0.9401,0.0375,0.0528,0.113,MEDIUM
VM_001,1378878900,0.65,0.9461,0.8726,0.8737,0.8538,0.8711,0.9173,0.8684,0.9461,0.0367,0.0516,0.1129,MEDIUM
VM_001,1378879200,0.7167,0.9522,0.8798,0.8799,0.8602,0.8743,0.9196,0.8735,0.9522,0.0361,0.0516,0.1128,MEDIUM
VM_001,1378879500,0.7167,0.958,0.8867,0.8857,0.8665,0.8777,0.9225,0.8786,0.958,0.0356,0.0509,0.1125,MEDIUM
VM_001,1378879800,0.6667,0.9626,0.8924,0.8904,0.872,0.8808,0.9254,0.883,0.9626,0.0351,0.0502,0.1116,MEDIUM
VM_001,1378880100,0.5833,0.9652,0.8961,0.8933,0.8759,0.883,0.9274,0.886,0.9652,0.0346,0.053,0.1106,MEDIUM
VM_001,1378880400,0.6333,0.9669,0.8989,0.8953,0.8792,0.8849,0.9295,0.8885,0.9669,0.0341,0.0506,0.1087,MEDIUM
VM_001,1378880700,0.7,0.9693,0.902,0.8977,0.8831,0.8878,0.9328,0.8917,0.9693,0.0337,0.0508,0.1071,MEDIUM
VM_001,1378881000,0.7,0.9718,0.9051,0.9001,0.8871,0.8913,0.9369,0.8953,0.9718,0.0333,0.0507,0.1052,MEDIUM
VM_001,1378881300,0.7,0.9743,0.9083,0.9027,0.8914,0.8954,0.9417,0.8992,0.9743,0.033,0.0503,0.1032,MEDIUM
VM_001,1378881600,0.7167,0.9772,0.9117,0.9055,0.896,0.9003,0.9472,0.9036,0.9772,0.0327,0.0503,0.101,MEDIUM
VM_001,1378881900,0.6,0.9788,0.914,0.9073,0.8998,0.9045,0.9519,0.9072,0.9788,0.0323,0.052,0.0987,MEDIUM
VM_001,1378882200,9.3,3.3318,2.8058,2.6246,2.2236,1.9362,2.2116,2.3217,3.3318,0.4218,1.7599,0.6258,HIGH
VM_001,1378882500,14.9167,5.0966,4.0204,3.6538,2.4065,1.7124,2.4535,2.7439,5.0966,1.0372,3.3302,0.8274,HIGH
VM_001,1378882800,7.5,6.345,4.7143,4.1369,1.9965,1.0565,2.35,2.6756,6.345,1.6121,3.5298,0.853,HIGH
VM_001,1378883100,14.4833,6.6971,4.7352,3.953,1.1902,0.2427,1.972,2.187,6.6971,1.9594,4.3493,0.9582,HIGH
VM_001,1378883400,9.4833,6.3378,4.2804,3.3943,0.4258,0.0,1.5077,1.6503,6.3378,1.9891,4.5567,0.9848,HIGH
VM_001,1378883700,0.5833,2.7986,1.5601,1.1369,0.0,0.0,0.469,0.5702,2.7986,0.8471,4.5599,0.9852,HIGH
VM_001,1378884000,0.55,2.1491,1.2685,0.9863,0.0,0.0,0.4733,0.4744,2.1491,0.6641,4.5631,0.9856,HIGH
VM_001,1378884300,0.7,1.4651,0.759,0.5368,0.0,0.0,0.1601,0.2723,1.4651,0.4346,4.5631,0.9856,HIGH
VM_001,1378884600,0.65,1.0247,0.4839,0.3107,0.0,0.0,0.0204,0.1673,1.0247,0.2991,4.5651,0.9859,HIGH
VM_001,1378884900,0.6667,0.7886,0.3702,0.2362,0.0,0.0,0.0,0.1272,0.7886,0.2306,4.5661,0.986,HIGH
VM_001,1378885200,0.6833,0.6677,0.3351,0.231,0.0,0.0,0.0,0.1159,0.6677,0.1989,4.5667,0.9861,HIGH
VM_001,1378885500,0.6167,0.6186,0.3481,0.2684,0.0,0.0,0.049,0.1251,0.6186,0.191,4.566,0.986,HIGH
VM_001,1378885800,0.6,0.6118,0.3879,0.3296,0.0,0.0,0.1241,0.1504,0.6118,0.1972,4.5674,0.9861,HIGH
VM_001,1378886100,0.6786,0.6232,0.4346,0.3944,0.038,0.0497,0.2035,0.2011,0.6232,0.1972,4.5668,0.9861,HIGH
VM_001,1378886400,0.65,0.6349,0.4737,0.4488,0.1447,0.1551,0.2718,0.2802,0.6349,0.1672,4.5682,0.9862,HIGH
VM_001,1378886700,0.6333,0.6397,0.5004,0.4886,0.2256,0.2326,0.3229,0.3394,0.6397,0.1428,4.5699,0.9406,HIGH
VM_001,1378887000,0.6833,0.6363,0.5151,0.5144,0.2839,0.2856,0.3571,0.3794,0.6363,0.1238,4.5695,0.889,HIGH
VM_001,1378887300,0.6,0.6246,0.5186,0.5272,0.3219,0.3169,0.3751,0.402,0.6246,0.1094,4.5692,0.853,HIGH
VM_001,1378887600,0.5667,0.6071,0.5139,0.5299,0.3444,0.3314,0.3805,0.4112,0.6071,0.0989,4.5706,0.8257,HIGH
VM_001,1378887900,0.65,0.5881,0.5056,0.5275,0.358,0.3364,0.3788,0.4131,0.5881,0.0911,4.5716,0.8043,HIGH
VM_001,1378888200,0.7167,0.5717,0.4987,0.526,0.3714,0.341,0.3762,0.4147,0.5717,0.085,4.5713,0.7866,HIGH
VM_001,1378888500,0.7,0.5551,0.4893,0.5185,0.3698,0.3289,0.3654,0.4063,0.5551,0.0838,4.5713,0.7845,HIGH
VM_001,1378888800,0.6167,0.5426,0.4845,0.5138,0.3771,0.3283,0.3638,0.4052,0.5426,0.08,4.5733,0.7757,HIGH
VM_001,1378889100,0.6,0.5326,0.4802,0.5091,0.381,0.3226,0.3593,0.4019,0.5326,0.0786,4.5733,0.7721,HIGH
VM_001,1378889400,0.5667,0.5269,0.4795,0.5068,0.388,0.3209,0.3592,0.4021,0.5269,0.077,4.3792,0.7433,HIGH
VM_001,1378889700,0.7333,0.5259,0.4826,0.5076,0.3982,0.3228,0.3632,0.406,0.5259,0.0755,3.4927,0.6265,HIGH
VM_001,1378890000,0.7333,0.5296,0.4895,0.512,0.4121,0.3291,0.3717,0.4139,0.5296,0.074,3.2855,0.5971,HIGH
VM_001,1378890300,0.6667,0.5383,0.5008,0.5204,0.4305,0.341,0.3856,0.4267,0.5383,0.072,1.8048,0.4035,HIGH
VM_001,1378890600,0.6667,0.5517,0.5163,0.5329,0.4534,0.3586,0.4046,0.4444,0.5517,0.0697,0.0532,0.1746,MEDIUM
VM_001,1378890900,0.5333,0.569,0.535,0.5488,0.4798,0.381,0.4277,0.466,0.569,0.067,0.0567,0.1701,MEDIUM
VM_001,1378891200,14.0833,1.5966,1.3479,1.2506,0.8986,0.5836,0.7639,0.9378,1.5966,0.3258,2.7429,0.752,HIGH
VM_001,1378891500,15.9667,2.7045,2.0766,1.8725,0.9425,0.4097,0.9495,1.169,2.7045,0.7205,4.0694,0.9222,HIGH
VM_001,1378891800,13.7667,3.5125,2.4912,2.1618,0.3768,0.0,0.7507,1.002,3.5125,1.1368,4.7294,1.0,HIGH
VM_001,1378892100,9.0667,3.776,2.529,2.0652,0.0,0.0,0.4956,0.8836,3.776,1.2234,4.9038,1.0,HIGH
VM_001,1378892400,0.6333,1.5909,0.8755,0.6621,0.0,0.0,0.1121,0.3074,1.5909,0.4844,4.9047,1.0,HIGH
VM_001,1378892700,0.6667,1.3425,0.8131,0.6648,0.0,0.0,0.1131,0.285,1.3425,0.4262,4.9038,1.0,HIGH
VM_001,1378893000,0.6167,0.9076,0.4726,0.3568,0.0,0.0,0.0,0.1636,0.9076,0.2745,4.9035,1.0,HIGH
VM_001,1378893300,0.7167,0.6862,0.3512,0.2656,0.0,0.0,0.0,0.1238,0.6862,0.207,4.9028,1.0,HIGH
VM_001,1378893600,0.7333,0.5896,0.3261,0.2663,0.0,0.0,0.0,0.1164,0.5896,0.1845,4.9013,1.0,HIGH
VM_001,1378893900,0.6833,0.5519,0.3381,0.2995,0.0,0.0,0.0502,0.1278,0.5519,0.1799,4.9004,1.0,HIGH
VM_001,1378894200,0.6333,0.5459,0.3681,0.3467,0.0,0.0,0.124,0.1532,0.5459,0.1852,4.9013,1.0,HIGH
VM_001,1378894500,0.6,0.5533,0.4028,0.3951,0.0866,0.0693,0.1931,0.2112,0.5533,0.1706,4.9013,1.0,HIGH
VM_001,1378894800,0.6167,0.5644,0.4354,0.4384,0.1732,0.1555,0.2527,0.2772,0.5644,0.1454,4.9003,0.9456,HIGH
VM_001,1378895100,0.75,0.5748,0.4632,0.4749,0.2438,0.224,0.3015,0.3309,0.5748,0.1259,4.8985,0.894,HIGH
VM_001,1378895400,0.7,0.5819,0.485,0.5033,0.2999,0.2765,0.3393,0.3725,0.5819,0.1106,4.8988,0.8523,HIGH
VM_001,1378895700,0.7167,0.586,0.5015,0.5245,0.3436,0.3154,0.3672,0.4038,0.586,0.0989,4.8985,0.822,HIGH
VM_001,1378896000,0.6667,0.5873,0.5138,0.5395,0.3776,0.3437,0.3877,0.4269,0.5873,0.0898,4.8976,0.8004,HIGH
VM_001,1378896300,0.65,0.5868,0.5228,0.5496,0.4038,0.3636,0.4021,0.4435,0.5868,0.0829,4.8966,0.7849,HIGH
VM_001,1378896600,0.6,0.585,0.5293,0.5558,0.4238,0.3772,0.412,0.4551,0.585,0.0777,4.896,0.7731,HIGH
VM_001,1378896900,6.05,0.576,0.4542,0.4609,0.2413,0.1857,0.254,0.3043,0.576,0.1359,4.9206,0.93,HIGH
VM_001,1378897200,11.8167,1.343,1.0029,0.8975,0.3444,0.0938,0.3511,0.485,1.343,0.4073,5.2121,1.0,HIGH
VM_001,1378897500,27.3167,2.0318,1.4036,1.1909,0.0,0.0,0.1347,0.4887,2.0318,0.6731,7.0942,1.0,HIGH
VM_001,1378897800,84.3,2.7175,1.9097,1.6585,0.0,0.0,0.0,0.603,2.7175,0.9275,17.7062,1.0,HIGH
VM_001,1378898100,89.3833,4.4936,3.5328,3.1588,0.0,0.0,0.1047,1.1623,4.4936,1.6107,24.1758,1.0,HIGH
VM_001,1378898400,89.55,8.491,7.3347,6.7059,1.6533,0.0,2.3212,3.1365,8.491,2.9104,28.9336,1.0,HIGH
VM_001,1378898700,90.1,14.8885,13.6476,12.6916,6.2588,3.8996,6.6095,8.0161,14.8885,3.81,32.7586,1.0,HIGH
VM_001,1378899000,88.2167,20.9978,19.9821,18.8042,11.4868,8.9286,11.1461,13.3141,20.9978,4.408,35.733,1.0,HIGH
VM_001,1378899300,90.4,28.0147,27.4628,25.9928,18.2124,15.8496,17.2549,20.094,28.0147,4.696,38.3087,1.0,HIGH
VM_001,1378899600,90.3167,34.5004,34.1941,32.5581,24.4411,22.3946,23.1054,26.4483,34.5004,4.8488,40.21,1.0,HIGH
VM_001,1378899900,90.5167,39.7019,39.2812,37.6762,29.6566,27.6986,27.6682,31.568,39.7019,4.8855,41.6906,1.0,HIGH
VM_001,1378900200,67.2833,43.2964,42.2941,40.8892,34.1679,32.5057,31.6393,35.7247,43.2964,4.3565,41.7335,1.0,HIGH
VM_001,1378900500,0.7167,45.7338,44.1088,43.0599,37.7463,36.2769,34.6896,38.8061,45.7338,3.8474,41.7335,1.0,HIGH
VM_001,1378900800,0.7333,46.1961,44.2268,43.2894,39.0773,37.6932,35.8008,39.757,46.1961,3.4606,41.7335,1.0,HIGH
VM_001,1378901100,0.6833,45.0895,43.0187,42.0935,38.7364,37.5217,35.4985,39.1736,45.0895,3.0906,41.7335,1.0,HIGH
VM_001,1378901400,0.6,43.3733,41.3903,40.4772,37.9313,36.9019,34.6697,38.1153,43.3733,2.7154,41.7347,1.0,HIGH
VM_001,1378901700,0.7,41.885,40.2739,39.4283,37.6253,36.6377,33.9427,37.4498,41.885,2.3996,41.7311,1.0,HIGH
VM_001,1378902000,0.6833,41.1063,40.0403,39.3329,37.9713,36.7522,33.467,37.3853,41.1063,2.2979,41.7287,1.0,HIGH
VM_001,1378902300,0.6333,40.6676,39.98,39.4652,37.9657,36.292,32.7452,37.1328,40.6676,2.4752,41.7329,1.0,HIGH
VM_001,1378902600,0.7333,39.7308,39.1401,38.8281,36.6374,34.4409,31.2314,35.8258,39.7308,2.8039,41.7317,1.0,HIGH
VM_001,1378902900,0.6333,36.9033,36.1143,35.9387,32.741,30.1804,27.9959,32.2489,36.9033,3.1163,41.7346,1.0,HIGH
VM_003,1378604100,3.0,3.4959,3.4554,3.3777,3.4064,3.3702,3.3161,3.3936,3.4959,0.0521,0.1577,0.1606,MEDIUM
VM_003,1378604400,3.3667,3.4886,3.4456,3.3663,3.3948,3.3601,3.3063,3.3829,3.4886,0.0526,0.1628,0.1632,MEDIUM
VM_003,1378604700,3.0,3.4811,3.4394,3.3611,3.3879,3.352,3.2979,3.3758,3.4811,0.0528,0.1628,0.1639,MEDIUM
VM_003,1378605000,3.7667,3.3825,3.3116,3.2138,3.2541,3.2369,3.186,3.2495,3.3825,0.057,0.2059,0.1861,MEDIUM
VM_003,1378605300,3.3,3.4466,3.3732,3.2803,3.3183,3.2849,3.2369,3.3083,3.4466,0.0586,0.2018,0.1896,HIGH
VM_003,1378605600,3.0,3.3669,3.2922,3.2021,3.24,3.209,3.1616,3.2302,3.3669,0.0574,0.2035,0.1864,MEDIUM
VM_003,1378605900,3.0,3.3626,3.2888,3.2037,3.2371,3.2,3.1552,3.2261,3.3626,0.0573,0.2035,0.188,MEDIUM
VM_003,1378606200,3.2667,3.3139,3.2439,3.1623,3.1926,3.1578,3.1131,3.1827,3.3139,0.0556,0.2026,0.1827,MEDIUM
VM_003,1378606500,2.9333,3.3092,3.2433,3.1655,3.1922,3.1553,3.1127,3.1825,3.3092,0.0545,0.2069,0.1799,MEDIUM
VM_003,1378606800,3.0,3.2949,3.2318,3.1563,3.1802,3.1427,3.1021,3.1709,3.2949,0.0537,0.2069,0.1771,MEDIUM
VM_003,1378607100,3.3,3.2682,3.2057,3.1309,3.1526,3.1165,3.0778,3.1446,3.2682,0.0532,0.2042,0.1749,MEDIUM
VM_003,1378607400,2.9667,3.2497,3.1927,3.1206,3.1395,3.1032,3.0651,3.1318,3.2497,0.0518,0.2054,0.1705,MEDIUM
VM_003,1378607700,3.0333,3.2581,3.2018,3.1303,3.1472,3.1101,3.0743,3.1402,3.2581,0.0518,0.2054,0.1699,MEDIUM
VM_003,1378608000,3.4,3.2371,3.1835,3.1117,3.1277,3.0938,3.0578,3.1221,3.2371,0.0508,0.2097,0.1669,MEDIUM
VM_003,1378608300,3.0,3.2514,3.2024,3.1318,3.1464,3.112,3.0763,3.1409,3.2514,0.0499,0.2105,0.1637,MEDIUM
VM_003,1378608600,3.0,3.2706,3.2226,3.1522,3.1659,3.1309,3.0963,3.1606,3.2706,0.05,0.2105,0.1631,MEDIUM
VM_003,1378608900,3.2333,3.2593,3.2106,3.1393,3.1525,3.1187,3.0848,3.1478,3.2593,0.0502,0.2062,0.1627,MEDIUM
VM_003,1378609200,3.0,3.2518,3.2068,3.1365,3.1483,3.1142,3.0798,3.1435,3.2518,0.0496,0.2062,0.1608,MEDIUM
VM_003,1378609500,3.0333,3.2672,3.2228,3.1521,3.1629,3.1288,3.0947,3.1587,3.2672,0.0498,0.2062,0.1611,MEDIUM
VM_003,1378609800,3.4333,3.266,3.2217,3.1496,3.1603,3.1285,3.0937,3.157,3.266,0.0499,0.2081,0.1612,MEDIUM
VM_003,1378610100,3.1,3.2864,3.2417,3.1692,3.1786,3.1451,3.1109,3.1753,3.2864,0.0507,0.2077,0.1636,MEDIUM
VM_003,1378610400,3.0,3.2775,3.2344,3.1623,3.1706,3.1375,3.1024,3.1674,3.2775,0.0507,0.2077,0.1633,MEDIUM
VM_003,1378610700,3.2667,3.2727,3.2287,3.1554,3.1633,3.1317,3.0964,3.161,3.2727,0.051,0.2067,0.1641,MEDIUM
VM_003,1378611000,3.0,3.2732,3.2338,3.1616,3.1685,3.1372,3.1,3.1661,3.2732,0.0502,0.2067,0.1617,MEDIUM
VM_003,1378611300,3.0,3.3018,3.2615,3.1889,3.1952,3.1628,3.1262,3.193,3.3018,0.051,0.2067,0.1636,MEDIUM
VM_003,1378611600,3.3667,3.2921,3.2505,3.1766,3.1829,3.152,3.115,3.1812,3.2921,0.0514,0.2067,0.1648,MEDIUM
VM_003,1378611900,3.0333,3.2911,3.2534,3.1804,3.1856,3.1543,3.1158,3.1836,3.2911,0.051,0.2058,0.1633,MEDIUM
VM_003,1378612200,3.0333,3.3127,3.2757,3.2025,3.2072,3.1757,3.1366,3.2054,3.3127,0.0514,0.1581,0.1578,MEDIUM
VM_003,1378612500,3.3,3.3163,3.2765,3.2018,3.2064,3.1755,3.1367,3.2052,3.3163,0.0523,0.1581,0.1605,MEDIUM
VM_003,1378612800,3.0,3.3043,3.2677,3.1944,3.1977,3.1661,3.1259,3.1959,3.3043,0.052,0.1581,0.1595,MEDIUM
VM_003,1378613100,3.0,3.3176,3.2804,3.2068,3.2092,3.177,3.1369,3.2077,3.3176,0.0527,0.1581,0.1614,MEDIUM
VM_003,1378613400,3.3333,3.3002,3.2614,3.187,3.189,3.1582,3.118,3.1882,3.3002,0.053,0.1615,0.163,MEDIUM
VM_003,1378613700,3.0,3.3029,3.2653,3.1913,3.192,3.1599,3.1194,3.191,3.3029,0.0534,0.1588,0.1637,MEDIUM
VM_003,1378614000,3.0,3.3003,3.2649,3.1916,3.1915,3.1598,3.1183,3.1907,3.3003,0.053,0.1588,0.1625,MEDIUM
VM_003,1378614300,3.2667,3.3023,3.2676,3.1937,3.1938,3.164,3.1217,3.1937,3.3023,0.0527,0.1573,0.1612,MEDIUM
VM_003,1378614600,3.0,3.3212,3.2869,3.2133,3.2126,3.1809,3.1388,3.2121,3.3212,0.0534,0.156,0.1625,MEDIUM
VM_003,1378614900,3.0,3.3183,3.284,3.2105,3.209,3.177,3.1347,3.2085,3.3183,0.0538,0.157,0.1635,MEDIUM
VM_003,1378615200,3.4,3.3051,3.2714,3.1976,3.1958,3.1659,3.1226,3.196,3.3051,0.0535,0.157,0.1626,MEDIUM
VM_003,1378615500,3.0,3.3189,3.2872,3.214,3.2112,3.1799,3.1364,3.2111,3.3189,0.0536,0.157,0.1626,MEDIUM
VM_003,1378615800,3.0,3.3279,3.2952,3.222,3.2185,3.1865,3.1433,3.2185,3.3279,0.0543,0.157,0.1642,MEDIUM
VM_003,1378616100,3.3,3.3114,3.2785,3.2047,3.201,3.1708,3.1271,3.2015,3.3114,0.0542,0.1597,0.1644,MEDIUM
VM_003,1378616400,3.0,3.3131,3.283,3.2102,3.2054,3.1743,3.1298,3.2057,3.3131,0.0541,0.1597,0.1635,MEDIUM
VM_003,1378616700,3.0,3.323,3.2933,3.2208,3.2153,3.184,3.1395,3.2158,3.323,0.0543,0.1606,0.1639,MEDIUM
VM_003,1378617000,3.3667,3.3181,3.2875,3.2144,3.2089,3.1791,3.1344,3.21,3.3181,0.0543,0.1554,0.1634,MEDIUM
VM_003,1378617300,3.1,3.3227,3.2954,3.2231,3.2168,3.1865,3.1408,3.2176,3.3227,0.054,0.1554,0.162,MEDIUM
VM_003,1378617600,2.9,3.3376,3.3078,3.2355,3.2285,3.1965,3.1522,3.2293,3.3376,0.055,0.1599,0.1653,MEDIUM
VM_003,1378617900,3.3,3.307,3.2771,3.2049,3.1976,3.1676,3.1228,3.1989,3.307,0.0546,0.1615,0.1646,MEDIUM
VM_003,1378618200,3.0,3.3056,3.2788,3.2074,3.1992,3.1686,3.123,3.2003,3.3056,0.0542,0.1615,0.1633,MEDIUM
VM_003,1378618500,3.0333,3.3208,3.2933,3.2218,3.2131,3.1821,3.1369,3.2145,3.3208,0.0546,0.1606,0.1642,MEDIUM
VM_003,1378618800,3.3667,3.3126,3.2849,3.213,3.2042,3.1752,3.1296,3.2064,3.3126,0.0544,0.1606,0.1635,MEDIUM
VM_003,1378619100,3.0,3.3188,3.2927,3.2214,3.2118,3.1815,3.1358,3.2136,3.3188,0.0545,0.1615,0.1636,MEDIUM
VM_003,1378619400,3.0333,3.3219,3.296,3.225,3.2148,3.1845,3.1387,3.2168,3.3219,0.0547,0.1615,0.1638,MEDIUM
VM_003,1378619700,3.3,3.3118,3.2844,3.2131,3.2027,3.1736,3.1281,3.2053,3.3118,0.0547,0.1615,0.1642,MEDIUM
VM_003,1378620000,3.0,3.3032,3.2801,3.21,3.1991,3.17,3.123,3.2012,3.3032,0.0539,0.1615,0.1614,MEDIUM
VM_003,1378620300,3.0,3.3223,3.299,3.229,3.2178,3.1883,3.1417,3.2203,3.3223,0.0541,0.1615,0.1618,MEDIUM
VM_003,1378620600,3.4,3.3201,3.2955,3.2249,3.2138,3.186,3.1393,3.217,3.3201,0.0541,0.1659,0.1624,MEDIUM
VM_003,1378620900,3.2,3.3245,3.3018,3.2318,3.22,3.1914,3.1441,3.2229,3.3245,0.0541,0.1649,0.162,MEDIUM
VM_003,1378621200,3.0333,3.3322,3.3084,3.2385,3.2261,3.1968,3.1502,3.2291,3.3322,0.0545,0.164,0.1631,MEDIUM
VM_003,1378621500,3.3,3.3151,3.2908,3.2206,3.2083,3.1807,3.1339,3.2118,3.3151,0.0542,0.1654,0.1627,MEDIUM
VM_003,1378621800,3.0,3.3135,3.2906,3.2211,3.2081,3.1794,3.1325,3.2112,3.3135,0.0542,0.1654,0.1626,MEDIUM
VM_003,1378622100,3.0,3.3109,3.2892,3.2203,3.207,3.1788,3.1313,3.2103,3.3109,0.0538,0.1654,0.1614,MEDIUM
VM_003,1378622400,3.3667,3.3122,3.2879,3.2183,3.205,3.1779,3.1312,3.2092,3.3122,0.054,0.1631,0.1623,MEDIUM
VM_003,1378622700,3.0,3.3006,3.2793,3.2107,3.197,3.1695,3.1219,3.2007,3.3006,0.0535,0.1631,0.1605,MEDIUM
VM_003,1378623000,3.0333,3.3073,3.2855,3.2172,3.2031,3.1755,3.1282,3.2071,3.3073,0.0535,0.1621,0.1607,MEDIUM
VM_003,1378623300,3.2667,3.2963,3.2737,3.2052,3.1912,3.1652,3.1179,3.1959,3.2963,0.0532,0.1607,0.1599,MEDIUM
VM_003,1378623600,2.9333,3.2894,3.2678,3.2,3.1855,3.1582,3.111,3.1897,3.2894,0.0532,0.1635,0.1603,MEDIUM
VM_003,1378623900,3.0,3.28,3.2583,3.1912,3.1762,3.1491,3.1019,3.1806,3.28,0.0531,0.1635,0.16,MEDIUM
VM_003,1378624200,3.3667,3.2703,3.2475,3.1798,3.1648,3.1395,3.0923,3.1701,3.2703,0.0528,0.1635,0.1599,MEDIUM
VM_003,1378624500,3.0667,3.2662,3.2454,3.1783,3.163,3.137,3.0893,3.168,3.2662,0.0525,0.1638,0.1591,MEDIUM
VM_003,1378624800,3.0,3.2679,3.2489,3.1823,3.167,3.1417,3.0934,3.1723,3.2679,0.0519,0.1592,0.1566,MEDIUM
VM_003,1378625100,3.2333,3.2704,3.2512,3.1843,3.1697,3.1462,3.0978,3.1757,3.2704,0.0514,0.1566,0.1549,MEDIUM
VM_003,1378625400,3.0333,3.2724,3.2579,3.192,3.1778,3.1548,3.1045,3.1833,3.2724,0.0505,0.1556,0.1511,MEDIUM
VM_003,1378625700,3.0333,3.3001,3.2839,3.2178,3.2037,3.1798,3.1304,3.2095,3.3001,0.0509,0.1556,0.1525,MEDIUM
VM_003,1378626000,3.4,3.2879,3.2742,3.2085,3.1953,3.1746,3.1231,3.2014,3.2879,0.0498,0.158,0.1489,MEDIUM
VM_003,1378626300,3.0,3.3102,3.299,3.2334,3.2207,3.199,3.1468,3.2262,3.3102,0.0497,0.158,0.1478,MEDIUM
VM_003,1378626600,3.0,3.3235,3.3118,3.2467,3.2342,3.2121,3.1598,3.2395,3.3235,0.0498,0.1589,0.1482,MEDIUM
VM_003,1378626900,3.3,3.3163,3.3047,3.2397,3.2278,3.2075,3.1544,3.2334,3.3163,0.0493,0.1589,0.1467,MEDIUM
VM_003,1378627200,3.0,3.3186,3.308,3.2434,3.2316,3.2098,3.1564,3.2364,3.3186,0.0494,0.1589,0.1471,MEDIUM
VM_003,1378627500,3.0,3.3173,3.3063,3.2421,3.2303,3.2082,3.1547,3.2349,3.3173,0.0494,0.1589,0.1474,MEDIUM
VM_003,1378627800,3.2667,3.3103,3.296,3.2314,3.2196,3.1981,3.1455,3.2248,3.3103,0.0497,0.151,0.148,MEDIUM
VM_003,1378628100,3.1,3.294,3.2833,3.2194,3.2074,3.1863,3.1318,3.2121,3.294,0.0491,0.15,0.1459,MEDIUM
VM_003,1378628400,3.0,3.3089,3.2976,3.2337,3.2217,3.2004,3.146,3.2268,3.3089,0.0492,0.1509,0.1465,MEDIUM
VM_003,1378628700,3.2667,3.3017,3.2871,3.2232,3.2114,3.1907,3.1374,3.217,3.3017,0.0492,0.1493,0.1474,MEDIUM
VM_003,1378629000,3.0,3.2748,3.2658,3.2031,3.1917,3.1721,3.1162,3.1965,3.2748,0.048,0.1493,0.143,MEDIUM
VM_003,1378629300,2.9,3.2957,3.2874,3.2248,3.214,3.1946,3.1386,3.2193,3.2957,0.0477,0.1538,0.1424,MEDIUM
VM_003,1378629600,3.3,3.3032,3.2933,3.2306,3.2207,3.203,3.1472,3.2267,3.3032,0.0473,0.1495,0.141,MEDIUM
VM_003,1378629900,3.0,3.2939,3.2858,3.2239,3.2144,3.1957,3.1392,3.2194,3.2939,0.0471,0.1495,0.14,MEDIUM
VM_003,1378630200,3.0,3.2932,3.2845,3.2229,3.2136,3.1943,3.1383,3.2185,3.2932,0.0471,0.1503,0.1403,MEDIUM
VM_003,1378630500,3.3,3.2862,3.2768,3.2151,3.2064,3.1891,3.1329,3.2119,3.2862,0.0465,0.1521,0.1392,MEDIUM
VM_003,1378630800,2.9667,3.2815,3.2755,3.2143,3.2062,3.1889,3.1313,3.2111,3.2815,0.046,0.1506,0.1366,MEDIUM
VM_003,1378631100,3.0,3.296,3.2891,3.2279,3.2204,3.2025,3.1455,3.2254,3.296,0.046,0.1506,0.1368,MEDIUM
VM_003,1378631400,3.2667,3.2905,3.2827,3.2217,3.2148,3.1988,3.1418,3.2203,3.2905,0.0455,0.1443,0.1346,MEDIUM
VM_003,1378631700,3.0333,3.2863,3.2816,3.2209,3.2147,3.1986,3.1403,3.2196,3.2863,0.045,0.1448,0.1326,MEDIUM
VM_003,1378632000,3.0,3.2992,3.2937,3.2332,3.2275,3.2109,3.1531,3.2324,3.2992,0.045,0.1448,0.1326,MEDIUM
VM_003,1378632300,3.2667,3.2949,3.2889,3.2286,3.2236,3.209,3.151,3.229,3.2949,0.0444,0.1463,0.1311,MEDIUM
VM_003,1378632600,3.0,3.2934,3.2887,3.2287,3.2242,3.2086,3.1502,3.2288,3.2934,0.0443,0.1471,0.1307,MEDIUM
VM_003,1378632900,3.0,3.2947,3.2901,3.2305,3.2265,3.2108,3.1525,3.231,3.2947,0.0441,0.1479,0.13,MEDIUM
VM_003,1378633200,3.3,3.2966,3.2912,3.2316,3.2282,3.2147,3.1562,3.2335,3.2966,0.0436,0.1403,0.1276,MEDIUM
VM_003,1378633500,3.0,3.2907,3.2885,3.2294,3.227,3.2134,3.1536,3.2314,3.2907,0.0431,0.1403,0.125,MEDIUM
VM_003,1378633800,3.0,3.3079,3.3031,3.244,3.2421,3.227,3.1687,3.2464,3.3079,0.0434,0.1403,0.1266,MEDIUM
VM_003,1378634100,3.2667,3.2907,3.2842,3.2257,3.224,3.2103,3.1524,3.2287,3.2907,0.043,0.1383,0.1257,MEDIUM
VM_003,1378634400,3.0,3.2764,3.273,3.2148,3.2137,3.1999,3.1409,3.2176,3.2764,0.0425,0.1383,0.1236,MEDIUM
VM_003,1378634700,3.0333,3.2888,3.2818,3.2236,3.2226,3.2071,3.15,3.2266,3.2888,0.0429,0.1375,0.126,MEDIUM
VM_003,1378635000,3.3,3.2656,3.2579,3.2001,3.1994,3.186,3.129,3.204,3.2656,0.0422,0.1395,0.1245,MEDIUM
VM_003,1378635300,3.0333,3.25,3.2444,3.1868,3.1871,3.1753,3.1175,3.1918,3.25,0.0414,0.14,0.1214,MEDIUM
VM_003,1378635600,2.9667,3.2604,3.2534,3.1957,3.1967,3.1828,3.1264,3.2009,3.2604,0.0416,0.1412,0.1227,MEDIUM
VM_003,1378635900,3.3,3.2552,3.2473,3.1897,3.1913,3.1798,3.1236,3.1965,3.2552,0.041,0.1431,0.1211,MEDIUM
VM_003,1378636200,3.0333,3.2478,3.2428,3.1855,3.1881,3.1766,3.1194,3.1926,3.2507,0.0405,0.1423,0.1208,MEDIUM
VM_003,1378636500,3.0,3.2577,3.252,3.1949,3.1982,3.1861,3.1299,3.2027,3.2616,0.0404,0.1378,0.1205,MEDIUM
VM_003,1378636800,3.3,3.2557,3.2487,3.1919,3.1959,3.1858,3.13,3.2011,3.2599,0.0399,0.1378,0.1191,MEDIUM
VM_003,1378637100,3.0,3.2465,3.2403,3.1838,3.1885,3.1767,3.1213,3.1926,3.2513,0.0397,0.1378,0.1192,MEDIUM
VM_003,1378637400,3.0,3.2423,3.2344,3.1783,3.1832,3.1703,3.1164,3.1872,3.2454,0.0396,0.1378,0.1184,MEDIUM
VM_003,1378637700,3.3,3.2308,3.2216,3.1656,3.1709,3.16,3.1065,3.1756,3.233,0.0391,0.1378,0.1164,MEDIUM
VM_003,1378638000,3.0,3.2238,3.2174,3.1612,3.1673,3.1563,3.1022,3.1715,3.2293,0.0387,0.1366,0.1167,MEDIUM
VM_003,1378638300,3.0,3.2338,3.2258,3.1698,3.1764,3.1648,3.112,3.1807,3.239,0.0386,0.1366,0.1167,MEDIUM
VM_003,1378638600,3.2667,3.2244,3.2144,3.1589,3.1658,3.1557,3.1038,3.1708,3.2284,0.0382,0.1366,0.1147,MEDIUM
VM_003,1378638900,3.0333,3.2077,3.1994,3.1442,3.1517,3.1406,3.0885,3.1557,3.2131,0.0379,0.1366,0.1147,MEDIUM
VM_003,1378639200,3.0,3.207,3.1983,3.1431,3.1512,3.1399,3.0887,3.1553,3.2128,0.0376,0.1366,0.1144,MEDIUM
VM_003,1378639500,3.4,3.2104,3.1987,3.1433,3.1517,3.1418,3.0921,3.1569,3.2138,0.0374,0.146,0.1138,MEDIUM
VM_003,1378639800,3.0,3.1926,3.183,3.1279,3.137,3.1263,3.0763,3.1412,3.198,0.0371,0.146,0.1138,MEDIUM
VM_003,1378640100,3.0333,3.1982,3.1871,3.132,3.1414,3.13,3.0815,3.1458,3.2026,0.037,0.1451,0.1132,MEDIUM
VM_003,1378640400,3.2333,3.1877,3.1744,3.1197,3.1293,3.1193,3.072,3.1344,3.1903,0.0366,0.1419,0.1106,MEDIUM
VM_003,1378640700,4.1333,3.1639,3.129,3.0673,3.082,3.0925,3.0486,3.0973,3.1639,0.0386,0.2518,0.1393,MEDIUM
VM_003,1378641000,3.0667,3.2141,3.1836,3.1172,3.1366,3.1278,3.084,3.1426,3.2141,0.04,0.2504,0.1385,MEDIUM
VM_003,1378641300,3.3333,3.2185,3.1794,3.1127,3.1339,3.1321,3.0889,3.1431,3.2185,0.0405,0.252,0.1455,MEDIUM
VM_003,1378641600,3.0,3.1969,3.1625,3.0978,3.1193,3.1104,3.0657,3.124,3.1969,0.04,0.252,0.1404,MEDIUM
VM_003,1378641900,2.9333,3.2015,3.1677,3.1044,3.1251,3.1149,3.071,3.1296,3.2015,0.0395,0.255,0.1387,MEDIUM
VM_003,1378642200,3.2,3.1932,3.1602,3.0985,3.1187,3.1102,3.0665,3.1237,3.1932,0.0388,0.2533,0.1365,MEDIUM
VM_003,1378642500,3.1,3.1857,3.1549,3.0945,3.114,3.1035,3.0605,3.1182,3.1857,0.0382,0.2523,0.1334,MEDIUM
VM_003,1378642800,3.0,3.178,3.1489,3.0898,3.1087,3.0978,3.0559,3.1128,3.178,0.0374,0.2514,0.1305,MEDIUM
VM_003,1378643100,3.3,3.1799,3.1513,3.0925,3.1111,3.1027,3.0617,3.1165,3.1799,0.0368,0.2514,0.1297,MEDIUM
VM_003,1378643400,3.0,3.1724,3.1465,3.0887,3.1073,3.0976,3.0571,3.1118,3.1724,0.0362,0.2521,0.1267,MEDIUM
VM_003,1378643700,2.9667,3.1688,3.1437,3.0869,3.1053,3.0954,3.0562,3.1099,3.1688,0.0355,0.2531,0.1247,MEDIUM
VM_003,1378644000,3.3,3.1696,3.1446,3.088,3.1064,3.099,3.0607,3.1122,3.1696,0.035,0.2531,0.1242,MEDIUM
VM_003,1378644300,3.0,3.1666,3.1462,3.0896,3.109,3.1026,3.0629,3.1144,3.1666,0.0345,0.2531,0.1206,MEDIUM
VM_003,1378644600,3.0,3.1842,3.1638,3.1078,3.128,3.1216,3.0831,3.1335,3.186,0.0342,0.2531,0.1207,MEDIUM
VM_003,1378644900,3.4,3.1928,3.1723,3.1167,3.1374,3.134,3.0955,3.144,3.1968,0.0339,0.2565,0.1226,MEDIUM
VM_003,1378645200,3.0,3.1942,3.1763,3.1209,3.1427,3.1386,3.0996,3.1482,3.2017,0.0336,0.2565,0.1229,MEDIUM
VM_003,1378645500,3.0,3.205,3.1875,3.1327,3.1555,3.1517,3.1129,3.1609,3.215,0.0334,0.2565,0.1234,MEDIUM
VM_003,1378645800,3.3,3.2132,3.194,3.1396,3.1631,3.1608,3.1227,3.169,3.223,0.0332,0.2572,0.1238,MEDIUM
VM_003,1378646100,3.0333,3.2053,3.1892,3.135,3.1597,3.1575,3.1178,3.1646,3.219,0.033,0.2572,0.1242,MEDIUM
VM_003,1378646400,3.0,3.2191,3.2017,3.148,3.1735,3.1703,3.1318,3.1781,3.233,0.0328,0.2572,0.124,MEDIUM
VM_003,1378646700,3.3667,3.2188,3.1993,3.146,3.172,3.1704,3.1325,3.1772,3.2314,0.0327,0.2559,0.1236,MEDIUM
VM_003,1378647000,3.0667,3.2184,3.2021,3.1482,3.1755,3.1745,3.1349,3.1801,3.235,0.0327,0.2545,0.1244,MEDIUM
VM_003,1378647300,3.0,3.2367,3.2193,3.1658,3.194,3.1925,3.1537,3.1984,3.2541,0.0327,0.2553,0.125,MEDIUM
VM_003,1378647600,3.2667,3.237,3.2181,3.1651,3.1939,3.1944,3.1557,3.1988,3.2542,0.0326,0.2558,0.1253,MEDIUM
VM_003,1378647900,3.0,3.231,3.2152,3.1621,3.1922,3.1931,3.1527,3.1963,3.2524,0.0326,0.1508,0.1127,MEDIUM
VM_003,1378648200,3.0,3.2469,3.2285,3.1761,3.2069,3.2063,3.1674,3.2107,3.2672,0.0325,0.1523,0.1125,MEDIUM
VM_003,1378648500,3.3667,3.2458,3.2273,3.1748,3.2065,3.2093,3.1694,3.2112,3.2676,0.0327,0.1546,0.1139,MEDIUM
VM_003,1378648800,3.0,3.2496,3.2305,3.178,3.2106,3.211,3.1717,3.2141,3.2706,0.0326,0.1546,0.1132,MEDIUM
VM_003,1378649100,3.0,3.2439,3.2254,3.1733,3.2066,3.2076,3.1678,3.2099,3.2664,0.0324,0.1519,0.1128,MEDIUM
VM_003,1378649400,3.2333,3.2585,3.2381,3.1857,3.2196,3.223,3.1837,3.2241,3.2808,0.0327,0.1529,0.1139,MEDIUM
VM_003,1378649700,3.1,3.2531,3.2344,3.1819,3.217,3.2202,3.1795,3.2205,3.2778,0.0328,0.1529,0.1146,MEDIUM
VM_003,1378650000,3.0667,3.2698,3.2499,3.1973,3.2333,3.2363,3.1963,3.2369,3.2947,0.0329,0.1513,0.1148,MEDIUM
VM_003,1378650300,3.3,3.2734,3.2522,3.1996,3.2364,3.2421,3.2017,3.2408,3.2986,0.0332,0.1513,0.1157,MEDIUM
VM_003,1378650600,3.0,3.2749,3.2548,3.2019,3.2399,3.2448,3.2038,3.2434,3.3016,0.0333,0.1513,0.1162,MEDIUM
VM_003,1378650900,3.0,3.2773,3.2553,3.2031,3.2415,3.2452,3.205,3.2445,3.3025,0.0331,0.15,0.115,MEDIUM
VM_003,1378651200,3.4,3.2805,3.2557,3.2031,3.2419,3.2472,3.2077,3.2458,3.3029,0.0332,0.1566,0.1156,MEDIUM
VM_003,1378651500,3.0,3.2679,3.2454,3.1923,3.2322,3.2377,3.1967,3.2354,3.2927,0.0334,0.1566,0.1162,MEDIUM
VM_003,1378651800,3.0,3.2797,3.2566,3.2035,3.2445,3.2506,3.2098,3.2479,3.306,0.0337,0.1566,0.1172,MEDIUM
VM_003,1378652100,3.2,3.2855,3.2594,3.2065,3.2479,3.2554,3.2158,3.2522,3.3098,0.0338,0.1461,0.1159,MEDIUM
VM_003,1378652400,3.0,3.2667,3.2418,3.1888,3.2311,3.2377,3.1972,3.2343,3.2916,0.0337,0.1461,0.1154,MEDIUM
VM_003,1378652700,2.9667,3.2702,3.2435,3.1907,3.2335,3.2394,3.2001,3.2366,3.2938,0.0336,0.1473,0.1149,MEDIUM
VM_003,1378653000,3.4,3.2785,3.2511,3.1972,3.2411,3.2514,3.2114,3.2459,3.3033,0.0345,0.1542,0.118,MEDIUM
VM_003,1378653300,3.0667,3.2858,3.2594,3.2048,3.2502,3.2607,3.2197,3.2546,3.3129,0.035,0.1535,0.1196,MEDIUM
VM_003,1378653600,3.0,3.2961,3.2676,3.2134,3.2595,3.2689,3.2292,3.2636,3.3219,0.0349,0.1535,0.1191,MEDIUM
VM_003,1378653900,3.3,3.3032,3.273,3.218,3.2649,3.2773,3.2375,3.2701,3.3279,0.0354,0.1494,0.1193,MEDIUM
VM_003,1378654200,3.0,3.2969,3.2668,3.2115,3.2593,3.2702,3.2299,3.2634,3.3208,0.0354,0.1509,0.119,MEDIUM
VM_003,1378654500,3.0,3.2995,3.2674,3.2122,3.2602,3.2699,3.2309,3.264,3.3208,0.0351,0.1509,0.1177,MEDIUM
VM_003,1378654800,3.2,3.2915,3.2574,3.2018,3.2501,3.2622,3.2234,3.255,3.3107,0.0354,0.1485,0.1171,MEDIUM
VM_003,1378655100,3.0,3.2814,3.2493,3.193,3.2423,3.2552,3.2149,3.2469,3.3032,0.0358,0.1485,0.1183,MEDIUM
VM_003,1378655400,3.0,3.2962,3.2614,3.2052,3.255,3.2669,3.2284,3.2597,3.3161,0.0358,0.1485,0.118,MEDIUM
VM_003,1378655700,3.2667,3.2907,3.2545,3.1978,3.2482,3.2634,3.2245,3.2541,3.3099,0.0364,0.1422,0.1179,MEDIUM
VM_003,1378656000,3.0333,3.2894,3.2538,3.1963,3.2478,3.2626,3.2231,3.2533,3.3093,0.0367,0.1413,0.1185,MEDIUM
VM_003,1378656300,3.0,3.298,3.261,3.2034,3.2555,3.2702,3.2315,3.2611,3.3172,0.0368,0.1413,0.1184,MEDIUM
VM_003,1378656600,3.3,3.3069,3.2677,3.2092,3.262,3.2796,3.2412,3.2689,3.3244,0.0375,0.1445,0.1197,MEDIUM
VM_003,1378656900,3.1,3.3076,3.2687,3.2093,3.2631,3.2804,3.241,3.2694,3.325,0.0378,0.1445,0.1202,MEDIUM
VM_003,1378657200,3.0333,3.3125,3.2718,3.2125,3.2668,3.2829,3.2445,3.2727,3.328,0.0376,0.1451,0.1194,MEDIUM
VM_003,1378657500,3.2,3.3112,3.2682,3.2082,3.263,3.2814,3.2435,3.27,3.3242,0.0381,0.1407,0.1188,MEDIUM
VM_003,1378657800,3.0,3.301,3.2576,3.1972,3.2525,3.2691,3.2311,3.2585,3.3121,0.0379,0.1407,0.1179,MEDIUM
VM_003,1378658100,3.0,3.2945,3.2495,3.1893,3.2445,3.26,3.2231,3.2503,3.3032,0.0376,0.1407,0.1165,MEDIUM
VM_003,1378658400,3.3,3.2943,3.2467,3.1854,3.2409,3.2589,3.2228,3.2482,3.3001,0.0383,0.1328,0.1157,MEDIUM
VM_003,1378658700,3.0,3.2856,3.2391,3.177,3.233,3.2513,3.2143,3.2401,3.2923,0.0386,0.1328,0.1164,MEDIUM
VM_003,1378659000,3.0667,3.297,3.2494,3.1869,3.2433,3.262,3.2258,3.2509,3.3033,0.0388,0.1313,0.1167,MEDIUM
VM_003,1378659300,3.2333,3.3026,3.2531,3.1897,3.2467,3.2685,3.2325,3.2557,3.3076,0.0397,0.1326,0.118,MEDIUM
VM_003,1378659600,3.0,3.296,3.2462,3.1825,3.2399,3.2598,3.2237,3.2478,3.2994,0.0395,0.1326,0.1173,MEDIUM
VM_003,1378659900,3.0,3.292,3.2418,3.1781,3.2358,3.2555,3.2197,3.2436,3.2949,0.0394,0.1313,0.1166,MEDIUM
VM_003,1378660200,3.3333,3.3018,3.2485,3.1837,3.2419,3.2638,3.2289,3.2511,3.3018,0.0402,0.1253,0.1166,MEDIUM
VM_003,1378660500,3.0667,3.2983,3.2469,3.1811,3.2404,3.2633,3.2267,3.2494,3.3005,0.0408,0.1253,0.1182,MEDIUM
VM_003,1378660800,2.9333,3.3093,3.2559,3.1904,3.2499,3.2711,3.2361,3.2585,3.3095,0.0406,0.1283,0.1178,MEDIUM
VM_003,1378661100,3.3,3.3098,3.2545,3.188,3.248,3.272,3.2369,3.2577,3.3098,0.0413,0.1283,0.1198,MEDIUM
VM_003,1378661400,3.0,3.3064,3.2518,3.1848,3.2454,3.2683,3.2325,3.2543,3.3064,0.0414,0.1283,0.12,MEDIUM
VM_003,1378661700,3.0,3.3094,3.2526,3.1859,3.2464,3.267,3.2329,3.2547,3.3094,0.0409,0.1283,0.121,MEDIUM
VM_003,1378662000,3.3333,3.3091,3.2502,3.1821,3.243,3.2661,3.2323,3.2525,3.3091,0.0416,0.1356,0.1245,MEDIUM
VM_003,1378662300,3.0,3.3037,3.2448,3.1763,3.2373,3.2587,3.2247,3.246,3.3037,0.0415,0.1356,0.1251,MEDIUM
VM_003,1378662600,3.0333,3.3025,3.2426,3.1742,3.2349,3.2553,3.2222,3.2435,3.3025,0.0413,0.1347,0.1254,MEDIUM
VM_003,1378662900,3.4333,3.3149,3.2531,3.1828,3.244,3.2682,3.2351,3.2545,3.3149,0.0425,0.1471,0.1302,MEDIUM
VM_003,1378663200,2.9667,3.3108,3.2501,3.1797,3.2412,3.2643,3.2303,3.2508,3.3108,0.0425,0.1492,0.1303,MEDIUM
VM_003,1378663500,3.0,3.3176,3.256,3.1856,3.2471,3.2689,3.236,3.2564,3.3176,0.0422,0.1492,0.1307,MEDIUM
VM_003,1378663800,3.3667,3.3239,3.2602,3.1885,3.2503,3.2746,3.2419,3.2608,3.3239,0.0431,0.1535,0.1342,MEDIUM
VM_003,1378664100,3.1333,3.3302,3.266,3.1934,3.2554,3.2776,3.2449,3.265,3.3302,0.043,0.1535,0.1356,MEDIUM
VM_003,1378664400,3.0333,3.3305,3.2671,3.1945,3.2564,3.2789,3.2458,3.266,3.3305,0.043,0.1535,0.1353,MEDIUM
VM_003,1378664700,3.2333,3.3388,3.2733,3.1997,3.262,3.2866,3.2538,3.2726,3.3388,0.0437,0.1545,0.1379,MEDIUM
VM_003,1378665000,3.0667,3.3355,3.2724,3.1987,3.2617,3.2864,3.2514,3.2716,3.3355,0.044,0.1529,0.1369,MEDIUM
VM_003,1378665300,3.0,3.3546,3.2902,3.2166,3.2798,3.3027,3.2691,3.2893,3.3546,0.0438,0.1529,0.1376,MEDIUM
VM_003,1378665600,3.3333,3.3598,3.2922,3.2175,3.2808,3.3043,3.2716,3.2907,3.3598,0.0442,0.1548,0.1412,MEDIUM
VM_003,1378665900,3.0,3.3484,3.2827,3.2078,3.2711,3.2934,3.2591,3.2799,3.3484,0.044,0.1548,0.1405,MEDIUM
VM_003,1378666200,2.9333,3.3542,3.288,3.2134,3.2764,3.2971,3.2637,3.2848,3.3542,0.0436,0.1591,0.1411,MEDIUM
VM_003,1378666500,3.2333,3.3527,3.2841,3.2088,3.2717,3.2935,3.2606,3.2808,3.3527,0.044,0.1591,0.1436,MEDIUM
VM_003,1378666800,3.0,3.3413,3.2739,3.1988,3.2614,3.2811,3.2474,3.2693,3.3413,0.0436,0.1591,0.143,MEDIUM
VM_003,1378667100,3.0,3.3432,3.2751,3.2004,3.2624,3.2802,3.2476,3.2699,3.3432,0.0433,0.1591,0.1431,MEDIUM
VM_003,1378667400,3.3,3.3457,3.2756,3.1995,3.2615,3.2813,3.2491,3.2702,3.3457,0.044,0.1572,0.1458,MEDIUM
VM_003,1378667700,3.0333,3.3384,3.2699,3.1939,3.2557,3.274,3.2406,3.2634,3.3384,0.0438,0.1578,0.1452,MEDIUM
VM_003,1378668000,3.0667,3.3531,3.2836,3.2072,3.2685,3.2853,3.2533,3.2762,3.3531,0.0437,0.1535,0.1457,MEDIUM
VM_003,1378668300,3.4,3.361,3.2896,3.2112,3.2727,3.2919,3.2597,3.2816,3.361,0.0446,0.16,0.1501,MEDIUM
VM_003,1378668600,3.0333,3.3586,3.2885,3.2102,3.2714,3.2885,3.2551,3.279,3.3586,0.0444,0.159,0.1497,MEDIUM
VM_003,1378668900,3.0,3.36,3.2909,3.2132,3.2743,3.2903,3.2567,3.2814,3.36,0.0441,0.159,0.1487,MEDIUM
VM_003,1378669200,3.3667,3.3747,3.3017,3.2225,3.2837,3.2997,3.2675,3.2914,3.3747,0.0448,0.1611,0.1533,MEDIUM
VM_003,1378669500,3.0,3.3554,3.2853,3.2065,3.2675,3.282,3.2479,3.2738,3.3554,0.0444,0.1611,0.1515,MEDIUM
VM_003,1378669800,3.0,3.3664,3.295,3.2164,3.2768,3.2884,3.256,3.2825,3.3664,0.0441,0.162,0.1523,MEDIUM
VM_003,1378670100,3.3,3.3614,3.2876,3.2076,3.2678,3.2802,3.2484,3.2741,3.3614,0.0446,0.1529,0.1543,MEDIUM
VM_003,1378670400,3.0,3.3483,3.2766,3.1969,3.2563,3.2668,3.234,3.2616,3.3483,0.0443,0.1516,0.153,MEDIUM
VM_003,1378670700,3.0,3.3511,3.2797,3.2004,3.2591,3.2682,3.2361,3.2641,3.3511,0.044,0.1516,0.1525,MEDIUM
VM_003,1378671000,3.4,3.3594,3.2867,3.2057,3.2646,3.2766,3.244,3.2711,3.3594,0.0449,0.1541,0.1559,MEDIUM
VM_003,1378671300,3.0333,3.3575,3.2888,3.2082,3.2674,3.2797,3.2444,3.2732,3.3575,0.0449,0.1551,0.1538,MEDIUM
VM_003,1378671600,3.0,3.3854,3.3148,3.2342,3.2934,3.3022,3.2687,3.2982,3.3854,0.0447,0.156,0.1552,MEDIUM
VM_003,1378671900,3.2333,3.3767,3.3048,3.223,3.2825,3.292,3.2583,3.2873,3.3767,0.0452,0.156,0.1574,MEDIUM
VM_003,1378672200,3.0,3.3694,3.2992,3.2179,3.2769,3.2837,3.249,3.2803,3.3694,0.0448,0.1575,0.1565,MEDIUM
VM_003,1378672500,3.0,3.3745,3.3037,3.2228,3.2812,3.2853,3.2517,3.2838,3.3745,0.0445,0.1575,0.1565,MEDIUM
VM_003,1378672800,3.2333,3.3673,3.2947,3.2127,3.2709,3.2759,3.2426,3.2741,3.3673,0.045,0.1526,0.1584,MEDIUM
VM_003,1378673100,3.0,3.3589,3.2883,3.2064,3.2638,3.2669,3.2328,3.2661,3.3589,0.0447,0.1526,0.1572,MEDIUM
VM_003,1378673400,3.0,3.3632,3.2924,3.2107,3.2672,3.2681,3.2349,3.269,3.3632,0.0446,0.1499,0.1569,MEDIUM
VM_003,1378673700,3.3667,3.3637,3.291,3.2078,3.2642,3.2669,3.2335,3.267,3.3637,0.0453,0.157,0.1609,MEDIUM
VM_003,1378674000,3.0667,3.3526,3.2854,3.2032,3.2595,3.2633,3.2266,3.2619,3.3526,0.0449,0.1554,0.157,MEDIUM
VM_003,1378674300,3.0,3.3886,3.3202,3.2379,3.2943,3.2954,3.2601,3.2961,3.3886,0.045,0.1554,0.1579,MEDIUM
VM_003,1378674600,3.3667,3.3942,3.3237,3.2395,3.2965,3.2986,3.263,3.2985,3.3942,0.0458,0.1594,0.1619,MEDIUM
VM_003,1378674900,3.1,3.3916,3.3235,3.2397,3.2964,3.2965,3.2593,3.2971,3.3916,0.0457,0.1583,0.1604,MEDIUM
VM_003,1378675200,3.0,3.4081,3.3381,3.2541,3.3102,3.3066,3.271,3.3099,3.4081,0.0457,0.16,0.1618,MEDIUM
VM_003,1378675500,3.3,3.3936,3.3227,3.2376,3.2936,3.2915,3.2552,3.2937,3.3936,0.0462,0.1535,0.1629,MEDIUM
VM_003,1378675800,3.1,3.3936,3.3255,3.2405,3.2959,3.293,3.2552,3.2955,3.3936,0.0461,0.1526,0.1612,MEDIUM
VM_003,1378676100,3.1333,3.4167,3.3463,3.2611,3.3157,3.3094,3.273,3.3146,3.4167,0.0464,0.1504,0.1627,MEDIUM
VM_003,1378676400,3.3667,3.403,3.3314,3.2452,3.2995,3.2946,3.2577,3.2988,3.403,0.0469,0.1504,0.165,MEDIUM
VM_003,1378676700,3.0,3.3912,3.3236,3.2387,3.2923,3.2864,3.2477,3.2908,3.3912,0.0463,0.1504,0.1615,MEDIUM
VM_003,1378677000,3.1667,3.4176,3.3484,3.2633,3.3163,3.3077,3.2705,3.3144,3.4176,0.0466,0.1483,0.1624,MEDIUM
VM_003,1378677300,3.4,3.4108,3.3409,3.2545,3.3077,3.3013,3.2633,3.3065,3.4108,0.0472,0.1545,0.1655,MEDIUM
VM_003,1378677600,3.0,3.4113,3.3437,3.258,3.3107,3.3021,3.2632,3.3083,3.4113,0.0469,0.1545,0.1635,MEDIUM
VM_003,1378677900,3.0,3.4182,3.35,3.2648,3.3167,3.3051,3.2674,3.3134,3.4182,0.0469,0.1545,0.1633,MEDIUM
VM_003,1378678200,3.3333,3.4063,3.3368,3.2508,3.3024,3.2922,3.2542,3.2997,3.4063,0.0473,0.15,0.1648,MEDIUM
VM_003,1378678500,3.0667,3.4008,3.3342,3.2489,3.2997,3.2881,3.2491,3.2962,3.4008,0.047,0.1492,0.1623,MEDIUM
VM_003,1378678800,3.0,3.4107,3.3444,3.2594,3.3096,3.2963,3.258,3.3057,3.4107,0.0469,0.1492,0.1616,MEDIUM
VM_003,1378679100,3.2667,3.4053,3.3374,3.2516,3.3016,3.2895,3.251,3.2983,3.4053,0.0474,0.1503,0.164,MEDIUM
VM_003,1378679400,3.0,3.3945,3.3299,3.2453,3.2945,3.2806,3.241,3.2901,3.3945,0.0469,0.1503,0.1609,MEDIUM
VM_003,1378679700,3.0,3.4025,3.3385,3.2548,3.3034,3.2878,3.2487,3.2985,3.4025,0.0467,0.1503,0.1594,MEDIUM
VM_003,1378680000,3.4,3.4069,3.3414,3.2564,3.3052,3.2915,3.2522,3.3013,3.4069,0.0472,0.1586,0.163,MEDIUM
VM_003,1378680300,3.0,3.4067,3.3424,3.258,3.3061,3.2893,3.2499,3.3008,3.4067,0.0472,0.1586,0.1617,MEDIUM
VM_003,1378680600,3.0,3.402,3.3383,3.2546,3.3017,3.283,3.244,3.2957,3.402,0.0471,0.1586,0.1604,MEDIUM
VM_003,1378680900,3.2667,3.3949,3.3294,3.2447,3.2915,3.274,3.2353,3.2863,3.3949,0.0475,0.1538,0.162,MEDIUM
VM_003,1378681200,3.1,3.3581,3.2923,3.2071,3.2543,3.2384,3.199,3.2493,3.3581,0.0477,0.1532,0.1631,MEDIUM
VM_003,1378681500,3.0667,3.3907,3.3225,3.2368,3.2832,3.2627,3.2247,3.2774,3.3907,0.0487,0.1512,0.1647,MEDIUM
VM_003,1378681800,3.2667,3.3703,3.3022,3.2163,3.2624,3.244,3.2051,3.2572,3.3703,0.0487,0.146,0.1645,MEDIUM
VM_003,1378682100,3.0667,3.3694,3.3046,3.2202,3.2653,3.2454,3.2055,3.2594,3.3694,0.0482,0.1466,0.161,MEDIUM
VM_003,1378682400,3.0,3.3839,3.3187,3.2349,3.279,3.2563,3.2177,3.2724,3.3839,0.0484,0.1466,0.1606,MEDIUM
VM_003,1378682700,3.3,3.3674,3.3018,3.2175,3.2613,3.2402,3.2013,3.2553,3.3674,0.0485,0.1466,0.1615,MEDIUM
VM_003,1378683000,3.1,3.364,3.3032,3.2206,3.2637,3.2424,3.202,3.2572,3.364,0.0476,0.1466,0.1569,MEDIUM
VM_003,1378683300,3.0,3.3894,3.3295,3.2475,3.2904,3.2674,3.2277,3.2835,3.3894,0.0475,0.1492,0.1558,MEDIUM
VM_003,1378683600,3.2667,3.3899,3.3291,3.2461,3.2894,3.2677,3.2278,3.2828,3.3899,0.0477,0.1437,0.1567,MEDIUM
VM_003,1378683900,3.0,3.3838,3.3275,3.2462,3.289,3.2662,3.225,3.2813,3.3838,0.047,0.1437,0.1522,MEDIUM
VM_003,1378684200,3.0,3.409,3.3509,3.2697,3.3118,3.2858,3.2462,3.3033,3.409,0.0475,0.1457,0.1532,MEDIUM
VM_003,1378684500,3.3667,3.3917,3.333,3.2509,3.2928,3.2688,3.2285,3.2849,3.3917,0.0477,0.1431,0.1542,MEDIUM
VM_003,1378684800,3.0333,3.3878,3.3335,3.2528,3.2957,3.2685,3.2285,3.2861,3.3878,0.0468,0.142,0.1485,MEDIUM
VM_003,1378685100,3.1,3.4028,3.3483,3.2668,3.3103,3.2818,3.2416,3.3002,3.4028,0.0473,0.1398,0.1491,MEDIUM
VM_003,1378685400,3.4,3.4097,3.3533,3.2693,3.3142,3.2871,3.2465,3.3044,3.4097,0.0481,0.1447,0.1537,MEDIUM
VM_003,1378685700,3.1,3.4197,3.3641,3.2798,3.3247,3.2948,3.2541,3.3136,3.4197,0.0486,0.1442,0.1537,MEDIUM
VM_003,1378686000,3.1333,3.4273,3.3719,3.2873,3.3323,3.3008,3.2607,3.3205,3.4273,0.0488,0.1416,0.1535,MEDIUM
VM_003,1378686300,3.2667,3.4264,3.3692,3.2828,3.3289,3.2984,3.2588,3.3175,3.4264,0.0493,0.1416,0.1567,MEDIUM
VM_003,1378686600,2.9667,3.424,3.3692,3.2836,3.3293,3.2966,3.2571,3.3168,3.424,0.0491,0.1431,0.1547,MEDIUM
VM_003,1378686900,3.0,3.4301,3.3759,3.2906,3.3363,3.302,3.2637,3.3232,3.4301,0.0491,0.1431,0.154,MEDIUM
VM_003,1378687200,3.4,3.4338,3.3761,3.2885,3.3352,3.3017,3.2645,3.3226,3.4338,0.0499,0.1431,0.1587,MEDIUM
VM_003,1378687500,3.0,3.4228,3.3682,3.2818,3.3277,3.2927,3.2552,3.3142,3.4228,0.0494,0.1431,0.1558,MEDIUM
VM_003,1378687800,3.0,3.4335,3.3797,3.2935,3.3392,3.3033,3.2669,3.3255,3.4335,0.0493,0.1431,0.1548,MEDIUM
VM_003,1378688100,3.3333,3.4333,3.3774,3.2898,3.3363,3.3014,3.2658,3.3231,3.4333,0.0497,0.1464,0.1584,MEDIUM
VM_003,1378688400,3.0,3.429,3.3766,3.2902,3.3361,3.3002,3.2642,3.3222,3.429,0.0491,0.1489,0.1553,MEDIUM
VM_003,1378688700,3.0,3.4414,3.3894,3.3037,3.3494,3.3119,3.277,3.3349,3.4414,0.049,0.1508,0.1545,MEDIUM
VM_003,1378689000,3.3,3.437,3.3847,3.298,3.3448,3.3095,3.2745,3.3309,3.437,0.0489,0.1523,0.156,MEDIUM
VM_003,1378689300,3.0333,3.4476,3.3973,3.3115,3.3578,3.3207,3.2859,3.3431,3.4476,0.0486,0.153,0.1539,MEDIUM
VM_003,1378689600,3.0,3.4544,3.404,3.3186,3.3648,3.3263,3.2925,3.3495,3.4544,0.0486,0.153,0.1534,MEDIUM
VM_003,1378689900,3.3,3.4448,3.392,3.3051,3.3519,3.3148,3.2815,3.3372,3.4448,0.0491,0.153,0.1565,MEDIUM
VM_003,1378690200,3.0,3.438,3.3872,3.3017,3.3472,3.3089,3.2752,3.3319,3.438,0.0487,0.1552,0.1541,MEDIUM
VM_003,1378690500,2.8667,3.4389,3.3886,3.3035,3.3484,3.3094,3.2765,3.3331,3.4389,0.0486,0.1621,0.1538,MEDIUM
VM_003,1378690800,3.2333,3.4261,3.3737,3.2875,3.3328,3.2954,3.2626,3.3182,3.4261,0.0489,0.1609,0.1561,MEDIUM
VM_003,1378691100,3.0,3.4209,3.3702,3.2851,3.329,3.2904,3.2572,3.314,3.4209,0.0487,0.1609,0.1537,MEDIUM
VM_003,1378691400,3.8333,3.2872,3.2004,3.0947,3.1537,3.1312,3.0987,3.1447,3.2872,0.0575,0.2151,0.2088,HIGH
VM_003,1378691700,3.4,3.3248,3.2359,3.1357,3.189,3.1538,3.1231,3.1769,3.3248,0.058,0.2167,0.2052,HIGH
VM_003,1378692000,3.0,3.2618,3.1724,3.0752,3.1285,3.0957,3.0653,3.1169,3.2618,0.0568,0.2176,0.2031,HIGH
VM_003,1378692300,2.9667,3.2728,3.1907,3.1,3.1487,3.1118,3.083,3.1364,3.2728,0.0544,0.2207,0.1927,HIGH
VM_003,1378692600,3.2,3.2767,3.1948,3.1062,3.1534,3.1148,3.0903,3.1411,3.2767,0.0538,0.2144,0.1902,HIGH
VM_003,1378692900,3.1,3.2549,3.1813,3.0974,3.1408,3.102,3.0778,3.1284,3.2549,0.0513,0.2144,0.1809,MEDIUM
VM_003,1378693200,3.0,3.2741,3.2039,3.1222,3.1635,3.1233,3.1027,3.1513,3.2741,0.0502,0.2162,0.1771,MEDIUM
VM_003,1378693500,3.2333,3.2577,3.1894,3.1089,3.1494,3.1099,3.0915,3.1374,3.2577,0.0493,0.2155,0.1752,MEDIUM
VM_003,1378693800,3.0333,3.2571,3.1933,3.115,3.1532,3.1132,3.0964,3.1413,3.2571,0.048,0.2137,0.1701,MEDIUM
VM_003,1378694100,3.0,3.2618,3.2009,3.124,3.161,3.1212,3.1063,3.1493,3.2618,0.047,0.2137,0.1668,MEDIUM
VM_003,1378694400,3.2667,3.256,3.1971,3.1203,3.1572,3.1195,3.1052,3.1461,3.256,0.0462,0.2081,0.1651,MEDIUM
VM_003,1378694700,3.0,3.27,3.2162,3.1411,3.1768,3.1391,3.1251,3.1656,3.27,0.045,0.2081,0.16,MEDIUM
VM_003,1378695000,3.0,3.2903,3.2379,3.1634,3.199,3.1613,3.1489,3.1878,3.2903,0.0444,0.2081,0.1581,MEDIUM
VM_003,1378695300,3.2667,3.2819,3.2317,3.1571,3.1931,3.1579,3.1443,3.1822,3.2819,0.0438,0.2057,0.1565,MEDIUM
VM_003,1378695600,3.0,3.304,3.2563,3.1827,3.2179,3.182,3.1687,3.2067,3.304,0.0432,0.2057,0.1535,MEDIUM
VM_003,1378695900,3.0,3.3141,3.2684,3.1951,3.2304,3.1952,3.1813,3.219,3.3141,0.0427,0.2057,0.1511,MEDIUM
VM_003,1378696200,4.2667,3.156,3.0866,2.9965,3.0446,3.0211,3.0036,3.0361,3.156,0.0499,0.3096,0.2017,HIGH
VM_003,1378696500,3.1,3.2829,3.2095,3.1237,3.1681,3.1294,3.1217,3.1566,3.2829,0.0505,0.3086,0.1995,HIGH
VM_003,1378696800,3.0333,3.1851,3.1134,3.0297,3.0749,3.0401,3.0286,3.0629,3.1851,0.0491,0.3079,0.196,HIGH
VM_003,1378697100,3.3333,3.2083,3.1349,3.0531,3.095,3.0569,3.0493,3.0835,3.2083,0.0494,0.3086,0.1956,HIGH
VM_003,1378697400,3.0,3.1962,3.1291,3.0509,3.0891,3.0517,3.0431,3.0781,3.1962,0.0475,0.3086,0.1879,MEDIUM
VM_003,1378697700,3.0,3.2111,3.1468,3.0705,3.1063,3.0685,3.0617,3.0959,3.2111,0.0467,0.304,0.1835,MEDIUM
VM_003,1378698000,3.2667,3.2013,3.1423,3.0676,3.1016,3.0661,3.0577,3.0918,3.2013,0.0453,0.3044,0.1789,MEDIUM
VM_003,1378698300,3.0333,3.2356,3.1818,3.1092,3.1413,3.1052,3.0975,3.1316,3.2356,0.0441,0.3036,0.1733,MEDIUM
VM_003,1378698600,3.0,3.2531,3.2026,3.1316,3.1629,3.127,3.1199,3.1531,3.2531,0.0432,0.2717,0.1651,MEDIUM
VM_003,1378698900,3.3,3.2524,3.204,3.133,3.164,3.1297,3.1219,3.1544,3.2524,0.0428,0.2683,0.1633,MEDIUM
VM_003,1378699200,3.0,3.253,3.2095,3.1399,3.1699,3.1362,3.1264,3.16,3.253,0.0419,0.2683,0.1585,MEDIUM
VM_003,1378699500,3.0,3.2845,3.2414,3.1726,3.2021,3.1668,3.1583,3.1918,3.2845,0.0418,0.2675,0.1566,MEDIUM
VM_003,1378699800,3.3333,3.2696,3.2288,3.16,3.1891,3.1561,3.1448,3.179,3.2696,0.0414,0.2701,0.1552,MEDIUM
VM_003,1378700100,3.1,3.2946,3.2549,3.1867,3.2144,3.1801,3.1686,3.2041,3.2946,0.0416,0.2701,0.1533,MEDIUM
VM_003,1378700400,3.0,3.291,3.2532,3.1859,3.2124,3.1784,3.1652,3.202,3.291,0.0413,0.2701,0.1504,MEDIUM
VM_003,1378700700,3.2,3.2797,3.2433,3.1757,3.2017,3.169,3.1534,3.1916,3.2797,0.0413,0.2697,0.1492,MEDIUM
VM_003,1378701000,2.9667,3.2923,3.2611,3.1953,3.2194,3.1863,3.1676,3.2089,3.2923,0.0407,0.2713,0.1435,MEDIUM
VM_003,1378701300,3.0333,3.3214,3.2914,3.2258,3.2494,3.2157,3.1962,3.2389,3.3214,0.0409,0.2706,0.1416,MEDIUM
VM_003,1378701600,3.3333,3.3163,3.2875,3.2216,3.2449,3.2125,3.1905,3.2346,3.3163,0.0411,0.2722,0.1412,MEDIUM
VM_003,1378701900,3.0,3.3332,3.3071,3.2421,3.2638,3.2298,3.2061,3.253,3.3332,0.0413,0.2722,0.1387,MEDIUM
VM_003,1378702200,3.0,3.342,3.3173,3.2526,3.2734,3.2389,3.2135,3.2624,3.342,0.0417,0.2722,0.1395,MEDIUM
VM_003,1378702500,3.2143,3.3318,3.3083,3.2431,3.2636,3.23,3.2024,3.2527,3.3318,0.0419,0.2714,0.1394,MEDIUM
VM_003,1378702800,3.0,3.3495,3.3274,3.2626,3.2816,3.246,3.2172,3.2703,3.3495,0.0426,0.2714,0.1408,MEDIUM
VM_003,1378703100,3.0,3.3515,3.33,3.2654,3.2833,3.2471,3.2171,3.2719,3.3515,0.0431,0.2714,0.1423,MEDIUM
VM_003,1378703400,3.2667,3.3404,3.3204,3.2553,3.2727,3.2378,3.2054,3.2617,3.3404,0.0432,0.1339,0.1242,MEDIUM
VM_003,1378703700,3.1,3.3654,3.3471,3.2822,3.298,3.2614,3.2278,3.2869,3.3654,0.044,0.1339,0.1253,MEDIUM
VM_003,1378704000,3.0,3.374,3.3574,3.2929,3.3076,3.2707,3.2356,3.2965,3.374,0.0444,0.1349,0.1255,MEDIUM
VM_003,1378704300,3.2667,3.3726,3.3545,3.289,3.3035,3.2668,3.2314,3.2928,3.3726,0.0451,0.1305,0.1275,MEDIUM
VM_003,1378704600,3.0,3.3733,3.3553,3.2898,3.3027,3.264,3.2282,3.2916,3.3733,0.046,0.1305,0.1303,MEDIUM
VM_003,1378704900,3.0,3.3636,3.3455,3.2799,3.2914,3.2522,3.2158,3.2805,3.3636,0.0466,0.1305,0.1322,MEDIUM
VM_003,1378705200,3.3,3.3493,3.3317,3.2652,3.2761,3.2385,3.2006,3.266,3.3493,0.0468,0.1325,0.1331,MEDIUM
VM_003,1378705500,3.0,3.3609,3.3456,3.28,3.289,3.2499,3.2112,3.2789,3.3609,0.0472,0.1335,0.134,MEDIUM
VM_003,1378705800,3.0667,3.3718,3.3562,3.2906,3.2987,3.259,3.2204,3.289,3.3718,0.0477,0.132,0.1351,MEDIUM
VM_003,1378706100,3.1667,3.3569,3.3407,3.2744,3.2824,3.2436,3.2048,3.2731,3.3569,0.0479,0.126,0.1349,MEDIUM
VM_003,1378706400,2.9333,3.3522,3.3382,3.2728,3.2791,3.239,3.1996,3.2696,3.3522,0.0482,0.129,0.1357,MEDIUM
VM_003,1378706700,2.9333,3.353,3.3387,3.2735,3.2787,3.2379,3.199,3.2696,3.353,0.0486,0.1318,0.1372,MEDIUM
VM_003,1378707000,3.3667,3.3427,3.329,3.2631,3.2682,3.2295,3.1894,3.2599,3.3427,0.0483,0.1346,0.1369,MEDIUM
VM_003,1378707300,3.1,3.3602,3.3502,3.2849,3.2888,3.2494,3.2082,3.2805,3.3602,0.0484,0.1346,0.136,MEDIUM
VM_003,1378707600,3.0333,3.3776,3.3675,3.3024,3.3057,3.2656,3.225,3.2977,3.3776,0.0487,0.1337,0.1363,MEDIUM
VM_003,1378707900,3.3333,3.3762,3.3633,3.2967,3.3004,3.2608,3.2212,3.293,3.3762,0.0492,0.1409,0.139,MEDIUM
VM_003,1378708200,3.0,3.366,3.3556,3.2897,3.2921,3.2517,3.2113,3.2843,3.366,0.0493,0.1396,0.1387,MEDIUM
VM_003,1378708500,3.0,3.3719,3.3606,3.2945,3.2961,3.255,3.2154,3.2887,3.3719,0.0496,0.1405,0.1402,MEDIUM
VM_003,1378708800,3.3333,3.359,3.3476,3.2808,3.2827,3.2435,3.2035,3.276,3.359,0.0493,0.1405,0.1395,MEDIUM
VM_003,1378709100,3.0,3.3653,3.3558,3.2896,3.2906,3.2502,3.2101,3.2837,3.3653,0.0494,0.1405,0.1392,MEDIUM
VM_003,1378709400,2.9,3.3671,3.3573,3.2914,3.292,3.2511,3.2119,3.2853,3.3671,0.0494,0.145,0.1398,MEDIUM
VM_003,1378709700,3.2667,3.3534,3.3436,3.2773,3.2784,3.2394,3.1998,3.2723,3.3534,0.0489,0.1473,0.1388,MEDIUM
VM_003,1378710000,3.0333,3.3579,3.3508,3.2852,3.2855,3.2458,3.2058,3.2793,3.3579,0.0487,0.1465,0.1376,MEDIUM
VM_003,1378710300,3.0,3.3696,3.363,3.2976,3.2979,3.2581,3.2185,3.2919,3.3696,0.0486,0.1465,0.1367,MEDIUM
VM_003,1378710600,3.2333,3.367,3.3599,3.2941,3.2951,3.2568,3.2173,3.2896,3.367,0.0482,0.145,0.1355,MEDIUM
VM_003,1378710900,3.0667,3.3702,3.3643,3.2988,3.2993,3.26,3.2206,3.2936,3.3702,0.0482,0.1451,0.1354,MEDIUM
VM_003,1378711200,3.0,3.3719,3.3658,3.3003,3.3007,3.2612,3.2224,3.2951,3.3719,0.0482,0.1451,0.1353,MEDIUM
VM_003,1378711500,3.2333,3.3626,3.3548,3.2886,3.2895,3.2513,3.2131,3.2846,3.3626,0.048,0.1436,0.1351,MEDIUM
VM_003,1378711800,3.0,3.3549,3.3475,3.2815,3.2819,3.2424,3.2046,3.2766,3.3549,0.0481,0.1436,0.1357,MEDIUM
VM_003,1378712100,2.9667,3.346,3.3385,3.2727,3.2728,3.2334,3.196,3.2678,3.346,0.0479,0.1447,0.1357,MEDIUM
VM_003,1378712400,3.2667,3.3366,3.3279,3.2615,3.2621,3.2245,3.1874,3.258,3.3366,0.0474,0.1428,0.1348,MEDIUM
VM_003,1378712700,3.0333,3.3351,3.3268,3.2605,3.2606,3.2219,3.1853,3.2563,3.3351,0.0475,0.142,0.1351,MEDIUM
VM_003,1378713000,3.1,3.3305,3.3211,3.2547,3.2547,3.216,3.1803,3.2508,3.3305,0.0474,0.1419,0.1355,MEDIUM
VM_003,1378713300,3.2333,3.3145,3.3037,3.2369,3.2373,3.2002,3.165,3.2341,3.3145,0.047,0.144,0.1351,MEDIUM
VM_003,1378713600,3.1333,3.3065,3.295,3.2279,3.2282,3.1904,3.1563,3.2251,3.3065,0.047,0.1397,0.1353,MEDIUM
VM_003,1378713900,3.0333,3.2962,3.2845,3.2176,3.2175,3.1793,3.1458,3.2145,3.2962,0.0469,0.1357,0.1348,MEDIUM
VM_003,1378714200,3.3667,3.2837,3.269,3.2013,3.2015,3.1646,3.1324,3.1995,3.2837,0.0468,0.1357,0.1355,MEDIUM
VM_003,1378714500,3.1,3.2697,3.2581,3.1909,3.1907,3.1538,3.1209,3.1886,3.2697,0.0462,0.1357,0.1336,MEDIUM
VM_003,1378714800,3.0,3.2766,3.2625,3.1951,3.1948,3.157,3.1264,3.1932,3.2766,0.0463,0.1367,0.1347,MEDIUM
VM_003,1378715100,3.2,3.2467,3.2323,3.1651,3.1654,3.1298,3.0993,3.1644,3.2467,0.0454,0.1298,0.1317,MEDIUM
VM_003,1378715400,3.0,3.2359,3.2217,3.1546,3.1547,3.1176,3.0882,3.1534,3.2359,0.0454,0.1298,0.132,MEDIUM
VM_003,1378715700,3.0,3.2246,3.2131,3.1464,3.1466,3.111,3.0809,3.1458,3.2246,0.0444,0.1298,0.1289,MEDIUM
VM_003,1378716000,3.3333,3.2348,3.2236,3.1565,3.1577,3.1247,3.0945,3.158,3.2348,0.0436,0.1298,0.1262,MEDIUM
VM_003,1378716300,3.0,3.2425,3.2363,3.17,3.1719,3.1395,3.1078,3.1718,3.2425,0.0426,0.1298,0.1218,MEDIUM
VM_003,1378716600,2.9667,3.2657,3.257,3.1907,3.1935,3.1601,3.1309,3.1937,3.2657,0.0427,0.1259,0.1214,MEDIUM
VM_003,1378716900,3.2333,3.242,3.2339,3.1682,3.1721,3.1411,3.1113,3.1724,3.242,0.0417,0.1242,0.118,MEDIUM
VM_003,1378717200,3.0,3.2434,3.2383,3.1727,3.1771,3.1457,3.1152,3.1769,3.2434,0.0412,0.1252,0.1161,MEDIUM
VM_003,1378717500,3.0,3.2546,3.2491,3.1835,3.1886,3.1572,3.1276,3.1886,3.2546,0.041,0.1252,0.1152,MEDIUM
VM_003,1378717800,3.1667,3.245,3.2375,3.1719,3.178,3.1481,3.1193,3.1785,3.245,0.0405,0.123,0.1139,MEDIUM
VM_003,1378718100,3.0333,3.231,3.226,3.1608,3.1672,3.1369,3.1073,3.167,3.231,0.0401,0.1236,0.1125,MEDIUM
VM_003,1378718400,3.0,3.2402,3.235,3.1696,3.1765,3.1465,3.1175,3.1767,3.2402,0.0398,0.1236,0.1117,MEDIUM
VM_003,1378718700,3.3333,3.2383,3.2303,3.1646,3.1724,3.1438,3.1158,3.1734,3.2383,0.0396,0.1298,0.1123,MEDIUM
VM_003,1378719000,3.0,3.2242,3.2202,3.1549,3.1631,3.1348,3.1052,3.1634,3.2242,0.039,0.1298,0.1096,MEDIUM
VM_003,1378719300,3.0,3.2406,3.2351,3.1697,3.1785,3.15,3.1217,3.1792,3.2406,0.0389,0.1284,0.1096,MEDIUM
VM_003,1378719600,3.3333,3.2351,3.2289,3.1635,3.1733,3.1474,3.1188,3.1748,3.2351,0.0383,0.1327,0.1107,MEDIUM
VM_003,1378719900,3.0333,3.2298,3.2243,3.1591,3.1694,3.142,3.1138,3.1701,3.2298,0.0382,0.1327,0.1099,MEDIUM
VM_003,1378720200,3.0333,3.2261,3.2194,3.1543,3.1651,3.1376,3.1105,3.1659,3.2261,0.038,0.1336,0.1102,MEDIUM
VM_003,1378720500,3.2,3.2158,3.2101,3.145,3.1568,3.1323,3.1043,3.1584,3.2158,0.0372,0.1324,0.1093,MEDIUM
VM_003,1378720800,3.0,3.2207,3.2167,3.1517,3.1642,3.1392,3.111,3.1654,3.2207,0.037,0.1339,0.108,MEDIUM
VM_003,1378721100,3.0,3.2236,3.2182,3.1536,3.1668,3.1417,3.1147,3.1681,3.2236,0.0368,0.1347,0.1083,MEDIUM
VM_003,1378721400,3.3333,3.2155,3.2083,3.1437,3.1577,3.1346,3.1082,3.1598,3.2155,0.0364,0.132,0.1091,MEDIUM
VM_003,1378721700,3.1,3.2083,3.2025,3.1379,3.1524,3.1285,3.1019,3.1539,3.2083,0.0362,0.132,0.1079,MEDIUM
VM_003,1378722000,3.0667,3.2139,3.2094,3.1447,3.1599,3.1372,3.1103,3.1618,3.2139,0.0358,0.1306,0.1066,MEDIUM
VM_003,1378722300,3.1333,3.2181,3.2117,3.1471,3.1635,3.1426,3.1166,3.1662,3.2181,0.0355,0.129,0.1074,MEDIUM
VM_003,1378722600,3.0,3.2068,3.2043,3.1404,3.1575,3.1373,3.1095,3.1595,3.2068,0.035,0.129,0.1039,MEDIUM
VM_003,1378722900,3.0,3.225,3.2221,3.1583,3.1765,3.1567,3.1298,3.1789,3.225,0.0348,0.129,0.1035,MEDIUM
VM_003,1378723200,3.3,3.228,3.2233,3.1598,3.1791,3.1617,3.1352,3.1823,3.228,0.0346,0.1265,0.104,MEDIUM
VM_003,1378723500,3.0333,3.2203,3.2188,3.1558,3.1759,3.1585,3.1307,3.1783,3.2241,0.0342,0.1256,0.1041,MEDIUM
VM_003,1378723800,2.9333,3.2278,3.2251,3.1624,3.1836,3.1658,3.1392,3.1859,3.2321,0.034,0.1273,0.1045,MEDIUM
VM_003,1378724100,3.2667,3.2235,3.2183,3.1559,3.178,3.1622,3.1365,3.1812,3.2266,0.0338,0.129,0.1049,MEDIUM
VM_003,1378724400,3.0,3.2036,3.2014,3.1396,3.1623,3.1464,3.1192,3.1645,3.21,0.0334,0.129,0.1046,MEDIUM
VM_003,1378724700,3.0,3.2154,3.2119,3.1499,3.1736,3.1577,3.1318,3.1762,3.2221,0.0334,0.129,0.1051,MEDIUM
VM_003,1378725000,3.2667,3.216,3.211,3.1491,3.1737,3.1606,3.135,3.1774,3.2231,0.0333,0.133,0.1066,MEDIUM
VM_003,1378725300,4.5667,3.2993,3.2943,3.2284,3.2535,3.243,3.2166,3.2594,3.3062,0.0347,0.3267,0.1355,MEDIUM
VM_003,1378725600,3.0,3.3041,3.3011,3.2358,3.2626,3.2519,3.2246,3.2672,3.3148,0.0346,0.3267,0.1366,MEDIUM
VM_003,1378725900,3.2,3.3098,3.305,3.2404,3.2686,3.2598,3.2329,3.2736,3.3209,0.0345,0.3249,0.137,MEDIUM
VM_003,1378726200,3.0,3.2964,3.2958,3.2322,3.2616,3.2533,3.2241,3.2653,3.3134,0.0342,0.3249,0.1376,MEDIUM
VM_003,1378726500,2.9667,3.3083,3.3042,3.2417,3.272,3.2624,3.2359,3.2756,3.3237,0.0339,0.3256,0.1371,MEDIUM
VM_003,1378726800,3.3,3.2902,3.2853,3.2238,3.2548,3.2482,3.2211,3.2591,3.3064,0.0337,0.3249,0.1369,MEDIUM
VM_003,1378727100,3.0,3.2802,3.2784,3.2173,3.2491,3.2425,3.2141,3.2526,3.3005,0.0335,0.3255,0.1372,MEDIUM
VM_003,1378727400,3.0,3.2817,3.2775,3.2173,3.25,3.2428,3.2162,3.2535,3.3015,0.0333,0.3261,0.1369,MEDIUM
VM_003,1378727700,3.2333,3.2659,3.2619,3.2024,3.2359,3.2321,3.2047,3.2404,3.2882,0.0333,0.3264,0.1376,MEDIUM
VM_003,1378728000,3.0,3.2585,3.2558,3.1967,3.2311,3.2267,3.1991,3.2349,3.2834,0.0333,0.3264,0.1379,MEDIUM
VM_003,1378728300,3.0,3.2582,3.2548,3.1963,3.2315,3.2277,3.201,3.2357,3.2845,0.0332,0.3264,0.1381,MEDIUM
VM_003,1378728600,3.2667,3.256,3.2518,3.1936,3.2299,3.2294,3.2025,3.2353,3.2841,0.0336,0.3251,0.1391,MEDIUM
VM_003,1378728900,3.0667,3.254,3.2516,3.1935,3.2309,3.2304,3.2029,3.2358,3.2854,0.0337,0.3254,0.1399,MEDIUM
VM_003,1378729200,3.0,3.2551,3.2514,3.194,3.2324,3.232,3.2056,3.2373,3.2871,0.0337,0.3264,0.14,MEDIUM
VM_003,1378729500,3.2667,3.2514,3.2465,3.1892,3.2287,3.2311,3.2049,3.2347,3.2841,0.0341,0.3273,0.1407,MEDIUM
VM_003,1378729800,3.0,3.2431,3.2395,3.1823,3.2228,3.2247,3.1981,3.228,3.2777,0.0341,0.3273,0.1406,MEDIUM
VM_003,1378730100,3.0,3.2441,3.2405,3.1836,3.2251,3.228,3.2017,3.2306,3.2807,0.0343,0.3273,0.1411,MEDIUM
VM_003,1378730400,3.2667,3.2512,3.2471,3.1901,3.2329,3.2395,3.2128,3.2398,3.2902,0.0352,0.3267,0.1428,MEDIUM
VM_003,1378730700,3.0,3.2478,3.2427,3.1859,3.23,3.2349,3.2091,3.2359,3.2862,0.035,0.3273,0.1422,MEDIUM
VM_003,1378731000,3.0333,3.2423,3.238,3.1815,3.2263,3.2326,3.2065,3.2325,3.2829,0.0352,0.3251,0.142,MEDIUM
VM_003,1378731300,3.6333,3.2952,3.2881,3.2297,3.2756,3.2862,3.2615,3.2846,3.3354,0.0365,0.3389,0.1463,MEDIUM
VM_003,1378731600,3.3333,3.3127,3.3092,3.25,3.2973,3.3101,3.2824,3.3061,3.3581,0.0375,0.3385,0.1485,MEDIUM
VM_003,1378731900,3.2,3.354,3.3503,3.2908,3.3396,3.3542,3.3265,3.3489,3.4022,0.0383,0.3363,0.1501,MEDIUM
VM_003,1378732200,3.5667,3.3811,3.3778,3.318,3.3683,3.3878,3.3577,3.3788,3.4328,0.0397,0.3446,0.1538,MEDIUM
VM_003,1378732500,3.3333,3.4067,3.407,3.3464,3.3989,3.4198,3.3865,3.4087,3.4645,0.0409,0.1898,0.1368,MEDIUM
VM_003,1378732800,3.4333,3.453,3.4508,3.3904,3.4444,3.4657,3.4332,3.4543,3.5111,0.0414,0.1952,0.1386,MEDIUM
VM_003,1378733100,3.6333,3.4711,3.4667,3.4064,3.4615,3.4854,3.4521,3.472,3.5279,0.0419,0.2168,0.1414,MEDIUM
VM_003,1378733400,3.3333,3.4791,3.4777,3.4167,3.4733,3.4976,3.4613,3.4827,3.5391,0.0424,0.2149,0.1421,MEDIUM
VM_003,1378733700,3.3667,3.509,3.5058,3.445,3.5028,3.5274,3.4913,3.5122,3.569,0.0427,0.2113,0.142,MEDIUM
VM_003,1378734000,3.6667,3.5314,3.5286,3.4671,3.5262,3.5555,3.5168,3.5368,3.5941,0.0443,0.2298,0.1468,MEDIUM
VM_003,1378734300,3.4667,3.5577,3.5545,3.4927,3.5535,3.582,3.5426,3.5632,3.6209,0.0446,0.2288,0.1474,MEDIUM
VM_003,1378734600,3.3333,3.5709,3.5687,3.5074,3.5693,3.5995,3.5583,3.5788,3.6372,0.0452,0.2227,0.1477,MEDIUM
VM_003,1378734900,3.6,3.5986,3.5944,3.5331,3.5963,3.6297,3.5876,3.6068,3.6652,0.0463,0.2326,0.1503,MEDIUM
VM_003,1378735200,3.2333,3.6,3.5982,3.5372,3.6018,3.6354,3.5909,3.611,3.6702,0.0468,0.225,0.1502,MEDIUM
VM_003,1378735500,3.3667,3.6271,3.623,3.5629,3.6284,3.6621,3.6181,3.6376,3.6968,0.0468,0.2165,0.1489,MEDIUM
VM_003,1378735800,3.6667,3.6529,3.6485,3.5879,3.6543,3.6926,3.6464,3.6649,3.7242,0.0481,0.2283,0.1521,MEDIUM
VM_003,1378736100,3.3,3.6622,3.66,3.5993,3.6676,3.7062,3.6573,3.677,3.7373,0.0489,0.2216,0.153,MEDIUM
VM_003,1378736400,3.2,3.6827,3.681,3.6215,3.6909,3.7312,3.6807,3.7001,3.7617,0.0497,0.2121,0.1532,MEDIUM
VM_003,1378736700,3.5667,3.7184,3.7135,3.6545,3.7248,3.7676,3.717,3.735,3.7962,0.0502,0.2162,0.1539,MEDIUM
VM_003,1378737000,3.7333,3.7365,3.7345,3.6742,3.7463,3.791,3.7358,3.7559,3.8184,0.0517,0.2156,0.1568,MEDIUM
VM_003,1378737300,3.4,3.7716,3.7678,3.7082,3.7817,3.8261,3.7706,3.7907,3.8538,0.0519,0.1993,0.1554,MEDIUM
VM_003,1378737600,3.5667,3.7991,3.7925,3.7333,3.8076,3.8541,3.7979,3.8171,3.8793,0.0521,0.1998,0.155,MEDIUM
VM_003,1378737900,3.1333,3.7809,3.7755,3.7171,3.7923,3.8368,3.7787,3.7996,3.8613,0.0516,0.1893,0.1522,MEDIUM
VM_003,1378738200,3.2,3.7834,3.7766,3.7196,3.7948,3.8385,3.78,3.8014,3.8627,0.051,0.1771,0.1493,MEDIUM
VM_003,1378738500,3.5,3.798,3.7874,3.7306,3.8059,3.8507,3.7925,3.8132,3.8732,0.0507,0.1724,0.1471,MEDIUM
VM_003,1378738800,3.3333,3.7832,3.7725,3.7157,3.7911,3.8342,3.7748,3.7972,3.8565,0.05,0.1724,0.1457,MEDIUM
VM_003,1378739100,3.3,3.7862,3.7736,3.7175,3.7925,3.8348,3.7757,3.7985,3.8572,0.0494,0.168,0.1437,MEDIUM
VM_003,1378739400,3.6667,3.8141,3.7989,3.7416,3.8168,3.8624,3.8026,3.8245,3.8829,0.0501,0.1728,0.1449,MEDIUM
VM_003,1378739700,3.3667,3.8084,3.7931,3.7356,3.8113,3.8558,3.7944,3.818,3.8764,0.0499,0.1721,0.1445,MEDIUM
VM_003,1378740000,3.4667,3.8688,3.8544,3.7959,3.8716,3.9203,3.8571,3.8803,3.9407,0.0511,0.1722,0.1475,MEDIUM
VM_003,1378740300,3.7,4.002,3.9854,3.9243,3.9997,4.0551,3.9904,4.012,4.0733,0.0521,0.1761,0.1498,MEDIUM
VM_003,1378740600,3.5,4.1201,4.1073,4.042,4.1175,4.1781,4.1057,4.1306,4.1933,0.0528,0.1751,0.1516,MEDIUM
VM_003,1378740900,3.4667,4.2841,4.2721,4.2029,4.2767,4.34,4.2596,4.2902,4.3535,0.0519,0.1744,0.1506,MEDIUM
VM_003,1378741200,3.8333,4.4473,4.4363,4.3616,4.4335,4.4997,4.4066,4.4467,4.5101,0.0514,0.1865,0.1519,MEDIUM
VM_003,1378741500,3.5,4.5842,4.5725,4.4945,4.5627,4.6208,4.5171,4.5715,4.6339,0.0486,0.1867,0.1462,MEDIUM
VM_003,1378741800,3.5,4.7107,4.6969,4.6168,4.6782,4.7259,4.6131,4.6827,4.7428,0.0464,0.185,0.137,MEDIUM
VM_003,1378742100,3.6667,4.8068,4.7887,4.7061,4.7603,4.7962,4.6753,4.7603,4.8165,0.0468,0.1877,0.1343,MEDIUM
VM_003,1378742400,3.4333,4.8518,4.8305,4.7473,4.7935,4.8142,4.6877,4.788,4.8518,0.0494,0.1812,0.1513,MEDIUM
VM_003,1378742700,3.5,4.9322,4.906,4.8219,4.8569,4.8623,4.7326,4.8478,4.9322,0.0548,0.1799,0.179,MEDIUM
VM_003,1378743000,4.2,5.0473,5.0143,4.9246,4.9498,4.9448,4.809,4.9392,5.0473,0.0633,0.23,0.2156,HIGH
VM_003,1378743300,3.6,5.0941,5.0542,4.9625,4.9787,4.9579,4.8189,4.9635,5.0941,0.0727,0.2267,0.2439,HIGH
VM_003,1378743600,3.4333,5.127,5.0795,4.9865,4.9913,4.9554,4.8162,4.9729,5.127,0.083,0.2175,0.2705,HIGH
VM_003,1378743900,3.8667,5.2013,5.1415,5.0435,5.0345,4.9836,4.8461,5.0151,5.2013,0.0965,0.2284,0.3066,HIGH
VM_003,1378744200,3.5,5.1605,5.094,4.9926,4.9759,4.9166,4.7791,4.9552,5.1605,0.1046,0.2246,0.3266,HIGH
VM_003,1378744500,3.5,5.1728,5.0958,4.9926,4.9642,4.8937,4.7587,4.9432,5.1728,0.1153,0.223,0.3519,HIGH
VM_003,1378744800,3.7,5.1792,5.091,4.9829,4.9438,4.8662,4.7341,4.9243,5.1792,0.1254,0.2256,0.3765,HIGH
VM_003,1378745100,3.5,5.1347,5.0383,4.9269,4.8804,4.7986,4.6682,4.8621,5.1347,0.1323,0.209,0.3911,HIGH
VM_003,1378745400,3.4333,5.1235,5.0172,4.9033,4.8468,4.7589,4.6321,4.8302,5.1235,0.141,0.197,0.4089,HIGH
VM_003,1378745700,3.8,5.1008,4.9828,4.8634,4.8001,4.7108,4.588,4.7867,5.1008,0.1477,0.2024,0.426,HIGH
VM_003,1378746000,3.5,4.9955,4.8741,4.753,4.6907,4.6082,4.4848,4.6799,4.9955,0.1459,0.1966,0.4239,HIGH
VM_003,1378746300,3.5,5.0282,4.8985,4.7766,4.7051,4.6171,4.4963,4.6963,5.0282,0.1536,0.1882,0.4242,HIGH
VM_003,1378746600,3.6333,5.0053,4.8675,4.7402,4.6643,4.5774,4.4605,4.6586,5.0053,0.1579,0.1877,0.4241,HIGH
VM_003,1378746900,3.5333,4.9423,4.8004,4.67,4.5943,4.512,4.396,4.5911,4.9423,0.1578,0.1822,0.4234,HIGH
VM_003,1378747200,3.5,4.9408,4.7924,4.6605,4.5797,4.4952,4.3827,4.5784,4.9408,0.1622,0.1813,0.4233,HIGH
VM_003,1378747500,3.8,4.9313,4.7751,4.6383,4.553,4.4694,4.362,4.5551,4.9313,0.1662,0.1849,0.4237,HIGH
VM_003,1378747800,3.4333,4.8494,4.6906,4.552,4.4679,4.3888,4.2841,4.472,4.8494,0.1646,0.187,0.424,HIGH
VM_003,1378748100,3.5,4.8179,4.6548,4.5157,4.4286,4.3498,4.2496,4.435,4.8179,0.1661,0.1861,0.4239,HIGH
VM_003,1378748400,3.7667,4.7736,4.6066,4.4645,4.3772,4.304,4.2077,4.3872,4.7736,0.1651,0.1829,0.4235,HIGH
VM_003,1378748700,3.5,4.7057,4.5383,4.3957,4.3113,4.2437,4.1487,4.3232,4.7057,0.1617,0.1829,0.4235,HIGH
VM_003,1378749000,3.5,4.672,4.5045,4.3622,4.2791,4.2161,4.1221,4.2931,4.672,0.159,0.1829,0.4235,HIGH
VM_003,1378749300,3.6667,4.6517,4.4811,4.3379,4.2553,4.1947,4.1048,4.2711,4.6517,0.1582,0.1829,0.4235,HIGH
VM_003,1378749600,3.8,4.5848,4.4142,4.2697,4.192,4.1373,4.0492,4.2092,4.5848,0.154,0.1841,0.4236,HIGH
VM_003,1378749900,3.5,4.5324,4.3634,4.2217,4.147,4.0958,4.0104,4.165,4.5324,0.1496,0.1841,0.4236,HIGH
VM_003,1378750200,3.7333,4.4981,4.3295,4.1882,4.1155,4.069,3.9877,4.1356,4.4981,0.1461,0.1381,0.4177,HIGH
VM_003,1378750500,3.5333,4.4224,4.2573,4.1168,4.0507,4.0106,3.9304,4.0713,4.4224,0.1398,0.1385,0.4173,HIGH
VM_003,1378750800,3.4333,4.3868,4.2248,4.0876,4.0242,3.9871,3.9095,4.0454,4.3868,0.1353,0.1385,0.4042,HIGH
VM_003,1378751100,3.6667,4.3458,4.1868,4.0499,3.9916,3.9623,3.8865,4.0147,4.3458,0.1293,0.1266,0.3869,HIGH
VM_003,1378751400,3.4667,4.3072,4.152,4.0167,3.9637,3.9376,3.8628,3.9863,4.3072,0.1244,0.1277,0.3732,HIGH
VM_003,1378751700,3.4333,4.2793,4.1281,3.9953,3.9458,3.9229,3.8499,3.9685,4.2793,0.1198,0.1302,0.3603,HIGH
VM_003,1378752000,3.8,4.267,4.1185,3.9847,3.9406,3.9249,3.8528,3.965,4.267,0.1148,0.1358,0.3474,HIGH
VM_003,1378752300,3.3,4.2395,4.095,3.9636,3.9238,3.9083,3.8377,3.9465,4.2395,0.1111,0.1467,0.3381,HIGH
VM_003,1378752600,3.4667,4.2124,4.0715,3.9417,3.9054,3.8923,3.8237,3.9279,4.2124,0.1072,0.1455,0.3267,HIGH
VM_003,1378752900,4.7667,4.2592,4.084,3.9289,3.9113,3.9282,3.8693,3.9464,4.2592,0.1093,0.2813,0.3505,HIGH
VM_003,1378753200,3.4667,4.223,4.0508,3.8903,3.8924,3.8995,3.831,3.9164,4.223,0.1072,0.282,0.3436,HIGH
VM_003,1378753500,3.4,4.2578,4.0832,3.9266,3.933,3.9435,3.8759,3.9569,4.2578,0.1043,0.2844,0.3346,HIGH
VM_003,1378753800,3.6333,4.2084,4.0397,3.8822,3.8973,3.9089,3.8383,3.9179,4.2084,0.1009,0.2844,0.3254,HIGH
VM_003,1378754100,3.4667,4.2069,4.044,3.8896,3.9081,3.9182,3.8476,3.9267,4.2069,0.0975,0.2855,0.3172,HIGH
VM_003,1378754400,3.5,4.1857,4.0302,3.8801,3.9003,3.9102,3.8407,3.9176,4.1857,0.0937,0.2855,0.3059,HIGH
VM_003,1378754700,3.6333,4.1658,4.0163,3.8687,3.8908,3.9032,3.8359,3.9084,4.1658,0.0902,0.2826,0.2938,HIGH
VM_003,1378755000,3.4667,4.1395,3.9983,3.8534,3.8784,3.8924,3.825,3.8952,4.1395,0.0863,0.2818,0.2863,HIGH
VM_003,1378755300,3.3667,4.1297,3.9959,3.8555,3.8814,3.8954,3.8297,3.8975,4.1297,0.0826,0.2852,0.2787,HIGH
VM_003,1378755600,3.7333,4.1235,3.9936,3.8554,3.8817,3.8974,3.8348,3.8984,4.1235,0.0804,0.2844,0.2762,HIGH
VM_003,1378755900,3.4,4.0867,3.9631,3.828,3.8559,3.8708,3.8096,3.8712,4.0867,0.0776,0.2865,0.2701,HIGH
VM_003,1378756200,3.4,4.0666,3.9479,3.8167,3.8442,3.8585,3.8004,3.8592,4.0666,0.075,0.2886,0.2644,HIGH
VM_003,1378756500,3.9667,4.0532,3.9359,3.8056,3.8346,3.8528,3.7965,3.8511,4.0532,0.0735,0.2986,0.2658,HIGH
VM_003,1378756800,3.4,4.0088,3.897,3.7712,3.8031,3.8214,3.7652,3.818,4.0088,0.0703,0.298,0.2581,HIGH
VM_003,1378757100,3.5,3.9971,3.8877,3.7663,3.7973,3.8133,3.762,3.8118,3.9971,0.0682,0.298,0.2532,HIGH
VM_003,1378757400,3.7333,3.9613,3.8545,3.7338,3.7659,3.7861,3.7373,3.782,3.9613,0.0668,0.298,0.2521,HIGH
VM_003,1378757700,3.4667,3.935,3.8313,3.7127,3.7459,3.7655,3.7189,3.7615,3.935,0.0651,0.2987,0.2483,HIGH
VM_003,1378758000,3.3667,3.9076,3.8079,3.6921,3.7261,3.7473,3.7023,3.7419,3.9076,0.063,0.3004,0.2433,HIGH
VM_003,1378758300,3.7667,3.9068,3.8071,3.6913,3.7256,3.7496,3.7078,3.7432,3.9068,0.0627,0.3025,0.2448,HIGH
VM_003,1378758600,3.4333,3.8771,3.7813,3.6665,3.7029,3.7277,3.6856,3.7198,3.8771,0.0613,0.3031,0.2411,HIGH
VM_003,1378758900,3.4333,3.876,3.7807,3.668,3.7036,3.7267,3.6883,3.7205,3.876,0.0605,0.3031,0.2393,HIGH
VM_003,1378759200,3.6667,3.8495,3.7553,3.6421,3.679,3.7065,3.6686,3.6974,3.8495,0.0603,0.3,0.2394,HIGH
VM_003,1378759500,3.4,3.8402,3.7483,3.6356,3.674,3.7011,3.6636,3.6918,3.8402,0.0595,0.2968,0.2363,HIGH
VM_003,1378759800,3.5,3.8386,3.747,3.6354,3.6737,3.7001,3.6645,3.6915,3.8386,0.059,0.2963,0.2353,HIGH
VM_003,1378760100,3.7,3.8205,3.729,3.6169,3.657,3.6873,3.6512,3.6759,3.8205,0.0592,0.1579,0.2185,HIGH
VM_003,1378760400,3.4333,3.8139,3.724,3.6127,3.6547,3.6839,3.6474,3.6725,3.8139,0.0585,0.1586,0.2162,HIGH
VM_003,1378760700,3.4667,3.8147,3.7248,3.6141,3.6562,3.6843,3.6499,3.6738,3.8147,0.0581,0.1568,0.2152,HIGH
VM_003,1378761000,3.7,3.8015,3.7142,3.6015,3.6469,3.6823,3.6442,3.6663,3.8015,0.0585,0.1592,0.2155,HIGH
VM_003,1378761300,3.4,3.8271,3.7393,3.6272,3.6743,3.7063,3.6686,3.6919,3.8271,0.0582,0.1611,0.215,HIGH
VM_003,1378761600,3.3333,3.8123,3.7256,3.6144,3.6623,3.6928,3.6551,3.6787,3.8123,0.0576,0.1661,0.2138,HIGH
VM_003,1378761900,3.6667,3.8077,3.7208,3.6079,3.6581,3.6922,3.6528,3.6754,3.8077,0.0584,0.1672,0.2156,HIGH
VM_003,1378762200,3.3,3.8062,3.721,3.6088,3.6613,3.6937,3.6525,3.6768,3.8062,0.0578,0.1733,0.2137,HIGH
VM_003,1378762500,3.4,3.8115,3.7249,3.6134,3.6664,3.6956,3.6557,3.6808,3.8115,0.0575,0.1721,0.2134,HIGH
VM_003,1378762800,3.6667,3.796,3.7083,3.5951,3.6499,3.6818,3.6406,3.665,3.796,0.0584,0.1691,0.2154,HIGH
VM_003,1378763100,3.3,3.7885,3.701,3.5882,3.6443,3.6729,3.6315,3.6576,3.7885,0.058,0.1733,0.2145,HIGH
VM_003,1378763400,3.2333,3.7675,3.6798,3.5684,3.6246,3.6506,3.6098,3.6368,3.7675,0.0574,0.1814,0.2137,HIGH
VM_003,1378763700,3.4667,3.7301,3.6413,3.5289,3.5876,3.6184,3.5756,3.6011,3.7301,0.0583,0.1531,0.212,HIGH
VM_003,1378764000,3.3667,3.7213,3.6366,3.5252,3.5875,3.6182,3.5699,3.5992,3.7213,0.0578,0.1541,0.2072,HIGH
VM_003,1378764300,3.3667,3.7669,3.6791,3.5682,3.6312,3.6574,3.6119,3.642,3.7669,0.0576,0.156,0.2081,HIGH
VM_003,1378764600,3.7667,3.7554,3.6664,3.5529,3.6181,3.6465,3.5992,3.6291,3.7554,0.0588,0.1585,0.2118,HIGH
VM_003,1378764900,3.4667,3.761,3.6724,3.5586,3.6255,3.6512,3.6023,3.6348,3.761,0.0589,0.1585,0.2112,HIGH
VM_003,1378765200,3.4,3.7696,3.6813,3.5675,3.6356,3.66,3.6107,3.6441,3.7696,0.0588,0.1576,0.2101,HIGH
VM_003,1378765500,3.6667,3.7774,3.6863,3.5705,3.64,3.6651,3.6157,3.6488,3.7774,0.06,0.151,0.2132,HIGH
VM_003,1378765800,3.5,3.7754,3.6859,3.5697,3.6405,3.6638,3.6123,3.6478,3.7754,0.0599,0.1507,0.2119,HIGH
VM_003,1378766100,3.3667,3.7832,3.6953,3.5796,3.6512,3.6737,3.6212,3.6578,3.7832,0.0596,0.1523,0.21,HIGH
VM_003,1378766400,3.5667,3.7936,3.7031,3.5858,3.6584,3.6808,3.6286,3.665,3.7936,0.0604,0.1483,0.2127,HIGH
VM_003,1378766700,3.3333,3.7791,3.69,3.5734,3.6462,3.6652,3.6118,3.6508,3.7791,0.06,0.1504,0.211,HIGH
VM_003,1378767000,3.3333,3.7714,3.6858,3.5704,3.6436,3.6629,3.6075,3.6477,3.7714,0.0593,0.1529,0.2073,HIGH
VM_003,1378767300,3.5333,3.7885,3.7005,3.5843,3.6584,3.6775,3.6225,3.6626,3.7885,0.0599,0.1455,0.2086,HIGH
VM_003,1378767600,3.5333,3.7723,3.6863,3.5693,3.6451,3.6642,3.6065,3.6483,3.7723,0.0602,0.1461,0.208,HIGH
VM_003,1378767900,3.2667,3.8079,3.7203,3.6035,3.6796,3.6946,3.6381,3.6815,3.8079,0.0601,0.1515,0.2086,HIGH
VM_003,1378768200,3.5667,3.7981,3.7106,3.5924,3.6695,3.6862,3.6282,3.6715,3.7981,0.0606,0.1445,0.2087,HIGH
VM_003,1378768500,3.3667,3.8004,3.7143,3.5971,3.6738,3.687,3.6277,3.674,3.8004,0.0601,0.1451,0.2065,HIGH
VM_003,1378768800,3.3333,3.8015,3.7164,3.5998,3.676,3.6871,3.6279,3.6754,3.8015,0.0596,0.1451,0.2045,HIGH
VM_003,1378769100,3.6333,3.8003,3.7141,3.5965,3.6728,3.6852,3.625,3.6727,3.8003,0.0602,0.1431,0.2059,HIGH
VM_003,1378769400,3.3667,3.7988,3.7145,3.5978,3.6734,3.6828,3.6216,3.6719,3.7988,0.0597,0.1407,0.203,HIGH
VM_003,1378769700,3.4333,3.8047,3.7197,3.6032,3.6776,3.6843,3.624,3.6755,3.8047,0.0597,0.1404,0.2027,HIGH
VM_003,1378770000,3.7333,3.7905,3.7076,3.5907,3.6655,3.6762,3.6128,3.6645,3.7905,0.0599,0.1454,0.2025,HIGH
VM_003,1378770300,3.4333,3.8206,3.7374,3.6209,3.6951,3.7015,3.6386,3.6927,3.8206,0.0598,0.1418,0.2013,HIGH
VM_003,1378770600,3.3,3.8044,3.7221,3.6068,3.6798,3.6834,3.6209,3.6762,3.8044,0.0593,0.1377,0.1987,HIGH
VM_003,1378770900,3.6333,3.7888,3.7064,3.591,3.6636,3.6688,3.6054,3.6607,3.7888,0.0596,0.1421,0.1996,HIGH
VM_003,1378771200,3.3667,3.7962,3.7185,3.6065,3.6785,3.6783,3.6149,3.6732,3.7962,0.058,0.1421,0.192,HIGH
VM_003,1378771500,3.4,3.804,3.7264,3.6139,3.6861,3.682,3.6208,3.6796,3.804,0.058,0.1412,0.1915,HIGH
VM_003,1378771800,3.6667,3.7866,3.7074,3.593,3.6657,3.6614,3.601,3.6592,3.7866,0.0588,0.1333,0.1936,HIGH
VM_003,1378772100,3.3667,3.7749,3.6995,3.5862,3.6587,3.6521,3.5906,3.6508,3.7749,0.0582,0.1349,0.1897,HIGH
VM_003,1378772400,3.3667,3.7864,3.7109,3.5978,3.6702,3.6602,3.6004,3.6613,3.7864,0.0581,0.1357,0.1891,MEDIUM
VM_003,1378772700,3.7,3.7676,3.6921,3.5782,3.6512,3.6425,3.5819,3.6424,3.7676,0.0584,0.1381,0.1904,HIGH
VM_003,1378773000,3.4,3.77,3.6994,3.5869,3.6601,3.6497,3.5872,3.6499,3.77,0.0577,0.1384,0.1854,MEDIUM
VM_003,1378773300,3.5,3.7963,3.7253,3.613,3.6864,3.6726,3.6114,3.675,3.7963,0.0578,0.1372,0.1849,MEDIUM
VM_003,1378773600,3.7,3.7792,3.7076,3.5939,3.6681,3.655,3.5934,3.6565,3.7792,0.0583,0.1441,0.1877,MEDIUM
VM_003,1378773900,3.4667,3.7783,3.7088,3.596,3.6696,3.6539,3.5913,3.6566,3.7783,0.0581,0.1412,0.1849,MEDIUM
VM_003,1378774200,3.4333,3.7798,3.7109,3.5991,3.672,3.6542,3.5919,3.6582,3.7798,0.058,0.1382,0.1831,MEDIUM
VM_003,1378774500,3.7,3.7629,3.6933,3.5812,3.6543,3.637,3.5746,3.6406,3.7629,0.0583,0.1451,0.1852,MEDIUM
VM_003,1378774800,3.4667,3.761,3.6929,3.582,3.6542,3.634,3.5714,3.6393,3.761,0.0581,0.1448,0.1831,MEDIUM
VM_003,1378775100,3.4667,3.7589,3.6906,3.5801,3.6515,3.6294,3.5678,3.6361,3.7589,0.0582,0.1373,0.1818,MEDIUM
VM_003,1378775400,3.6,3.7339,3.6652,3.5539,3.6252,3.6045,3.5427,3.6102,3.7339,0.0584,0.1383,0.1833,MEDIUM
VM_003,1378775700,3.5333,3.7377,3.6746,3.5653,3.6357,3.6148,3.5502,3.6201,3.7377,0.0576,0.1358,0.1773,MEDIUM
VM_003,1378776000,3.4667,3.7696,3.7071,3.5987,3.6688,3.6451,3.5814,3.6524,3.7696,0.0575,0.1314,0.1752,MEDIUM
VM_003,1378776300,3.6,3.7573,3.6943,3.5852,3.6557,3.6323,3.5689,3.639,3.7573,0.0578,0.1301,0.1765,MEDIUM
VM_003,1378776600,3.3333,3.7488,3.6889,3.5814,3.6506,3.625,3.5606,3.6327,3.7488,0.0575,0.1318,0.173,MEDIUM
VM_003,1378776900,3.4,3.752,3.6923,3.586,3.6539,3.6264,3.5627,3.6356,3.752,0.0574,0.1328,0.1719,MEDIUM
VM_003,1378777200,3.6333,3.7335,3.672,3.5649,3.6324,3.6056,3.5424,3.6145,3.7335,0.0579,0.1266,0.1735,MEDIUM
VM_003,1378777500,3.3667,3.724,3.6661,3.5607,3.6265,3.5985,3.5338,3.608,3.724,0.0574,0.1288,0.1697,MEDIUM
VM_003,1378777800,4.0333,3.5733,3.4819,3.3582,3.437,3.4231,3.3638,3.4244,3.5733,0.0651,0.1631,0.2197,HIGH
VM_003,1378778100,3.5,3.6371,3.5438,3.4255,3.4989,3.4709,3.4105,3.4825,3.6371,0.0657,0.1615,0.2146,HIGH
VM_003,1378778400,3.4667,3.5999,3.5039,3.3885,3.4618,3.4348,3.3765,3.446,3.5999,0.0652,0.1586,0.2142,HIGH
VM_003,1378778700,3.3667,3.6102,3.5195,3.4108,3.479,3.4463,3.3896,3.4618,3.6102,0.0635,0.1599,0.2051,HIGH
VM_003,1378779000,3.6667,3.6066,3.5206,3.416,3.4813,3.4491,3.3938,3.4646,3.6066,0.062,0.1599,0.1996,HIGH
VM_003,1378779300,3.4333,3.6231,3.5434,3.4432,3.505,3.4699,3.4171,3.4876,3.6231,0.0604,0.1577,0.192,HIGH
VM_003,1378779600,3.4,3.6237,3.5485,3.4518,3.5106,3.4736,3.4238,3.4928,3.6237,0.0592,0.1563,0.1867,MEDIUM
VM_003,1378779900,3.7333,3.6098,3.5362,3.4406,3.4972,3.461,3.4138,3.4801,3.6098,0.0587,0.1581,0.1866,MEDIUM
VM_003,1378780200,3.4333,3.6131,3.5453,3.4523,3.5061,3.4688,3.4226,3.4887,3.6131,0.0575,0.1571,0.1809,MEDIUM
VM_003,1378780500,3.3667,3.626,3.5613,3.4704,3.5222,3.4836,3.44,3.5046,3.626,0.0566,0.1605,0.178,MEDIUM
VM_003,1378780800,3.6333,3.6125,3.5504,3.4604,3.5111,3.474,3.4315,3.494,3.6125,0.0559,0.1578,0.1762,MEDIUM
VM_003,1378781100,3.4333,3.6285,3.5728,3.4851,3.5341,3.4961,3.4535,3.5164,3.6285,0.0547,0.1585,0.17,MEDIUM
VM_003,1378781400,3.3667,3.653,3.5997,3.5139,3.562,3.5225,3.4818,3.5436,3.653,0.0541,0.1606,0.1672,MEDIUM
VM_003,1378781700,3.6667,3.6376,3.5865,3.5017,3.5491,3.511,3.4706,3.5309,3.6376,0.0535,0.1591,0.1656,MEDIUM
VM_003,1378782000,3.3667,3.6523,3.6057,3.5228,3.569,3.5292,3.4889,3.5498,3.6523,0.0527,0.1617,0.1611,MEDIUM
VM_003,1378782300,3.2,3.6643,3.6214,3.5402,3.5859,3.5455,3.5054,3.566,3.6643,0.0519,0.1736,0.1582,MEDIUM
VM_003,1378782600,3.6333,3.6643,3.6221,3.5409,3.5865,3.5474,3.5073,3.5668,3.6643,0.0518,0.1746,0.1584,MEDIUM
VM_003,1378782900,3.4667,3.6796,3.6413,3.5612,3.6057,3.5657,3.5242,3.5852,3.6796,0.0515,0.1746,0.1545,MEDIUM
VM_003,1378783200,3.2667,3.6952,3.658,3.579,3.6225,3.5814,3.5403,3.6016,3.6952,0.0515,0.1808,0.1534,MEDIUM
VM_003,1378783500,3.5333,3.6788,3.6431,3.5641,3.6072,3.5679,3.5254,3.5865,3.6788,0.0513,0.1796,0.1524,MEDIUM
VM_003,1378783800,3.2333,3.6918,3.6565,3.5783,3.6197,3.5778,3.5357,3.5983,3.6918,0.0517,0.1844,0.1517,MEDIUM
VM_003,1378784100,3.4,3.6803,3.6463,3.5688,3.6086,3.567,3.5236,3.5873,3.6803,0.0516,0.1844,0.1499,MEDIUM
VM_003,1378784400,3.7,3.6774,3.6433,3.5651,3.604,3.5641,3.5197,3.5837,3.6774,0.0519,0.1873,0.1513,MEDIUM
VM_003,1378784700,3.3333,3.6907,3.6585,3.5813,3.6186,3.5768,3.5314,3.5977,3.6907,0.0521,0.1883,0.1488,MEDIUM
VM_003,1378785000,3.3,3.6905,3.6617,3.586,3.6221,3.5803,3.5332,3.601,3.6905,0.0518,0.1513,0.1422,MEDIUM
VM_003,1378785300,3.5667,3.6889,3.6599,3.5846,3.6202,3.5789,3.5316,3.5995,3.6889,0.0518,0.1527,0.1424,MEDIUM
VM_003,1378785600,3.3333,3.6936,3.6693,3.5956,3.6301,3.5877,3.5383,3.6086,3.6936,0.0516,0.1548,0.1411,MEDIUM
VM_003,1378785900,3.4,3.7203,3.6948,3.6213,3.6549,3.611,3.5624,3.6335,3.7203,0.0522,0.1541,0.143,MEDIUM
VM_003,1378786200,3.6667,3.7001,3.6754,3.6012,3.6344,3.5926,3.5426,3.6136,3.7001,0.0522,0.1541,0.1427,MEDIUM
VM_003,1378786500,3.3667,3.7195,3.6949,3.6207,3.6523,3.6081,3.558,3.6311,3.7195,0.0531,0.1551,0.146,MEDIUM
VM_003,1378786800,3.4667,3.7187,3.6937,3.6194,3.6494,3.6051,3.5546,3.6286,3.7187,0.0536,0.1548,0.1479,MEDIUM
VM_003,1378787100,3.7667,3.7112,3.6861,3.6107,3.6399,3.5976,3.5459,3.6202,3.7112,0.0539,0.1575,0.1492,MEDIUM
VM_003,1378787400,3.4333,3.7314,3.7053,3.6299,3.6573,3.6125,3.5614,3.6374,3.7314,0.0549,0.1575,0.153,MEDIUM
VM_003,1378787700,3.3,3.7166,3.6929,3.6183,3.6442,3.5997,3.5474,3.6245,3.7166,0.0548,0.1597,0.1526,MEDIUM
VM_003,1378788000,3.6333,3.7167,3.6937,3.6188,3.6443,3.6015,3.5482,3.6255,3.7167,0.0547,0.1597,0.152,MEDIUM
VM_003,1378788300,3.4,3.7354,3.7131,3.639,3.6632,3.6183,3.565,3.644,3.7354,0.0552,0.16,0.1536,MEDIUM
VM_003,1378788600,3.4333,3.7333,3.7101,3.6363,3.6591,3.6137,3.561,3.6403,3.7333,0.0556,0.1591,0.1549,MEDIUM
VM_003,1378788900,3.6333,3.7075,3.6837,3.6097,3.6317,3.5879,3.5351,3.6138,3.7075,0.0555,0.1573,0.1547,MEDIUM
VM_003,1378789200,3.3,3.7107,3.6856,3.6118,3.6322,3.5856,3.5345,3.6142,3.7107,0.0562,0.1594,0.158,MEDIUM
VM_003,1378789500,3.1667,3.6878,3.6647,3.5917,3.6109,3.5648,3.5132,3.5932,3.6878,0.0558,0.1618,0.1571,MEDIUM
VM_003,1378789800,3.7,3.6834,3.6568,3.5828,3.6012,3.5562,3.506,3.585,3.6834,0.0562,0.1656,0.1597,MEDIUM
VM_003,1378790100,3.4333,3.6789,3.6534,3.5794,3.5962,3.5502,3.4999,3.5801,3.6789,0.0566,0.1656,0.161,MEDIUM
VM_003,1378790400,3.3333,3.6786,3.6537,3.5803,3.5958,3.5497,3.4997,3.5802,3.6786,0.0565,0.163,0.1606,MEDIUM
VM_003,1378790700,3.6667,3.6722,3.6481,3.5742,3.5896,3.5458,3.4952,3.5751,3.6722,0.0561,0.1681,0.1598,MEDIUM
VM_003,1378791000,3.4,3.6908,3.6687,3.5954,3.6099,3.5646,3.5138,3.5951,3.6908,0.0563,0.1618,0.159,MEDIUM
VM_003,1378791300,3.3667,3.6948,3.6755,3.6033,3.6174,3.5726,3.5209,3.6027,3.6948,0.0558,0.1625,0.1566,MEDIUM
VM_003,1378791600,3.6667,3.7017,3.6802,3.6074,3.6215,3.5776,3.5272,3.6078,3.7017,0.0559,0.1605,0.1569,MEDIUM
VM_003,1378791900,3.4,3.6989,3.6816,3.6092,3.6228,3.5785,3.5264,3.6085,3.6989,0.0557,0.1588,0.155,MEDIUM
VM_003,1378792200,3.3,3.7141,3.6974,3.6258,3.639,3.594,3.5424,3.6247,3.7141,0.0556,0.1588,0.1545,MEDIUM
VM_003,1378792500,3.6667,3.7009,3.6835,3.6118,3.6252,3.5819,3.5305,3.6117,3.7009,0.0553,0.1628,0.154,MEDIUM
VM_003,1378792800,3.5,3.7106,3.6933,3.6214,3.6343,3.5891,3.5384,3.6205,3.7106,0.0557,0.1604,0.155,MEDIUM
VM_003,1378793100,3.4333,3.7125,3.6923,3.6198,3.6318,3.5859,3.5372,3.6186,3.7125,0.0562,0.1599,0.1573,MEDIUM
VM_003,1378793400,3.6667,3.6857,3.6637,3.5899,3.6017,3.5576,3.5094,3.5895,3.6857,0.0562,0.1599,0.1581,MEDIUM
VM_003,1378793700,3.3,3.6853,3.6656,3.5919,3.6029,3.5575,3.5089,3.5903,3.6853,0.0562,0.1624,0.1586,MEDIUM
VM_003,1378794000,3.3333,3.6922,3.6719,3.5984,3.6088,3.5634,3.5156,3.5968,3.6922,0.0561,0.1649,0.159,MEDIUM
VM_003,1378794300,3.7,3.6802,3.6582,3.584,3.5944,3.5508,3.5036,3.5834,3.6802,0.056,0.1602,0.1584,MEDIUM
VM_003,1378794600,3.4,3.6813,3.6625,3.5886,3.5986,3.5542,3.5061,3.5872,3.6813,0.0557,0.1606,0.1574,MEDIUM
VM_003,1378794900,3.2,3.6854,3.6649,3.5915,3.601,3.5556,3.5095,3.5899,3.6854,0.0558,0.1662,0.1586,MEDIUM
VM_003,1378795200,3.6333,3.6577,3.6359,3.562,3.5716,3.5282,3.4825,3.5614,3.6577,0.0554,0.1662,0.1581,MEDIUM
VM_003,1378795500,3.3333,3.6536,3.6324,3.5584,3.5672,3.5222,3.4772,3.5568,3.6536,0.0556,0.1678,0.1592,MEDIUM
VM_003,1378795800,3.3,3.6432,3.6228,3.5492,3.5576,3.5129,3.4681,3.5475,3.6432,0.0552,0.1708,0.1586,MEDIUM
VM_003,1378796100,3.6,3.6267,3.6046,3.531,3.5395,3.4962,3.4525,3.5304,3.6267,0.0548,0.1694,0.1578,MEDIUM
VM_003,1378796400,3.3333,3.6197,3.5992,3.5257,3.5339,3.4894,3.4461,3.5246,3.6197,0.0545,0.1682,0.1571,MEDIUM
VM_003,1378796700,3.3333,3.6239,3.6063,3.5333,3.5416,3.4981,3.454,3.5326,3.6239,0.0538,0.1592,0.1531,MEDIUM
VM_003,1378797000,3.6333,3.6337,3.6166,3.5434,3.5527,3.5111,3.467,3.5445,3.6337,0.0531,0.1553,0.1501,MEDIUM
VM_003,1378797300,3.4667,3.647,3.6322,3.5592,3.569,3.5266,3.4821,3.5602,3.647,0.0529,0.1553,0.1486,MEDIUM
VM_003,1378797600,3.1667,3.6465,3.6341,3.5621,3.5723,3.5301,3.4855,3.5633,3.6465,0.0522,0.1645,0.1469,MEDIUM
VM_003,1378797900,3.6333,3.6564,3.6445,3.572,3.5833,3.5434,3.498,3.5749,3.6564,0.0518,0.1627,0.1445,MEDIUM
VM_003,1378798200,3.3,3.6702,3.6612,3.5886,3.6006,3.5598,3.5134,3.5913,3.6702,0.0517,0.1653,0.1436,MEDIUM
VM_003,1378798500,3.4333,3.6818,3.6722,3.5996,3.6119,3.5711,3.5248,3.6027,3.6818,0.0517,0.1645,0.1436,MEDIUM
VM_003,1378798800,3.6667,3.676,3.6655,3.592,3.6048,3.566,3.5193,3.5963,3.676,0.0516,0.1645,0.1435,MEDIUM
VM_003,1378799100,3.4333,3.6841,3.6757,3.6015,3.6147,3.5751,3.5269,3.6055,3.6841,0.0517,0.1642,0.1437,MEDIUM
VM_003,1378799400,3.3667,3.6883,3.6804,3.6065,3.62,3.5806,3.5318,3.6108,3.6883,0.0516,0.1621,0.143,MEDIUM
VM_003,1378799700,3.6667,3.6741,3.6668,3.5932,3.6076,3.5706,3.5205,3.5989,3.6741,0.0509,0.1621,0.1408,MEDIUM
VM_003,1378800000,4.5,3.5628,3.5312,3.4503,3.4743,3.4458,3.4025,3.4696,3.5628,0.0526,0.2686,0.177,MEDIUM
VM_003,1378800300,3.3,3.6551,3.6308,3.5492,3.5728,3.5257,3.4845,3.5609,3.6551,0.0542,0.2713,0.1696,MEDIUM
VM_003,1378800600,3.5,3.6253,3.5935,3.5134,3.5391,3.4958,3.4574,3.5289,3.6253,0.0537,0.2686,0.1747,MEDIUM
VM_003,1378800900,3.2667,3.6129,3.5874,3.5101,3.5338,3.4864,3.4472,3.5213,3.6129,0.053,0.2697,0.167,MEDIUM
VM_003,1378801200,3.3,3.6181,3.5928,3.5172,3.5388,3.4914,3.4541,3.5273,3.6181,0.0525,0.2706,0.1655,MEDIUM
VM_003,1378801500,3.6667,3.597,3.5724,3.4977,3.5181,3.4733,3.4366,3.508,3.597,0.0517,0.2695,0.1647,MEDIUM
VM_003,1378801800,3.4333,3.5974,3.5777,3.5036,3.5229,3.4786,3.4412,3.513,3.5974,0.0508,0.2691,0.1603,MEDIUM
VM_003,1378802100,3.3333,3.6076,3.5903,3.5173,3.5364,3.4931,3.4564,3.5271,3.6076,0.0498,0.2645,0.1567,MEDIUM
VM_003,1378802400,3.6667,3.6086,3.5917,3.5191,3.5384,3.4976,3.4619,3.5304,3.6086,0.049,0.2654,0.1565,MEDIUM
VM_003,1378802700,3.4333,3.6074,3.5945,3.5222,3.5419,3.5014,3.4651,3.5335,3.6074,0.0481,0.2637,0.1525,MEDIUM
VM_003,1378803000,3.3667,3.6164,3.6068,3.5352,3.5555,3.5168,3.4798,3.5475,3.6164,0.0472,0.262,0.1487,MEDIUM
VM_003,1378803300,3.5667,3.6146,3.6034,3.5324,3.5537,3.5164,3.4811,3.5464,3.6146,0.0465,0.2614,0.1493,MEDIUM
VM_003,1378803600,3.3333,3.5986,3.5915,3.5208,3.5429,3.5059,3.4694,3.5349,3.5986,0.0457,0.2614,0.1453,MEDIUM
VM_003,1378803900,3.3667,3.6128,3.6045,3.5339,3.5565,3.5195,3.485,3.549,3.6128,0.0453,0.2607,0.1456,MEDIUM
VM_003,1378804200,3.7,3.607,3.5991,3.5279,3.5517,3.5178,3.4825,3.545,3.607,0.0448,0.2626,0.146,MEDIUM
VM_003,1378804500,3.4333,3.6155,3.6095,3.5379,3.5627,3.5282,3.4926,3.5554,3.6155,0.0445,0.2628,0.1444,MEDIUM
VM_003,1378804800,3.3667,3.6204,3.6148,3.5434,3.5691,3.5355,3.5,3.562,3.6204,0.0441,0.2551,0.1423,MEDIUM
VM_003,1378805100,3.6333,3.6187,3.6108,3.539,3.5657,3.5339,3.4994,3.5594,3.6187,0.0439,0.2551,0.1442,MEDIUM
VM_003,1378805400,3.3667,3.6069,3.602,3.5299,3.5575,3.5256,3.4896,3.5504,3.6069,0.0434,0.2532,0.1412,MEDIUM
VM_003,1378805700,3.4333,3.6167,3.6119,3.5398,3.5682,3.5371,3.501,3.5614,3.6167,0.0432,0.2532,0.1405,MEDIUM
VM_003,1378806000,3.7667,3.6249,3.6193,3.5467,3.5762,3.5477,3.5114,3.5705,3.6249,0.0431,0.2567,0.1419,MEDIUM
VM_003,1378806300,3.4,3.6236,3.6198,3.547,3.5778,3.5487,3.5117,3.5712,3.6236,0.0428,0.2573,0.14,MEDIUM
VM_003,1378806600,3.2,3.6145,3.6096,3.5377,3.5694,3.5402,3.5043,3.5626,3.6145,0.0423,0.2634,0.1399,MEDIUM
VM_003,1378806900,3.5667,3.5875,3.5813,3.5097,3.542,3.5148,3.479,3.5358,3.5875,0.0419,0.2614,0.1402,MEDIUM
VM_003,1378807200,3.4333,3.5751,3.5709,3.4987,3.5318,3.5038,3.4674,3.525,3.5751,0.0417,0.1504,0.1242,MEDIUM
VM_003,1378807500,3.4333,3.5854,3.5795,3.5071,3.5408,3.5129,3.4782,3.5346,3.5854,0.0416,0.1469,0.1245,MEDIUM
VM_003,1378807800,3.6667,3.5728,3.5652,3.4926,3.527,3.5012,3.4673,3.5218,3.5728,0.0414,0.1529,0.1266,MEDIUM
VM_003,1378808100,3.4333,3.5749,3.5695,3.4959,3.5313,3.5052,3.4708,3.5257,3.5749,0.0413,0.1472,0.1244,MEDIUM
VM_003,1378808400,3.4,3.5824,3.5776,3.5041,3.5404,3.5154,3.481,3.5351,3.5838,0.041,0.1435,0.1238,MEDIUM
VM_003,1378808700,3.7,3.5971,3.5945,3.5205,3.5581,3.5373,3.5009,3.5541,3.6038,0.0411,0.1456,0.1268,MEDIUM
VM_003,1378809000,3.4,3.6152,3.6144,3.5406,3.58,3.559,3.5221,3.5752,3.6262,0.0409,0.1462,0.1279,MEDIUM
VM_003,1378809300,3.3,3.6165,3.6163,3.5438,3.5844,3.5646,3.5275,3.5795,3.6311,0.0406,0.1478,0.1287,MEDIUM
VM_003,1378809600,3.5667,3.6152,3.6132,3.5409,3.5826,3.565,3.5285,3.5786,3.6297,0.0405,0.1434,0.1287,MEDIUM
VM_003,1378809900,3.4667,3.6071,3.6084,3.5358,3.5788,3.5614,3.5228,3.5738,3.6252,0.0405,0.1432,0.1286,MEDIUM
VM_003,1378810200,3.4667,3.6208,3.6199,3.5474,3.5914,3.5739,3.5369,3.5867,3.6382,0.0404,0.1415,0.1285,MEDIUM
VM_003,1378810500,3.6667,3.6063,3.6062,3.5336,3.5786,3.5644,3.5258,3.5747,3.6256,0.0405,0.1457,0.1298,MEDIUM
VM_003,1378810800,3.3667,3.6107,3.6112,3.5384,3.5847,3.5692,3.5311,3.58,3.6311,0.0404,0.1444,0.1294,MEDIUM
VM_003,1378811100,3.3667,3.6126,3.6115,3.5392,3.5863,3.5714,3.5347,3.5819,3.6328,0.0402,0.1444,0.1292,MEDIUM
VM_003,1378811400,3.7667,3.6137,3.6119,3.539,3.5868,3.575,3.5379,3.5837,3.6338,0.0405,0.1494,0.1306,MEDIUM
VM_003,1378811700,3.5,3.6237,3.627,3.553,3.6024,3.5918,3.5517,3.5987,3.6501,0.0408,0.149,0.1319,MEDIUM
VM_003,1378812000,3.4,3.6462,3.6459,3.5729,3.6235,3.6128,3.5754,3.6202,3.6719,0.0407,0.148,0.1321,MEDIUM
VM_003,1378812300,3.6333,3.6311,3.6305,3.5578,3.6092,3.6017,3.5635,3.6067,3.6574,0.0408,0.148,0.1323,MEDIUM
VM_003,1378812600,3.3667,3.6273,3.6303,3.5571,3.6098,3.6024,3.5623,3.6064,3.6576,0.0409,0.148,0.1324,MEDIUM
VM_003,1378812900,3.4333,3.6449,3.6459,3.5732,3.6269,3.6202,3.5815,3.6241,3.6756,0.0409,0.148,0.1328,MEDIUM
VM_003,1378813200,3.7,3.6454,3.6472,3.5742,3.6289,3.6261,3.5859,3.6272,3.6786,0.0415,0.1431,0.1335,MEDIUM
VM_003,1378813500,3.3667,3.6464,3.6504,3.5774,3.6337,3.6307,3.5894,3.6311,3.6831,0.0416,0.1441,0.1339,MEDIUM
VM_003,1378813800,3.3333,3.6486,3.6508,3.579,3.6363,3.6338,3.5937,3.6338,3.6858,0.0415,0.135,0.1325,MEDIUM
VM_003,1378814100,3.9667,3.6458,3.6455,3.573,3.6309,3.6308,3.591,3.6296,3.6803,0.0419,0.1661,0.1365,MEDIUM
VM_003,1378814400,3.5,3.631,3.6307,3.5574,3.6163,3.6144,3.5752,3.614,3.6641,0.0417,0.1654,0.1353,MEDIUM
VM_003,1378814700,3.3667,3.6266,3.6251,3.5518,3.611,3.6096,3.5719,3.6092,3.6582,0.0415,0.1673,0.1343,MEDIUM
VM_003,1378815000,3.6,3.6215,3.6195,3.5457,3.6053,3.6071,3.5695,3.605,3.6542,0.0419,0.165,0.1352,MEDIUM
VM_003,1378815300,3.4333,3.6176,3.6171,3.5427,3.6034,3.6051,3.5671,3.6026,3.6517,0.042,0.165,0.1349,MEDIUM
VM_003,1378815600,3.4,3.6252,3.6239,3.5499,3.6111,3.6141,3.5774,3.6111,3.6594,0.0421,0.165,0.1343,MEDIUM
VM_003,1378815900,3.7,3.6573,3.6564,3.5812,3.6434,3.6515,3.6145,3.6457,3.6945,0.0432,0.165,0.1368,MEDIUM
VM_003,1378816200,3.4333,3.6445,3.6462,3.5714,3.6353,3.6439,3.6045,3.6363,3.6865,0.0435,0.1643,0.1376,MEDIUM
VM_003,1378816500,3.3333,3.6523,3.6532,3.5793,3.644,3.6536,3.615,3.6453,3.6949,0.0436,0.1626,0.1368,MEDIUM
VM_003,1378816800,3.7,3.6621,3.6613,3.587,3.6527,3.6656,3.6272,3.6555,3.7054,0.0443,0.167,0.1387,MEDIUM
VM_003,1378817100,3.4333,3.6872,3.6902,3.6146,3.6821,3.6971,3.6566,3.6849,3.7356,0.0453,0.1675,0.1402,MEDIUM
VM_003,1378817400,3.5,3.728,3.732,3.6565,3.7259,3.7446,3.7025,3.7295,3.7811,0.0465,0.1673,0.1422,MEDIUM
VM_003,1378817700,3.7333,3.7429,3.748,3.6726,3.7439,3.7674,3.7216,3.7481,3.8023,0.048,0.1705,0.1464,MEDIUM
VM_003,1378818000,3.3333,3.7491,3.7568,3.6819,3.7554,3.7791,3.7304,3.7582,3.8135,0.0486,0.1719,0.1475,MEDIUM
VM_003,1378818300,3.4,3.768,3.7742,3.7008,3.7756,3.8002,3.7516,3.7782,3.8335,0.0489,0.1708,0.1472,MEDIUM
VM_003,1378818600,3.7333,3.7872,3.7921,3.7184,3.7945,3.8223,3.7725,3.798,3.8543,0.0498,0.1688,0.1489,MEDIUM
VM_003,1378818900,3.5,3.7912,3.7995,3.7248,3.803,3.8314,3.7776,3.8052,3.8631,0.0506,0.1688,0.1506,MEDIUM
VM_003,1378819200,3.4333,3.8153,3.8215,3.7479,3.8272,3.8559,3.8023,3.8292,3.8867,0.0507,0.1679,0.1499,MEDIUM
VM_003,1378819500,3.7,3.8276,3.8339,3.7596,3.84,3.8722,3.8161,3.8427,3.9016,0.0516,0.1705,0.1525,MEDIUM
VM_003,1378819800,3.4667,3.8341,3.8419,3.7673,3.8493,3.8809,3.8222,3.8506,3.9103,0.0519,0.1679,0.1528,MEDIUM
VM_003,1378820100,3.4333,3.8532,3.8604,3.7866,3.8694,3.9017,3.8422,3.8705,3.93,0.0521,0.1679,0.1525,MEDIUM
VM_003,1378820400,3.7333,3.875,3.8806,3.8062,3.89,3.9246,3.8638,3.8917,3.9518,0.0526,0.1696,0.1541,MEDIUM
VM_003,1378820700,3.4667,3.882,3.8924,3.8169,3.9024,3.9383,3.8724,3.9029,3.9649,0.0537,0.1668,0.156,MEDIUM
VM_003,1378821000,3.4333,3.9217,3.9322,3.8579,3.9445,3.9816,3.9139,3.9448,4.0068,0.0543,0.163,0.1557,MEDIUM
VM_003,1378821300,3.6667,3.9397,3.9485,3.8749,3.9625,4.0015,3.9317,3.9627,4.0257,0.0547,0.1376,0.1537,MEDIUM
VM_003,1378821600,3.4333,3.9404,3.9504,3.8769,3.9655,4.0028,3.9306,3.9639,4.0273,0.0545,0.1387,0.1536,MEDIUM
VM_003,1378821900,3.4,3.9644,3.9744,3.9018,3.9907,4.0283,3.9547,3.9887,4.0516,0.0544,0.1373,0.1526,MEDIUM
VM_003,1378822200,3.6333,4.0031,4.0125,3.9395,4.0292,4.0694,3.9935,4.0277,4.091,0.055,0.1383,0.1538,MEDIUM
VM_003,1378822500,3.4667,4.0128,4.0247,3.9515,4.0424,4.0822,4.002,4.0392,4.104,0.0554,0.1376,0.1549,MEDIUM
VM_003,1378822800,3.5,4.0513,4.061,3.9891,4.0801,4.1186,4.0376,4.0761,4.1399,0.0547,0.1353,0.1528,MEDIUM
VM_003,1378823100,3.7,4.0798,4.0886,4.016,4.1073,4.1474,4.0634,4.1032,4.1679,0.0548,0.1353,0.1537,MEDIUM
VM_003,1378823400,3.4,4.0826,4.0931,4.0204,4.1123,4.1504,4.0629,4.1061,4.1715,0.0545,0.1364,0.1537,MEDIUM
VM_003,1378823700,3.4,4.1111,4.1219,4.0506,4.142,4.1796,4.0897,4.1351,4.2,0.0542,0.1331,0.1519,MEDIUM
VM_003,1378824000,3.6333,4.1514,4.1615,4.09,4.1815,4.2202,4.1271,4.1744,4.2397,0.0542,0.1299,0.1517,MEDIUM
VM_003,1378824300,4.6667,4.2657,4.2757,4.1973,4.2915,4.336,4.2346,4.2862,4.355,0.0569,0.2659,0.1767,MEDIUM
VM_003,1378824600,8.5333,5.5634,5.3369,5.0942,5.0767,4.8875,4.8945,5.0495,5.5634,0.2147,1.046,0.5342,HIGH
VM_003,1378824900,8.3333,4.5468,4.3819,4.2994,4.1777,4.0945,4.0865,4.2048,4.5468,0.153,1.3985,0.5795,HIGH
VM_003,1378825200,9.4667,5.717,4.9853,4.5969,4.1372,3.7983,4.1044,4.2833,5.717,0.5762,1.7835,0.6289,HIGH
VM_003,1378825500,6.0667,3.5517,3.1412,3.0354,2.6923,2.5786,2.7135,2.817,3.5517,0.3034,1.8124,0.6326,HIGH
VM_003,1378825800,6.6333,3.7564,3.3693,3.2625,2.8904,2.7792,2.9298,3.0346,3.7564,0.3055,1.8659,0.6395,HIGH
VM_003,1378826100,6.5,3.5466,3.17,3.0712,2.6796,2.6006,2.7726,2.8482,3.5466,0.2946,1.8988,0.6437,HIGH
VM_003,1378826400,6.2333,3.5425,3.178,3.0858,2.6857,2.6293,2.8065,2.8692,3.5425,0.2848,1.9108,0.6452,HIGH
VM_003,1378826700,6.8333,3.6672,3.3081,3.2175,2.808,2.7724,2.956,3.0069,3.6672,0.2795,1.9459,0.6497,HIGH
VM_003,1378827000,6.4,3.7908,3.4387,3.3468,2.9496,2.9367,3.1114,3.1538,3.7908,0.2674,1.9484,0.65,HIGH
VM_003,1378827300,6.6667,4.0425,3.6933,3.5983,3.2128,3.221,3.3844,3.4226,4.0425,0.2574,1.9503,0.6503,HIGH
VM_003,1378827600,6.4,4.2853,3.9356,3.8355,3.4755,3.511,3.6546,3.6869,4.2853,0.2424,1.9455,0.6497,HIGH
VM_003,1378827900,6.4,4.5796,4.23,4.1226,3.7976,3.8585,3.9707,4.0046,4.5796,0.226,1.9237,0.6469,HIGH
VM_003,1378828200,6.0,4.885,4.537,4.4254,4.141,4.2277,4.3005,4.3394,4.885,0.2073,1.8849,0.6419,HIGH
VM_003,1378828500,6.3,5.2696,4.9185,4.7992,4.5522,4.665,4.6961,4.7436,5.2696,0.1928,1.8541,0.6379,HIGH
VM_003,1378828800,6.0333,5.6037,5.2542,5.1261,4.9269,5.0603,5.0386,5.1022,5.6037,0.1777,1.8007,0.6311,HIGH
VM_003,1378829100,6.0333,5.9978,5.6494,5.5137,5.3585,5.5088,5.4336,5.5175,5.9978,0.1661,1.7367,0.6229,HIGH
VM_003,1378829400,6.2667,6.4396,6.0897,5.9437,5.8276,5.9873,5.8577,5.9685,6.4396,0.1614,1.6788,0.6154,HIGH
VM_003,1378829700,6.0667,6.7746,6.4291,6.2726,6.2003,6.3605,6.175,6.316,6.7746,0.158,1.599,0.6052,HIGH
VM_003,1378830000,6.0,7.1067,6.7662,6.6032,6.5645,6.7101,6.4775,6.6525,7.1067,0.1592,1.5095,0.5937,HIGH
VM_003,1378830300,6.3667,7.4789,7.1367,6.9596,6.9476,7.0741,6.8021,7.0112,7.4789,0.167,1.4221,0.5825,HIGH
VM_003,1378830600,6.0,7.6143,7.2829,7.0987,7.1122,7.2146,6.9118,7.148,7.6143,0.1709,1.2933,0.566,HIGH
VM_003,1378830900,6.0,7.7702,7.4486,7.2603,7.2887,7.3619,7.0391,7.3004,7.7702,0.1766,1.1394,0.5462,HIGH
VM_003,1378831200,6.4,7.9721,7.6537,7.4573,7.492,7.5353,7.1979,7.4847,7.9721,0.1873,0.9743,0.525,HIGH
VM_003,1378831500,6.0,7.9516,7.6459,7.4485,7.4879,7.5038,7.1604,7.4623,7.9516,0.1928,0.8988,0.5154,HIGH
VM_003,1378831800,6.0333,7.9544,7.6605,7.4639,7.5017,7.4901,7.1459,7.4616,7.9544,0.1991,0.8024,0.503,HIGH
VM_003,1378832100,6.3667,8.071,7.7757,7.5742,7.6028,7.5603,7.2181,7.552,8.071,0.2134,0.6981,0.4896,HIGH
VM_003,1378832400,6.0,7.9333,7.6498,7.4502,7.4735,7.4108,7.0748,7.4135,7.9333,0.2181,0.2491,0.432,HIGH
VM_003,1378832700,6.0667,7.9272,7.6461,7.4492,7.4563,7.3623,7.037,7.3883,7.9272,0.2314,0.2491,0.432,HIGH
VM_003,1378833000,6.3667,7.96,7.6737,7.4714,7.461,7.3407,7.0259,7.3892,7.96,0.2481,0.2369,0.4304,HIGH
VM_003,1378833300,6.0667,7.8036,7.5213,7.3191,7.2974,7.1617,6.8596,7.2231,7.8036,0.2549,0.2326,0.4298,HIGH
VM_003,1378833600,6.0,7.6999,7.4208,7.221,7.1845,7.0314,6.742,7.1086,7.6999,0.2634,0.2369,0.4304,HIGH
VM_003,1378833900,6.6667,7.7874,7.4947,7.2861,7.2273,7.0499,6.7726,7.1525,7.7874,0.2844,0.2196,0.4282,HIGH
VM_003,1378834200,6.1,7.5562,7.2673,7.0579,6.9914,6.8094,6.5463,6.9181,7.5562,0.2862,0.2165,0.4278,HIGH
VM_003,1378834500,5.9,7.4289,7.1424,6.9337,6.8582,6.6689,6.4176,6.7864,7.4289,0.2896,0.1993,0.4256,HIGH
VM_003,1378834800,5.9,7.3703,7.0779,6.8666,6.7758,6.5709,6.3327,6.7052,7.3703,0.3018,0.1992,0.4256,HIGH
VM_003,1378835100,5.1667,7.0602,6.7757,6.5687,6.4735,6.2676,6.0451,6.4044,7.0602,0.2987,0.274,0.4352,HIGH
VM_003,1378835400,5.0667,6.854,6.572,6.3706,6.2609,6.043,5.8381,6.1935,6.854,0.3046,0.3442,0.4442,HIGH
VM_003,1378835700,5.4333,6.7296,6.4364,6.2288,6.099,5.8682,5.683,6.0376,6.7296,0.319,0.3617,0.4464,HIGH
VM_003,1378836000,5.1333,6.4045,6.1154,5.9086,5.7719,5.5501,5.3809,5.719,6.4045,0.3141,0.4036,0.4518,HIGH
VM_003,1378836300,5.2667,6.2494,5.9551,5.7462,5.5934,5.3685,5.2147,5.549,6.2494,0.3208,0.4284,0.455,HIGH
VM_003,1378836600,5.5,6.12,5.8147,5.5964,5.4279,5.2045,5.0652,5.3947,6.12,0.3289,0.4318,0.4554,HIGH
VM_003,1378836900,5.2333,5.8968,5.5902,5.3681,5.194,4.9839,4.8549,5.1718,5.8968,0.325,0.4518,0.458,HIGH
VM_003,1378837200,5.3,5.7699,5.4583,5.2324,5.0484,4.8445,4.7249,5.0362,5.7699,0.3266,0.4658,0.4598,HIGH
VM_003,1378837500,5.4667,5.6963,5.369,5.1306,4.9349,4.7357,4.627,4.9343,5.6963,0.3346,0.4584,0.4588,HIGH
VM_003,1378837800,5.0667,5.4849,5.1562,4.9154,4.7203,4.5389,4.4363,4.7294,5.4849,0.3271,0.4806,0.4617,HIGH
VM_003,1378838100,5.0333,5.3716,5.0352,4.7906,4.5902,4.4177,4.3221,4.6086,5.3716,0.327,0.5006,0.4642,HIGH
VM_003,1378838400,5.5333,5.3024,4.9499,4.6939,4.4861,4.3233,4.2356,4.5164,5.3024,0.3318,0.4811,0.4617,HIGH
VM_003,1378838700,5.2333,5.1444,4.7864,4.527,4.322,4.1771,4.0932,4.3614,5.1444,0.3252,0.4854,0.4623,HIGH
VM_003,1378839000,5.3,5.0533,4.6888,4.4268,4.2213,4.0878,4.0078,4.2686,5.0533,0.3222,0.4841,0.4621,HIGH
VM_003,1378839300,5.4333,4.9778,4.6011,4.3312,4.127,4.0066,3.931,4.1832,4.9778,0.321,0.4594,0.459,HIGH
VM_003,1378839600,5.2,4.8386,4.4646,4.1977,4.004,3.9005,3.8239,4.0641,4.8386,0.3088,0.4576,0.4587,HIGH
VM_003,1378839900,4.5333,4.6884,4.3267,4.0713,3.8932,3.8066,3.7258,3.9536,4.6884,0.2897,0.4896,0.4628,HIGH
VM_003,1378840200,3.6333,4.5158,4.1705,3.9305,3.7711,3.6988,3.6133,3.8286,4.5158,0.2687,0.5866,0.4753,HIGH
VM_003,1378840500,3.1667,4.2982,3.9801,3.7629,3.6248,3.5663,3.4738,3.6765,4.2982,0.2421,0.7224,0.4927,HIGH
VM_003,1378840800,3.0333,4.1262,3.8329,3.6374,3.5143,3.4646,3.3675,3.5612,4.1262,0.2202,0.8354,0.5072,HIGH
VM_003,1378841100,3.4333,3.9823,3.7088,3.5291,3.4196,3.3812,3.2797,3.4644,3.9823,0.2012,0.8388,0.5076,HIGH
VM_003,1378841400,3.1,3.8144,3.5676,3.408,3.315,3.2885,3.1802,3.3555,3.8144,0.1781,0.8901,0.5142,HIGH
VM_003,1378841700,3.2667,3.7237,3.4983,3.355,3.2728,3.2526,3.1394,3.31,3.7237,0.1614,0.9204,0.5181,HIGH
VM_003,1378842000,3.4,3.6403,3.4327,3.2998,3.2275,3.2146,3.0981,3.2629,3.6403,0.1476,0.9282,0.5191,HIGH
VM_003,1378842300,3.0333,3.5318,3.3462,3.2259,3.1652,3.1584,3.0377,3.1966,3.5318,0.1321,0.9787,0.5114,HIGH
VM_003,1378842600,3.1,3.4767,3.3083,3.1974,3.1437,3.1387,3.0156,3.1723,3.4767,0.1218,1.0173,0.4905,HIGH
VM_003,1378842900,3.5333,3.418,3.2663,3.1612,3.1182,3.1206,2.9935,3.145,3.418,0.11,1.0149,0.4617,HIGH
VM_003,1378843200,3.1,3.3835,3.2477,3.1486,3.1145,3.1183,2.9879,3.1377,3.3835,0.1012,1.0369,0.4419,HIGH
VM_003,1378843500,3.0333,3.3703,3.2463,3.1501,3.121,3.1217,2.9913,3.141,3.3703,0.0969,1.0492,0.4306,HIGH
VM_003,1378843800,3.4667,3.3428,3.2293,3.1329,3.1109,3.1136,2.9823,3.1292,3.3428,0.0917,1.0245,0.4129,HIGH
VM_003,1378844100,3.1667,3.324,3.22,3.1246,3.108,3.1082,2.9766,3.1232,3.324,0.0884,1.0165,0.4016,HIGH
VM_003,1378844400,3.0333,3.2995,3.2045,3.1105,3.0984,3.096,2.9654,3.1109,3.2995,0.0853,1.0019,0.3894,HIGH
VM_003,1378844700,3.5667,3.2977,3.2089,3.1131,3.1066,3.105,2.974,3.1179,3.2977,0.0827,0.9525,0.375,HIGH
VM_003,1378845000,3.1,3.2836,3.2023,3.1068,3.1059,3.1017,2.9709,3.1141,3.2836,0.0802,0.9313,0.3637,HIGH
VM_003,1378845300,3.1667,3.2989,3.2222,3.1258,3.1279,3.119,2.9895,3.1337,3.2989,0.08,0.9022,0.3573,HIGH
VM_003,1378845600,3.3667,3.2999,3.2261,3.1266,3.1326,3.1224,2.9944,3.1372,3.2999,0.0794,0.8186,0.3436,HIGH
VM_003,1378845900,3.1333,3.2777,3.2101,3.1111,3.1219,3.1101,2.9824,3.1238,3.2777,0.0772,0.7505,0.3268,HIGH
VM_003,1378846200,3.0333,3.3044,3.2384,3.1386,3.1503,3.1325,3.0071,3.1503,3.3044,0.0783,0.6582,0.3166,HIGH
VM_003,1378846500,3.3667,3.2968,3.2331,3.1306,3.1458,3.1279,3.0037,3.1449,3.2968,0.0775,0.5065,0.2938,HIGH
VM_003,1378846800,3.1667,3.2926,3.2323,3.1301,3.148,3.1275,3.0041,3.145,3.2926,0.0767,0.3254,0.2669,HIGH
VM_003,1378847100,3.1333,3.3161,3.2562,3.1531,3.1713,3.1456,3.0247,3.1669,3.3161,0.0778,0.1898,0.2518,HIGH
VM_003,1378847400,3.5,3.3234,3.2626,3.156,3.176,3.1494,3.0305,3.1713,3.3234,0.0783,0.1792,0.2516,HIGH
VM_003,1378847700,3.1333,3.3018,3.2439,3.1383,3.1603,3.1322,3.0146,3.1539,3.3018,0.0771,0.1798,0.2473,HIGH
VM_003,1378848000,3.1,3.3203,3.2617,3.1559,3.1773,3.1444,3.0297,3.17,3.3203,0.0781,0.1772,0.2496,HIGH
VM_003,1378848300,3.4333,3.3108,3.2523,3.1445,3.1678,3.1357,3.0228,3.1605,3.3108,0.0775,0.1772,0.2476,HIGH
VM_003,1378848600,3.2333,3.2984,3.2429,3.1365,3.1616,3.1288,3.0166,3.1531,3.2984,0.0761,0.1751,0.2425,HIGH
VM_003,1378848900,3.1333,3.3157,3.2611,3.1551,3.1805,3.1444,3.0344,3.1711,3.3157,0.0762,0.1761,0.2422,HIGH
VM_003,1378849200,3.4667,3.3271,3.272,3.1635,3.1907,3.1548,3.0463,3.1814,3.3271,0.076,0.1795,0.2422,HIGH
VM_003,1378849500,3.0,3.31,3.2576,3.1505,3.1791,3.1417,3.0344,3.1682,3.31,0.0749,0.1812,0.2384,HIGH
VM_003,1378849800,3.1333,3.3231,3.271,3.1643,3.1928,3.1525,3.0473,3.1812,3.3231,0.0751,0.1803,0.2384,HIGH
VM_003,1378850100,3.5,3.3273,3.2752,3.1665,3.1968,3.158,3.0539,3.1855,3.3273,0.0744,0.1779,0.2363,HIGH
VM_003,1378850400,3.2,3.3295,3.2782,3.17,3.2012,3.1603,3.0573,3.1887,3.3295,0.0742,0.176,0.2351,HIGH
VM_003,1378850700,3.0333,3.3321,3.2809,3.1733,3.2044,3.1611,3.0604,3.1911,3.3321,0.0742,0.176,0.2347,HIGH
VM_003,1378851000,3.5,3.3374,3.2847,3.1749,3.2074,3.1653,3.066,3.1947,3.3374,0.0739,0.178,0.2347,HIGH
VM_003,1378851300,3.1,3.321,3.2705,3.1624,3.1958,3.153,3.0545,3.182,3.321,0.0728,0.1796,0.2311,HIGH
VM_003,1378851600,3.3,3.3233,3.2761,3.1696,3.2041,3.1617,3.0635,3.19,3.3233,0.0713,0.1751,0.2253,HIGH
VM_003,1378851900,3.4,3.3616,3.3127,3.2035,3.2393,3.1961,3.0993,3.2254,3.3616,0.0718,0.1646,0.2259,HIGH
VM_003,1378852200,3.1,3.3536,3.3063,3.1976,3.2346,3.1897,3.0937,3.2191,3.3536,0.0715,0.1646,0.224,HIGH
VM_003,1378852500,3.3,3.5017,3.3607,3.1703,3.2487,3.2396,3.145,3.2512,3.5017,0.0952,0.1645,0.2995,HIGH
VM_003,1378852800,4.6,3.5595,3.3479,3.1337,3.2345,3.2433,3.1368,3.2438,3.5595,0.1132,0.3225,0.3738,HIGH
VM_003,1378853100,3.1333,3.4978,3.2998,3.1167,3.2055,3.1991,3.0908,3.208,3.4978,0.1053,0.3225,0.3591,HIGH
VM_003,1378853400,3.2667,3.5496,3.3476,3.1654,3.2556,3.2414,3.1394,3.2566,3.5496,0.1058,0.3178,0.361,HIGH
VM_003,1378853700,3.4,3.4937,3.3056,3.137,3.2245,3.2038,3.1033,3.2202,3.4937,0.1003,0.3182,0.3456,HIGH
VM_003,1378854000,3.1333,3.4837,3.3108,3.1535,3.2376,3.2089,3.1134,3.2295,3.4837,0.095,0.3189,0.33,HIGH
VM_003,1378854300,3.2333,3.4975,3.3384,3.19,3.2705,3.2336,3.1446,3.2592,3.4975,0.0907,0.3172,0.3162,HIGH
VM_003,1378854600,3.6,3.4966,3.3522,3.2098,3.2895,3.2512,3.1661,3.2765,3.4966,0.0859,0.3205,0.2991,HIGH
VM_003,1378854900,3.0667,3.5041,3.3773,3.2432,3.3204,3.2759,3.1961,3.3039,3.5041,0.0809,0.3224,0.2818,HIGH
VM_003,1378855200,3.0,3.5071,3.3935,3.2652,3.3394,3.2878,3.2152,3.3199,3.5071,0.0774,0.3258,0.2696,HIGH
VM_003,1378855500,3.5333,3.4973,3.3929,3.2674,3.3396,3.2878,3.2195,3.3196,3.4973,0.0745,0.3282,0.259,HIGH
VM_003,1378855800,3.1333,3.488,3.3942,3.2736,3.3425,3.2879,3.2235,3.3213,3.488,0.0716,0.3298,0.2488,HIGH
VM_003,1378856100,3.1,3.4854,3.3984,3.281,3.3467,3.2895,3.23,3.3249,3.4854,0.0696,0.3306,0.2419,HIGH
VM_003,1378856400,3.4,3.4701,3.3889,3.2726,3.3367,3.2822,3.2248,3.3159,3.4701,0.0674,0.3295,0.2337,HIGH
VM_003,1378856700,3.0,3.4609,3.3879,3.2753,3.3372,3.2819,3.2263,3.3159,3.4609,0.0651,0.3295,0.2254,HIGH
VM_003,1378857000,3.0667,3.47,3.4003,3.2895,3.3492,3.2918,3.2397,3.3277,3.47,0.064,0.3312,0.2223,HIGH
VM_003,1378857300,3.5333,3.4538,3.3906,3.2805,3.3403,3.2883,3.2349,3.3201,3.4538,0.0616,0.3322,0.2135,HIGH
VM_003,1378857600,3.1,3.4951,3.4411,3.3348,3.3924,3.3374,3.2823,3.3706,3.4951,0.0605,0.3341,0.209,HIGH
VM_003,1378857900,3.0333,3.5324,3.4831,3.3776,3.4349,3.3753,3.3225,3.4112,3.5324,0.0602,0.3341,0.2067,HIGH
VM_003,1378858200,3.4,3.5259,3.4828,3.3776,3.4355,3.3778,3.3232,3.4113,3.5259,0.0589,0.332,0.2009,HIGH
VM_003,1378858500,3.2,3.547,3.51,3.4069,3.4644,3.4044,3.3479,3.4384,3.547,0.0585,0.3301,0.1978,HIGH
VM_003,1378858800,3.2667,3.5784,3.5441,3.4418,3.4986,3.4359,3.3783,3.4712,3.5784,0.0591,0.3302,0.1986,HIGH
VM_003,1378859100,3.4,3.5802,3.5483,3.4455,3.5022,3.4404,3.3803,3.4744,3.5802,0.0592,0.3302,0.1985,HIGH
VM_003,1378859400,3.0667,3.5803,3.5525,3.4517,3.5072,3.4435,3.3806,3.4778,3.5803,0.0596,0.3311,0.1985,HIGH
VM_003,1378859700,3.0,3.5809,3.5564,3.4575,3.5115,3.446,3.381,3.4811,3.5809,0.06,0.3363,0.1992,HIGH
VM_003,1378860000,3.4333,3.5894,3.5665,3.4671,3.5206,3.4562,3.3882,3.4903,3.5894,0.0605,0.1889,0.1813,MEDIUM
VM_003,1378860300,3.3667,3.5947,3.5773,3.4798,3.5326,3.4676,3.3953,3.5011,3.5947,0.0608,0.1898,0.18,MEDIUM
VM_003,1378860600,3.1333,3.6222,3.6081,3.5119,3.5636,3.4962,3.4212,3.5309,3.6222,0.0619,0.1909,0.1814,MEDIUM
VM_003,1378860900,3.4,3.6414,3.6274,3.5294,3.5809,3.5128,3.4352,3.5476,3.6414,0.0635,0.1909,0.1854,MEDIUM
VM_003,1378861200,3.1,3.639,3.6262,3.529,3.5789,3.5081,3.4279,3.5442,3.639,0.0652,0.1917,0.1894,HIGH
VM_003,1378861500,3.0667,3.6322,3.6201,3.524,3.5716,3.4991,3.4172,3.5364,3.6322,0.0665,0.1947,0.1928,HIGH
VM_003,1378861800,3.4333,3.6233,3.6107,3.5135,3.5599,3.4882,3.4044,3.5251,3.6233,0.0674,0.1834,0.1944,HIGH
VM_003,1378862100,3.1333,3.6115,3.6017,3.5064,3.5507,3.4777,3.3915,3.5153,3.6115,0.0682,0.1815,0.195,HIGH
VM_003,1378862400,3.0,3.6097,3.602,3.5083,3.5505,3.4759,3.3883,3.5148,3.6097,0.0692,0.1815,0.1961,HIGH
VM_003,1378862700,3.3667,3.6089,3.6004,3.5053,3.5466,3.4721,3.3832,3.5112,3.6089,0.0704,0.1719,0.1983,HIGH
VM_003,1378863000,3.2333,3.5958,3.59,3.4964,3.536,3.4607,3.3697,3.5002,3.5958,0.0711,0.1711,0.1985,HIGH
VM_003,1378863300,3.0667,3.5861,3.5851,3.4937,3.5319,3.4566,3.3636,3.4959,3.5861,0.071,0.1722,0.1958,HIGH
VM_003,1378863600,3.4333,3.6136,3.61,3.5164,3.554,3.4772,3.3833,3.5181,3.6136,0.073,0.1739,0.2021,HIGH
VM_003,1378863900,3.0,3.5865,3.5857,3.4936,3.53,3.4522,3.3568,3.4931,3.5865,0.0735,0.1739,0.2016,HIGH
VM_003,1378864200,3.8667,3.5545,3.5139,3.3881,3.4392,3.3741,3.2845,3.4095,3.5545,0.0773,0.2153,0.2384,HIGH
VM_003,1378864500,3.4333,3.5566,3.5121,3.3937,3.4428,3.3725,3.2751,3.4104,3.5566,0.0798,0.2106,0.2468,HIGH
VM_003,1378864800,3.1333,3.5757,3.5213,3.4012,3.4497,3.3772,3.2812,3.4184,3.5757,0.0823,0.2097,0.2569,HIGH
VM_003,1378865100,3.1333,3.5337,3.4814,3.3681,3.4131,3.338,3.2408,3.3806,3.5337,0.0823,0.2062,0.2551,HIGH
VM_003,1378865400,3.5,3.5218,3.4702,3.3597,3.402,3.3277,3.2313,3.3708,3.5218,0.0817,0.2102,0.2537,HIGH
VM_003,1378865700,3.2,3.5047,3.458,3.3526,3.3918,3.3162,3.2206,3.3604,3.5047,0.0808,0.2102,0.2488,HIGH
VM_003,1378866000,3.1,3.4891,3.4489,3.348,3.3846,3.3083,3.214,3.3531,3.4891,0.0794,0.2126,0.242,HIGH
VM_003,1378866300,3.3,3.4783,3.4438,3.345,3.3805,3.3052,3.2121,3.3494,3.4783,0.0779,0.2105,0.2349,HIGH
VM_003,1378866600,3.0667,3.4714,3.4446,3.35,3.3837,3.3068,3.2142,3.3517,3.4714,0.0769,0.2105,0.2278,HIGH
VM_003,1378866900,3.1,3.4825,3.4593,3.3666,3.3983,3.3188,3.2276,3.3658,3.4825,0.0773,0.2064,0.2254,HIGH
VM_003,1378867200,3.4667,3.4605,3.4422,3.3502,3.3816,3.3043,3.2134,3.3494,3.4605,0.0759,0.2078,0.2195,HIGH
VM_003,1378867500,3.1,3.4684,3.4549,3.3652,3.3948,3.3155,3.2247,3.3619,3.4684,0.076,0.2085,0.217,HIGH
VM_003,1378867800,3.0333,3.471,3.4602,3.3718,3.3997,3.3186,3.2286,3.3664,3.471,0.0766,0.2117,0.2165,HIGH
VM_003,1378868100,3.3667,3.4572,3.4481,3.3592,3.3865,3.3068,3.2171,3.3537,3.4572,0.0761,0.2107,0.2144,HIGH
VM_003,1378868400,3.1333,3.4515,3.4459,3.3587,3.3843,3.3036,3.2135,3.351,3.4515,0.0763,0.2099,0.2127,HIGH
VM_003,1378868700,3.0667,3.4523,3.4489,3.363,3.3868,3.3051,3.2152,3.3534,3.4523,0.0767,0.2099,0.212,HIGH
VM_003,1378869000,3.5,3.4434,3.4425,3.3564,3.38,3.3002,3.2099,3.3472,3.4434,0.076,0.213,0.2096,HIGH
VM_003,1378869300,3.0333,3.4456,3.449,3.3647,3.387,3.3057,3.2146,3.3534,3.449,0.0763,0.2161,0.2107,HIGH
VM_003,1378869600,3.0,3.4545,3.4589,3.3754,3.3962,3.3127,3.2219,3.3621,3.4589,0.0774,0.2161,0.2128,HIGH
VM_003,1378869900,3.4,3.4406,3.4458,3.3615,3.3819,3.3,3.2091,3.3483,3.4458,0.0772,0.2171,0.2126,HIGH
VM_003,1378870200,3.0333,3.4328,3.4408,3.3579,3.3768,3.2939,3.2022,3.3427,3.4408,0.0776,0.221,0.2146,HIGH
VM_003,1378870500,3.1667,3.4378,3.4472,3.3652,3.3824,3.2987,3.2067,3.3484,3.4472,0.0783,0.2188,0.2158,HIGH
VM_003,1378870800,3.4333,3.4372,3.4452,3.3619,3.3786,3.2956,3.2039,3.3452,3.4452,0.0787,0.2188,0.2165,HIGH
VM_003,1378871100,3.1667,3.4253,3.4361,3.3539,3.3692,3.2858,3.1933,3.3355,3.4361,0.0789,0.2137,0.217,HIGH
VM_003,1378871400,3.1,3.4323,3.4438,3.3624,3.3759,3.2913,3.1987,3.3422,3.4438,0.0797,0.1682,0.2129,HIGH
VM_003,1378871700,3.6,3.4315,3.442,3.3595,3.3726,3.2893,3.1968,3.3396,3.442,0.0798,0.181,0.2147,HIGH
VM_003,1378872000,3.0,3.4045,3.4227,3.3432,3.3557,3.2734,3.1792,3.322,3.4227,0.0785,0.1855,0.2139,HIGH
VM_003,1378872300,3.0,3.4474,3.4635,3.3842,3.3948,3.3083,3.2149,3.3608,3.4635,0.081,0.1898,0.2184,HIGH
VM_003,1378872600,3.5,3.4255,3.4413,3.3611,3.3715,3.287,3.1939,3.3379,3.4413,0.0806,0.1898,0.2175,HIGH
VM_003,1378872900,3.1333,3.4187,3.4361,3.3569,3.3656,3.2803,3.1868,3.3319,3.4361,0.081,0.1903,0.219,HIGH
VM_003,1378873200,3.0333,3.4193,3.4368,3.3585,3.3653,3.279,3.1859,3.3318,3.4368,0.0818,0.1923,0.2205,HIGH
VM_003,1378873500,3.3667,3.4045,3.4223,3.3439,3.3503,3.2658,3.173,3.3174,3.4223,0.0811,0.1944,0.2195,HIGH
VM_003,1378873800,3.0667,3.3997,3.42,3.3432,3.3482,3.2629,3.1696,3.315,3.42,0.0814,0.1944,0.2204,HIGH
VM_003,1378874100,3.0333,3.405,3.4247,3.3487,3.352,3.2652,3.1727,3.3189,3.4247,0.0823,0.1963,0.222,HIGH
VM_003,1378874400,3.4333,3.3938,3.4116,3.3348,3.3373,3.2521,3.1606,3.3052,3.4116,0.0821,0.1944,0.2209,HIGH
VM_003,1378874700,3.1333,3.3768,3.398,3.3228,3.3242,3.2393,3.1471,3.2919,3.398,0.0817,0.1938,0.2208,HIGH
VM_003,1378875000,3.0,3.3875,3.4089,3.335,3.3346,3.2485,3.1567,3.3025,3.4089,0.0824,0.1952,0.2219,HIGH
VM_003,1378875300,3.3,3.3786,3.3988,3.3246,3.3237,3.2388,3.1481,3.2923,3.3988,0.0821,0.1931,0.2205,HIGH
VM_003,1378875600,3.0333,3.367,3.3875,3.3142,3.3118,3.2261,3.1358,3.2803,3.3875,0.0824,0.1955,0.2216,HIGH
VM_003,1378875900,3.0333,3.3557,3.377,3.305,3.3011,3.2158,3.1258,3.2701,3.377,0.0822,0.1965,0.2213,HIGH
VM_003,1378876200,3.4333,3.3568,3.3752,3.3026,3.2978,3.2137,3.125,3.268,3.3752,0.0822,0.1924,0.22,HIGH
VM_003,1378876500,3.0333,3.3364,3.3576,3.2863,3.2807,3.197,3.108,3.2508,3.3576,0.0816,0.1924,0.2196,HIGH
VM_003,1378876800,3.0667,3.3438,3.3654,3.2954,3.2884,3.2044,3.1157,3.2589,3.3654,0.0817,0.19,0.2193,HIGH
VM_003,1378877100,3.4,3.3379,3.3602,3.2903,3.2837,3.2018,3.1133,3.2548,3.3602,0.0807,0.19,0.2171,HIGH
VM_003,1378877400,3.0667,3.3452,3.3676,3.2983,3.2907,3.2075,3.1193,3.2616,3.3676,0.0813,0.189,0.2181,HIGH
VM_003,1378877700,3.1,3.3314,3.3581,3.2906,3.2831,3.2015,3.1123,3.2539,3.3581,0.0799,0.1898,0.2163,HIGH
VM_003,1378878000,3.4,3.3543,3.3801,3.3123,3.305,3.2241,3.1352,3.2765,3.3801,0.0799,0.188,0.2153,HIGH
VM_003,1378878300,3.1,3.357,3.3825,3.315,3.307,3.2249,3.1364,3.2781,3.3825,0.0804,0.1888,0.2164,HIGH
VM_003,1378878600,3.0,3.3487,3.3735,3.3066,3.2977,3.2157,3.1278,3.269,3.3735,0.0804,0.1918,0.2164,HIGH
VM_003,1378878900,3.4,3.341,3.3643,3.2968,3.288,3.2084,3.1209,3.2603,3.3643,0.0795,0.1764,0.2126,HIGH
VM_003,1378879200,3.0,3.3345,3.3592,3.2925,3.2833,3.2034,3.1156,3.2553,3.3592,0.0793,0.1764,0.2129,HIGH
VM_003,1378879500,3.0667,3.3372,3.3627,3.2971,3.2875,3.2082,3.1201,3.2599,3.3627,0.0789,0.1741,0.2118,HIGH
VM_003,1378879800,3.5333,3.3505,3.3729,3.3061,3.2968,3.219,3.1316,3.2703,3.3729,0.0787,0.1769,0.2111,HIGH
VM_003,1378880100,3.3,3.3464,3.3696,3.3028,3.2935,3.216,3.1281,3.2668,3.3696,0.0784,0.1785,0.2115,HIGH
VM_003,1378880400,3.2333,3.3613,3.383,3.316,3.3061,3.2284,3.141,3.2799,3.383,0.0787,0.176,0.2115,HIGH
VM_003,1378880700,3.4333,3.3539,3.3766,3.3093,3.3008,3.2261,3.1382,3.2752,3.3766,0.0771,0.1794,0.2092,HIGH
VM_003,1378881000,3.0,3.3601,3.3854,3.3191,3.3112,3.236,3.1471,3.2849,3.3854,0.0767,0.182,0.2094,HIGH
VM_003,1378881300,3.1,3.3745,3.399,3.3333,3.3254,3.25,3.1613,3.2992,3.399,0.0768,0.18,0.2087,HIGH
VM_003,1378881600,3.4333,3.3722,3.3946,3.3281,3.321,3.2475,3.1594,3.2955,3.3946,0.0761,0.18,0.2067,HIGH
VM_003,1378881900,3.7333,3.3966,3.4199,3.3519,3.3448,3.2717,3.182,3.3195,3.4199,0.0765,0.2106,0.2127,HIGH
VM_003,1378882200,4.0667,3.4561,3.4766,3.406,3.3985,3.3253,3.2349,3.3741,3.4766,0.0778,0.2677,0.2231,HIGH
VM_003,1378882500,4.2333,3.5023,3.5204,3.4462,3.4396,3.3682,3.2771,3.416,3.5204,0.0782,0.3333,0.2327,HIGH
VM_003,1378882800,3.4667,3.5123,3.5334,3.459,3.4541,3.3831,3.2898,3.4293,3.5334,0.0776,0.33,0.2325,HIGH
VM_003,1378883100,3.5,3.5521,3.5718,3.4974,3.4928,3.4208,3.3271,3.4677,3.5718,0.0783,0.3262,0.2329,HIGH
VM_003,1378883400,3.7667,3.5483,3.5713,3.4971,3.4953,3.4274,3.3312,3.4701,3.5713,0.0762,0.3374,0.2307,HIGH
VM_003,1378883700,3.1333,3.5649,3.59,3.5173,3.517,3.4476,3.3504,3.4904,3.59,0.076,0.3339,0.2299,HIGH
VM_003,1378884000,3.2,3.5636,3.5895,3.5186,3.5194,3.4505,3.3528,3.4924,3.5895,0.0753,0.3299,0.2271,HIGH
VM_003,1378884300,3.3667,3.5557,3.58,3.5096,3.5114,3.444,3.347,3.4847,3.58,0.0744,0.3298,0.2242,HIGH
VM_003,1378884600,3.0333,3.5202,3.5461,3.477,3.4804,3.4143,3.3169,3.453,3.5461,0.073,0.3312,0.2215,HIGH
VM_003,1378884900,3.0,3.5128,3.5381,3.4704,3.4737,3.4065,3.3094,3.4461,3.5381,0.073,0.3352,0.2216,HIGH
VM_003,1378885200,3.4333,3.4981,3.5208,3.4534,3.457,3.3918,3.2955,3.4304,3.5208,0.0722,0.3355,0.219,HIGH
VM_003,1378885500,3.1,3.4725,3.4965,3.43,3.4337,3.3685,3.2718,3.4068,3.4965,0.0717,0.3355,0.2184,HIGH
VM_003,1378885800,3.1,3.4614,3.4854,3.4202,3.4236,3.3591,3.2624,3.3972,3.4854,0.0712,0.3314,0.2166,HIGH
VM_003,1378886100,3.4,3.4503,3.4714,3.4061,3.4099,3.347,3.2515,3.3846,3.4714,0.0705,0.3314,0.2142,HIGH
VM_003,1378886400,3.0333,3.4058,3.4338,3.3705,3.376,3.3157,3.2174,3.35,3.4338,0.0684,0.3299,0.2112,HIGH
VM_003,1378886700,3.0,3.4291,3.4543,3.3922,3.3975,3.3355,3.2388,3.372,3.4547,0.0688,0.3328,0.2113,HIGH
VM_003,1378887000,3.5333,3.405,3.4307,3.3686,3.3757,3.3173,3.2202,3.351,3.4336,0.0671,0.3328,0.2094,HIGH
VM_003,1378887300,3.2,3.4004,3.428,3.3661,3.3741,3.3156,3.2178,3.3491,3.4327,0.0667,0.3342,0.2106,HIGH
VM_003,1378887600,3.1333,3.4001,3.4283,3.3671,3.3761,3.3181,3.2201,3.3511,3.436,0.0662,0.3364,0.2118,HIGH
VM_003,1378887900,3.4,3.4039,3.4287,3.3668,3.3767,3.3196,3.223,3.3525,3.4377,0.0658,0.3361,0.2107,HIGH
VM_003,1378888200,3.0667,3.3734,3.4011,3.3395,3.3507,3.2945,3.1969,3.3258,3.4105,0.0648,0.3333,0.2096,HIGH
VM_003,1378888500,3.0333,3.3802,3.4051,3.3435,3.3547,3.2974,3.2013,3.3302,3.4155,0.065,0.3358,0.2103,HIGH
VM_003,1378888800,3.4333,3.3627,3.3854,3.3232,3.3355,3.2805,3.1852,3.3119,3.3962,0.0639,0.3358,0.2078,HIGH
VM_003,1378889100,3.0333,3.3448,3.3684,3.306,3.3191,3.2637,3.1685,3.295,3.379,0.0634,0.3313,0.2069,HIGH
VM_003,1378889400,3.1333,3.3407,3.3647,3.3026,3.3163,3.2617,3.1665,3.2927,3.3772,0.0627,0.2922,0.202,HIGH
VM_003,1378889700,3.4667,3.347,3.3685,3.3055,3.3204,3.2673,3.1733,3.2978,3.3828,0.0621,0.2153,0.1912,HIGH
VM_003,1378890000,3.0667,3.3285,3.3524,3.2894,3.3059,3.2529,3.1584,3.2825,3.3675,0.0613,0.2132,0.1906,HIGH
VM_003,1378890300,3.0333,3.3306,3.355,3.2924,3.3098,3.2571,3.1628,3.2866,3.3727,0.0608,0.2089,0.1907,HIGH
VM_003,1378890600,3.4,3.3338,3.3555,3.2921,3.3109,3.2595,3.1667,3.2886,3.3749,0.0601,0.1777,0.1854,MEDIUM
VM_003,1378890900,3.0333,3.3118,3.335,3.2714,3.2916,3.24,3.1471,3.2685,3.3543,0.0595,0.1804,0.1849,MEDIUM
VM_003,1378891200,3.3,3.3348,3.3556,3.291,3.3112,3.2587,3.1672,3.2888,3.3754,0.0599,0.1818,0.1858,MEDIUM
VM_003,1378891500,3.7667,3.3448,3.3652,3.2989,3.3206,3.271,3.1788,3.299,3.3855,0.0592,0.2135,0.1888,MEDIUM
VM_003,1378891800,3.4,3.3624,3.3842,3.3166,3.3397,3.2893,3.1962,3.3175,3.4046,0.0593,0.2132,0.19,HIGH
VM_003,1378892100,3.2667,3.3855,3.4089,3.341,3.3653,3.315,3.221,3.3428,3.4313,0.0593,0.2076,0.1908,HIGH
VM_003,1378892400,3.4,3.394,3.4168,3.3488,3.375,3.3263,3.2322,3.3526,3.4417,0.0587,0.2063,0.1901,HIGH
VM_003,1378892700,3.0667,3.3867,3.4117,3.3439,3.3717,3.322,3.227,3.3478,3.4372,0.0586,0.2074,0.1907,HIGH
VM_003,1378893000,3.1667,3.3872,3.4126,3.3454,3.3744,3.3248,3.2296,3.3502,3.4403,0.0582,0.2059,0.1909,HIGH
VM_003,1378893300,3.4667,3.3899,3.4118,3.3442,3.3743,3.3253,3.2317,3.3507,3.4406,0.0579,0.2086,0.1898,HIGH
VM_003,1378893600,3.0,3.3515,3.376,3.3088,3.3405,3.2915,3.1974,3.3156,3.4044,0.057,0.2102,0.1886,MEDIUM
VM_003,1378893900,3.0,3.3465,3.3689,3.3022,3.3344,3.2842,3.1921,3.3096,3.3985,0.0567,0.2102,0.1881,MEDIUM
VM_003,1378894200,3.4333,3.3314,3.3513,3.2841,3.3175,3.269,3.1784,3.2936,3.3816,0.0557,0.2051,0.1849,MEDIUM
VM_003,1378894500,3.1667,3.3126,3.3345,3.2668,3.3015,3.253,3.1623,3.2771,3.3646,0.0552,0.2055,0.1843,MEDIUM
VM_003,1378894800,3.0667,3.3129,3.3329,3.2652,3.3006,3.2511,3.1625,3.2764,3.3641,0.0548,0.2074,0.1841,MEDIUM
VM_003,1378895100,3.5,3.3079,3.3302,3.2617,3.2992,3.2536,3.1638,3.2759,3.3639,0.0536,0.2118,0.1834,MEDIUM
VM_003,1378895400,3.0667,3.314,3.3373,3.2685,3.3079,3.2609,3.1716,3.2838,3.3728,0.0535,0.2118,0.1842,MEDIUM
VM_003,1378895700,3.0333,3.3097,3.332,3.2636,3.3044,3.257,3.1692,3.2801,3.3694,0.053,0.2118,0.1834,MEDIUM
VM_003,1378896000,3.4333,3.3084,3.3291,3.2597,3.302,3.2563,3.1695,3.2784,3.3672,0.0523,0.2118,0.1815,MEDIUM
VM_003,1378896300,3.3,3.3159,3.3385,3.2677,3.3116,3.2656,3.1782,3.2874,3.3764,0.0523,0.2076,0.1814,MEDIUM
VM_003,1378896600,3.9667,3.3703,3.39,3.3165,3.3617,3.3149,3.228,3.338,3.428,0.0529,0.2523,0.1885,MEDIUM
VM_003,1378896900,4.2333,3.4176,3.4327,3.3553,3.4022,3.3563,3.2704,3.3795,3.4688,0.0533,0.3168,0.1955,HIGH
VM_003,1378897200,3.6333,3.4363,3.4542,3.3741,3.4235,3.3777,3.2896,3.3996,3.488,0.0534,0.3186,0.1957,HIGH
VM_003,1378897500,3.3667,3.4768,3.4933,3.4123,3.4631,3.4159,3.3283,3.4386,3.5274,0.0537,0.3119,0.1955,HIGH
VM_003,1378897800,3.8667,3.5315,3.5488,3.4655,3.5179,3.473,3.3833,3.4939,3.5835,0.054,0.3291,0.1985,HIGH
VM_003,1378898100,3.5667,3.6034,3.6291,3.5435,3.5986,3.5545,3.4583,3.5728,3.6653,0.0551,0.3231,0.2031,HIGH
VM_003,1378898400,3.5,3.6955,3.7238,3.6382,3.6951,3.6492,3.5486,3.6671,3.7635,0.0567,0.3232,0.2092,HIGH
VM_003,1378898700,3.9,3.7579,3.7895,3.7033,3.7625,3.7178,3.611,3.7327,3.8309,0.0581,0.3308,0.2141,HIGH
VM_003,1378899000,3.4667,3.7952,3.8307,3.7446,3.8058,3.7582,3.646,3.7723,3.8714,0.0597,0.331,0.2185,HIGH
VM_003,1378899300,3.4333,3.8182,3.8543,3.7701,3.832,3.7816,3.6664,3.7959,3.8953,0.0608,0.3295,0.221,HIGH
VM_003,1378899600,3.7333,3.8386,3.8728,3.7893,3.8512,3.7988,3.6818,3.8135,3.9122,0.0618,0.3357,0.2229,HIGH
VM_003,1378899900,3.4,3.81,3.8459,3.7633,3.826,3.7711,3.6524,3.7858,3.8825,0.0621,0.3267,0.2216,HIGH
VM_003,1378900200,3.3333,3.7982,3.8308,3.7504,3.8119,3.7536,3.6363,3.7707,3.8658,0.0624,0.3223,0.2205,HIGH
VM_003,1378900500,3.4,3.7629,3.7923,3.7131,3.7737,3.7144,3.5988,3.7322,3.8245,0.0619,0.3224,0.2176,HIGH
VM_003,1378900800,3.1333,3.6954,3.7274,3.6491,3.7102,3.6512,3.5361,3.6682,3.7581,0.0608,0.3154,0.2137,HIGH
VM_003,1378901100,3.0,3.6698,3.6976,3.622,3.6814,3.6196,3.5084,3.6397,3.7283,0.0603,0.3154,0.2122,HIGH
VM_003,1378901400,3.6,3.6412,3.6662,3.5904,3.6491,3.5888,3.4795,3.6088,3.6956,0.0594,0.3167,0.2093,HIGH
VM_003,1378901700,3.2333,3.6009,3.6264,3.5504,3.6092,3.5484,3.4411,3.5691,3.6542,0.0586,0.3143,0.2067,HIGH
VM_003,1378902000,3.1,3.5779,3.5997,3.5249,3.5824,3.5202,3.4162,3.543,3.6269,0.0581,0.3125,0.2045,HIGH
VM_003,1378902300,3.4333,3.5586,3.5778,3.5023,3.559,3.4979,3.396,3.5209,3.6032,0.0575,0.3125,0.2019,HIGH
VM_003,1378902600,3.0667,3.513,3.5314,3.4559,3.5122,3.4501,3.3506,3.4742,3.5544,0.0568,0.3125,0.1992,HIGH
VM_003,1378902900,3.1667,3.4907,3.5062,3.431,3.4859,3.4231,3.3265,3.4489,3.5277,0.0563,0.3056,0.1963,HIGH
VM_011,1378604100,2.0,2.172,2.0348,2.0078,2.0291,2.0506,1.9823,2.0344,2.172,0.0468,15.0819,0.7481,HIGH
VM_011,1378604400,2.0,2.1502,2.0267,2.0057,2.0191,2.0417,1.9811,2.0282,2.1502,0.0417,15.0776,0.7321,HIGH
VM_011,1378604700,2.0,2.1307,2.0198,2.0036,2.0118,2.0357,1.9819,2.0239,2.1307,0.037,15.0776,0.7178,HIGH
VM_011,1378605000,2.0,2.1146,2.0145,2.0023,2.0072,2.0323,1.985,2.0218,2.1146,0.0329,15.0776,0.7058,HIGH
VM_011,1378605300,1.6667,2.0971,2.007,1.998,2.0012,2.0272,1.9856,2.0176,2.0971,0.0293,15.083,0.6941,HIGH
VM_011,1378605600,1.6,2.079,1.9974,1.9906,1.9933,2.02,1.9835,2.0111,2.079,0.0265,15.0896,0.6837,HIGH
VM_011,1378605900,1.5333,2.0584,1.9838,1.9783,1.9812,2.0079,1.9762,1.9999,2.0584,0.0243,15.0972,0.6747,HIGH
VM_011,1378606200,1.8,2.0439,1.975,1.9699,1.9736,2.0,1.9727,1.993,2.0439,0.0229,15.0972,0.6675,HIGH
VM_011,1378606500,1.6667,2.0298,1.9656,1.9604,1.9652,1.9906,1.9675,1.9848,2.0298,0.0217,15.1026,0.6614,HIGH
VM_011,1378606800,2.0,2.0203,1.9603,1.9544,1.9602,1.9842,1.9651,1.9799,2.0203,0.0209,15.1015,0.6565,HIGH
VM_011,1378607100,1.8,2.0133,1.9567,1.9499,1.9568,1.9786,1.9636,1.9761,2.0133,0.0203,12.762,0.6528,HIGH
VM_011,1378607400,1.8667,2.0058,1.9524,1.9442,1.9523,1.9715,1.9605,1.971,2.0058,0.0197,7.7807,0.6498,HIGH
VM_011,1378607700,1.8,1.9998,1.9491,1.9395,1.9486,1.9648,1.9579,1.9665,1.9998,0.0192,0.1541,0.0676,LOW
VM_011,1378608000,2.0,1.995,1.9466,1.9353,1.9453,1.9582,1.9557,1.9624,1.995,0.0188,0.1541,0.0664,LOW
VM_011,1378608300,1.8,1.99,1.9449,1.9322,1.9425,1.9523,1.9535,1.9587,1.99,0.0183,0.1531,0.0648,LOW
VM_011,1378608600,2.0,1.9916,1.949,1.9345,1.9454,1.9521,1.9577,1.961,1.9916,0.0182,0.1531,0.0642,LOW
VM_011,1378608900,1.9333,1.9927,1.9527,1.9369,1.9479,1.9518,1.9616,1.963,1.9927,0.0183,0.1514,0.063,LOW
VM_011,1378609200,2.0,1.9929,1.9558,1.9385,1.9495,1.9511,1.9651,1.9643,1.9929,0.0184,0.1514,0.0623,LOW
VM_011,1378609500,2.0,1.9986,1.9644,1.9457,1.9568,1.9562,1.9743,1.9714,1.9986,0.0188,0.1514,0.0617,LOW
VM_011,1378609800,2.0,2.0063,1.9752,1.9551,1.9664,1.9643,1.9863,1.9811,2.0077,0.0193,0.1531,0.0623,LOW
VM_011,1378610100,2.0,2.0143,1.9859,1.9646,1.9761,1.9728,1.9988,1.9909,2.0194,0.02,0.1482,0.0642,LOW
VM_011,1378610400,2.0,2.0235,1.9994,1.977,1.9885,1.9847,2.0132,2.0035,2.0334,0.0204,0.1496,0.0665,LOW
VM_011,1378610700,2.0,2.0417,2.0202,1.9963,2.0086,2.0046,2.0364,2.024,2.0558,0.0215,0.1496,0.0696,LOW
VM_011,1378611000,2.0,2.0554,2.0377,2.0127,2.0255,2.0219,2.0555,2.0412,2.0742,0.0221,0.1496,0.072,LOW
VM_011,1378611300,2.0667,2.0767,2.063,2.0368,2.0502,2.0474,2.0821,2.0663,2.1002,0.0229,0.1523,0.0749,LOW
VM_011,1378611600,2.0,2.1049,2.0948,2.0673,2.0818,2.08,2.1153,2.0981,2.1332,0.0239,0.1523,0.0778,LOW
VM_011,1378611900,2.0,2.1328,2.1256,2.0967,2.1127,2.112,2.1476,2.1291,2.1651,0.0247,0.1523,0.0804,LOW
VM_011,1378612200,2.0,2.1593,2.1558,2.1258,2.1429,2.1436,2.178,2.1592,2.1956,0.0252,0.1523,0.0823,LOW
VM_011,1378612500,2.0,2.1913,2.1909,2.1595,2.1779,2.1798,2.2126,2.1939,2.2308,0.0257,0.1454,0.0833,MEDIUM
VM_011,1378612800,2.0,2.2231,2.2255,2.1928,2.2125,2.2155,2.2458,2.228,2.2649,0.026,0.1303,0.0827,LOW
VM_011,1378613100,2.0,2.2594,2.2653,2.2315,2.252,2.256,2.2826,2.2669,2.3037,0.026,0.1002,0.0798,LOW
VM_011,1378613400,2.0,2.3014,2.31,2.2748,2.2962,2.301,2.3236,2.3103,2.347,0.0259,0.0956,0.0801,LOW
VM_011,1378613700,1.8,2.3381,2.3489,2.3128,2.3347,2.3396,2.3576,2.3477,2.3842,0.0254,0.0809,0.0782,LOW
VM_011,1378614000,2.0,2.375,2.3872,2.3498,2.372,2.3767,2.3899,2.3838,2.4198,0.0247,0.0809,0.0778,LOW
VM_011,1378614300,2.0,2.4146,2.4284,2.3898,2.4119,2.4159,2.4238,2.4223,2.4577,0.024,0.0735,0.076,LOW
VM_011,1378614600,1.8667,2.4526,2.4677,2.4279,2.4495,2.4524,2.4548,2.4585,2.4933,0.0232,0.0735,0.0746,LOW
VM_011,1378614900,2.0,2.4893,2.5042,2.4629,2.4842,2.4855,2.4829,2.4917,2.5257,0.0226,0.0642,0.0718,LOW
VM_011,1378615200,2.0,2.5208,2.5356,2.493,2.5134,2.5129,2.5052,2.5194,2.5543,0.0222,0.0642,0.0709,LOW
VM_011,1378615500,2.0,2.5528,2.5676,2.5239,2.5431,2.5405,2.5279,2.5476,2.5836,0.0222,0.0519,0.0686,LOW
VM_011,1378615800,2.0,2.5826,2.5972,2.5522,2.5703,2.5655,2.5483,2.5734,2.6104,0.0226,0.0519,0.0676,LOW
VM_011,1378616100,2.0,2.6128,2.6277,2.5817,2.5984,2.5914,2.5696,2.6001,2.6384,0.0234,0.0508,0.0666,LOW
VM_011,1378616400,2.0,2.6391,2.6522,2.6048,2.6206,2.6109,2.586,2.6211,2.66,0.0245,0.0508,0.0651,LOW
VM_011,1378616700,2.0,2.6502,2.6619,2.6137,2.6284,2.6162,2.5881,2.6275,2.6664,0.0256,0.0508,0.0676,LOW
VM_011,1378617000,2.0,2.6584,2.6694,2.6205,2.6338,2.6192,2.5881,2.6318,2.6708,0.0269,0.0508,0.071,LOW
VM_011,1378617300,2.0,2.6643,2.6735,2.6239,2.636,2.619,2.5859,2.6331,2.6735,0.0282,0.0508,0.0749,LOW
VM_011,1378617600,9.4667,2.2359,2.0196,1.8235,2.0609,2.1487,2.119,2.0593,2.2359,0.1137,1.5273,0.5179,HIGH
VM_011,1378617900,2.4,2.1363,1.9468,1.8274,1.9778,2.0443,1.9964,1.9848,2.1363,0.0817,1.5261,0.437,HIGH
VM_011,1378618200,2.0,2.1785,2.0017,1.8875,2.0265,2.0719,2.0316,2.03,2.1785,0.0728,1.5261,0.423,HIGH
VM_011,1378618500,2.0,2.1387,1.997,1.9043,2.0086,2.0361,1.9925,2.0098,2.1387,0.0568,1.5266,0.3789,HIGH
VM_011,1378618800,2.0,2.1517,2.0304,1.9494,2.0326,2.0448,2.0072,2.0327,2.1517,0.048,1.5266,0.3538,HIGH
VM_011,1378619100,2.0,2.131,2.0302,1.9612,2.0262,2.0279,1.9945,2.0251,2.131,0.0406,1.5266,0.3285,HIGH
VM_011,1378619400,1.9333,2.1182,2.0326,1.9731,2.0242,2.0176,1.99,2.0226,2.1182,0.0355,1.5273,0.3092,HIGH
VM_011,1378619700,2.0,2.0986,2.0248,1.9731,2.0137,2.0012,1.9794,2.0118,2.0986,0.0318,1.5273,0.2939,HIGH
VM_011,1378620000,2.0,2.082,2.0185,1.9729,2.0049,1.9885,1.9713,2.0032,2.082,0.029,1.5273,0.2824,HIGH
VM_011,1378620300,2.0,2.0711,2.0151,1.9738,1.9998,1.9803,1.9681,1.9984,2.0711,0.0271,1.5273,0.2764,HIGH
VM_011,1378620600,2.0,2.0596,2.0099,1.9718,1.9931,1.9717,1.9635,1.9921,2.0596,0.0257,1.5273,0.271,HIGH
VM_011,1378620900,2.0,2.0521,2.0077,1.9718,1.9894,1.9666,1.9619,1.9889,2.0521,0.0246,1.5249,0.2661,HIGH
VM_011,1378621200,2.0,2.049,2.0091,1.9746,1.9894,1.9657,1.9639,1.9894,2.049,0.0239,1.5249,0.2621,HIGH
VM_011,1378621500,1.7333,2.0443,2.008,1.9744,1.9873,1.963,1.9639,1.9877,2.0443,0.0232,1.5283,0.2596,HIGH
VM_011,1378621800,1.8,2.0379,2.0056,1.9726,1.9835,1.9592,1.9616,1.9845,2.0379,0.0226,1.5292,0.2577,HIGH
VM_011,1378622100,2.0,2.0412,2.0119,1.9786,1.988,1.9639,1.9678,1.9899,2.0412,0.0223,1.5292,0.2566,HIGH
VM_011,1378622400,2.0,2.0462,2.0193,1.9855,1.9938,1.9698,1.9753,1.9964,2.0462,0.0222,1.5292,0.2558,HIGH
VM_011,1378622700,2.0,2.05,2.0255,1.991,1.9982,1.9746,1.9813,2.0017,2.05,0.022,1.5292,0.2551,HIGH
VM_011,1378623000,1.7333,2.052,2.0306,1.9956,2.0016,1.9786,1.9855,2.0058,2.052,0.0218,1.5325,0.254,HIGH
VM_011,1378623300,1.9333,2.0586,2.0396,2.0035,2.0086,1.9863,1.9936,2.0138,2.0586,0.0217,1.5331,0.2532,HIGH
VM_011,1378623600,2.0,2.0665,2.0495,2.0123,2.0165,1.9948,2.0024,2.0226,2.0665,0.0218,1.5331,0.2528,HIGH
VM_011,1378623900,2.0,2.0743,2.0594,2.0209,2.0242,2.0031,2.0107,2.0312,2.0743,0.0219,1.5331,0.2523,HIGH
VM_011,1378624200,2.0,2.0829,2.07,2.0301,2.0325,2.0121,2.0193,2.0404,2.0829,0.0221,1.5331,0.252,HIGH
VM_011,1378624500,1.3333,2.0813,2.0712,2.0307,2.0321,2.0121,2.0184,2.0405,2.0813,0.022,1.5446,0.2522,HIGH
VM_011,1378624800,1.6,2.0777,2.0702,2.0289,2.0292,2.0098,2.0147,2.0382,2.0777,0.022,0.1931,0.0778,LOW
VM_011,1378625100,2.0,2.0833,2.0771,2.0342,2.0335,2.0144,2.0186,2.0434,2.0833,0.0225,0.1668,0.0752,LOW
VM_011,1378625400,2.0,2.0909,2.0867,2.0424,2.0404,2.0215,2.0245,2.0511,2.0909,0.0231,0.1668,0.0756,LOW
VM_011,1378625700,2.0,2.1023,2.0997,2.0538,2.0506,2.0319,2.0336,2.062,2.1023,0.0237,0.1668,0.0763,LOW
VM_011,1378626000,2.0,2.1111,2.1094,2.062,2.0578,2.0388,2.0396,2.0697,2.1111,0.0245,0.1668,0.0779,LOW
VM_011,1378626300,2.0,2.1157,2.1153,2.0667,2.0613,2.0421,2.0415,2.0735,2.1157,0.0251,0.1668,0.0794,LOW
VM_011,1378626600,2.0,2.1238,2.1251,2.0752,2.0685,2.0492,2.0468,2.081,2.1251,0.0258,0.1676,0.0826,LOW
VM_011,1378626900,2.0,2.1363,2.1391,2.088,2.0801,2.0605,2.0564,2.0929,2.1391,0.0266,0.1676,0.0861,MEDIUM
VM_011,1378627200,2.2,2.1521,2.1556,2.1029,2.094,2.0741,2.0687,2.1072,2.1556,0.0275,0.1764,0.0905,MEDIUM
VM_011,1378627500,1.6667,2.1602,2.1663,2.113,2.1027,2.0824,2.0746,2.1158,2.1663,0.0281,0.1836,0.0951,MEDIUM
VM_011,1378627800,2.0,2.1734,2.1801,2.1256,2.1144,2.0934,2.0843,2.1276,2.1801,0.0291,0.1836,0.0983,MEDIUM
VM_011,1378628100,2.0,2.181,2.1878,2.1324,2.1201,2.0983,2.088,2.1334,2.1878,0.0301,0.1836,0.1015,MEDIUM
VM_011,1378628400,2.0,2.1845,2.1919,2.1357,2.1224,2.0998,2.0881,2.1355,2.1919,0.0309,0.1836,0.1046,MEDIUM
VM_011,1378628700,2.0,2.1896,2.1976,2.1406,2.1263,2.103,2.09,2.1394,2.1976,0.0318,0.1801,0.1072,MEDIUM
VM_011,1378629000,2.0,2.1959,2.2042,2.1463,2.1312,2.1072,2.093,2.1442,2.2042,0.0326,0.1785,0.1098,MEDIUM
VM_011,1378629300,1.8667,2.1974,2.2062,2.1478,2.1319,2.1071,2.0918,2.1447,2.2062,0.0334,0.1785,0.1123,MEDIUM
VM_011,1378629600,2.0,2.2009,2.2105,2.1514,2.1349,2.1096,2.093,2.1477,2.2105,0.034,0.1785,0.1146,MEDIUM
VM_011,1378629900,2.0,2.2085,2.2183,2.1584,2.1413,2.1154,2.0979,2.1541,2.2183,0.0347,0.1785,0.117,MEDIUM
VM_011,1378630200,2.0,2.2125,2.2225,2.162,2.1444,2.1178,2.0995,2.1571,2.2225,0.0354,0.174,0.1183,MEDIUM
VM_011,1378630500,2.0,2.2158,2.2267,2.1656,2.1477,2.1209,2.1014,2.1603,2.2267,0.0358,0.1744,0.1202,MEDIUM
VM_011,1378630800,2.0,2.222,2.2322,2.1705,2.1523,2.1246,2.1048,2.1649,2.2322,0.0365,0.1744,0.1218,MEDIUM
VM_011,1378631100,2.0,2.2196,2.2297,2.1677,2.1494,2.1211,2.1008,2.1616,2.2297,0.0368,0.1744,0.123,MEDIUM
VM_011,1378631400,2.0,2.2161,2.2258,2.1635,2.1451,2.1161,2.0955,2.1571,2.2258,0.0372,0.1744,0.1241,MEDIUM
VM_011,1378631700,2.0,2.212,2.2214,2.1589,2.1403,2.1109,2.0901,2.1522,2.2214,0.0375,0.1162,0.1175,MEDIUM
VM_011,1378632000,2.0,2.2079,2.2172,2.1543,2.1358,2.106,2.0849,2.1476,2.2172,0.0377,0.0849,0.1141,MEDIUM
VM_011,1378632300,2.0,2.2046,2.2138,2.1507,2.1323,2.1022,2.0809,2.144,2.2138,0.0378,0.0849,0.1147,MEDIUM
VM_011,1378632600,2.0,2.2025,2.2118,2.1485,2.1301,2.0999,2.0784,2.1418,2.2118,0.0379,0.0849,0.1151,MEDIUM
VM_011,1378632900,2.0,2.2013,2.2108,2.1472,2.1291,2.0987,2.077,2.1407,2.2108,0.0379,0.0849,0.1154,MEDIUM
VM_011,1378633200,2.0,2.1998,2.2091,2.1453,2.1275,2.0969,2.0751,2.139,2.2091,0.038,0.0849,0.1155,MEDIUM
VM_011,1378633500,2.0,2.1965,2.2058,2.1419,2.1244,2.0937,2.0718,2.1358,2.2058,0.0379,0.0849,0.1155,MEDIUM
VM_011,1378633800,2.0,2.1938,2.2034,2.1395,2.1224,2.0918,2.0696,2.1337,2.2034,0.0377,0.0849,0.1153,MEDIUM
VM_011,1378634100,2.0,2.1923,2.2013,2.1372,2.1206,2.0896,2.0677,2.1318,2.2013,0.0377,0.0849,0.1152,MEDIUM
VM_011,1378634400,2.0,2.186,2.1953,2.1313,2.1152,2.0843,2.0622,2.1262,2.1953,0.0375,0.0722,0.1131,MEDIUM
VM_011,1378634700,2.0,2.1836,2.1927,2.1286,2.113,2.082,2.0601,2.124,2.1927,0.0373,0.0272,0.107,MEDIUM
VM_011,1378635000,2.0,2.179,2.1879,2.1238,2.1087,2.0776,2.0559,2.1196,2.1879,0.0371,0.0272,0.1065,MEDIUM
VM_011,1378635300,2.0,2.1733,2.182,2.118,2.1035,2.0723,2.0508,2.1142,2.182,0.0369,0.0272,0.1059,MEDIUM
VM_011,1378635600,2.0,2.1674,2.1756,2.1118,2.0977,2.0664,2.0453,2.1083,2.1756,0.0367,0.0272,0.1052,MEDIUM
VM_011,1378635900,2.0,2.1605,2.1688,2.1051,2.0917,2.0605,2.0396,2.1021,2.1688,0.0363,0.0272,0.1044,MEDIUM
VM_011,1378636200,2.0,2.157,2.165,2.1012,2.0884,2.0572,2.0367,2.0989,2.165,0.0361,0.0272,0.1037,MEDIUM
VM_011,1378636500,2.0,2.1511,2.159,2.0954,2.0832,2.0522,2.0318,2.0936,2.159,0.0357,0.0,0.0993,MEDIUM
VM_011,1378636800,2.0,2.1465,2.154,2.0905,2.0789,2.0477,2.0279,2.0892,2.154,0.0355,0.0,0.0985,MEDIUM
VM_011,1378637100,2.0,2.14,2.1473,2.084,2.0731,2.042,2.0225,2.0833,2.1473,0.0351,0.0,0.0975,MEDIUM
VM_011,1378637400,2.0,2.1347,2.142,2.0787,2.0685,2.0376,2.0184,2.0787,2.142,0.0348,0.0,0.0965,MEDIUM
VM_011,1378637700,2.0,2.1313,2.1388,2.0755,2.066,2.0354,2.0164,2.0762,2.1388,0.0344,0.0,0.0955,MEDIUM
VM_011,1378638000,2.0,2.1298,2.1372,2.0739,2.0652,2.0348,2.0161,2.0754,2.1372,0.0341,0.0,0.0945,MEDIUM
VM_011,1378638300,2.0,2.1276,2.1347,2.0714,2.0636,2.0332,2.015,2.0737,2.1347,0.0337,0.0,0.0935,MEDIUM
VM_011,1378638600,2.0,2.1236,2.1303,2.0672,2.0601,2.0296,2.0119,2.07,2.1303,0.0334,0.0,0.0925,MEDIUM
VM_011,1378638900,2.0,2.1185,2.1253,2.0624,2.056,2.0259,2.0084,2.0659,2.1253,0.033,0.0,0.0913,MEDIUM
VM_011,1378639200,2.0,2.1172,2.1239,2.0608,2.0553,2.0252,2.0082,2.0651,2.1239,0.0327,0.0,0.0903,MEDIUM
VM_011,1378639500,2.0,2.1147,2.1214,2.0584,2.0537,2.024,2.0072,2.0635,2.1214,0.0323,0.0,0.0891,MEDIUM
VM_011,1378639800,2.0,2.1137,2.1196,2.0567,2.0528,2.0229,2.0068,2.0625,2.1196,0.0321,0.0,0.0881,MEDIUM
VM_011,1378640100,2.0,2.1088,2.1146,2.0519,2.0487,2.019,2.0033,2.0583,2.1146,0.0317,0.0,0.0869,MEDIUM
VM_011,1378640400,2.0,2.0958,2.1,2.0375,2.0355,2.0079,1.9934,2.0458,2.1,0.0307,0.0,0.0832,MEDIUM
VM_011,1378640700,2.0,2.0925,2.0965,2.0338,2.0323,2.0034,1.9889,2.0419,2.0965,0.031,0.0,0.084,MEDIUM
VM_011,1378641000,2.0,2.0933,2.0966,2.0336,2.0329,2.0038,1.99,2.0425,2.0966,0.0309,0.0,0.0832,MEDIUM
VM_011,1378641300,2.0,2.0906,2.0936,2.0308,2.0307,2.0019,1.9885,2.0403,2.0936,0.0306,0.0,0.0821,LOW
VM_011,1378641600,2.0,2.0901,2.0928,2.03,2.0306,2.0018,1.9889,2.0402,2.0928,0.0304,0.0,0.0811,LOW
VM_011,1378641900,2.0,2.0893,2.0915,2.0288,2.03,2.0014,1.9891,2.0396,2.0915,0.0301,0.0,0.08,LOW
VM_011,1378642200,2.0,2.0883,2.0906,2.0279,2.0299,2.0018,1.9897,2.0395,2.0906,0.0297,0.0,0.0788,LOW
VM_011,1378642500,2.0,2.0901,2.0918,2.029,2.0317,2.0035,1.9922,2.0414,2.0918,0.0296,0.0,0.0777,LOW
VM_011,1378642800,2.0,2.0884,2.0901,2.0275,2.0309,2.0033,1.9922,2.0406,2.0901,0.0292,0.0,0.0764,LOW
VM_011,1378643100,2.0,2.0919,2.0932,2.0304,2.0346,2.0072,1.9968,2.0444,2.0932,0.029,0.0,0.0753,LOW
VM_011,1378643400,2.0,2.0922,2.093,2.0303,2.0352,2.0079,1.9981,2.045,2.093,0.0288,0.0,0.0741,LOW
VM_011,1378643700,2.0,2.0916,2.0918,2.0292,2.0347,2.0075,1.9984,2.0444,2.0918,0.0285,0.0,0.0729,LOW
VM_011,1378644000,2.0,2.0904,2.0902,2.0276,2.0338,2.0068,1.9983,2.0435,2.0904,0.0283,0.0,0.0719,LOW
VM_011,1378644300,2.0,2.0907,2.0901,2.0276,2.0344,2.0078,1.9998,2.0442,2.0907,0.0281,0.0,0.071,LOW
VM_011,1378644600,2.0,2.0919,2.0908,2.0282,2.0357,2.0094,2.002,2.0456,2.0919,0.0279,0.0,0.0702,LOW
VM_011,1378644900,2.0,2.0933,2.0922,2.0296,2.0378,2.0122,2.0051,2.0479,2.0933,0.0276,0.0,0.0689,LOW
VM_011,1378645200,2.0,2.0977,2.0963,2.0335,2.0426,2.0176,2.0109,2.0529,2.0977,0.0273,0.0,0.0678,LOW
VM_011,1378645500,2.0,2.1012,2.0991,2.0364,2.0462,2.0214,2.0153,2.0565,2.1012,0.0272,0.0,0.067,LOW
VM_011,1378645800,2.0,2.102,2.0993,2.0367,2.0473,2.0225,2.0171,2.0575,2.102,0.027,0.0,0.0663,LOW
VM_011,1378646100,2.0,2.1022,2.0989,2.0365,2.0477,2.0232,2.0183,2.0579,2.1022,0.0268,0.0,0.0655,LOW
VM_011,1378646400,1.7333,2.0968,2.0937,2.0317,2.0436,2.0196,2.0149,2.0537,2.0968,0.0264,0.0544,0.0709,LOW
VM_011,1378646700,1.6667,2.09,2.0875,2.0261,2.0388,2.0159,2.0111,2.0489,2.09,0.0259,0.0853,0.0725,LOW
VM_011,1378647000,1.5333,2.0816,2.0791,2.0184,2.0318,2.0094,2.005,2.0419,2.0816,0.0255,0.1238,0.0757,LOW
VM_011,1378647300,2.0,2.0793,2.076,2.0156,2.0296,2.0074,2.0036,2.0399,2.0793,0.0254,0.1238,0.075,LOW
VM_011,1378647600,2.0,2.0799,2.0764,2.0158,2.0306,2.0088,2.0054,2.041,2.0799,0.0254,0.1238,0.074,LOW
VM_011,1378647900,1.9333,2.0807,2.0761,2.0157,2.0311,2.0089,2.0064,2.0414,2.0807,0.0254,0.1235,0.0739,LOW
VM_011,1378648200,2.0,2.079,2.0741,2.0138,2.0298,2.0079,2.0056,2.04,2.079,0.0252,0.1235,0.0731,LOW
VM_011,1378648500,2.0,2.0824,2.0768,2.0163,2.033,2.0112,2.0096,2.0433,2.0824,0.0253,0.1235,0.0727,LOW
VM_011,1378648800,2.0,2.0848,2.0785,2.0179,2.0352,2.0135,2.0124,2.0455,2.0848,0.0252,0.1235,0.0724,LOW
VM_011,1378649100,4.8667,2.0711,2.0438,1.9745,2.0008,2.0007,2.0046,2.0209,2.0711,0.0289,0.6078,0.1534,MEDIUM
VM_011,1378649400,2.0,2.1609,2.1313,2.0553,2.0858,2.0718,2.0716,2.1002,2.1609,0.0317,0.6078,0.1604,MEDIUM
VM_011,1378649700,1.8667,2.1711,2.1335,2.0579,2.0918,2.0816,2.0827,2.1069,2.1711,0.0324,0.6091,0.1665,MEDIUM
VM_011,1378650000,1.5333,2.1648,2.1288,2.0561,2.0892,2.0744,2.0717,2.1007,2.1648,0.0314,0.6187,0.1643,MEDIUM
VM_011,1378650300,2.0,2.1842,2.1466,2.0746,2.1072,2.0905,2.0889,2.1183,2.1842,0.0316,0.6187,0.1649,MEDIUM
VM_011,1378650600,2.0,2.1828,2.1457,2.0761,2.1071,2.0889,2.0877,2.1175,2.1828,0.0309,0.6187,0.1627,MEDIUM
VM_011,1378650900,2.0,2.1857,2.1497,2.0815,2.111,2.0923,2.0922,2.1215,2.1857,0.0304,0.6187,0.1608,MEDIUM
VM_011,1378651200,2.0,2.1875,2.1525,2.0857,2.1139,2.0948,2.096,2.1244,2.1875,0.0299,0.6187,0.1589,MEDIUM
VM_011,1378651500,2.0,2.1864,2.1528,2.0873,2.1143,2.0951,2.0978,2.125,2.1864,0.0293,0.6187,0.1568,MEDIUM
VM_011,1378651800,2.0,2.1852,2.1528,2.0886,2.1145,2.0954,2.0996,2.1256,2.1852,0.0288,0.6187,0.1549,MEDIUM
VM_011,1378652100,1.8,2.1788,2.1482,2.0854,2.1105,2.0921,2.0975,2.1219,2.1788,0.0281,0.6207,0.1526,MEDIUM
VM_011,1378652400,2.0,2.1772,2.1477,2.0858,2.1103,2.0925,2.0994,2.1222,2.1772,0.0276,0.6207,0.151,MEDIUM
VM_011,1378652700,1.8667,2.1711,2.1429,2.0822,2.1062,2.089,2.0971,2.1184,2.1711,0.0271,0.6217,0.1492,MEDIUM
VM_011,1378653000,2.0,2.1673,2.14,2.08,2.1038,2.087,2.0965,2.1163,2.1673,0.0267,0.6217,0.1479,MEDIUM
VM_011,1378653300,2.0,2.1636,2.1369,2.0776,2.1013,2.0847,2.0956,2.114,2.1636,0.0265,0.6217,0.1469,MEDIUM
VM_011,1378653600,1.9333,2.1573,2.1313,2.0727,2.0963,2.08,2.0922,2.1091,2.1573,0.0261,0.6188,0.1455,MEDIUM
VM_011,1378653900,1.4286,2.137,2.1127,2.0555,2.0792,2.0634,2.0762,2.0918,2.137,0.0254,0.6269,0.1441,MEDIUM
VM_011,1378654200,1.6,2.1193,2.096,2.0399,2.0636,2.0485,2.062,2.0764,2.1193,0.025,0.6248,0.1421,MEDIUM
VM_011,1378654500,1.6,2.1005,2.0779,2.023,2.0468,2.0317,2.0462,2.0595,2.1005,0.0246,0.631,0.1415,MEDIUM
VM_011,1378654800,1.8667,2.088,2.0658,2.0114,2.0353,2.0205,2.0359,2.0482,2.088,0.0245,0.6318,0.1409,MEDIUM
VM_011,1378655100,1.6667,2.0733,2.0516,1.9979,2.0219,2.0071,2.0233,2.0349,2.0733,0.0243,0.6356,0.1404,MEDIUM
VM_011,1378655400,1.4667,2.0523,2.0314,1.9786,2.0027,1.9879,2.0048,2.0155,2.0523,0.024,0.6449,0.1403,MEDIUM
VM_011,1378655700,1.7333,2.0375,2.0171,1.9648,1.9891,1.9746,1.992,2.0021,2.0375,0.0238,0.6468,0.1397,MEDIUM
VM_011,1378656000,1.8,2.0292,2.0089,1.9567,1.9813,1.9667,1.9849,1.9944,2.0298,0.0239,0.6476,0.1401,MEDIUM
VM_011,1378656300,2.0,2.0261,2.0059,1.9535,1.9785,1.9637,1.9827,1.9917,2.0274,0.024,0.1928,0.0824,LOW
VM_011,1378656600,1.7333,2.0207,2.001,1.9486,1.974,1.9594,1.9788,1.9873,2.0233,0.024,0.1909,0.0828,LOW
VM_011,1378656900,2.0,2.0223,2.0026,1.9499,1.9759,1.9612,1.9811,1.9892,2.0253,0.0242,0.1939,0.0838,MEDIUM
VM_011,1378657200,1.2667,2.0063,1.9875,1.9357,1.962,1.9471,1.967,1.9748,2.011,0.0238,0.2181,0.0868,MEDIUM
VM_011,1378657500,1.5333,1.9923,1.9737,1.9224,1.949,1.9336,1.9538,1.9614,1.9974,0.0236,0.2224,0.0871,MEDIUM
VM_011,1378657800,1.6667,1.9817,1.9636,1.9125,1.9393,1.9238,1.9441,1.9516,1.9877,0.0236,0.22,0.0869,MEDIUM
VM_011,1378658100,1.8667,1.9794,1.9608,1.9095,1.9365,1.9203,1.9413,1.9487,1.9845,0.0237,0.2161,0.0863,MEDIUM
VM_011,1378658400,1.6667,1.9719,1.9539,1.9028,1.93,1.9136,1.9347,1.942,1.9777,0.0236,0.2124,0.0858,MEDIUM
VM_011,1378658700,2.0,1.9769,1.9585,1.9068,1.9343,1.9176,1.9392,1.9465,1.9819,0.0238,0.2124,0.0859,MEDIUM
VM_011,1378659000,2.0,1.9822,1.9634,1.9112,1.9392,1.9222,1.9443,1.9513,1.9864,0.024,0.2124,0.086,MEDIUM
VM_011,1378659300,2.0,1.9911,1.9721,1.9192,1.9477,1.9303,1.9527,1.9597,1.9944,0.0242,0.2174,0.0867,MEDIUM
VM_011,1378659600,2.0,2.0017,1.9824,1.9289,1.958,1.9403,1.963,1.9699,2.0043,0.0243,0.2174,0.0868,MEDIUM
VM_011,1378659900,2.0,2.0134,1.9939,1.9398,1.9695,1.9518,1.9747,1.9813,2.0154,0.0245,0.2214,0.0874,MEDIUM
VM_011,1378660200,2.0,2.0266,2.0069,1.9521,1.9825,1.9647,1.9878,1.9942,2.0281,0.0247,0.2214,0.0877,MEDIUM
VM_011,1378660500,2.0,2.041,2.0214,1.9661,1.9973,1.9799,2.0029,2.0089,2.0429,0.0249,0.2214,0.0883,MEDIUM
VM_011,1378660800,2.0,2.0584,2.0386,1.9827,2.0147,1.9976,2.0208,2.0263,2.0604,0.0252,0.2238,0.0893,MEDIUM
VM_011,1378661100,2.0,2.0749,2.0551,1.9987,2.0315,2.0147,2.0379,2.043,2.077,0.0254,0.2142,0.0886,MEDIUM
VM_011,1378661400,2.0,2.091,2.0705,2.0137,2.0473,2.0301,2.0537,2.0585,2.0921,0.0255,0.2126,0.0885,MEDIUM
VM_011,1378661700,2.0,2.1044,2.0835,2.0263,2.0606,2.0433,2.0671,2.0715,2.1049,0.0256,0.2096,0.0882,MEDIUM
VM_011,1378662000,2.0,2.1188,2.0975,2.04,2.0748,2.0576,2.0817,2.0856,2.1189,0.0258,0.212,0.0888,MEDIUM
VM_011,1378662300,2.0,2.132,2.11,2.0521,2.0875,2.0699,2.0945,2.098,2.132,0.0259,0.2103,0.0893,MEDIUM
VM_011,1378662600,2.0,2.1443,2.1221,2.064,2.0998,2.0826,2.1073,2.1103,2.1443,0.026,0.1941,0.0876,MEDIUM
VM_011,1378662900,1.9333,2.156,2.1338,2.0755,2.1118,2.0952,2.1201,2.1224,2.156,0.0262,0.1915,0.0875,MEDIUM
VM_011,1378663200,2.0,2.1713,2.149,2.0904,2.1273,2.1112,2.1363,2.138,2.1715,0.0264,0.1916,0.0879,MEDIUM
VM_011,1378663500,2.0,2.1859,2.1625,2.1036,2.1411,2.1245,2.1503,2.1515,2.1859,0.0266,0.1916,0.0888,MEDIUM
VM_011,1378663800,2.0,2.194,2.17,2.1111,2.1488,2.1318,2.1581,2.1589,2.194,0.0266,0.1891,0.089,MEDIUM
VM_011,1378664100,2.0,2.2028,2.1784,2.1194,2.1573,2.1401,2.1669,2.1672,2.2028,0.0266,0.1891,0.0894,MEDIUM
VM_011,1378664400,2.0,2.2121,2.1869,2.1278,2.166,2.1484,2.1759,2.1757,2.2121,0.0267,0.1299,0.0825,LOW
VM_011,1378664700,2.0,2.2197,2.1941,2.1349,2.1732,2.1556,2.1837,2.1829,2.2197,0.0268,0.0963,0.0785,LOW
VM_011,1378665000,1.8667,2.2233,2.1975,2.1385,2.1768,2.1589,2.1876,2.1863,2.2233,0.0267,0.0759,0.0759,LOW
VM_011,1378665300,2.0,2.2295,2.2034,2.1444,2.1827,2.1647,2.194,2.1922,2.2295,0.0268,0.0727,0.0758,LOW
VM_011,1378665600,2.0,2.2359,2.2091,2.15,2.1883,2.1699,2.2001,2.1978,2.2359,0.0268,0.0299,0.0709,LOW
VM_011,1378665900,2.0,2.2407,2.2136,2.1545,2.1927,2.1741,2.2049,2.2021,2.2407,0.0268,0.0299,0.0712,LOW
VM_011,1378666200,2.0,2.2484,2.2214,2.1621,2.2004,2.1823,2.2136,2.2101,2.2484,0.027,0.0299,0.0712,LOW
VM_011,1378666500,1.8,2.2512,2.2244,2.1654,2.2038,2.1857,2.2175,2.2134,2.2512,0.027,0.0491,0.0733,LOW
VM_011,1378666800,2.0,2.2596,2.2327,2.1737,2.2123,2.1946,2.2267,2.2221,2.2596,0.0271,0.0491,0.0734,LOW
VM_011,1378667100,2.0,2.2694,2.2418,2.1825,2.2214,2.2033,2.2362,2.2311,2.2694,0.0273,0.0491,0.0741,LOW
VM_011,1378667400,2.0,2.275,2.247,2.1876,2.2268,2.2084,2.2418,2.2363,2.275,0.0274,0.0491,0.0745,LOW
VM_011,1378667700,2.0,2.282,2.2535,2.194,2.2333,2.2145,2.2486,2.2427,2.282,0.0274,0.0491,0.075,LOW
VM_011,1378668000,2.0,2.289,2.2602,2.2005,2.24,2.2211,2.2557,2.2494,2.289,0.0275,0.0491,0.0753,LOW
VM_011,1378668300,1.9333,2.2949,2.2662,2.2065,2.2461,2.2272,2.2622,2.2555,2.2949,0.0276,0.05,0.0755,LOW
VM_011,1378668600,2.0,2.3033,2.2742,2.2142,2.2541,2.235,2.2704,2.2634,2.3033,0.0277,0.05,0.0759,LOW
VM_011,1378668900,2.0,2.3109,2.2815,2.2214,2.2615,2.2423,2.278,2.2707,2.3109,0.0278,0.05,0.0763,LOW
VM_011,1378669200,2.0,2.3211,2.2919,2.2314,2.2719,2.2531,2.289,2.2812,2.3211,0.028,0.05,0.0764,LOW
VM_011,1378669500,2.0,2.3325,2.3026,2.2418,2.2827,2.2636,2.2999,2.2919,2.3325,0.0282,0.05,0.0772,LOW
VM_011,1378669800,2.0,2.3406,2.3104,2.2494,2.2906,2.2712,2.3077,2.2996,2.3406,0.0283,0.05,0.0776,LOW
VM_011,1378670100,2.0,2.3493,2.3185,2.2572,2.2987,2.2789,2.3157,2.3075,2.3493,0.0284,0.0491,0.0782,LOW
VM_011,1378670400,2.0,2.3575,2.3265,2.2649,2.3067,2.2867,2.3237,2.3154,2.3575,0.0285,0.0491,0.0786,LOW
VM_011,1378670700,2.0,2.3663,2.3349,2.2732,2.3152,2.295,2.3321,2.3237,2.3663,0.0286,0.0491,0.079,LOW
VM_011,1378671000,2.0,2.3758,2.3443,2.2822,2.3245,2.3043,2.3414,2.333,2.3758,0.0287,0.0491,0.0794,LOW
VM_011,1378671300,2.0,2.3851,2.353,2.2906,2.3332,2.3125,2.3498,2.3415,2.3851,0.0288,0.0491,0.0801,LOW
VM_011,1378671600,2.0,2.3919,2.3592,2.2966,2.3393,2.318,2.3555,2.3473,2.3919,0.0289,0.0491,0.0807,LOW
VM_011,1378671900,1.8,2.3907,2.358,2.2957,2.3384,2.3165,2.3539,2.346,2.3907,0.0287,0.0616,0.082,LOW
VM_011,1378672200,2.0,2.3972,2.3645,2.3021,2.3449,2.323,2.3602,2.3525,2.3972,0.0287,0.0572,0.0816,LOW
VM_011,1378672500,1.9333,2.4055,2.3727,2.31,2.3529,2.331,2.3682,2.3605,2.4055,0.0289,0.0579,0.082,LOW
VM_011,1378672800,2.0,2.4147,2.3815,2.3185,2.3616,2.3394,2.3765,2.3692,2.4147,0.029,0.0579,0.0826,LOW
VM_011,1378673100,2.0,2.4224,2.3882,2.3247,2.3681,2.345,2.3822,2.3753,2.4224,0.0291,0.0579,0.0837,MEDIUM
VM_011,1378673400,2.0,2.4284,2.3941,2.3305,2.374,2.3507,2.3876,2.381,2.4284,0.0291,0.0579,0.0839,MEDIUM
VM_011,1378673700,2.0,2.4389,2.4044,2.3402,2.3839,2.3605,2.3973,2.391,2.4389,0.0293,0.0439,0.0826,LOW
VM_011,1378674000,2.0,2.4487,2.4137,2.3492,2.3931,2.3694,2.4059,2.4,2.4487,0.0294,0.0439,0.0833,MEDIUM
VM_011,1378674300,2.0,2.4585,2.4233,2.3584,2.4026,2.3787,2.4148,2.4093,2.4585,0.0295,0.0439,0.0837,MEDIUM
VM_011,1378674600,2.0,2.4683,2.4324,2.3671,2.4115,2.3869,2.4228,2.4179,2.4683,0.0297,0.0439,0.0847,MEDIUM
VM_011,1378674900,2.0,2.4758,2.4396,2.374,2.4185,2.3937,2.4291,2.4247,2.4758,0.0297,0.0439,0.0851,MEDIUM
VM_011,1378675200,9.7333,2.5456,2.3023,2.0997,2.3283,2.4419,2.4133,2.3581,2.5456,0.1282,1.5821,0.5511,HIGH
VM_011,1378675500,2.0667,2.7994,2.4946,2.3061,2.5429,2.6394,2.6155,2.5749,2.7994,0.1394,1.581,0.588,HIGH
VM_011,1378675800,1.8667,2.7824,2.4941,2.3255,2.5554,2.6287,2.5829,2.5668,2.7824,0.1262,1.5824,0.5598,HIGH
VM_011,1378676100,1.8,2.8507,2.5852,2.4391,2.6446,2.679,2.624,2.6385,2.8507,0.1094,1.5846,0.5247,HIGH
VM_011,1378676400,2.0,2.9003,2.6572,2.5273,2.712,2.7137,2.6634,2.6937,2.9003,0.0966,1.5846,0.4946,HIGH
VM_011,1378676700,2.0,2.8881,2.6764,2.5647,2.7209,2.6934,2.649,2.6928,2.8881,0.0828,1.5846,0.4558,HIGH
VM_011,1378677000,2.0,2.8707,2.6887,2.5925,2.7186,2.664,2.6322,2.6841,2.8707,0.072,1.5846,0.4306,HIGH
VM_011,1378677300,1.4667,2.8189,2.6664,2.5849,2.682,2.6054,2.5882,2.6433,2.8189,0.064,1.5927,0.4072,HIGH
VM_011,1378677600,2.0,2.7702,2.6403,2.5712,2.641,2.5466,2.5459,2.6008,2.7702,0.0607,1.5927,0.3898,HIGH
VM_011,1378677900,2.0,2.72,2.6076,2.5492,2.595,2.4876,2.5051,2.5552,2.72,0.0602,1.5927,0.3858,HIGH
VM_011,1378678200,2.0,2.6516,2.5495,2.5038,2.5272,2.41,2.4496,2.4887,2.6516,0.0616,1.5927,0.393,HIGH
VM_011,1378678500,1.8,2.593,2.4993,2.463,2.4669,2.3445,2.4055,2.4319,2.593,0.0636,1.5947,0.3987,HIGH
VM_011,1378678800,1.8667,2.5372,2.4481,2.4202,2.4051,2.2804,2.3647,2.3755,2.5372,0.0667,1.5959,0.4053,HIGH
VM_011,1378679100,1.6,2.474,2.3858,2.3665,2.3327,2.2093,2.3201,2.3103,2.474,0.0702,1.599,0.4119,HIGH
VM_011,1378679400,10.1333,2.6023,2.4922,2.4658,2.3819,2.2535,2.3974,2.3802,2.6023,0.0954,2.2655,0.563,HIGH
VM_011,1378679700,1.9333,2.6124,2.4838,2.4639,2.356,2.2355,2.4402,2.3703,2.6124,0.106,2.2655,0.585,HIGH
VM_011,1378680000,1.7333,2.5228,2.3835,2.3702,2.2397,2.1349,2.3792,2.2686,2.5228,0.1147,2.2692,0.5941,HIGH
VM_011,1378680300,1.7333,2.482,2.3236,2.3167,2.1578,2.0712,2.3766,2.2075,2.482,0.1299,2.2728,0.6124,HIGH
VM_011,1378680600,1.7333,2.4201,2.2404,2.2363,2.0513,1.9962,2.3747,2.129,2.4201,0.1476,2.2764,0.6393,HIGH
VM_011,1378680900,2.0,2.3838,2.1766,2.1697,1.9561,1.9474,2.422,2.0735,2.422,0.1745,2.2764,0.6921,HIGH
VM_011,1378681200,2.0,2.3791,2.1347,2.1154,1.872,1.9341,2.5391,2.0472,2.5391,0.2169,2.2764,0.6921,HIGH
VM_011,1378681500,1.9333,2.4182,2.1195,2.0731,1.7982,1.9734,2.7625,2.0611,2.7625,0.2877,2.2771,0.6922,HIGH
VM_011,1378681800,1.9333,2.5415,2.152,2.0516,1.7462,2.1257,3.1944,2.1558,3.1944,0.4167,2.2779,0.6923,HIGH
VM_011,1378682100,2.0,2.7636,2.1998,1.9952,1.6817,2.481,4.0029,2.3617,4.0029,0.678,2.2779,0.6923,HIGH
VM_011,1378682400,1.9333,3.1504,2.2288,1.8335,1.6643,3.4026,5.623,2.8483,5.623,1.2459,1.6898,0.6169,HIGH
VM_011,1378682700,1.4667,4.0829,2.5687,1.8685,2.508,6.1175,8.9556,4.4013,8.9556,2.3711,1.6967,0.6177,HIGH
VM_011,1378683000,1.5333,6.4264,4.3148,3.1797,6.136,12.2585,14.4602,8.3933,14.4602,4.0271,1.701,0.6183,HIGH
VM_011,1378683300,1.9333,7.2194,4.8462,3.6339,9.9531,18.0528,17.8731,11.6916,19.346,5.6844,1.6998,0.6181,HIGH
VM_011,1378683600,2.0,6.6513,4.5475,3.9744,12.6088,21.7467,18.5317,13.4627,22.4567,6.6693,1.6998,0.6181,HIGH
VM_011,1378683900,1.9333,6.9516,5.415,5.8321,15.3656,24.4687,18.7764,15.3048,24.4687,6.9128,1.7002,0.6182,HIGH
VM_011,1378684200,1.3333,5.4736,4.9233,6.7449,16.2961,24.0174,16.3175,15.0225,24.0174,6.6953,1.709,0.6193,HIGH
VM_011,1378684500,1.4,6.5565,6.8633,10.1191,17.9641,21.7045,12.7897,15.1551,21.7045,5.1489,1.7102,0.6195,HIGH
VM_011,1378684800,2.0,7.685,9.9413,14.5114,18.1152,15.5681,6.938,13.7201,19.1931,3.8983,1.7102,0.6195,HIGH
VM_011,1378685100,2.0,7.441,9.9107,14.9548,14.7231,9.8582,3.0207,10.7114,17.7159,4.2981,1.7102,0.6195,HIGH
VM_011,1378685400,2.0,12.3084,14.8861,18.6413,13.2692,7.0322,3.1954,10.9645,18.6413,5.2394,1.7102,0.6195,HIGH
VM_011,1378685700,2.0,17.7589,20.0457,22.2503,12.0412,4.9258,3.7466,11.5636,22.2503,6.9444,1.7088,0.6193,HIGH
VM_011,1378686000,2.0,22.7151,24.3646,24.9974,12.7174,4.8591,5.3583,13.2182,24.9974,8.0089,1.708,0.6192,HIGH
VM_011,1378686300,49.3333,26.6861,23.0449,19.4538,9.0393,4.2486,7.5393,11.8913,26.6861,7.2979,9.7701,1.0,HIGH
VM_011,1378686600,53.4,17.4613,12.0861,8.2478,2.3617,0.1802,3.5272,4.8212,17.4613,5.1239,13.9966,1.0,HIGH
VM_011,1378686900,35.0,6.7969,3.6276,1.7441,1.1606,1.4103,2.0259,2.0,6.7969,1.6156,15.161,1.0,HIGH
VM_011,1378687200,1.4667,3.4523,2.5165,1.7682,1.9379,2.1001,2.0142,2.0777,3.4523,0.4706,15.1654,1.0,HIGH
VM_011,1378687500,1.4667,3.5405,2.7341,2.1188,2.2807,2.3874,2.2664,2.3667,3.5405,0.3983,15.1698,1.0,HIGH
VM_011,1378687800,1.8667,2.8092,2.2149,1.8156,1.9929,2.098,1.9617,2.033,2.8092,0.2651,15.1677,1.0,HIGH
VM_011,1378688100,1.8667,2.5779,2.118,1.8516,2.0142,2.0924,1.9487,2.0247,2.5779,0.1893,15.1698,1.0,HIGH
VM_011,1378688400,1.7333,2.4383,2.072,1.8908,2.031,2.0904,1.9473,2.0269,2.4383,0.1412,15.1739,1.0,HIGH
VM_011,1378688700,1.5333,2.3505,2.0566,1.9305,2.0398,2.0826,1.9482,2.0303,2.3505,0.1095,15.1803,0.9348,HIGH
VM_011,1378689000,1.6667,2.2943,2.052,1.9604,2.0398,2.07,1.9472,2.0301,2.2943,0.0897,15.1845,0.8718,HIGH
VM_011,1378689300,2.0,2.2552,2.047,1.9765,2.0328,2.0556,1.9441,2.0253,2.2552,0.0777,15.1845,0.8429,HIGH
VM_011,1378689600,2.0,2.228,2.0433,1.9866,2.0256,2.0439,1.9429,2.0212,2.228,0.0697,15.1835,0.8225,HIGH
VM_011,1378689900,2.0,2.2047,2.0374,1.9902,2.0167,2.0324,1.9414,2.0155,2.2047,0.0637,15.175,0.8056,HIGH
VM_011,1378690200,2.0,2.1851,2.0317,1.9916,2.009,2.0236,1.9413,2.0109,2.1851,0.0586,15.1676,0.7904,HIGH
VM_011,1378690500,2.0,2.168,2.0261,1.9918,2.003,2.0172,1.9433,2.0075,2.168,0.0539,15.1665,0.7755,HIGH
VM_011,1378690800,1.8,2.1476,2.0172,1.9881,1.9946,2.0091,1.9427,2.0015,2.1476,0.0491,15.1697,0.76,HIGH
VM_011,1378691100,2.0,2.132,2.0108,1.986,1.9899,2.0053,1.9461,1.999,2.132,0.0446,15.1686,0.7452,HIGH
VM_011,1378691400,2.0,2.1157,2.0042,1.9833,1.9853,2.0022,1.9487,1.9964,2.1157,0.0401,15.1578,0.7304,HIGH
VM_011,1378691700,2.0,2.1075,2.0039,1.9862,1.9876,2.0057,1.9583,2.0005,2.1075,0.0361,15.148,0.7165,HIGH
VM_011,1378692000,2.0,2.098,2.0024,1.9873,1.9889,2.008,1.966,2.0031,2.098,0.0323,15.148,0.703,HIGH
VM_011,1378692300,1.7333,2.0893,2.0009,1.988,1.9903,2.0098,1.9731,2.0055,2.0893,0.0291,15.1522,0.6911,HIGH
VM_011,1378692600,1.8,2.08,1.9981,1.9866,1.9901,2.0097,1.9778,2.006,2.08,0.0265,15.1554,0.6832,HIGH
VM_011,1378692900,2.0,2.0737,1.9971,1.9862,1.991,2.0103,1.9828,2.0075,2.0737,0.0246,15.1554,0.6768,HIGH
VM_011,1378693200,2.0,2.0667,1.9955,1.9849,1.9905,2.0088,1.9853,2.0072,2.0667,0.0231,15.1554,0.6707,HIGH
VM_011,1378693500,2.0,2.0691,2.0021,1.9912,1.9981,2.0152,1.9954,2.0149,2.0691,0.0221,12.259,0.6663,HIGH
VM_011,1378693800,2.0,2.069,2.005,1.9935,2.0018,2.0168,2.0011,2.0182,2.069,0.0214,6.7657,0.6633,HIGH
VM_011,1378694100,2.0,2.0653,2.0049,1.9925,2.0015,2.0139,2.0019,2.0172,2.0653,0.0206,0.1822,0.0838,MEDIUM
VM_011,1378694400,1.6,2.0607,2.0042,1.991,2.0008,2.0101,2.0015,2.0155,2.0607,0.0199,0.171,0.0794,LOW
VM_011,1378694700,2.0,2.0616,2.0073,1.9928,2.0034,2.0095,2.005,2.0173,2.0616,0.0196,0.1484,0.0754,LOW
VM_011,1378695000,2.0,2.0608,2.0093,1.9934,2.0043,2.007,2.0064,2.0173,2.0608,0.0193,0.1496,0.0745,LOW
VM_011,1378695300,1.9333,2.0628,2.014,1.9968,2.008,2.0074,2.0108,2.0201,2.0628,0.0191,0.1495,0.0737,LOW
VM_011,1378695600,2.0,2.0647,2.0187,2.0003,2.0114,2.0077,2.0154,2.0229,2.0647,0.0191,0.1458,0.0725,LOW
VM_011,1378695900,2.0,2.0672,2.0233,2.0036,2.0149,2.0082,2.0207,2.0259,2.0672,0.0193,0.1211,0.0692,LOW
VM_011,1378696200,2.0,2.0649,2.0234,2.0026,2.0139,2.0046,2.0219,2.0245,2.0649,0.0196,0.1067,0.067,LOW
VM_011,1378696500,2.0,2.0646,2.0265,2.0047,2.0158,2.0046,2.0261,2.0263,2.0646,0.0198,0.1067,0.0658,LOW
VM_011,1378696800,2.0,2.0704,2.0365,2.0139,2.0246,2.0123,2.0375,2.0354,2.0704,0.02,0.1067,0.0643,LOW
VM_011,1378697100,2.0,2.0798,2.048,2.0243,2.0356,2.0222,2.0524,2.0467,2.0798,0.0209,0.1067,0.0642,LOW
VM_011,1378697400,2.0,2.0835,2.0556,2.0312,2.0427,2.029,2.0626,2.0541,2.0859,0.0213,0.1067,0.0645,LOW
VM_011,1378697700,2.0,2.0945,2.0699,2.0446,2.0567,2.0431,2.0803,2.0687,2.1021,0.0221,0.1067,0.0674,LOW
VM_011,1378698000,2.0,2.1067,2.0857,2.0595,2.0724,2.0594,2.0995,2.0849,2.1195,0.0229,0.102,0.0697,LOW
VM_011,1378698300,2.0,2.1221,2.1049,2.0778,2.0917,2.0797,2.1221,2.1047,2.1404,0.0237,0.102,0.0726,LOW
VM_011,1378698600,2.0,2.1429,2.1293,2.1011,2.1165,2.1058,2.1499,2.1299,2.1665,0.0248,0.102,0.0756,LOW
VM_011,1378698900,2.0,2.1649,2.1546,2.1252,2.1424,2.1332,2.1785,2.1561,2.1934,0.0258,0.102,0.0784,LOW
VM_011,1378699200,2.0,2.1889,2.1829,2.1524,2.1712,2.1638,2.2086,2.1849,2.2225,0.0266,0.102,0.0806,LOW
VM_011,1378699500,2.0,2.2221,2.2195,2.1878,2.2086,2.2028,2.2471,2.2222,2.2601,0.0276,0.0899,0.0816,LOW
VM_011,1378699800,2.0,2.2568,2.2585,2.2256,2.2481,2.2441,2.2863,2.2614,2.2993,0.0283,0.0822,0.0825,LOW
VM_011,1378700100,2.0,2.299,2.3043,2.2699,2.2943,2.2919,2.3317,2.3072,2.345,0.029,0.0822,0.0845,MEDIUM
VM_011,1378700400,2.0,2.3396,2.3475,2.3115,2.3379,2.3365,2.3735,2.3499,2.3881,0.0292,0.0822,0.0862,MEDIUM
VM_011,1378700700,2.0,2.3497,2.3593,2.3218,2.3494,2.3489,2.3806,2.3599,2.3969,0.0284,0.0822,0.0866,MEDIUM
VM_011,1378701000,2.0,2.4068,2.4169,2.3771,2.4062,2.4041,2.4328,2.4153,2.4511,0.0281,0.0822,0.086,MEDIUM
VM_011,1378701300,2.0,2.4439,2.4549,2.4137,2.4434,2.4409,2.465,2.4511,2.4858,0.0272,0.0822,0.0849,MEDIUM
VM_011,1378701600,5.0,2.2796,2.2558,2.1943,2.2391,2.2456,2.2561,2.2445,2.2796,0.0319,0.6131,0.1693,MEDIUM
VM_011,1378701900,2.0,2.4306,2.4029,2.3416,2.3815,2.3728,2.3847,2.3849,2.4306,0.0309,0.6131,0.1722,MEDIUM
VM_011,1378702200,2.0,2.4018,2.3666,2.3055,2.3488,2.338,2.3467,2.3489,2.4018,0.031,0.6131,0.1766,MEDIUM
VM_011,1378702500,2.0,2.4308,2.3949,2.3364,2.3758,2.3581,2.3669,2.3742,2.4308,0.0299,0.6124,0.1738,MEDIUM
VM_011,1378702800,2.0,2.4425,2.4078,2.3513,2.3879,2.3671,2.3753,2.3853,2.4425,0.0289,0.6124,0.1705,MEDIUM
VM_011,1378703100,1.7333,2.447,2.4155,2.3615,2.3952,2.3719,2.379,2.3916,2.447,0.0278,0.6171,0.1661,MEDIUM
VM_011,1378703400,1.8,2.4495,2.4199,2.3679,2.3996,2.3743,2.3817,2.3953,2.4495,0.027,0.6201,0.1625,MEDIUM
VM_011,1378703700,1.8667,2.4437,2.4166,2.3665,2.3962,2.3698,2.3768,2.3914,2.4437,0.0261,0.6217,0.1585,MEDIUM
VM_011,1378704000,8.0,1.9907,1.8465,1.7229,1.9147,1.9589,1.9563,1.9004,1.9907,0.0858,1.3544,0.3829,HIGH
VM_011,1378704300,2.0,1.9714,1.8385,1.7607,1.8918,1.9226,1.9045,1.8856,1.9714,0.0635,1.3544,0.3383,HIGH
VM_011,1378704600,2.0,2.0109,1.8825,1.8046,1.9272,1.9427,1.9305,1.9195,2.0109,0.0575,1.3544,0.3349,HIGH
VM_011,1378704900,2.0,2.008,1.9003,1.8341,1.9257,1.9285,1.9122,1.919,2.008,0.0456,1.3544,0.3095,HIGH
VM_011,1378705200,2.0,2.0429,1.9473,1.8864,1.9592,1.9504,1.9386,1.9533,2.0429,0.0399,1.3544,0.2961,HIGH
VM_011,1378705500,2.0,2.05,1.9666,1.9117,1.9692,1.9524,1.9441,1.9635,2.05,0.0357,1.3544,0.2865,HIGH
VM_011,1378705800,2.0,2.0561,1.9819,1.9318,1.9777,1.9546,1.9514,1.9724,2.0561,0.0333,1.3544,0.2793,HIGH
VM_011,1378706100,1.8,2.0552,1.9893,1.9435,1.9803,1.9529,1.9539,1.9753,2.0552,0.0314,1.3572,0.273,HIGH
VM_011,1378706400,1.9333,2.0581,1.9988,1.9561,1.9861,1.9558,1.9609,1.9816,2.0581,0.0303,1.358,0.268,HIGH
VM_011,1378706700,2.0,2.0634,2.0093,1.9688,1.994,1.9618,1.971,1.9901,2.0634,0.0295,1.358,0.2642,HIGH
VM_011,1378707000,2.0,2.0678,2.0178,1.9792,2.001,1.9678,1.9806,1.9976,2.0678,0.0288,1.358,0.261,HIGH
VM_011,1378707300,2.0,2.0715,2.0252,1.988,2.0074,1.9737,1.9898,2.0045,2.0715,0.0282,1.358,0.2581,HIGH
VM_011,1378707600,2.0,2.076,2.033,1.9969,2.0145,1.981,1.9997,2.0122,2.076,0.0275,1.358,0.2554,HIGH
VM_011,1378707900,2.0,2.0809,2.0409,2.0054,2.0222,1.9892,2.0103,2.0205,2.0809,0.0269,1.358,0.2529,HIGH
VM_011,1378708200,2.0,2.0846,2.0472,2.0123,2.0286,1.9965,2.0196,2.0275,2.0846,0.0262,1.358,0.2505,HIGH
VM_011,1378708500,2.0,2.0889,2.0545,2.02,2.0359,2.005,2.0294,2.0354,2.0889,0.0255,1.358,0.2478,HIGH
VM_011,1378708800,2.0,2.0959,2.0644,2.0301,2.046,2.0166,2.0419,2.0462,2.0959,0.0248,1.2349,0.2293,HIGH
VM_011,1378709100,2.0,2.1004,2.0709,2.0368,2.0532,2.0252,2.052,2.0541,2.1004,0.0243,1.2349,0.2271,HIGH
VM_011,1378709400,2.0,2.0996,2.0726,2.0387,2.0554,2.029,2.0564,2.0569,2.0996,0.0236,1.2349,0.2243,HIGH
VM_011,1378709700,2.0,2.1009,2.0767,2.0427,2.0597,2.0349,2.0623,2.0619,2.1009,0.0231,1.2349,0.2216,HIGH
VM_011,1378710000,2.0,2.1045,2.0828,2.0487,2.0661,2.043,2.0702,2.069,2.1045,0.0226,1.2349,0.219,HIGH
VM_011,1378710300,2.0,2.1097,2.0911,2.0566,2.0743,2.0529,2.0795,2.0779,2.1097,0.0222,1.2316,0.2158,HIGH
VM_011,1378710600,2.0,2.1183,2.1027,2.0678,2.0858,2.066,2.0916,2.0901,2.1208,0.0219,1.2293,0.2148,HIGH
VM_011,1378710900,2.0,2.1246,2.1106,2.0751,2.094,2.0753,2.1008,2.0988,2.1296,0.0219,1.2278,0.215,HIGH
VM_011,1378711200,2.0,2.1264,2.1153,2.0794,2.0984,2.0809,2.1047,2.1035,2.134,0.0215,0.0425,0.0624,LOW
VM_011,1378711500,2.0,2.1358,2.1276,2.0908,2.11,2.0934,2.1154,2.1154,2.1459,0.0213,0.0425,0.0623,LOW
VM_011,1378711800,2.0,2.1465,2.1404,2.1028,2.1223,2.1063,2.1269,2.1279,2.1585,0.0213,0.0425,0.0623,LOW
VM_011,1378712100,2.0,2.1563,2.1529,2.1145,2.134,2.1185,2.137,2.1397,2.1702,0.0211,0.0425,0.062,LOW
VM_011,1378712400,2.1333,2.1545,2.1522,2.1126,2.1331,2.1188,2.1351,2.1387,2.168,0.021,0.0517,0.063,LOW
VM_011,1378712700,1.9333,2.1675,2.1674,2.1273,2.1468,2.1313,2.145,2.152,2.182,0.0208,0.0532,0.0625,LOW
VM_011,1378713000,1.8667,2.1777,2.179,2.1381,2.1577,2.1416,2.1535,2.1626,2.1928,0.0208,0.0589,0.0629,LOW
VM_011,1378713300,1.9333,2.1844,2.188,2.1466,2.1655,2.1491,2.1583,2.1702,2.2003,0.0206,0.0453,0.0601,LOW
VM_011,1378713600,2.0,2.1972,2.2021,2.1598,2.1784,2.1612,2.1684,2.1828,2.213,0.0207,0.0436,0.0594,LOW
VM_011,1378713900,2.0,2.2072,2.2135,2.1704,2.1886,2.1706,2.1757,2.1926,2.2227,0.0207,0.0436,0.0586,LOW
VM_011,1378714200,2.0,2.217,2.2247,2.1809,2.1987,2.1798,2.1828,2.2022,2.2322,0.0208,0.0436,0.0578,LOW
VM_011,1378714500,2.2,2.2313,2.24,2.195,2.2127,2.1931,2.1942,2.2159,2.2456,0.021,0.0605,0.0595,LOW
VM_011,1378714800,2.0,2.2443,2.2547,2.2092,2.2263,2.2058,2.2045,2.229,2.2585,0.0213,0.0605,0.0588,LOW
VM_011,1378715100,2.0,2.2569,2.2681,2.222,2.239,2.2174,2.2144,2.2411,2.2704,0.0215,0.0605,0.0581,LOW
VM_011,1378715400,2.0,2.2639,2.2759,2.2293,2.2461,2.2235,2.2187,2.2476,2.2765,0.0218,0.0605,0.0572,LOW
VM_011,1378715700,2.0,2.2712,2.2845,2.2375,2.2539,2.2304,2.2236,2.2548,2.2845,0.022,0.0605,0.0572,LOW
VM_011,1378716000,2.0,2.2796,2.2937,2.2464,2.2624,2.238,2.2295,2.2628,2.2937,0.0224,0.0605,0.0578,LOW
VM_011,1378716300,2.0,2.2867,2.302,2.2544,2.2702,2.245,2.2348,2.2701,2.302,0.0227,0.0605,0.0602,LOW
VM_011,1378716600,2.0,2.2925,2.3078,2.26,2.2756,2.2494,2.2381,2.275,2.3078,0.023,0.0605,0.0622,LOW
VM_011,1378716900,2.0,2.2943,2.3106,2.2628,2.2781,2.2513,2.2383,2.2771,2.3106,0.0233,0.0605,0.0643,LOW
VM_011,1378717200,1.8,2.294,2.3113,2.2636,2.2786,2.251,2.2366,2.2771,2.3113,0.0236,0.0733,0.0677,LOW
VM_011,1378717500,2.0,2.2925,2.3096,2.2619,2.2767,2.2485,2.2332,2.2749,2.3096,0.0238,0.0733,0.069,LOW
VM_011,1378717800,2.0,2.2907,2.3088,2.2611,2.2756,2.2469,2.2303,2.2735,2.3088,0.024,0.0733,0.0707,LOW
VM_011,1378718100,2.0,2.291,2.3087,2.2608,2.2753,2.2459,2.2289,2.2731,2.3087,0.0243,0.0733,0.0717,LOW
VM_011,1378718400,2.0,2.286,2.3043,2.2566,2.2708,2.2411,2.2231,2.2683,2.3043,0.0245,0.0733,0.0729,LOW
VM_011,1378718700,2.0,2.2833,2.3011,2.2532,2.2674,2.2371,2.2189,2.2649,2.3011,0.0247,0.0733,0.0736,LOW
VM_011,1378719000,2.0,2.278,2.2974,2.2497,2.2635,2.2334,2.2138,2.2609,2.2974,0.0248,0.0733,0.0746,LOW
VM_011,1378719300,2.0,2.279,2.297,2.2489,2.2631,2.2322,2.2132,2.2605,2.297,0.025,0.0733,0.0748,LOW
VM_011,1378719600,2.0,2.2658,2.284,2.2363,2.2502,2.2193,2.1997,2.2475,2.284,0.0249,0.0671,0.0744,LOW
VM_011,1378719900,2.0,2.2601,2.278,2.2301,2.244,2.2127,2.1932,2.2414,2.278,0.025,0.0661,0.0747,LOW
VM_011,1378720200,2.0,2.2509,2.2685,2.2205,2.2344,2.2029,2.1835,2.2319,2.2685,0.0251,0.0605,0.0741,LOW
VM_011,1378720500,2.0,2.2425,2.2598,2.2118,2.2256,2.1939,2.1747,2.2232,2.2598,0.0251,0.059,0.074,LOW
VM_011,1378720800,2.0,2.2328,2.2495,2.2014,2.2151,2.1833,2.1645,2.213,2.2495,0.0251,0.059,0.0739,LOW
VM_011,1378721100,2.0,2.2211,2.2366,2.1883,2.2021,2.1699,2.1519,2.2002,2.2366,0.0251,0.059,0.0737,LOW
VM_011,1378721400,2.0,2.2064,2.2213,2.1729,2.1866,2.1543,2.1368,2.1849,2.2213,0.025,0.059,0.0735,LOW
VM_011,1378721700,2.0,2.1955,2.2097,2.161,2.1746,2.1421,2.1254,2.1732,2.2097,0.025,0.0408,0.0711,LOW
VM_011,1378722000,2.0,2.1846,2.1985,2.1496,2.163,2.1306,2.1145,2.1621,2.1985,0.025,0.0408,0.0709,LOW
VM_011,1378722300,2.0,2.1753,2.1878,2.1384,2.1519,2.1191,2.1043,2.1513,2.1878,0.025,0.0408,0.0705,LOW
VM_011,1378722600,2.0,2.1614,2.1732,2.1234,2.1369,2.104,2.0901,2.1366,2.1732,0.025,0.0408,0.0701,LOW
VM_011,1378722900,2.0,2.1501,2.1607,2.1104,2.1239,2.0906,2.078,2.124,2.1607,0.025,0.0408,0.0698,LOW
VM_011,1378723200,2.0,2.1372,2.147,2.0961,2.1095,2.0761,2.0646,2.1101,2.147,0.025,0.0408,0.0695,LOW
VM_011,1378723500,2.0,2.1279,2.1371,2.0856,2.0989,2.0655,2.055,2.1,2.1371,0.0251,0.0408,0.0694,LOW
VM_011,1378723800,2.0,2.1212,2.1296,2.0773,2.0906,2.0571,2.0478,2.0922,2.1296,0.0252,0.0408,0.0691,LOW
VM_011,1378724100,2.0,2.1136,2.1212,2.0682,2.0816,2.048,2.0399,2.0836,2.1212,0.0253,0.0408,0.0687,LOW
VM_011,1378724400,2.0,2.1063,2.1131,2.0594,2.0729,2.0391,2.0322,2.0753,2.1131,0.0254,0.0,0.0632,LOW
VM_011,1378724700,1.8667,2.0959,2.1023,2.048,2.0615,2.0278,2.0218,2.0643,2.1023,0.0254,0.0272,0.0663,LOW
VM_011,1378725000,2.0,2.089,2.0943,2.0392,2.0529,2.019,2.0144,2.0561,2.0943,0.0256,0.0272,0.0659,LOW
VM_011,1378725300,2.0,2.0797,2.0837,2.0279,2.0417,2.0075,2.0043,2.0452,2.0837,0.0257,0.0272,0.0655,LOW
VM_011,1378725600,3.5333,2.1376,2.1399,2.0789,2.0935,2.0624,2.0611,2.1002,2.1399,0.0268,0.3153,0.1019,MEDIUM
VM_011,1378725900,2.0,2.1476,2.1523,2.0911,2.1064,2.0756,2.0729,2.1124,2.1523,0.0266,0.3153,0.1025,MEDIUM
VM_011,1378726200,2.0,2.161,2.1643,2.1021,2.1183,2.0868,2.0856,2.1244,2.1643,0.027,0.3153,0.1019,MEDIUM
VM_011,1378726500,2.4,2.1702,2.1718,2.1086,2.1256,2.0941,2.0943,2.132,2.1718,0.0271,0.3226,0.102,MEDIUM
VM_011,1378726800,4.3333,2.3189,2.3151,2.2411,2.2594,2.2317,2.2388,2.272,2.3189,0.0305,0.5619,0.1402,MEDIUM
VM_011,1378727100,2.0,2.2528,2.256,2.1891,2.2077,2.1807,2.179,2.2152,2.256,0.0274,0.5619,0.1334,MEDIUM
VM_011,1378727400,1.8,2.28,2.28,2.211,2.2309,2.2011,2.2035,2.2386,2.28,0.0283,0.566,0.1342,MEDIUM
VM_011,1378727700,2.0,2.2488,2.2489,2.1821,2.2025,2.1736,2.1749,2.2093,2.2489,0.0273,0.566,0.1321,MEDIUM
VM_011,1378728000,2.0,2.2372,2.2359,2.1694,2.1901,2.1608,2.1634,2.197,2.2372,0.0273,0.566,0.1323,MEDIUM
VM_011,1378728300,2.0,2.2183,2.2162,2.1505,2.1714,2.1425,2.1457,2.1784,2.2183,0.027,0.566,0.1318,MEDIUM
VM_011,1378728600,2.0,2.2023,2.1988,2.1335,2.1546,2.1255,2.13,2.1616,2.2023,0.0269,0.566,0.1326,MEDIUM
VM_011,1378728900,2.0,2.1842,2.1801,2.1152,2.1364,2.1077,2.1129,2.1437,2.1842,0.0267,0.566,0.1323,MEDIUM
VM_011,1378729200,2.0,2.1715,2.1667,2.1019,2.1233,2.0951,2.1011,2.131,2.1715,0.0266,0.566,0.1323,MEDIUM
VM_011,1378729500,1.9333,2.1564,2.1505,2.0861,2.1075,2.0794,2.0865,2.1154,2.1564,0.0265,0.567,0.1329,MEDIUM
VM_011,1378729800,2.0,2.1405,2.134,2.0698,2.0913,2.0635,2.0714,2.0994,2.1405,0.0264,0.567,0.133,MEDIUM
VM_011,1378730100,2.0,2.1308,2.1241,2.0597,2.0814,2.0543,2.0627,2.09,2.1308,0.0264,0.567,0.1324,MEDIUM
VM_011,1378730400,2.0,2.1247,2.1175,2.053,2.075,2.0484,2.0576,2.084,2.1247,0.0265,0.567,0.1324,MEDIUM
VM_011,1378730700,1.9333,2.1164,2.1089,2.0445,2.0667,2.0406,2.0504,2.076,2.1164,0.0264,0.568,0.132,MEDIUM
VM_011,1378731000,2.0,2.1094,2.1014,2.037,2.0596,2.0339,2.0443,2.0691,2.1094,0.0264,0.568,0.1318,MEDIUM
VM_011,1378731300,2.0,2.1052,2.0974,2.0328,2.0558,2.0309,2.0415,2.0657,2.1052,0.0264,0.568,0.1309,MEDIUM
VM_011,1378731600,2.0,2.1041,2.0958,2.0311,2.0545,2.03,2.0413,2.0647,2.1041,0.0264,0.568,0.1308,MEDIUM
VM_011,1378731900,2.0,2.1012,2.0928,2.028,2.052,2.0279,2.0396,2.0624,2.1012,0.0264,0.5657,0.1298,MEDIUM
VM_011,1378732200,2.0,2.0997,2.0909,2.0261,2.0506,2.0269,2.039,2.0611,2.0997,0.0264,0.5657,0.13,MEDIUM
VM_011,1378732500,2.0,2.0985,2.0895,2.0246,2.0496,2.0263,2.0388,2.0602,2.0985,0.0264,0.5657,0.1302,MEDIUM
VM_011,1378732800,2.2,2.1051,2.0963,2.031,2.0566,2.0343,2.0468,2.0676,2.1051,0.0265,0.4851,0.1201,MEDIUM
VM_011,1378733100,2.0,2.1128,2.1041,2.0385,2.065,2.0434,2.0561,2.0762,2.1128,0.0266,0.4851,0.1203,MEDIUM
VM_011,1378733400,2.0,2.1179,2.1092,2.0436,2.0709,2.0499,2.0628,2.0822,2.1195,0.0266,0.4851,0.1215,MEDIUM
VM_011,1378733700,2.0,2.122,2.1132,2.0477,2.0757,2.0552,2.0684,2.0871,2.125,0.0266,0.4815,0.1222,MEDIUM
VM_011,1378734000,2.0,2.1256,2.1166,2.0512,2.0801,2.06,2.0733,2.0914,2.1299,0.0266,0.0619,0.0694,LOW
VM_011,1378734300,2.0,2.1288,2.1196,2.0543,2.0839,2.0641,2.0777,2.0951,2.1342,0.0266,0.0619,0.0703,LOW
VM_011,1378734600,2.0,2.1311,2.1216,2.0565,2.0868,2.0672,2.081,2.0979,2.1373,0.0266,0.046,0.069,LOW
VM_011,1378734900,2.0667,2.1351,2.1251,2.06,2.0909,2.0715,2.0858,2.102,2.1418,0.0266,0.0478,0.07,LOW
VM_011,1378735200,2.0667,2.1396,2.1302,2.0651,2.0966,2.0782,2.0921,2.1078,2.1484,0.0266,0.0494,0.0713,LOW
VM_011,1378735500,2.0,2.1466,2.1364,2.0714,2.1036,2.0851,2.0997,2.1148,2.1557,0.0268,0.0494,0.0722,LOW
VM_011,1378735800,2.0,2.1467,2.1365,2.0719,2.1047,2.0866,2.1011,2.1157,2.1569,0.0266,0.0494,0.0726,LOW
VM_011,1378736100,2.0,2.1494,2.1387,2.0744,2.1077,2.0896,2.1046,2.1185,2.16,0.0266,0.0494,0.0732,LOW
VM_011,1378736400,2.0,2.1496,2.1387,2.0747,2.1085,2.0906,2.1058,2.1192,2.1609,0.0266,0.0494,0.0736,LOW
VM_011,1378736700,2.0,2.1502,2.139,2.0752,2.1094,2.0915,2.1071,2.12,2.1618,0.0266,0.0468,0.0736,LOW
VM_011,1378737000,2.0,2.148,2.1366,2.0733,2.1079,2.0901,2.1057,2.1183,2.1602,0.0265,0.0468,0.0739,LOW
VM_011,1378737300,2.0,2.151,2.1391,2.0757,2.1109,2.0931,2.1094,2.1213,2.1635,0.0265,0.0468,0.0745,LOW
VM_011,1378737600,2.0,2.1505,2.1388,2.0758,2.1113,2.094,2.1102,2.1217,2.1642,0.0265,0.0468,0.075,LOW
VM_011,1378737900,2.0,2.1536,2.1418,2.079,2.1149,2.098,2.1144,2.1253,2.1682,0.0266,0.0439,0.0753,LOW
VM_011,1378738200,2.0,2.1555,2.1438,2.0813,2.1178,2.1012,2.1177,2.1282,2.1714,0.0266,0.0439,0.076,LOW
VM_011,1378738500,2.0,2.1594,2.148,2.0858,2.1228,2.1068,2.1233,2.1332,2.177,0.0267,0.0439,0.0768,LOW
VM_011,1378738800,2.0,2.1627,2.1507,2.0888,2.1263,2.1102,2.1273,2.1366,2.1804,0.0267,0.0439,0.0772,LOW
VM_011,1378739100,2.0,2.1619,2.15,2.0885,2.1265,2.1105,2.1276,2.1365,2.1804,0.0266,0.0439,0.0774,LOW
VM_011,1378739400,2.0,2.1639,2.1522,2.0909,2.1294,2.1136,2.1308,2.1393,2.1835,0.0267,0.0439,0.0779,LOW
VM_011,1378739700,2.0,2.1673,2.1553,2.0942,2.1333,2.1176,2.1351,2.1431,2.1875,0.0268,0.0439,0.0785,LOW
VM_011,1378740000,2.0,2.1695,2.1579,2.0971,2.1366,2.1215,2.1388,2.1464,2.1911,0.0268,0.0188,0.0759,LOW
VM_011,1378740300,2.0,2.1737,2.1618,2.1013,2.1414,2.1262,2.1439,2.151,2.1958,0.0269,0.0188,0.0762,LOW
VM_011,1378740600,2.0,2.1747,2.1626,2.1023,2.1429,2.1276,2.1455,2.1523,2.197,0.0269,0.0188,0.0763,LOW
VM_011,1378740900,2.0,2.1756,2.1634,2.1034,2.1444,2.1292,2.1471,2.1536,2.1983,0.0268,0.0188,0.0765,LOW
VM_011,1378741200,2.0,2.1772,2.1648,2.1051,2.1466,2.1313,2.1494,2.1556,2.2003,0.0269,0.0188,0.0768,LOW
VM_011,1378741500,2.0,2.178,2.1654,2.1059,2.1477,2.1323,2.1507,2.1565,2.2012,0.0269,0.0188,0.0768,LOW
VM_011,1378741800,2.0,2.1765,2.1636,2.1044,2.1466,2.1312,2.1497,2.1552,2.1997,0.0268,0.0188,0.0769,LOW
VM_011,1378742100,2.0,2.1768,2.1638,2.1048,2.1473,2.1318,2.1504,2.1557,2.2002,0.0268,0.0136,0.0762,LOW
VM_011,1378742400,2.0,2.1774,2.1641,2.1053,2.1481,2.1324,2.1512,2.1563,2.2007,0.0268,0.0,0.0745,LOW
VM_011,1378742700,2.0,2.1767,2.1631,2.1045,2.1476,2.1315,2.1506,2.1555,2.1996,0.0267,0.0,0.0742,LOW
VM_011,1378743000,2.0,2.1743,2.1601,2.1019,2.1451,2.1284,2.1479,2.1527,2.1963,0.0266,0.0,0.0737,LOW
VM_011,1378743300,2.0,2.1723,2.1583,2.1002,2.1435,2.1269,2.1463,2.151,2.1944,0.0265,0.0,0.0736,LOW
VM_011,1378743600,2.0,2.1736,2.1598,2.1019,2.1454,2.1289,2.1484,2.1529,2.1964,0.0266,0.0,0.0738,LOW
VM_011,1378743900,2.0,2.1758,2.1617,2.1039,2.1476,2.1309,2.1508,2.1551,2.1984,0.0266,0.0,0.0737,LOW
VM_011,1378744200,2.0,2.1757,2.1617,2.1043,2.1481,2.1314,2.1513,2.1554,2.1985,0.0265,0.0,0.0736,LOW
VM_011,1378744500,2.0,2.1778,2.1638,2.1065,2.1506,2.1338,2.1538,2.1578,2.2008,0.0266,0.0,0.0736,LOW
VM_011,1378744800,2.0,2.1801,2.1664,2.1093,2.1537,2.137,2.157,2.1607,2.2038,0.0266,0.0,0.0737,LOW
VM_011,1378745100,2.0,2.1836,2.1694,2.1124,2.157,2.1398,2.1603,2.1638,2.2065,0.0266,0.0,0.0735,LOW
VM_011,1378745400,2.0,2.1827,2.1686,2.1118,2.1566,2.1392,2.1596,2.1631,2.2054,0.0265,0.0,0.0731,LOW
VM_011,1378745700,2.0,2.185,2.1708,2.1141,2.1591,2.1415,2.1621,2.1655,2.2076,0.0265,0.0,0.073,LOW
VM_011,1378746000,2.0,2.1848,2.1702,2.1137,2.159,2.1414,2.1621,2.1652,2.2072,0.0265,0.0,0.0729,LOW
VM_011,1378746300,2.0,2.1855,2.1704,2.114,2.1594,2.1409,2.1618,2.1652,2.2064,0.0264,0.0,0.0721,LOW
VM_011,1378746600,2.0,2.1856,2.1704,2.1141,2.1594,2.1407,2.1617,2.1651,2.2059,0.0263,0.0,0.0717,LOW
VM_011,1378746900,2.0,2.1866,2.1712,2.115,2.1603,2.1411,2.1623,2.1658,2.2061,0.0262,0.0,0.0711,LOW
VM_011,1378747200,2.0,2.1876,2.1719,2.1159,2.1612,2.1415,2.163,2.1664,2.2062,0.0261,0.0,0.0706,LOW
VM_011,1378747500,2.0,2.188,2.172,2.1161,2.1613,2.1411,2.1628,2.1663,2.2055,0.0259,0.0,0.0699,LOW
VM_011,1378747800,2.0,2.1876,2.1713,2.1156,2.1607,2.1399,2.1619,2.1654,2.2041,0.0258,0.0,0.0691,LOW
VM_011,1378748100,2.0,2.1885,2.1726,2.117,2.1619,2.141,2.163,2.1666,2.205,0.0257,0.0,0.0687,LOW
VM_011,1378748400,2.0,2.1919,2.1756,2.1201,2.165,2.1434,2.1659,2.1694,2.2074,0.0257,0.0,0.0681,LOW
VM_011,1378748700,2.0,2.1928,2.1766,2.1213,2.166,2.1441,2.1667,2.1702,2.2076,0.0256,0.0,0.0674,LOW
VM_011,1378749000,2.0,2.1954,2.179,2.1237,2.1683,2.1458,2.1687,2.1723,2.2092,0.0255,0.0,0.0668,LOW
VM_011,1378749300,2.0,2.1961,2.1792,2.124,2.1685,2.1452,2.1686,2.1722,2.2083,0.0253,0.0,0.0658,LOW
VM_011,1378749600,2.0,2.1953,2.1779,2.1228,2.1671,2.1427,2.1666,2.1704,2.2056,0.0252,0.0,0.0647,LOW
VM_011,1378749900,2.0,2.1949,2.1776,2.1226,2.1665,2.1418,2.1659,2.1697,2.2044,0.025,0.0,0.0639,LOW
VM_011,1378750200,5.2,2.1678,2.125,2.0527,2.1132,2.1179,2.1365,2.1265,2.176,0.0365,0.6532,0.1801,MEDIUM
VM_011,1378750500,2.0,2.2775,2.2282,2.1494,2.2131,2.2001,2.2175,2.2208,2.2775,0.0371,0.6532,0.1838,MEDIUM
VM_011,1378750800,2.0,2.2686,2.2129,2.1352,2.201,2.1899,2.2052,2.2075,2.2686,0.0376,0.6532,0.188,MEDIUM
VM_011,1378751100,2.0,2.2844,2.2289,2.1536,2.2161,2.1955,2.2089,2.2185,2.2844,0.0357,0.6532,0.186,MEDIUM
VM_011,1378751400,2.0,2.3003,2.245,2.1723,2.2315,2.2054,2.2203,2.2321,2.3003,0.0345,0.6532,0.1837,MEDIUM
VM_011,1378751700,2.0,2.2968,2.2435,2.1743,2.2294,2.1985,2.2146,2.2282,2.2968,0.0329,0.6532,0.1795,MEDIUM
VM_011,1378752000,2.0,2.295,2.2445,2.1778,2.2289,2.1949,2.2129,2.227,2.295,0.0317,0.6532,0.1753,MEDIUM
VM_011,1378752300,2.0,2.2919,2.2443,2.1801,2.2273,2.191,2.2113,2.2251,2.2919,0.0306,0.6532,0.1711,MEDIUM
VM_011,1378752600,2.0,2.2851,2.2403,2.1785,2.2222,2.1842,2.2069,2.2199,2.2851,0.0297,0.6532,0.1671,MEDIUM
VM_011,1378752900,2.0,2.2798,2.238,2.1781,2.2188,2.1797,2.2048,2.2167,2.2798,0.0289,0.6532,0.1632,MEDIUM
VM_011,1378753200,2.0,2.2753,2.2364,2.1783,2.2162,2.1767,2.2041,2.2145,2.2753,0.0281,0.6532,0.1608,MEDIUM
VM_011,1378753500,2.0,2.271,2.2345,2.1778,2.2135,2.1736,2.2036,2.2123,2.271,0.0275,0.6532,0.1599,MEDIUM
VM_011,1378753800,2.0,2.2654,2.2315,2.1763,2.2101,2.1704,2.2024,2.2093,2.2654,0.0269,0.6532,0.158,MEDIUM
VM_011,1378754100,2.0,2.2638,2.232,2.1779,2.2102,2.1708,2.2051,2.21,2.2638,0.0264,0.6532,0.1564,MEDIUM
VM_011,1378754400,2.0,2.2617,2.232,2.1788,2.2101,2.1712,2.2075,2.2104,2.2617,0.026,0.6532,0.1545,MEDIUM
VM_011,1378754700,2.0,2.2617,2.2339,2.1815,2.2121,2.1741,2.2121,2.213,2.2617,0.0257,0.6532,0.1522,MEDIUM
VM_011,1378755000,2.0,2.2636,2.2375,2.1857,2.2158,2.1787,2.2184,2.2173,2.2636,0.0254,0.6532,0.1501,MEDIUM
VM_011,1378755300,2.0,2.2667,2.2423,2.191,2.221,2.185,2.226,2.2231,2.2667,0.0252,0.6532,0.1476,MEDIUM
VM_011,1378755600,2.0,2.2721,2.249,2.1978,2.2281,2.1929,2.2353,2.2305,2.2721,0.0251,0.6532,0.1456,MEDIUM
VM_011,1378755900,2.0,2.2773,2.2555,2.2046,2.2353,2.2011,2.2444,2.238,2.2773,0.0251,0.6532,0.1433,MEDIUM
VM_011,1378756200,2.0,2.2857,2.2654,2.2145,2.2458,2.2131,2.257,2.249,2.2857,0.025,0.6532,0.1405,MEDIUM
VM_011,1378756500,2.0,2.2975,2.2784,2.2274,2.2596,2.228,2.2725,2.2631,2.2975,0.0251,0.6532,0.139,MEDIUM
VM_011,1378756800,1.6,2.295,2.2776,2.2273,2.2604,2.2295,2.2738,2.2636,2.2962,0.0249,0.6618,0.1389,MEDIUM
VM_011,1378757100,2.0,2.3044,2.2875,2.2371,2.2711,2.2411,2.2855,2.2745,2.3077,0.025,0.6618,0.1401,MEDIUM
VM_011,1378757400,2.0,2.3154,2.2987,2.2479,2.2831,2.2534,2.2979,2.2864,2.3198,0.0252,0.0816,0.0666,LOW
VM_011,1378757700,2.0,2.3257,2.3096,2.2584,2.2946,2.2655,2.3096,2.2979,2.3314,0.0253,0.0816,0.0674,LOW
VM_011,1378758000,2.0,2.3385,2.3223,2.2706,2.308,2.279,2.3228,2.311,2.3443,0.0254,0.0816,0.0681,LOW
VM_011,1378758300,2.0,2.3498,2.3342,2.2821,2.3205,2.2917,2.3346,2.3232,2.3562,0.0254,0.0816,0.0684,LOW
VM_011,1378758600,2.0,2.3648,2.3499,2.2974,2.3368,2.3085,2.3502,2.3393,2.3721,0.0255,0.0816,0.0688,LOW
VM_011,1378758900,2.0,2.3607,2.3441,2.2904,2.3319,2.3063,2.3461,2.3347,2.3681,0.0259,0.0816,0.0712,LOW
VM_011,1378759200,2.0,2.3795,2.3628,2.3081,2.3503,2.3229,2.3607,2.3522,2.3841,0.0259,0.0816,0.0698,LOW
VM_011,1378759500,2.0,2.398,2.3806,2.3253,2.3682,2.3399,2.3766,2.3695,2.3999,0.0259,0.0816,0.0687,LOW
VM_011,1378759800,2.0,2.4106,2.3927,2.3373,2.3806,2.3512,2.3862,2.3811,2.4106,0.0257,0.0816,0.0678,LOW
VM_011,1378760100,2.0,2.4223,2.4034,2.3476,2.3913,2.3606,2.3943,2.3909,2.4223,0.0255,0.0816,0.069,LOW
VM_011,1378760400,2.0,2.4324,2.4131,2.357,2.4008,2.3687,2.401,2.3996,2.4324,0.0254,0.0816,0.0698,LOW
VM_011,1378760700,2.0,2.4431,2.4236,2.3673,2.4111,2.3778,2.4086,2.4091,2.4431,0.0252,0.0816,0.0704,LOW
VM_011,1378761000,2.0,2.4546,2.4355,2.3791,2.4226,2.3885,2.4178,2.4201,2.4546,0.0251,0.0816,0.0708,LOW
VM_011,1378761300,2.0,2.4682,2.4486,2.3918,2.4352,2.3998,2.428,2.4321,2.4682,0.0251,0.0816,0.072,LOW
VM_011,1378761600,8.0,2.428,2.238,2.0666,2.2626,2.3419,2.3132,2.2768,2.428,0.1042,1.231,0.4401,HIGH
VM_011,1378761900,2.0,2.6721,2.4349,2.2705,2.4526,2.5116,2.4885,2.4733,2.6721,0.1077,1.231,0.4715,HIGH
VM_011,1378762200,2.0,2.6846,2.452,2.2987,2.4779,2.5168,2.4852,2.4847,2.6846,0.1003,1.231,0.4593,HIGH
VM_011,1378762500,2.0,2.7114,2.5001,2.3667,2.5243,2.5321,2.4944,2.5176,2.7114,0.0873,1.231,0.4271,HIGH
VM_011,1378762800,2.0,2.7525,2.5592,2.4393,2.5823,2.5626,2.5313,2.5655,2.7525,0.0783,1.231,0.4025,HIGH
VM_011,1378763100,2.0,2.7234,2.5566,2.4536,2.5768,2.5343,2.5072,2.5511,2.7234,0.0682,1.231,0.3695,HIGH
VM_011,1378763400,2.0,2.7,2.5572,2.4679,2.5709,2.508,2.4899,2.5393,2.7,0.0606,1.231,0.3473,HIGH
VM_011,1378763700,2.0,2.6614,2.5412,2.4644,2.5474,2.4686,2.4602,2.5122,2.6614,0.0551,1.231,0.3271,HIGH
VM_011,1378764000,2.0,2.6213,2.52,2.4541,2.5186,2.4269,2.4296,2.4814,2.6213,0.0519,1.2247,0.3097,HIGH
VM_011,1378764300,2.0,2.5832,2.4978,2.4409,2.4893,2.3888,2.4025,2.4517,2.5832,0.0503,1.2247,0.3089,HIGH
VM_011,1378764600,2.0,2.5461,2.4728,2.424,2.4583,2.3511,2.3771,2.4212,2.5461,0.0498,1.2247,0.3095,HIGH
VM_011,1378764900,2.0,2.51,2.4461,2.4046,2.4263,2.3156,2.3544,2.391,2.51,0.0495,1.2247,0.309,HIGH
VM_011,1378765200,2.0,2.4752,2.4177,2.3829,2.393,2.2807,2.3336,2.3605,2.4752,0.0497,1.2247,0.309,HIGH
VM_011,1378765500,2.0,2.4386,2.3851,2.3565,2.3554,2.2436,2.3114,2.3268,2.4386,0.0502,1.2247,0.3095,HIGH
VM_011,1378765800,10.6,2.369,2.2863,2.2408,2.2187,2.1253,2.1822,2.2069,2.369,0.0647,2.0964,0.4592,HIGH
VM_011,1378766100,2.0,2.5333,2.433,2.3923,2.3491,2.2444,2.3617,2.3492,2.5333,0.0755,2.0964,0.4945,HIGH
VM_011,1378766400,2.0,2.4207,2.3179,2.2831,2.2267,2.1347,2.2656,2.2343,2.4207,0.0767,2.0964,0.4923,HIGH
VM_011,1378766700,2.0,2.4157,2.3013,2.2725,2.1916,2.1024,2.267,2.2101,2.4157,0.087,2.0964,0.5136,HIGH
VM_011,1378767000,2.0,2.3676,2.2401,2.2184,2.116,2.0365,2.2388,2.1469,2.3676,0.0964,2.0964,0.5275,HIGH
VM_011,1378767300,2.0,2.3163,2.1717,2.1571,2.0322,1.969,2.22,2.0797,2.3163,0.1084,2.0964,0.5402,HIGH
VM_011,1378767600,2.0,2.2619,2.0964,2.0875,1.9399,1.9022,2.2142,2.0098,2.2619,0.124,2.0964,0.5633,HIGH
VM_011,1378767900,2.0,2.2185,2.0269,2.0205,1.8483,1.8488,2.2396,1.9499,2.2396,0.1466,2.0964,0.6105,HIGH
VM_011,1378768200,2.0,2.2053,1.9809,1.9702,1.771,1.8267,2.3223,1.9176,2.3223,0.181,2.0964,0.669,HIGH
VM_011,1378768500,2.0,2.2404,1.9696,1.943,1.7142,1.8569,2.5017,1.9294,2.5017,0.2373,2.0964,0.669,HIGH
VM_011,1378768800,2.0,2.3434,1.9987,1.9359,1.6766,1.9754,2.8474,2.0062,2.8474,0.3381,1.7555,0.6253,HIGH
VM_011,1378769100,2.0,2.5453,2.0655,1.9274,1.6506,2.2691,3.5112,2.1906,3.5112,0.5395,1.7555,0.6253,HIGH
VM_011,1378769400,2.0,2.9039,2.1465,1.8596,1.6547,3.0016,4.8544,2.6053,4.8544,0.9847,1.7555,0.6253,HIGH
VM_011,1378769700,2.0,3.6338,2.3353,1.7816,2.1108,5.1082,7.7294,3.7713,7.7294,1.9767,1.7555,0.6253,HIGH
VM_011,1378770000,2.0,5.6056,3.6438,2.6589,4.9562,10.6083,13.0586,7.2019,13.0586,3.6576,1.7555,0.6253,HIGH
VM_011,1378770300,2.0,7.0913,4.8092,3.6163,9.3167,17.1769,17.4026,11.1737,18.4761,5.4102,1.7555,0.6253,HIGH
VM_011,1378770600,2.0,6.6345,4.6351,4.0185,12.3571,21.3852,18.3881,13.2769,22.1574,6.5382,1.7555,0.6253,HIGH
VM_011,1378770900,2.0,6.5621,5.0981,5.5219,14.9221,23.9631,18.3429,14.8797,23.9679,6.8651,1.7555,0.6253,HIGH
VM_011,1378771200,2.0,5.1309,4.6232,6.4885,15.9757,23.6503,15.9276,14.6848,23.6503,6.6688,1.7555,0.6253,HIGH
VM_011,1378771500,2.0,6.7459,7.0672,10.4231,18.1772,21.7748,12.6147,15.2734,21.7748,5.0882,1.7555,0.6253,HIGH
VM_011,1378771800,2.0,7.8323,10.0537,14.6615,18.1167,15.4839,6.7718,13.7246,19.281,3.9202,1.7555,0.6253,HIGH
VM_011,1378772100,2.0,7.9819,10.4166,15.3634,14.8863,9.9072,3.1505,10.94,17.9121,4.3374,1.7555,0.6253,HIGH
VM_011,1378772400,2.0,12.9952,15.5904,19.1182,13.0684,6.6794,3.2119,11.0108,19.1182,5.4344,1.7555,0.6253,HIGH
VM_011,1378772700,48.4,21.9448,19.1797,17.0044,8.0218,3.449,5.1664,10.0312,21.9448,6.272,9.5573,1.0,HIGH
VM_011,1378773000,52.7333,17.7791,12.5336,8.9532,3.0734,0.8185,3.7061,5.3819,17.7791,5.0653,13.7267,1.0,HIGH
VM_011,1378773300,41.0,6.682,3.2688,1.2492,0.6066,0.9024,1.6128,1.533,6.682,1.733,15.4296,1.0,HIGH
VM_011,1378773600,2.0,3.187,2.3183,1.6285,1.8399,2.0339,1.9212,1.9594,3.187,0.4252,15.4296,1.0,HIGH
VM_011,1378773900,2.0,3.5784,2.7872,2.2048,2.4353,2.544,2.3883,2.4868,3.5784,0.3727,15.4296,1.0,HIGH
VM_011,1378774200,2.0,2.8422,2.2561,1.8829,2.123,2.224,2.0613,2.1317,2.8422,0.2479,15.4296,1.0,HIGH
VM_011,1378774500,2.0,2.6394,2.1806,1.9299,2.1444,2.214,2.0519,2.129,2.6394,0.1799,15.4296,1.0,HIGH
VM_011,1378774800,2.0,2.5045,2.1347,1.9618,2.1452,2.1957,2.04,2.1205,2.5045,0.137,15.4296,1.0,HIGH
VM_011,1378775100,2.0,2.4152,2.1132,1.9898,2.1372,2.1726,2.0294,2.1113,2.4152,0.1082,15.4296,0.9321,HIGH
VM_011,1378775400,2.0,2.3504,2.0996,2.0078,2.1206,2.1442,2.0158,2.0975,2.3504,0.0889,15.4296,0.8675,HIGH
VM_011,1378775700,2.0,2.3038,2.0891,2.0175,2.1023,2.1179,2.0038,2.0834,2.3038,0.0763,15.4296,0.8342,HIGH
VM_011,1378776000,2.0,2.2663,2.078,2.0196,2.0833,2.094,1.9927,2.0689,2.2663,0.0677,15.4296,0.8136,HIGH
VM_011,1378776300,2.0,2.2345,2.0665,2.0175,2.0657,2.0734,1.984,2.0554,2.2345,0.061,15.4296,0.7956,HIGH
VM_011,1378776600,2.0,2.2082,2.057,2.015,2.0518,2.0581,1.979,2.0453,2.2082,0.0554,15.4296,0.7789,HIGH
VM_011,1378776900,2.0,2.1863,2.049,2.0127,2.0414,2.0472,1.9778,2.0381,2.1863,0.0503,15.4296,0.7628,HIGH
VM_011,1378777200,2.0,2.1669,2.0421,2.0105,2.0335,2.0396,1.9783,2.0331,2.1669,0.0455,15.4296,0.7472,HIGH
VM_011,1378777500,2.0,2.1528,2.0383,2.0107,2.0301,2.0367,1.9829,2.0321,2.1528,0.0411,15.4296,0.7326,HIGH
VM_011,1378777800,2.0,2.1398,2.0349,2.0107,2.0278,2.0352,1.9877,2.0318,2.1398,0.0372,15.4296,0.7188,HIGH
VM_011,1378778100,2.0,2.133,2.0355,2.0139,2.0303,2.0383,1.9967,2.0359,2.133,0.0339,15.4296,0.7077,HIGH
VM_011,1378778400,2.0,2.1245,2.0343,2.015,2.0309,2.0393,2.0028,2.0377,2.1245,0.0309,15.4296,0.6991,HIGH
VM_011,1378778700,2.0,2.1212,2.0369,2.0191,2.0352,2.0437,2.0119,2.043,2.1212,0.0287,15.4296,0.6921,HIGH
VM_011,1378779000,2.0,2.1187,2.04,2.0233,2.0397,2.0479,2.0201,2.0481,2.1187,0.0268,15.4296,0.6856,HIGH
VM_011,1378779300,2.0,2.1209,2.0468,2.0306,2.0474,2.055,2.0309,2.0563,2.1209,0.0254,15.4296,0.6803,HIGH
VM_011,1378779600,2.0,2.1248,2.0547,2.0385,2.0558,2.0621,2.0416,2.0648,2.1248,0.0243,15.4296,0.676,HIGH
VM_011,1378779900,2.0,2.1292,2.0629,2.0464,2.0639,2.0684,2.0513,2.0728,2.1292,0.0234,12.7848,0.6724,HIGH
VM_011,1378780200,2.0,2.1333,2.0693,2.0521,2.0698,2.0718,2.0586,2.0784,2.1333,0.0228,7.9608,0.6703,HIGH
VM_011,1378780500,2.0,2.1334,2.0732,2.0551,2.0725,2.0716,2.0616,2.0805,2.1334,0.0221,0.0,0.0677,LOW
VM_011,1378780800,2.0,2.1426,2.0839,2.0645,2.0823,2.0781,2.0723,2.0897,2.1426,0.0219,0.0,0.0672,LOW
VM_011,1378781100,2.0,2.1422,2.0862,2.0656,2.0833,2.0757,2.0736,2.0899,2.1422,0.0216,0.0,0.0659,LOW
VM_011,1378781400,2.0,2.1457,2.0921,2.0702,2.0878,2.0769,2.0787,2.0936,2.1457,0.0215,0.0,0.0652,LOW
VM_011,1378781700,2.0,2.1479,2.0967,2.0736,2.0911,2.0769,2.083,2.0962,2.1479,0.0214,0.0,0.0646,LOW
VM_011,1378782000,2.0,2.1495,2.101,2.0769,2.0941,2.0771,2.0874,2.0988,2.1495,0.0214,0.0,0.0638,LOW
VM_011,1378782300,2.0,2.1522,2.1062,2.0813,2.0983,2.0789,2.0937,2.1027,2.1522,0.0215,0.0,0.0631,LOW
VM_011,1378782600,2.0,2.1296,2.0851,2.059,2.0761,2.0551,2.0747,2.0803,2.1296,0.0217,0.0,0.0642,LOW
VM_011,1378782900,2.0,2.1373,2.0951,2.0684,2.0853,2.0617,2.0859,2.0894,2.1373,0.0221,0.0,0.0635,LOW
VM_011,1378783200,2.0,2.1393,2.0991,2.072,2.0889,2.0644,2.0939,2.0936,2.1393,0.0225,0.0,0.0628,LOW
VM_011,1378783500,2.0,2.1403,2.1031,2.0756,2.0923,2.0674,2.1018,2.0977,2.1403,0.0227,0.0,0.0615,LOW
VM_011,1378783800,2.0,2.1437,2.1088,2.0809,2.0977,2.0728,2.1127,2.104,2.1437,0.0233,0.0,0.0608,LOW
VM_011,1378784100,2.0,2.1472,2.1157,2.0874,2.1044,2.0802,2.1245,2.1117,2.1472,0.0239,0.0,0.0592,LOW
VM_011,1378784400,2.0,2.1596,2.1313,2.1024,2.1201,2.0971,2.146,2.1286,2.163,0.0248,0.0,0.0608,LOW
VM_011,1378784700,2.0,2.1746,2.1495,2.12,2.1388,2.1178,2.1708,2.1486,2.184,0.026,0.0,0.0644,LOW
VM_011,1378785000,2.0,2.1924,2.1704,2.1401,2.1606,2.1418,2.1986,2.1715,2.2077,0.0274,0.0,0.068,LOW
VM_011,1378785300,2.0,2.2131,2.1937,2.1624,2.1853,2.1691,2.2294,2.1972,2.234,0.0292,0.0,0.0716,LOW
VM_011,1378785600,2.0,2.2367,2.221,2.1888,2.2141,2.2009,2.2631,2.2267,2.2636,0.0309,0.0,0.0749,LOW
VM_011,1378785900,2.0,2.2691,2.257,2.2236,2.2519,2.242,2.3055,2.2651,2.3064,0.0329,0.0,0.0818,LOW
VM_011,1378786200,2.0,2.3025,2.2932,2.2584,2.2905,2.2839,2.3483,2.304,2.3496,0.035,0.0,0.0887,MEDIUM
VM_011,1378786500,2.0,2.3414,2.3367,2.3007,2.3361,2.3329,2.3959,2.3495,2.3993,0.0368,0.0,0.0951,MEDIUM
VM_011,1378786800,2.0,2.3866,2.3846,2.347,2.3866,2.3866,2.4485,2.3997,2.4533,0.0388,0.0,0.1014,MEDIUM
VM_011,1378787100,2.0,2.4311,2.4338,2.3948,2.4379,2.4407,2.4988,2.4499,2.5066,0.04,0.0,0.1062,MEDIUM
VM_011,1378787400,2.0,2.485,2.4912,2.4505,2.4973,2.5023,2.5564,2.5081,2.567,0.0411,0.0,0.1103,MEDIUM
VM_011,1378787700,2.0,2.5353,2.5444,2.502,2.5521,2.5586,2.6077,2.5612,2.621,0.0414,0.0,0.1125,MEDIUM
VM_011,1378788000,2.0,2.5824,2.5937,2.5495,2.6024,2.609,2.6523,2.6092,2.6682,0.0409,0.0,0.1126,MEDIUM
VM_011,1378788300,2.0,2.6314,2.6461,2.6004,2.6545,2.6603,2.696,2.6588,2.7158,0.0396,0.0,0.1107,MEDIUM
VM_011,1378788600,2.0,2.6878,2.7054,2.6579,2.7126,2.7167,2.7448,2.7143,2.7683,0.0379,0.0,0.1076,MEDIUM
VM_011,1378788900,2.0,2.7406,2.7602,2.7112,2.7657,2.7673,2.7876,2.7648,2.8145,0.0358,0.0,0.1028,MEDIUM
VM_011,1378789200,2.0,2.7871,2.8074,2.7567,2.8106,2.8086,2.8216,2.8068,2.8512,0.0335,0.0,0.0965,MEDIUM
VM_011,1378789500,2.0,2.8285,2.8503,2.7983,2.8505,2.8444,2.8495,2.8438,2.8822,0.0312,0.0,0.089,MEDIUM
VM_011,1378789800,2.0,2.8645,2.8845,2.8305,2.8815,2.8707,2.87,2.8723,2.9071,0.0295,0.0,0.0834,MEDIUM
VM_011,1378790100,2.0,2.8873,2.9076,2.8527,2.9012,2.8858,2.8781,2.8894,2.9254,0.0282,0.0,0.0808,LOW
VM_011,1378790400,10.0,2.2306,1.951,1.7215,2.1209,2.2536,2.2402,2.098,2.289,0.1838,1.633,0.6096,HIGH
VM_011,1378790700,2.0,2.1252,1.9132,1.7869,2.0284,2.1156,2.0567,2.0144,2.1457,0.1129,1.633,0.4897,HIGH
VM_011,1378791000,2.0,2.2274,2.0197,1.8911,2.1194,2.1761,2.1281,2.1035,2.2274,0.1014,1.633,0.4721,HIGH
VM_011,1378791300,2.0,2.1749,2.0096,1.9044,2.0811,2.116,2.0591,2.065,2.1749,0.0774,1.633,0.4208,HIGH
VM_011,1378791600,2.0,2.2174,2.0735,1.9773,2.1236,2.1383,2.0873,2.1082,2.2174,0.0644,1.633,0.397,HIGH
VM_011,1378791900,2.0,2.2062,2.0842,1.9994,2.1185,2.119,2.0727,2.1032,2.2062,0.0537,1.633,0.371,HIGH
VM_011,1378792200,2.0,2.2047,2.1003,2.025,2.121,2.1099,2.07,2.1066,2.2047,0.0459,1.633,0.3498,HIGH
VM_011,1378792500,2.0,2.201,2.1107,2.0435,2.1212,2.1014,2.0684,2.1077,2.201,0.0406,1.633,0.3325,HIGH
VM_011,1378792800,2.0,2.1928,2.1135,2.0533,2.1166,2.0902,2.0643,2.104,2.1928,0.0369,1.633,0.3197,HIGH
VM_011,1378793100,2.0,2.1826,2.1123,2.0579,2.1098,2.0787,2.0592,2.0981,2.1826,0.0343,1.633,0.3121,HIGH
VM_011,1378793400,2.0,2.1742,2.1109,2.0612,2.1043,2.0697,2.0561,2.0935,2.1742,0.0325,1.633,0.3062,HIGH
VM_011,1378793700,2.0,2.1679,2.1105,2.0644,2.1008,2.0638,2.0553,2.0907,2.1679,0.0312,1.633,0.3014,HIGH
VM_011,1378794000,2.0,2.1631,2.1103,2.067,2.0986,2.0598,2.0561,2.0892,2.1631,0.0303,1.633,0.2977,HIGH
VM_011,1378794300,2.0,2.1576,2.1085,2.0673,2.0954,2.0553,2.0559,2.0865,2.1576,0.0294,1.633,0.2948,HIGH
VM_011,1378794600,2.2,2.1559,2.11,2.0701,2.0957,2.0549,2.059,2.0873,2.1559,0.0289,1.6317,0.2925,HIGH
VM_011,1378794900,2.0,2.157,2.114,2.0751,2.099,2.0576,2.0649,2.0909,2.157,0.0283,1.6317,0.2905,HIGH
VM_011,1378795200,2.0,2.1559,2.1154,2.0774,2.1003,2.0586,2.0686,2.0924,2.1559,0.0277,1.6317,0.2884,HIGH
VM_011,1378795500,2.0,2.1569,2.1192,2.0817,2.104,2.0623,2.0742,2.0963,2.1569,0.027,1.6317,0.2863,HIGH
VM_011,1378795800,2.0,2.158,2.1223,2.0852,2.1073,2.0658,2.0799,2.0998,2.158,0.0265,1.6317,0.2846,HIGH
VM_011,1378796100,2.0,2.1561,2.1228,2.086,2.1081,2.067,2.0825,2.1008,2.1561,0.0258,1.6317,0.2825,HIGH
VM_011,1378796400,2.0,2.1575,2.1265,2.0898,2.1121,2.0715,2.0882,2.1051,2.1575,0.0252,1.6317,0.2804,HIGH
VM_011,1378796700,2.0,2.1591,2.1305,2.094,2.1165,2.0766,2.0943,2.1097,2.1591,0.0246,1.6317,0.2783,HIGH
VM_011,1378797000,2.0,2.1615,2.1357,2.0992,2.122,2.0829,2.1011,2.1155,2.1615,0.024,1.6317,0.2758,HIGH
VM_011,1378797300,2.0,2.1679,2.1449,2.1084,2.1315,2.0933,2.1118,2.1254,2.1679,0.0234,1.6317,0.2734,HIGH
VM_011,1378797600,2.0,2.1712,2.15,2.1135,2.1374,2.0999,2.1193,2.1316,2.1712,0.023,0.0408,0.0674,LOW
VM_011,1378797900,2.0,2.1693,2.1504,2.114,2.1384,2.1016,2.1212,2.1328,2.1693,0.0225,0.0408,0.0651,LOW
VM_011,1378798200,2.0,2.1697,2.1531,2.1165,2.1414,2.1054,2.1248,2.136,2.1697,0.0222,0.0408,0.063,LOW
VM_011,1378798500,2.0,2.1717,2.1575,2.1206,2.146,2.1106,2.1297,2.1409,2.1717,0.0219,0.0408,0.061,LOW
VM_011,1378798800,2.0,2.1737,2.1614,2.1241,2.1501,2.1154,2.1342,2.1452,2.1737,0.0217,0.0408,0.0594,LOW
VM_011,1378799100,2.0,2.1733,2.1627,2.125,2.1518,2.1175,2.1359,2.147,2.1752,0.0216,0.0408,0.0594,LOW
VM_011,1378799400,2.0,2.1738,2.1653,2.1272,2.1543,2.1204,2.1379,2.1495,2.1776,0.0214,0.0408,0.0593,LOW
VM_011,1378799700,2.0,2.1763,2.1693,2.1307,2.1583,2.1246,2.1415,2.1536,2.1816,0.0215,0.0408,0.0593,LOW
VM_011,1378800000,2.0,2.1766,2.1708,2.1315,2.1598,2.1261,2.1424,2.155,2.1828,0.0215,0.0408,0.0592,LOW
VM_011,1378800300,2.0,2.1768,2.1726,2.1328,2.1613,2.1277,2.1429,2.1566,2.184,0.0215,0.0408,0.0589,LOW
VM_011,1378800600,2.0,2.1803,2.1777,2.1373,2.1662,2.1325,2.1465,2.1613,2.1885,0.0216,0.0408,0.0588,LOW
VM_011,1378800900,2.0,2.1842,2.1827,2.1417,2.171,2.1371,2.1504,2.166,2.1931,0.0217,0.0408,0.0588,LOW
VM_011,1378801200,2.0,2.1876,2.1878,2.1463,2.1759,2.1419,2.1538,2.1707,2.1976,0.0218,0.0408,0.0586,LOW
VM_011,1378801500,2.0,2.1923,2.1931,2.151,2.1812,2.1467,2.158,2.1758,2.2025,0.022,0.0408,0.0587,LOW
VM_011,1378801800,2.0,2.1935,2.1954,2.153,2.1835,2.1487,2.1588,2.1778,2.2042,0.0221,0.0,0.0531,LOW
VM_011,1378802100,2.0,2.1954,2.198,2.1551,2.1859,2.1507,2.1599,2.18,2.2061,0.0222,0.0,0.0529,LOW
VM_011,1378802400,2.0,2.1962,2.1994,2.1561,2.1873,2.1517,2.16,2.1811,2.2069,0.0224,0.0,0.0526,LOW
VM_011,1378802700,2.0,2.1963,2.2001,2.1564,2.188,2.1519,2.1594,2.1815,2.2071,0.0225,0.0,0.0523,LOW
VM_011,1378803000,2.0,2.1991,2.2044,2.1606,2.1922,2.156,2.1622,2.1855,2.2108,0.0227,0.0,0.0521,LOW
VM_011,1378803300,2.0,2.204,2.2095,2.1654,2.1976,2.1609,2.1667,2.1907,2.2167,0.0229,0.0,0.0527,LOW
VM_011,1378803600,2.0,2.2009,2.2065,2.1623,2.195,2.158,2.1633,2.1878,2.2144,0.023,0.0,0.0531,LOW
VM_011,1378803900,2.0,2.1959,2.2013,2.1569,2.1902,2.1527,2.1577,2.1827,2.2096,0.023,0.0,0.0532,LOW
VM_011,1378804200,2.0,2.194,2.2009,2.1565,2.1898,2.1523,2.1561,2.1822,2.2099,0.0232,0.0,0.0538,LOW
VM_011,1378804500,2.0,2.1974,2.2046,2.1601,2.1939,2.1561,2.1597,2.1862,2.215,0.0234,0.0,0.0547,LOW
VM_011,1378804800,2.0,2.1952,2.2027,2.1584,2.1928,2.1549,2.1581,2.1849,2.2145,0.0236,0.0,0.0554,LOW
VM_011,1378805100,2.0,2.1899,2.1971,2.1528,2.1878,2.1497,2.153,2.1798,2.2098,0.0236,0.0,0.0557,LOW
VM_011,1378805400,2.0,2.1852,2.1932,2.149,2.1845,2.1464,2.1492,2.1763,2.207,0.0237,0.0,0.0563,LOW
VM_011,1378805700,3.8667,2.0508,2.0341,1.9817,2.0392,2.0162,2.0243,2.0327,2.0682,0.0287,0.381,0.1238,MEDIUM
VM_011,1378806000,3.1333,2.1173,2.1072,2.0552,2.1028,2.069,2.0673,2.0929,2.1198,0.0265,0.4371,0.1187,MEDIUM
VM_011,1378806300,2.0,2.1639,2.1417,2.0864,2.144,2.1091,2.1175,2.1345,2.1659,0.0297,0.4371,0.1272,MEDIUM
VM_011,1378806600,2.0,2.1313,2.115,2.0654,2.1166,2.08,2.0816,2.1049,2.1318,0.0268,0.4371,0.1186,MEDIUM
VM_011,1378806900,2.0,2.156,2.138,2.0885,2.139,2.0995,2.1053,2.1276,2.156,0.0269,0.4371,0.1185,MEDIUM
VM_011,1378807200,2.0,2.136,2.12,2.0732,2.1212,2.0816,2.087,2.1097,2.136,0.0258,0.4371,0.1148,MEDIUM
VM_011,1378807500,2.2667,2.1363,2.1212,2.0753,2.1217,2.0814,2.0884,2.1106,2.1364,0.0254,0.4372,0.1132,MEDIUM
VM_011,1378807800,2.0,2.1272,2.1133,2.069,2.1137,2.0731,2.0813,2.1029,2.1286,0.0249,0.4372,0.1118,MEDIUM
VM_011,1378808100,2.2667,2.1218,2.1085,2.0651,2.1086,2.068,2.0776,2.0984,2.1238,0.0246,0.4369,0.1109,MEDIUM
VM_011,1378808400,2.0,2.1136,2.1017,2.0592,2.1017,2.0611,2.0718,2.0918,2.1172,0.0243,0.4369,0.1101,MEDIUM
VM_011,1378808700,2.0,2.1062,2.096,2.0543,2.0958,2.0557,2.0672,2.0865,2.112,0.024,0.4369,0.1097,MEDIUM
VM_011,1378809000,2.2,2.106,2.0969,2.0555,2.0966,2.0569,2.0695,2.0879,2.1139,0.0241,0.4359,0.1098,MEDIUM
VM_011,1378809300,2.4,2.11,2.1012,2.0597,2.1009,2.0616,2.0757,2.0928,2.1193,0.0243,0.4373,0.1106,MEDIUM
VM_011,1378809600,2.2,2.1102,2.1026,2.0612,2.1022,2.0635,2.0784,2.0947,2.1226,0.0244,0.4358,0.1117,MEDIUM
VM_011,1378809900,2.2,2.1105,2.1032,2.0617,2.1029,2.0646,2.0807,2.0958,2.1253,0.0246,0.4341,0.1128,MEDIUM
VM_011,1378810200,2.1333,2.1065,2.0996,2.058,2.0994,2.0616,2.0784,2.0926,2.1236,0.0247,0.4325,0.1136,MEDIUM
VM_011,1378810500,2.1333,2.1033,2.0969,2.055,2.0965,2.0593,2.0767,2.0902,2.1227,0.0248,0.4307,0.1146,MEDIUM
VM_011,1378810800,2.1333,2.1025,2.0968,2.0546,2.0963,2.0598,2.0775,2.0905,2.1245,0.025,0.4289,0.1157,MEDIUM
VM_011,1378811100,2.2667,2.105,2.0991,2.0563,2.0984,2.0626,2.0812,2.0932,2.1288,0.0254,0.4268,0.1169,MEDIUM
VM_011,1378811400,2.2,2.1054,2.0999,2.0565,2.0989,2.0638,2.0828,2.0942,2.1311,0.0256,0.4243,0.1179,MEDIUM
VM_011,1378811700,2.3333,2.1119,2.1065,2.0623,2.1051,2.0708,2.0903,2.101,2.1395,0.026,0.4221,0.1192,MEDIUM
VM_011,1378812000,2.1333,2.1168,2.1123,2.0675,2.1106,2.0772,2.0966,2.107,2.1467,0.0263,0.4196,0.1203,MEDIUM
VM_011,1378812300,2.2667,2.1239,2.1189,2.0733,2.1171,2.0842,2.1044,2.114,2.155,0.0267,0.4164,0.1212,MEDIUM
VM_011,1378812600,2.2,2.1259,2.121,2.0748,2.1189,2.0868,2.1071,2.1162,2.1581,0.0269,0.4131,0.1217,MEDIUM
VM_011,1378812900,2.1333,2.1279,2.1231,2.0763,2.1207,2.0892,2.1097,2.1184,2.1613,0.0271,0.2329,0.0994,MEDIUM
VM_011,1378813200,2.0,2.1281,2.124,2.0767,2.1213,2.0907,2.1109,2.1194,2.1633,0.0273,0.1222,0.086,MEDIUM
VM_011,1378813500,2.0667,2.1312,2.1277,2.0799,2.1246,2.0949,2.115,2.1232,2.1682,0.0275,0.1195,0.0867,MEDIUM
VM_011,1378813800,2.0667,2.1336,2.1303,2.0819,2.1269,2.098,2.1182,2.1261,2.172,0.0278,0.1167,0.0872,MEDIUM
VM_011,1378814100,2.2,2.1384,2.1352,2.0862,2.1315,2.1033,2.1235,2.1311,2.178,0.0281,0.1126,0.0876,MEDIUM
VM_011,1378814400,2.0667,2.1409,2.1379,2.0883,2.1339,2.1065,2.1268,2.134,2.1817,0.0283,0.1093,0.088,MEDIUM
VM_011,1378814700,2.0,2.1418,2.1392,2.089,2.1348,2.1079,2.1279,2.1352,2.1834,0.0284,0.1116,0.0886,MEDIUM
VM_011,1378815000,2.1333,2.1464,2.144,2.0932,2.1392,2.1129,2.1329,2.14,2.1891,0.0286,0.1071,0.0886,MEDIUM
VM_011,1378815300,2.1333,2.1527,2.1507,2.0992,2.1453,2.1198,2.1396,2.1466,2.1964,0.0288,0.1045,0.0893,MEDIUM
VM_011,1378815600,2.2,2.1613,2.1589,2.1065,2.1531,2.128,2.1482,2.1549,2.2052,0.0291,0.0999,0.0899,MEDIUM
VM_011,1378815900,2.0,2.1632,2.1616,2.1088,2.1554,2.131,2.1507,2.1575,2.2082,0.0291,0.0999,0.0904,MEDIUM
VM_011,1378816200,2.0,2.1674,2.1664,2.113,2.1598,2.136,2.1555,2.1622,2.2135,0.0293,0.1045,0.0919,MEDIUM
VM_011,1378816500,2.0,2.1696,2.1686,2.1147,2.1618,2.1383,2.1579,2.1644,2.2162,0.0293,0.0943,0.0913,MEDIUM
VM_011,1378816800,2.0,2.1682,2.1672,2.113,2.1602,2.137,2.1565,2.163,2.215,0.0293,0.0969,0.092,MEDIUM
VM_011,1378817100,2.0,2.1681,2.1675,2.1129,2.1601,2.1373,2.1566,2.1632,2.2155,0.0293,0.0988,0.0928,MEDIUM
VM_011,1378817400,2.0,2.1678,2.1668,2.1117,2.1591,2.1364,2.1559,2.1624,2.2149,0.0293,0.1015,0.0936,MEDIUM
VM_011,1378817700,2.0,2.1631,2.1618,2.1064,2.1538,2.131,2.1506,2.1571,2.2097,0.0292,0.1039,0.094,MEDIUM
VM_011,1378818000,2.0,2.1577,2.156,2.1002,2.1475,2.1247,2.1444,2.151,2.2035,0.029,0.1059,0.0942,MEDIUM
VM_011,1378818300,2.0667,2.1561,2.1547,2.0983,2.1456,2.1231,2.1426,2.1493,2.2021,0.029,0.0999,0.0938,MEDIUM
VM_011,1378818600,2.0,2.1585,2.1578,2.1009,2.1481,2.126,2.1452,2.1522,2.2054,0.0291,0.0988,0.0943,MEDIUM
VM_011,1378818900,2.0,2.1603,2.1592,2.1019,2.1493,2.1273,2.1469,2.1537,2.207,0.0292,0.0845,0.0929,MEDIUM
VM_011,1378819200,11.1333,2.4421,2.4195,2.3389,2.3966,2.3818,2.4174,2.4126,2.4756,0.0393,1.8526,0.3445,HIGH
VM_011,1378819500,11.6667,2.7847,2.7504,2.6459,2.7077,2.7005,2.7402,2.7329,2.7995,0.0482,2.6398,0.4587,HIGH
VM_011,1378819800,5.1333,2.9808,2.9515,2.8381,2.9031,2.8952,2.9297,2.9255,2.9916,0.0499,2.6767,0.466,HIGH
VM_011,1378820100,7.0667,3.3012,3.2636,3.1315,3.2002,3.1984,3.24,3.2295,3.3044,0.0577,2.7973,0.5002,HIGH
VM_011,1378820400,9.9333,3.6011,3.5567,3.4108,3.4772,3.4808,3.5213,3.5118,3.6011,0.0638,3.1055,0.5616,HIGH
VM_011,1378820700,9.0,3.9008,3.8507,3.689,3.7571,3.7638,3.8103,3.7958,3.9008,0.0708,3.2843,0.6078,HIGH
VM_011,1378821000,6.8,4.0586,4.0111,3.8432,3.9139,3.9259,3.9687,3.9519,4.0586,0.0738,3.3187,0.6203,HIGH
VM_011,1378821300,3.8,4.0477,4.0121,3.8525,3.9264,3.9391,3.9699,3.9559,4.0477,0.0703,3.2973,0.6049,HIGH
VM_011,1378821600,3.0,4.0287,3.9975,3.8485,3.9239,3.9361,3.9653,3.9481,4.0291,0.0668,3.2784,0.5906,HIGH
VM_011,1378821900,3.2,3.9785,3.9495,3.8107,3.8864,3.9028,3.9298,3.9083,3.9893,0.0643,3.2543,0.5846,HIGH
VM_011,1378822200,3.1333,3.9271,3.9025,3.7723,3.8487,3.8651,3.8894,3.8668,3.9458,0.0613,3.2339,0.5768,HIGH
VM_011,1378822500,3.0,3.8662,3.8432,3.7228,3.7991,3.818,3.842,3.8153,3.8937,0.0589,3.2148,0.5698,HIGH
VM_011,1378822800,3.0,3.7982,3.7769,3.6653,3.7412,3.7633,3.7863,3.7563,3.8346,0.0569,3.1971,0.5634,HIGH
VM_011,1378823100,3.0,3.7369,3.7164,3.6123,3.6881,3.7139,3.7365,3.7029,3.7817,0.0556,3.173,0.5574,HIGH
VM_011,1378823400,3.2,3.6914,3.6711,3.5726,3.6487,3.6789,3.7015,3.664,3.7444,0.0554,3.1447,0.5528,HIGH
VM_011,1378823700,3.0,3.641,3.623,3.5297,3.6058,3.6414,3.6613,3.6216,3.7039,0.0553,3.1189,0.5492,HIGH
VM_011,1378824000,3.0,3.5989,3.5805,3.4923,3.5693,3.609,3.6289,3.5856,3.6696,0.0558,3.0922,0.5457,HIGH
VM_011,1378824300,3.1333,3.5577,3.5393,3.4554,3.5334,3.5771,3.596,3.5501,3.6361,0.0564,3.0622,0.5422,HIGH
VM_011,1378824600,3.0,3.5243,3.5067,3.4258,3.5052,3.5533,3.5709,3.5225,3.6109,0.0575,3.0338,0.54,HIGH
VM_011,1378824900,3.0,3.4927,3.4753,3.3975,3.4785,3.5305,3.5467,3.4962,3.5867,0.0586,3.0045,0.5376,HIGH
VM_011,1378825200,3.0,3.4632,3.446,3.3709,3.4535,3.5088,3.5238,3.4715,3.5641,0.0597,2.9743,0.5352,HIGH
VM_011,1378825500,3.1333,3.4435,3.4261,3.353,3.4376,3.4961,3.5099,3.4559,3.5508,0.061,2.9427,0.5332,HIGH
VM_011,1378825800,3.0667,3.4226,3.4054,3.3341,3.4208,3.482,3.4944,3.439,3.5361,0.0623,2.909,0.5311,HIGH
VM_011,1378826100,3.0,3.3993,3.382,3.3125,3.4014,3.4646,3.4757,3.4193,3.5182,0.0634,2.8759,0.5296,HIGH
VM_011,1378826400,3.0667,3.3788,3.3608,3.2929,3.384,3.4486,3.4586,3.4015,3.5019,0.0644,2.5469,0.49,HIGH
VM_011,1378826700,3.2667,3.3682,3.3488,3.2815,3.3752,3.4409,3.4506,3.3924,3.4947,0.0655,2.0275,0.4266,HIGH
VM_011,1378827000,3.0,3.3434,3.3243,3.2582,3.3536,3.4201,3.4278,3.3701,3.4732,0.066,2.0242,0.4277,HIGH
VM_011,1378827300,3.2,3.3349,3.315,3.2494,3.3469,3.4141,3.4209,3.3631,3.4676,0.0668,1.9164,0.4162,HIGH
VM_011,1378827600,3.1333,3.3228,3.3031,3.2382,3.3373,3.4053,3.4104,3.353,3.4587,0.0675,1.4021,0.3521,HIGH
VM_011,1378827900,3.0667,3.3119,3.2924,3.2285,3.3291,3.3976,3.401,3.3443,3.451,0.0681,0.7733,0.2729,HIGH
VM_011,1378828200,3.0,3.2987,3.2795,3.2168,3.3186,3.3872,3.3889,3.3331,3.4405,0.0685,0.1714,0.1966,HIGH
VM_011,1378828500,3.0,3.285,3.2654,3.2038,3.307,3.375,3.3756,3.3207,3.4284,0.0688,0.0857,0.1863,MEDIUM
VM_011,1378828800,3.0,3.2672,3.2468,3.1862,3.2905,3.3571,3.3567,3.3032,3.4106,0.0686,0.0857,0.1862,MEDIUM
VM_011,1378829100,3.0,3.2509,3.2297,3.1698,3.2749,3.3399,3.3388,3.2868,3.3938,0.0683,0.0818,0.1854,MEDIUM
VM_011,1378829400,3.0667,3.238,3.2162,3.1568,3.2624,3.3259,3.3237,3.2735,3.3802,0.0679,0.0803,0.1847,MEDIUM
VM_011,1378829700,3.0667,3.2277,3.205,3.1458,3.252,3.3138,3.311,3.2625,3.3687,0.0676,0.0794,0.1842,MEDIUM
VM_011,1378830000,3.0667,3.2167,3.1928,3.1338,3.2403,3.3002,3.2968,3.2501,3.3557,0.067,0.0784,0.1833,MEDIUM
VM_011,1378830300,3.0,3.2026,3.1779,3.1191,3.2256,3.2833,3.2792,3.2347,3.3393,0.0663,0.0784,0.1819,MEDIUM
VM_011,1378830600,3.2,3.1985,3.1712,3.1118,3.2189,3.2741,3.2704,3.2274,3.3313,0.0657,0.0784,0.1814,MEDIUM
VM_011,1378830900,3.0667,3.1887,3.1615,3.1018,3.2085,3.2619,3.2569,3.2165,3.3195,0.0649,0.0773,0.1798,MEDIUM
VM_011,1378831200,3.2,3.191,3.1612,3.1007,3.2078,3.259,3.2544,3.2155,3.3179,0.0644,0.0809,0.1799,MEDIUM
VM_011,1378831500,3.0,3.1763,3.1454,3.0847,3.1915,3.24,3.2347,3.1982,3.2991,0.0633,0.0811,0.1778,MEDIUM
VM_011,1378831800,3.0,3.1672,3.1356,3.0747,3.1808,3.2268,3.2209,3.187,3.2864,0.0623,0.0811,0.1757,MEDIUM
VM_011,1378832100,3.0,3.1584,3.1253,3.0641,3.1697,3.213,3.2071,3.1753,3.2733,0.0613,0.0811,0.1737,MEDIUM
VM_011,1378832400,3.0667,3.1523,3.1178,3.0561,3.1613,3.202,3.1962,3.1664,3.2632,0.0604,0.0798,0.1719,MEDIUM
VM_011,1378832700,3.0,3.1435,3.1082,3.0462,3.1506,3.1889,3.1826,3.1552,3.2505,0.0594,0.0798,0.1697,MEDIUM
VM_011,1378833000,3.0,3.1376,3.1013,3.0388,3.1426,3.1785,3.1721,3.1468,3.2407,0.0585,0.0809,0.168,MEDIUM
VM_011,1378833300,3.0,3.1286,3.0902,3.0273,3.1306,3.1634,3.1574,3.1341,3.2263,0.0574,0.0809,0.1657,MEDIUM
VM_011,1378833600,3.0,3.1186,3.0792,3.0156,3.1182,3.1482,3.1422,3.1211,3.2115,0.0563,0.0818,0.1635,MEDIUM
VM_011,1378833900,3.0,3.1121,3.0716,3.0073,3.1092,3.1366,3.1307,3.1117,3.2005,0.0553,0.0694,0.1598,MEDIUM
VM_011,1378834200,3.4,3.125,3.081,3.0146,3.1168,3.1419,3.137,3.1193,3.2074,0.0549,0.0992,0.1632,MEDIUM
VM_011,1378834500,3.0667,3.1199,3.0755,3.008,3.1097,3.1328,3.1272,3.1116,3.1983,0.0542,0.0949,0.1607,MEDIUM
VM_011,1378834800,3.2667,3.1347,3.089,3.0199,3.1215,3.1433,3.1376,3.1235,3.2098,0.054,0.1031,0.1615,MEDIUM
VM_011,1378835100,3.2,3.1446,3.0984,3.028,3.1296,3.1502,3.1437,3.1313,3.2171,0.0537,0.1067,0.1613,MEDIUM
VM_011,1378835400,3.0,3.1431,3.0961,3.0252,3.1267,3.145,3.1382,3.1276,3.2118,0.053,0.1067,0.1593,MEDIUM
VM_011,1378835700,3.0,3.1376,3.0897,3.0183,3.1194,3.1352,3.1284,3.1194,3.2018,0.0521,0.1067,0.157,MEDIUM
VM_011,1378836000,3.0,3.1309,3.0825,3.0108,3.1112,3.1248,3.1177,3.1106,3.1911,0.0512,0.1067,0.1545,MEDIUM
VM_011,1378836300,2.9333,3.1225,3.0743,3.0025,3.1019,3.1132,3.1059,3.1006,3.1793,0.0503,0.1095,0.1521,MEDIUM
VM_011,1378836600,3.0,3.1171,3.0682,2.9961,3.0947,3.1039,3.0968,3.093,3.1699,0.0495,0.1103,0.1499,MEDIUM
VM_011,1378836900,3.0,3.1135,3.066,2.9937,3.0912,3.0993,3.0914,3.0893,3.165,0.0489,0.1111,0.148,MEDIUM
VM_011,1378837200,3.0,3.1193,3.0733,3.0008,3.0975,3.105,3.0964,3.0957,3.1709,0.0486,0.1117,0.1471,MEDIUM
VM_011,1378837500,3.0,3.1236,3.0777,3.0049,3.1015,3.1077,3.099,3.0993,3.1735,0.0484,0.1117,0.146,MEDIUM
VM_011,1378837800,3.0,3.1232,3.0773,3.004,3.1005,3.1052,3.0963,3.0977,3.1708,0.0479,0.1081,0.1441,MEDIUM
VM_011,1378838100,3.0,3.1212,3.075,3.0014,3.0976,3.1005,3.0915,3.0942,3.1658,0.0474,0.1085,0.1423,MEDIUM
VM_011,1378838400,3.0,3.1183,3.0715,2.9974,3.0933,3.0944,3.0853,3.0893,3.1593,0.0468,0.1039,0.1397,MEDIUM
VM_011,1378838700,3.2,3.1247,3.0768,3.0015,3.0973,3.0969,3.0881,3.0931,3.162,0.0465,0.1085,0.1392,MEDIUM
VM_011,1378839000,2.9333,3.1169,3.0693,2.9937,3.0888,3.0868,3.0776,3.084,3.1511,0.0458,0.1106,0.137,MEDIUM
VM_011,1378839300,3.0,3.1161,3.0689,2.993,3.0874,3.0841,3.0748,3.0823,3.1481,0.0454,0.1106,0.1353,MEDIUM
VM_011,1378839600,3.0,3.1153,3.068,2.9917,3.0855,3.0807,3.0715,3.08,3.1444,0.0449,0.1109,0.1334,MEDIUM
VM_011,1378839900,3.1333,3.1181,3.0699,2.9928,3.0862,3.08,3.0711,3.0805,3.1435,0.0445,0.112,0.132,MEDIUM
VM_011,1378840200,3.0667,3.1179,3.0701,2.9925,3.0853,3.078,3.0688,3.0793,3.1411,0.0442,0.1116,0.1303,MEDIUM
VM_011,1378840500,2.9333,3.1135,3.0657,2.9879,3.08,3.0711,3.0621,3.0735,3.1336,0.0436,0.1137,0.1284,MEDIUM
VM_011,1378840800,3.1333,3.1169,3.069,2.9906,3.0822,3.0722,3.0632,3.0755,3.1345,0.0434,0.1146,0.1271,MEDIUM
VM_011,1378841100,3.0,3.1159,3.0683,2.9897,3.0805,3.0694,3.0604,3.0736,3.1313,0.043,0.1146,0.1252,MEDIUM
VM_011,1378841400,3.0,3.1129,3.0649,2.9861,3.0763,3.0637,3.055,3.0689,3.1251,0.0425,0.0879,0.1198,MEDIUM
VM_011,1378841700,3.0,3.108,3.0601,2.9812,3.0706,3.0567,3.0481,3.0629,3.1176,0.042,0.0879,0.1179,MEDIUM
VM_011,1378842000,3.0,3.1059,3.0589,2.98,3.0685,3.0537,3.0449,3.0606,3.1141,0.0416,0.0727,0.1146,MEDIUM
VM_011,1378842300,3.0,3.107,3.0602,2.9811,3.0688,3.053,3.0445,3.0607,3.1131,0.0413,0.0621,0.1119,MEDIUM
VM_011,1378842600,3.0667,3.1088,3.0618,2.9824,3.0696,3.0529,3.0446,3.0613,3.1127,0.0411,0.0629,0.1109,MEDIUM
VM_011,1378842900,3.0,3.11,3.0641,2.9847,3.0712,3.054,3.0453,3.0627,3.1134,0.0409,0.0629,0.1102,MEDIUM
VM_011,1378843200,2.9333,3.1105,3.0645,2.9849,3.0711,3.0526,3.0443,3.0622,3.1115,0.0406,0.0651,0.1089,MEDIUM
VM_011,1378843500,3.0,3.1089,3.0631,2.9835,3.0691,3.0496,3.0413,3.0598,3.1089,0.0402,0.0629,0.108,MEDIUM
VM_011,1378843800,3.0,3.1093,3.063,2.9832,3.0682,3.0476,3.0396,3.0587,3.1093,0.04,0.0629,0.1086,MEDIUM
VM_011,1378844100,3.0,3.1085,3.0624,2.9825,3.0669,3.0455,3.0376,3.0571,3.1085,0.0397,0.0629,0.1088,MEDIUM
VM_011,1378844400,3.0,3.1099,3.0638,2.9837,3.0675,3.0451,3.0374,3.0575,3.1099,0.0395,0.0629,0.1092,MEDIUM
VM_011,1378844700,2.8667,3.1059,3.061,2.9813,3.0643,3.0413,3.0332,3.054,3.1059,0.0391,0.07,0.1092,MEDIUM
VM_011,1378845000,3.0667,3.1136,3.0679,2.9878,3.0704,3.0465,3.0389,3.06,3.1136,0.0391,0.0708,0.1104,MEDIUM
VM_011,1378845300,3.0,3.1147,3.0694,2.9891,3.0712,3.0468,3.0391,3.0606,3.1147,0.0389,0.0708,0.1106,MEDIUM
VM_011,1378845600,3.0,3.1205,3.0755,2.995,3.0767,3.0518,3.044,3.0659,3.1205,0.0388,0.0708,0.1109,MEDIUM
VM_011,1378845900,3.0,3.126,3.081,3.0002,3.0816,3.056,3.0482,3.0706,3.126,0.0387,0.0587,0.1099,MEDIUM
VM_011,1378846200,3.0,3.1329,3.0888,3.0078,3.089,3.0634,3.0551,3.0779,3.1329,0.0387,0.0567,0.1096,MEDIUM
VM_011,1378846500,3.0,3.1427,3.0982,3.0168,3.0979,3.0716,3.0634,3.0865,3.1427,0.0388,0.0567,0.1104,MEDIUM
VM_011,1378846800,3.0,3.1473,3.1027,3.0211,3.102,3.0751,3.0666,3.0902,3.1473,0.0387,0.0567,0.1109,MEDIUM
VM_011,1378847100,3.0,3.1516,3.1062,3.0243,3.105,3.0771,3.0688,3.0929,3.1516,0.0387,0.05,0.111,MEDIUM
VM_011,1378847400,3.0,3.1548,3.1098,3.0277,3.108,3.0797,3.071,3.0956,3.1548,0.0386,0.0482,0.1109,MEDIUM
VM_011,1378847700,2.8,3.1532,3.109,3.0274,3.1071,3.078,3.069,3.0942,3.1532,0.0383,0.0619,0.1121,MEDIUM
VM_011,1378848000,11.8,3.1941,2.821,2.5225,2.9274,3.078,3.0127,2.9362,3.1941,0.1961,1.7995,0.6309,HIGH
VM_011,1378848300,3.0,3.1849,2.8308,2.6173,2.9023,3.0222,2.9347,2.9204,3.1849,0.1586,1.7995,0.6309,HIGH
VM_011,1378848600,3.0,3.2509,2.8942,2.6794,2.9729,3.064,2.9872,2.9785,3.2509,0.1548,1.7995,0.6309,HIGH
VM_011,1378848900,3.0,3.1598,2.852,2.6717,2.9234,2.9823,2.888,2.9136,3.1598,0.131,1.7995,0.6121,HIGH
VM_011,1378849200,2.8667,3.2269,2.9427,2.7761,3.0071,3.0343,2.9495,2.9887,3.2269,0.1186,1.8008,0.583,HIGH
VM_011,1378849500,3.0,3.1704,2.9255,2.7802,2.9833,2.985,2.9025,2.9555,3.1704,0.1028,1.8008,0.5357,HIGH
VM_011,1378849800,3.0,3.1507,2.9386,2.8096,2.9849,2.961,2.8895,2.9512,3.1507,0.0896,1.8013,0.4974,HIGH
VM_011,1378850100,3.0,3.1072,2.9274,2.8133,2.9604,2.9157,2.8558,2.923,3.1072,0.0782,1.8013,0.4697,HIGH
VM_011,1378850400,3.0,3.069,2.9168,2.8149,2.9352,2.8728,2.8271,2.8962,3.069,0.0697,1.8007,0.4488,HIGH
VM_011,1378850700,3.0,3.0278,2.8988,2.8071,2.9029,2.8268,2.7955,2.8639,3.0278,0.064,1.8007,0.4326,HIGH
VM_011,1378851000,3.0,2.9919,2.8814,2.7976,2.872,2.7859,2.7693,2.8343,2.9919,0.0608,1.8007,0.421,HIGH
VM_011,1378851300,3.0,2.9554,2.8597,2.7826,2.838,2.7455,2.7431,2.8029,2.9554,0.0591,1.8007,0.4128,HIGH
VM_011,1378851600,3.6,2.732,2.6189,2.5342,2.5912,2.5156,2.516,2.5634,2.732,0.0625,1.7998,0.4358,HIGH
VM_011,1378851900,3.0,2.7933,2.6881,2.6105,2.6416,2.5547,2.5735,2.619,2.7933,0.0654,1.7984,0.4363,HIGH
VM_011,1378852200,13.0,2.644,2.4882,2.3924,2.4451,2.3837,2.394,2.4282,2.644,0.0776,2.6598,0.6,HIGH
VM_011,1378852500,3.0,2.739,2.5911,2.508,2.532,2.4649,2.5128,2.5288,2.739,0.0771,2.6598,0.6,HIGH
VM_011,1378852800,3.0,2.7043,2.5556,2.4702,2.4868,2.425,2.5025,2.492,2.7043,0.0788,2.6598,0.6052,HIGH
VM_011,1378853100,3.1333,2.7009,2.5527,2.4664,2.4577,2.3956,2.4955,2.4739,2.7009,0.085,2.6582,0.6162,HIGH
VM_011,1378853400,3.0,2.6977,2.5475,2.4597,2.4254,2.3642,2.4948,2.4544,2.6977,0.093,2.6582,0.6304,HIGH
VM_011,1378853700,3.0,2.691,2.5363,2.4458,2.3856,2.3286,2.4936,2.4297,2.691,0.1025,2.6582,0.6469,HIGH
VM_011,1378854000,2.7333,2.688,2.5271,2.4332,2.3478,2.2982,2.5014,2.4086,2.688,0.1131,2.6622,0.6649,HIGH
VM_011,1378854300,2.7333,2.6973,2.5268,2.4283,2.318,2.2814,2.5288,2.3988,2.6973,0.1253,2.6662,0.6864,HIGH
VM_011,1378854600,2.6,2.7098,2.5263,2.4227,2.2891,2.2752,2.5752,2.3943,2.7098,0.1392,2.6725,0.7105,HIGH
VM_011,1378854900,2.6,2.7319,2.5297,2.4199,2.2623,2.2865,2.6554,2.4007,2.7319,0.1584,2.676,0.74,HIGH
VM_011,1378855200,2.8,2.7799,2.549,2.4293,2.2442,2.3295,2.7965,2.4311,2.7965,0.19,2.0586,0.6642,HIGH
VM_011,1378855500,2.3333,2.8419,2.5717,2.4383,2.2248,2.4037,3.0095,2.4796,3.0095,0.2418,2.0684,0.6654,HIGH
VM_011,1378855800,2.9333,3.0157,2.674,2.5084,2.2601,2.6045,3.4373,2.6318,3.4373,0.3429,2.069,0.6655,HIGH
VM_011,1378856100,3.0,3.3142,2.8508,2.6168,2.356,3.0314,4.2204,2.933,4.2204,0.5423,2.069,0.6655,HIGH
VM_011,1378856400,2.8,3.8179,3.1247,2.7517,2.6,4.0022,5.723,3.5516,5.723,0.9696,2.0697,0.6656,HIGH
VM_011,1378856700,3.0,4.689,3.5446,2.9028,3.3451,6.3415,8.6612,4.9271,8.6612,1.9121,2.0697,0.6656,HIGH
VM_011,1378857000,2.8667,6.2555,4.424,3.3696,5.6924,11.2782,13.447,7.8609,13.447,3.5529,2.0708,0.6658,HIGH
VM_011,1378857300,3.0,7.4734,5.1815,4.0414,9.6998,17.5008,17.5866,11.4979,18.6674,5.3164,2.0708,0.6658,HIGH
VM_011,1378857600,2.8,7.181,5.1667,4.6551,13.0346,22.0009,18.7465,13.8491,22.5888,6.4783,2.0726,0.666,HIGH
VM_011,1378857900,3.0,7.123,5.6395,6.1272,15.571,24.4605,18.6817,15.4163,24.4605,6.7977,2.0726,0.666,HIGH
VM_011,1378858200,3.0,6.2879,5.7817,7.6327,17.0278,24.2264,16.4607,15.5549,24.2264,6.445,2.0726,0.666,HIGH
VM_011,1378858500,6.6,9.2616,9.6487,13.1162,19.9371,21.9524,12.7417,16.6505,22.0874,4.4438,2.1754,0.6792,HIGH
VM_011,1378858800,3.2,6.9689,9.5146,14.2113,16.4922,13.0759,5.158,12.1775,18.2379,3.8724,2.176,0.6792,HIGH
VM_011,1378859100,48.9333,11.5491,10.3204,11.5708,8.5534,5.2552,3.0416,7.9379,11.6041,3.1482,9.5286,1.0,HIGH
VM_011,1378859400,51.8,13.1332,8.7975,6.9177,3.7784,2.4048,3.3285,4.9358,13.1332,3.1986,13.3879,1.0,HIGH
VM_011,1378859700,49.4286,5.4345,2.7974,1.3608,1.4916,1.9782,2.1069,1.9943,5.4345,1.1364,15.9037,1.0,HIGH
VM_011,1378860000,3.6,3.0825,2.3415,1.8205,2.1646,2.3396,2.1428,2.1847,3.0825,0.3242,15.8944,1.0,HIGH
VM_011,1378860300,3.0,3.5925,2.8684,2.4442,2.8266,2.9154,2.6886,2.7842,3.5925,0.2893,15.8966,1.0,HIGH
VM_011,1378860600,3.0,2.9693,2.4133,2.1204,2.484,2.565,2.3512,2.4234,2.9693,0.2128,15.8966,1.0,HIGH
VM_011,1378860900,2.9333,2.8279,2.3776,2.1602,2.4729,2.5262,2.3287,2.4077,2.8279,0.1686,15.8977,1.0,HIGH
VM_011,1378861200,3.0,2.6983,2.3326,2.1701,2.4276,2.4623,2.2848,2.3663,2.6983,0.1347,15.8932,1.0,HIGH
VM_011,1378861500,3.0,2.6021,2.3034,2.1804,2.383,2.4019,2.2469,2.3293,2.6021,0.1086,15.8888,0.9292,HIGH
VM_011,1378861800,3.0,2.5279,2.2794,2.1843,2.3406,2.3478,2.2142,2.2953,2.5279,0.0898,15.882,0.8683,HIGH
VM_011,1378862100,3.0,2.4679,2.2558,2.1801,2.3012,2.3014,2.1862,2.2638,2.4679,0.0766,15.8752,0.8319,HIGH
VM_011,1378862400,2.8667,2.4173,2.2335,2.1718,2.2662,2.2625,2.1632,2.236,2.4173,0.0667,15.8741,0.8047,HIGH
VM_011,1378862700,3.0,2.3784,2.216,2.1641,2.2389,2.2339,2.1481,2.2152,2.3784,0.0593,15.8625,0.7847,HIGH
VM_011,1378863000,3.0,2.3474,2.2025,2.1581,2.218,2.2129,2.1387,2.1998,2.3474,0.0533,15.8614,0.7682,HIGH
VM_011,1378863300,2.8667,2.3243,2.1941,2.1552,2.2038,2.1992,2.1348,2.1904,2.3243,0.0483,15.8636,0.7546,HIGH
VM_011,1378863600,3.0,2.3099,2.1911,2.1564,2.1968,2.1929,2.1371,2.1873,2.3099,0.0443,15.8603,0.744,HIGH
VM_011,1378863900,3.0,2.3027,2.1937,2.1618,2.1962,2.193,2.1445,2.19,2.3027,0.041,15.8603,0.735,HIGH
VM_011,1378864200,3.0,2.3007,2.1993,2.1696,2.1997,2.1967,2.1552,2.1961,2.3007,0.0383,15.858,0.7278,HIGH
VM_011,1378864500,3.0,2.3005,2.2063,2.1779,2.2048,2.2018,2.1662,2.2031,2.3005,0.0361,15.858,0.7213,HIGH
VM_011,1378864800,3.0,2.3093,2.2206,2.1927,2.2176,2.2143,2.1843,2.2175,2.3093,0.0344,15.8547,0.7166,HIGH
VM_011,1378865100,3.0,2.3219,2.2382,2.2101,2.2337,2.2297,2.2049,2.2347,2.3219,0.033,15.8547,0.7128,HIGH
VM_011,1378865400,3.0,2.339,2.2594,2.2307,2.2534,2.2484,2.2284,2.2551,2.339,0.0321,15.8547,0.71,HIGH
VM_011,1378865700,3.0,2.3603,2.284,2.254,2.2765,2.27,2.2546,2.2785,2.3603,0.0315,15.8958,0.7085,HIGH
VM_011,1378866000,3.0,2.384,2.3108,2.279,2.3015,2.2932,2.2822,2.3036,2.384,0.0311,15.899,0.7077,HIGH
VM_011,1378866300,3.0,2.4118,2.3411,2.3071,2.3299,2.3195,2.3126,2.3318,2.4118,0.0311,13.4447,0.7077,HIGH
VM_011,1378866600,2.8667,2.4362,2.3675,2.3314,2.3548,2.342,2.3392,2.3561,2.4362,0.0312,9.477,0.7082,HIGH
VM_011,1378866900,2.9333,2.46,2.3931,2.3545,2.3786,2.3633,2.3644,2.3792,2.46,0.0315,0.1355,0.1267,MEDIUM
VM_011,1378867200,3.0,2.4914,2.4272,2.3858,2.4102,2.3925,2.3968,2.4102,2.4914,0.0318,0.0468,0.1161,MEDIUM
VM_011,1378867500,3.0,2.5249,2.461,2.417,2.4425,2.4225,2.431,2.4419,2.5249,0.0326,0.0468,0.1188,MEDIUM
VM_011,1378867800,3.0,2.5456,2.4833,2.4371,2.4632,2.4412,2.4531,2.4619,2.5456,0.0331,0.0468,0.1201,MEDIUM
VM_011,1378868100,3.0,2.5776,2.5168,2.4679,2.4949,2.471,2.4865,2.4931,2.5776,0.0337,0.046,0.1218,MEDIUM
VM_011,1378868400,3.0,2.6065,2.5466,2.4955,2.5236,2.4985,2.5176,2.5214,2.6065,0.0344,0.046,0.1238,MEDIUM
VM_011,1378868700,3.0,2.6338,2.5755,2.5225,2.5514,2.5254,2.5477,2.5489,2.6338,0.0348,0.046,0.1249,MEDIUM
VM_011,1378869000,3.0,2.663,2.606,2.5512,2.5812,2.5548,2.5805,2.5785,2.663,0.0352,0.046,0.1261,MEDIUM
VM_011,1378869300,3.0,2.6919,2.6367,2.5803,2.6115,2.5851,2.614,2.6087,2.6919,0.0354,0.046,0.1269,MEDIUM
VM_011,1378869600,3.0,2.7202,2.6661,2.6083,2.641,2.6153,2.6476,2.6383,2.7202,0.0358,0.0392,0.1269,MEDIUM
VM_011,1378869900,3.0,2.7468,2.6945,2.6356,2.6699,2.6452,2.6805,2.6674,2.7468,0.0359,0.0392,0.1269,MEDIUM
VM_011,1378870200,3.0,2.7748,2.7245,2.6646,2.7005,2.6773,2.7154,2.6982,2.7748,0.036,0.0392,0.1266,MEDIUM
VM_011,1378870500,3.0,2.7989,2.7497,2.6889,2.7271,2.7059,2.7469,2.7251,2.7989,0.0363,0.0299,0.1254,MEDIUM
VM_011,1378870800,3.0,2.8254,2.7791,2.7177,2.7577,2.7387,2.7814,2.7559,2.8254,0.0363,0.0299,0.1238,MEDIUM
VM_011,1378871100,3.0,2.8584,2.8145,2.7523,2.7946,2.778,2.8226,2.7931,2.8584,0.0366,0.0299,0.1228,MEDIUM
VM_011,1378871400,3.0,2.8869,2.845,2.7822,2.8273,2.8134,2.8593,2.8258,2.8869,0.0371,0.0299,0.1217,MEDIUM
VM_011,1378871700,3.0,2.9145,2.875,2.8116,2.8595,2.8482,2.8944,2.8579,2.9145,0.0374,0.0299,0.12,MEDIUM
VM_011,1378872000,3.0,2.9441,2.907,2.843,2.8937,2.8849,2.9307,2.8918,2.9441,0.0379,0.0299,0.1184,MEDIUM
VM_011,1378872300,3.0,2.9771,2.943,2.8782,2.9318,2.9252,2.9696,2.9293,2.9771,0.0382,0.0299,0.1164,MEDIUM
VM_011,1378872600,3.0,3.014,2.983,2.9174,2.9738,2.9691,3.011,2.9704,3.014,0.0385,0.0299,0.1144,MEDIUM
VM_011,1378872900,3.0,3.051,3.0225,2.956,3.0153,3.012,3.0508,3.0108,3.051,0.0388,0.0299,0.1129,MEDIUM
VM_011,1378873200,3.0,3.0866,3.0607,2.9933,3.0553,3.0526,3.0874,3.0492,3.09,0.0389,0.0299,0.1139,MEDIUM
VM_011,1378873500,3.0,3.1235,3.1001,3.0317,3.096,3.0933,3.1232,3.0881,3.129,0.0387,0.0299,0.1141,MEDIUM
VM_011,1378873800,3.0,3.1571,3.1351,3.0656,3.1321,3.1286,3.1535,3.1222,3.1624,0.0385,0.0136,0.1113,MEDIUM
VM_011,1378874100,3.0,3.1918,3.1725,3.1021,3.1698,3.1648,3.1835,3.1577,3.1964,0.038,0.0,0.1075,MEDIUM
VM_011,1378874400,3.0,3.2296,3.2123,3.1409,3.2095,3.2026,3.2153,3.1952,3.232,0.0375,0.0,0.105,MEDIUM
VM_011,1378874700,3.0,3.2589,3.2428,3.1703,3.2398,3.2306,3.2372,3.2233,3.2589,0.0372,0.0,0.103,MEDIUM
VM_011,1378875000,3.0,3.2836,3.2676,3.1941,3.264,3.2518,3.2531,3.2453,3.2836,0.037,0.0,0.1035,MEDIUM
VM_011,1378875300,2.9333,3.3015,3.287,3.213,3.2824,3.267,3.2624,3.2616,3.3015,0.0366,0.0136,0.1042,MEDIUM
VM_011,1378875600,3.0,3.3191,3.3045,3.2298,3.2988,3.2801,3.2707,3.2762,3.3191,0.0367,0.0136,0.1047,MEDIUM
VM_011,1378875900,3.0,3.328,3.3133,3.238,3.3062,3.2845,3.2706,3.282,3.328,0.0369,0.0136,0.1049,MEDIUM
VM_011,1378876200,3.0,3.3384,3.3249,3.2495,3.3163,3.2916,3.2732,3.2907,3.3384,0.037,0.0136,0.1038,MEDIUM
VM_011,1378876500,3.0,3.3506,3.3379,3.2624,3.3281,3.3008,3.2785,3.3014,3.3506,0.0374,0.0136,0.103,MEDIUM
VM_011,1378876800,11.8,2.5269,2.1873,1.9179,2.3826,2.5356,2.5301,2.3513,2.5714,0.2169,1.7969,0.6306,HIGH
VM_011,1378877100,3.0,2.3309,2.1075,1.9621,2.2342,2.3175,2.2516,2.2042,2.3444,0.1222,1.7969,0.5291,HIGH
VM_011,1378877400,3.0,2.5157,2.2897,2.1434,2.399,2.4507,2.3988,2.3698,2.5157,0.1113,1.7969,0.5213,HIGH
VM_011,1378877700,3.0,2.4512,2.269,2.1476,2.3492,2.3809,2.3192,2.3216,2.4512,0.0872,1.7969,0.4676,HIGH
VM_011,1378878000,3.2143,2.5112,2.35,2.2373,2.4066,2.4196,2.363,2.3814,2.5112,0.0746,1.7956,0.4443,HIGH
VM_011,1378878300,2.6667,2.5082,2.3701,2.2678,2.4089,2.4088,2.3558,2.385,2.5082,0.0639,1.7999,0.4186,HIGH
VM_011,1378878600,3.0,2.5123,2.3911,2.2969,2.4153,2.4048,2.3573,2.393,2.5123,0.0565,1.7999,0.3992,HIGH
VM_011,1378878900,3.0,2.5058,2.3977,2.311,2.4112,2.3928,2.3517,2.3904,2.5058,0.0512,1.7999,0.3877,HIGH
VM_011,1378879200,3.0,2.498,2.4017,2.3215,2.4061,2.3818,2.3463,2.3868,2.498,0.0472,1.7999,0.3776,HIGH
VM_011,1378879500,3.0,2.4928,2.4054,2.3307,2.4033,2.3741,2.3447,2.3851,2.4928,0.0443,1.7999,0.3699,HIGH
VM_011,1378879800,3.0,2.4867,2.4071,2.3371,2.3999,2.3672,2.3429,2.3828,2.4867,0.0421,1.7999,0.3631,HIGH
VM_011,1378880100,3.0,2.4837,2.4103,2.3442,2.3994,2.3637,2.3446,2.3831,2.4837,0.0405,1.7999,0.3578,HIGH
VM_011,1378880400,3.0,2.4809,2.4128,2.3498,2.399,2.3612,2.3465,2.3834,2.4809,0.0392,1.7999,0.3533,HIGH
VM_011,1378880700,3.0,2.4843,2.4209,2.3601,2.4048,2.3652,2.3544,2.3897,2.4843,0.0382,1.7999,0.3496,HIGH
VM_011,1378881000,3.0,2.4964,2.4374,2.378,2.4195,2.3784,2.3708,2.4046,2.4964,0.0375,1.7999,0.3467,HIGH
VM_011,1378881300,3.0,2.5035,2.4471,2.389,2.4286,2.3865,2.3825,2.4139,2.5035,0.0368,1.7999,0.3448,HIGH
VM_011,1378881600,2.9333,2.509,2.4563,2.3991,2.437,2.3942,2.3922,2.4223,2.509,0.0361,1.8005,0.3422,HIGH
VM_011,1378881900,3.0,2.5202,2.4697,2.413,2.4501,2.4066,2.4071,2.4354,2.5202,0.0356,1.8005,0.3408,HIGH
VM_011,1378882200,3.0,2.5302,2.4823,2.4258,2.4624,2.4187,2.4207,2.4476,2.5302,0.0351,1.8005,0.3391,HIGH
VM_011,1378882500,3.2,2.549,2.5029,2.4458,2.4827,2.4387,2.4425,2.4678,2.549,0.0349,1.7986,0.3384,HIGH
VM_011,1378882800,4.2,2.3769,2.3158,2.2533,2.3047,2.2707,2.2757,2.2896,2.3769,0.0371,1.8046,0.3558,HIGH
VM_011,1378883100,5.0667,2.4044,2.3388,2.2749,2.3255,2.2838,2.2912,2.3085,2.4044,0.0396,1.8329,0.3669,HIGH
VM_011,1378883400,3.2,2.4617,2.3973,2.3363,2.385,2.3393,2.3504,2.3678,2.4617,0.0392,1.831,0.3634,HIGH
VM_011,1378883700,3.0,2.4833,2.4221,2.3622,2.4103,2.3651,2.3765,2.3934,2.4833,0.0382,1.831,0.3596,HIGH
VM_011,1378884000,3.1333,2.5111,2.4528,2.3927,2.4398,2.3946,2.4065,2.4232,2.5111,0.0378,0.4857,0.1849,MEDIUM
VM_011,1378884300,3.0,2.5386,2.4833,2.4229,2.4694,2.4246,2.4368,2.453,2.5386,0.0373,0.4857,0.1828,MEDIUM
VM_011,1378884600,2.2667,2.5468,2.4958,2.4366,2.4823,2.4381,2.4492,2.4656,2.5468,0.036,0.5176,0.1821,MEDIUM
VM_011,1378884900,2.2667,2.5511,2.5038,2.4457,2.4908,2.4472,2.4571,2.4738,2.5511,0.0348,0.5459,0.181,MEDIUM
VM_011,1378885200,2.8667,2.5416,2.4946,2.4371,2.4829,2.4403,2.4505,2.4659,2.5416,0.0343,0.547,0.1799,MEDIUM
VM_011,1378885500,2.4667,2.5488,2.506,2.4494,2.4938,2.4512,2.4595,2.4766,2.5488,0.0333,0.555,0.1763,MEDIUM
VM_011,1378885800,2.6667,2.5643,2.5236,2.4675,2.512,2.47,2.4778,2.4949,2.5643,0.0325,0.5609,0.1743,MEDIUM
VM_011,1378886100,3.0,2.5774,2.538,2.4822,2.527,2.4858,2.4934,2.5102,2.5774,0.032,0.5609,0.1725,MEDIUM
VM_011,1378886400,3.0,2.5967,2.5601,2.5042,2.549,2.5088,2.5152,2.5324,2.5967,0.0314,0.5609,0.17,MEDIUM
VM_011,1378886700,3.0,2.618,2.583,2.5271,2.5726,2.5331,2.539,2.5561,2.618,0.031,0.5609,0.1683,MEDIUM
VM_011,1378887000,3.0,2.639,2.6069,2.5509,2.5969,2.5582,2.5629,2.5803,2.639,0.0305,0.5609,0.1659,MEDIUM
VM_011,1378887300,2.5333,2.655,2.6265,2.5712,2.6173,2.5795,2.5822,2.6006,2.655,0.0297,0.5708,0.1633,MEDIUM
VM_011,1378887600,3.0,2.6723,2.6447,2.5895,2.6367,2.5995,2.6017,2.6199,2.6723,0.0294,0.5708,0.1619,MEDIUM
VM_011,1378887900,3.0,2.6888,2.6638,2.6085,2.6561,2.6198,2.6203,2.6393,2.6888,0.029,0.5708,0.1596,MEDIUM
VM_011,1378888200,2.6667,2.7022,2.6799,2.6252,2.6731,2.6374,2.6361,2.6561,2.7022,0.0285,0.5757,0.1572,MEDIUM
VM_011,1378888500,2.6667,2.71,2.6895,2.6354,2.6839,2.6488,2.646,2.6666,2.71,0.0281,0.5802,0.1552,MEDIUM
VM_011,1378888800,2.7333,2.7156,2.6972,2.6437,2.6923,2.6577,2.6533,2.675,2.7156,0.0277,0.5827,0.1529,MEDIUM
VM_011,1378889100,2.2667,2.715,2.7001,2.6479,2.6961,2.6621,2.6553,2.6786,2.715,0.027,0.6014,0.1509,MEDIUM
VM_011,1378889400,3.0,2.7301,2.7156,2.6634,2.7125,2.6789,2.6714,2.6952,2.7301,0.027,0.6014,0.1498,MEDIUM
VM_011,1378889700,2.6,2.7341,2.722,2.6706,2.7196,2.6867,2.6773,2.7023,2.7341,0.0267,0.6038,0.1471,MEDIUM
VM_011,1378890000,2.9333,2.7466,2.7353,2.6841,2.7337,2.7012,2.691,2.7166,2.7466,0.0268,0.5411,0.1377,MEDIUM
VM_011,1378890300,3.0,2.7609,2.7507,2.6995,2.7496,2.7177,2.7064,2.7327,2.7626,0.0269,0.2818,0.1046,MEDIUM
VM_011,1378890600,3.0,2.7798,2.7711,2.7197,2.7705,2.7391,2.7267,2.7537,2.7848,0.0271,0.2723,0.1045,MEDIUM
VM_011,1378890900,3.0,2.7965,2.7884,2.7368,2.7886,2.7578,2.7446,2.7719,2.8041,0.0274,0.2723,0.1058,MEDIUM
VM_011,1378891200,3.0,2.8088,2.8015,2.7498,2.8023,2.772,2.758,2.7857,2.8188,0.0276,0.2664,0.1061,MEDIUM
VM_011,1378891500,3.0,2.8248,2.8186,2.7668,2.82,2.7902,2.7751,2.8034,2.8377,0.0279,0.2664,0.1071,MEDIUM
VM_011,1378891800,2.7333,2.8324,2.8273,2.7759,2.8297,2.8004,2.7843,2.8131,2.848,0.028,0.2426,0.1047,MEDIUM
VM_011,1378892100,3.0,2.8374,2.8315,2.7801,2.8349,2.8058,2.7897,2.8183,2.8541,0.0282,0.2162,0.1022,MEDIUM
VM_011,1378892400,3.0,2.8453,2.8406,2.7891,2.8442,2.8156,2.7985,2.8278,2.8645,0.0284,0.2186,0.1032,MEDIUM
VM_011,1378892700,2.8,2.8578,2.8547,2.8034,2.859,2.8308,2.8129,2.8426,2.8803,0.0286,0.2037,0.1021,MEDIUM
VM_011,1378893000,2.2,2.8502,2.8496,2.8002,2.8558,2.8284,2.809,2.8393,2.8779,0.0286,0.2415,0.107,MEDIUM
VM_011,1378893300,2.6667,2.8476,2.8475,2.7991,2.8552,2.8285,2.8088,2.8389,2.8791,0.0287,0.2414,0.1079,MEDIUM
VM_011,1378893600,2.7333,2.8478,2.8488,2.8012,2.8577,2.8318,2.8115,2.8417,2.8834,0.029,0.2391,0.1088,MEDIUM
VM_011,1378893900,5.2,2.9162,2.9084,2.8529,2.9196,2.8995,2.8821,2.9056,2.954,0.0332,0.5426,0.1618,MEDIUM
VM_011,1378894200,2.8,2.9127,2.9133,2.8619,2.9244,2.903,2.8777,2.9081,2.9536,0.0317,0.5427,0.1557,MEDIUM
VM_011,1378894500,2.6667,2.9483,2.9475,2.8966,2.9608,2.9388,2.9154,2.9448,2.9918,0.0323,0.5395,0.1565,MEDIUM
VM_011,1378894800,3.0,2.9355,2.9357,2.8864,2.9507,2.9302,2.9049,2.9347,2.9824,0.0325,0.5395,0.1567,MEDIUM
VM_011,1378895100,3.0,2.9435,2.9433,2.8942,2.9589,2.9384,2.9138,2.9433,2.9916,0.0326,0.5395,0.157,MEDIUM
VM_011,1378895400,3.0,2.9429,2.9431,2.8944,2.9595,2.9397,2.9149,2.9441,2.9932,0.0329,0.5374,0.1573,MEDIUM
VM_011,1378895700,3.0,2.947,2.9472,2.8987,2.9643,2.945,2.9206,2.9493,2.9993,0.0332,0.535,0.1578,MEDIUM
VM_011,1378896000,2.8667,2.9419,2.9414,2.8932,2.9594,2.9405,2.9169,2.9447,2.9952,0.0333,0.5335,0.158,MEDIUM
VM_011,1378896300,3.1333,2.941,2.9395,2.8909,2.9577,2.9392,2.9166,2.9434,2.9948,0.0335,0.5152,0.1566,MEDIUM
VM_011,1378896600,3.6667,2.9691,2.9663,2.9154,2.9843,2.9672,2.9458,2.9709,3.025,0.0346,0.5344,0.163,MEDIUM
VM_011,1378896900,3.1333,2.9754,2.9735,2.9229,2.9917,2.9751,2.9528,2.9783,3.0328,0.0347,0.5281,0.1623,MEDIUM
VM_011,1378897200,2.8667,2.9823,2.9812,2.9307,2.9997,2.9835,2.9616,2.9865,3.0416,0.0349,0.5288,0.1628,MEDIUM
VM_011,1378897500,2.5333,2.9768,2.9781,2.9286,2.9974,2.9822,2.9597,2.9843,3.0397,0.035,0.538,0.1638,MEDIUM
VM_011,1378897800,3.0,2.9815,2.9819,2.9326,3.0019,2.9872,2.9658,2.9894,3.0455,0.0352,0.538,0.1645,MEDIUM
VM_011,1378898100,3.0,2.9824,2.9828,2.9333,3.0029,2.9889,2.968,2.9908,3.0474,0.0354,0.538,0.1649,MEDIUM
VM_011,1378898400,3.0,2.9858,2.9861,2.9362,3.006,2.9925,2.9724,2.9944,3.0514,0.0356,0.538,0.1654,MEDIUM
VM_011,1378898700,2.6667,2.9619,2.9617,2.912,2.9824,2.9712,2.9517,2.9716,3.0292,0.0361,0.5423,0.1672,MEDIUM
VM_011,1378899000,3.0,2.9642,2.964,2.9136,2.9836,2.9712,2.9519,2.9727,3.0295,0.0357,0.5396,0.1657,MEDIUM
VM_011,1378899300,3.0,2.971,2.9694,2.9181,2.9884,2.9758,2.9582,2.978,3.0348,0.0357,0.5396,0.1657,MEDIUM
VM_011,1378899600,3.0,2.9681,2.9662,2.9145,2.9843,2.9722,2.9551,2.9745,3.0311,0.0356,0.5396,0.1654,MEDIUM
VM_011,1378899900,3.0,2.9709,2.968,2.9155,2.9851,2.9729,2.957,2.9758,3.0321,0.0354,0.538,0.1648,MEDIUM
VM_011,1378900200,2.9333,2.9671,2.9636,2.9105,2.9795,2.9674,2.9524,2.9707,3.0265,0.0351,0.5104,0.1606,MEDIUM
VM_011,1378900500,3.0,2.9663,2.9619,2.9079,2.9764,2.9643,2.9503,2.9682,3.0234,0.0349,0.5044,0.1591,MEDIUM
VM_011,1378900800,3.0,2.97,2.9656,2.9105,2.9784,2.9665,2.9532,2.9708,3.0258,0.0347,0.5,0.1582,MEDIUM
VM_011,1378901100,3.0,2.9731,2.9678,2.9118,2.9792,2.9673,2.9551,2.9722,3.0266,0.0345,0.2062,0.12,MEDIUM
VM_011,1378901400,2.9333,2.9727,2.9673,2.9105,2.9772,2.9656,2.954,2.9708,3.0247,0.0343,0.2032,0.1189,MEDIUM
VM_011,1378901700,3.0,2.9797,2.9743,2.9165,2.9826,2.9713,2.9603,2.9768,3.0304,0.0342,0.1923,0.1172,MEDIUM
VM_011,1378902000,3.0,2.9813,2.9745,2.9159,2.9816,2.9702,2.9605,2.9764,3.0292,0.034,0.1923,0.1165,MEDIUM
VM_011,1378902300,2.7333,2.9805,2.9761,2.9171,2.9817,2.9716,2.9611,2.9772,3.0299,0.0339,0.1992,0.1172,MEDIUM
VM_011,1378902600,2.0667,2.9666,2.9646,2.9069,2.9706,2.961,2.9502,2.9661,3.0177,0.0336,0.2723,0.1248,MEDIUM
VM_011,1378902900,2.3333,2.947,2.9452,2.8889,2.9519,2.9428,2.9323,2.9477,2.9983,0.0332,0.2986,0.1266,MEDIUM
VM_012,1378604100,1.0,1.0932,1.0914,1.091,1.0827,1.0953,1.1128,1.0913,1.1128,0.0089,0.0,0.0283,LOW
VM_012,1378604400,1.0,1.0903,1.0888,1.0887,1.0796,1.092,1.1095,1.0881,1.1095,0.0088,0.0,0.0279,LOW
VM_012,1378604700,1.0,1.0873,1.0861,1.0864,1.0765,1.0887,1.1063,1.0849,1.1063,0.0087,0.0,0.0276,LOW
VM_012,1378605000,1.0,1.085,1.0838,1.0842,1.0737,1.0859,1.1035,1.0821,1.1035,0.0087,0.0,0.0274,LOW
VM_012,1378605300,1.0,1.0816,1.0808,1.0816,1.0704,1.0825,1.0999,1.0786,1.0999,0.0086,0.0,0.0271,LOW
VM_012,1378605600,1.0,1.0788,1.078,1.079,1.0671,1.0792,1.0967,1.0753,1.0967,0.0087,0.0,0.0269,LOW
VM_012,1378605900,1.0,1.0754,1.0749,1.076,1.0634,1.0756,1.0929,1.0717,1.0929,0.0087,0.0,0.0265,LOW
VM_012,1378606200,1.2,1.0752,1.0747,1.0759,1.0626,1.075,1.0923,1.071,1.0923,0.0088,0.0408,0.0318,LOW
VM_012,1378606500,1.0,1.0737,1.0734,1.0747,1.0608,1.0733,1.0905,1.0692,1.0905,0.0088,0.0408,0.0317,LOW
VM_012,1378606800,1.0,1.0717,1.0716,1.073,1.0586,1.0713,1.0884,1.0671,1.0884,0.0089,0.0408,0.0317,LOW
VM_012,1378607100,1.0,1.0699,1.0699,1.0712,1.0564,1.0693,1.0862,1.0649,1.0862,0.009,0.0408,0.0315,LOW
VM_012,1378607400,9.8,1.2264,1.2118,1.2042,1.1881,1.2065,1.2358,1.2031,1.2358,0.0155,1.795,0.2762,HIGH
VM_012,1378607700,1.0,1.3114,1.2968,1.2831,1.2703,1.2874,1.3195,1.2841,1.3195,0.0177,1.795,0.2826,HIGH
VM_012,1378608000,1.0,1.3621,1.3451,1.3282,1.3216,1.3392,1.3741,1.3339,1.3741,0.0196,1.795,0.2897,HIGH
VM_012,1378608300,1.0,1.3943,1.3756,1.3571,1.3552,1.3728,1.4092,1.366,1.4092,0.0208,1.795,0.2941,HIGH
VM_012,1378608600,1.0,1.4139,1.3931,1.3739,1.3754,1.3931,1.431,1.3852,1.431,0.0217,1.795,0.2972,HIGH
VM_012,1378608900,1.0,1.4214,1.399,1.3797,1.3836,1.4013,1.4401,1.3925,1.4401,0.0222,1.795,0.2989,HIGH
VM_012,1378609200,1.0,1.4203,1.3966,1.3777,1.383,1.4009,1.4405,1.3915,1.4405,0.0225,1.795,0.2997,HIGH
VM_012,1378609500,1.0,1.4125,1.3879,1.3696,1.3756,1.3937,1.434,1.3839,1.434,0.0226,1.795,0.2999,HIGH
VM_012,1378609800,1.0,1.4,1.3748,1.3572,1.3632,1.3819,1.4225,1.3717,1.4225,0.0226,1.795,0.2997,HIGH
VM_012,1378610100,1.0,1.3841,1.3586,1.3418,1.3473,1.3667,1.4075,1.3562,1.4075,0.0225,1.795,0.2991,HIGH
VM_012,1378610400,1.0,1.366,1.3405,1.3244,1.329,1.3494,1.3902,1.3385,1.3902,0.0224,1.795,0.2983,HIGH
VM_012,1378610700,1.0,1.3466,1.3213,1.3059,1.3094,1.3307,1.3713,1.3196,1.3713,0.0222,1.795,0.2973,HIGH
VM_012,1378611000,1.0,1.3265,1.3017,1.2869,1.2891,1.3115,1.3516,1.3002,1.3516,0.0219,1.795,0.296,HIGH
VM_012,1378611300,1.0,1.3064,1.2823,1.268,1.2688,1.2922,1.3316,1.2807,1.3316,0.0215,1.795,0.2946,HIGH
VM_012,1378611600,1.0,1.2866,1.2635,1.2497,1.249,1.2733,1.3117,1.2617,1.3117,0.0211,1.795,0.2929,HIGH
VM_012,1378611900,1.0,1.2683,1.2462,1.2329,1.2305,1.2558,1.2931,1.244,1.2931,0.0207,1.795,0.2912,HIGH
VM_012,1378612200,1.0,1.2511,1.23,1.217,1.213,1.2391,1.2752,1.2273,1.2752,0.0202,1.795,0.2893,HIGH
VM_012,1378612500,1.0,1.2345,1.2146,1.202,1.1963,1.223,1.2576,1.2113,1.2576,0.0196,1.795,0.2872,HIGH
VM_012,1378612800,1.0,1.2191,1.2004,1.1881,1.1807,1.2078,1.2408,1.1963,1.2408,0.019,1.795,0.2848,HIGH
VM_012,1378613100,1.0,1.2049,1.1873,1.1754,1.1663,1.1936,1.2249,1.1823,1.2249,0.0184,1.795,0.2823,HIGH
VM_012,1378613400,1.0,1.1918,1.1755,1.1639,1.153,1.1803,1.21,1.1695,1.21,0.0177,1.7963,0.2798,HIGH
VM_012,1378613700,1.0,1.18,1.165,1.1538,1.1411,1.1682,1.1961,1.1579,1.1961,0.017,1.7963,0.277,HIGH
VM_012,1378614000,1.0,1.1696,1.1558,1.1449,1.1305,1.1572,1.1834,1.1475,1.1834,0.0164,1.7963,0.2742,HIGH
VM_012,1378614300,1.0,1.1603,1.1476,1.1371,1.1209,1.147,1.1717,1.138,1.1717,0.0158,1.7963,0.2714,HIGH
VM_012,1378614600,1.0,1.1519,1.1402,1.13,1.1121,1.1375,1.1606,1.1294,1.1606,0.0153,0.0,0.038,LOW
VM_012,1378614900,1.0,1.1444,1.1337,1.1239,1.1043,1.1288,1.1504,1.1215,1.1504,0.0148,0.0,0.036,LOW
VM_012,1378615200,1.0,1.1376,1.1279,1.1184,1.0972,1.1206,1.1408,1.1144,1.1408,0.0144,0.0,0.0341,LOW
VM_012,1378615500,1.0,1.1319,1.1233,1.1142,1.0914,1.1137,1.1325,1.1084,1.1325,0.0142,0.0,0.0322,LOW
VM_012,1378615800,1.0,1.1276,1.1197,1.1109,1.0865,1.1076,1.1254,1.1034,1.1276,0.0141,0.0,0.0321,LOW
VM_012,1378616100,1.0,1.1235,1.1164,1.1078,1.0819,1.1018,1.1185,1.0987,1.1235,0.0141,0.0,0.0325,LOW
VM_012,1378616400,1.0,1.12,1.1135,1.1052,1.0779,1.0964,1.1122,1.0945,1.12,0.0141,0.0,0.0328,LOW
VM_012,1378616700,1.0,1.117,1.1111,1.1031,1.0744,1.0915,1.1065,1.0908,1.117,0.0143,0.0,0.034,LOW
VM_012,1378617000,1.0,1.1145,1.1092,1.1013,1.0714,1.087,1.1013,1.0876,1.1145,0.0146,0.0,0.0356,LOW
VM_012,1378617300,1.0,1.1125,1.1079,1.1003,1.0691,1.0832,1.0968,1.085,1.1125,0.015,0.0,0.0371,LOW
VM_012,1378617600,1.0,1.1115,1.1075,1.1002,1.0679,1.0804,1.0935,1.0834,1.1115,0.0154,0.0,0.0384,LOW
VM_012,1378617900,1.0,1.1116,1.1077,1.1004,1.067,1.0781,1.0909,1.0824,1.1116,0.0159,0.0,0.0403,LOW
VM_012,1378618200,1.0,1.1109,1.1076,1.1004,1.066,1.0755,1.0879,1.081,1.1109,0.0164,0.0,0.0417,LOW
VM_012,1378618500,1.0,1.1108,1.1078,1.1007,1.0654,1.0733,1.0854,1.0801,1.1108,0.0169,0.0,0.0433,LOW
VM_012,1378618800,1.0,1.1108,1.1083,1.1014,1.0651,1.0715,1.0832,1.0795,1.1108,0.0175,0.0,0.0447,LOW
VM_012,1378619100,1.0,1.1118,1.1097,1.1028,1.0657,1.0705,1.082,1.0797,1.1118,0.0181,0.0,0.0461,LOW
VM_012,1378619400,1.0,1.1133,1.1113,1.1044,1.0665,1.0698,1.0812,1.0803,1.1133,0.0187,0.0,0.0477,LOW
VM_012,1378619700,1.0,1.1147,1.1129,1.106,1.0673,1.069,1.0803,1.0808,1.1147,0.0193,0.0,0.0492,LOW
VM_012,1378620000,1.0,1.116,1.1144,1.1075,1.0681,1.0682,1.0795,1.0812,1.116,0.02,0.0,0.0507,LOW
VM_012,1378620300,1.0,1.1175,1.1161,1.1091,1.0691,1.0677,1.0788,1.0819,1.1175,0.0206,0.0,0.0522,LOW
VM_012,1378620600,1.0,1.1192,1.1179,1.1109,1.0702,1.0672,1.0783,1.0827,1.1192,0.0213,0.0,0.0536,LOW
VM_012,1378620900,1.0,1.121,1.1198,1.1127,1.0715,1.0669,1.078,1.0836,1.121,0.0219,0.0,0.055,LOW
VM_012,1378621200,1.0,1.1229,1.1218,1.1147,1.0729,1.0668,1.0778,1.0847,1.1229,0.0226,0.0,0.0564,LOW
VM_012,1378621500,1.0,1.1249,1.1239,1.1167,1.0744,1.0667,1.0778,1.0858,1.1249,0.0232,0.0,0.0578,LOW
VM_012,1378621800,1.0,1.127,1.1261,1.1188,1.076,1.0668,1.0779,1.0871,1.127,0.0239,0.0,0.0592,LOW
VM_012,1378622100,1.0,1.1292,1.1284,1.121,1.0777,1.067,1.078,1.0885,1.1292,0.0245,0.0,0.0605,LOW
VM_012,1378622400,1.0,1.1311,1.1305,1.123,1.0794,1.0671,1.078,1.0897,1.1311,0.0251,0.0,0.0617,LOW
VM_012,1378622700,1.0,1.1336,1.1334,1.1259,1.0818,1.0682,1.0789,1.0917,1.1336,0.0257,0.0,0.0626,LOW
VM_012,1378623000,1.0,1.1374,1.1372,1.1295,1.0851,1.07,1.0806,1.0947,1.1374,0.0263,0.0,0.064,LOW
VM_012,1378623300,1.0,1.1406,1.1404,1.1326,1.0878,1.0713,1.0819,1.0971,1.1406,0.0269,0.0,0.0652,LOW
VM_012,1378623600,1.0,1.1433,1.1433,1.1354,1.0903,1.0723,1.0827,1.0991,1.1433,0.0275,0.0,0.0663,LOW
VM_012,1378623900,1.0,1.1459,1.146,1.138,1.0926,1.0733,1.0835,1.1011,1.146,0.0281,0.0,0.0675,LOW
VM_012,1378624200,1.0,1.1486,1.1486,1.1404,1.0948,1.074,1.0842,1.1029,1.1486,0.0287,0.0,0.0688,LOW
VM_012,1378624500,1.0,1.1505,1.1506,1.1422,1.0964,1.0743,1.0843,1.1041,1.1506,0.0293,0.0,0.0699,LOW
VM_012,1378624800,1.0,1.1523,1.1524,1.1439,1.0979,1.0744,1.0843,1.1052,1.1524,0.0298,0.0,0.071,LOW
VM_012,1378625100,1.0,1.1538,1.1539,1.1453,1.0991,1.0743,1.084,1.1061,1.1539,0.0304,0.0,0.0721,LOW
VM_012,1378625400,1.0,1.155,1.1552,1.1464,1.1001,1.074,1.0836,1.1067,1.1552,0.0309,0.0,0.0731,LOW
VM_012,1378625700,1.0,1.1562,1.1563,1.1474,1.101,1.0736,1.0831,1.1072,1.1563,0.0314,0.0,0.0741,LOW
VM_012,1378626000,1.0,1.1567,1.1568,1.1478,1.1013,1.0727,1.082,1.1071,1.1568,0.0319,0.0,0.0749,LOW
VM_012,1378626300,1.0,1.1573,1.1574,1.1483,1.1017,1.072,1.0811,1.1072,1.1574,0.0323,0.0,0.0758,LOW
VM_012,1378626600,1.0,1.1578,1.1579,1.1488,1.1022,1.0713,1.0802,1.1073,1.1579,0.0327,0.0,0.0766,LOW
VM_012,1378626900,1.0,1.1583,1.1583,1.149,1.1023,1.0703,1.0792,1.1071,1.1583,0.0332,0.0,0.0774,LOW
VM_012,1378627200,1.0,1.1578,1.1579,1.1485,1.1019,1.0688,1.0775,1.1063,1.1579,0.0336,0.0,0.078,LOW
VM_012,1378627500,1.0,1.1572,1.1572,1.1477,1.1012,1.067,1.0757,1.1052,1.1572,0.0339,0.0,0.0787,LOW
VM_012,1378627800,1.0,1.1562,1.1561,1.1465,1.1001,1.065,1.0735,1.1038,1.1562,0.0343,0.0,0.0793,LOW
VM_012,1378628100,1.0,1.1548,1.1546,1.145,1.0987,1.0626,1.0711,1.1021,1.1548,0.0346,0.0,0.0799,LOW
VM_012,1378628400,1.0,1.1531,1.1528,1.1432,1.097,1.06,1.0684,1.1,1.1531,0.0349,0.0,0.0804,LOW
VM_012,1378628700,1.0,1.1511,1.1507,1.141,1.095,1.057,1.0654,1.0977,1.1511,0.0351,0.0,0.0809,LOW
VM_012,1378629000,1.0,1.1487,1.1482,1.1384,1.0927,1.0539,1.0622,1.095,1.1487,0.0353,0.0,0.0813,LOW
VM_012,1378629300,1.0,1.146,1.1453,1.1355,1.0901,1.0504,1.0587,1.0921,1.146,0.0356,0.0,0.0817,LOW
VM_012,1378629600,1.0,1.1428,1.142,1.1322,1.087,1.0465,1.0549,1.0887,1.1428,0.0357,0.0,0.0819,LOW
VM_012,1378629900,1.0,1.1395,1.1386,1.1288,1.084,1.0427,1.0511,1.0853,1.1395,0.0358,0.0,0.0821,LOW
VM_012,1378630200,1.0,1.1365,1.1353,1.1255,1.0809,1.0389,1.0474,1.082,1.1365,0.036,0.0,0.0825,LOW
VM_012,1378630500,1.0,1.1326,1.1313,1.1215,1.0773,1.0345,1.0431,1.078,1.1326,0.0361,0.0,0.0826,LOW
VM_012,1378630800,1.0,1.1286,1.1271,1.1172,1.0734,1.03,1.0387,1.0738,1.1286,0.0362,0.0,0.0828,LOW
VM_012,1378631100,1.0,1.1243,1.1226,1.1127,1.0694,1.0252,1.034,1.0694,1.1243,0.0363,0.0,0.0829,LOW
VM_012,1378631400,1.0,1.1198,1.1179,1.1081,1.0651,1.0204,1.0293,1.0649,1.1198,0.0363,0.0,0.0829,LOW
VM_012,1378631700,1.0,1.1153,1.1132,1.1035,1.061,1.0156,1.0247,1.0604,1.1153,0.0363,0.0,0.0829,LOW
VM_012,1378632000,1.0,1.1111,1.1087,1.0989,1.0568,1.0108,1.0201,1.056,1.1111,0.0364,0.0,0.0831,MEDIUM
VM_012,1378632300,1.0,1.1063,1.1036,1.0938,1.0523,1.0057,1.0152,1.0511,1.1063,0.0364,0.0,0.083,LOW
VM_012,1378632600,1.0,1.1015,1.0986,1.0888,1.0477,1.0006,1.0103,1.0463,1.1015,0.0364,0.0,0.0831,LOW
VM_012,1378632900,1.0,1.0968,1.0935,1.0837,1.0431,0.9955,1.0054,1.0415,1.0968,0.0364,0.0,0.0831,LOW
VM_012,1378633200,1.0,1.0919,1.0883,1.0785,1.0384,0.9903,1.0005,1.0365,1.0919,0.0364,0.0,0.083,LOW
VM_012,1378633500,1.0,1.0873,1.0835,1.0737,1.0341,0.9855,0.9959,1.0319,1.0873,0.0363,0.0,0.0829,LOW
VM_012,1378633800,1.0,1.0832,1.079,1.0691,1.03,0.981,0.9917,1.0277,1.0832,0.0363,0.0,0.083,LOW
VM_012,1378634100,1.0,1.079,1.0744,1.0646,1.0259,0.9765,0.9874,1.0234,1.079,0.0363,0.0,0.0829,LOW
VM_012,1378634400,1.0,1.0749,1.0701,1.0602,1.0221,0.9724,0.9835,1.0193,1.0749,0.0362,0.0,0.0828,LOW
VM_012,1378634700,1.0,1.0714,1.0663,1.0563,1.0187,0.9686,0.9799,1.0157,1.0714,0.0362,0.0,0.0828,LOW
VM_012,1378635000,1.0,1.0681,1.0626,1.0526,1.0154,0.965,0.9765,1.0123,1.0681,0.0361,0.0,0.0827,LOW
VM_012,1378635300,1.0,1.0649,1.0591,1.049,1.0123,0.9617,0.9733,1.009,1.0649,0.0361,0.0,0.0826,LOW
VM_012,1378635600,1.0,1.062,1.0559,1.0458,1.0095,0.9587,0.9705,1.0061,1.062,0.036,0.0,0.0824,LOW
VM_012,1378635900,1.0,1.0596,1.0532,1.043,1.0071,0.9561,0.9681,1.0036,1.0596,0.0359,0.0,0.0823,LOW
VM_012,1378636200,1.0,1.0574,1.0507,1.0404,1.005,0.9538,0.9659,1.0013,1.0574,0.0358,0.0,0.0822,LOW
VM_012,1378636500,1.0,1.0555,1.0485,1.0381,1.003,0.9518,0.964,0.9993,1.0555,0.0357,0.0,0.0821,LOW
VM_012,1378636800,1.0,1.0536,1.0464,1.0359,1.0013,0.9499,0.9622,0.9975,1.0536,0.0356,0.0,0.0819,LOW
VM_012,1378637100,1.0,1.052,1.0446,1.0341,0.9999,0.9487,0.9609,0.996,1.052,0.0354,0.0,0.0814,LOW
VM_012,1378637400,1.0,1.0519,1.0441,1.0333,0.9995,0.948,0.9605,0.9956,1.0519,0.0355,0.0,0.0816,LOW
VM_012,1378637700,1.0,1.0508,1.0428,1.032,0.9987,0.9473,0.9597,0.9947,1.0508,0.0352,0.0,0.0811,LOW
VM_012,1378638000,1.0,1.0504,1.0422,1.0313,0.9983,0.947,0.9594,0.9943,1.0504,0.0351,0.0,0.0809,LOW
VM_012,1378638300,1.0,1.0503,1.0417,1.0307,0.9982,0.9468,0.9593,0.9941,1.0503,0.035,0.0,0.0808,LOW
VM_012,1378638600,1.0,1.0501,1.0413,1.0303,0.9981,0.9469,0.9593,0.994,1.0501,0.0348,0.0,0.0806,LOW
VM_012,1378638900,1.0,1.0502,1.0412,1.0301,0.9984,0.9473,0.9596,0.9942,1.0502,0.0347,0.0,0.0803,LOW
VM_012,1378639200,1.0,1.0507,1.0415,1.0303,0.9989,0.9479,0.9603,0.9948,1.0507,0.0345,0.0,0.0802,LOW
VM_012,1378639500,1.0,1.0515,1.042,1.0307,0.9997,0.9487,0.9611,0.9955,1.0515,0.0344,0.0,0.0803,LOW
VM_012,1378639800,1.0,1.0519,1.0422,1.0308,1.0002,0.9495,0.9618,0.9961,1.0519,0.0342,0.0,0.08,LOW
VM_012,1378640100,1.0,1.0527,1.0428,1.0313,1.001,0.9504,0.9627,0.9969,1.0527,0.0341,0.0,0.0799,LOW
VM_012,1378640400,1.0,1.0534,1.0432,1.0317,1.0018,0.9513,0.9636,0.9977,1.0534,0.0339,0.0,0.0797,LOW
VM_012,1378640700,1.0,1.0539,1.0436,1.0321,1.0026,0.9525,0.9645,0.9985,1.0539,0.0336,0.0,0.0792,LOW
VM_012,1378641000,1.0,1.0556,1.0449,1.0333,1.0041,0.954,0.9662,1.0001,1.0556,0.0335,0.0,0.0793,LOW
VM_012,1378641300,1.0,1.0567,1.0458,1.0341,1.0053,0.9554,0.9676,1.0013,1.0567,0.0334,0.0,0.0791,LOW
VM_012,1378641600,1.0,1.0578,1.0467,1.035,1.0065,0.9568,0.9689,1.0025,1.0578,0.0332,0.0,0.0789,LOW
VM_012,1378641900,1.0,1.0589,1.0476,1.0358,1.0077,0.9582,0.9703,1.0038,1.0589,0.033,0.0,0.0787,LOW
VM_012,1378642200,1.0,1.0601,1.0485,1.0367,1.0089,0.9596,0.9717,1.005,1.0601,0.0328,0.0,0.0785,LOW
VM_012,1378642500,1.0,1.0613,1.0494,1.0376,1.0101,0.961,0.9731,1.0063,1.0613,0.0327,0.0,0.0783,LOW
VM_012,1378642800,1.0,1.0624,1.0504,1.0386,1.0113,0.9625,0.9745,1.0076,1.0624,0.0325,0.0,0.0781,LOW
VM_012,1378643100,1.0,1.0636,1.0513,1.0395,1.0126,0.9639,0.976,1.0089,1.0636,0.0323,0.0,0.0778,LOW
VM_012,1378643400,1.0,1.0648,1.0522,1.0405,1.0138,0.9654,0.9775,1.0102,1.0648,0.0321,0.0,0.0776,LOW
VM_012,1378643700,1.0,1.0659,1.0532,1.0414,1.0151,0.9668,0.979,1.0115,1.0659,0.0319,0.0,0.0774,LOW
VM_012,1378644000,1.0,1.0669,1.0539,1.0422,1.0162,0.9682,0.9803,1.0127,1.0669,0.0317,0.0,0.0771,LOW
VM_012,1378644300,1.0,1.068,1.0548,1.0431,1.0174,0.9697,0.9818,1.014,1.068,0.0315,0.0,0.0767,LOW
VM_012,1378644600,1.0,1.0695,1.056,1.0444,1.0189,0.9713,0.9836,1.0156,1.0695,0.0313,0.0,0.0766,LOW
VM_012,1378644900,1.0,1.0704,1.0569,1.0453,1.0201,0.9729,0.9851,1.0169,1.0704,0.0311,0.0,0.0761,LOW
VM_012,1378645200,1.0,1.0716,1.0579,1.0464,1.0215,0.9745,0.9868,1.0183,1.0716,0.0309,0.0,0.0758,LOW
VM_012,1378645500,1.0,1.073,1.0591,1.0476,1.023,0.9761,0.9885,1.0199,1.073,0.0307,0.0,0.0756,LOW
VM_012,1378645800,1.0,1.0741,1.06,1.0486,1.0243,0.9776,0.9901,1.0212,1.0741,0.0305,0.0,0.0753,LOW
VM_012,1378646100,1.0,1.0752,1.061,1.0496,1.0255,0.9791,0.9916,1.0226,1.0752,0.0303,0.0,0.075,LOW
VM_012,1378646400,1.0,1.0763,1.0619,1.0506,1.0268,0.9805,0.9931,1.0239,1.0763,0.0301,0.0,0.0747,LOW
VM_012,1378646700,1.0,1.0773,1.0628,1.0516,1.028,0.9819,0.9946,1.0252,1.0773,0.0299,0.0,0.0745,LOW
VM_012,1378647000,1.0,1.0783,1.0636,1.0526,1.0292,0.9833,0.9961,1.0265,1.0783,0.0298,0.0,0.0742,LOW
VM_012,1378647300,1.0,1.0793,1.0645,1.0535,1.0304,0.9847,0.9976,1.0277,1.0793,0.0296,0.0,0.0739,LOW
VM_012,1378647600,1.0,1.0799,1.065,1.0542,1.0314,0.9859,0.9989,1.0287,1.0799,0.0293,0.0,0.0734,LOW
VM_012,1378647900,1.0,1.0807,1.0658,1.0551,1.0326,0.9875,1.0004,1.03,1.0807,0.029,0.0,0.0727,LOW
VM_012,1378648200,1.0,1.0827,1.0675,1.0568,1.0345,0.9894,1.0026,1.032,1.0827,0.0289,0.0,0.0728,LOW
VM_012,1378648500,1.0,1.0836,1.0683,1.0578,1.0358,0.9909,1.0042,1.0333,1.0836,0.0287,0.0,0.0723,LOW
VM_012,1378648800,1.0,1.0847,1.0693,1.0589,1.0371,0.9923,1.0058,1.0347,1.0847,0.0285,0.0,0.0721,LOW
VM_012,1378649100,1.0,1.0857,1.0702,1.06,1.0384,0.9937,1.0073,1.036,1.0857,0.0283,0.0,0.0718,LOW
VM_012,1378649400,1.0,1.0867,1.0712,1.061,1.0396,0.9951,1.0088,1.0373,1.0867,0.0282,0.0,0.0715,LOW
VM_012,1378649700,1.0,1.0877,1.072,1.062,1.0408,0.9964,1.0103,1.0386,1.0877,0.028,0.0,0.0712,LOW
VM_012,1378650000,1.0,1.0886,1.0729,1.0629,1.042,0.9977,1.0117,1.0398,1.0886,0.0278,0.0,0.071,LOW
VM_012,1378650300,1.0,1.0895,1.0737,1.0639,1.0431,0.999,1.0132,1.041,1.0895,0.0276,0.0,0.0707,LOW
VM_012,1378650600,1.0,1.0904,1.0745,1.0648,1.0443,1.0002,1.0146,1.0422,1.0904,0.0275,0.0,0.0704,LOW
VM_012,1378650900,1.0,1.0913,1.0753,1.0657,1.0454,1.0014,1.016,1.0433,1.0913,0.0273,0.0,0.0701,LOW
VM_012,1378651200,1.0,1.092,1.0759,1.0665,1.0463,1.0025,1.0172,1.0443,1.092,0.0271,0.0,0.0698,LOW
VM_012,1378651500,1.0,1.0927,1.0766,1.0673,1.0473,1.0037,1.0186,1.0454,1.0927,0.0269,0.0,0.0694,LOW
VM_012,1378651800,1.0,1.0939,1.0777,1.0686,1.0488,1.0052,1.0203,1.0469,1.0939,0.0268,0.0,0.0693,LOW
VM_012,1378652100,1.0,1.0947,1.0785,1.0695,1.0499,1.0065,1.0217,1.0481,1.0947,0.0266,0.0,0.0689,LOW
VM_012,1378652400,1.0,1.0956,1.0794,1.0705,1.0511,1.0078,1.0233,1.0494,1.0956,0.0264,0.0,0.0686,LOW
VM_012,1378652700,1.0,1.0967,1.0804,1.0716,1.0524,1.0091,1.0249,1.0507,1.0967,0.0263,0.0,0.0684,LOW
VM_012,1378653000,1.0,1.0975,1.0811,1.0726,1.0535,1.0103,1.0263,1.0518,1.0975,0.0261,0.0,0.068,LOW
VM_012,1378653300,1.0,1.0985,1.0821,1.0736,1.0547,1.0116,1.0278,1.0531,1.0985,0.026,0.0,0.0679,LOW
VM_012,1378653600,1.0,1.0993,1.0829,1.0746,1.0558,1.0127,1.0292,1.0542,1.0993,0.0258,0.0,0.0676,LOW
VM_012,1378653900,1.0,1.1002,1.0837,1.0755,1.0569,1.0139,1.0306,1.0554,1.1002,0.0257,0.0,0.0674,LOW
VM_012,1378654200,1.0,1.101,1.0845,1.0764,1.058,1.015,1.032,1.0565,1.101,0.0255,0.0,0.0672,LOW
VM_012,1378654500,1.0,1.1018,1.0853,1.0773,1.0591,1.0161,1.0333,1.0576,1.1018,0.0254,0.0,0.0669,LOW
VM_012,1378654800,1.0,1.1024,1.0859,1.0781,1.06,1.017,1.0345,1.0585,1.1024,0.0252,0.0,0.0667,LOW
VM_012,1378655100,1.0,1.1029,1.0865,1.0788,1.0609,1.0181,1.0358,1.0595,1.1029,0.025,0.0,0.0662,LOW
VM_012,1378655400,1.0,1.1044,1.0879,1.0803,1.0625,1.0197,1.0378,1.0612,1.1044,0.0249,0.0,0.0661,LOW
VM_012,1378655700,1.0,1.1052,1.0888,1.0813,1.0637,1.0209,1.0393,1.0624,1.1052,0.0248,0.0,0.0659,LOW
VM_012,1378656000,1.0,1.1062,1.0897,1.0824,1.0649,1.0221,1.0407,1.0636,1.1062,0.0247,0.0,0.0657,LOW
VM_012,1378656300,1.0,1.107,1.0905,1.0834,1.066,1.0232,1.0422,1.0647,1.107,0.0245,0.0,0.0655,LOW
VM_012,1378656600,1.0,1.1079,1.0914,1.0843,1.0671,1.0243,1.0436,1.0658,1.1079,0.0244,0.0,0.0653,LOW
VM_012,1378656900,1.0,1.1087,1.0922,1.0853,1.0681,1.0253,1.045,1.0669,1.1087,0.0243,0.0,0.0651,LOW
VM_012,1378657200,1.0,1.1095,1.093,1.0862,1.0692,1.0264,1.0463,1.068,1.1095,0.0242,0.0,0.0649,LOW
VM_012,1378657500,1.0,1.1103,1.0938,1.0871,1.0702,1.0274,1.0477,1.069,1.1103,0.0241,0.0,0.0647,LOW
VM_012,1378657800,1.0,1.1109,1.0945,1.0879,1.0711,1.0284,1.049,1.07,1.1109,0.0239,0.0,0.0644,LOW
VM_012,1378658100,1.0,1.1118,1.0954,1.089,1.0723,1.0295,1.0505,1.0712,1.1118,0.0238,0.0,0.0643,LOW
VM_012,1378658400,1.0,1.1124,1.0961,1.0897,1.0732,1.0305,1.0518,1.0722,1.1124,0.0237,0.0,0.0639,LOW
VM_012,1378658700,1.0,1.1133,1.0971,1.0908,1.0745,1.0318,1.0534,1.0734,1.1133,0.0235,0.0,0.0637,LOW
VM_012,1378659000,1.0,1.1146,1.0983,1.0921,1.0759,1.0331,1.0552,1.0749,1.1146,0.0235,0.0,0.0636,LOW
VM_012,1378659300,1.0,1.1154,1.0992,1.0931,1.077,1.0343,1.0567,1.0761,1.1154,0.0233,0.0,0.0634,LOW
VM_012,1378659600,1.0,1.1163,1.1001,1.0941,1.0782,1.0354,1.0582,1.0772,1.1163,0.0232,0.0,0.0632,LOW
VM_012,1378659900,1.0,1.1172,1.101,1.0951,1.0792,1.0365,1.0597,1.0783,1.1172,0.0231,0.0,0.063,LOW
VM_012,1378660200,1.0,1.118,1.1018,1.096,1.0803,1.0376,1.0611,1.0794,1.118,0.023,0.0,0.0628,LOW
VM_012,1378660500,1.0,1.1188,1.1027,1.097,1.0813,1.0386,1.0626,1.0805,1.1188,0.0229,0.0,0.0626,LOW
VM_012,1378660800,1.0,1.1193,1.1033,1.0977,1.0822,1.0397,1.0639,1.0814,1.1193,0.0227,0.0,0.0622,LOW
VM_012,1378661100,1.0,1.1205,1.1045,1.099,1.0836,1.041,1.0657,1.0828,1.1205,0.0226,0.0,0.0621,LOW
VM_012,1378661400,1.0,1.1213,1.1053,1.0999,1.0846,1.0421,1.0672,1.0839,1.1213,0.0225,0.0,0.0618,LOW
VM_012,1378661700,1.0,1.1221,1.1062,1.1008,1.0857,1.0432,1.0687,1.085,1.1221,0.0224,0.0,0.0616,LOW
VM_012,1378662000,1.0,1.1226,1.1068,1.1015,1.0865,1.0442,1.07,1.0859,1.1226,0.0222,0.0,0.0612,LOW
VM_012,1378662300,1.0,1.1235,1.1076,1.1025,1.0877,1.0454,1.0717,1.0871,1.1235,0.022,0.0,0.0609,LOW
VM_012,1378662600,1.0,1.1243,1.1086,1.1035,1.0888,1.0467,1.0733,1.0883,1.1243,0.0219,0.0,0.0606,LOW
VM_012,1378662900,1.0,1.1252,1.1095,1.1045,1.09,1.0481,1.0751,1.0896,1.1252,0.0217,0.0,0.0602,LOW
VM_012,1378663200,1.0,1.1262,1.1105,1.1055,1.0912,1.0494,1.0768,1.0909,1.1262,0.0215,0.0,0.0599,LOW
VM_012,1378663500,1.0,1.1269,1.1112,1.1064,1.0922,1.0506,1.0784,1.0919,1.1269,0.0214,0.0,0.0595,LOW
VM_012,1378663800,1.0,1.1276,1.112,1.1071,1.0932,1.0518,1.0799,1.093,1.1276,0.0212,0.0,0.0592,LOW
VM_012,1378664100,1.0,1.1282,1.1126,1.1079,1.0941,1.053,1.0814,1.094,1.1282,0.021,0.0,0.0587,LOW
VM_012,1378664400,1.0,1.1286,1.1131,1.1084,1.0949,1.0541,1.0829,1.0949,1.1286,0.0207,0.0,0.0582,LOW
VM_012,1378664700,1.0,1.1292,1.1137,1.1092,1.0958,1.0554,1.0845,1.0959,1.1292,0.0205,0.0,0.0576,LOW
VM_012,1378665000,1.0,1.1301,1.1146,1.1101,1.0969,1.0569,1.0863,1.0971,1.1301,0.0202,0.0,0.0572,LOW
VM_012,1378665300,1.0,1.1305,1.115,1.1106,1.0977,1.0581,1.0878,1.098,1.1305,0.02,0.0,0.0565,LOW
VM_012,1378665600,1.0,1.1306,1.1153,1.1109,1.0983,1.0592,1.0892,1.0988,1.1306,0.0196,0.0,0.0558,LOW
VM_012,1378665900,1.0,1.1307,1.1156,1.1113,1.099,1.0606,1.0909,1.0997,1.1307,0.0192,0.0,0.0547,LOW
VM_012,1378666200,1.0,1.1322,1.1169,1.1127,1.1007,1.0627,1.0934,1.1015,1.1322,0.019,0.0,0.0543,LOW
VM_012,1378666500,1.0,1.1324,1.1172,1.113,1.1014,1.0641,1.0949,1.1023,1.1324,0.0186,0.0,0.0534,LOW
VM_012,1378666800,1.0,1.1328,1.1175,1.1134,1.1021,1.0654,1.0965,1.1032,1.1328,0.0182,0.0,0.0526,LOW
VM_012,1378667100,1.0,1.1328,1.1176,1.1135,1.1025,1.0667,1.0979,1.1039,1.1328,0.0178,0.0,0.0516,LOW
VM_012,1378667400,1.0,1.1327,1.1175,1.1135,1.1029,1.0678,1.0993,1.1044,1.1327,0.0174,0.0,0.0507,LOW
VM_012,1378667700,1.0,1.1325,1.1173,1.1133,1.1031,1.0689,1.1005,1.1048,1.1325,0.017,0.0,0.0497,LOW
VM_012,1378668000,1.0,1.1321,1.1169,1.113,1.1031,1.0699,1.1017,1.1052,1.1321,0.0165,0.0,0.0486,LOW
VM_012,1378668300,1.0,1.1316,1.1164,1.1126,1.1031,1.0708,1.1028,1.1054,1.1316,0.0161,0.0,0.0474,LOW
VM_012,1378668600,1.0,1.1309,1.1157,1.112,1.1029,1.0717,1.1038,1.1055,1.1309,0.0156,0.0,0.0462,LOW
VM_012,1378668900,1.0,1.1301,1.1149,1.1113,1.1026,1.0726,1.1047,1.1055,1.1301,0.0151,0.0,0.0449,LOW
VM_012,1378669200,1.0,1.129,1.1139,1.1103,1.1021,1.0733,1.1055,1.1052,1.129,0.0145,0.0,0.0434,LOW
VM_012,1378669500,1.0,1.128,1.113,1.1095,1.1018,1.0744,1.1066,1.1053,1.128,0.014,0.0,0.0419,LOW
VM_012,1378669800,1.0,1.1274,1.1123,1.1089,1.1018,1.0757,1.1079,1.1056,1.1274,0.0134,0.0,0.0404,LOW
VM_012,1378670100,1.0,1.1265,1.1114,1.1081,1.1014,1.0767,1.109,1.1056,1.1265,0.0129,0.0,0.0388,LOW
VM_012,1378670400,1.0,1.1251,1.1102,1.1069,1.1008,1.0776,1.1098,1.1053,1.1251,0.0123,0.0,0.037,LOW
VM_012,1378670700,1.0,1.124,1.1091,1.1059,1.1004,1.0788,1.1108,1.1053,1.124,0.0118,0.0,0.0353,LOW
VM_012,1378671000,1.0,1.1229,1.108,1.1049,1.0999,1.0798,1.1118,1.1052,1.1229,0.0113,0.0,0.0336,LOW
VM_012,1378671300,1.0,1.1214,1.1066,1.1035,1.0992,1.0806,1.1125,1.1047,1.1214,0.0108,0.0,0.0318,LOW
VM_012,1378671600,1.0,1.1198,1.105,1.102,1.0983,1.0813,1.1131,1.1042,1.1198,0.0104,0.0,0.03,LOW
VM_012,1378671900,1.0,1.1181,1.1034,1.1004,1.0973,1.082,1.1135,1.1036,1.1181,0.0101,0.0,0.0282,LOW
VM_012,1378672200,1.0,1.1164,1.1017,1.0988,1.0962,1.0825,1.1139,1.1029,1.1168,0.0098,0.0,0.0267,LOW
VM_012,1378672500,1.0,1.1145,1.0999,1.0971,1.0951,1.083,1.1143,1.1022,1.1161,0.0095,0.0,0.0258,LOW
VM_012,1378672800,1.0,1.1125,1.098,1.0953,1.0939,1.0835,1.1144,1.1013,1.1154,0.0094,0.0,0.0249,LOW
VM_012,1378673100,1.0,1.1108,1.0964,1.0937,1.0928,1.0841,1.1149,1.1007,1.1149,0.0093,0.0,0.024,LOW
VM_012,1378673400,1.0,1.1091,1.0948,1.0922,1.0918,1.0847,1.1153,1.1001,1.1153,0.0093,0.0,0.0238,LOW
VM_012,1378673700,1.0,1.1073,1.0931,1.0906,1.0908,1.0853,1.1156,1.0993,1.1156,0.0094,0.0,0.0236,LOW
VM_012,1378674000,1.0,1.1056,1.0914,1.089,1.0897,1.0858,1.1158,1.0986,1.1158,0.0095,0.0,0.0234,LOW
VM_012,1378674300,1.0,1.1038,1.0898,1.0874,1.0886,1.0862,1.116,1.0978,1.116,0.0097,0.0,0.0232,LOW
VM_012,1378674600,1.0,1.1021,1.0882,1.0858,1.0875,1.0866,1.1161,1.0971,1.1161,0.01,0.0,0.0236,LOW
VM_012,1378674900,1.0,1.1004,1.0867,1.0843,1.0865,1.0871,1.1163,1.0964,1.1163,0.0103,0.0,0.0249,LOW
VM_012,1378675200,1.0,1.0987,1.0852,1.0829,1.0855,1.0875,1.1164,1.0957,1.1164,0.0106,0.0,0.0261,LOW
VM_012,1378675500,1.0,1.0972,1.0838,1.0816,1.0846,1.0879,1.1165,1.0951,1.1165,0.011,0.0,0.0273,LOW
VM_012,1378675800,1.0,1.0957,1.0825,1.0803,1.0837,1.0884,1.1166,1.0945,1.1166,0.0113,0.0,0.0283,LOW
VM_012,1378676100,1.0,1.0943,1.0813,1.0791,1.0829,1.0888,1.1168,1.0939,1.1168,0.0117,0.0,0.0294,LOW
VM_012,1378676400,1.0,1.0929,1.0802,1.078,1.0821,1.0892,1.1168,1.0934,1.1168,0.012,0.0,0.0303,LOW
VM_012,1378676700,1.0,1.0916,1.0792,1.0771,1.0815,1.0898,1.1171,1.093,1.1171,0.0124,0.0,0.0312,LOW
VM_012,1378677000,1.0,1.0908,1.0785,1.0764,1.0811,1.0906,1.1175,1.0929,1.1175,0.0128,0.0,0.0321,LOW
VM_012,1378677300,1.0,1.0898,1.0778,1.0757,1.0807,1.0912,1.1178,1.0926,1.1178,0.0131,0.0,0.0328,LOW
VM_012,1378677600,1.0,1.0888,1.0771,1.0751,1.0803,1.0918,1.118,1.0924,1.118,0.0134,0.0,0.0335,LOW
VM_012,1378677900,1.0,1.0883,1.0768,1.0748,1.0802,1.0927,1.1186,1.0925,1.1186,0.0137,0.0,0.0341,LOW
VM_012,1378678200,1.0,1.0878,1.0766,1.0746,1.0801,1.0935,1.1191,1.0926,1.1191,0.014,0.0,0.0347,LOW
VM_012,1378678500,1.0,1.0873,1.0763,1.0743,1.08,1.0942,1.1194,1.0926,1.1194,0.0143,0.0,0.0352,LOW
VM_012,1378678800,1.0,1.0866,1.076,1.0741,1.0798,1.0948,1.1196,1.0925,1.1196,0.0145,0.0,0.0356,LOW
VM_012,1378679100,1.0,1.0863,1.0759,1.074,1.0798,1.0955,1.12,1.0926,1.12,0.0147,0.0,0.0359,LOW
VM_012,1378679400,1.0,1.0858,1.0757,1.0738,1.0797,1.096,1.1201,1.0926,1.1201,0.0148,0.0,0.0362,LOW
VM_012,1378679700,1.0,1.0854,1.0756,1.0737,1.0795,1.0964,1.1202,1.0925,1.1202,0.015,0.0,0.0363,LOW
VM_012,1378680000,1.0,1.0849,1.0754,1.0735,1.0793,1.0967,1.1201,1.0923,1.1201,0.0151,0.0,0.0364,LOW
VM_012,1378680300,1.0,1.0842,1.0753,1.0735,1.0792,1.0972,1.1202,1.0922,1.1202,0.0152,0.0,0.0364,LOW
VM_012,1378680600,1.0,1.0847,1.0759,1.074,1.0797,1.0982,1.1209,1.0928,1.1209,0.0153,0.0,0.0366,LOW
VM_012,1378680900,1.0,1.0845,1.0759,1.0741,1.0796,1.0985,1.1208,1.0928,1.1208,0.0153,0.0,0.0365,LOW
VM_012,1378681200,1.0,1.0841,1.0759,1.0741,1.0794,1.0986,1.1206,1.0926,1.1206,0.0153,0.0,0.0363,LOW
VM_012,1378681500,1.0,1.0838,1.0759,1.0742,1.0792,1.0987,1.1204,1.0924,1.1204,0.0152,0.0,0.0361,LOW
VM_012,1378681800,1.0,1.0834,1.0758,1.0741,1.079,1.0986,1.12,1.0921,1.12,0.0151,0.0,0.0359,LOW
VM_012,1378682100,1.0,1.0829,1.0757,1.0741,1.0786,1.0985,1.1195,1.0917,1.1195,0.015,0.0,0.0359,LOW
VM_012,1378682400,1.0,1.0827,1.0758,1.0742,1.0784,1.0984,1.1192,1.0915,1.1192,0.0149,0.0,0.0358,LOW
VM_012,1378682700,1.0,1.0821,1.0755,1.074,1.0778,1.0979,1.1184,1.0909,1.1184,0.0148,0.0,0.0356,LOW
VM_012,1378683000,1.0,1.0815,1.0752,1.0738,1.0772,1.0973,1.1175,1.0902,1.1175,0.0146,0.0,0.0355,LOW
VM_012,1378683300,1.0,1.0808,1.0749,1.0735,1.0764,1.0966,1.1165,1.0894,1.1165,0.0144,0.0,0.0352,LOW
VM_012,1378683600,1.0,1.08,1.0744,1.0732,1.0756,1.0958,1.1154,1.0885,1.1154,0.0142,0.0,0.035,LOW
VM_012,1378683900,1.0,1.0793,1.074,1.0729,1.0748,1.0949,1.1144,1.0876,1.1144,0.014,0.0,0.0348,LOW
VM_012,1378684200,1.0,1.0785,1.0736,1.0726,1.0739,1.094,1.1132,1.0867,1.1132,0.0137,0.0,0.0345,LOW
VM_012,1378684500,1.0,1.0777,1.0732,1.0723,1.073,1.093,1.112,1.0857,1.112,0.0135,0.0,0.0341,LOW
VM_012,1378684800,1.0,1.0656,1.0601,1.0594,1.0608,1.0815,1.1012,1.0735,1.1012,0.0141,0.0,0.036,LOW
VM_012,1378685100,1.0,1.0641,1.0581,1.0576,1.0586,1.0785,1.0986,1.071,1.0986,0.0137,0.0,0.036,LOW
VM_012,1378685400,1.0,1.0662,1.0599,1.0594,1.0601,1.0791,1.0995,1.072,1.0995,0.0134,0.0,0.0359,LOW
VM_012,1378685700,1.0,1.0698,1.0631,1.0627,1.0632,1.0812,1.1019,1.0744,1.1019,0.013,0.0,0.0358,LOW
VM_012,1378686000,1.0,1.0741,1.067,1.0667,1.0671,1.084,1.105,1.0775,1.105,0.0126,0.0,0.0357,LOW
VM_012,1378686300,1.0,1.0786,1.0711,1.0709,1.0713,1.087,1.1083,1.0809,1.1083,0.0122,0.0,0.0356,LOW
VM_012,1378686600,1.0,1.0828,1.0749,1.075,1.0752,1.09,1.1116,1.0841,1.1116,0.0119,0.0,0.0355,LOW
VM_012,1378686900,1.0,1.0866,1.0784,1.0788,1.0788,1.0926,1.1146,1.0869,1.1146,0.0116,0.0,0.0354,LOW
VM_012,1378687200,1.0,1.0897,1.0813,1.0821,1.0819,1.0947,1.1172,1.0893,1.1172,0.0114,0.0,0.0354,LOW
VM_012,1378687500,1.0,1.0924,1.0839,1.0852,1.0848,1.0968,1.1197,1.0914,1.1197,0.0113,0.0,0.0355,LOW
VM_012,1378687800,1.0,1.095,1.0861,1.0879,1.0874,1.0987,1.1222,1.0933,1.1222,0.0112,0.0,0.0358,LOW
VM_012,1378688100,1.0,1.0964,1.0874,1.0898,1.089,1.0997,1.1236,1.0943,1.1236,0.0112,0.0,0.0359,LOW
VM_012,1378688400,1.0,1.0974,1.0881,1.0909,1.09,1.1002,1.1247,1.0948,1.1247,0.0113,0.0,0.0362,LOW
VM_012,1378688700,1.0,1.0973,1.0879,1.0913,1.0902,1.1,1.1248,1.0944,1.1248,0.0113,0.0,0.0365,LOW
VM_012,1378689000,1.0,1.0966,1.0871,1.0911,1.0897,1.0992,1.1245,1.0935,1.1245,0.0114,0.0,0.0368,LOW
VM_012,1378689300,1.0,1.0953,1.0858,1.0904,1.0887,1.0981,1.1237,1.0922,1.1237,0.0115,0.0,0.0371,LOW
VM_012,1378689600,1.0,1.0935,1.0841,1.0892,1.0873,1.0965,1.1225,1.0904,1.1225,0.0117,0.0,0.0375,LOW
VM_012,1378689900,1.0,1.0912,1.0821,1.0878,1.0856,1.0948,1.121,1.0884,1.121,0.0118,0.0,0.0378,LOW
VM_012,1378690200,1.0,1.0891,1.0802,1.0863,1.0839,1.0932,1.1197,1.0864,1.1197,0.012,0.0,0.0382,LOW
VM_012,1378690500,1.0,1.0868,1.078,1.0846,1.082,1.0916,1.1182,1.0844,1.1182,0.0122,0.0,0.0386,LOW
VM_012,1378690800,1.0,1.0839,1.0756,1.0826,1.0799,1.0896,1.1162,1.082,1.1162,0.0123,0.0,0.0389,LOW
VM_012,1378691100,1.0,1.0816,1.0737,1.0812,1.0783,1.0884,1.1149,1.0802,1.1149,0.0125,0.0,0.0394,LOW
VM_012,1378691400,1.0,1.08,1.0722,1.0799,1.077,1.0876,1.114,1.0788,1.114,0.0127,0.0,0.0399,LOW
VM_012,1378691700,1.0,1.0778,1.0702,1.0782,1.0752,1.0863,1.1124,1.0769,1.1124,0.0129,0.0,0.0402,LOW
VM_012,1378692000,1.0,1.0755,1.0681,1.0762,1.0733,1.0847,1.1105,1.0749,1.1105,0.013,0.0,0.0405,LOW
VM_012,1378692300,1.0,1.0732,1.066,1.0742,1.0712,1.0832,1.1085,1.0728,1.1085,0.0131,0.0,0.0407,LOW
VM_012,1378692600,1.2,1.0744,1.0671,1.0752,1.0722,1.0847,1.1099,1.0738,1.1099,0.0133,0.0408,0.0465,LOW
VM_012,1378692900,1.0,1.0743,1.0673,1.0753,1.0723,1.0852,1.1098,1.0738,1.1098,0.0134,0.0408,0.0466,LOW
VM_012,1378693200,1.0,1.0742,1.0672,1.0751,1.0723,1.0858,1.1101,1.0737,1.1101,0.0136,0.0408,0.0471,LOW
VM_012,1378693500,1.0,1.0743,1.0672,1.075,1.0723,1.0863,1.1101,1.0737,1.1101,0.0137,0.0408,0.0473,LOW
VM_012,1378693800,1.0,1.0722,1.065,1.0726,1.0701,1.0846,1.108,1.0715,1.108,0.0139,0.0408,0.0477,LOW
VM_012,1378694100,1.0,1.0716,1.0642,1.0717,1.0692,1.0843,1.1071,1.0707,1.1071,0.014,0.0408,0.0478,LOW
VM_012,1378694400,1.0,1.0708,1.0634,1.0706,1.0682,1.0836,1.106,1.0696,1.106,0.0141,0.0408,0.0479,LOW
VM_012,1378694700,1.0,1.0702,1.0626,1.0696,1.0673,1.0831,1.1051,1.0687,1.1051,0.0142,0.0408,0.0481,LOW
VM_012,1378695000,1.0,1.07,1.062,1.0687,1.0664,1.0827,1.1043,1.0679,1.1043,0.0143,0.0408,0.0483,LOW
VM_012,1378695300,1.0,1.0696,1.0612,1.0676,1.0653,1.0821,1.1033,1.0669,1.1033,0.0144,0.0408,0.0485,LOW
VM_012,1378695600,1.0,1.0691,1.0603,1.0664,1.0641,1.0813,1.1022,1.0658,1.1022,0.0145,0.0408,0.0487,LOW
VM_012,1378695900,1.0,1.0686,1.0595,1.0653,1.063,1.0805,1.1013,1.0648,1.1013,0.0146,0.0408,0.0489,LOW
VM_012,1378696200,1.0,1.0685,1.0588,1.0642,1.0619,1.0799,1.1006,1.0639,1.1006,0.0148,0.0408,0.0494,LOW
VM_012,1378696500,1.0,1.068,1.0578,1.0629,1.0606,1.0789,1.0996,1.0628,1.0996,0.015,0.0408,0.0497,LOW
VM_012,1378696800,1.0,1.0675,1.0567,1.0614,1.0591,1.0778,1.0986,1.0615,1.0986,0.0152,0.0408,0.0501,LOW
VM_012,1378697100,1.0,1.067,1.0555,1.0598,1.0575,1.0766,1.0975,1.0601,1.0975,0.0154,0.0408,0.0506,LOW
VM_012,1378697400,1.0,1.0663,1.0543,1.0581,1.0558,1.0753,1.0965,1.0587,1.0965,0.0156,0.0408,0.0512,LOW
VM_012,1378697700,1.0,1.0656,1.0529,1.0563,1.054,1.0739,1.0954,1.0572,1.0954,0.0159,0.0408,0.0518,LOW
VM_012,1378698000,1.0,1.0648,1.0516,1.0546,1.0522,1.0726,1.0944,1.0557,1.0944,0.0161,0.0408,0.0524,LOW
VM_012,1378698300,1.0,1.0645,1.0509,1.0535,1.0511,1.0719,1.0941,1.0548,1.0941,0.0164,0.0408,0.0532,LOW
VM_012,1378698600,1.0,1.0647,1.0501,1.0522,1.0499,1.0713,1.0942,1.0541,1.0942,0.0168,0.0408,0.0542,LOW
VM_012,1378698900,1.0,1.0642,1.0491,1.0507,1.0484,1.0702,1.0936,1.0529,1.0936,0.0171,0.0408,0.055,LOW
VM_012,1378699200,1.0,1.0636,1.0478,1.0489,1.0466,1.0689,1.0929,1.0516,1.0929,0.0175,0.0408,0.0559,LOW
VM_012,1378699500,1.0,1.0629,1.0465,1.0471,1.0448,1.0675,1.0922,1.0501,1.0922,0.0178,0.0408,0.0567,LOW
VM_012,1378699800,1.0,1.0621,1.0451,1.0453,1.0429,1.0661,1.0915,1.0487,1.0915,0.0182,0.0,0.0523,LOW
VM_012,1378700100,1.0,1.0614,1.0438,1.0436,1.0411,1.0647,1.0908,1.0473,1.0908,0.0185,0.0,0.0532,LOW
VM_012,1378700400,1.0,1.0607,1.0426,1.0419,1.0393,1.0633,1.0901,1.046,1.0901,0.0188,0.0,0.054,LOW
VM_012,1378700700,1.0,1.0601,1.0416,1.0404,1.0377,1.0621,1.0896,1.0448,1.0896,0.0191,0.0,0.0548,LOW
VM_012,1378701000,1.0,1.0597,1.0407,1.0391,1.0362,1.061,1.0893,1.0438,1.0893,0.0195,0.0,0.0556,LOW
VM_012,1378701300,1.0,1.0594,1.04,1.0379,1.0349,1.06,1.0889,1.0429,1.0889,0.0198,0.0,0.0563,LOW
VM_012,1378701600,1.0,1.0591,1.0393,1.0369,1.0337,1.059,1.0886,1.0421,1.0886,0.02,0.0,0.057,LOW
VM_012,1378701900,1.0,1.0594,1.0395,1.0367,1.0333,1.0588,1.089,1.0421,1.089,0.0203,0.0,0.0576,LOW
VM_012,1378702200,1.0,1.0601,1.0398,1.0365,1.0329,1.0588,1.0898,1.0422,1.0898,0.0205,0.0,0.0583,LOW
VM_012,1378702500,1.0,1.0607,1.0402,1.0365,1.0327,1.0587,1.0903,1.0424,1.0903,0.0207,0.0,0.0588,LOW
VM_012,1378702800,1.0,1.0615,1.0408,1.0367,1.0327,1.0587,1.0908,1.0427,1.0908,0.0209,0.0,0.0592,LOW
VM_012,1378703100,1.0,1.0627,1.0419,1.0375,1.0332,1.0591,1.0917,1.0435,1.0917,0.021,0.0,0.0594,LOW
VM_012,1378703400,1.0,1.0642,1.0431,1.0383,1.0337,1.0597,1.0929,1.0445,1.0929,0.0212,0.0,0.0597,LOW
VM_012,1378703700,1.0,1.0657,1.0445,1.0394,1.0345,1.0603,1.0939,1.0455,1.0939,0.0212,0.0,0.0597,LOW
VM_012,1378704000,1.0,1.0674,1.0461,1.0406,1.0354,1.061,1.095,1.0467,1.095,0.0213,0.0,0.0597,LOW
VM_012,1378704300,1.0,1.0693,1.0479,1.0421,1.0366,1.0618,1.0962,1.0481,1.0962,0.0213,0.0,0.0595,LOW
VM_012,1378704600,1.0,1.0714,1.0499,1.0438,1.0379,1.0627,1.0974,1.0496,1.0974,0.0213,0.0,0.0593,LOW
VM_012,1378704900,1.0,1.0738,1.0523,1.0461,1.0398,1.0641,1.0989,1.0516,1.0989,0.0212,0.0,0.0588,LOW
VM_012,1378705200,1.0,1.0767,1.0553,1.0488,1.0421,1.0658,1.1008,1.054,1.1008,0.0211,0.0,0.0583,LOW
VM_012,1378705500,1.0,1.0801,1.0587,1.052,1.0449,1.0681,1.1033,1.0569,1.1033,0.021,0.0,0.0579,LOW
VM_012,1378705800,1.0,1.0835,1.0619,1.0549,1.0474,1.07,1.1054,1.0595,1.1054,0.0209,0.0,0.0574,LOW
VM_012,1378706100,1.0,1.0866,1.0651,1.0578,1.0499,1.0717,1.1071,1.062,1.1071,0.0208,0.0,0.0565,LOW
VM_012,1378706400,1.0,1.09,1.0685,1.061,1.0526,1.0736,1.109,1.0647,1.109,0.0206,0.0,0.0556,LOW
VM_012,1378706700,1.0,1.0935,1.0718,1.0641,1.0554,1.0754,1.1109,1.0674,1.1109,0.0205,0.0,0.0547,LOW
VM_012,1378707000,1.0,1.0968,1.0751,1.0671,1.058,1.077,1.1124,1.07,1.1124,0.0203,0.0,0.0536,LOW
VM_012,1378707300,1.0,1.1,1.0783,1.0701,1.0605,1.0785,1.1138,1.0724,1.1138,0.0201,0.0,0.0524,LOW
VM_012,1378707600,1.0,1.1032,1.0814,1.073,1.0629,1.0798,1.115,1.0747,1.115,0.0199,0.0,0.0511,LOW
VM_012,1378707900,1.0,1.1063,1.0845,1.0759,1.0653,1.0811,1.1161,1.0769,1.1161,0.0197,0.0,0.0498,LOW
VM_012,1378708200,1.0,1.1094,1.0875,1.0787,1.0677,1.0822,1.1171,1.0791,1.1171,0.0196,0.0,0.0483,LOW
VM_012,1378708500,1.0,1.1124,1.0905,1.0815,1.07,1.0833,1.118,1.0813,1.118,0.0194,0.0,0.0468,LOW
VM_012,1378708800,1.0,1.1153,1.0933,1.0841,1.0722,1.084,1.1185,1.0832,1.1185,0.0193,0.0,0.0456,LOW
VM_012,1378709100,1.0,1.1185,1.0966,1.0873,1.0749,1.0854,1.1196,1.0856,1.1196,0.0191,0.0,0.0445,LOW
VM_012,1378709400,1.0,1.1219,1.0997,1.0901,1.0773,1.0865,1.1206,1.0878,1.1219,0.0191,0.0,0.0445,LOW
VM_012,1378709700,1.0,1.1246,1.1024,1.0926,1.0793,1.0871,1.1209,1.0896,1.1246,0.0191,0.0,0.0453,LOW
VM_012,1378710000,1.0,1.1272,1.1049,1.0949,1.0812,1.0874,1.1211,1.0912,1.1272,0.0191,0.0,0.0461,LOW
VM_012,1378710300,1.0,1.1296,1.1072,1.097,1.0829,1.0876,1.121,1.0925,1.1296,0.0191,0.0,0.0469,LOW
VM_012,1378710600,1.0,1.1319,1.1095,1.0991,1.0846,1.0878,1.1209,1.0939,1.1319,0.0191,0.0,0.0477,LOW
VM_012,1378710900,1.0,1.1342,1.1116,1.101,1.0861,1.0877,1.1207,1.095,1.1342,0.0193,0.0,0.0486,LOW
VM_012,1378711200,1.0,1.1361,1.1133,1.1026,1.0873,1.0872,1.1199,1.0958,1.1361,0.0194,0.0,0.0494,LOW
VM_012,1378711500,1.0,1.1378,1.1149,1.1039,1.0883,1.0866,1.1191,1.0965,1.1378,0.0196,0.0,0.0503,LOW
VM_012,1378711800,1.0,1.1392,1.1162,1.1051,1.089,1.0857,1.118,1.0968,1.1392,0.0198,0.0,0.0512,LOW
VM_012,1378712100,1.0,1.1404,1.1173,1.106,1.0896,1.0847,1.1167,1.097,1.1404,0.0201,0.0,0.0521,LOW
VM_012,1378712400,1.0,1.1414,1.1184,1.107,1.0902,1.0836,1.1153,1.0972,1.1414,0.0203,0.0,0.0527,LOW
VM_012,1378712700,1.0,1.1431,1.12,1.1084,1.0914,1.0832,1.1147,1.0979,1.1431,0.0206,0.0,0.0535,LOW
VM_012,1378713000,1.0,1.1445,1.1211,1.1093,1.0919,1.0821,1.1137,1.0981,1.1445,0.021,0.0,0.0544,LOW
VM_012,1378713300,1.0,1.1448,1.1215,1.1095,1.0919,1.0805,1.1117,1.0977,1.1448,0.0213,0.0,0.0556,LOW
VM_012,1378713600,1.0,1.1452,1.1218,1.1096,1.0918,1.0788,1.1099,1.0971,1.1452,0.0217,0.0,0.057,LOW
VM_012,1378713900,1.0,1.1453,1.1217,1.1093,1.0913,1.0767,1.1077,1.0962,1.1453,0.0221,0.0,0.0585,LOW
VM_012,1378714200,1.0,1.1448,1.1211,1.1086,1.0904,1.0742,1.105,1.0949,1.1448,0.0225,0.0,0.0599,LOW
VM_012,1378714500,1.0,1.1441,1.1202,1.1076,1.0893,1.0715,1.1022,1.0933,1.1441,0.0229,0.0,0.0613,LOW
VM_012,1378714800,1.0,1.143,1.1191,1.1064,1.0879,1.0687,1.0992,1.0915,1.143,0.0233,0.0,0.0625,LOW
VM_012,1378715100,1.0,1.1419,1.1177,1.1049,1.0863,1.0656,1.096,1.0895,1.1419,0.0238,0.0,0.0638,LOW
VM_012,1378715400,1.0,1.1402,1.1159,1.103,1.0843,1.0622,1.0926,1.0871,1.1402,0.0242,0.0,0.065,LOW
VM_012,1378715700,1.0,1.1384,1.1139,1.1009,1.0822,1.0587,1.089,1.0846,1.1384,0.0246,0.0,0.0661,LOW
VM_012,1378716000,1.0,1.136,1.1115,1.0984,1.0796,1.0548,1.085,1.0816,1.136,0.0249,0.0,0.0671,LOW
VM_012,1378716300,1.0,1.1338,1.1091,1.096,1.0772,1.0511,1.0813,1.0788,1.1338,0.0253,0.0,0.0682,LOW
VM_012,1378716600,1.0,1.1315,1.1065,1.0934,1.0745,1.0472,1.0774,1.0758,1.1315,0.0257,0.0,0.0691,LOW
VM_012,1378716900,1.0,1.1288,1.1037,1.0905,1.0717,1.0432,1.0733,1.0726,1.1288,0.026,0.0,0.07,LOW
VM_012,1378717200,1.0,1.126,1.1007,1.0875,1.0688,1.0391,1.0693,1.0693,1.126,0.0263,0.0,0.0708,LOW
VM_012,1378717500,1.0,1.123,1.0976,1.0844,1.0657,1.035,1.0651,1.0659,1.123,0.0266,0.0,0.0715,LOW
VM_012,1378717800,1.0,1.12,1.0944,1.0811,1.0626,1.0308,1.061,1.0624,1.12,0.0269,0.0,0.0722,LOW
VM_012,1378718100,1.0,1.1169,1.0911,1.0779,1.0594,1.0267,1.0569,1.0589,1.1169,0.0272,0.0,0.0728,LOW
VM_012,1378718400,1.0,1.1138,1.088,1.0747,1.0564,1.0228,1.053,1.0556,1.1138,0.0274,0.0,0.0733,LOW
VM_012,1378718700,1.0,1.1111,1.085,1.0717,1.0535,1.019,1.0493,1.0524,1.1111,0.0277,0.0,0.0739,LOW
VM_012,1378719000,1.0,1.1079,1.0818,1.0685,1.0505,1.0151,1.0454,1.0491,1.1079,0.0279,0.0,0.0743,LOW
VM_012,1378719300,1.0,1.105,1.0787,1.0654,1.0476,1.0115,1.0417,1.0459,1.105,0.0281,0.0,0.0747,LOW
VM_012,1378719600,1.0,1.102,1.0757,1.0624,1.0447,1.008,1.0382,1.0428,1.102,0.0283,0.0,0.075,LOW
VM_012,1378719900,1.0,1.0996,1.0732,1.06,1.0425,1.0052,1.0353,1.0403,1.0996,0.0284,0.0,0.0751,LOW
VM_012,1378720200,1.0,1.0979,1.0712,1.0579,1.0406,1.0025,1.0329,1.0382,1.0979,0.0286,0.0,0.0756,LOW
VM_012,1378720500,1.0,1.0955,1.0688,1.0555,1.0385,0.9999,1.0301,1.0359,1.0955,0.0287,0.0,0.0756,LOW
VM_012,1378720800,1.0,1.0935,1.0667,1.0534,1.0366,0.9974,1.0276,1.0338,1.0935,0.0288,0.0,0.0758,LOW
VM_012,1378721100,1.0,1.0917,1.0648,1.0514,1.0348,0.9951,1.0254,1.0318,1.0917,0.0289,0.0,0.076,LOW
VM_012,1378721400,1.0,1.0899,1.0629,1.0494,1.0331,0.993,1.0231,1.0299,1.0899,0.029,0.0,0.0762,LOW
VM_012,1378721700,1.0,1.0883,1.0612,1.0476,1.0316,0.991,1.0211,1.0282,1.0883,0.0291,0.0,0.0763,LOW
VM_012,1378722000,1.0,1.0868,1.0596,1.0461,1.0302,0.9892,1.0193,1.0267,1.0868,0.0292,0.0,0.0764,LOW
VM_012,1378722300,1.0,1.0856,1.0583,1.0447,1.0291,0.9878,1.0178,1.0254,1.0856,0.0292,0.0,0.0765,LOW
VM_012,1378722600,1.0,1.0847,1.0573,1.0436,1.0282,0.9866,1.0165,1.0244,1.0847,0.0293,0.0,0.0766,LOW
VM_012,1378722900,1.0,1.0839,1.0563,1.0427,1.0274,0.9855,1.0154,1.0235,1.0839,0.0293,0.0,0.0768,LOW
VM_012,1378723200,1.0,1.083,1.0554,1.0417,1.0267,0.9846,1.0143,1.0227,1.083,0.0293,0.0,0.0768,LOW
VM_012,1378723500,1.0,1.0826,1.055,1.0412,1.0264,0.9841,1.0137,1.0223,1.0826,0.0293,0.0,0.0769,LOW
VM_012,1378723800,1.0,1.0825,1.0547,1.041,1.0263,0.9838,1.0133,1.0222,1.0825,0.0294,0.0,0.0771,LOW
VM_012,1378724100,1.0,1.0824,1.0545,1.0407,1.0263,0.9836,1.013,1.0221,1.0824,0.0294,0.0,0.0771,LOW
VM_012,1378724400,1.0,1.0824,1.0545,1.0407,1.0265,0.9836,1.0129,1.0221,1.0824,0.0293,0.0,0.0771,LOW
VM_012,1378724700,1.0,1.0826,1.0547,1.0408,1.0268,0.9838,1.013,1.0224,1.0826,0.0293,0.0,0.0771,LOW
VM_012,1378725000,1.0,1.0827,1.0549,1.0411,1.0272,0.9843,1.0133,1.0228,1.0827,0.0293,0.0,0.0769,LOW
VM_012,1378725300,1.0,1.0834,1.0554,1.0415,1.0279,0.9848,1.0138,1.0235,1.0834,0.0293,0.0,0.077,LOW
VM_012,1378725600,1.0,1.0837,1.0557,1.0419,1.0284,0.9853,1.0141,1.024,1.0837,0.0292,0.0,0.0769,LOW
VM_012,1378725900,1.0,1.0841,1.0561,1.0423,1.029,0.9858,1.0146,1.0245,1.0841,0.0291,0.0,0.0768,LOW
VM_012,1378726200,1.0,1.0846,1.0566,1.0427,1.0296,0.9864,1.0151,1.0251,1.0846,0.0291,0.0,0.0767,LOW
VM_012,1378726500,1.0,1.085,1.057,1.0432,1.0303,0.9871,1.0156,1.0258,1.085,0.029,0.0,0.0764,LOW
VM_012,1378726800,1.0,1.0854,1.0575,1.0437,1.031,0.9878,1.0162,1.0265,1.0854,0.0289,0.0,0.0762,LOW
VM_012,1378727100,1.0,1.0862,1.0582,1.0445,1.032,0.9887,1.0171,1.0274,1.0862,0.0288,0.0,0.0761,LOW
VM_012,1378727400,1.0,1.0868,1.0588,1.0451,1.0328,0.9895,1.0178,1.0282,1.0868,0.0287,0.0,0.0759,LOW
VM_012,1378727700,1.0,1.0873,1.0594,1.0457,1.0336,0.9903,1.0185,1.029,1.0873,0.0286,0.0,0.0757,LOW
VM_012,1378728000,1.0,1.0878,1.0599,1.0464,1.0344,0.9913,1.0193,1.0298,1.0878,0.0285,0.0,0.0754,LOW
VM_012,1378728300,1.0,1.0886,1.0606,1.0471,1.0354,0.9922,1.0202,1.0308,1.0886,0.0284,0.0,0.0753,LOW
VM_012,1378728600,1.0,1.089,1.0612,1.0477,1.0361,0.993,1.0209,1.0316,1.089,0.0283,0.0,0.075,LOW
VM_012,1378728900,1.0,1.0895,1.0617,1.0484,1.0369,0.9938,1.0217,1.0323,1.0895,0.0282,0.0,0.0748,LOW
VM_012,1378729200,1.0,1.09,1.0622,1.0489,1.0377,0.9945,1.0224,1.0331,1.09,0.0281,0.0,0.0745,LOW
VM_012,1378729500,1.0,1.0904,1.0626,1.0495,1.0384,0.9953,1.0231,1.0338,1.0904,0.028,0.0,0.0743,LOW
VM_012,1378729800,1.0,1.0908,1.0631,1.0501,1.0391,0.996,1.0238,1.0345,1.0908,0.0279,0.0,0.074,LOW
VM_012,1378730100,1.0,1.0911,1.0635,1.0506,1.0397,0.9967,1.0245,1.0352,1.0911,0.0277,0.0,0.0737,LOW
VM_012,1378730400,1.0,1.0912,1.0637,1.0509,1.0402,0.9973,1.0249,1.0357,1.0912,0.0276,0.0,0.0734,LOW
VM_012,1378730700,1.0,1.0914,1.0641,1.0515,1.041,0.9983,1.0258,1.0364,1.0914,0.0274,0.0,0.0727,LOW
VM_012,1378731000,1.0,1.0924,1.065,1.0525,1.0422,0.9994,1.027,1.0376,1.0924,0.0273,0.0,0.0726,LOW
VM_012,1378731300,1.0,1.0926,1.0654,1.0531,1.0429,1.0001,1.0277,1.0383,1.0926,0.0271,0.0,0.0722,LOW
VM_012,1378731600,1.0,1.0929,1.0658,1.0536,1.0436,1.0008,1.0285,1.039,1.0929,0.027,0.0,0.0719,LOW
VM_012,1378731900,1.0,1.0932,1.0661,1.0541,1.0442,1.0015,1.0291,1.0397,1.0932,0.0268,0.0,0.0715,LOW
VM_012,1378732200,1.0,1.0934,1.0664,1.0546,1.0449,1.0022,1.0298,1.0403,1.0934,0.0267,0.0,0.0712,LOW
VM_012,1378732500,1.0,1.0936,1.0668,1.0551,1.0455,1.0028,1.0304,1.0409,1.0936,0.0266,0.0,0.0709,LOW
VM_012,1378732800,1.0667,1.0946,1.0677,1.0562,1.0467,1.004,1.0317,1.0422,1.0946,0.0265,0.0136,0.0724,LOW
VM_012,1378733100,1.0,1.0952,1.0685,1.0571,1.0477,1.0051,1.0328,1.0432,1.0952,0.0263,0.0136,0.0721,LOW
VM_012,1378733400,1.0,1.0957,1.0691,1.0578,1.0486,1.006,1.0337,1.0441,1.0957,0.0262,0.0136,0.0717,LOW
VM_012,1378733700,1.0,1.0961,1.0696,1.0585,1.0494,1.0068,1.0346,1.0449,1.0961,0.026,0.0136,0.0714,LOW
VM_012,1378734000,1.0,1.0961,1.0698,1.0589,1.0499,1.0074,1.0351,1.0454,1.0961,0.0258,0.0136,0.071,LOW
VM_012,1378734300,1.0667,1.0971,1.0709,1.0602,1.0514,1.0089,1.0367,1.0469,1.0971,0.0257,0.0188,0.0712,LOW
VM_012,1378734600,1.0,1.0981,1.072,1.0614,1.0527,1.0103,1.0382,1.0482,1.0981,0.0256,0.0188,0.071,LOW
VM_012,1378734900,1.0,1.0986,1.0726,1.0623,1.0537,1.0113,1.0392,1.0492,1.0986,0.0254,0.0188,0.0706,LOW
VM_012,1378735200,1.0,1.099,1.0732,1.063,1.0546,1.0122,1.0402,1.0501,1.099,0.0252,0.0188,0.0701,LOW
VM_012,1378735500,1.0,1.0994,1.0737,1.0637,1.0554,1.0131,1.0411,1.0509,1.0994,0.0251,0.0188,0.0698,LOW
VM_012,1378735800,1.0,1.0996,1.0741,1.0643,1.0561,1.0137,1.0418,1.0516,1.0996,0.0249,0.0188,0.0694,LOW
VM_012,1378736100,1.0,1.0998,1.0744,1.0648,1.0567,1.0144,1.0425,1.0522,1.0998,0.0248,0.0188,0.0691,LOW
VM_012,1378736400,1.0,1.0999,1.0747,1.0653,1.0573,1.0149,1.0431,1.0528,1.0999,0.0246,0.0188,0.0688,LOW
VM_012,1378736700,1.0,1.1,1.075,1.0658,1.0578,1.0155,1.0437,1.0534,1.1,0.0245,0.0188,0.0684,LOW
VM_012,1378737000,1.0,1.1001,1.0753,1.0663,1.0584,1.016,1.0443,1.0539,1.1001,0.0244,0.0188,0.0681,LOW
VM_012,1378737300,1.0,1.1002,1.0755,1.0667,1.0589,1.0165,1.0449,1.0544,1.1002,0.0242,0.0188,0.0678,LOW
VM_012,1378737600,1.0667,1.1009,1.0764,1.0677,1.06,1.0176,1.0461,1.0555,1.1009,0.0241,0.0225,0.0679,LOW
VM_012,1378737900,1.2,1.1041,1.0795,1.071,1.0633,1.0209,1.0496,1.0589,1.1041,0.024,0.045,0.0708,LOW
VM_012,1378738200,1.0,1.1063,1.0819,1.0734,1.0659,1.0234,1.0523,1.0615,1.1063,0.0239,0.045,0.0705,LOW
VM_012,1378738500,1.0,1.1076,1.0835,1.0752,1.0679,1.0254,1.0543,1.0634,1.1076,0.0237,0.045,0.07,LOW
VM_012,1378738800,1.0,1.1087,1.0848,1.0766,1.0694,1.0269,1.056,1.065,1.1087,0.0236,0.045,0.0697,LOW
VM_012,1378739100,1.0,1.1095,1.0858,1.0778,1.0707,1.0282,1.0574,1.0662,1.1095,0.0234,0.045,0.0693,LOW
VM_012,1378739400,1.0,1.11,1.0865,1.0788,1.0718,1.0294,1.0586,1.0673,1.11,0.0232,0.045,0.0687,LOW
VM_012,1378739700,1.0,1.1108,1.0875,1.0799,1.073,1.0305,1.0599,1.0685,1.1108,0.0231,0.045,0.0685,LOW
VM_012,1378740000,1.0,1.1111,1.0881,1.0808,1.0739,1.0314,1.0609,1.0694,1.1111,0.023,0.0439,0.0679,LOW
VM_012,1378740300,1.0,1.1116,1.0888,1.0817,1.0749,1.0324,1.0621,1.0704,1.1116,0.0228,0.0439,0.0674,LOW
VM_012,1378740600,1.0,1.1122,1.0896,1.0827,1.0759,1.0333,1.0631,1.0714,1.1122,0.0227,0.0439,0.0673,LOW
VM_012,1378740900,1.0,1.1124,1.0901,1.0833,1.0766,1.034,1.0639,1.0721,1.1124,0.0226,0.0439,0.0669,LOW
VM_012,1378741200,1.0,1.1126,1.0906,1.084,1.0773,1.0346,1.0646,1.0728,1.1126,0.0225,0.0439,0.0666,LOW
VM_012,1378741500,1.1333,1.1146,1.0928,1.0863,1.0797,1.037,1.0673,1.0753,1.1146,0.0223,0.0491,0.0668,LOW
VM_012,1378741800,1.0,1.1167,1.095,1.0887,1.0821,1.0392,1.0698,1.0776,1.1167,0.0223,0.0491,0.0668,LOW
VM_012,1378742100,1.0,1.1177,1.0963,1.0901,1.0836,1.0407,1.0714,1.0791,1.1177,0.0221,0.0491,0.0664,LOW
VM_012,1378742400,1.0,1.1187,1.0976,1.0915,1.085,1.042,1.0729,1.0805,1.1187,0.0221,0.0491,0.0662,LOW
VM_012,1378742700,1.0,1.1194,1.0986,1.0927,1.0862,1.0431,1.0741,1.0817,1.1194,0.022,0.0491,0.0659,LOW
VM_012,1378743000,1.0,1.1201,1.0995,1.0937,1.0873,1.044,1.0753,1.0827,1.1201,0.0219,0.0491,0.0657,LOW
VM_012,1378743300,1.0,1.1207,1.1003,1.0947,1.0882,1.0449,1.0763,1.0837,1.1207,0.0218,0.0491,0.0655,LOW
VM_012,1378743600,1.0,1.1212,1.1011,1.0956,1.0891,1.0457,1.0773,1.0846,1.1212,0.0217,0.0491,0.0653,LOW
VM_012,1378743900,1.0,1.1217,1.1019,1.0966,1.09,1.0464,1.0783,1.0855,1.1217,0.0217,0.0491,0.0651,LOW
VM_012,1378744200,1.0,1.1222,1.1027,1.0975,1.0909,1.0472,1.0793,1.0863,1.1222,0.0216,0.0491,0.0649,LOW
VM_012,1378744500,1.0,1.1228,1.1034,1.0984,1.0917,1.0479,1.0802,1.0872,1.1228,0.0215,0.0491,0.0647,LOW
VM_012,1378744800,1.0,1.1231,1.1041,1.0992,1.0925,1.0486,1.0811,1.0879,1.1231,0.0215,0.0481,0.0643,LOW
VM_012,1378745100,1.0667,1.1244,1.1058,1.1012,1.0944,1.0506,1.0833,1.0899,1.1244,0.0213,0.0299,0.0614,LOW
VM_012,1378745400,1.0,1.1267,1.1082,1.1036,1.0968,1.0528,1.0859,1.0923,1.1267,0.0213,0.0299,0.0615,LOW
VM_012,1378745700,1.0,1.1276,1.1095,1.1051,1.0983,1.0542,1.0875,1.0938,1.1276,0.0212,0.0299,0.0611,LOW
VM_012,1378746000,1.0,1.1289,1.1111,1.1067,1.1,1.0557,1.0893,1.0954,1.1289,0.0211,0.0299,0.061,LOW
VM_012,1378746300,1.0,1.1299,1.1124,1.1083,1.1014,1.0572,1.091,1.0969,1.1299,0.021,0.0299,0.0606,LOW
VM_012,1378746600,1.0,1.1313,1.1141,1.11,1.1032,1.0588,1.0929,1.0986,1.1313,0.021,0.0299,0.0605,LOW
VM_012,1378746900,1.0,1.1323,1.1154,1.1115,1.1046,1.0603,1.0946,1.1001,1.1323,0.0209,0.0299,0.0601,LOW
VM_012,1378747200,1.0,1.1337,1.117,1.1132,1.1063,1.0619,1.0965,1.1018,1.1337,0.0208,0.0299,0.0599,LOW
VM_012,1378747500,1.0,1.1348,1.1184,1.1148,1.1078,1.0633,1.0982,1.1033,1.1348,0.0207,0.0299,0.0597,LOW
VM_012,1378747800,1.0,1.136,1.1199,1.1164,1.1093,1.0648,1.1,1.1048,1.136,0.0207,0.0299,0.0594,LOW
VM_012,1378748100,1.0,1.1371,1.1213,1.118,1.1109,1.0664,1.1019,1.1064,1.1371,0.0206,0.0299,0.059,LOW
VM_012,1378748400,1.0667,1.1394,1.1238,1.1206,1.1135,1.0689,1.1047,1.109,1.1394,0.0205,0.0321,0.0591,LOW
VM_012,1378748700,1.0667,1.1421,1.1269,1.1238,1.1167,1.0723,1.1084,1.1123,1.1421,0.0204,0.0225,0.0574,LOW
VM_012,1378749000,1.0,1.1451,1.13,1.1269,1.1199,1.0754,1.112,1.1155,1.1451,0.0203,0.0225,0.0573,LOW
VM_012,1378749300,1.0,1.147,1.1323,1.1293,1.1223,1.078,1.1147,1.1179,1.147,0.0201,0.0225,0.0568,LOW
VM_012,1378749600,1.0,1.149,1.1345,1.1316,1.1246,1.0804,1.1175,1.1203,1.149,0.02,0.0225,0.0564,LOW
VM_012,1378749900,1.0,1.1507,1.1364,1.1337,1.1267,1.0826,1.12,1.1224,1.1507,0.0199,0.0225,0.056,LOW
VM_012,1378750200,1.0,1.1522,1.1383,1.1356,1.1287,1.0847,1.1224,1.1245,1.1522,0.0198,0.0225,0.0556,LOW
VM_012,1378750500,1.0,1.1537,1.14,1.1374,1.1305,1.0868,1.1247,1.1264,1.1537,0.0196,0.0225,0.0552,LOW
VM_012,1378750800,1.0,1.1551,1.1416,1.1392,1.1323,1.0888,1.127,1.1282,1.1551,0.0195,0.0225,0.0547,LOW
VM_012,1378751100,1.0,1.1564,1.1432,1.1409,1.134,1.0907,1.1293,1.13,1.1564,0.0193,0.0225,0.0542,LOW
VM_012,1378751400,1.0,1.1576,1.1447,1.1425,1.1357,1.0928,1.1315,1.1318,1.1576,0.0191,0.0225,0.0535,LOW
VM_012,1378751700,1.0,1.159,1.1464,1.1443,1.1375,1.095,1.1341,1.1338,1.159,0.0189,0.0225,0.0528,LOW
VM_012,1378752000,1.0667,1.1614,1.1489,1.1469,1.1403,1.0981,1.1375,1.1366,1.1614,0.0187,0.0254,0.0526,LOW
VM_012,1378752300,1.1333,1.1652,1.1529,1.151,1.1445,1.1029,1.1426,1.1411,1.1652,0.0184,0.0339,0.053,LOW
VM_012,1378752600,1.0,1.1685,1.1564,1.1545,1.1482,1.1071,1.1471,1.1449,1.1685,0.0182,0.0339,0.0523,LOW
VM_012,1378752900,1.0,1.1705,1.1587,1.1569,1.1509,1.1105,1.1506,1.1477,1.1705,0.0178,0.0339,0.0512,LOW
VM_012,1378753200,1.0,1.1727,1.1611,1.1593,1.1536,1.1138,1.1541,1.1505,1.1727,0.0175,0.0339,0.0503,LOW
VM_012,1378753500,1.0,1.1743,1.1629,1.1612,1.1557,1.1167,1.1571,1.1529,1.1743,0.0172,0.0339,0.0493,LOW
VM_012,1378753800,1.0,1.1755,1.1643,1.1626,1.1574,1.1192,1.1597,1.1547,1.1755,0.0168,0.0339,0.0483,LOW
VM_012,1378754100,1.0,1.1764,1.1653,1.1638,1.1588,1.1214,1.1621,1.1564,1.1764,0.0165,0.0339,0.0473,LOW
VM_012,1378754400,1.0,1.177,1.1661,1.1646,1.1599,1.1235,1.1642,1.1577,1.1772,0.0161,0.0339,0.0463,LOW
VM_012,1378754700,1.0,1.1774,1.1666,1.1652,1.1608,1.1253,1.166,1.1588,1.1783,0.0157,0.0339,0.0457,LOW
VM_012,1378755000,1.0,1.1775,1.1669,1.1655,1.1614,1.127,1.1677,1.1597,1.1792,0.0153,0.0339,0.0451,LOW
VM_012,1378755300,1.0,1.1774,1.1669,1.1657,1.1618,1.1286,1.1692,1.1605,1.1799,0.0149,0.0339,0.0444,LOW
VM_012,1378755600,1.0,1.177,1.1666,1.1655,1.162,1.13,1.1705,1.1609,1.1803,0.0145,0.0321,0.0434,LOW
VM_012,1378755900,1.0,1.1768,1.1665,1.1654,1.1623,1.1316,1.172,1.1616,1.1809,0.0141,0.0299,0.0424,LOW
VM_012,1378756200,1.0,1.1763,1.1662,1.1651,1.1624,1.133,1.1733,1.162,1.1813,0.0136,0.0299,0.0415,LOW
VM_012,1378756500,1.0,1.1756,1.1656,1.1646,1.1623,1.1343,1.1744,1.1622,1.1815,0.0132,0.0299,0.0407,LOW
VM_012,1378756800,1.0,1.1747,1.1648,1.1638,1.162,1.1354,1.1753,1.1623,1.1815,0.0128,0.0299,0.0398,LOW
VM_012,1378757100,1.0667,1.1748,1.1649,1.164,1.1626,1.1375,1.1772,1.1632,1.1825,0.0124,0.0321,0.0392,LOW
VM_012,1378757400,1.0,1.1741,1.1643,1.1634,1.1626,1.1391,1.1784,1.1636,1.1827,0.012,0.0321,0.0382,LOW
VM_012,1378757700,1.0,1.173,1.1635,1.1627,1.1623,1.1405,1.1794,1.1636,1.1829,0.0117,0.0321,0.0372,LOW
VM_012,1378758000,1.0,1.1723,1.1627,1.162,1.1622,1.142,1.1805,1.1639,1.1831,0.0114,0.0321,0.0362,LOW
VM_012,1378758300,1.0,1.1709,1.1614,1.1607,1.1614,1.1429,1.181,1.1635,1.1826,0.0111,0.0321,0.0351,LOW
VM_012,1378758600,1.0,1.1693,1.1599,1.1592,1.1605,1.1438,1.1813,1.163,1.1821,0.0109,0.0321,0.0341,LOW
VM_012,1378758900,1.0,1.1678,1.1585,1.1578,1.1597,1.1446,1.1817,1.1625,1.1817,0.0107,0.0321,0.033,LOW
VM_012,1378759200,1.0667,1.1672,1.1578,1.1572,1.1596,1.1463,1.1828,1.1629,1.1828,0.0107,0.0321,0.0326,LOW
VM_012,1378759500,1.1333,1.1684,1.1589,1.1582,1.1613,1.1498,1.1858,1.165,1.1858,0.0107,0.0321,0.0323,LOW
VM_012,1378759800,1.0,1.1683,1.1588,1.158,1.1618,1.152,1.1874,1.1658,1.1874,0.0108,0.0321,0.0318,LOW
VM_012,1378760100,1.0,1.1673,1.1578,1.157,1.1614,1.1533,1.1881,1.1657,1.1881,0.0109,0.0321,0.0313,LOW
VM_012,1378760400,1.0,1.1659,1.1564,1.1555,1.1606,1.1541,1.1883,1.1652,1.1883,0.011,0.0321,0.0308,LOW
VM_012,1378760700,1.0,1.1641,1.1546,1.1538,1.1594,1.1545,1.188,1.1643,1.188,0.0112,0.0321,0.0312,LOW
VM_012,1378761000,1.0,1.1622,1.1527,1.1519,1.158,1.1547,1.1875,1.1632,1.1875,0.0114,0.0321,0.0321,LOW
VM_012,1378761300,1.0,1.16,1.1504,1.1497,1.1562,1.1545,1.1865,1.1617,1.1865,0.0117,0.0321,0.0329,LOW
VM_012,1378761600,1.0,1.1576,1.148,1.1474,1.1543,1.154,1.1853,1.1601,1.1853,0.0119,0.0321,0.0338,LOW
VM_012,1378761900,1.0,1.1551,1.1455,1.1449,1.1522,1.1533,1.1839,1.1583,1.1839,0.0122,0.0321,0.0346,LOW
VM_012,1378762200,1.0,1.1526,1.143,1.1425,1.15,1.1524,1.1824,1.1563,1.1824,0.0124,0.0321,0.0353,LOW
VM_012,1378762500,1.0,1.15,1.1404,1.14,1.1478,1.1514,1.1807,1.1543,1.1807,0.0126,0.0321,0.0359,LOW
VM_012,1378762800,1.0,1.1473,1.1378,1.1375,1.1455,1.1504,1.1789,1.1523,1.1789,0.0129,0.0321,0.0365,LOW
VM_012,1378763100,1.0667,1.1463,1.137,1.1368,1.145,1.1511,1.1791,1.152,1.1791,0.0132,0.0339,0.0374,LOW
VM_012,1378763400,1.0,1.1455,1.1361,1.1359,1.1444,1.1517,1.179,1.1516,1.179,0.0135,0.0339,0.0381,LOW
VM_012,1378763700,1.0,1.1439,1.1346,1.1344,1.1431,1.1515,1.1781,1.1505,1.1781,0.0137,0.0339,0.0385,LOW
VM_012,1378764000,1.0,1.1422,1.1328,1.1327,1.1416,1.151,1.177,1.1491,1.177,0.0139,0.0339,0.0389,LOW
VM_012,1378764300,1.0,1.1402,1.1308,1.1307,1.1398,1.15,1.1754,1.1474,1.1754,0.0141,0.0321,0.039,LOW
VM_012,1378764600,1.0,1.1381,1.1288,1.1288,1.1379,1.149,1.1737,1.1456,1.1737,0.0142,0.0321,0.0392,LOW
VM_012,1378764900,1.0,1.1362,1.127,1.1272,1.1363,1.1481,1.1723,1.144,1.1723,0.0144,0.0321,0.0395,LOW
VM_012,1378765200,1.0,1.1345,1.1254,1.1256,1.1347,1.1473,1.1709,1.1426,1.1709,0.0145,0.0321,0.0397,LOW
VM_012,1378765500,1.0,1.1327,1.1235,1.1238,1.1329,1.1461,1.1692,1.1408,1.1692,0.0145,0.0321,0.0398,LOW
VM_012,1378765800,1.0,1.1307,1.1215,1.1219,1.1309,1.1447,1.1673,1.1389,1.1673,0.0146,0.0321,0.0399,LOW
VM_012,1378766100,1.0,1.1287,1.1195,1.1201,1.1289,1.1432,1.1653,1.1369,1.1653,0.0146,0.0321,0.0399,LOW
VM_012,1378766400,1.0667,1.1279,1.1187,1.1194,1.1281,1.1428,1.1646,1.1361,1.1646,0.0146,0.0321,0.0399,LOW
VM_012,1378766700,1.0,1.1268,1.1179,1.1187,1.1272,1.1424,1.1637,1.1352,1.1637,0.0146,0.0188,0.0383,LOW
VM_012,1378767000,1.0,1.1263,1.1172,1.1181,1.1265,1.1422,1.1632,1.1345,1.1632,0.0147,0.0188,0.0385,LOW
VM_012,1378767300,1.0,1.1249,1.116,1.117,1.1252,1.1411,1.1618,1.1332,1.1618,0.0146,0.0188,0.0386,LOW
VM_012,1378767600,1.0,1.1235,1.1146,1.1157,1.1237,1.1399,1.1603,1.1317,1.1603,0.0146,0.0188,0.0386,LOW
VM_012,1378767900,1.0,1.122,1.1131,1.1144,1.1221,1.1386,1.1586,1.13,1.1586,0.0145,0.0188,0.0386,LOW
VM_012,1378768200,1.0,1.1204,1.1116,1.113,1.1205,1.1371,1.1569,1.1283,1.1569,0.0144,0.0188,0.0386,LOW
VM_012,1378768500,1.0,1.1188,1.1101,1.1117,1.1188,1.1355,1.1552,1.1266,1.1552,0.0143,0.0188,0.0386,LOW
VM_012,1378768800,1.0,1.1173,1.1086,1.1105,1.1172,1.134,1.1535,1.1249,1.1535,0.0142,0.0188,0.0385,LOW
VM_012,1378769100,1.0,1.1158,1.1072,1.1092,1.1156,1.1325,1.1518,1.1231,1.1518,0.014,0.0188,0.0385,LOW
VM_012,1378769400,1.0,1.1142,1.1057,1.1079,1.114,1.1309,1.1501,1.1214,1.1501,0.0139,0.0188,0.0385,LOW
VM_012,1378769700,1.0,1.1127,1.1042,1.1066,1.1123,1.1292,1.1484,1.1196,1.1484,0.0138,0.0188,0.0385,LOW
VM_012,1378770000,1.0667,1.1124,1.1039,1.1065,1.1119,1.1288,1.1479,1.1191,1.1479,0.0137,0.0225,0.0391,LOW
VM_012,1378770300,1.1333,1.1142,1.1057,1.1084,1.1135,1.1304,1.1497,1.1206,1.1497,0.0136,0.0321,0.0407,LOW
VM_012,1378770600,1.0,1.1149,1.1064,1.1093,1.1141,1.131,1.1503,1.121,1.1503,0.0136,0.0321,0.0408,LOW
VM_012,1378770900,1.0,1.1148,1.1065,1.1094,1.1141,1.1309,1.1501,1.1208,1.1501,0.0135,0.0321,0.041,LOW
VM_012,1378771200,1.0,1.1143,1.1047,1.1078,1.1128,1.1303,1.1514,1.1198,1.1514,0.0143,0.0321,0.0433,LOW
VM_012,1378771500,1.0,1.1145,1.1044,1.1074,1.1128,1.1297,1.1521,1.1195,1.1521,0.0145,0.0321,0.0443,LOW
VM_012,1378771800,1.0,1.1146,1.1038,1.1068,1.1126,1.129,1.1526,1.1189,1.1526,0.0147,0.0321,0.0453,LOW
VM_012,1378772100,1.0,1.1145,1.1029,1.1061,1.1122,1.1281,1.1527,1.118,1.1527,0.0149,0.0321,0.0463,LOW
VM_012,1378772400,1.0,1.114,1.1017,1.1052,1.1115,1.1269,1.1525,1.1168,1.1525,0.0151,0.0321,0.0473,LOW
VM_012,1378772700,1.0,1.1133,1.1002,1.1041,1.1105,1.1255,1.152,1.1153,1.152,0.0153,0.0321,0.0482,LOW
VM_012,1378773000,1.0,1.1121,1.0984,1.1027,1.1091,1.1238,1.1513,1.1134,1.1513,0.0155,0.0321,0.0492,LOW
VM_012,1378773300,1.0,1.1105,1.0962,1.101,1.1074,1.1218,1.1502,1.1113,1.1502,0.0158,0.0321,0.0503,LOW
VM_012,1378773600,1.0,1.1085,1.0936,1.0989,1.1053,1.1196,1.1489,1.1088,1.1489,0.0161,0.0299,0.0511,LOW
VM_012,1378773900,1.0,1.1062,1.0912,1.0973,1.1035,1.1178,1.1479,1.1066,1.1479,0.0164,0.0299,0.0522,LOW
VM_012,1378774200,1.0,1.1045,1.0892,1.0959,1.102,1.1166,1.1476,1.1049,1.1476,0.0169,0.0299,0.0536,LOW
VM_012,1378774500,1.0,1.1025,1.0867,1.0939,1.1002,1.1151,1.1468,1.1028,1.1468,0.0174,0.0299,0.0551,LOW
VM_012,1378774800,1.0,1.0998,1.0836,1.0913,1.0977,1.1131,1.1454,1.1002,1.1454,0.0179,0.0299,0.0565,LOW
VM_012,1378775100,1.0,1.0967,1.0801,1.0883,1.0949,1.1107,1.1436,1.0971,1.1436,0.0184,0.0299,0.0578,LOW
VM_012,1378775400,1.0,1.0933,1.0764,1.0852,1.0918,1.1082,1.1415,1.0939,1.1415,0.0188,0.0299,0.0591,LOW
VM_012,1378775700,1.0,1.0899,1.0728,1.082,1.0887,1.1057,1.1394,1.0907,1.1394,0.0193,0.0299,0.0604,LOW
VM_012,1378776000,1.0,1.0866,1.0692,1.0787,1.0857,1.1033,1.1373,1.0875,1.1373,0.0198,0.0299,0.0616,LOW
VM_012,1378776300,1.0,1.0833,1.0657,1.0756,1.0827,1.101,1.1352,1.0845,1.1352,0.0203,0.0299,0.0628,LOW
VM_012,1378776600,1.0,1.0802,1.0625,1.0726,1.0799,1.099,1.1333,1.0816,1.1333,0.0207,0.0299,0.064,LOW
VM_012,1378776900,1.0,1.0774,1.0596,1.0699,1.0775,1.0973,1.1316,1.0791,1.1316,0.0212,0.0299,0.0651,LOW
VM_012,1378777200,1.0,1.075,1.0571,1.0677,1.0755,1.0961,1.1302,1.077,1.1302,0.0216,0.0272,0.0658,LOW
VM_012,1378777500,1.0667,1.0745,1.0564,1.067,1.0752,1.0967,1.1308,1.0767,1.1308,0.0221,0.0136,0.0655,LOW
VM_012,1378777800,1.0,1.074,1.0557,1.0663,1.0749,1.0972,1.1311,1.0763,1.1311,0.0226,0.0136,0.0666,LOW
VM_012,1378778100,1.0,1.0735,1.0548,1.0653,1.0745,1.0976,1.1311,1.0757,1.1311,0.023,0.0136,0.0677,LOW
VM_012,1378778400,1.0,1.0729,1.0539,1.0643,1.074,1.0978,1.131,1.0751,1.131,0.0234,0.0136,0.0686,LOW
VM_012,1378778700,1.0,1.0725,1.0532,1.0634,1.0737,1.0981,1.1309,1.0746,1.1309,0.0238,0.0136,0.0695,LOW
VM_012,1378779000,1.2,1.0761,1.0558,1.0658,1.0766,1.1017,1.1345,1.0775,1.1345,0.0243,0.0425,0.0745,LOW
VM_012,1378779300,1.1333,1.081,1.0603,1.07,1.0813,1.1069,1.1395,1.082,1.1395,0.0247,0.0491,0.0765,LOW
VM_012,1378779600,1.0667,1.0868,1.0654,1.0747,1.0868,1.1131,1.1457,1.0873,1.1457,0.0253,0.05,0.0782,LOW
VM_012,1378779900,1.0,1.0913,1.069,1.0778,1.0909,1.1178,1.1502,1.0913,1.1502,0.0258,0.05,0.0795,LOW
VM_012,1378780200,1.0,1.0941,1.0711,1.0795,1.0936,1.1208,1.1531,1.0936,1.1531,0.0262,0.05,0.0805,LOW
VM_012,1378780500,1.0,1.0962,1.0723,1.0805,1.0954,1.1229,1.155,1.0951,1.155,0.0266,0.05,0.0814,LOW
VM_012,1378780800,1.0667,1.0988,1.0741,1.082,1.0977,1.1254,1.1576,1.0971,1.1576,0.027,0.0508,0.0825,LOW
VM_012,1378781100,1.0,1.1009,1.0753,1.0831,1.0994,1.1275,1.1598,1.0986,1.1598,0.0274,0.0508,0.0836,MEDIUM
VM_012,1378781400,1.0,1.1022,1.0755,1.0831,1.1002,1.1285,1.1611,1.0992,1.1611,0.0278,0.0508,0.0846,MEDIUM
VM_012,1378781700,1.0,1.1023,1.0748,1.0822,1.0999,1.1285,1.1613,1.0987,1.1613,0.0282,0.0508,0.0856,MEDIUM
VM_012,1378782000,1.0,1.1018,1.0733,1.0805,1.0989,1.1277,1.1609,1.0976,1.1609,0.0286,0.0508,0.0866,MEDIUM
VM_012,1378782300,1.0,1.1005,1.0711,1.0782,1.0972,1.1263,1.16,1.0958,1.16,0.029,0.0508,0.0877,MEDIUM
VM_012,1378782600,1.0,1.0988,1.0684,1.0756,1.095,1.1244,1.1587,1.0935,1.1587,0.0294,0.0508,0.0889,MEDIUM
VM_012,1378782900,1.0,1.0965,1.0652,1.0723,1.0921,1.1221,1.1571,1.0908,1.1571,0.03,0.0508,0.0903,MEDIUM
VM_012,1378783200,1.0,1.0939,1.0621,1.0693,1.0895,1.1199,1.1557,1.0882,1.1557,0.0305,0.0508,0.0917,MEDIUM
VM_012,1378783500,1.0,1.0913,1.0583,1.0655,1.0862,1.1175,1.1543,1.0852,1.1543,0.0312,0.0508,0.0935,MEDIUM
VM_012,1378783800,1.0,1.0878,1.054,1.061,1.0823,1.1143,1.1522,1.0815,1.1522,0.0319,0.0508,0.0953,MEDIUM
VM_012,1378784100,1.0,1.0838,1.0492,1.0561,1.0779,1.1109,1.1498,1.0775,1.1498,0.0326,0.0508,0.0971,MEDIUM
VM_012,1378784400,1.0667,1.0808,1.0454,1.0523,1.0745,1.1085,1.1486,1.0745,1.1486,0.0334,0.0513,0.0994,MEDIUM
VM_012,1378784700,1.1333,1.0802,1.0438,1.0506,1.0733,1.1086,1.1502,1.0739,1.1502,0.0344,0.0553,0.1026,MEDIUM
VM_012,1378785000,1.0,1.0783,1.0409,1.0473,1.0708,1.1076,1.1506,1.072,1.1506,0.0354,0.0553,0.1053,MEDIUM
VM_012,1378785300,1.0,1.0753,1.0373,1.0434,1.0677,1.1058,1.15,1.0694,1.15,0.0364,0.0553,0.1078,MEDIUM
VM_012,1378785600,1.0,1.0719,1.0332,1.0391,1.0641,1.1038,1.1491,1.0664,1.1491,0.0375,0.0553,0.1104,MEDIUM
VM_012,1378785900,1.0,1.0681,1.0288,1.0344,1.0602,1.1015,1.148,1.0632,1.148,0.0385,0.0553,0.113,MEDIUM
VM_012,1378786200,1.0,1.0646,1.025,1.0304,1.0568,1.0997,1.1472,1.0605,1.1472,0.0395,0.0416,0.1136,MEDIUM
VM_012,1378786500,1.0,1.061,1.0208,1.0259,1.0531,1.0978,1.1463,1.0575,1.1463,0.0406,0.0339,0.1153,MEDIUM
VM_012,1378786800,1.0,1.0572,1.0167,1.0214,1.0494,1.0956,1.1451,1.0545,1.1451,0.0416,0.0321,0.1175,MEDIUM
VM_012,1378787100,1.0,1.0539,1.0131,1.0176,1.0462,1.094,1.1442,1.052,1.1442,0.0425,0.0321,0.1196,MEDIUM
VM_012,1378787400,1.0,1.0509,1.0099,1.0141,1.0433,1.0926,1.1435,1.0497,1.1435,0.0434,0.0321,0.1218,MEDIUM
VM_012,1378787700,1.0,1.0482,1.0069,1.0108,1.0406,1.0914,1.1427,1.0477,1.1427,0.0442,0.0321,0.1236,MEDIUM
VM_012,1378788000,1.0,1.0459,1.0045,1.008,1.0384,1.0903,1.142,1.046,1.142,0.0449,0.0299,0.1249,MEDIUM
VM_012,1378788300,1.0,1.0447,1.0033,1.0066,1.0374,1.0903,1.1423,1.0455,1.1423,0.0454,0.0299,0.1263,MEDIUM
VM_012,1378788600,1.0,1.0439,1.0024,1.0054,1.0367,1.0904,1.1427,1.0452,1.1427,0.046,0.0299,0.1275,MEDIUM
VM_012,1378788900,1.0,1.0439,1.0024,1.0051,1.0367,1.0909,1.1433,1.0455,1.1433,0.0463,0.0299,0.1283,MEDIUM
VM_012,1378789200,1.0,1.0458,1.0049,1.0075,1.0391,1.0934,1.1457,1.048,1.1457,0.0463,0.0299,0.1285,MEDIUM
VM_012,1378789500,1.0,1.0483,1.0073,1.0098,1.0414,1.0961,1.1487,1.0507,1.1487,0.0466,0.0299,0.1292,MEDIUM
VM_012,1378789800,1.0,1.0509,1.01,1.0122,1.0439,1.0984,1.1511,1.0533,1.1511,0.0466,0.0299,0.1293,MEDIUM
VM_012,1378790100,1.0,1.0542,1.0133,1.0154,1.047,1.101,1.1536,1.0564,1.1536,0.0464,0.0299,0.129,MEDIUM
VM_012,1378790400,1.0,1.0579,1.0172,1.0191,1.0505,1.1037,1.1564,1.0598,1.1564,0.0461,0.0299,0.1285,MEDIUM
VM_012,1378790700,1.0,1.0622,1.0216,1.0234,1.0545,1.1068,1.1594,1.0637,1.1594,0.0456,0.0299,0.1277,MEDIUM
VM_012,1378791000,1.0,1.0671,1.0265,1.0283,1.0588,1.11,1.1627,1.068,1.1627,0.0451,0.0299,0.1267,MEDIUM
VM_012,1378791300,1.0,1.0728,1.0326,1.0344,1.0642,1.1141,1.1667,1.0732,1.1667,0.0445,0.0299,0.1255,MEDIUM
VM_012,1378791600,1.0667,1.0794,1.039,1.0407,1.0701,1.1186,1.1717,1.0789,1.1717,0.044,0.0299,0.1247,MEDIUM
VM_012,1378791900,1.1333,1.0891,1.0488,1.0506,1.0792,1.1262,1.1796,1.0878,1.1796,0.0434,0.0299,0.1239,MEDIUM
VM_012,1378792200,1.0,1.098,1.0576,1.0592,1.0873,1.133,1.1869,1.0958,1.1869,0.0429,0.0299,0.1231,MEDIUM
VM_012,1378792500,1.0,1.1058,1.0653,1.067,1.0945,1.1386,1.1929,1.1028,1.1929,0.0424,0.0299,0.122,MEDIUM
VM_012,1378792800,1.0,1.113,1.0726,1.0743,1.1013,1.1438,1.1982,1.1092,1.1982,0.0417,0.0299,0.1207,MEDIUM
VM_012,1378793100,1.0,1.1198,1.0793,1.081,1.1075,1.1484,1.2031,1.1152,1.2031,0.0411,0.0299,0.1194,MEDIUM
VM_012,1378793400,1.0,1.1269,1.0867,1.0886,1.1142,1.1536,1.2083,1.1217,1.2083,0.0404,0.0299,0.1178,MEDIUM
VM_012,1378793700,1.0,1.1334,1.093,1.095,1.1201,1.1581,1.2131,1.1274,1.2131,0.0398,0.0299,0.1167,MEDIUM
VM_012,1378794000,1.0,1.1389,1.0984,1.1005,1.1251,1.1616,1.2167,1.1322,1.2167,0.0392,0.0299,0.1153,MEDIUM
VM_012,1378794300,1.0,1.1443,1.104,1.1062,1.1302,1.1652,1.2203,1.137,1.2203,0.0386,0.0299,0.1138,MEDIUM
VM_012,1378794600,1.0,1.1496,1.1093,1.1117,1.1352,1.1687,1.2238,1.1417,1.2238,0.038,0.0299,0.1124,MEDIUM
VM_012,1378794900,1.0,1.1537,1.1132,1.1156,1.1387,1.171,1.2262,1.1451,1.2262,0.0374,0.0299,0.1111,MEDIUM
VM_012,1378795200,1.0667,1.1576,1.117,1.1195,1.1422,1.173,1.2281,1.1483,1.2281,0.0368,0.0321,0.1098,MEDIUM
VM_012,1378795500,1.1333,1.1635,1.1226,1.1251,1.1475,1.1769,1.2321,1.1534,1.2321,0.0364,0.0405,0.1098,MEDIUM
VM_012,1378795800,1.0,1.1677,1.1266,1.1291,1.1511,1.1793,1.2345,1.1569,1.2345,0.0359,0.0405,0.1084,MEDIUM
VM_012,1378796100,1.0,1.1706,1.1294,1.132,1.1537,1.1805,1.2354,1.1591,1.2354,0.0353,0.0405,0.1067,MEDIUM
VM_012,1378796400,1.0,1.1729,1.1316,1.1343,1.1557,1.1811,1.2356,1.1608,1.2356,0.0347,0.0405,0.1049,MEDIUM
VM_012,1378796700,1.0,1.1749,1.1337,1.1365,1.1575,1.1815,1.2356,1.1623,1.2356,0.034,0.0405,0.1031,MEDIUM
VM_012,1378797000,1.0,1.1765,1.1354,1.1383,1.1589,1.1815,1.2353,1.1634,1.2353,0.0334,0.0405,0.1013,MEDIUM
VM_012,1378797300,1.0,1.177,1.1356,1.1385,1.1589,1.1801,1.2336,1.1631,1.2336,0.0328,0.0405,0.0996,MEDIUM
VM_012,1378797600,1.0,1.1765,1.1352,1.1381,1.1581,1.1779,1.2308,1.162,1.2308,0.0321,0.0405,0.0974,MEDIUM
VM_012,1378797900,1.0,1.1757,1.1342,1.1371,1.1568,1.1751,1.2275,1.1604,1.2275,0.0314,0.0405,0.0954,MEDIUM
VM_012,1378798200,1.0,1.1743,1.1328,1.1357,1.1551,1.1717,1.2237,1.1583,1.2237,0.0307,0.0405,0.0932,MEDIUM
VM_012,1378798500,1.0,1.1726,1.131,1.1339,1.1529,1.1679,1.2194,1.1557,1.2194,0.03,0.0405,0.091,MEDIUM
VM_012,1378798800,1.0,1.1705,1.1289,1.1319,1.1504,1.1638,1.2147,1.1529,1.2147,0.0293,0.0392,0.0885,MEDIUM
VM_012,1378799100,1.0,1.1687,1.127,1.13,1.1481,1.1599,1.2104,1.1502,1.2104,0.0287,0.0299,0.0852,MEDIUM
VM_012,1378799400,1.0,1.1664,1.1245,1.1275,1.1452,1.1553,1.2054,1.1469,1.2054,0.028,0.0299,0.0831,LOW
VM_012,1378799700,1.0,1.1637,1.1218,1.1247,1.142,1.1504,1.2001,1.1433,1.2001,0.0274,0.0299,0.0808,LOW
VM_012,1378800000,1.0,1.161,1.119,1.1218,1.1387,1.1453,1.1947,1.1396,1.1947,0.0267,0.0299,0.0786,LOW
VM_012,1378800300,1.0,1.1581,1.1161,1.1187,1.1352,1.1401,1.1891,1.1357,1.1891,0.0262,0.0299,0.0763,LOW
VM_012,1378800600,1.0,1.1552,1.1131,1.1156,1.1317,1.1348,1.1835,1.1317,1.1835,0.0256,0.0299,0.0741,LOW
VM_012,1378800900,1.0,1.1524,1.1101,1.1125,1.1281,1.1295,1.1779,1.1278,1.1779,0.0251,0.0299,0.072,LOW
VM_012,1378801200,1.0,1.1495,1.1072,1.1093,1.1245,1.1242,1.1723,1.1238,1.1723,0.0246,0.0299,0.0699,LOW
VM_012,1378801500,1.0,1.1468,1.1043,1.1063,1.121,1.1189,1.1669,1.1199,1.1669,0.0242,0.0299,0.0678,LOW
VM_012,1378801800,1.0,1.1441,1.1016,1.1033,1.1176,1.1138,1.1616,1.1161,1.1616,0.0238,0.0299,0.0657,LOW
VM_012,1378802100,1.0,1.1416,1.099,1.1004,1.1143,1.1089,1.1564,1.1125,1.1564,0.0234,0.0299,0.0637,LOW
VM_012,1378802400,1.0,1.1391,1.0964,1.0975,1.111,1.1039,1.1513,1.1088,1.1513,0.0231,0.0272,0.0614,LOW
VM_012,1378802700,1.0667,1.1381,1.0953,1.0961,1.1091,1.1005,1.1478,1.1066,1.1478,0.0229,0.0136,0.0579,LOW
VM_012,1378803000,1.0,1.1372,1.0943,1.0947,1.1073,1.0973,1.1445,1.1046,1.1445,0.0227,0.0136,0.0562,LOW
VM_012,1378803300,1.0,1.136,1.093,1.093,1.1052,1.0937,1.1409,1.1022,1.1409,0.0226,0.0136,0.0545,LOW
VM_012,1378803600,1.0,1.1348,1.0917,1.0913,1.1032,1.0903,1.1372,1.0999,1.1376,0.0225,0.0136,0.053,LOW
VM_012,1378803900,1.0,1.1337,1.0906,1.0897,1.1012,1.087,1.1338,1.0977,1.1354,0.0224,0.0136,0.0522,LOW
VM_012,1378804200,1.0,1.1328,1.0897,1.0883,1.0994,1.0839,1.1305,1.0957,1.1332,0.0224,0.0136,0.0514,LOW
VM_012,1378804500,1.0,1.1321,1.0889,1.0871,1.0978,1.0811,1.1275,1.0939,1.1321,0.0224,0.0136,0.0512,LOW
VM_012,1378804800,1.0,1.1318,1.0888,1.0865,1.0968,1.079,1.1251,1.0926,1.1318,0.0224,0.0136,0.0512,LOW
VM_012,1378805100,1.0,1.1318,1.0888,1.0859,1.0959,1.077,1.123,1.0916,1.1318,0.0224,0.0136,0.0514,LOW
VM_012,1378805400,1.0,1.1317,1.0887,1.0853,1.095,1.075,1.1207,1.0905,1.1317,0.0225,0.0136,0.0523,LOW
VM_012,1378805700,1.0,1.1317,1.0887,1.0848,1.0941,1.0732,1.1186,1.0895,1.1317,0.0226,0.0136,0.0536,LOW
VM_012,1378806000,1.0,1.1317,1.0889,1.0845,1.0934,1.0716,1.1167,1.0887,1.1317,0.0226,0.0136,0.0547,LOW
VM_012,1378806300,1.0667,1.1332,1.0903,1.0853,1.094,1.0713,1.1162,1.0892,1.1332,0.0228,0.0188,0.0566,LOW
VM_012,1378806600,1.0,1.1345,1.0917,1.0861,1.0946,1.071,1.1157,1.0896,1.1345,0.0229,0.0188,0.0578,LOW
VM_012,1378806900,1.0,1.1354,1.0927,1.0866,1.0947,1.0703,1.1148,1.0897,1.1354,0.0231,0.0188,0.0588,LOW
VM_012,1378807200,1.0,1.1362,1.0936,1.087,1.0949,1.0697,1.1138,1.0898,1.1362,0.0232,0.0188,0.0598,LOW
VM_012,1378807500,1.0,1.137,1.0945,1.0874,1.095,1.0691,1.1129,1.0899,1.137,0.0233,0.0188,0.0607,LOW
VM_012,1378807800,1.2857,1.1408,1.0979,1.0901,1.0976,1.0709,1.1146,1.0924,1.1408,0.0236,0.0601,0.0674,LOW
VM_012,1378808100,1.0667,1.1444,1.1017,1.0933,1.1005,1.0731,1.1165,1.0953,1.1444,0.0238,0.0608,0.0685,LOW
VM_012,1378808400,1.0,1.1472,1.1046,1.0956,1.1026,1.0746,1.1178,1.0974,1.1472,0.024,0.0608,0.0694,LOW
VM_012,1378808700,1.0,1.1492,1.1067,1.0973,1.1041,1.0755,1.1184,1.0988,1.1492,0.0241,0.0608,0.0701,LOW
VM_012,1378809000,1.0,1.1508,1.1085,1.0986,1.1051,1.076,1.1185,1.0998,1.1508,0.0242,0.0608,0.0708,LOW
VM_012,1378809300,1.0,1.152,1.1099,1.0995,1.1059,1.0763,1.1184,1.1006,1.152,0.0244,0.0608,0.0715,LOW
VM_012,1378809600,1.0,1.1528,1.1109,1.1001,1.1063,1.0761,1.1179,1.1009,1.1528,0.0245,0.0608,0.072,LOW
VM_012,1378809900,1.0,1.1539,1.1123,1.1012,1.1072,1.0765,1.1179,1.1018,1.1539,0.0246,0.0601,0.0725,LOW
VM_012,1378810200,1.0,1.155,1.1134,1.102,1.1077,1.0765,1.1178,1.1023,1.155,0.0248,0.0601,0.0732,LOW
VM_012,1378810500,1.0,1.1554,1.114,1.1022,1.1078,1.0761,1.117,1.1024,1.1554,0.0249,0.0601,0.0736,LOW
VM_012,1378810800,1.0,1.1557,1.1145,1.1024,1.1078,1.0755,1.1163,1.1023,1.1557,0.025,0.0601,0.0741,LOW
VM_012,1378811100,1.0,1.1558,1.1148,1.1025,1.1077,1.0749,1.1154,1.1022,1.1558,0.0251,0.0601,0.0746,LOW
VM_012,1378811400,1.0,1.1558,1.115,1.1024,1.1075,1.0741,1.1144,1.1019,1.1558,0.0252,0.0601,0.075,LOW
VM_012,1378811700,1.0,1.1557,1.1151,1.1024,1.1072,1.0734,1.1134,1.1016,1.1557,0.0253,0.0601,0.0754,LOW
VM_012,1378812000,1.0,1.1556,1.1152,1.1022,1.1069,1.0726,1.1124,1.1012,1.1556,0.0254,0.0601,0.0758,LOW
VM_012,1378812300,1.0,1.1552,1.1151,1.1019,1.1065,1.0717,1.1114,1.1008,1.1552,0.0255,0.0601,0.076,LOW
VM_012,1378812600,1.0,1.155,1.1151,1.1018,1.1062,1.0709,1.1104,1.1004,1.155,0.0256,0.0601,0.0763,LOW
VM_012,1378812900,1.0,1.1547,1.115,1.1016,1.1058,1.0702,1.1095,1.1,1.1547,0.0257,0.0601,0.0766,LOW
VM_012,1378813200,1.0,1.154,1.1146,1.1011,1.1052,1.0691,1.1083,1.0994,1.154,0.0257,0.0601,0.0767,LOW
VM_012,1378813500,1.0,1.1536,1.1142,1.1006,1.1047,1.0681,1.1073,1.0988,1.1536,0.0258,0.0593,0.0769,LOW
VM_012,1378813800,1.0,1.1528,1.1138,1.1001,1.104,1.0671,1.1061,1.098,1.1528,0.0259,0.0593,0.077,LOW
VM_012,1378814100,1.0,1.1521,1.1133,1.0995,1.1034,1.066,1.1049,1.0973,1.1521,0.0259,0.0593,0.0771,LOW
VM_012,1378814400,1.0667,1.1521,1.1133,1.0995,1.1033,1.0655,1.1044,1.0972,1.1521,0.026,0.0601,0.0774,LOW
VM_012,1378814700,1.0,1.1517,1.1132,1.0993,1.103,1.0649,1.1037,1.0969,1.1517,0.026,0.0601,0.0775,LOW
VM_012,1378815000,1.0,1.1511,1.1128,1.099,1.1026,1.0641,1.1028,1.0964,1.1511,0.0261,0.0188,0.0722,LOW
VM_012,1378815300,1.0,1.1505,1.1125,1.0986,1.1022,1.0634,1.1021,1.0959,1.1505,0.0261,0.0136,0.0714,LOW
VM_012,1378815600,1.0,1.1499,1.1121,1.0982,1.1018,1.0626,1.1013,1.0954,1.1499,0.0261,0.0136,0.0714,LOW
VM_012,1378815900,1.0,1.149,1.1114,1.0976,1.1011,1.0617,1.1003,1.0947,1.149,0.0261,0.0136,0.0713,LOW
VM_012,1378816200,1.0,1.148,1.1107,1.0969,1.1004,1.0607,1.0993,1.094,1.148,0.0261,0.0136,0.0712,LOW
VM_012,1378816500,1.0,1.147,1.1099,1.0962,1.0997,1.0597,1.0982,1.0932,1.147,0.026,0.0136,0.0711,LOW
VM_012,1378816800,1.0,1.1457,1.1089,1.0953,1.0988,1.0585,1.097,1.0922,1.1457,0.026,0.0136,0.0708,LOW
VM_012,1378817100,1.0,1.1448,1.1082,1.0947,1.0982,1.0576,1.0962,1.0915,1.1448,0.026,0.0136,0.0707,LOW
VM_012,1378817400,1.0,1.1439,1.1074,1.094,1.0975,1.0567,1.0953,1.0908,1.1439,0.026,0.0136,0.0705,LOW
VM_012,1378817700,1.0,1.1427,1.1065,1.0932,1.0967,1.0557,1.0943,1.09,1.1427,0.0259,0.0136,0.0703,LOW
VM_012,1378818000,1.0,1.1416,1.1057,1.0925,1.096,1.0547,1.0933,1.0892,1.1416,0.0259,0.0136,0.07,LOW
VM_012,1378818300,1.0,1.1404,1.1048,1.0917,1.0952,1.0537,1.0923,1.0883,1.1404,0.0258,0.0136,0.0697,LOW
VM_012,1378818600,1.0,1.1393,1.1039,1.0909,1.0945,1.0527,1.0914,1.0875,1.1393,0.0257,0.0136,0.0695,LOW
VM_012,1378818900,1.0,1.1381,1.103,1.0901,1.0937,1.0518,1.0905,1.0867,1.1381,0.0257,0.0136,0.0692,LOW
VM_012,1378819200,1.0,1.1369,1.102,1.0894,1.093,1.0508,1.0895,1.0859,1.1369,0.0256,0.0136,0.069,LOW
VM_012,1378819500,1.0,1.1357,1.1011,1.0886,1.0922,1.0499,1.0887,1.0851,1.1357,0.0255,0.0136,0.0687,LOW
VM_012,1378819800,1.0,1.1345,1.1002,1.0879,1.0915,1.049,1.0878,1.0843,1.1345,0.0255,0.0136,0.0685,LOW
VM_012,1378820100,1.0,1.1334,1.0995,1.0873,1.091,1.0484,1.0872,1.0838,1.1334,0.0253,0.0136,0.0681,LOW
VM_012,1378820400,1.0,1.1323,1.0987,1.0868,1.0906,1.0478,1.0866,1.0832,1.1323,0.0252,0.0136,0.0677,LOW
VM_012,1378820700,1.0,1.1314,1.0982,1.0864,1.0903,1.0474,1.0863,1.0829,1.1314,0.0251,0.0136,0.0673,LOW
VM_012,1378821000,1.0,1.1306,1.0976,1.0861,1.09,1.047,1.0859,1.0826,1.1306,0.025,0.0136,0.067,LOW
VM_012,1378821300,1.0,1.1295,1.0969,1.0855,1.0896,1.0463,1.0853,1.082,1.1295,0.0249,0.0136,0.0667,LOW
VM_012,1378821600,1.6667,1.1363,1.1031,1.0914,1.0958,1.0521,1.0917,1.0883,1.1363,0.025,0.1361,0.0832,MEDIUM
VM_012,1378821900,1.4667,1.146,1.1125,1.1004,1.1051,1.061,1.1011,1.0975,1.146,0.0251,0.1627,0.0873,MEDIUM
VM_012,1378822200,1.0,1.1518,1.1186,1.1065,1.1115,1.0674,1.1075,1.1038,1.1518,0.025,0.1627,0.0868,MEDIUM
VM_012,1378822500,1.0,1.1554,1.1225,1.1104,1.1158,1.0717,1.1119,1.1081,1.1554,0.0248,0.1627,0.0862,MEDIUM
VM_012,1378822800,1.0667,1.1584,1.1257,1.1137,1.1193,1.0753,1.1156,1.1115,1.1584,0.0246,0.1624,0.0858,MEDIUM
VM_012,1378823100,1.0,1.16,1.1276,1.1157,1.1215,1.0775,1.1178,1.1137,1.16,0.0245,0.1624,0.0853,MEDIUM
VM_012,1378823400,1.2667,1.1639,1.1314,1.1196,1.1256,1.0814,1.1221,1.1178,1.1639,0.0244,0.1679,0.086,MEDIUM
VM_012,1378823700,1.0,1.1658,1.1337,1.122,1.1281,1.084,1.1248,1.1203,1.1658,0.0243,0.1679,0.0855,MEDIUM
VM_012,1378824000,1.0,1.1663,1.1345,1.123,1.1293,1.0851,1.126,1.1214,1.1663,0.0241,0.1679,0.0849,MEDIUM
VM_012,1378824300,1.0,1.1661,1.1347,1.1235,1.1298,1.0856,1.1267,1.122,1.1661,0.024,0.1679,0.0843,MEDIUM
VM_012,1378824600,1.0,1.1654,1.1343,1.1233,1.1298,1.0855,1.1267,1.1219,1.1654,0.0238,0.1679,0.0839,MEDIUM
VM_012,1378824900,1.0,1.1639,1.1334,1.1227,1.1291,1.0848,1.1261,1.1212,1.1639,0.0237,0.1679,0.0832,MEDIUM
VM_012,1378825200,1.0,1.1623,1.1321,1.1217,1.1282,1.0837,1.1251,1.1202,1.1623,0.0236,0.1679,0.0829,LOW
VM_012,1378825500,1.0,1.16,1.1303,1.1202,1.1267,1.082,1.1236,1.1186,1.16,0.0234,0.1679,0.0825,LOW
VM_012,1378825800,1.0,1.1577,1.1285,1.1187,1.1251,1.0803,1.122,1.117,1.1577,0.0233,0.1679,0.082,LOW
VM_012,1378826100,1.1333,1.1571,1.1282,1.1185,1.125,1.0799,1.1218,1.1168,1.1571,0.0232,0.168,0.0818,LOW
VM_012,1378826400,1.0,1.1555,1.1272,1.1178,1.1242,1.0789,1.121,1.116,1.1555,0.0231,0.168,0.0814,LOW
VM_012,1378826700,1.2,1.1562,1.1282,1.1189,1.1253,1.0798,1.1221,1.1171,1.1562,0.023,0.1695,0.0815,LOW
VM_012,1378827000,1.0667,1.1565,1.1289,1.1197,1.1262,1.0804,1.1229,1.1179,1.1565,0.0229,0.1687,0.0811,LOW
VM_012,1378827300,1.0,1.1557,1.1286,1.1196,1.1261,1.0801,1.1227,1.1177,1.1557,0.0228,0.1687,0.0807,LOW
VM_012,1378827600,1.0,1.1542,1.1276,1.1189,1.1254,1.0792,1.1218,1.1169,1.1542,0.0226,0.1687,0.0802,LOW
VM_012,1378827900,1.0,1.1527,1.1266,1.1181,1.1245,1.0782,1.1209,1.1159,1.1527,0.0225,0.1687,0.0798,LOW
VM_012,1378828200,1.0667,1.1517,1.1261,1.1177,1.1242,1.0776,1.1204,1.1155,1.1519,0.0224,0.1679,0.0796,LOW
VM_012,1378828500,1.1333,1.152,1.1268,1.1186,1.125,1.0782,1.1211,1.1163,1.1525,0.0224,0.1674,0.0795,LOW
VM_012,1378828800,1.0667,1.1524,1.1277,1.1196,1.126,1.079,1.1221,1.1172,1.1533,0.0223,0.1128,0.0725,LOW
VM_012,1378829100,1.0,1.152,1.1278,1.1199,1.1262,1.079,1.1222,1.1174,1.1533,0.0221,0.0731,0.0674,LOW
VM_012,1378829400,1.0,1.1509,1.1273,1.1197,1.1259,1.0785,1.1217,1.117,1.1527,0.022,0.0731,0.0673,LOW
VM_012,1378829700,1.0,1.1497,1.1267,1.1192,1.1254,1.0777,1.121,1.1164,1.1519,0.0219,0.0731,0.0672,LOW
VM_012,1378830000,1.0,1.1483,1.1258,1.1186,1.1246,1.0768,1.1201,1.1156,1.1508,0.0218,0.0733,0.0672,LOW
VM_012,1378830300,1.0,1.1469,1.1249,1.1179,1.1238,1.0758,1.1191,1.1147,1.1497,0.0217,0.0733,0.0671,LOW
VM_012,1378830600,1.0,1.1454,1.124,1.1172,1.123,1.0747,1.1181,1.1138,1.1485,0.0216,0.0553,0.0647,LOW
VM_012,1378830900,1.0,1.144,1.1232,1.1166,1.1222,1.0737,1.1172,1.113,1.1474,0.0215,0.0553,0.0646,LOW
VM_012,1378831200,1.0,1.1424,1.1223,1.1159,1.1213,1.0726,1.1161,1.112,1.1461,0.0214,0.0553,0.0645,LOW
VM_012,1378831500,1.0,1.1414,1.1221,1.1161,1.1213,1.0727,1.116,1.112,1.146,0.0212,0.0553,0.0643,LOW
VM_012,1378831800,1.0,1.1414,1.1225,1.1167,1.1217,1.0727,1.1164,1.1124,1.1461,0.0212,0.0553,0.0644,LOW
VM_012,1378832100,1.0,1.1405,1.1223,1.1167,1.1216,1.0724,1.116,1.1121,1.1455,0.0211,0.0553,0.0642,LOW
VM_012,1378832400,1.0,1.14,1.1225,1.117,1.1218,1.0724,1.1161,1.1123,1.1454,0.021,0.0553,0.0641,LOW
VM_012,1378832700,1.0,1.1398,1.1228,1.1176,1.1221,1.0726,1.1163,1.1126,1.1454,0.0209,0.0553,0.0639,LOW
VM_012,1378833000,1.0667,1.1406,1.1241,1.119,1.1234,1.0736,1.1175,1.1138,1.1463,0.0208,0.0555,0.0638,LOW
VM_012,1378833300,1.0,1.1412,1.1253,1.1204,1.1247,1.0748,1.1187,1.115,1.1472,0.0207,0.0513,0.0631,LOW
VM_012,1378833600,1.0,1.142,1.1267,1.1219,1.126,1.0759,1.1199,1.1163,1.1481,0.0207,0.0513,0.063,LOW
VM_012,1378833900,1.0,1.1425,1.1278,1.1232,1.1272,1.0769,1.121,1.1174,1.1489,0.0206,0.0354,0.0608,LOW
VM_012,1378834200,1.1333,1.1452,1.1309,1.1264,1.1302,1.0797,1.124,1.1204,1.1516,0.0205,0.0416,0.0614,LOW
VM_012,1378834500,1.0667,1.1481,1.1343,1.1298,1.1335,1.0829,1.1274,1.1237,1.1546,0.0205,0.0425,0.0614,LOW
VM_012,1378834800,1.0,1.1501,1.1369,1.1326,1.1362,1.0856,1.1301,1.1263,1.1569,0.0203,0.0425,0.0612,LOW
VM_012,1378835100,1.0,1.1523,1.1398,1.1358,1.1393,1.0887,1.1333,1.1294,1.1598,0.0202,0.0425,0.0609,LOW
VM_012,1378835400,1.0,1.155,1.143,1.1391,1.1425,1.0919,1.1367,1.1326,1.1627,0.0201,0.0416,0.0607,LOW
VM_012,1378835700,1.0,1.1571,1.1456,1.1418,1.1451,1.0945,1.1394,1.1352,1.1651,0.02,0.0339,0.0594,LOW
VM_012,1378836000,1.0,1.159,1.148,1.1444,1.1476,1.097,1.1421,1.1377,1.1673,0.0199,0.0321,0.059,LOW
VM_012,1378836300,1.0,1.1609,1.1504,1.1469,1.15,1.0994,1.1446,1.1401,1.1694,0.0198,0.0321,0.0587,LOW
VM_012,1378836600,1.0,1.1627,1.1527,1.1494,1.1523,1.1019,1.1472,1.1425,1.1715,0.0196,0.0321,0.0584,LOW
VM_012,1378836900,1.0,1.1645,1.155,1.1519,1.1546,1.1043,1.1498,1.1448,1.1735,0.0195,0.0321,0.0582,LOW
VM_012,1378837200,1.0,1.1663,1.1573,1.1543,1.157,1.1068,1.1524,1.1472,1.1756,0.0194,0.0321,0.0579,LOW
VM_012,1378837500,1.0,1.1682,1.1596,1.1568,1.1593,1.1093,1.1551,1.1496,1.1778,0.0192,0.0321,0.0575,LOW
VM_012,1378837800,1.0,1.17,1.1619,1.1593,1.1616,1.1119,1.1578,1.152,1.1799,0.0191,0.0321,0.0572,LOW
VM_012,1378838100,1.0,1.1719,1.1642,1.1617,1.164,1.1146,1.1606,1.1545,1.1822,0.0189,0.0321,0.0568,LOW
VM_012,1378838400,1.0,1.1735,1.1664,1.1641,1.1663,1.1173,1.1633,1.1569,1.1843,0.0187,0.0321,0.0564,LOW
VM_012,1378838700,1.3333,1.1808,1.174,1.1718,1.174,1.1255,1.172,1.1648,1.1921,0.0185,0.0731,0.0614,LOW
VM_012,1378839000,1.0,1.1868,1.1803,1.1781,1.1804,1.1323,1.1791,1.1713,1.1985,0.0183,0.0731,0.0611,LOW
VM_012,1378839300,1.0,1.1906,1.1847,1.1825,1.185,1.1375,1.1844,1.176,1.2031,0.018,0.0731,0.0605,LOW
VM_012,1378839600,1.0,1.1941,1.1886,1.1865,1.1892,1.1425,1.1894,1.1804,1.2073,0.0177,0.0731,0.06,LOW
VM_012,1378839900,1.0,1.1972,1.1921,1.1902,1.193,1.1471,1.194,1.1844,1.2112,0.0174,0.0731,0.0594,LOW
VM_012,1378840200,1.0,1.1999,1.1952,1.1933,1.1964,1.1513,1.1982,1.1879,1.2147,0.0171,0.0727,0.0588,LOW
VM_012,1378840500,1.2,1.2054,1.2008,1.1989,1.2022,1.158,1.2051,1.194,1.2207,0.0169,0.081,0.0593,LOW
VM_012,1378840800,1.0,1.2089,1.2047,1.2029,1.2064,1.1632,1.2103,1.1984,1.225,0.0165,0.081,0.0587,LOW
VM_012,1378841100,1.0,1.2116,1.2077,1.2059,1.2098,1.1677,1.2147,1.202,1.2286,0.0162,0.081,0.0579,LOW
VM_012,1378841400,1.0,1.2136,1.21,1.2083,1.2125,1.1716,1.2185,1.205,1.2315,0.0158,0.0782,0.0568,LOW
VM_012,1378841700,1.0,1.2151,1.2117,1.2102,1.2146,1.1751,1.2218,1.2075,1.234,0.0154,0.0778,0.056,LOW
VM_012,1378842000,1.0,1.216,1.2129,1.2114,1.2162,1.178,1.2245,1.2094,1.2358,0.0151,0.0778,0.0551,LOW
VM_012,1378842300,1.2667,1.2215,1.2185,1.217,1.2222,1.1855,1.2321,1.2159,1.2423,0.0148,0.0922,0.0562,LOW
VM_012,1378842600,1.0,1.2247,1.2219,1.2204,1.2261,1.1909,1.2373,1.2201,1.2466,0.0145,0.0922,0.0553,LOW
VM_012,1378842900,1.0,1.2263,1.2237,1.2223,1.2285,1.195,1.241,1.2229,1.2494,0.0142,0.0922,0.0543,LOW
VM_012,1378843200,1.0,1.2272,1.2249,1.2234,1.2303,1.1985,1.2441,1.225,1.2515,0.0139,0.0922,0.0532,LOW
VM_012,1378843500,1.0,1.2275,1.2253,1.2239,1.2313,1.2013,1.2464,1.2265,1.253,0.0136,0.0922,0.0522,LOW
VM_012,1378843800,1.0,1.2271,1.2251,1.2237,1.2317,1.2035,1.2481,1.2272,1.2537,0.0134,0.0922,0.051,LOW
VM_012,1378844100,1.0,1.2262,1.2243,1.223,1.2315,1.2052,1.2492,1.2275,1.254,0.0133,0.0922,0.0499,LOW
VM_012,1378844400,1.0,1.2248,1.223,1.2218,1.2308,1.2065,1.2498,1.2273,1.2537,0.0132,0.0922,0.0487,LOW
VM_012,1378844700,1.0,1.2231,1.2213,1.2202,1.2298,1.2074,1.25,1.2267,1.253,0.0131,0.0922,0.0475,LOW
VM_012,1378845000,1.0,1.221,1.2193,1.2182,1.2283,1.2079,1.2497,1.2257,1.2519,0.0131,0.0922,0.0462,LOW
VM_012,1378845300,1.0,1.2186,1.2169,1.2159,1.2266,1.2081,1.2491,1.2244,1.2505,0.0132,0.0922,0.0449,LOW
VM_012,1378845600,1.0,1.2158,1.2142,1.2132,1.2245,1.2079,1.2481,1.2227,1.2487,0.0133,0.0922,0.0436,LOW
VM_012,1378845900,1.1333,1.2157,1.214,1.213,1.2249,1.2103,1.2498,1.2236,1.2498,0.0135,0.0704,0.0398,LOW
VM_012,1378846200,1.0,1.2144,1.2126,1.2115,1.224,1.2115,1.25,1.2232,1.25,0.0137,0.0704,0.0406,LOW
VM_012,1378846500,1.0,1.2121,1.2102,1.2092,1.2223,1.2117,1.2492,1.2218,1.2492,0.014,0.0704,0.0416,LOW
VM_012,1378846800,1.1333,1.212,1.2099,1.2087,1.2225,1.2138,1.2505,1.2225,1.2505,0.0144,0.0735,0.0432,LOW
VM_012,1378847100,1.0,1.2102,1.208,1.2068,1.2212,1.2143,1.25,1.2215,1.25,0.0147,0.0735,0.0441,LOW
VM_012,1378847400,1.0,1.2078,1.2054,1.2041,1.2191,1.2141,1.2487,1.2198,1.2487,0.015,0.0735,0.0449,LOW
VM_012,1378847700,1.0,1.2048,1.2023,1.201,1.2165,1.2132,1.2468,1.2175,1.2468,0.0154,0.0642,0.0445,LOW
VM_012,1378848000,1.0,1.2016,1.1988,1.1975,1.2135,1.2119,1.2445,1.2148,1.2445,0.0157,0.0642,0.0452,LOW
VM_012,1378848300,1.0667,1.1993,1.1962,1.1949,1.2113,1.2113,1.243,1.213,1.243,0.0161,0.0646,0.0459,LOW
VM_012,1378848600,1.0,1.1962,1.1928,1.1915,1.2083,1.2099,1.2405,1.2103,1.2405,0.0164,0.0646,0.0465,LOW
VM_012,1378848900,1.1333,1.1954,1.1915,1.1901,1.2073,1.2104,1.2403,1.2097,1.2403,0.0168,0.068,0.0479,LOW
VM_012,1378849200,1.1333,1.1956,1.1913,1.1898,1.2074,1.212,1.241,1.21,1.241,0.0171,0.0708,0.0491,LOW
VM_012,1378849500,1.0,1.1943,1.1897,1.1882,1.2062,1.2121,1.2403,1.209,1.2403,0.0175,0.0513,0.0472,LOW
VM_012,1378849800,1.2,1.1964,1.1912,1.1894,1.2079,1.2153,1.2428,1.211,1.2428,0.0179,0.0622,0.0497,LOW
VM_012,1378850100,1.0,1.1958,1.1902,1.1883,1.2072,1.2158,1.2425,1.2105,1.2425,0.0182,0.0622,0.0503,LOW
VM_012,1378850400,1.0,1.194,1.188,1.1861,1.2053,1.2151,1.241,1.2088,1.241,0.0185,0.0622,0.0508,LOW
VM_012,1378850700,1.0,1.1917,1.1854,1.1835,1.2029,1.2138,1.2389,1.2065,1.2389,0.0187,0.0622,0.0512,LOW
VM_012,1378851000,1.0,1.1891,1.1825,1.1807,1.2002,1.2121,1.2366,1.204,1.2366,0.0189,0.0622,0.0516,LOW
VM_012,1378851300,1.0,1.1862,1.1791,1.1774,1.197,1.2098,1.2337,1.2009,1.2337,0.0191,0.0622,0.0519,LOW
VM_012,1378851600,1.0,1.1829,1.1754,1.1738,1.1934,1.207,1.2303,1.1974,1.2303,0.0192,0.0622,0.0521,LOW
VM_012,1378851900,1.0,1.1795,1.1716,1.1701,1.1896,1.2041,1.2268,1.1937,1.2268,0.0193,0.0622,0.0523,LOW
VM_012,1378852200,1.0,1.1759,1.1676,1.1662,1.1856,1.2007,1.2231,1.1898,1.2231,0.0193,0.0622,0.0523,LOW
VM_012,1378852500,1.0,1.1724,1.1639,1.1627,1.1819,1.1977,1.2195,1.1862,1.2195,0.0194,0.0622,0.0524,LOW
VM_012,1378852800,1.2,1.1732,1.1638,1.1626,1.1817,1.1983,1.2201,1.1863,1.2201,0.0195,0.0704,0.0542,LOW
VM_012,1378853100,1.0,1.1721,1.1625,1.1613,1.1802,1.1974,1.2189,1.1848,1.2189,0.0196,0.068,0.0542,LOW
VM_012,1378853400,1.0,1.1706,1.1605,1.1594,1.1783,1.196,1.2173,1.183,1.2173,0.0197,0.068,0.0547,LOW
VM_012,1378853700,1.0,1.1685,1.158,1.157,1.1758,1.194,1.2151,1.1805,1.2151,0.0197,0.068,0.055,LOW
VM_012,1378854000,1.0,1.1662,1.1553,1.1544,1.173,1.1916,1.2125,1.1777,1.2125,0.0197,0.0651,0.0549,LOW
VM_012,1378854300,1.0,1.1637,1.1524,1.1517,1.17,1.189,1.2098,1.1747,1.2098,0.0197,0.0651,0.0552,LOW
VM_012,1378854600,1.0,1.1612,1.1494,1.1489,1.167,1.1862,1.207,1.1717,1.207,0.0197,0.0651,0.0555,LOW
VM_012,1378854900,1.0,1.1586,1.1464,1.1461,1.1639,1.1834,1.2042,1.1686,1.2042,0.0196,0.0651,0.0558,LOW
VM_012,1378855200,1.0,1.156,1.1434,1.1434,1.1608,1.1805,1.2015,1.1654,1.2015,0.0196,0.0651,0.0561,LOW
VM_012,1378855500,1.0,1.1537,1.1412,1.1415,1.1585,1.1783,1.1994,1.163,1.1994,0.0195,0.065,0.0564,LOW
VM_012,1378855800,1.0,1.152,1.1391,1.1396,1.1564,1.1765,1.1978,1.1609,1.1978,0.0196,0.065,0.057,LOW
VM_012,1378856100,1.0,1.1501,1.1371,1.1379,1.1545,1.1747,1.1961,1.1588,1.1961,0.0196,0.0611,0.0569,LOW
VM_012,1378856400,1.0,1.1484,1.135,1.1361,1.1525,1.1729,1.1946,1.1567,1.1946,0.0197,0.0565,0.0569,LOW
VM_012,1378856700,1.0,1.1465,1.1327,1.1341,1.1503,1.171,1.1929,1.1545,1.1929,0.0197,0.0565,0.0575,LOW
VM_012,1378857000,1.5333,1.1554,1.14,1.1412,1.1575,1.1787,1.2015,1.1619,1.2015,0.0201,0.1146,0.0668,LOW
VM_012,1378857300,1.2667,1.1644,1.1481,1.1489,1.1653,1.1867,1.2103,1.1696,1.2103,0.0204,0.124,0.0694,LOW
VM_012,1378857600,1.0,1.181,1.1637,1.164,1.1804,1.2024,1.2278,1.1851,1.2278,0.0209,0.124,0.0711,LOW
VM_012,1378857900,1.0,1.1841,1.1662,1.1657,1.1829,1.205,1.2315,1.1876,1.2315,0.0214,0.124,0.0724,LOW
VM_012,1378858200,1.0,1.1818,1.163,1.1622,1.1797,1.202,1.2293,1.1844,1.2293,0.0217,0.124,0.0734,LOW
VM_012,1378858500,1.0,1.1764,1.1565,1.1557,1.173,1.1955,1.2237,1.1779,1.2237,0.0219,0.124,0.0742,LOW
VM_012,1378858800,1.0,1.1689,1.1479,1.1472,1.1642,1.1868,1.2157,1.1691,1.2157,0.022,0.124,0.0748,LOW
VM_012,1378859100,1.0,1.1601,1.138,1.1374,1.1538,1.1766,1.2061,1.159,1.2061,0.022,0.124,0.0754,LOW
VM_012,1378859400,1.0,1.1504,1.1272,1.1268,1.1425,1.1655,1.1957,1.148,1.1957,0.0221,0.124,0.0759,LOW
VM_012,1378859700,1.0,1.1403,1.116,1.1158,1.1308,1.154,1.1847,1.1365,1.1847,0.0221,0.124,0.0763,LOW
VM_012,1378860000,1.0,1.1299,1.1046,1.1046,1.1189,1.1422,1.1736,1.1249,1.1736,0.0221,0.1196,0.0762,LOW
VM_012,1378860300,1.0,1.1197,1.0934,1.0935,1.1072,1.1307,1.1626,1.1134,1.1626,0.0222,0.1196,0.0767,LOW
VM_012,1378860600,1.0,1.1098,1.0825,1.0828,1.0957,1.1194,1.1518,1.1022,1.1518,0.0223,0.1196,0.0771,LOW
VM_012,1378860900,1.0,1.1003,1.0723,1.0727,1.085,1.1088,1.1416,1.0916,1.1416,0.0223,0.1196,0.0775,LOW
VM_012,1378861200,1.0,1.0917,1.0632,1.0638,1.0753,1.0993,1.1326,1.0821,1.1326,0.0224,0.1196,0.078,LOW
VM_012,1378861500,1.0,1.0841,1.055,1.0557,1.0666,1.0909,1.1246,1.0736,1.1246,0.0225,0.1196,0.0787,LOW
VM_012,1378861800,1.0,1.077,1.0469,1.0476,1.0581,1.0827,1.1168,1.0653,1.1168,0.0227,0.1196,0.0794,LOW
VM_012,1378862100,1.0,1.07,1.0392,1.0397,1.0499,1.0745,1.1089,1.0571,1.1089,0.0229,0.1196,0.08,LOW
VM_012,1378862400,1.0,1.0637,1.032,1.0325,1.0422,1.0669,1.1017,1.0495,1.1017,0.023,0.1196,0.0807,LOW
VM_012,1378862700,1.0,1.058,1.0254,1.0259,1.0351,1.0598,1.095,1.0425,1.095,0.0232,0.1196,0.0813,LOW
VM_012,1378863000,1.0,1.053,1.0195,1.0199,1.0286,1.0534,1.089,1.0361,1.089,0.0234,0.1196,0.0819,LOW
VM_012,1378863300,1.0,1.0487,1.0145,1.0148,1.023,1.0477,1.0838,1.0306,1.0838,0.0235,0.1196,0.0825,LOW
VM_012,1378863600,1.0,1.0451,1.0099,1.0101,1.018,1.0427,1.0793,1.0256,1.0793,0.0238,0.1196,0.0833,MEDIUM
VM_012,1378863900,1.0,1.0421,1.0064,1.0067,1.014,1.0387,1.0758,1.0216,1.0758,0.024,0.1196,0.084,MEDIUM
VM_012,1378864200,1.0,1.0403,1.0034,1.0035,1.0106,1.0356,1.0733,1.0184,1.0733,0.0244,0.0544,0.0766,LOW
VM_012,1378864500,1.0,1.0383,1.0004,1.0003,1.0072,1.0322,1.0705,1.015,1.0705,0.0247,0.0,0.0705,LOW
VM_012,1378864800,1.2,1.0403,1.0008,1.0004,1.0071,1.0322,1.0714,1.0151,1.0714,0.0253,0.0408,0.0771,LOW
VM_012,1378865100,1.0,1.0411,1.0005,0.9998,1.0064,1.0315,1.0714,1.0144,1.0714,0.0257,0.0408,0.0781,LOW
VM_012,1378865400,1.0,1.0414,0.9997,0.9989,1.0053,1.0305,1.0713,1.0134,1.0713,0.0262,0.0408,0.0793,LOW
VM_012,1378865700,1.0,1.0419,0.9989,0.9979,1.0043,1.0297,1.0713,1.0125,1.0713,0.0267,0.0408,0.0805,LOW
VM_012,1378866000,1.3571,1.0487,1.0038,1.0023,1.0086,1.0343,1.0774,1.0171,1.0774,0.0275,0.082,0.0877,MEDIUM
VM_012,1378866300,1.0,1.053,1.0069,1.0051,1.0113,1.0373,1.0813,1.0199,1.0813,0.0282,0.082,0.0892,MEDIUM
VM_012,1378866600,1.0,1.0554,1.0081,1.006,1.0124,1.0389,1.0839,1.0213,1.0839,0.0288,0.082,0.0908,MEDIUM
VM_012,1378866900,1.4286,1.0648,1.0152,1.0126,1.019,1.0462,1.093,1.0284,1.093,0.0299,0.1162,0.0976,MEDIUM
VM_012,1378867200,1.0,1.0702,1.0195,1.0166,1.0232,1.0508,1.0988,1.0327,1.0988,0.0307,0.1162,0.0994,MEDIUM
VM_012,1378867500,1.0,1.0736,1.0219,1.0189,1.0259,1.0543,1.1034,1.0355,1.1034,0.0315,0.1162,0.1014,MEDIUM
VM_012,1378867800,1.0,1.0756,1.0226,1.0193,1.0268,1.0564,1.1066,1.0369,1.1066,0.0324,0.1162,0.1035,MEDIUM
VM_012,1378868100,1.0,1.0754,1.0214,1.0181,1.026,1.0565,1.1078,1.0364,1.1078,0.0331,0.1162,0.1054,MEDIUM
VM_012,1378868400,1.0,1.0741,1.019,1.0156,1.0239,1.0556,1.1078,1.0347,1.1078,0.0339,0.1162,0.1073,MEDIUM
VM_012,1378868700,1.0,1.0716,1.0156,1.0122,1.0208,1.0536,1.1068,1.0321,1.1068,0.0347,0.1162,0.1092,MEDIUM
VM_012,1378869000,1.0,1.0682,1.0113,1.0079,1.0168,1.051,1.105,1.0286,1.105,0.0354,0.1162,0.111,MEDIUM
VM_012,1378869300,1.0,1.0642,1.0064,1.003,1.0121,1.0477,1.1026,1.0245,1.1026,0.0362,0.1162,0.1128,MEDIUM
VM_012,1378869600,1.0,1.0595,1.001,0.9976,1.0069,1.0441,1.0996,1.02,1.0996,0.0369,0.1162,0.1146,MEDIUM
VM_012,1378869900,1.0,1.0544,0.9953,0.9918,1.0013,1.0401,1.0963,1.0151,1.0963,0.0376,0.1162,0.1162,MEDIUM
VM_012,1378870200,1.0,1.0491,0.9893,0.9857,0.9955,1.0359,1.0926,1.01,1.0926,0.0383,0.1162,0.1178,MEDIUM
VM_012,1378870500,1.0,1.0436,0.9833,0.9795,0.9896,1.0317,1.0888,1.0048,1.0888,0.039,0.1162,0.1193,MEDIUM
VM_012,1378870800,1.0,1.0381,0.9772,0.9733,0.9837,1.0274,1.0847,0.9995,1.0847,0.0396,0.1162,0.1206,MEDIUM
VM_012,1378871100,1.0,1.033,0.972,0.968,0.9786,1.024,1.0812,0.995,1.0812,0.0402,0.1162,0.1217,MEDIUM
VM_012,1378871400,1.0,1.0286,0.9672,0.9629,0.9738,1.0209,1.0781,0.991,1.0781,0.0408,0.1162,0.1228,MEDIUM
VM_012,1378871700,1.0,1.0242,0.9624,0.9578,0.9692,1.0177,1.0748,0.9869,1.0748,0.0413,0.1162,0.1237,MEDIUM
VM_012,1378872000,1.0714,1.0214,0.9594,0.9545,0.9662,1.016,1.0728,0.9844,1.0728,0.0417,0.1115,0.1238,MEDIUM
VM_012,1378872300,1.0,1.0188,0.9565,0.9512,0.9632,1.0142,1.0706,0.9819,1.0706,0.0421,0.1115,0.1242,MEDIUM
VM_012,1378872600,1.0,1.017,0.9551,0.9496,0.9619,1.0137,1.0694,0.9807,1.0694,0.0422,0.1115,0.1242,MEDIUM
VM_012,1378872900,1.0,1.016,0.9539,0.948,0.9607,1.0134,1.0686,0.9798,1.0686,0.0424,0.1115,0.1247,MEDIUM
VM_012,1378873200,1.0,1.0149,0.9526,0.9463,0.9594,1.0126,1.0672,0.9787,1.0672,0.0425,0.0881,0.1218,MEDIUM
VM_012,1378873500,1.0714,1.0153,0.9527,0.946,0.9595,1.0128,1.0668,0.9787,1.0668,0.0425,0.0885,0.1217,MEDIUM
VM_012,1378873800,1.0667,1.017,0.9542,0.947,0.9607,1.0138,1.0674,0.9799,1.0674,0.0424,0.0888,0.1215,MEDIUM
VM_012,1378874100,1.0,1.0187,0.9558,0.9482,0.9621,1.0147,1.0677,0.9811,1.0677,0.0421,0.0236,0.1125,MEDIUM
VM_012,1378874400,1.2,1.0237,0.9601,0.952,0.966,1.0182,1.0712,0.9849,1.0712,0.042,0.0455,0.1152,MEDIUM
VM_012,1378874700,1.0,1.0285,0.9648,0.9563,0.9704,1.0216,1.0743,0.989,1.0743,0.0417,0.0455,0.1144,MEDIUM
VM_012,1378875000,1.0,1.0331,0.9695,0.9607,0.9749,1.025,1.0775,0.993,1.0775,0.0413,0.0455,0.1136,MEDIUM
VM_012,1378875300,1.0,1.0376,0.9738,0.9648,0.979,1.028,1.0805,0.9968,1.0805,0.041,0.0455,0.1128,MEDIUM
VM_012,1378875600,1.0,1.0421,0.9784,0.9693,0.9834,1.0311,1.0836,1.0007,1.0836,0.0406,0.0455,0.1119,MEDIUM
VM_012,1378875900,1.0,1.0468,0.983,0.9738,0.9878,1.0341,1.0869,1.0047,1.0869,0.0402,0.0455,0.1111,MEDIUM
VM_012,1378876200,1.0,1.0514,0.9874,0.9782,0.992,1.0368,1.0901,1.0085,1.0901,0.0398,0.0455,0.1103,MEDIUM
VM_012,1378876500,1.0,1.0559,0.9919,0.9827,0.9963,1.0394,1.0934,1.0123,1.0934,0.0395,0.0455,0.1096,MEDIUM
VM_012,1378876800,1.0,1.061,0.9971,0.988,1.0012,1.0428,1.0975,1.0168,1.0975,0.0391,0.0455,0.1088,MEDIUM
VM_012,1378877100,1.0,1.0661,1.002,0.9929,1.0058,1.046,1.1017,1.0211,1.1017,0.0389,0.0455,0.1085,MEDIUM
VM_012,1378877400,1.0,1.0709,1.0066,0.9977,1.0103,1.049,1.1058,1.0253,1.1058,0.0387,0.0455,0.1081,MEDIUM
VM_012,1378877700,1.3333,1.0812,1.0162,1.0072,1.0194,1.0568,1.1156,1.0343,1.1156,0.0389,0.0788,0.113,MEDIUM
VM_012,1378878000,1.0,1.0898,1.0246,1.0156,1.0275,1.0636,1.1239,1.0422,1.1239,0.0389,0.0788,0.1133,MEDIUM
VM_012,1378878300,1.0,1.0975,1.0325,1.0236,1.0354,1.0705,1.1321,1.0499,1.1321,0.0389,0.0788,0.1136,MEDIUM
VM_012,1378878600,1.0,1.1044,1.0392,1.0303,1.0421,1.0765,1.1396,1.0566,1.1396,0.0391,0.0788,0.1143,MEDIUM
VM_012,1378878900,1.0667,1.111,1.0455,1.0366,1.0483,1.082,1.1467,1.0629,1.1467,0.0393,0.0788,0.115,MEDIUM
VM_012,1378879200,1.0,1.1164,1.0508,1.0421,1.0538,1.0869,1.1527,1.0683,1.1527,0.0395,0.0787,0.1155,MEDIUM
VM_012,1378879500,1.0,1.1209,1.0552,1.0466,1.0583,1.091,1.158,1.073,1.158,0.0396,0.0787,0.116,MEDIUM
VM_012,1378879800,1.0,1.1246,1.059,1.0505,1.0622,1.0945,1.1626,1.077,1.1626,0.0398,0.0787,0.1165,MEDIUM
VM_012,1378880100,1.0,1.1277,1.0621,1.0537,1.0655,1.0976,1.1665,1.0804,1.1665,0.0399,0.0787,0.1169,MEDIUM
VM_012,1378880400,1.0,1.1302,1.0646,1.0564,1.0683,1.1003,1.1698,1.0833,1.1698,0.04,0.0787,0.1171,MEDIUM
VM_012,1378880700,1.0,1.1322,1.0667,1.0587,1.0707,1.1025,1.1725,1.0858,1.1725,0.04,0.0784,0.1173,MEDIUM
VM_012,1378881000,1.0,1.1337,1.0685,1.0605,1.0726,1.1045,1.1747,1.0878,1.1747,0.04,0.0782,0.1172,MEDIUM
VM_012,1378881300,1.0,1.1348,1.0699,1.062,1.0743,1.1061,1.1763,1.0896,1.1763,0.04,0.0782,0.1171,MEDIUM
VM_012,1378881600,1.0,1.1356,1.0712,1.0634,1.0759,1.1076,1.1774,1.0911,1.1774,0.0398,0.0688,0.1154,MEDIUM
VM_012,1378881900,1.0,1.1377,1.0742,1.0666,1.0792,1.1109,1.1801,1.0944,1.1801,0.0396,0.0688,0.1148,MEDIUM
VM_012,1378882200,1.0,1.1392,1.0758,1.0681,1.081,1.1129,1.1818,1.0963,1.1818,0.0395,0.0688,0.1146,MEDIUM
VM_012,1378882500,1.0,1.1396,1.0769,1.0691,1.0823,1.1139,1.1819,1.0975,1.1819,0.0392,0.0688,0.1134,MEDIUM
VM_012,1378882800,1.5333,1.1468,1.0834,1.0752,1.0887,1.1201,1.1884,1.104,1.1884,0.0393,0.1258,0.121,MEDIUM
VM_012,1378883100,1.0,1.1514,1.0887,1.0802,1.094,1.1249,1.1921,1.109,1.1921,0.0389,0.1258,0.1197,MEDIUM
VM_012,1378883400,1.0,1.1542,1.0922,1.0834,1.0976,1.1282,1.1942,1.1124,1.1942,0.0385,0.1258,0.1183,MEDIUM
VM_012,1378883700,1.0,1.1563,1.0952,1.0863,1.1007,1.1308,1.1953,1.1152,1.1953,0.0379,0.1258,0.1166,MEDIUM
VM_012,1378884000,1.0,1.1579,1.0974,1.0884,1.1031,1.1326,1.1957,1.1172,1.1957,0.0373,0.1258,0.1148,MEDIUM
VM_012,1378884300,1.0,1.1587,1.0989,1.0897,1.1046,1.1334,1.195,1.1183,1.195,0.0367,0.1258,0.1127,MEDIUM
VM_012,1378884600,1.0,1.159,1.1,1.0906,1.1056,1.1336,1.1936,1.1189,1.1936,0.036,0.1258,0.1105,MEDIUM
VM_012,1378884900,1.0,1.1589,1.1006,1.0911,1.1062,1.1333,1.1917,1.1191,1.1917,0.0352,0.1091,0.106,MEDIUM
VM_012,1378885200,1.0,1.1584,1.1009,1.0913,1.1063,1.1324,1.1891,1.1187,1.1891,0.0344,0.1091,0.1035,MEDIUM
VM_012,1378885500,1.0667,1.1591,1.1021,1.0924,1.1073,1.1325,1.1878,1.1193,1.1878,0.0337,0.1093,0.1012,MEDIUM
VM_012,1378885800,1.0,1.1593,1.1029,1.0931,1.1079,1.132,1.1859,1.1195,1.1859,0.033,0.1093,0.0988,MEDIUM
VM_012,1378886100,1.0,1.159,1.1032,1.0932,1.1079,1.1309,1.1833,1.1191,1.1833,0.0322,0.1091,0.0963,MEDIUM
VM_012,1378886400,1.0,1.1584,1.1032,1.0931,1.1076,1.1295,1.1805,1.1183,1.1805,0.0315,0.1091,0.0938,MEDIUM
VM_012,1378886700,1.0,1.1577,1.103,1.0927,1.1071,1.1277,1.1774,1.1173,1.1774,0.0308,0.1091,0.0913,MEDIUM
VM_012,1378887000,1.0,1.1567,1.1026,1.0922,1.1063,1.1257,1.1742,1.1161,1.1742,0.0301,0.1091,0.0888,MEDIUM
VM_012,1378887300,1.0,1.1559,1.1024,1.0919,1.1057,1.1239,1.1711,1.115,1.1711,0.0293,0.1091,0.0863,MEDIUM
VM_012,1378887600,1.0,1.1551,1.1018,1.0912,1.1048,1.1217,1.1679,1.1137,1.1679,0.0287,0.1091,0.084,MEDIUM
VM_012,1378887900,1.0,1.1538,1.1011,1.0903,1.1036,1.1192,1.1644,1.1121,1.1644,0.0281,0.1091,0.0817,LOW
VM_012,1378888200,1.2,1.1548,1.1021,1.0911,1.1041,1.1183,1.1629,1.1122,1.1629,0.0276,0.1146,0.0804,LOW
VM_012,1378888500,1.0,1.155,1.1026,1.0915,1.1041,1.117,1.1607,1.1118,1.1607,0.0271,0.1146,0.0781,LOW
VM_012,1378888800,1.1333,1.1558,1.1036,1.0923,1.1046,1.1161,1.1592,1.1119,1.1592,0.0266,0.1162,0.0765,LOW
VM_012,1378889100,1.0,1.1562,1.1043,1.0929,1.1048,1.115,1.1574,1.1118,1.1574,0.0262,0.1162,0.0747,LOW
VM_012,1378889400,1.0,1.156,1.1045,1.0928,1.1044,1.1132,1.155,1.111,1.156,0.0257,0.1162,0.0737,LOW
VM_012,1378889700,1.0,1.1555,1.1043,1.0925,1.1037,1.1111,1.1523,1.1099,1.1555,0.0253,0.1162,0.0735,LOW
VM_012,1378890000,1.0,1.1548,1.1039,1.0921,1.1029,1.1089,1.1495,1.1087,1.1548,0.0249,0.0491,0.0647,LOW
VM_012,1378890300,2.0667,1.1652,1.1129,1.1002,1.1109,1.1154,1.1567,1.1166,1.1652,0.0252,0.2197,0.0882,MEDIUM
VM_012,1378890600,1.0,1.1718,1.1199,1.1069,1.117,1.1201,1.161,1.1224,1.1718,0.0249,0.2197,0.0884,MEDIUM
VM_012,1378890900,1.0,1.1757,1.1243,1.111,1.1209,1.1226,1.1631,1.1259,1.1757,0.0247,0.2197,0.0882,MEDIUM
VM_012,1378891200,1.0,1.1782,1.1271,1.1136,1.1232,1.1236,1.1637,1.1279,1.1782,0.0245,0.2197,0.0881,MEDIUM
VM_012,1378891500,1.0,1.1794,1.1286,1.115,1.1243,1.1231,1.1629,1.1285,1.1794,0.0243,0.2197,0.0879,MEDIUM
VM_012,1378891800,1.0,1.1798,1.1293,1.1155,1.1244,1.1219,1.1613,1.1283,1.1798,0.0241,0.2197,0.0876,MEDIUM
VM_012,1378892100,1.0,1.1795,1.1293,1.1155,1.1239,1.1199,1.1591,1.1275,1.1795,0.0239,0.2197,0.0874,MEDIUM
VM_012,1378892400,1.0,1.1785,1.1287,1.1148,1.1228,1.1174,1.1562,1.126,1.1785,0.0238,0.2197,0.0874,MEDIUM
VM_012,1378892700,1.0,1.1776,1.1281,1.114,1.1216,1.1147,1.1533,1.1244,1.1776,0.0237,0.2201,0.088,MEDIUM
VM_012,1378893000,1.0,1.1764,1.1271,1.113,1.1201,1.1117,1.1501,1.1226,1.1764,0.0236,0.2201,0.0885,MEDIUM
VM_012,1378893300,1.0,1.175,1.126,1.1119,1.1184,1.1086,1.1468,1.1207,1.175,0.0236,0.2201,0.0891,MEDIUM
VM_012,1378893600,1.0,1.1735,1.1249,1.1107,1.1168,1.1055,1.1435,1.1187,1.1735,0.0236,0.2201,0.0895,MEDIUM
VM_012,1378893900,1.0,1.1721,1.1237,1.1094,1.115,1.1023,1.1401,1.1166,1.1721,0.0236,0.2201,0.0901,MEDIUM
VM_012,1378894200,1.0,1.1704,1.1224,1.108,1.1131,1.0991,1.1367,1.1144,1.1704,0.0237,0.2201,0.0906,MEDIUM
VM_012,1378894500,1.0,1.1688,1.1211,1.1066,1.1113,1.0958,1.1333,1.1123,1.1688,0.0238,0.2201,0.0911,MEDIUM
VM_012,1378894800,1.0,1.1672,1.1198,1.1052,1.1094,1.0926,1.1299,1.1101,1.1672,0.0239,0.2201,0.0916,MEDIUM
VM_012,1378895100,1.0,1.1657,1.1188,1.1041,1.1079,1.0898,1.1269,1.1083,1.1657,0.024,0.2201,0.092,MEDIUM
VM_012,1378895400,1.0,1.1645,1.1178,1.1029,1.1064,1.087,1.124,1.1065,1.1645,0.0242,0.2182,0.0923,MEDIUM
VM_012,1378895700,1.0,1.1629,1.1165,1.1016,1.1047,1.084,1.1209,1.1045,1.1629,0.0244,0.2182,0.093,MEDIUM
VM_012,1378896000,1.0,1.1613,1.1152,1.1002,1.1029,1.081,1.1177,1.1024,1.1613,0.0245,0.2177,0.0938,MEDIUM
VM_012,1378896300,1.0,1.1603,1.1147,1.0997,1.102,1.0791,1.1155,1.1012,1.1603,0.0247,0.2177,0.0945,MEDIUM
VM_012,1378896600,1.0,1.1598,1.1142,1.099,1.1011,1.0769,1.1135,1.1,1.1598,0.0249,0.2177,0.0956,MEDIUM
VM_012,1378896900,1.0,1.1583,1.1131,1.0979,1.0997,1.0744,1.1107,1.0984,1.1583,0.0251,0.2177,0.0962,MEDIUM
VM_012,1378897200,1.0,1.1572,1.1123,1.0969,1.0985,1.0721,1.1084,1.0969,1.1572,0.0253,0.2177,0.097,MEDIUM
VM_012,1378897500,1.0,1.1561,1.1115,1.096,1.0973,1.0699,1.1061,1.0955,1.1561,0.0255,0.0,0.0697,LOW
VM_012,1378897800,1.2,1.1572,1.1125,1.0969,1.0979,1.0694,1.1057,1.0959,1.1572,0.0258,0.0408,0.0759,LOW
VM_012,1378898100,1.0,1.1577,1.1132,1.0974,1.0983,1.0688,1.105,1.096,1.1577,0.026,0.0408,0.0767,LOW
VM_012,1378898400,1.0,1.1577,1.1135,1.0976,1.0982,1.0678,1.1039,1.0957,1.1577,0.0262,0.0408,0.0772,LOW
VM_012,1378898700,1.0,1.1576,1.1136,1.0976,1.0981,1.0668,1.1028,1.0954,1.1576,0.0264,0.0408,0.0778,LOW
VM_012,1378899000,1.0,1.1573,1.1136,1.0975,1.0978,1.0657,1.1017,1.0949,1.1573,0.0266,0.0408,0.0783,LOW
VM_012,1378899300,1.0,1.157,1.1135,1.0974,1.0975,1.0646,1.1006,1.0944,1.157,0.0268,0.0408,0.0788,LOW
VM_012,1378899600,1.0,1.1566,1.1135,1.0975,1.0975,1.064,1.0996,1.0941,1.1566,0.0269,0.0408,0.079,LOW
VM_012,1378899900,1.0,1.1571,1.1141,1.0979,1.0979,1.0637,1.0994,1.0944,1.1571,0.0271,0.0408,0.0796,LOW
VM_012,1378900200,1.0,1.1568,1.1141,1.0979,1.0979,1.0629,1.0987,1.0942,1.1568,0.0272,0.0408,0.0798,LOW
VM_012,1378900500,1.0,1.1564,1.1139,1.0977,1.0975,1.0619,1.0976,1.0937,1.1564,0.0273,0.0408,0.0801,LOW
VM_012,1378900800,1.0,1.1558,1.1135,1.0973,1.0972,1.0609,1.0966,1.0931,1.1558,0.0274,0.0408,0.0803,LOW
VM_012,1378901100,1.0,1.1553,1.1133,1.097,1.0968,1.0599,1.0956,1.0926,1.1553,0.0275,0.0408,0.0806,LOW
VM_012,1378901400,1.0,1.1546,1.1128,1.0966,1.0963,1.0588,1.0945,1.0919,1.1546,0.0276,0.0408,0.0808,LOW
VM_012,1378901700,1.0,1.1539,1.1123,1.0961,1.0957,1.0576,1.0933,1.0912,1.1539,0.0277,0.0408,0.081,LOW
VM_012,1378902000,1.0,1.1532,1.1117,1.0955,1.0952,1.0565,1.0922,1.0905,1.1532,0.0278,0.0408,0.0812,LOW
VM_012,1378902300,1.0667,1.1532,1.1118,1.0956,1.0952,1.056,1.0918,1.0903,1.1532,0.028,0.0425,0.0817,LOW
VM_012,1378902600,1.2,1.155,1.1135,1.0972,1.0968,1.0571,1.093,1.0919,1.155,0.0281,0.0572,0.084,MEDIUM
VM_012,1378902900,1.0,1.156,1.1148,1.0985,1.0982,1.0581,1.094,1.0931,1.156,0.0281,0.0572,0.084,MEDIUM
VM_013,1378604100,0.0,0.0,0.0,0.0,0.0,0.0012,0.0634,0.014,0.0634,0.02,0.0,0.0911,MEDIUM
VM_013,1378604400,0.0,0.0,0.0,0.0008,0.0,0.0025,0.0644,0.0146,0.0644,0.0204,0.0,0.0909,MEDIUM
VM_013,1378604700,0.0,0.0,0.0,0.0029,0.0,0.0046,0.066,0.0157,0.066,0.0209,0.0,0.0906,MEDIUM
VM_013,1378605000,0.0,0.0,0.0,0.0049,0.0,0.0066,0.0675,0.0168,0.0675,0.0214,0.0,0.0903,MEDIUM
VM_013,1378605300,0.0,0.0,0.0,0.0069,0.0,0.0084,0.0689,0.0177,0.0689,0.0218,0.0,0.0899,MEDIUM
VM_013,1378605600,0.0,0.0,0.0,0.0082,0.0,0.0096,0.0698,0.0183,0.0698,0.0221,0.0,0.0896,MEDIUM
VM_013,1378605900,0.0,0.0,0.0,0.0101,0.0009,0.0114,0.071,0.0193,0.071,0.0225,0.0,0.0892,MEDIUM
VM_013,1378606200,0.0,0.0,0.0,0.0105,0.0011,0.0119,0.0711,0.0195,0.0711,0.0225,0.0,0.089,MEDIUM
VM_013,1378606500,0.0,0.0,0.0,0.0129,0.0035,0.0141,0.0728,0.0211,0.0728,0.0229,0.0,0.0885,MEDIUM
VM_013,1378606800,0.2,0.0,0.0,0.0137,0.0042,0.0149,0.0732,0.0215,0.0732,0.0229,0.0408,0.0937,MEDIUM
VM_013,1378607100,0.0,0.0,0.0,0.0143,0.0047,0.0157,0.0736,0.0219,0.0736,0.023,0.0408,0.0936,MEDIUM
VM_013,1378607400,0.0,0.0,0.0,0.0161,0.0065,0.0174,0.0749,0.0231,0.0749,0.0233,0.0408,0.0932,MEDIUM
VM_013,1378607700,0.0,0.0,0.0,0.0171,0.0074,0.0185,0.0755,0.0237,0.0755,0.0234,0.0408,0.0929,MEDIUM
VM_013,1378608000,0.0,0.0,0.0,0.0177,0.0081,0.0192,0.0759,0.0241,0.0759,0.0235,0.0408,0.0927,MEDIUM
VM_013,1378608300,0.0,0.0,0.0,0.0184,0.0087,0.0201,0.0763,0.0246,0.0763,0.0236,0.0408,0.0924,MEDIUM
VM_013,1378608600,0.0,0.0,0.0,0.0197,0.0099,0.0213,0.0772,0.0254,0.0772,0.0239,0.0408,0.092,MEDIUM
VM_013,1378608900,0.0,0.0,0.0,0.0202,0.0104,0.022,0.0774,0.0257,0.0774,0.0239,0.0408,0.0916,MEDIUM
VM_013,1378609200,0.0,0.0,0.0,0.0222,0.0123,0.0237,0.0786,0.027,0.0786,0.0243,0.0408,0.091,MEDIUM
VM_013,1378609500,0.0,0.0,0.0,0.0211,0.0112,0.0228,0.0775,0.0261,0.0775,0.024,0.0408,0.0909,MEDIUM
VM_013,1378609800,0.0,0.0,0.0,0.0206,0.0107,0.0227,0.0772,0.0258,0.0772,0.0239,0.0408,0.0908,MEDIUM
VM_013,1378610100,0.0,0.0,0.0,0.0228,0.0128,0.0247,0.0788,0.0273,0.0788,0.0243,0.0408,0.0902,MEDIUM
VM_013,1378610400,0.0,0.0,0.0,0.0233,0.0133,0.0252,0.0789,0.0276,0.0789,0.0243,0.0408,0.0898,MEDIUM
VM_013,1378610700,0.0,0.0,0.0,0.0223,0.0123,0.0245,0.0781,0.0268,0.0781,0.0241,0.0408,0.0897,MEDIUM
VM_013,1378611000,0.0,0.0,0.0,0.0227,0.0128,0.025,0.0784,0.0272,0.0784,0.0242,0.0408,0.0894,MEDIUM
VM_013,1378611300,0.0,0.0,0.0,0.0231,0.0133,0.0256,0.0788,0.0275,0.0788,0.0243,0.0408,0.089,MEDIUM
VM_013,1378611600,0.0,0.0,0.0,0.0233,0.0136,0.0259,0.0791,0.0278,0.0791,0.0243,0.0408,0.0887,MEDIUM
VM_013,1378611900,0.0,0.0,0.0,0.024,0.0143,0.0266,0.0796,0.0283,0.0796,0.0244,0.0408,0.0884,MEDIUM
VM_013,1378612200,0.0,0.0,0.0,0.0236,0.0141,0.0264,0.0793,0.028,0.0793,0.0244,0.0408,0.0882,MEDIUM
VM_013,1378612500,0.0,0.0,0.0,0.0234,0.014,0.0264,0.0793,0.0279,0.0793,0.0244,0.0408,0.088,MEDIUM
VM_013,1378612800,0.0,0.0,0.0,0.024,0.0147,0.027,0.0799,0.0284,0.0799,0.0245,0.0408,0.0877,MEDIUM
VM_013,1378613100,0.0,0.0,0.0,0.0234,0.0143,0.0266,0.0796,0.028,0.0796,0.0245,0.0408,0.0875,MEDIUM
VM_013,1378613400,0.0667,0.0,0.0,0.0233,0.0144,0.0267,0.0797,0.028,0.0797,0.0245,0.0425,0.0877,MEDIUM
VM_013,1378613700,0.0,0.0,0.0,0.0237,0.0151,0.0272,0.0803,0.0284,0.0803,0.0247,0.0425,0.0875,MEDIUM
VM_013,1378614000,0.2667,0.0,0.0,0.0242,0.0159,0.0277,0.081,0.0288,0.081,0.0248,0.0555,0.0892,MEDIUM
VM_013,1378614300,0.0,0.0,0.0,0.0218,0.0139,0.0258,0.0795,0.0272,0.0795,0.0246,0.0555,0.0896,MEDIUM
VM_013,1378614600,0.0,0.0,0.0,0.0224,0.0148,0.0266,0.0803,0.0278,0.0803,0.0248,0.0555,0.0896,MEDIUM
VM_013,1378614900,0.0,0.0,0.0,0.0222,0.015,0.0267,0.0806,0.0278,0.0806,0.0249,0.0555,0.0895,MEDIUM
VM_013,1378615200,0.0,0.0,0.0,0.0213,0.0145,0.0261,0.0803,0.0274,0.0803,0.0249,0.0555,0.0896,MEDIUM
VM_013,1378615500,0.0,0.0,0.0,0.0215,0.0151,0.0265,0.081,0.0278,0.081,0.0251,0.0555,0.0896,MEDIUM
VM_013,1378615800,0.0,0.0,0.0,0.0215,0.0155,0.0267,0.0814,0.0279,0.0814,0.0252,0.0555,0.0895,MEDIUM
VM_013,1378616100,0.0,0.0,0.0,0.0201,0.0145,0.0257,0.0808,0.0272,0.0808,0.025,0.0555,0.0896,MEDIUM
VM_013,1378616400,0.0,0.0,0.0,0.0207,0.0155,0.0264,0.0818,0.0278,0.0818,0.0253,0.0555,0.0895,MEDIUM
VM_013,1378616700,0.0,0.0,0.0,0.0201,0.0154,0.0261,0.0818,0.0276,0.0818,0.0254,0.0555,0.0895,MEDIUM
VM_013,1378617000,0.0,0.0,0.0,0.0194,0.0152,0.0256,0.0818,0.0273,0.0818,0.0254,0.0555,0.0896,MEDIUM
VM_013,1378617300,0.0,0.0,0.0,0.0196,0.0159,0.026,0.0825,0.0277,0.0825,0.0256,0.0555,0.0895,MEDIUM
VM_013,1378617600,0.0,0.0,0.0,0.0185,0.0153,0.0252,0.0823,0.0272,0.0823,0.0256,0.0555,0.0897,MEDIUM
VM_013,1378617900,0.0,0.0,0.0,0.0184,0.0157,0.0254,0.0828,0.0274,0.0828,0.0258,0.0555,0.0897,MEDIUM
VM_013,1378618200,0.0,0.0,0.0,0.0185,0.0165,0.0257,0.0836,0.0278,0.0836,0.026,0.0555,0.0897,MEDIUM
VM_013,1378618500,0.0,0.0,0.0,0.0176,0.0162,0.0251,0.0835,0.0274,0.0835,0.026,0.0555,0.0898,MEDIUM
VM_013,1378618800,0.0,0.0,0.0,0.0176,0.0168,0.0253,0.0841,0.0277,0.0841,0.0262,0.0555,0.0899,MEDIUM
VM_013,1378619100,0.0667,0.0,0.0,0.0174,0.0172,0.0253,0.0846,0.0278,0.0846,0.0264,0.0565,0.0901,MEDIUM
VM_013,1378619400,0.0,0.0,0.0,0.0161,0.0166,0.0244,0.0842,0.0272,0.0842,0.0263,0.0565,0.0904,MEDIUM
VM_013,1378619700,0.0,0.0,0.0,0.0152,0.0163,0.0238,0.0842,0.0269,0.0842,0.0264,0.0565,0.0907,MEDIUM
VM_013,1378620000,0.0,0.0,0.0,0.0151,0.017,0.0241,0.085,0.0273,0.085,0.0267,0.0565,0.0908,MEDIUM
VM_013,1378620300,0.0,0.0,0.0,0.0143,0.017,0.0237,0.0851,0.0271,0.0851,0.0268,0.0565,0.091,MEDIUM
VM_013,1378620600,0.0,0.0,0.0,0.014,0.0174,0.0238,0.0857,0.0273,0.0857,0.027,0.0555,0.091,MEDIUM
VM_013,1378620900,0.0667,0.0,0.0,0.0139,0.018,0.024,0.0864,0.0275,0.0864,0.0272,0.0565,0.0913,MEDIUM
VM_013,1378621200,0.1333,0.0,0.0,0.0124,0.0173,0.023,0.086,0.0269,0.086,0.0272,0.0321,0.0886,MEDIUM
VM_013,1378621500,0.0,0.0,0.0,0.0119,0.0178,0.0231,0.0867,0.0271,0.0867,0.0274,0.0321,0.0889,MEDIUM
VM_013,1378621800,0.0,0.0,0.0,0.0118,0.0185,0.0234,0.0875,0.0275,0.0875,0.0277,0.0321,0.0891,MEDIUM
VM_013,1378622100,0.0,0.0,0.0,0.0113,0.0188,0.0234,0.0881,0.0276,0.0881,0.028,0.0321,0.0893,MEDIUM
VM_013,1378622400,0.0,0.0,0.0,0.0108,0.0192,0.0235,0.0886,0.0278,0.0886,0.0282,0.0321,0.0895,MEDIUM
VM_013,1378622700,0.0,0.0,0.0,0.0103,0.0196,0.0236,0.0892,0.0279,0.0892,0.0284,0.0321,0.0897,MEDIUM
VM_013,1378623000,0.0,0.0,0.0,0.0102,0.0203,0.024,0.09,0.0283,0.09,0.0287,0.0321,0.0898,MEDIUM
VM_013,1378623300,0.0,0.0,0.0,0.0097,0.0206,0.0239,0.0904,0.0283,0.0904,0.0289,0.0321,0.0899,MEDIUM
VM_013,1378623600,0.0,0.0,0.0,0.0092,0.0209,0.024,0.0909,0.0284,0.0909,0.0292,0.0321,0.0902,MEDIUM
VM_013,1378623900,0.0,0.0,0.0,0.008,0.0207,0.0234,0.0908,0.0281,0.0908,0.0293,0.0321,0.0908,MEDIUM
VM_013,1378624200,0.0,0.0,0.0,0.0075,0.021,0.0235,0.0914,0.0283,0.0914,0.0295,0.0321,0.0914,MEDIUM
VM_013,1378624500,0.0,0.0,0.0,0.0072,0.0216,0.0238,0.092,0.0285,0.092,0.0298,0.0321,0.0918,MEDIUM
VM_013,1378624800,0.0,0.0,0.0,0.0062,0.0214,0.0235,0.0921,0.0283,0.0921,0.0299,0.0321,0.0924,MEDIUM
VM_013,1378625100,0.0,0.0,0.0,0.0062,0.0222,0.0239,0.0929,0.0288,0.0929,0.0302,0.0321,0.0928,MEDIUM
VM_013,1378625400,0.0,0.0,0.0,0.006,0.0228,0.0242,0.0935,0.0291,0.0935,0.0305,0.0321,0.0931,MEDIUM
VM_013,1378625700,0.0,0.0,0.0,0.0046,0.0222,0.0234,0.0931,0.0285,0.0931,0.0305,0.0321,0.0936,MEDIUM
VM_013,1378626000,0.0,0.0,0.0,0.0041,0.0224,0.0234,0.0933,0.0285,0.0933,0.0306,0.0321,0.0939,MEDIUM
VM_013,1378626300,0.0,0.0,0.0,0.0023,0.0214,0.0223,0.0926,0.0277,0.0926,0.0306,0.0299,0.0942,MEDIUM
VM_013,1378626600,0.0,0.0,0.0,0.0013,0.0212,0.022,0.0926,0.0275,0.0926,0.0307,0.0299,0.0947,MEDIUM
VM_013,1378626900,0.0,0.0,0.0,0.0012,0.0218,0.0223,0.0931,0.0278,0.0931,0.031,0.0299,0.095,MEDIUM
VM_013,1378627200,0.0,0.0,0.0,0.0,0.0213,0.0216,0.0927,0.0273,0.0927,0.031,0.0299,0.0954,MEDIUM
VM_013,1378627500,0.0,0.0,0.0,0.0,0.0212,0.0215,0.0928,0.0273,0.0928,0.0311,0.0299,0.0958,MEDIUM
VM_013,1378627800,0.0,0.0,0.0,0.0,0.0217,0.0218,0.0933,0.0275,0.0933,0.0313,0.0299,0.096,MEDIUM
VM_013,1378628100,0.0667,0.0,0.0,0.0002,0.0235,0.0233,0.0948,0.0286,0.0948,0.0318,0.0299,0.096,MEDIUM
VM_013,1378628400,0.0,0.0,0.0,0.0,0.0202,0.0201,0.0919,0.0264,0.0919,0.031,0.0136,0.0946,MEDIUM
VM_013,1378628700,0.0,0.0,0.0,0.0,0.0203,0.0201,0.0921,0.0265,0.0921,0.0311,0.0136,0.0949,MEDIUM
VM_013,1378629000,0.0,0.0,0.0,0.0,0.0208,0.0205,0.0926,0.0268,0.0926,0.0313,0.0136,0.095,MEDIUM
VM_013,1378629300,0.0,0.0,0.0,0.0,0.0206,0.0203,0.0924,0.0267,0.0924,0.0313,0.0136,0.0953,MEDIUM
VM_013,1378629600,0.0,0.0,0.0,0.0,0.0204,0.0201,0.0923,0.0266,0.0923,0.0314,0.0136,0.0955,MEDIUM
VM_013,1378629900,0.0,0.0,0.0,0.0,0.0209,0.0205,0.0927,0.0268,0.0927,0.0315,0.0136,0.0956,MEDIUM
VM_013,1378630200,0.0,0.0,0.0,0.0,0.0208,0.0204,0.0926,0.0268,0.0926,0.0316,0.0136,0.0956,MEDIUM
VM_013,1378630500,0.0,0.0,0.0,0.0,0.0206,0.0201,0.0923,0.0266,0.0923,0.0316,0.0136,0.0958,MEDIUM
VM_013,1378630800,0.0,0.0,0.0,0.0,0.0204,0.02,0.0921,0.0265,0.0921,0.0316,0.0136,0.0958,MEDIUM
VM_013,1378631100,0.0,0.0,0.0,0.0,0.0202,0.0198,0.0919,0.0264,0.0919,0.0315,0.0136,0.0959,MEDIUM
VM_013,1378631400,0.0,0.0,0.0,0.0,0.0196,0.0193,0.0915,0.026,0.0915,0.0315,0.0136,0.0961,MEDIUM
VM_013,1378631700,0.0,0.0,0.0,0.0,0.0201,0.0197,0.0918,0.0263,0.0918,0.0316,0.0136,0.096,MEDIUM
VM_013,1378632000,0.0,0.0,0.0,0.0,0.0202,0.0199,0.0919,0.0264,0.0919,0.0317,0.0136,0.096,MEDIUM
VM_013,1378632300,0.0,0.0,0.0,0.0,0.02,0.0197,0.0917,0.0263,0.0917,0.0317,0.0136,0.0961,MEDIUM
VM_013,1378632600,0.0,0.0,0.0,0.0,0.0205,0.0203,0.0921,0.0267,0.0921,0.0318,0.0136,0.096,MEDIUM
VM_013,1378632900,0.0,0.0,0.0,0.0,0.0208,0.0206,0.0923,0.0269,0.0923,0.0319,0.0136,0.0958,MEDIUM
VM_013,1378633200,0.0,0.0,0.0,0.0,0.0202,0.0201,0.0916,0.0265,0.0916,0.0318,0.0136,0.0958,MEDIUM
VM_013,1378633500,0.0,0.0,0.0,0.0,0.0202,0.0201,0.0915,0.0265,0.0915,0.0318,0.0136,0.0958,MEDIUM
VM_013,1378633800,0.0,0.0,0.0,0.0,0.0201,0.0201,0.0913,0.0264,0.0913,0.0318,0.0136,0.0956,MEDIUM
VM_013,1378634100,0.0,0.0,0.0,0.0,0.0196,0.0196,0.0908,0.0261,0.0908,0.0317,0.0136,0.0956,MEDIUM
VM_013,1378634400,0.0,0.0,0.0,0.0,0.02,0.02,0.0909,0.0264,0.0909,0.0317,0.0136,0.0952,MEDIUM
VM_013,1378634700,0.0,0.0,0.0,0.0,0.0185,0.0186,0.0895,0.0255,0.0895,0.0313,0.0136,0.0954,MEDIUM
VM_013,1378635000,0.0,0.0,0.0,0.0,0.0189,0.0189,0.0897,0.0257,0.0897,0.0315,0.0136,0.0952,MEDIUM
VM_013,1378635300,0.0,0.0,0.0,0.0,0.0187,0.0188,0.0895,0.0256,0.0895,0.0314,0.0,0.0934,MEDIUM
VM_013,1378635600,0.1333,0.0,0.0,0.0,0.0193,0.0193,0.0898,0.0259,0.0898,0.0316,0.0272,0.0966,MEDIUM
VM_013,1378635900,0.0,0.0,0.0,0.0,0.018,0.0182,0.0887,0.0252,0.0887,0.0312,0.0272,0.0968,MEDIUM
VM_013,1378636200,0.0,0.0,0.0,0.0,0.0186,0.0188,0.0892,0.0256,0.0892,0.0314,0.0272,0.0966,MEDIUM
VM_013,1378636500,0.0,0.0,0.0,0.0,0.0192,0.0194,0.0894,0.0259,0.0894,0.0315,0.0272,0.0962,MEDIUM
VM_013,1378636800,0.0,0.0,0.0,0.0,0.0179,0.0182,0.0882,0.0252,0.0882,0.0312,0.0272,0.0962,MEDIUM
VM_013,1378637100,0.0,0.0,0.0,0.0,0.0185,0.0186,0.0884,0.0254,0.0884,0.0313,0.0272,0.0958,MEDIUM
VM_013,1378637400,0.0,0.0,0.0,0.0,0.0171,0.0173,0.0869,0.0247,0.0869,0.0308,0.0272,0.0957,MEDIUM
VM_013,1378637700,0.0,0.0,0.0,0.0,0.0162,0.0164,0.0861,0.0242,0.0861,0.0306,0.0272,0.0956,MEDIUM
VM_013,1378638000,0.0,0.0,0.0,0.0,0.0164,0.0165,0.086,0.0242,0.086,0.0306,0.0272,0.0954,MEDIUM
VM_013,1378638300,0.0,0.0,0.0,0.0,0.0161,0.0162,0.0855,0.0241,0.0855,0.0305,0.0272,0.0951,MEDIUM
VM_013,1378638600,0.0,0.0,0.0,0.0,0.0157,0.0158,0.0849,0.0238,0.0849,0.0303,0.0272,0.0948,MEDIUM
VM_013,1378638900,0.0,0.0,0.0,0.0,0.0148,0.0149,0.084,0.0233,0.084,0.03,0.0272,0.0946,MEDIUM
VM_013,1378639200,0.0,0.0,0.0,0.0,0.0144,0.0144,0.0835,0.0231,0.0835,0.0299,0.0272,0.0945,MEDIUM
VM_013,1378639500,0.0,0.0,0.0,0.0,0.0142,0.0142,0.0832,0.023,0.0832,0.0298,0.0272,0.0942,MEDIUM
VM_013,1378639800,0.0,0.0,0.0,0.0,0.0139,0.0139,0.0827,0.0228,0.0827,0.0297,0.0272,0.0939,MEDIUM
VM_013,1378640100,0.0,0.0,0.0,0.0,0.0134,0.0133,0.082,0.0225,0.082,0.0294,0.0272,0.0937,MEDIUM
VM_013,1378640400,0.0,0.0,0.0,0.0,0.0129,0.0127,0.0813,0.0221,0.0813,0.0293,0.0272,0.0934,MEDIUM
VM_013,1378640700,0.0,0.0,0.0,0.0,0.0124,0.0121,0.0806,0.0218,0.0806,0.029,0.0272,0.0931,MEDIUM
VM_013,1378641000,0.0,0.0,0.0,0.0,0.0114,0.0111,0.0795,0.0212,0.0795,0.0287,0.0272,0.0929,MEDIUM
VM_013,1378641300,1.8,0.0002,0.0,0.0039,0.0371,0.0365,0.1016,0.0368,0.1016,0.0353,0.3672,0.1351,MEDIUM
VM_013,1378641600,0.0,0.0,0.0,0.0,0.0134,0.0203,0.0876,0.0248,0.0876,0.0316,0.3672,0.1475,MEDIUM
VM_013,1378641900,0.0,0.0,0.0,0.0,0.0024,0.0093,0.0763,0.0185,0.0763,0.0277,0.3672,0.1471,MEDIUM
VM_013,1378642200,0.0,0.0,0.0,0.0,0.0115,0.0189,0.0856,0.0236,0.0856,0.0311,0.3672,0.1471,MEDIUM
VM_013,1378642500,0.0,0.0,0.0,0.0,0.0056,0.0125,0.0798,0.0204,0.0798,0.0292,0.3672,0.1468,MEDIUM
VM_013,1378642800,0.1333,0.0,0.0,0.0,0.0132,0.0188,0.086,0.0242,0.086,0.0312,0.3672,0.1453,MEDIUM
VM_013,1378643100,0.0,0.0,0.0,0.0,0.0145,0.0195,0.0869,0.0249,0.0869,0.0314,0.3672,0.1447,MEDIUM
VM_013,1378643400,0.0,0.0,0.0,0.0,0.0182,0.0225,0.09,0.0271,0.09,0.0322,0.3672,0.1438,MEDIUM
VM_013,1378643700,0.0,0.0,0.0,0.0,0.0204,0.0241,0.0919,0.0285,0.0919,0.0328,0.3672,0.1433,MEDIUM
VM_013,1378644000,0.0,0.0,0.0,0.0,0.0233,0.0266,0.0944,0.0303,0.0944,0.0335,0.3672,0.1426,MEDIUM
VM_013,1378644300,0.0,0.0,0.0,0.0,0.0253,0.0282,0.0962,0.0315,0.0962,0.034,0.3672,0.1421,MEDIUM
VM_013,1378644600,0.0,0.0,0.0,0.0,0.0274,0.0299,0.0979,0.0328,0.0979,0.0346,0.3672,0.1415,MEDIUM
VM_013,1378644900,0.0,0.0,0.0,0.0,0.0286,0.0307,0.0989,0.0335,0.0989,0.0349,0.3672,0.1412,MEDIUM
VM_013,1378645200,0.0,0.0,0.0,0.0,0.0297,0.0315,0.0997,0.0342,0.0997,0.0351,0.3672,0.1407,MEDIUM
VM_013,1378645500,0.0,0.0,0.0,0.0,0.0301,0.0316,0.0998,0.0344,0.0998,0.0351,0.3672,0.1403,MEDIUM
VM_013,1378645800,0.0,0.0,0.0,0.0,0.0301,0.0313,0.0994,0.0343,0.0994,0.035,0.3672,0.1398,MEDIUM
VM_013,1378646100,0.0,0.0,0.0,0.0,0.029,0.03,0.0982,0.0335,0.0982,0.0346,0.3672,0.1396,MEDIUM
VM_013,1378646400,0.0,0.0,0.0,0.0,0.0283,0.0291,0.0974,0.033,0.0974,0.0344,0.3672,0.1394,MEDIUM
VM_013,1378646700,0.0,0.0,0.0,0.0,0.0289,0.0294,0.0976,0.0333,0.0976,0.0344,0.3672,0.1388,MEDIUM
VM_013,1378647000,0.0,0.0,0.0,0.0,0.0273,0.0277,0.0959,0.0323,0.0959,0.0338,0.3672,0.1385,MEDIUM
VM_013,1378647300,0.0,0.0,0.0,0.0,0.0265,0.0266,0.0948,0.0316,0.0948,0.0335,0.3672,0.1381,MEDIUM
VM_013,1378647600,0.0,0.0,0.0,0.0,0.0253,0.0253,0.0934,0.0309,0.0934,0.0331,0.3672,0.1378,MEDIUM
VM_013,1378647900,0.0,0.0,0.0,0.0,0.0242,0.0241,0.0922,0.0301,0.0922,0.0327,0.3672,0.1375,MEDIUM
VM_013,1378648200,0.0,0.0,0.0,0.0,0.0232,0.0229,0.091,0.0294,0.091,0.0323,0.3672,0.1371,MEDIUM
VM_013,1378648500,0.0,0.0,0.0,0.0,0.0221,0.0217,0.0898,0.0287,0.0898,0.0319,0.0272,0.0932,MEDIUM
VM_013,1378648800,0.0,0.0,0.0,0.0,0.0215,0.021,0.0889,0.0283,0.089,0.0316,0.0272,0.0928,MEDIUM
VM_013,1378649100,0.0,0.0,0.0,0.0,0.0199,0.0193,0.0872,0.0272,0.0872,0.0311,0.0272,0.0925,MEDIUM
VM_013,1378649400,0.0,0.0,0.0,0.0,0.0189,0.0183,0.0862,0.0266,0.0862,0.0308,0.0272,0.0923,MEDIUM
VM_013,1378649700,0.0,0.0,0.0,0.0,0.0181,0.0174,0.0853,0.0261,0.0853,0.0305,0.0272,0.0921,MEDIUM
VM_013,1378650000,0.0667,0.0,0.0,0.0,0.0176,0.0168,0.0844,0.0257,0.0845,0.0303,0.0136,0.09,MEDIUM
VM_013,1378650300,0.0,0.0,0.0,0.0,0.0155,0.0148,0.0825,0.0244,0.0825,0.0297,0.0136,0.09,MEDIUM
VM_013,1378650600,0.0,0.0,0.0,0.0,0.0155,0.0147,0.0823,0.0244,0.0823,0.0296,0.0136,0.0896,MEDIUM
VM_013,1378650900,0.0,0.0,0.0,0.0,0.0142,0.0135,0.0811,0.0236,0.0811,0.0293,0.0136,0.0896,MEDIUM
VM_013,1378651200,0.0,0.0,0.0,0.0,0.0142,0.0135,0.0811,0.0236,0.0811,0.0292,0.0136,0.0895,MEDIUM
VM_013,1378651500,0.0,0.0,0.0,0.0,0.014,0.0133,0.0808,0.0235,0.0808,0.0292,0.0136,0.0894,MEDIUM
VM_013,1378651800,0.0,0.0,0.0,0.0,0.014,0.0133,0.0806,0.0235,0.0806,0.0291,0.0136,0.0891,MEDIUM
VM_013,1378652100,0.0,0.0,0.0,0.0,0.0127,0.0121,0.0795,0.0228,0.0795,0.0288,0.0136,0.0892,MEDIUM
VM_013,1378652400,0.0,0.0,0.0,0.0,0.013,0.0125,0.0798,0.023,0.0798,0.0288,0.0136,0.0891,MEDIUM
VM_013,1378652700,0.0,0.0,0.0,0.0,0.0127,0.0123,0.0797,0.0229,0.0797,0.0288,0.0136,0.0891,MEDIUM
VM_013,1378653000,0.0,0.0,0.0,0.0,0.0128,0.0126,0.0799,0.0231,0.0799,0.0288,0.0136,0.0891,MEDIUM
VM_013,1378653300,0.0,0.0,0.0,0.0,0.0133,0.0131,0.0804,0.0235,0.0804,0.0289,0.0136,0.089,MEDIUM
VM_013,1378653600,0.0,0.0,0.0,0.0,0.0132,0.0132,0.0804,0.0235,0.0804,0.0289,0.0136,0.0891,MEDIUM
VM_013,1378653900,0.0,0.0,0.0,0.0,0.0134,0.0135,0.0806,0.0237,0.0806,0.0289,0.0136,0.0891,MEDIUM
VM_013,1378654200,0.0,0.0,0.0,0.0,0.0134,0.0135,0.0806,0.0237,0.0806,0.0289,0.0136,0.0891,MEDIUM
VM_013,1378654500,0.0,0.0,0.0,0.0,0.0132,0.0136,0.0806,0.0237,0.0806,0.0289,0.0136,0.0891,MEDIUM
VM_013,1378654800,0.1333,0.0,0.0,0.0,0.013,0.0135,0.0806,0.0237,0.0806,0.0288,0.0299,0.0915,MEDIUM
VM_013,1378655100,0.0,0.0,0.0,0.0,0.0129,0.0136,0.0807,0.0238,0.0807,0.0289,0.0299,0.0917,MEDIUM
VM_013,1378655400,0.0,0.0,0.0,0.0,0.0135,0.0143,0.0814,0.0242,0.0814,0.029,0.0299,0.0919,MEDIUM
VM_013,1378655700,0.0,0.0,0.0,0.0,0.0141,0.0151,0.0822,0.0247,0.0822,0.0292,0.0299,0.0919,MEDIUM
VM_013,1378656000,0.0,0.0,0.0,0.0,0.0139,0.0151,0.0823,0.0247,0.0823,0.0292,0.0299,0.0923,MEDIUM
VM_013,1378656300,0.0,0.0,0.0,0.0,0.0149,0.0163,0.0835,0.0255,0.0835,0.0296,0.0299,0.0925,MEDIUM
VM_013,1378656600,0.0667,0.0,0.0,0.0,0.0157,0.0174,0.0844,0.0262,0.0844,0.0298,0.0321,0.0929,MEDIUM
VM_013,1378656900,0.0,0.0,0.0,0.0,0.0156,0.0174,0.0846,0.0262,0.0846,0.0298,0.0321,0.0932,MEDIUM
VM_013,1378657200,0.0667,0.0,0.0,0.0,0.0162,0.0183,0.0854,0.0267,0.0854,0.03,0.0321,0.0934,MEDIUM
VM_013,1378657500,0.0,0.0,0.0,0.0,0.0161,0.0185,0.0857,0.0268,0.0857,0.0301,0.0321,0.0938,MEDIUM
VM_013,1378657800,0.0,0.0,0.0,0.0,0.0171,0.0197,0.0868,0.0275,0.0868,0.0304,0.0321,0.094,MEDIUM
VM_013,1378658100,0.0,0.0,0.0,0.0,0.0177,0.0206,0.0877,0.0281,0.0877,0.0307,0.0321,0.0942,MEDIUM
VM_013,1378658400,0.0,0.0,0.0,0.0,0.018,0.0212,0.0884,0.0285,0.0884,0.0308,0.0321,0.0945,MEDIUM
VM_013,1378658700,0.0,0.0,0.0,0.0,0.0186,0.0221,0.0893,0.029,0.0893,0.0311,0.0321,0.0948,MEDIUM
VM_013,1378659000,0.0,0.0,0.0,0.0,0.0194,0.0231,0.0903,0.0296,0.0903,0.0314,0.0321,0.095,MEDIUM
VM_013,1378659300,0.0,0.0,0.0,0.0,0.0194,0.0234,0.0908,0.0298,0.0908,0.0315,0.0321,0.0955,MEDIUM
VM_013,1378659600,0.0,0.0,0.0,0.0,0.0207,0.0249,0.0923,0.0308,0.0923,0.032,0.0321,0.0956,MEDIUM
VM_013,1378659900,0.0,0.0,0.0,0.0,0.0211,0.0256,0.093,0.0312,0.093,0.0321,0.0321,0.0959,MEDIUM
VM_013,1378660200,0.0,0.0,0.0,0.0,0.0213,0.0261,0.0935,0.0314,0.0935,0.0323,0.0321,0.0962,MEDIUM
VM_013,1378660500,0.0,0.0,0.0,0.0,0.0218,0.027,0.0944,0.0319,0.0944,0.0326,0.0321,0.0965,MEDIUM
VM_013,1378660800,0.0,0.0,0.0,0.0,0.0224,0.0278,0.0953,0.0324,0.0953,0.0328,0.0321,0.0968,MEDIUM
VM_013,1378661100,0.0,0.0,0.0,0.0,0.0226,0.0283,0.0959,0.0327,0.0959,0.033,0.0321,0.097,MEDIUM
VM_013,1378661400,0.0,0.0,0.0,0.0,0.0231,0.029,0.0965,0.0331,0.0965,0.0331,0.0321,0.0972,MEDIUM
VM_013,1378661700,0.0,0.0,0.0,0.0,0.0228,0.0291,0.0967,0.0331,0.0967,0.0332,0.0321,0.0975,MEDIUM
VM_013,1378662000,0.0,0.0,0.0,0.0,0.0227,0.0292,0.097,0.0332,0.097,0.0332,0.0188,0.0963,MEDIUM
VM_013,1378662300,0.0,0.0,0.0,0.0008,0.0234,0.0302,0.0979,0.0338,0.0979,0.0334,0.0188,0.0964,MEDIUM
VM_013,1378662600,0.0,0.0,0.0,0.0009,0.0234,0.0303,0.0981,0.0339,0.0981,0.0335,0.0188,0.0966,MEDIUM
VM_013,1378662900,0.0,0.0,0.0,0.0003,0.0227,0.03,0.098,0.0336,0.098,0.0334,0.0188,0.0972,MEDIUM
VM_013,1378663200,0.0,0.0,0.0,0.0011,0.0233,0.0309,0.099,0.0342,0.099,0.0336,0.0188,0.0975,MEDIUM
VM_013,1378663500,0.0,0.0,0.0,0.002,0.0239,0.0317,0.0998,0.0347,0.0998,0.0338,0.0188,0.0976,MEDIUM
VM_013,1378663800,0.0,0.0,0.0,0.0013,0.0231,0.0313,0.0996,0.0343,0.0996,0.0337,0.0136,0.0974,MEDIUM
VM_013,1378664100,0.0,0.0,0.0,0.0026,0.0242,0.0326,0.1009,0.0353,0.1009,0.034,0.0136,0.0975,MEDIUM
VM_013,1378664400,0.1429,0.0,0.0,0.0024,0.0238,0.0324,0.1009,0.0351,0.1009,0.034,0.0292,0.0999,MEDIUM
VM_013,1378664700,0.0,0.0,0.0,0.0023,0.0237,0.0325,0.1011,0.0351,0.1011,0.034,0.0292,0.1003,MEDIUM
VM_013,1378665000,0.0,0.0,0.0,0.0026,0.0238,0.0329,0.1017,0.0354,0.1017,0.0342,0.0292,0.1006,MEDIUM
VM_013,1378665300,0.0,0.0,0.0,0.0032,0.0243,0.0336,0.1025,0.0359,0.1025,0.0343,0.0292,0.1009,MEDIUM
VM_013,1378665600,0.0,0.0,0.0,0.0035,0.0244,0.034,0.103,0.0361,0.103,0.0345,0.0292,0.1013,MEDIUM
VM_013,1378665900,0.0,0.0,0.0,0.0046,0.0253,0.0351,0.1041,0.0369,0.1041,0.0347,0.0292,0.1014,MEDIUM
VM_013,1378666200,0.0,0.0,0.0,0.0044,0.0249,0.035,0.1042,0.0368,0.1042,0.0347,0.0292,0.1018,MEDIUM
VM_013,1378666500,0.0,0.0,0.0,0.0055,0.0258,0.0361,0.1053,0.0376,0.1053,0.035,0.0292,0.1018,MEDIUM
VM_013,1378666800,0.0,0.0,0.0,0.0058,0.0258,0.0363,0.1057,0.0377,0.1057,0.035,0.0292,0.1021,MEDIUM
VM_013,1378667100,0.0,0.0,0.0,0.0063,0.0261,0.0367,0.1062,0.038,0.1062,0.0351,0.0292,0.1022,MEDIUM
VM_013,1378667400,0.0,0.0,0.0,0.0063,0.0258,0.0367,0.1063,0.0379,0.1063,0.0351,0.0292,0.1024,MEDIUM
VM_013,1378667700,0.0,0.0,0.0,0.0068,0.0261,0.0371,0.1068,0.0382,0.1068,0.0352,0.0292,0.1026,MEDIUM
VM_013,1378668000,0.0,0.0,0.0,0.0069,0.026,0.0372,0.1071,0.0383,0.1071,0.0353,0.0292,0.1028,MEDIUM
VM_013,1378668300,0.0,0.0,0.0,0.0074,0.0263,0.0376,0.1076,0.0386,0.1076,0.0353,0.0292,0.1028,MEDIUM
VM_013,1378668600,0.0,0.0,0.0,0.0088,0.0274,0.0388,0.1088,0.0395,0.1088,0.0356,0.0292,0.1028,MEDIUM
VM_013,1378668900,0.0,0.0,0.0,0.0065,0.0249,0.0366,0.1069,0.0378,0.1069,0.0351,0.0292,0.1033,MEDIUM
VM_013,1378669200,0.0,0.0,0.0,0.0077,0.0258,0.0376,0.108,0.0386,0.108,0.0353,0.0292,0.1034,MEDIUM
VM_013,1378669500,0.0,0.0,0.0,0.0081,0.0259,0.0378,0.1084,0.0387,0.1084,0.0354,0.0292,0.1035,MEDIUM
VM_013,1378669800,0.0,0.0,0.0,0.0083,0.0259,0.0379,0.1086,0.0388,0.1086,0.0354,0.0292,0.1035,MEDIUM
VM_013,1378670100,0.0,0.0,0.0,0.0084,0.0257,0.0379,0.1087,0.0388,0.1087,0.0354,0.0292,0.1037,MEDIUM
VM_013,1378670400,0.0,0.0,0.0,0.0086,0.0256,0.0379,0.1089,0.0388,0.1089,0.0354,0.0292,0.1038,MEDIUM
VM_013,1378670700,0.0,0.0,0.0,0.0094,0.0261,0.0385,0.1095,0.0393,0.1095,0.0355,0.0292,0.1038,MEDIUM
VM_013,1378671000,0.0,0.0,0.0,0.0093,0.0257,0.0382,0.1095,0.0391,0.1095,0.0355,0.0292,0.1039,MEDIUM
VM_013,1378671300,0.0,0.0,0.0,0.0102,0.0262,0.0387,0.1099,0.0394,0.1099,0.0355,0.0292,0.1037,MEDIUM
VM_013,1378671600,0.0667,0.0,0.0,0.0094,0.0252,0.0378,0.1092,0.0388,0.1092,0.0353,0.0136,0.1019,MEDIUM
VM_013,1378671900,0.0,0.0,0.0,0.0092,0.0247,0.0374,0.109,0.0385,0.109,0.0352,0.0136,0.1021,MEDIUM
VM_013,1378672200,0.0,0.0,0.0,0.0093,0.0245,0.0373,0.109,0.0385,0.109,0.0351,0.0136,0.1021,MEDIUM
VM_013,1378672500,0.0,0.0,0.0,0.0094,0.0243,0.0372,0.109,0.0384,0.109,0.0351,0.0136,0.1021,MEDIUM
VM_013,1378672800,0.0,0.0,0.0,0.009,0.0236,0.0366,0.1086,0.038,0.1086,0.0349,0.0136,0.1023,MEDIUM
VM_013,1378673100,0.0,0.0,0.0,0.0094,0.0236,0.0367,0.1088,0.0381,0.1088,0.0349,0.0136,0.1022,MEDIUM
VM_013,1378673400,0.0,0.0,0.0,0.0095,0.0234,0.0365,0.1087,0.038,0.1087,0.0348,0.0136,0.1021,MEDIUM
VM_013,1378673700,0.0,0.0,0.0,0.0094,0.0229,0.0361,0.1083,0.0377,0.1083,0.0347,0.0136,0.1021,MEDIUM
VM_013,1378674000,0.0,0.0,0.0,0.0087,0.0219,0.0352,0.1076,0.037,0.1076,0.0344,0.0136,0.1022,MEDIUM
VM_013,1378674300,0.0,0.0,0.0,0.0091,0.0219,0.0352,0.1076,0.0371,0.1076,0.0344,0.0136,0.1019,MEDIUM
VM_013,1378674600,0.0,0.0,0.0,0.0081,0.0206,0.0341,0.1066,0.0362,0.1066,0.0341,0.0136,0.1021,MEDIUM
VM_013,1378674900,0.0,0.0,0.0,0.0082,0.0203,0.0339,0.1064,0.0361,0.1064,0.034,0.0136,0.102,MEDIUM
VM_013,1378675200,0.0,0.0,0.0,0.0078,0.0196,0.0332,0.1059,0.0356,0.1059,0.0338,0.0136,0.1019,MEDIUM
VM_013,1378675500,0.0,0.0,0.0,0.0078,0.0192,0.0329,0.1056,0.0354,0.1056,0.0337,0.0136,0.1018,MEDIUM
VM_013,1378675800,0.0,0.0,0.0,0.0074,0.0184,0.0322,0.1049,0.0349,0.1049,0.0334,0.0136,0.1017,MEDIUM
VM_013,1378676100,0.0,0.0,0.0,0.007,0.0177,0.0315,0.1042,0.0344,0.1042,0.0332,0.0136,0.1016,MEDIUM
VM_013,1378676400,0.0,0.0,0.0,0.0068,0.017,0.0309,0.1037,0.034,0.1037,0.033,0.0136,0.1015,MEDIUM
VM_013,1378676700,0.0,0.0,0.0,0.0063,0.0163,0.0302,0.1031,0.0335,0.1031,0.0328,0.0136,0.1017,MEDIUM
VM_013,1378677000,0.0,0.0,0.0,0.0064,0.0159,0.0298,0.1026,0.0332,0.1026,0.0326,0.0136,0.1017,MEDIUM
VM_013,1378677300,0.0,0.0,0.0,0.0054,0.0145,0.0285,0.1014,0.0323,0.1014,0.0323,0.0136,0.1019,MEDIUM
VM_013,1378677600,0.0,0.0,0.0,0.0059,0.0145,0.0284,0.1012,0.0322,0.1012,0.0322,0.0136,0.1018,MEDIUM
VM_013,1378677900,0.0,0.0,0.0,0.0041,0.0124,0.0265,0.0994,0.0308,0.0994,0.0317,0.0136,0.1022,MEDIUM
VM_013,1378678200,0.0,0.0,0.0,0.0047,0.0126,0.0266,0.0994,0.0309,0.0994,0.0316,0.0136,0.1021,MEDIUM
VM_013,1378678500,0.0,0.0,0.0,0.0037,0.0112,0.0253,0.098,0.0299,0.098,0.0312,0.0136,0.1023,MEDIUM
VM_013,1378678800,0.0,0.0,0.0,0.0034,0.0105,0.0245,0.0972,0.0294,0.0972,0.031,0.0,0.1005,MEDIUM
VM_013,1378679100,0.0,0.0,0.0,0.0024,0.0091,0.0233,0.0959,0.0284,0.0959,0.0306,0.0,0.1007,MEDIUM
VM_013,1378679400,0.0,0.0,0.0,0.0026,0.0089,0.0231,0.0955,0.0283,0.0955,0.0305,0.0,0.1007,MEDIUM
VM_013,1378679700,0.0,0.0,0.0,0.002,0.0079,0.0221,0.0945,0.0276,0.0945,0.0302,0.0,0.1008,MEDIUM
VM_013,1378680000,0.0,0.0,0.0,0.0013,0.0068,0.0211,0.0934,0.0268,0.0934,0.0299,0.0,0.1008,MEDIUM
VM_013,1378680300,0.0,0.0,0.0,0.001,0.006,0.0203,0.0925,0.0263,0.0925,0.0296,0.0,0.1008,MEDIUM
VM_013,1378680600,0.0,0.0,0.0,0.0006,0.0052,0.0194,0.0915,0.0256,0.0915,0.0293,0.0,0.1007,MEDIUM
VM_013,1378680900,0.0,0.0,0.0,0.0002,0.0044,0.0186,0.0905,0.0251,0.0905,0.0291,0.0,0.1007,MEDIUM
VM_013,1378681200,0.0,0.0,0.0,0.0002,0.0039,0.0181,0.0898,0.0247,0.0898,0.0288,0.0,0.1006,MEDIUM
VM_013,1378681500,0.0,0.0,0.0,0.0,0.003,0.0171,0.0887,0.024,0.0887,0.0285,0.0,0.1006,MEDIUM
VM_013,1378681800,0.0,0.0,0.0,0.0,0.0022,0.0164,0.0878,0.0235,0.0878,0.0282,0.0,0.1005,MEDIUM
VM_013,1378682100,0.0,0.0,0.0,0.0,0.0017,0.0158,0.087,0.023,0.087,0.028,0.0,0.1003,MEDIUM
VM_013,1378682400,0.0,0.0,0.0,0.0,0.0006,0.0147,0.0858,0.0223,0.0858,0.0276,0.0,0.1003,MEDIUM
VM_013,1378682700,0.0,0.0,0.0,0.0,0.0002,0.0143,0.0852,0.022,0.0852,0.0274,0.0,0.1002,MEDIUM
VM_013,1378683000,0.0,0.0,0.0,0.0,0.0002,0.0142,0.0848,0.0219,0.0848,0.0273,0.0,0.1,MEDIUM
VM_013,1378683300,0.0,0.0,0.0,0.0,0.0,0.0136,0.0839,0.0215,0.0839,0.027,0.0,0.0998,MEDIUM
VM_013,1378683600,0.0,0.0,0.0,0.0,0.0,0.0132,0.0833,0.0212,0.0833,0.0268,0.0,0.0996,MEDIUM
VM_013,1378683900,0.0,0.0,0.0,0.0,0.0,0.0125,0.0824,0.0208,0.0824,0.0265,0.0,0.0995,MEDIUM
VM_013,1378684200,0.0,0.0,0.0,0.0,0.0,0.0129,0.0824,0.021,0.0824,0.0265,0.0,0.0991,MEDIUM
VM_013,1378684500,0.0,0.0,0.0,0.0,0.0,0.0119,0.0812,0.0204,0.0812,0.0261,0.0,0.099,MEDIUM
VM_013,1378684800,0.0,0.0,0.0,0.0,0.0,0.0093,0.0787,0.0187,0.0787,0.0251,0.0,0.0983,MEDIUM
VM_013,1378685100,0.0,0.0,0.0,0.0,0.0,0.0072,0.0764,0.0176,0.0764,0.0243,0.0,0.0977,MEDIUM
VM_013,1378685400,0.0,0.0,0.0,0.0,0.0,0.005,0.0742,0.0164,0.0742,0.0235,0.0,0.0974,MEDIUM
VM_013,1378685700,0.0,0.0,0.0,0.0,0.0,0.0044,0.0733,0.016,0.0733,0.0231,0.0,0.0971,MEDIUM
VM_013,1378686000,0.2,0.0,0.0,0.0,0.0,0.0057,0.0743,0.0165,0.0743,0.0235,0.0408,0.102,MEDIUM
VM_013,1378686300,0.0,0.0,0.0,0.0,0.0,0.0055,0.0739,0.0163,0.0739,0.0233,0.0408,0.102,MEDIUM
VM_013,1378686600,0.0,0.0,0.0,0.0,0.0,0.0081,0.076,0.0174,0.076,0.0241,0.0408,0.1016,MEDIUM
VM_013,1378686900,0.0,0.0,0.0,0.0,0.0,0.009,0.0766,0.0178,0.0766,0.0243,0.0408,0.1015,MEDIUM
VM_013,1378687200,0.0,0.0,0.0,0.001,0.0,0.0114,0.0785,0.0189,0.0785,0.025,0.0408,0.1011,MEDIUM
VM_013,1378687500,0.0,0.0,0.0,0.0022,0.0004,0.0128,0.0796,0.0196,0.0796,0.0253,0.0408,0.101,MEDIUM
VM_013,1378687800,0.0,0.0,0.0,0.0048,0.0032,0.0153,0.0816,0.0212,0.0816,0.0258,0.0408,0.1006,MEDIUM
VM_013,1378688100,0.0,0.0,0.0,0.0061,0.0047,0.0167,0.0826,0.0221,0.0826,0.026,0.0408,0.1003,MEDIUM
VM_013,1378688400,0.0,0.0,0.0,0.0081,0.007,0.0187,0.0842,0.0235,0.0842,0.0263,0.0408,0.1,MEDIUM
VM_013,1378688700,0.0,0.0,0.0,0.0095,0.0086,0.0201,0.0853,0.0244,0.0853,0.0265,0.0408,0.0997,MEDIUM
VM_013,1378689000,0.0,0.0,0.0,0.0107,0.0099,0.0214,0.0862,0.0253,0.0862,0.0267,0.0408,0.0995,MEDIUM
VM_013,1378689300,0.0,0.0,0.0,0.0127,0.0121,0.0233,0.0877,0.0266,0.0877,0.027,0.0408,0.0991,MEDIUM
VM_013,1378689600,0.0667,0.0,0.0,0.0134,0.0128,0.0241,0.0882,0.027,0.0882,0.0271,0.0425,0.0992,MEDIUM
VM_013,1378689900,0.0,0.0,0.0,0.0147,0.0143,0.0255,0.0892,0.0279,0.0892,0.0273,0.0425,0.099,MEDIUM
VM_013,1378690200,0.0,0.0,0.0,0.0156,0.0154,0.0265,0.0899,0.0286,0.0899,0.0275,0.0425,0.0987,MEDIUM
VM_013,1378690500,0.0,0.0,0.0,0.0167,0.0166,0.0276,0.0906,0.0293,0.0906,0.0277,0.0425,0.0985,MEDIUM
VM_013,1378690800,0.1333,0.0,0.0,0.0176,0.0176,0.0286,0.0913,0.0299,0.0913,0.0278,0.0491,0.0992,MEDIUM
VM_013,1378691100,0.0,0.0,0.0,0.0182,0.0184,0.0293,0.0916,0.0303,0.0916,0.0279,0.0491,0.0991,MEDIUM
VM_013,1378691400,0.0,0.0,0.0,0.0186,0.0189,0.0299,0.0919,0.0306,0.0919,0.028,0.0491,0.0989,MEDIUM
VM_013,1378691700,0.0,0.0,0.0,0.019,0.0195,0.0305,0.0922,0.0309,0.0922,0.0281,0.0491,0.0988,MEDIUM
VM_013,1378692000,0.0,0.0,0.0,0.0195,0.0202,0.0312,0.0925,0.0313,0.0925,0.0282,0.0491,0.0986,MEDIUM
VM_013,1378692300,0.0,0.0,0.0,0.02,0.0208,0.0317,0.0926,0.0315,0.0926,0.0282,0.0491,0.0983,MEDIUM
VM_013,1378692600,0.1333,0.0,0.0,0.0196,0.0206,0.0316,0.0923,0.0313,0.0923,0.0281,0.0544,0.099,MEDIUM
VM_013,1378692900,0.0,0.0,0.0,0.0201,0.0213,0.0322,0.0925,0.0316,0.0925,0.0282,0.0544,0.0989,MEDIUM
VM_013,1378693200,0.0,0.0,0.0,0.0197,0.0211,0.0321,0.0921,0.0314,0.0921,0.0281,0.0392,0.0968,MEDIUM
VM_013,1378693500,0.0,0.0,0.0,0.0195,0.0211,0.0322,0.0919,0.0313,0.0919,0.0281,0.0392,0.0967,MEDIUM
VM_013,1378693800,0.0,0.0,0.0,0.0196,0.0215,0.0326,0.092,0.0315,0.092,0.0281,0.0392,0.0965,MEDIUM
VM_013,1378694100,0.0,0.0,0.0,0.0188,0.0209,0.0321,0.0913,0.031,0.0913,0.028,0.0392,0.0964,MEDIUM
VM_013,1378694400,0.0,0.0,0.0,0.0192,0.0215,0.0327,0.0915,0.0313,0.0915,0.028,0.0392,0.0961,MEDIUM
VM_013,1378694700,0.0,0.0,0.0,0.0183,0.0208,0.0321,0.0907,0.0307,0.0907,0.0278,0.0392,0.096,MEDIUM
VM_013,1378695000,0.0,0.0,0.0,0.0172,0.0201,0.0315,0.09,0.0302,0.09,0.0277,0.0392,0.096,MEDIUM
VM_013,1378695300,0.0,0.0,0.0,0.0177,0.0208,0.0322,0.0905,0.0306,0.0905,0.0278,0.0392,0.0956,MEDIUM
VM_013,1378695600,0.0,0.0,0.0,0.0171,0.0204,0.0318,0.09,0.0302,0.09,0.0277,0.0392,0.0955,MEDIUM
VM_013,1378695900,0.0,0.0,0.0,0.0165,0.0201,0.0315,0.0896,0.0299,0.0896,0.0276,0.0392,0.0953,MEDIUM
VM_013,1378696200,0.0,0.0,0.0,0.0156,0.0196,0.031,0.0891,0.0295,0.0891,0.0275,0.0392,0.0952,MEDIUM
VM_013,1378696500,0.0,0.0,0.0,0.0156,0.0199,0.0312,0.0892,0.0296,0.0892,0.0276,0.0392,0.095,MEDIUM
VM_013,1378696800,0.0,0.0,0.0,0.0142,0.0189,0.0302,0.0884,0.0288,0.0884,0.0274,0.0376,0.0948,MEDIUM
VM_013,1378697100,0.0,0.0,0.0,0.0143,0.0193,0.0305,0.0888,0.029,0.0888,0.0276,0.0376,0.0946,MEDIUM
VM_013,1378697400,0.0,0.0,0.0,0.0138,0.0192,0.0303,0.0886,0.0288,0.0886,0.0276,0.0376,0.0945,MEDIUM
VM_013,1378697700,0.0,0.0,0.0,0.0126,0.0184,0.0294,0.0879,0.0281,0.0879,0.0274,0.0376,0.0945,MEDIUM
VM_013,1378698000,0.0667,0.0,0.0,0.012,0.0182,0.0291,0.0878,0.0278,0.0878,0.0274,0.0299,0.0936,MEDIUM
VM_013,1378698300,0.0,0.0,0.0,0.0108,0.0176,0.0284,0.0873,0.0272,0.0873,0.0274,0.0299,0.0937,MEDIUM
VM_013,1378698600,0.0,0.0,0.0,0.0099,0.0171,0.0279,0.0871,0.0268,0.0871,0.0274,0.0299,0.0938,MEDIUM
VM_013,1378698900,0.0,0.0,0.0,0.0095,0.0173,0.0277,0.0872,0.0268,0.0872,0.0275,0.0299,0.0938,MEDIUM
VM_013,1378699200,0.0,0.0,0.0,0.0084,0.0167,0.027,0.0868,0.0262,0.0868,0.0274,0.0299,0.0939,MEDIUM
VM_013,1378699500,0.0,0.0,0.0,0.0069,0.0158,0.0259,0.0861,0.0254,0.0861,0.0274,0.0299,0.0941,MEDIUM
VM_013,1378699800,0.0,0.0,0.0,0.0061,0.0155,0.0254,0.086,0.0251,0.086,0.0274,0.0136,0.0922,MEDIUM
VM_013,1378700100,0.0,0.0,0.0,0.0048,0.0149,0.0245,0.0856,0.0245,0.0856,0.0274,0.0136,0.0923,MEDIUM
VM_013,1378700400,0.2,0.0,0.0,0.0037,0.0144,0.0237,0.0855,0.024,0.0855,0.0274,0.0425,0.0965,MEDIUM
VM_013,1378700700,0.0,0.0,0.0,0.0025,0.014,0.0229,0.0853,0.0235,0.0853,0.0275,0.0425,0.097,MEDIUM
VM_013,1378701000,0.0,0.0,0.0,0.0005,0.0128,0.0216,0.0846,0.0225,0.0846,0.0275,0.0425,0.0979,MEDIUM
VM_013,1378701300,0.0,0.0,0.0,0.0,0.0131,0.0215,0.0852,0.0226,0.0852,0.0277,0.0425,0.0984,MEDIUM
VM_013,1378701600,0.0,0.0,0.0,0.0,0.0131,0.0211,0.0854,0.0225,0.0854,0.0279,0.0425,0.0991,MEDIUM
VM_013,1378701900,0.0,0.0,0.0,0.0,0.0132,0.0208,0.0857,0.0225,0.0857,0.028,0.0425,0.0996,MEDIUM
VM_013,1378702200,0.0,0.0,0.0,0.0,0.0122,0.0195,0.0852,0.0219,0.0852,0.0278,0.0425,0.1004,MEDIUM
VM_013,1378702500,0.0,0.0,0.0,0.0,0.0125,0.0193,0.0857,0.022,0.0857,0.028,0.0425,0.101,MEDIUM
VM_013,1378702800,0.0,0.0,0.0,0.0,0.0116,0.0182,0.0854,0.0215,0.0854,0.0279,0.0425,0.1018,MEDIUM
VM_013,1378703100,0.0,0.0,0.0,0.0,0.012,0.018,0.086,0.0216,0.086,0.0281,0.0425,0.1025,MEDIUM
VM_013,1378703400,0.0,0.0,0.0,0.0,0.0118,0.0174,0.0861,0.0214,0.0861,0.0282,0.0425,0.1032,MEDIUM
VM_013,1378703700,0.0,0.0,0.0,0.0,0.0122,0.0172,0.0867,0.0216,0.0867,0.0284,0.0425,0.1038,MEDIUM
VM_013,1378704000,0.0,0.0,0.0,0.0,0.0116,0.0163,0.0865,0.0212,0.0865,0.0284,0.0425,0.1046,MEDIUM
VM_013,1378704300,0.0,0.0,0.0,0.0,0.0118,0.016,0.087,0.0213,0.087,0.0286,0.0425,0.1053,MEDIUM
VM_013,1378704600,0.0,0.0,0.0,0.0,0.0115,0.0153,0.0871,0.021,0.0871,0.0286,0.0425,0.106,MEDIUM
VM_013,1378704900,0.0,0.0,0.0,0.0,0.0115,0.0147,0.0873,0.0209,0.0873,0.0288,0.0425,0.1068,MEDIUM
VM_013,1378705200,0.0,0.0,0.0,0.0,0.0119,0.0146,0.0879,0.0211,0.0879,0.029,0.0408,0.1073,MEDIUM
VM_013,1378705500,0.0,0.0,0.0,0.0,0.0113,0.0136,0.0877,0.0207,0.0877,0.029,0.0408,0.1082,MEDIUM
VM_013,1378705800,0.0,0.0,0.0,0.0,0.0114,0.0134,0.0883,0.0208,0.0883,0.0292,0.0408,0.109,MEDIUM
VM_013,1378706100,0.0,0.0,0.0,0.0,0.0115,0.0131,0.0887,0.0208,0.0887,0.0294,0.0408,0.1098,MEDIUM
VM_013,1378706400,0.0,0.0,0.0,0.0,0.0126,0.0137,0.09,0.0214,0.09,0.0298,0.0408,0.1104,MEDIUM
VM_013,1378706700,0.0,0.0,0.0,0.0,0.0127,0.0135,0.0904,0.0214,0.0904,0.03,0.0408,0.1112,MEDIUM
VM_013,1378707000,0.1333,0.0,0.0,0.0,0.0128,0.0132,0.091,0.0215,0.091,0.0303,0.0481,0.1132,MEDIUM
VM_013,1378707300,0.0,0.0,0.0,0.0,0.0143,0.0144,0.0926,0.0223,0.0926,0.0308,0.0481,0.1138,MEDIUM
VM_013,1378707600,0.0,0.0,0.0,0.0,0.0146,0.0143,0.0932,0.0224,0.0932,0.0311,0.0272,0.112,MEDIUM
VM_013,1378707900,0.0,0.0,0.0,0.0,0.0149,0.0144,0.094,0.0227,0.094,0.0314,0.0272,0.113,MEDIUM
VM_013,1378708200,0.0,0.0,0.0,0.0,0.0164,0.0157,0.0956,0.0235,0.0956,0.032,0.0272,0.1136,MEDIUM
VM_013,1378708500,0.0,0.0,0.0,0.0,0.0169,0.0161,0.0965,0.0239,0.0965,0.0323,0.0272,0.1145,MEDIUM
VM_013,1378708800,0.0,0.0,0.0,0.0,0.0179,0.0169,0.0978,0.0245,0.0978,0.0328,0.0272,0.1152,MEDIUM
VM_013,1378709100,0.0,0.0,0.0,0.0,0.0203,0.019,0.1002,0.0259,0.1002,0.0336,0.0272,0.1157,MEDIUM
VM_013,1378709400,0.0,0.0,0.0,0.0,0.0196,0.0184,0.0999,0.0255,0.0999,0.0336,0.0272,0.1166,MEDIUM
VM_013,1378709700,0.0,0.0,0.0,0.0,0.0208,0.0194,0.1012,0.0262,0.1012,0.0341,0.0272,0.1172,MEDIUM
VM_013,1378710000,0.0,0.0,0.0,0.0,0.022,0.0205,0.1026,0.0269,0.1026,0.0346,0.0272,0.1177,MEDIUM
VM_013,1378710300,0.0,0.0,0.0,0.0,0.0221,0.0207,0.1031,0.0271,0.1031,0.0349,0.0272,0.1186,MEDIUM
VM_013,1378710600,0.0,0.0,0.0,0.0,0.0237,0.0223,0.1049,0.0281,0.1049,0.0355,0.0272,0.1191,MEDIUM
VM_013,1378710900,0.0,0.0,0.0,0.0,0.0248,0.0235,0.1062,0.029,0.1062,0.036,0.0272,0.1197,MEDIUM
VM_013,1378711200,0.0,0.0,0.0,0.0,0.026,0.0247,0.1076,0.0298,0.1076,0.0364,0.0272,0.1203,MEDIUM
VM_013,1378711500,0.0,0.0,0.0,0.0,0.0275,0.0263,0.1092,0.0309,0.1092,0.037,0.0272,0.1207,MEDIUM
VM_013,1378711800,0.0,0.0,0.0,0.0,0.0285,0.0273,0.1103,0.0315,0.1103,0.0373,0.0272,0.1212,MEDIUM
VM_013,1378712100,0.0,0.0,0.0,0.0,0.0295,0.0284,0.1114,0.0323,0.1114,0.0377,0.0272,0.1217,MEDIUM
VM_013,1378712400,0.0,0.0,0.0,0.0,0.0299,0.0291,0.1122,0.0327,0.1122,0.038,0.0272,0.1223,MEDIUM
VM_013,1378712700,0.0,0.0,0.0,0.0,0.0317,0.0309,0.114,0.0339,0.114,0.0386,0.0272,0.1226,MEDIUM
VM_013,1378713000,0.0,0.0,0.0,0.0,0.0325,0.0319,0.1149,0.0346,0.1149,0.039,0.0272,0.123,MEDIUM
VM_013,1378713300,0.0,0.0,0.0,0.0,0.0338,0.0334,0.1162,0.0355,0.1162,0.0395,0.0272,0.1233,MEDIUM
VM_013,1378713600,0.0,0.0,0.0,0.0,0.0348,0.0345,0.1173,0.0362,0.1173,0.0398,0.0272,0.1236,MEDIUM
VM_013,1378713900,0.0,0.0,0.0,0.0,0.0351,0.0351,0.1178,0.0365,0.1178,0.0401,0.0272,0.124,MEDIUM
VM_013,1378714200,0.1333,0.0,0.0,0.0,0.036,0.0361,0.1189,0.0372,0.1189,0.0405,0.0272,0.1246,MEDIUM
VM_013,1378714500,0.0,0.0,0.0,0.0,0.0374,0.0377,0.1202,0.0382,0.1202,0.041,0.0272,0.1247,MEDIUM
VM_013,1378714800,0.0,0.0,0.0,0.0,0.038,0.0385,0.1209,0.0387,0.1209,0.0412,0.0272,0.125,MEDIUM
VM_013,1378715100,0.0,0.0,0.0,0.0,0.0389,0.0397,0.1218,0.0394,0.1218,0.0416,0.0272,0.1252,MEDIUM
VM_013,1378715400,0.0,0.0,0.0,0.0,0.0389,0.0399,0.1219,0.0395,0.1219,0.0417,0.0272,0.1256,MEDIUM
VM_013,1378715700,0.0,0.0,0.0,0.0,0.0398,0.041,0.1228,0.0401,0.1228,0.042,0.0272,0.1257,MEDIUM
VM_013,1378716000,0.0,0.0,0.0,0.0,0.0408,0.0422,0.1237,0.0409,0.1237,0.0424,0.0272,0.1257,MEDIUM
VM_013,1378716300,0.0,0.0,0.0,0.0,0.0403,0.042,0.1233,0.0406,0.1233,0.0423,0.0272,0.126,MEDIUM
VM_013,1378716600,0.0,0.0,0.0,0.0,0.0417,0.0435,0.1244,0.0416,0.1244,0.0427,0.0272,0.1258,MEDIUM
VM_013,1378716900,0.0,0.0,0.0,0.0,0.041,0.0432,0.1239,0.0412,0.1239,0.0426,0.0272,0.1261,MEDIUM
VM_013,1378717200,0.0,0.0,0.0,0.0,0.0414,0.0438,0.1243,0.0416,0.1243,0.0428,0.0272,0.1261,MEDIUM
VM_013,1378717500,0.0,0.0,0.0,0.0,0.0419,0.0445,0.1247,0.042,0.1247,0.043,0.0272,0.1261,MEDIUM
VM_013,1378717800,0.0,0.0,0.0,0.0,0.0419,0.0448,0.1247,0.0421,0.1247,0.043,0.0272,0.1261,MEDIUM
VM_013,1378718100,0.0,0.0,0.0,0.0,0.0421,0.0451,0.1247,0.0422,0.1247,0.0431,0.0272,0.1261,MEDIUM
VM_013,1378718400,0.0,0.0,0.0,0.0,0.0422,0.0455,0.1248,0.0424,0.1248,0.0432,0.0272,0.1259,MEDIUM
VM_013,1378718700,0.0,0.0,0.0,0.0,0.0422,0.0456,0.1245,0.0423,0.1245,0.0431,0.0272,0.1257,MEDIUM
VM_013,1378719000,0.0,0.0,0.0,0.0,0.041,0.0447,0.1234,0.0417,0.1234,0.0428,0.0272,0.1258,MEDIUM
VM_013,1378719300,0.0,0.0,0.0,0.0,0.0407,0.0445,0.1229,0.0415,0.1229,0.0427,0.0272,0.1257,MEDIUM
VM_013,1378719600,0.0,0.0,0.0,0.0,0.0404,0.0444,0.1225,0.0413,0.1225,0.0426,0.0272,0.1255,MEDIUM
VM_013,1378719900,1.8667,0.0186,0.0,0.0146,0.0722,0.0747,0.1509,0.0635,0.1509,0.0498,0.3808,0.1694,MEDIUM
VM_013,1378720200,0.0,0.0,0.0,0.0,0.0495,0.0598,0.1377,0.0498,0.1377,0.0479,0.3808,0.1836,MEDIUM
VM_013,1378720500,0.0,0.0,0.0,0.0,0.04,0.0507,0.1296,0.0434,0.1296,0.0449,0.3808,0.1848,MEDIUM
VM_013,1378720800,0.0,0.0018,0.0,0.0,0.0537,0.0643,0.1421,0.0527,0.1421,0.0493,0.3808,0.1834,MEDIUM
VM_013,1378721100,0.0,0.0,0.0,0.0,0.0469,0.0575,0.1362,0.0481,0.1362,0.0473,0.3808,0.1839,MEDIUM
VM_013,1378721400,0.2,0.0061,0.0,0.0,0.0552,0.0647,0.1434,0.0537,0.1434,0.0493,0.3814,0.1821,MEDIUM
VM_013,1378721700,0.0,0.0092,0.0,0.0,0.0577,0.0669,0.1457,0.0556,0.1457,0.05,0.3814,0.1816,MEDIUM
VM_013,1378722000,0.1333,0.0136,0.0,0.0,0.0618,0.0707,0.1496,0.0586,0.1496,0.051,0.3811,0.181,MEDIUM
VM_013,1378722300,0.0,0.017,0.0,0.0,0.0651,0.0739,0.1527,0.0611,0.1527,0.0519,0.3811,0.1805,MEDIUM
VM_013,1378722600,0.0,0.0197,0.0,0.002,0.0677,0.0764,0.1552,0.0632,0.1552,0.0525,0.3811,0.1801,MEDIUM
VM_013,1378722900,0.0,0.0221,0.0,0.005,0.0702,0.0789,0.1575,0.0653,0.1575,0.0529,0.3811,0.1796,MEDIUM
VM_013,1378723200,0.0,0.0244,0.0,0.0079,0.0725,0.081,0.1594,0.0672,0.1594,0.0532,0.3811,0.1789,MEDIUM
VM_013,1378723500,0.0,0.0244,0.0,0.0084,0.0726,0.0813,0.1595,0.0674,0.1595,0.0533,0.3811,0.1788,MEDIUM
VM_013,1378723800,0.0,0.025,0.0,0.0096,0.0733,0.0819,0.1598,0.0679,0.1598,0.0533,0.3811,0.1782,MEDIUM
VM_013,1378724100,0.0,0.024,0.0,0.0091,0.0724,0.081,0.1588,0.0673,0.1588,0.053,0.3811,0.1779,MEDIUM
VM_013,1378724400,0.0,0.0241,0.0,0.0099,0.0725,0.081,0.1583,0.0673,0.1583,0.0528,0.3811,0.177,MEDIUM
VM_013,1378724700,0.0,0.022,0.0,0.0083,0.0704,0.0789,0.1559,0.0656,0.1559,0.0523,0.3811,0.1765,MEDIUM
VM_013,1378725000,0.0,0.0201,0.0,0.0068,0.0685,0.0769,0.1537,0.064,0.1537,0.0518,0.3811,0.1759,MEDIUM
VM_013,1378725300,0.0,0.0181,0.0,0.0053,0.0664,0.0748,0.1514,0.0624,0.1514,0.0512,0.3811,0.1754,MEDIUM
VM_013,1378725600,0.0,0.016,0.0,0.0037,0.0643,0.0726,0.1488,0.0606,0.1488,0.0506,0.3811,0.1747,MEDIUM
VM_013,1378725900,0.0,0.0135,0.0,0.0016,0.0618,0.07,0.1459,0.0585,0.1459,0.05,0.3811,0.174,MEDIUM
VM_013,1378726200,0.0,0.0105,0.0,0.0,0.0588,0.0669,0.1425,0.0561,0.1425,0.0492,0.3811,0.1734,MEDIUM
VM_013,1378726500,0.0,0.008,0.0,0.0,0.0561,0.0641,0.1395,0.054,0.1395,0.0483,0.3811,0.1726,MEDIUM
VM_013,1378726800,0.0667,0.005,0.0,0.0,0.0531,0.061,0.136,0.0517,0.136,0.0473,0.3807,0.1719,MEDIUM
VM_013,1378727100,0.0,0.0011,0.0,0.0,0.0492,0.0571,0.132,0.0488,0.132,0.0462,0.0491,0.129,MEDIUM
VM_013,1378727400,0.0,0.0,0.0,0.0,0.0472,0.055,0.1296,0.0473,0.1296,0.0455,0.0491,0.1282,MEDIUM
VM_013,1378727700,0.0,0.0,0.0,0.0,0.0444,0.052,0.1263,0.0454,0.1263,0.0444,0.0491,0.1275,MEDIUM
VM_013,1378728000,0.0,0.0,0.0,0.0,0.0413,0.0489,0.1228,0.0433,0.1228,0.0432,0.0491,0.1268,MEDIUM
VM_013,1378728300,0.0,0.0,0.0,0.0,0.0382,0.0456,0.1192,0.0411,0.1192,0.0421,0.0491,0.1261,MEDIUM
VM_013,1378728600,0.2,0.0,0.0,0.0,0.0344,0.0418,0.1155,0.0386,0.1155,0.0408,0.0491,0.126,MEDIUM
VM_013,1378728900,0.0,0.0,0.0,0.0,0.0328,0.0401,0.1133,0.0375,0.1133,0.0401,0.0491,0.1252,MEDIUM
VM_013,1378729200,0.0,0.0,0.0,0.0,0.0292,0.0364,0.1095,0.0351,0.1095,0.039,0.0425,0.1241,MEDIUM
VM_013,1378729500,0.0,0.0,0.0,0.0,0.0274,0.0345,0.1074,0.0339,0.1074,0.0383,0.0425,0.1234,MEDIUM
VM_013,1378729800,0.0,0.0,0.0,0.0,0.0249,0.032,0.1045,0.0322,0.1045,0.0375,0.0425,0.1228,MEDIUM
VM_013,1378730100,0.0,0.0,0.0,0.0,0.0223,0.0293,0.1018,0.0304,0.1018,0.0367,0.0425,0.1225,MEDIUM
VM_013,1378730400,0.0,0.0,0.0,0.0,0.0209,0.0277,0.0999,0.0294,0.0999,0.0361,0.0425,0.1218,MEDIUM
VM_013,1378730700,0.0,0.0,0.0,0.0,0.0185,0.0254,0.0973,0.0278,0.0973,0.0354,0.0425,0.1214,MEDIUM
VM_013,1378731000,0.0,0.0,0.0,0.0,0.0166,0.0234,0.0952,0.0266,0.0952,0.0348,0.0425,0.121,MEDIUM
VM_013,1378731300,0.0,0.0,0.0,0.0,0.0153,0.022,0.0937,0.0258,0.0937,0.0344,0.0425,0.1207,MEDIUM
VM_013,1378731600,0.0,0.0,0.0,0.0,0.0145,0.0212,0.0926,0.0253,0.0926,0.034,0.0425,0.12,MEDIUM
VM_013,1378731900,0.0,0.0,0.0,0.0,0.0127,0.0193,0.0907,0.0244,0.0907,0.0333,0.0425,0.1198,MEDIUM
VM_013,1378732200,0.0,0.0,0.0,0.0,0.012,0.0186,0.0897,0.024,0.0897,0.0329,0.0425,0.1193,MEDIUM
VM_013,1378732500,0.0,0.0,0.0,0.0,0.011,0.0175,0.0885,0.0235,0.0885,0.0325,0.0425,0.119,MEDIUM
VM_013,1378732800,0.0,0.0,0.0,0.0,0.0103,0.0168,0.0876,0.0231,0.0876,0.0322,0.0425,0.1186,MEDIUM
VM_013,1378733100,0.0,0.0,0.0,0.0,0.0095,0.016,0.0867,0.0227,0.0867,0.0319,0.0425,0.1182,MEDIUM
VM_013,1378733400,0.0,0.0,0.0,0.0,0.0089,0.0153,0.0858,0.0223,0.0858,0.0316,0.0425,0.1177,MEDIUM
VM_013,1378733700,0.0,0.0,0.0,0.0,0.0077,0.014,0.0844,0.0217,0.0844,0.0311,0.0425,0.1175,MEDIUM
VM_013,1378734000,0.1333,0.0,0.0,0.0,0.0071,0.0134,0.0837,0.0214,0.0837,0.0308,0.0481,0.1179,MEDIUM
VM_013,1378734300,0.0,0.0,0.0,0.0,0.0057,0.012,0.0822,0.0206,0.0822,0.0303,0.0481,0.1179,MEDIUM
VM_013,1378734600,0.0,0.0,0.0,0.0,0.0054,0.0117,0.0819,0.0205,0.0819,0.0302,0.0481,0.1177,MEDIUM
VM_013,1378734900,0.0,0.0,0.0,0.0,0.0057,0.012,0.082,0.0206,0.082,0.0302,0.0481,0.1174,MEDIUM
VM_013,1378735200,0.0,0.0,0.0,0.0,0.0054,0.0117,0.0817,0.0205,0.0817,0.0301,0.0481,0.1172,MEDIUM
VM_013,1378735500,0.0,0.0,0.0,0.0,0.0058,0.012,0.0818,0.0206,0.0818,0.0302,0.0481,0.1168,MEDIUM
VM_013,1378735800,0.0667,0.0,0.0,0.0,0.005,0.0113,0.081,0.0202,0.081,0.0299,0.0299,0.1144,MEDIUM
VM_013,1378736100,0.0,0.0,0.0,0.0,0.0055,0.0117,0.0812,0.0204,0.0812,0.0299,0.0299,0.114,MEDIUM
VM_013,1378736400,0.0,0.0,0.0,0.0,0.0042,0.0105,0.0801,0.0198,0.0801,0.0295,0.0299,0.1141,MEDIUM
VM_013,1378736700,0.0,0.0,0.0,0.0,0.005,0.0112,0.0807,0.0201,0.0807,0.0298,0.0299,0.1139,MEDIUM
VM_013,1378737000,0.0,0.0,0.0,0.0,0.005,0.0112,0.0807,0.0202,0.0807,0.0297,0.0299,0.1137,MEDIUM
VM_013,1378737300,0.0,0.0,0.0,0.0,0.0054,0.0116,0.0809,0.0203,0.0809,0.0298,0.0299,0.1135,MEDIUM
VM_013,1378737600,0.0,0.0,0.0,0.0,0.0056,0.0118,0.0811,0.0204,0.0811,0.0299,0.0299,0.1134,MEDIUM
VM_013,1378737900,0.0,0.0,0.0,0.0,0.0058,0.012,0.0812,0.0205,0.0812,0.0299,0.0299,0.1132,MEDIUM
VM_013,1378738200,0.0,0.0,0.0,0.0,0.0061,0.0124,0.0815,0.0207,0.0815,0.03,0.0299,0.1131,MEDIUM
VM_013,1378738500,0.0,0.0,0.0,0.0,0.0064,0.0128,0.0819,0.0209,0.0819,0.0301,0.0299,0.1131,MEDIUM
VM_013,1378738800,0.0,0.0,0.0,0.0,0.0073,0.0137,0.0827,0.0213,0.0827,0.0304,0.0299,0.1129,MEDIUM
VM_013,1378739100,0.0,0.0,0.0,0.0,0.0077,0.0141,0.0831,0.0215,0.0831,0.0305,0.0299,0.1128,MEDIUM
VM_013,1378739400,0.0,0.0,0.0,0.0,0.0083,0.0148,0.0838,0.0218,0.0838,0.0307,0.0299,0.1127,MEDIUM
VM_013,1378739700,0.0,0.0,0.0,0.0,0.0091,0.0156,0.0846,0.0222,0.0846,0.031,0.0299,0.1126,MEDIUM
VM_013,1378740000,0.0,0.0,0.0,0.0,0.0098,0.0165,0.0853,0.0227,0.0853,0.0312,0.0299,0.1124,MEDIUM
VM_013,1378740300,0.0,0.0,0.0,0.0,0.01,0.0167,0.0855,0.0228,0.0855,0.0312,0.0299,0.1124,MEDIUM
VM_013,1378740600,0.0,0.0,0.0,0.0,0.0105,0.0173,0.0861,0.0233,0.0861,0.0313,0.0299,0.1124,MEDIUM
VM_013,1378740900,0.0,0.0,0.0,0.0,0.0115,0.0184,0.0871,0.024,0.0871,0.0315,0.0299,0.1123,MEDIUM
VM_013,1378741200,0.0,0.0,0.0,0.0,0.0121,0.0191,0.0878,0.0244,0.0878,0.0317,0.0136,0.1102,MEDIUM
VM_013,1378741500,0.0,0.0,0.0,0.0,0.0129,0.0199,0.0886,0.025,0.0886,0.0318,0.0136,0.1101,MEDIUM
VM_013,1378741800,0.0,0.0,0.0,0.0,0.0135,0.0206,0.0892,0.0255,0.0892,0.032,0.0136,0.1101,MEDIUM
VM_013,1378742100,0.0,0.0,0.0,0.0,0.0138,0.0211,0.0898,0.0258,0.0898,0.0321,0.0136,0.1102,MEDIUM
VM_013,1378742400,0.0,0.0,0.0,0.0,0.0151,0.0225,0.0912,0.0267,0.0912,0.0324,0.0136,0.1101,MEDIUM
VM_013,1378742700,0.0,0.0,0.0,0.0,0.0157,0.0233,0.0919,0.0272,0.0919,0.0326,0.0136,0.1102,MEDIUM
VM_013,1378743000,0.0,0.0,0.0,0.0,0.0168,0.0245,0.0931,0.028,0.0931,0.0329,0.0,0.1084,MEDIUM
VM_013,1378743300,0.0,0.0,0.0,0.0,0.0175,0.0253,0.0939,0.0285,0.0939,0.0331,0.0,0.1084,MEDIUM
VM_013,1378743600,0.0,0.0,0.0,0.0,0.0181,0.026,0.0946,0.029,0.0946,0.0333,0.0,0.1084,MEDIUM
VM_013,1378743900,0.0,0.0,0.0,0.0,0.0186,0.0266,0.0953,0.0294,0.0953,0.0334,0.0,0.1085,MEDIUM
VM_013,1378744200,0.0,0.0,0.0,0.0,0.0197,0.0279,0.0965,0.0302,0.0965,0.0337,0.0,0.1085,MEDIUM
VM_013,1378744500,0.0,0.0,0.0,0.0,0.0203,0.0287,0.0973,0.0308,0.0973,0.034,0.0,0.1086,MEDIUM
VM_013,1378744800,0.0,0.0,0.0,0.0,0.0214,0.0299,0.0984,0.0315,0.0984,0.0343,0.0,0.1086,MEDIUM
VM_013,1378745100,0.0,0.0,0.0,0.0,0.022,0.0306,0.0992,0.032,0.0992,0.0345,0.0,0.1086,MEDIUM
VM_013,1378745400,0.0,0.0,0.0,0.0,0.0228,0.0316,0.1002,0.0326,0.1002,0.0347,0.0,0.1087,MEDIUM
VM_013,1378745700,0.0,0.0,0.0,0.0,0.0236,0.0326,0.1012,0.0333,0.1012,0.035,0.0,0.1087,MEDIUM
VM_013,1378746000,0.0,0.0,0.0,0.0,0.0248,0.0339,0.1024,0.0341,0.1024,0.0354,0.0,0.1086,MEDIUM
VM_013,1378746300,0.0,0.0,0.0,0.0,0.0252,0.0345,0.103,0.0345,0.103,0.0356,0.0,0.1088,MEDIUM
VM_013,1378746600,0.0,0.0,0.0,0.0,0.0255,0.035,0.1036,0.0348,0.1036,0.0357,0.0,0.1089,MEDIUM
VM_013,1378746900,0.0,0.0,0.0,0.0,0.0264,0.036,0.1047,0.0354,0.1047,0.036,0.0,0.109,MEDIUM
VM_013,1378747200,0.0,0.0,0.0,0.0,0.0271,0.0369,0.1056,0.036,0.1056,0.0363,0.0,0.1091,MEDIUM
VM_013,1378747500,0.0,0.0,0.0,0.0,0.0279,0.0378,0.1065,0.0366,0.1065,0.0366,0.0,0.1091,MEDIUM
VM_013,1378747800,0.0,0.0,0.0,0.0,0.0285,0.0386,0.1074,0.0371,0.1074,0.0368,0.0,0.1092,MEDIUM
VM_013,1378748100,0.0,0.0,0.0,0.0,0.0296,0.0398,0.1085,0.0379,0.1085,0.0371,0.0,0.1092,MEDIUM
VM_013,1378748400,0.0,0.0,0.0,0.0,0.0298,0.0402,0.1091,0.0382,0.1091,0.0373,0.0,0.1096,MEDIUM
VM_013,1378748700,0.0,0.0,0.0,0.0,0.0315,0.042,0.1109,0.0394,0.1109,0.0379,0.0,0.1095,MEDIUM
VM_013,1378749000,0.0,0.0,0.0,0.0,0.032,0.0428,0.1117,0.0398,0.1117,0.0381,0.0,0.1096,MEDIUM
VM_013,1378749300,0.0,0.0,0.0,0.0,0.0331,0.0439,0.1129,0.0406,0.1129,0.0385,0.0,0.1097,MEDIUM
VM_013,1378749600,0.0,0.0,0.0,0.0,0.0342,0.0452,0.1142,0.0414,0.1142,0.0389,0.0,0.1096,MEDIUM
VM_013,1378749900,0.0,0.0,0.0,0.0018,0.0359,0.047,0.116,0.0427,0.116,0.0394,0.0,0.1097,MEDIUM
VM_013,1378750200,0.0,0.0,0.0,0.0012,0.0351,0.0465,0.1156,0.0423,0.1156,0.0393,0.0,0.11,MEDIUM
VM_013,1378750500,0.0,0.0,0.0,0.004,0.0374,0.0487,0.1177,0.044,0.1177,0.0398,0.0,0.1096,MEDIUM
VM_013,1378750800,0.0667,0.0,0.0,0.0032,0.0365,0.048,0.1172,0.0435,0.1172,0.0396,0.0136,0.1117,MEDIUM
VM_013,1378751100,0.0,0.0,0.0,0.0044,0.0375,0.0491,0.1184,0.0443,0.1184,0.0399,0.0136,0.1118,MEDIUM
VM_013,1378751400,0.0,0.0,0.0,0.0059,0.0387,0.0504,0.1197,0.0453,0.1197,0.0402,0.0136,0.1118,MEDIUM
VM_013,1378751700,0.0,0.0,0.0,0.0065,0.0391,0.051,0.1204,0.0457,0.1204,0.0403,0.0136,0.1119,MEDIUM
VM_013,1378752000,0.0,0.0,0.0,0.0082,0.0405,0.0524,0.1218,0.0467,0.1218,0.0407,0.0136,0.1118,MEDIUM
VM_013,1378752300,0.0,0.0,0.0,0.0092,0.0412,0.0532,0.1226,0.0473,0.1226,0.0409,0.0136,0.1118,MEDIUM
VM_013,1378752600,0.0,0.0,0.0,0.0097,0.0415,0.0537,0.1233,0.0477,0.1233,0.041,0.0136,0.112,MEDIUM
VM_013,1378752900,0.0,0.0,0.0,0.0114,0.0428,0.0551,0.1248,0.0488,0.1248,0.0414,0.0136,0.112,MEDIUM
VM_013,1378753200,0.0,0.0,0.0,0.0127,0.0439,0.0562,0.1258,0.0496,0.1258,0.0417,0.0136,0.1118,MEDIUM
VM_013,1378753500,0.0,0.0,0.0,0.0137,0.0445,0.0569,0.1266,0.0501,0.1266,0.0418,0.0136,0.1118,MEDIUM
VM_013,1378753800,0.0,0.0,0.0,0.0141,0.0447,0.0573,0.1271,0.0504,0.1271,0.0419,0.0136,0.112,MEDIUM
VM_013,1378754100,0.0,0.0,0.0,0.0158,0.0461,0.0587,0.1286,0.0515,0.1286,0.0423,0.0136,0.1119,MEDIUM
VM_013,1378754400,0.0,0.0001,0.0,0.0172,0.0471,0.0597,0.1297,0.0525,0.1297,0.0424,0.0136,0.1117,MEDIUM
VM_013,1378754700,0.0,0.0005,0.0,0.018,0.0476,0.0603,0.1303,0.053,0.1303,0.0425,0.0136,0.1116,MEDIUM
VM_013,1378755000,0.0,0.0014,0.0,0.0194,0.0486,0.0612,0.1312,0.0539,0.1312,0.0425,0.0136,0.1114,MEDIUM
VM_013,1378755300,0.0,0.0015,0.0,0.0199,0.0488,0.0615,0.1316,0.0541,0.1316,0.0425,0.0136,0.1114,MEDIUM
VM_013,1378755600,0.0,0.0023,0.0,0.0212,0.0497,0.0624,0.1324,0.055,0.1324,0.0425,0.0136,0.1111,MEDIUM
VM_013,1378755900,0.0,0.002,0.0,0.0213,0.0495,0.0623,0.1326,0.055,0.1326,0.0425,0.0136,0.1112,MEDIUM
VM_013,1378756200,0.0,0.0032,0.0,0.0229,0.0507,0.0635,0.1337,0.0561,0.1337,0.0425,0.0136,0.1109,MEDIUM
VM_013,1378756500,0.0,0.0032,0.0,0.0234,0.0508,0.0637,0.1339,0.0563,0.1339,0.0425,0.0136,0.1109,MEDIUM
VM_013,1378756800,0.0,0.0036,0.0,0.0242,0.0513,0.0642,0.1345,0.0568,0.1345,0.0425,0.0136,0.1108,MEDIUM
VM_013,1378757100,0.0,0.0038,0.0,0.0249,0.0516,0.0646,0.135,0.0572,0.135,0.0425,0.0136,0.1107,MEDIUM
VM_013,1378757400,0.0,0.0047,0.0,0.0262,0.0525,0.0656,0.136,0.0581,0.136,0.0426,0.0136,0.1105,MEDIUM
VM_013,1378757700,0.0,0.0051,0.0,0.0271,0.053,0.066,0.1364,0.0585,0.1364,0.0425,0.0136,0.1103,MEDIUM
VM_013,1378758000,0.0667,0.0056,0.0,0.0281,0.0536,0.0666,0.137,0.0591,0.137,0.0425,0.0136,0.11,MEDIUM
VM_013,1378758300,0.0,0.005,0.0,0.0279,0.053,0.0661,0.1367,0.0587,0.1367,0.0425,0.0136,0.1101,MEDIUM
VM_013,1378758600,0.0,0.0059,0.0,0.0292,0.054,0.0671,0.1376,0.0596,0.1376,0.0425,0.0136,0.1098,MEDIUM
VM_013,1378758900,0.0,0.0058,0.0,0.0296,0.0539,0.0671,0.1377,0.0597,0.1377,0.0424,0.0136,0.1097,MEDIUM
VM_013,1378759200,0.0,0.0066,0.0006,0.0309,0.0547,0.0679,0.1384,0.0605,0.1384,0.0423,0.0136,0.1093,MEDIUM
VM_013,1378759500,0.0,0.0059,0.0003,0.0307,0.0542,0.0675,0.1381,0.0601,0.1381,0.0423,0.0136,0.1093,MEDIUM
VM_013,1378759800,0.0,0.0064,0.0011,0.0316,0.0547,0.068,0.1387,0.0607,0.1387,0.0422,0.0136,0.1091,MEDIUM
VM_013,1378760100,0.0,0.0067,0.0017,0.0323,0.055,0.0684,0.139,0.0611,0.139,0.0421,0.0136,0.1089,MEDIUM
VM_013,1378760400,0.0,0.007,0.0023,0.033,0.0553,0.0687,0.1393,0.0615,0.1393,0.042,0.0136,0.1087,MEDIUM
VM_013,1378760700,0.0,0.0072,0.0029,0.0336,0.0554,0.0689,0.1395,0.0617,0.1395,0.0419,0.0136,0.1084,MEDIUM
VM_013,1378761000,0.0,0.007,0.0029,0.0338,0.0552,0.0687,0.1394,0.0616,0.1394,0.0418,0.0136,0.1082,MEDIUM
VM_013,1378761300,0.0,0.0077,0.004,0.035,0.0558,0.0693,0.1398,0.0623,0.1398,0.0416,0.0136,0.1078,MEDIUM
VM_013,1378761600,0.0,0.0071,0.0037,0.0348,0.0552,0.0687,0.1393,0.0618,0.1393,0.0415,0.0136,0.1075,MEDIUM
VM_013,1378761900,0.0,0.0068,0.0037,0.0349,0.0549,0.0685,0.1391,0.0617,0.1391,0.0414,0.0136,0.1074,MEDIUM
VM_013,1378762200,0.0,0.007,0.0043,0.0356,0.0551,0.0687,0.1392,0.062,0.1392,0.0412,0.0136,0.1071,MEDIUM
VM_013,1378762500,0.0,0.0069,0.0046,0.036,0.055,0.0686,0.139,0.0619,0.139,0.0411,0.0136,0.1067,MEDIUM
VM_013,1378762800,0.0,0.0066,0.0047,0.0362,0.0547,0.0683,0.1387,0.0617,0.1387,0.0409,0.0136,0.1064,MEDIUM
VM_013,1378763100,0.0,0.0062,0.0046,0.0362,0.0542,0.0679,0.1382,0.0614,0.1382,0.0408,0.0136,0.106,MEDIUM
VM_013,1378763400,0.0,0.0058,0.0045,0.0363,0.0538,0.0675,0.1377,0.061,0.1377,0.0406,0.0136,0.1057,MEDIUM
VM_013,1378763700,0.0,0.0052,0.0044,0.0363,0.0533,0.067,0.1371,0.0606,0.1371,0.0405,0.0136,0.1054,MEDIUM
VM_013,1378764000,0.0,0.0044,0.0039,0.0359,0.0525,0.0663,0.1364,0.0599,0.1364,0.0404,0.0136,0.1051,MEDIUM
VM_013,1378764300,0.0,0.0039,0.0037,0.0358,0.052,0.0658,0.1359,0.0595,0.1359,0.0403,0.0136,0.1049,MEDIUM
VM_013,1378764600,0.2,0.0037,0.004,0.0362,0.052,0.0658,0.1359,0.0596,0.1359,0.0402,0.0425,0.1087,MEDIUM
VM_013,1378764900,0.0,0.0035,0.0041,0.0365,0.0519,0.0656,0.1356,0.0595,0.1356,0.0401,0.0425,0.1086,MEDIUM
VM_013,1378765200,0.0667,0.0026,0.0036,0.0362,0.0512,0.065,0.135,0.0589,0.135,0.04,0.0425,0.1087,MEDIUM
VM_013,1378765500,0.0,0.0027,0.004,0.0367,0.0513,0.0651,0.1349,0.059,0.1349,0.0399,0.0425,0.1087,MEDIUM
VM_013,1378765800,0.0,0.0034,0.0052,0.0379,0.052,0.0658,0.1353,0.0597,0.1353,0.0397,0.0425,0.1084,MEDIUM
VM_013,1378766100,0.0,0.0022,0.0042,0.0371,0.0508,0.0649,0.1342,0.0587,0.1342,0.0396,0.0425,0.1085,MEDIUM
VM_013,1378766400,0.0,0.0012,0.0034,0.0364,0.0498,0.064,0.1332,0.0578,0.1332,0.0396,0.0425,0.1085,MEDIUM
VM_013,1378766700,0.0,0.0014,0.004,0.0371,0.05,0.064,0.1331,0.058,0.1331,0.0393,0.0425,0.1082,MEDIUM
VM_013,1378767000,0.0,0.0007,0.0036,0.0368,0.0492,0.0633,0.1322,0.0573,0.1322,0.0392,0.0425,0.1081,MEDIUM
VM_013,1378767300,0.0,0.0001,0.0033,0.0366,0.0486,0.0626,0.1313,0.0567,0.1313,0.039,0.0425,0.1079,MEDIUM
VM_013,1378767600,0.0,0.0,0.003,0.0364,0.0479,0.0619,0.1305,0.0561,0.1305,0.0387,0.0425,0.1077,MEDIUM
VM_013,1378767900,0.0,0.0,0.0022,0.0357,0.0468,0.0609,0.1293,0.0552,0.1293,0.0385,0.0425,0.1076,MEDIUM
VM_013,1378768200,0.0,0.0,0.0025,0.0361,0.0467,0.0607,0.1289,0.0552,0.1289,0.0383,0.0425,0.1073,MEDIUM
VM_013,1378768500,0.0,0.0,0.0022,0.0359,0.046,0.0599,0.1279,0.0545,0.1279,0.038,0.0425,0.107,MEDIUM
VM_013,1378768800,0.0,0.0,0.0015,0.0353,0.045,0.0589,0.1267,0.0537,0.1267,0.0377,0.0425,0.1069,MEDIUM
VM_013,1378769100,0.0,0.0,0.0012,0.0351,0.0444,0.0582,0.1259,0.0531,0.1259,0.0375,0.0425,0.1066,MEDIUM
VM_013,1378769400,0.0,0.0,0.0011,0.0352,0.0439,0.0577,0.1251,0.0527,0.1251,0.0372,0.0425,0.1063,MEDIUM
VM_013,1378769700,0.0,0.0,0.0001,0.0343,0.0426,0.0564,0.1236,0.0516,0.1236,0.0369,0.0425,0.1062,MEDIUM
VM_013,1378770000,0.1333,0.0,0.0001,0.0345,0.0424,0.0561,0.1232,0.0514,0.1232,0.0368,0.0491,0.1069,MEDIUM
VM_013,1378770300,0.0,0.0,0.0,0.0344,0.042,0.0555,0.1224,0.051,0.1224,0.0365,0.0491,0.1067,MEDIUM
VM_013,1378770600,0.0,0.0,0.0,0.0344,0.0415,0.055,0.1216,0.0505,0.1216,0.0363,0.0491,0.1064,MEDIUM
VM_013,1378770900,0.0,0.0,0.0,0.034,0.0408,0.0543,0.1207,0.0499,0.1207,0.036,0.0491,0.1062,MEDIUM
VM_013,1378771200,0.0,0.0,0.0,0.0315,0.0376,0.0514,0.1186,0.0473,0.1186,0.0353,0.0491,0.1059,MEDIUM
VM_013,1378771500,0.0,0.0,0.0,0.0299,0.036,0.0496,0.1171,0.0458,0.1171,0.0349,0.0491,0.1054,MEDIUM
VM_013,1378771800,0.0667,0.0,0.0,0.0295,0.0354,0.0487,0.1162,0.045,0.1162,0.0347,0.0321,0.1023,MEDIUM
VM_013,1378772100,0.0,0.0,0.0,0.0275,0.0334,0.0465,0.114,0.0431,0.114,0.0341,0.0321,0.1015,MEDIUM
VM_013,1378772400,0.0,0.0,0.0,0.0261,0.0317,0.0447,0.112,0.0415,0.112,0.0336,0.0299,0.1001,MEDIUM
VM_013,1378772700,0.0,0.0,0.0,0.0249,0.0303,0.0431,0.1101,0.04,0.1101,0.0331,0.0299,0.0989,MEDIUM
VM_013,1378773000,0.0,0.0,0.0,0.024,0.0291,0.0416,0.1083,0.0387,0.1083,0.0326,0.0299,0.0975,MEDIUM
VM_013,1378773300,0.0,0.0,0.0,0.0221,0.0268,0.0391,0.1056,0.0366,0.1056,0.032,0.0299,0.0963,MEDIUM
VM_013,1378773600,0.0,0.0,0.0,0.0204,0.0246,0.0367,0.1029,0.0347,0.1029,0.0312,0.0299,0.0951,MEDIUM
VM_013,1378773900,0.0,0.0,0.0,0.0183,0.0222,0.0341,0.1,0.0327,0.1,0.0303,0.0299,0.094,MEDIUM
VM_013,1378774200,0.0,0.0,0.0,0.0168,0.0202,0.0319,0.0976,0.031,0.0976,0.0296,0.0299,0.0929,MEDIUM
VM_013,1378774500,0.0,0.0,0.0,0.0151,0.0181,0.0295,0.0949,0.0292,0.0949,0.0289,0.0299,0.0922,MEDIUM
VM_013,1378774800,0.0,0.0,0.0,0.0127,0.0154,0.0266,0.0919,0.027,0.0919,0.0281,0.0299,0.0918,MEDIUM
VM_013,1378775100,0.0,0.0,0.0,0.0113,0.0136,0.0246,0.0897,0.0255,0.0897,0.0275,0.0299,0.0912,MEDIUM
VM_013,1378775400,0.0,0.0,0.0,0.0099,0.0119,0.0225,0.0874,0.0239,0.0874,0.027,0.0299,0.0906,MEDIUM
VM_013,1378775700,0.0,0.0,0.0,0.0081,0.0098,0.0202,0.0848,0.0222,0.0848,0.0263,0.0299,0.09,MEDIUM
VM_013,1378776000,0.0,0.0,0.0,0.0063,0.0076,0.0179,0.0823,0.0206,0.0823,0.0256,0.0299,0.0896,MEDIUM
VM_013,1378776300,0.0,0.0,0.0,0.0043,0.0055,0.0156,0.0799,0.0191,0.0799,0.0249,0.0299,0.0894,MEDIUM
VM_013,1378776600,0.0,0.0,0.0,0.0027,0.0037,0.0136,0.0778,0.0178,0.0778,0.0244,0.0299,0.0891,MEDIUM
VM_013,1378776900,0.0,0.0,0.0,0.0014,0.0023,0.0121,0.0761,0.0167,0.0761,0.024,0.0299,0.0888,MEDIUM
VM_013,1378777200,0.0,0.0,0.0,0.0001,0.001,0.0105,0.0744,0.0157,0.0744,0.0236,0.0136,0.0865,MEDIUM
VM_013,1378777500,0.0,0.0,0.0,0.0,0.0,0.009,0.0728,0.0148,0.0728,0.0231,0.0136,0.0863,MEDIUM
VM_013,1378777800,0.0,0.0,0.0,0.0,0.0,0.0078,0.0714,0.0141,0.0714,0.0227,0.0136,0.086,MEDIUM
VM_013,1378778100,0.0,0.0,0.0,0.0,0.0,0.0061,0.0696,0.0132,0.0696,0.0222,0.0136,0.086,MEDIUM
VM_013,1378778400,0.0,0.0,0.0,0.0,0.0,0.0046,0.0681,0.0124,0.0681,0.0217,0.0136,0.0861,MEDIUM
VM_013,1378778700,0.0,0.0,0.0,0.0,0.0,0.0041,0.0675,0.0122,0.0675,0.0216,0.0136,0.0859,MEDIUM
VM_013,1378779000,0.0,0.0,0.0,0.0,0.0,0.0024,0.0658,0.0112,0.0658,0.0212,0.0,0.0845,MEDIUM
VM_013,1378779300,0.0,0.0,0.0,0.0,0.0,0.0021,0.0654,0.0111,0.0654,0.0211,0.0,0.0844,MEDIUM
VM_013,1378779600,0.0,0.0,0.0,0.0,0.0,0.0007,0.064,0.0105,0.064,0.0207,0.0,0.0847,MEDIUM
VM_013,1378779900,0.0,0.0,0.0,0.0,0.0,0.0003,0.0636,0.0103,0.0636,0.0206,0.0,0.0849,MEDIUM
VM_013,1378780200,0.0,0.0,0.0,0.0,0.0,0.0,0.0629,0.0101,0.0629,0.0203,0.0,0.0852,MEDIUM
VM_013,1378780500,0.0,0.0,0.0,0.0,0.0,0.0,0.0624,0.01,0.0624,0.0202,0.0,0.0855,MEDIUM
VM_013,1378780800,0.0,0.0,0.0,0.0,0.0,0.0,0.062,0.0099,0.062,0.02,0.0,0.0858,MEDIUM
VM_013,1378781100,0.0,0.0,0.0,0.0,0.0,0.0,0.0616,0.0098,0.0616,0.0199,0.0,0.0862,MEDIUM
VM_013,1378781400,0.0,0.0,0.0,0.0,0.0,0.0,0.0608,0.0097,0.0608,0.0196,0.0,0.0868,MEDIUM
VM_013,1378781700,0.0,0.0,0.0,0.0,0.0,0.0,0.0607,0.0096,0.0607,0.0196,0.0,0.0873,MEDIUM
VM_013,1378782000,0.0,0.0,0.0,0.0,0.0,0.0,0.0606,0.0096,0.0606,0.0195,0.0,0.088,MEDIUM
VM_013,1378782300,0.0,0.0,0.0,0.0,0.0,0.0,0.0609,0.0097,0.0609,0.0197,0.0,0.0884,MEDIUM
VM_013,1378782600,0.0,0.0,0.0,0.0,0.0,0.0,0.0604,0.0096,0.0604,0.0195,0.0,0.0892,MEDIUM
VM_013,1378782900,0.0,0.0,0.0,0.0,0.0,0.0,0.0609,0.0097,0.0609,0.0196,0.0,0.0897,MEDIUM
VM_013,1378783200,0.0,0.0,0.0,0.0,0.0,0.0,0.0604,0.0095,0.0604,0.0194,0.0,0.0906,MEDIUM
VM_013,1378783500,0.0,0.0,0.0,0.0,0.0,0.0,0.0606,0.0096,0.0606,0.0195,0.0,0.0914,MEDIUM
VM_013,1378783800,0.0,0.0,0.0,0.0,0.0,0.0,0.0606,0.0096,0.0606,0.0195,0.0,0.0922,MEDIUM
VM_013,1378784100,0.0,0.0,0.0,0.0,0.0,0.0,0.0602,0.0094,0.0602,0.0194,0.0,0.0933,MEDIUM
VM_013,1378784400,0.0,0.0,0.0,0.0,0.0,0.0,0.0607,0.0095,0.0607,0.0195,0.0,0.0942,MEDIUM
VM_013,1378784700,0.0,0.0,0.0,0.0,0.0,0.0,0.0608,0.0095,0.0608,0.0195,0.0,0.0952,MEDIUM
VM_013,1378785000,0.0,0.0,0.0,0.0,0.0,0.0,0.0609,0.0095,0.0609,0.0196,0.0,0.0962,MEDIUM
VM_013,1378785300,0.0,0.0,0.0,0.0,0.0,0.0,0.061,0.0095,0.061,0.0196,0.0,0.0973,MEDIUM
VM_013,1378785600,0.0,0.0,0.0,0.0,0.0,0.0,0.061,0.0095,0.061,0.0196,0.0,0.0985,MEDIUM
VM_013,1378785900,0.0,0.0,0.0,0.0,0.0,0.0,0.0614,0.0095,0.0614,0.0197,0.0,0.0996,MEDIUM
VM_013,1378786200,0.0,0.0,0.0,0.0,0.0,0.0,0.0619,0.0096,0.0619,0.0199,0.0,0.1006,MEDIUM
VM_013,1378786500,0.0,0.0,0.0,0.0,0.0,0.0,0.0622,0.0096,0.0622,0.0199,0.0,0.1018,MEDIUM
VM_013,1378786800,0.0,0.0,0.0,0.0,0.0,0.0,0.0623,0.0096,0.0623,0.0199,0.0,0.1029,MEDIUM
VM_013,1378787100,0.0,0.0,0.0,0.0,0.0,0.0,0.0616,0.0094,0.0616,0.0196,0.0,0.1045,MEDIUM
VM_013,1378787400,0.0,0.0,0.0,0.0,0.0,0.0,0.0619,0.0094,0.0619,0.0197,0.0,0.1058,MEDIUM
VM_013,1378787700,0.0,0.0,0.0,0.0,0.0,0.0,0.062,0.0093,0.062,0.0197,0.0,0.1073,MEDIUM
VM_013,1378788000,0.0,0.0,0.0,0.0,0.0,0.0,0.0624,0.0094,0.0624,0.0198,0.0,0.1086,MEDIUM
VM_013,1378788300,0.0,0.0,0.0,0.0,0.0,0.0,0.0629,0.0095,0.0629,0.02,0.0,0.11,MEDIUM
VM_013,1378788600,0.0,0.0,0.0,0.0,0.0,0.0,0.0635,0.0096,0.0635,0.0202,0.0,0.1114,MEDIUM
VM_013,1378788900,0.0,0.0,0.0,0.0,0.0,0.0,0.0639,0.0096,0.0639,0.0203,0.0,0.1128,MEDIUM
VM_013,1378789200,0.0,0.0,0.0,0.0,0.0,0.0,0.0648,0.0097,0.0648,0.0206,0.0,0.1142,MEDIUM
VM_013,1378789500,0.0,0.0,0.0,0.0,0.0,0.0,0.0655,0.0099,0.0655,0.0208,0.0,0.1157,MEDIUM
VM_013,1378789800,0.0,0.0,0.0,0.0,0.0,0.0,0.0662,0.01,0.0662,0.021,0.0,0.1173,MEDIUM
VM_013,1378790100,0.0,0.0,0.0,0.0,0.0,0.0,0.0673,0.0102,0.0673,0.0214,0.0,0.1189,MEDIUM
VM_013,1378790400,0.0,0.0,0.0,0.0,0.0,0.0,0.0692,0.0106,0.0692,0.0221,0.0,0.1202,MEDIUM
VM_013,1378790700,0.0,0.0,0.0,0.0,0.0,0.0,0.0695,0.0106,0.0695,0.0221,0.0,0.1219,MEDIUM
VM_013,1378791000,0.0,0.0,0.0,0.0,0.0,0.0,0.071,0.011,0.071,0.0227,0.0,0.1235,MEDIUM
VM_013,1378791300,0.0,0.0,0.0,0.0,0.0,0.0,0.0723,0.0113,0.0723,0.0231,0.0,0.1253,MEDIUM
VM_013,1378791600,0.0,0.0,0.0,0.0,0.0,0.0,0.074,0.0116,0.074,0.0237,0.0,0.1271,MEDIUM
VM_013,1378791900,0.0,0.0,0.0,0.0,0.0,0.0,0.0768,0.0123,0.0768,0.0248,0.0,0.1284,MEDIUM
VM_013,1378792200,0.0,0.0,0.0,0.0,0.0,0.0,0.0782,0.0127,0.0782,0.0253,0.0,0.1304,MEDIUM
VM_013,1378792500,0.0,0.0,0.0,0.0,0.0,0.0,0.0813,0.0134,0.0813,0.0265,0.0,0.1318,MEDIUM
VM_013,1378792800,0.0,0.0,0.0,0.0,0.0,0.0,0.0842,0.0142,0.0842,0.0276,0.0,0.1333,MEDIUM
VM_013,1378793100,0.0,0.0,0.0,0.0,0.0,0.0,0.0863,0.0147,0.0863,0.0284,0.0,0.1351,MEDIUM
VM_013,1378793400,0.0,0.0,0.0,0.0,0.0,0.0,0.0897,0.0156,0.0897,0.0298,0.0,0.1366,MEDIUM
VM_013,1378793700,0.0,0.0,0.0,0.0,0.0019,0.0,0.093,0.0166,0.093,0.0311,0.0,0.138,MEDIUM
VM_013,1378794000,0.0,0.0,0.0,0.0,0.0042,0.0,0.096,0.0175,0.096,0.0322,0.0,0.1396,MEDIUM
VM_013,1378794300,0.0,0.0,0.0,0.0,0.0076,0.0,0.0999,0.0188,0.0999,0.0337,0.0,0.1409,MEDIUM
VM_013,1378794600,0.0,0.0,0.0,0.0,0.0105,0.0007,0.1034,0.02,0.1034,0.0351,0.0,0.1423,MEDIUM
VM_013,1378794900,0.0,0.0,0.0,0.0,0.013,0.0036,0.1066,0.0214,0.1066,0.0363,0.0,0.1439,MEDIUM
VM_013,1378795200,0.0,0.0,0.0,0.0,0.0167,0.0077,0.1109,0.0231,0.1109,0.0378,0.0,0.1451,MEDIUM
VM_013,1378795500,0.0,0.0,0.0,0.0,0.0202,0.0116,0.1148,0.025,0.1148,0.0392,0.0,0.1463,MEDIUM
VM_013,1378795800,0.0,0.0,0.0,0.0,0.0239,0.0158,0.119,0.0272,0.119,0.0407,0.0,0.1474,MEDIUM
VM_013,1378796100,0.0,0.0,0.0,0.0,0.0274,0.0198,0.1229,0.0292,0.1229,0.0421,0.0,0.1485,MEDIUM
VM_013,1378796400,0.0,0.0,0.0,0.0,0.0312,0.0242,0.1271,0.0314,0.1271,0.0436,0.0,0.1495,MEDIUM
VM_013,1378796700,0.0,0.0,0.0,0.0,0.0342,0.028,0.1307,0.0333,0.1307,0.045,0.0,0.1506,MEDIUM
VM_013,1378797000,1.8,0.0305,0.0,0.0141,0.0911,0.0809,0.1812,0.0718,0.1812,0.0579,0.3674,0.1961,HIGH
VM_013,1378797300,0.0667,0.0046,0.0,0.0,0.0702,0.0673,0.1696,0.0587,0.1696,0.057,0.3671,0.2139,HIGH
VM_013,1378797600,0.0,0.0069,0.0,0.0,0.0717,0.0696,0.1746,0.0601,0.1746,0.0581,0.3671,0.2181,HIGH
VM_013,1378797900,0.0,0.0196,0.0,0.0,0.0844,0.0834,0.1884,0.0705,0.1884,0.0622,0.3671,0.2202,HIGH
VM_013,1378798200,0.0,0.0216,0.0,0.0,0.0854,0.0855,0.1926,0.0719,0.1926,0.0633,0.3671,0.2233,HIGH
VM_013,1378798500,0.0,0.0321,0.0,0.0,0.0953,0.0959,0.2038,0.0797,0.2038,0.0665,0.3671,0.224,HIGH
VM_013,1378798800,0.0,0.0396,0.0,0.0052,0.1025,0.1041,0.2127,0.0861,0.2127,0.0688,0.3671,0.2253,HIGH
VM_013,1378799100,0.0,0.0466,0.0,0.012,0.1095,0.112,0.221,0.0923,0.221,0.0707,0.3671,0.2262,HIGH
VM_013,1378799400,0.0,0.051,0.0,0.0161,0.1139,0.1176,0.2271,0.0966,0.2271,0.0723,0.3671,0.2276,HIGH
VM_013,1378799700,0.0,0.0559,0.0011,0.0211,0.1189,0.1236,0.2332,0.1017,0.2332,0.0731,0.3671,0.2283,HIGH
VM_013,1378800000,0.0,0.0594,0.0048,0.0246,0.1224,0.1282,0.2376,0.1058,0.2376,0.0734,0.3671,0.2289,HIGH
VM_013,1378800300,0.0,0.0633,0.0093,0.0289,0.1263,0.133,0.2418,0.1102,0.2418,0.0734,0.3671,0.2286,HIGH
VM_013,1378800600,0.0,0.0645,0.0109,0.0303,0.1275,0.1352,0.2435,0.1119,0.2435,0.0736,0.3671,0.2287,HIGH
VM_013,1378800900,0.0667,0.0668,0.0139,0.033,0.1297,0.1381,0.2455,0.1146,0.2455,0.0734,0.3667,0.2279,HIGH
VM_013,1378801200,0.1333,0.0665,0.014,0.0329,0.1295,0.1386,0.2454,0.1147,0.2454,0.0735,0.3665,0.2277,HIGH
VM_013,1378801500,0.0,0.0665,0.0146,0.0332,0.1296,0.1394,0.2452,0.1152,0.2452,0.0734,0.3665,0.2271,HIGH
VM_013,1378801800,0.0,0.0666,0.0155,0.0337,0.1297,0.14,0.2446,0.1157,0.2446,0.0731,0.3665,0.2259,HIGH
VM_013,1378802100,0.0,0.0663,0.016,0.0339,0.1293,0.1401,0.2433,0.1156,0.2433,0.0727,0.3665,0.2245,HIGH
VM_013,1378802400,0.0,0.0654,0.0159,0.0335,0.1282,0.1395,0.2412,0.1148,0.2412,0.0722,0.3665,0.2229,HIGH
VM_013,1378802700,0.0,0.0637,0.015,0.0323,0.1264,0.138,0.2383,0.1133,0.2383,0.0717,0.3665,0.2213,HIGH
VM_013,1378803000,0.0,0.0614,0.0136,0.0305,0.124,0.1358,0.2348,0.1111,0.2348,0.0712,0.3665,0.2197,HIGH
VM_013,1378803300,0.0,0.0593,0.0124,0.029,0.1217,0.1337,0.2312,0.109,0.2312,0.0706,0.3665,0.2178,HIGH
VM_013,1378803600,0.0,0.0567,0.0106,0.027,0.1189,0.1311,0.227,0.1064,0.227,0.07,0.3665,0.216,HIGH
VM_013,1378803900,0.0,0.0525,0.0072,0.0233,0.1147,0.1271,0.2219,0.1024,0.2219,0.0696,0.3665,0.2147,HIGH
VM_013,1378804200,0.0,0.0502,0.0058,0.0216,0.1122,0.1246,0.2179,0.1,0.2179,0.0689,0.0321,0.1697,MEDIUM
VM_013,1378804500,0.0,0.0461,0.0025,0.0181,0.1081,0.1206,0.2128,0.096,0.2128,0.0684,0.0299,0.168,MEDIUM
VM_013,1378804800,0.0,0.0429,0.0001,0.0155,0.1047,0.1173,0.2083,0.0929,0.2083,0.0679,0.0299,0.1664,MEDIUM
VM_013,1378805100,0.0,0.0398,0.0,0.013,0.1015,0.1141,0.2039,0.0899,0.2039,0.0671,0.0299,0.1647,MEDIUM
VM_013,1378805400,0.0,0.0353,0.0,0.0088,0.0969,0.1096,0.1986,0.0858,0.1986,0.0663,0.0299,0.1636,MEDIUM
VM_013,1378805700,0.0,0.0326,0.0,0.0068,0.0942,0.1068,0.1947,0.0834,0.1947,0.0654,0.0299,0.162,MEDIUM
VM_013,1378806000,0.1333,0.0291,0.0,0.0037,0.0907,0.1034,0.1904,0.0805,0.1904,0.0644,0.0392,0.1622,MEDIUM
VM_013,1378806300,0.0,0.026,0.0,0.0011,0.0876,0.1003,0.1866,0.0779,0.1866,0.0636,0.0392,0.1611,MEDIUM
VM_013,1378806600,0.0,0.0235,0.0,0.0,0.0851,0.0978,0.1832,0.0758,0.1832,0.0627,0.0392,0.1599,MEDIUM
VM_013,1378806900,0.0,0.0205,0.0,0.0,0.0821,0.0949,0.1795,0.0736,0.1795,0.0616,0.0392,0.1589,MEDIUM
VM_013,1378807200,0.1333,0.0178,0.0,0.0,0.0794,0.0923,0.1764,0.0715,0.1764,0.0607,0.046,0.1592,MEDIUM
VM_013,1378807500,0.0667,0.016,0.0,0.0,0.0777,0.0906,0.174,0.0702,0.174,0.0601,0.0468,0.1584,MEDIUM
VM_013,1378807800,0.2,0.0138,0.0,0.0,0.0758,0.0887,0.1717,0.0687,0.1717,0.0594,0.0589,0.1595,MEDIUM
VM_013,1378808100,0.0667,0.0124,0.0,0.0,0.0745,0.0875,0.1698,0.0677,0.1698,0.0589,0.0589,0.1589,MEDIUM
VM_013,1378808400,0.2667,0.0098,0.0,0.0,0.0723,0.0855,0.1676,0.0661,0.1676,0.0583,0.0735,0.1609,MEDIUM
VM_013,1378808700,0.0667,0.0097,0.0,0.0,0.0724,0.0857,0.1672,0.0661,0.1672,0.0583,0.0733,0.1604,MEDIUM
VM_013,1378809000,0.1333,0.0082,0.0,0.0,0.0712,0.0847,0.1661,0.0653,0.1661,0.058,0.0753,0.1607,MEDIUM
VM_013,1378809300,0.0,0.0087,0.0,0.0,0.0718,0.0854,0.1663,0.0658,0.1663,0.0581,0.0753,0.1603,MEDIUM
VM_013,1378809600,0.1333,0.0093,0.0,0.0,0.0725,0.0861,0.1666,0.0663,0.1666,0.0583,0.0768,0.1601,MEDIUM
VM_013,1378809900,0.1333,0.0093,0.0,0.0,0.0726,0.0864,0.1665,0.0664,0.1665,0.0583,0.0778,0.16,MEDIUM
VM_013,1378810200,0.1333,0.0093,0.0,0.0,0.0727,0.0867,0.1664,0.0665,0.1664,0.0583,0.0784,0.1599,MEDIUM
VM_013,1378810500,0.1333,0.0095,0.0,0.0,0.0731,0.0872,0.1666,0.0668,0.1666,0.0584,0.0786,0.1597,MEDIUM
VM_013,1378810800,0.0667,0.01,0.0,0.0,0.0736,0.0878,0.1667,0.0672,0.1667,0.0585,0.0773,0.1591,MEDIUM
VM_013,1378811100,0.2,0.0094,0.0,0.0,0.0732,0.0875,0.1663,0.0669,0.1663,0.0584,0.0803,0.1596,MEDIUM
VM_013,1378811400,0.0,0.0095,0.0,0.0,0.0733,0.0878,0.1663,0.0671,0.1663,0.0584,0.0803,0.1594,MEDIUM
VM_013,1378811700,0.2,0.0098,0.0,0.0,0.0738,0.0883,0.1665,0.0674,0.1665,0.0585,0.0822,0.1594,MEDIUM
VM_013,1378812000,0.2,0.0092,0.0,0.0,0.0734,0.0881,0.1664,0.0673,0.1664,0.0585,0.0832,0.1599,MEDIUM
VM_013,1378812300,0.1333,0.0104,0.0,0.0,0.0747,0.0894,0.1674,0.0682,0.1674,0.0588,0.0811,0.1593,MEDIUM
VM_013,1378812600,0.1333,0.0105,0.0,0.0,0.0749,0.0897,0.1675,0.0684,0.1675,0.0589,0.0784,0.1589,MEDIUM
VM_013,1378812900,0.2,0.0113,0.0,0.0,0.0757,0.0906,0.1681,0.069,0.1681,0.0591,0.0773,0.1585,MEDIUM
VM_013,1378813200,0.2667,0.0107,0.0,0.0,0.0754,0.0904,0.1679,0.0688,0.1679,0.059,0.0834,0.1595,MEDIUM
VM_013,1378813500,0.0,0.0115,0.0,0.0,0.0762,0.0912,0.1683,0.0693,0.1683,0.0592,0.0834,0.1591,MEDIUM
VM_013,1378813800,0.0,0.0117,0.0,0.0,0.0762,0.0913,0.1681,0.0694,0.1681,0.0591,0.0834,0.1586,MEDIUM
VM_013,1378814100,0.0,0.0109,0.0,0.0,0.0754,0.0905,0.1671,0.0688,0.1671,0.0588,0.0834,0.1582,MEDIUM
VM_013,1378814400,0.2,0.0106,0.0,0.0,0.0751,0.0901,0.1665,0.0685,0.1665,0.0586,0.0849,0.1581,MEDIUM
VM_013,1378814700,0.2,0.0093,0.0,0.0,0.0739,0.089,0.1654,0.0677,0.1654,0.0583,0.0855,0.1582,MEDIUM
VM_013,1378815000,0.1333,0.0088,0.0,0.0,0.0735,0.0884,0.1647,0.0673,0.1647,0.0581,0.0841,0.1577,MEDIUM
VM_013,1378815300,0.0667,0.008,0.0,0.0,0.0726,0.0875,0.1636,0.0666,0.1636,0.0578,0.0841,0.1574,MEDIUM
VM_013,1378815600,0.1333,0.0076,0.0,0.0,0.0721,0.0869,0.1627,0.0662,0.1627,0.0575,0.0786,0.1561,MEDIUM
VM_013,1378815900,0.0,0.0063,0.0,0.0,0.0707,0.0854,0.1609,0.0651,0.1609,0.057,0.0816,0.1559,MEDIUM
VM_013,1378816200,0.0,0.0041,0.0,0.0,0.0684,0.0831,0.1586,0.0634,0.1586,0.0563,0.0849,0.1561,MEDIUM
VM_013,1378816500,0.0,0.0037,0.0,0.0,0.0678,0.0823,0.1575,0.0629,0.1575,0.0559,0.0849,0.1553,MEDIUM
VM_013,1378816800,0.0,0.0018,0.0,0.0,0.0657,0.0801,0.1552,0.0613,0.1552,0.0552,0.0877,0.1551,MEDIUM
VM_013,1378817100,0.1333,0.0004,0.0,0.0,0.0641,0.0783,0.1533,0.0601,0.1533,0.0546,0.0877,0.1546,MEDIUM
VM_013,1378817400,0.0,0.0,0.0,0.0,0.0627,0.0767,0.1514,0.059,0.1514,0.054,0.0901,0.1542,MEDIUM
VM_013,1378817700,0.0,0.0,0.0,0.0,0.0605,0.0744,0.149,0.0575,0.149,0.0531,0.092,0.1538,MEDIUM
VM_013,1378818000,0.0,0.0,0.0,0.0,0.0586,0.0722,0.1467,0.0562,0.1467,0.0522,0.0939,0.1534,MEDIUM
VM_013,1378818300,0.0,0.0,0.0,0.0,0.0573,0.0707,0.145,0.0552,0.145,0.0516,0.0927,0.1524,MEDIUM
VM_013,1378818600,0.0,0.0,0.0,0.0,0.0552,0.0683,0.1425,0.0537,0.1425,0.0507,0.0927,0.1517,MEDIUM
VM_013,1378818900,0.0,0.0,0.0,0.0,0.0537,0.0666,0.1404,0.0526,0.1404,0.0499,0.0908,0.1504,MEDIUM
VM_013,1378819200,0.0,0.0,0.0,0.0,0.051,0.0636,0.1374,0.0507,0.1374,0.0488,0.0879,0.1494,MEDIUM
VM_013,1378819500,0.0,0.0,0.0,0.0,0.0486,0.0611,0.1347,0.0491,0.1347,0.0479,0.0877,0.1487,MEDIUM
VM_013,1378819800,0.0,0.0,0.0,0.0,0.0469,0.059,0.1324,0.0477,0.1324,0.047,0.0872,0.1477,MEDIUM
VM_013,1378820100,0.0,0.0,0.0,0.0,0.044,0.0559,0.1292,0.0458,0.1292,0.0459,0.0822,0.1465,MEDIUM
VM_013,1378820400,0.2,0.0,0.0,0.0,0.0419,0.0536,0.127,0.0443,0.127,0.0451,0.0753,0.1452,MEDIUM
VM_013,1378820700,0.0667,0.0,0.0,0.0,0.0402,0.0517,0.125,0.0432,0.125,0.0444,0.0748,0.1447,MEDIUM
VM_013,1378821000,0.0,0.0,0.0,0.0,0.0389,0.0502,0.1233,0.0422,0.1233,0.0438,0.0748,0.1439,MEDIUM
VM_013,1378821300,0.0,0.0,0.0,0.0,0.0372,0.0482,0.1213,0.041,0.1213,0.0432,0.0748,0.1435,MEDIUM
VM_013,1378821600,0.0,0.0,0.0,0.0,0.0365,0.0473,0.1203,0.0405,0.1203,0.0428,0.0679,0.1419,MEDIUM
VM_013,1378821900,0.0,0.0,0.0,0.0,0.0354,0.046,0.1189,0.0397,0.1189,0.0423,0.0589,0.1401,MEDIUM
VM_013,1378822200,0.2,0.0,0.0,0.0,0.0344,0.0449,0.1177,0.039,0.1177,0.0419,0.0652,0.1405,MEDIUM
VM_013,1378822500,0.0,0.0,0.0,0.0,0.0335,0.0438,0.1165,0.0383,0.1165,0.0415,0.0651,0.1401,MEDIUM
VM_013,1378822800,0.0667,0.0,0.0,0.0,0.0333,0.0434,0.1158,0.0381,0.1158,0.0412,0.0619,0.1389,MEDIUM
VM_013,1378823100,0.0,0.0,0.0,0.0,0.0319,0.0418,0.1142,0.0371,0.1142,0.0407,0.0619,0.1384,MEDIUM
VM_013,1378823400,0.0,0.0,0.0,0.0,0.0315,0.0413,0.1134,0.0368,0.1134,0.0404,0.0619,0.1377,MEDIUM
VM_013,1378823700,0.0,0.0,0.0,0.0,0.0303,0.0399,0.1118,0.0359,0.1118,0.0399,0.0619,0.1371,MEDIUM
VM_013,1378824000,0.0,0.0,0.0,0.0,0.029,0.0385,0.1104,0.0351,0.1104,0.0394,0.0619,0.1366,MEDIUM
VM_013,1378824300,0.2,0.0,0.0,0.0,0.0282,0.0375,0.1094,0.0345,0.1094,0.039,0.068,0.1371,MEDIUM
VM_013,1378824600,0.4667,0.0,0.0,0.0,0.0045,0.0113,0.0799,0.0187,0.0799,0.0294,0.1116,0.1324,MEDIUM
VM_013,1378824900,0.0667,0.0,0.0,0.0,0.0,0.0,0.0,0.0,0.0,0.0,0.1112,0.1444,MEDIUM
VM_013,1378825200,0.6,0.0,0.0,0.0,0.0,0.0,0.0,0.0,0.0,0.0,0.1569,0.1281,MEDIUM
VM_013,1378825500,0.0,0.0,0.0,0.0,0.0,0.0,0.0,0.0,0.0,0.0,0.1569,0.1351,MEDIUM
VM_013,1378825800,0.2667,0.0,0.0,0.0,0.0,0.0,0.0,0.0,0.0,0.0,0.1605,0.1258,MEDIUM
VM_013,1378826100,0.0,0.0,0.0,0.0,0.0,0.0,0.0,0.0,0.0,0.0,0.1605,0.1269,MEDIUM
VM_013,1378826400,0.0,0.0,0.0,0.0,0.0,0.0,0.0,0.0,0.0,0.0,0.1605,0.1251,MEDIUM
VM_013,1378826700,0.1333,0.0,0.0,0.0,0.0,0.0,0.0,0.0,0.0,0.0,0.1596,0.1245,MEDIUM
VM_013,1378827000,0.0,0.0,0.0,0.0,0.0,0.0,0.0,0.0,0.0,0.0,0.1596,0.124,MEDIUM
VM_013,1378827300,0.0,0.0,0.0,0.0,0.0,0.0,0.0,0.0,0.0,0.0,0.1596,0.1233,MEDIUM
VM_013,1378827600,0.0,0.0,0.0,0.0,0.0,0.0,0.0,0.0,0.0,0.0,0.1591,0.1227,MEDIUM
VM_013,1378827900,0.0,0.0,0.0,0.0,0.0,0.0,0.0,0.0,0.0,0.0,0.16,0.1225,MEDIUM
VM_013,1378828200,0.0,0.0,0.0,0.0,0.0,0.0,0.0,0.0,0.0,0.0,0.16,0.1221,MEDIUM
VM_013,1378828500,0.0,0.0,0.0,0.0,0.0,0.0,0.0,0.0,0.0,0.0,0.16,0.1217,MEDIUM
VM_013,1378828800,0.0,0.0,0.0,0.0,0.0,0.0,0.0,0.0,0.0,0.0,0.16,0.1213,MEDIUM
VM_013,1378829100,0.0,0.0,0.0,0.0,0.0,0.0,0.0,0.0,0.0,0.0,0.16,0.1213,MEDIUM
VM_013,1378829400,0.0,0.0,0.0,0.0,0.0,0.0,0.0024,0.0002,0.0024,0.0007,0.1589,0.121,MEDIUM
VM_013,1378829700,0.0,0.0,0.0,0.0,0.0,0.0,0.0093,0.0009,0.0093,0.0026,0.1589,0.121,MEDIUM
VM_013,1378830000,0.2,0.0,0.0,0.0,0.0,0.0,0.0159,0.0021,0.0159,0.0049,0.1609,0.1216,MEDIUM
VM_013,1378830300,0.1333,0.0,0.0,0.0,0.0,0.0,0.0223,0.0032,0.0223,0.0072,0.1603,0.1222,MEDIUM
VM_013,1378830600,0.0,0.0,0.0,0.0,0.0,0.0,0.0294,0.0044,0.0294,0.0099,0.1603,0.1225,MEDIUM
VM_013,1378830900,0.0,0.0,0.0,0.0,0.0,0.0,0.0359,0.0055,0.0359,0.0124,0.1603,0.1228,MEDIUM
VM_013,1378831200,0.1333,0.0,0.0,0.0,0.0,0.0,0.0434,0.0069,0.0434,0.0152,0.1595,0.1229,MEDIUM
VM_013,1378831500,0.1333,0.0,0.0,0.0,0.0,0.0,0.0466,0.0077,0.0466,0.0163,0.1581,0.1236,MEDIUM
VM_013,1378831800,0.0,0.0,0.0,0.0,0.0,0.0,0.0526,0.0093,0.0526,0.0186,0.1369,0.1214,MEDIUM
VM_013,1378832100,0.0,0.0,0.0,0.0,0.0,0.0,0.0581,0.0108,0.0581,0.0207,0.1376,0.1221,MEDIUM
VM_013,1378832400,0.0,0.0,0.0,0.0,0.0,0.0,0.0637,0.0122,0.0637,0.023,0.0782,0.1149,MEDIUM
VM_013,1378832700,0.0,0.0,0.0,0.0,0.0,0.0,0.0689,0.0138,0.0689,0.025,0.0782,0.1154,MEDIUM
VM_013,1378833000,0.0667,0.0,0.0,0.0,0.0007,0.0023,0.0737,0.0158,0.0737,0.0267,0.0622,0.1138,MEDIUM
VM_013,1378833300,0.1333,0.0,0.0,0.0,0.0049,0.007,0.078,0.018,0.078,0.028,0.065,0.1148,MEDIUM
VM_013,1378833600,0.0,0.0,0.0,0.0,0.0085,0.0113,0.082,0.0202,0.082,0.0292,0.065,0.1155,MEDIUM
VM_013,1378833900,0.0667,0.0,0.0,0.0,0.0134,0.0166,0.0869,0.0235,0.0869,0.0305,0.0621,0.1156,MEDIUM
VM_013,1378834200,0.0,0.0,0.0,0.0,0.0168,0.0206,0.0907,0.026,0.0907,0.0315,0.0621,0.1162,MEDIUM
VM_013,1378834500,0.0,0.0,0.0,0.0,0.0211,0.0253,0.095,0.0289,0.095,0.0328,0.0621,0.1164,MEDIUM
VM_013,1378834800,0.0667,0.0,0.0,0.0,0.0241,0.0289,0.0983,0.0312,0.0983,0.0338,0.0619,0.1169,MEDIUM
VM_013,1378835100,0.0,0.0,0.0,0.0,0.0272,0.0325,0.1017,0.0334,0.1017,0.0348,0.0619,0.1172,MEDIUM
VM_013,1378835400,0.0,0.0,0.0,0.0,0.0302,0.0359,0.1049,0.0355,0.1049,0.0359,0.0619,0.1176,MEDIUM
VM_013,1378835700,0.0,0.0,0.0,0.0,0.0329,0.0391,0.1079,0.0375,0.1079,0.0369,0.0619,0.118,MEDIUM
VM_013,1378836000,0.0,0.0,0.0,0.0,0.0356,0.0423,0.111,0.0395,0.111,0.0379,0.0619,0.1183,MEDIUM
VM_013,1378836300,0.0667,0.0,0.0,0.0,0.0383,0.0454,0.114,0.0415,0.114,0.039,0.0616,0.1185,MEDIUM
VM_013,1378836600,0.2,0.0,0.0,0.0,0.0408,0.0482,0.1167,0.0432,0.1167,0.0399,0.0688,0.1198,MEDIUM
VM_013,1378836900,0.0,0.0,0.0,0.0014,0.0427,0.0505,0.1189,0.0447,0.1189,0.0405,0.0688,0.12,MEDIUM
VM_013,1378837200,0.2,0.0,0.0,0.0029,0.0445,0.0527,0.1212,0.0462,0.1212,0.0412,0.0688,0.1207,MEDIUM
VM_013,1378837500,0.0,0.0,0.0,0.0062,0.0477,0.0562,0.1245,0.0487,0.1245,0.0421,0.0671,0.1206,MEDIUM
VM_013,1378837800,0.0,0.0,0.0,0.0084,0.0497,0.0586,0.1268,0.0504,0.1268,0.0428,0.0671,0.1208,MEDIUM
VM_013,1378838100,0.0,0.0,0.0,0.0109,0.0521,0.0613,0.1294,0.0523,0.1294,0.0436,0.0671,0.1209,MEDIUM
VM_013,1378838400,0.0667,0.0008,0.0,0.0133,0.0542,0.0637,0.1317,0.0541,0.1317,0.0441,0.0646,0.1206,MEDIUM
VM_013,1378838700,0.0,0.0021,0.0,0.0148,0.0555,0.0653,0.1334,0.0555,0.1334,0.0443,0.0621,0.1205,MEDIUM
VM_013,1378839000,0.0,0.004,0.0,0.0171,0.0575,0.0676,0.1357,0.0575,0.1357,0.0445,0.0621,0.1205,MEDIUM
VM_013,1378839300,0.0,0.0058,0.0,0.0191,0.0593,0.0696,0.1376,0.0592,0.1376,0.0447,0.0621,0.1204,MEDIUM
VM_013,1378839600,0.0,0.0076,0.0,0.0212,0.061,0.0715,0.1394,0.0609,0.1394,0.0449,0.0621,0.1202,MEDIUM
VM_013,1378839900,0.0,0.0087,0.0,0.0227,0.062,0.0728,0.1406,0.062,0.1406,0.0449,0.0621,0.1201,MEDIUM
VM_013,1378840200,0.1333,0.0096,0.0,0.024,0.063,0.074,0.1418,0.063,0.1418,0.0451,0.065,0.1205,MEDIUM
VM_013,1378840500,0.0,0.011,0.0,0.0257,0.0643,0.0754,0.1432,0.0644,0.1432,0.0451,0.0622,0.1199,MEDIUM
VM_013,1378840800,0.0,0.0118,0.0008,0.0268,0.065,0.0764,0.1442,0.0652,0.1442,0.0451,0.0622,0.1199,MEDIUM
VM_013,1378841100,0.0,0.0132,0.0026,0.0286,0.0664,0.0779,0.1457,0.0668,0.1457,0.045,0.0621,0.1197,MEDIUM
VM_013,1378841400,0.0,0.0146,0.0042,0.0302,0.0676,0.0792,0.1469,0.0681,0.1469,0.0449,0.0621,0.1194,MEDIUM
VM_013,1378841700,0.1333,0.0158,0.0058,0.0319,0.0688,0.0804,0.1481,0.0694,0.1481,0.0447,0.0651,0.1194,MEDIUM
VM_013,1378842000,0.1333,0.0158,0.0061,0.0323,0.0689,0.0807,0.1485,0.0696,0.1485,0.0447,0.0679,0.1199,MEDIUM
VM_013,1378842300,0.0,0.017,0.0075,0.0338,0.07,0.0819,0.1497,0.0708,0.1497,0.0446,0.0679,0.1197,MEDIUM
VM_013,1378842600,0.1333,0.0182,0.0091,0.0355,0.0712,0.0833,0.1511,0.0723,0.1511,0.0446,0.07,0.1198,MEDIUM
VM_013,1378842900,0.0,0.0192,0.0103,0.0367,0.0721,0.0844,0.1522,0.0733,0.1522,0.0445,0.07,0.1198,MEDIUM
VM_013,1378843200,0.0,0.0216,0.0131,0.0395,0.0743,0.0864,0.154,0.0756,0.154,0.0442,0.07,0.119,MEDIUM
VM_013,1378843500,0.2,0.0214,0.0131,0.0396,0.0741,0.0864,0.1541,0.0755,0.1541,0.0442,0.0768,0.1199,MEDIUM
VM_013,1378843800,0.2667,0.0225,0.0145,0.0412,0.0754,0.0877,0.1555,0.0768,0.1555,0.0442,0.0834,0.1207,MEDIUM
VM_013,1378844100,0.0,0.0234,0.0157,0.0424,0.0763,0.0888,0.1566,0.0779,0.1566,0.0441,0.0834,0.1206,MEDIUM
VM_013,1378844400,0.2,0.0252,0.0179,0.0446,0.0781,0.0906,0.1584,0.0798,0.1584,0.044,0.0834,0.1204,MEDIUM
VM_013,1378844700,0.1333,0.0259,0.0188,0.0456,0.0788,0.0916,0.1594,0.0807,0.1594,0.044,0.0841,0.1206,MEDIUM
VM_013,1378845000,0.0,0.0278,0.021,0.0479,0.0807,0.0934,0.1611,0.0826,0.1611,0.0438,0.0841,0.1201,MEDIUM
VM_013,1378845300,0.0,0.0291,0.0226,0.0495,0.0817,0.0945,0.162,0.0837,0.162,0.0436,0.0841,0.1196,MEDIUM
VM_013,1378845600,0.0,0.0294,0.0231,0.05,0.0818,0.0948,0.1623,0.084,0.1623,0.0435,0.0849,0.1196,MEDIUM
VM_013,1378845900,0.0,0.0307,0.0246,0.0515,0.0827,0.0958,0.1631,0.0851,0.1631,0.0433,0.0849,0.119,MEDIUM
VM_013,1378846200,0.0,0.0309,0.025,0.0519,0.0825,0.0957,0.163,0.0852,0.163,0.0431,0.0849,0.1186,MEDIUM
VM_013,1378846500,0.0,0.0314,0.0258,0.0527,0.0826,0.0959,0.163,0.0854,0.163,0.0428,0.0849,0.118,MEDIUM
VM_013,1378846800,0.0,0.031,0.0256,0.0526,0.0819,0.0952,0.1622,0.0849,0.1622,0.0426,0.0849,0.1175,MEDIUM
VM_013,1378847100,0.0,0.0311,0.026,0.0529,0.0815,0.0949,0.1618,0.0847,0.1618,0.0423,0.0849,0.1169,MEDIUM
VM_013,1378847400,0.0,0.0306,0.0257,0.0527,0.0806,0.094,0.1608,0.084,0.1608,0.042,0.084,0.1162,MEDIUM
VM_013,1378847700,0.0,0.0299,0.0252,0.0523,0.0794,0.0931,0.1598,0.0831,0.1598,0.0418,0.084,0.1158,MEDIUM
VM_013,1378848000,0.0,0.0297,0.0253,0.0524,0.0788,0.0925,0.1591,0.0827,0.1591,0.0415,0.084,0.1152,MEDIUM
VM_013,1378848300,0.0,0.0292,0.025,0.0521,0.0778,0.0915,0.158,0.0819,0.158,0.0412,0.084,0.1146,MEDIUM
VM_013,1378848600,0.0,0.0284,0.0245,0.0516,0.0766,0.0903,0.1567,0.0809,0.1567,0.0409,0.084,0.114,MEDIUM
VM_013,1378848900,0.0667,0.0279,0.0243,0.0515,0.0757,0.0894,0.1556,0.0801,0.1556,0.0406,0.0822,0.113,MEDIUM
VM_013,1378849200,0.2,0.0269,0.0236,0.051,0.0745,0.0881,0.1544,0.079,0.1544,0.0404,0.0863,0.1132,MEDIUM
VM_013,1378849500,0.0,0.0255,0.0224,0.0499,0.0729,0.0867,0.1529,0.0776,0.1529,0.0403,0.0863,0.113,MEDIUM
VM_013,1378849800,0.0,0.0257,0.0229,0.0504,0.0727,0.0866,0.1527,0.0776,0.1527,0.04,0.0849,0.1122,MEDIUM
VM_013,1378850100,0.0,0.0252,0.0226,0.0502,0.0719,0.0857,0.1517,0.0769,0.1517,0.0398,0.0849,0.1116,MEDIUM
VM_013,1378850400,0.0667,0.0244,0.022,0.0496,0.0707,0.0846,0.1505,0.0759,0.1505,0.0396,0.0845,0.1112,MEDIUM
VM_013,1378850700,0.0,0.0236,0.0214,0.0491,0.0696,0.0835,0.1494,0.075,0.1494,0.0394,0.0784,0.11,MEDIUM
VM_013,1378851000,0.1333,0.0239,0.0218,0.0496,0.0694,0.0833,0.1491,0.075,0.1491,0.0391,0.0652,0.1077,MEDIUM
VM_013,1378851300,0.0,0.023,0.0211,0.049,0.0682,0.082,0.1478,0.0738,0.1478,0.0389,0.0652,0.1072,MEDIUM
VM_013,1378851600,0.0667,0.0223,0.0206,0.0486,0.0672,0.0811,0.1468,0.073,0.1468,0.0387,0.0553,0.1056,MEDIUM
VM_013,1378851900,0.4667,0.1175,0.116,0.1403,0.1618,0.1741,0.2292,0.1651,0.2292,0.0366,0.1037,0.1017,MEDIUM
VM_013,1378852200,0.1333,0.0159,0.0017,0.0307,0.0653,0.0911,0.1509,0.0725,0.1509,0.0471,0.1049,0.1299,MEDIUM
VM_013,1378852500,0.0,0.0333,0.0181,0.046,0.0779,0.0992,0.1586,0.0837,0.1586,0.0438,0.1049,0.1232,MEDIUM
VM_013,1378852800,0.0,0.0364,0.0204,0.0481,0.0791,0.0985,0.1589,0.0844,0.1589,0.0428,0.1049,0.1216,MEDIUM
VM_013,1378853100,0.0,0.0442,0.0283,0.0559,0.0861,0.1034,0.1647,0.0907,0.1647,0.0419,0.1049,0.12,MEDIUM
VM_013,1378853400,0.1333,0.0498,0.0344,0.0623,0.0918,0.1075,0.17,0.0957,0.17,0.0414,0.1058,0.1195,MEDIUM
VM_013,1378853700,0.0,0.0551,0.0403,0.0687,0.0975,0.1116,0.1754,0.1008,0.1754,0.041,0.1058,0.119,MEDIUM
VM_013,1378854000,0.0,0.059,0.0449,0.0738,0.1019,0.1149,0.1798,0.1047,0.1798,0.0408,0.1058,0.1189,MEDIUM
VM_013,1378854300,0.0,0.0619,0.0484,0.078,0.1053,0.1175,0.1835,0.1077,0.1835,0.0406,0.1058,0.119,MEDIUM
VM_013,1378854600,0.0,0.0642,0.0515,0.0817,0.108,0.1196,0.1864,0.1102,0.1864,0.0405,0.1058,0.1189,MEDIUM
VM_013,1378854900,0.0,0.0647,0.0527,0.0836,0.1089,0.12,0.1877,0.111,0.1877,0.0403,0.1058,0.119,MEDIUM
VM_013,1378855200,0.1333,0.0647,0.0534,0.0851,0.1093,0.1198,0.1884,0.1112,0.1884,0.0401,0.1064,0.119,MEDIUM
VM_013,1378855500,0.0,0.0623,0.0516,0.0839,0.1071,0.1176,0.1869,0.1091,0.1869,0.0401,0.1064,0.1193,MEDIUM
VM_013,1378855800,0.0,0.0601,0.0501,0.083,0.1052,0.1155,0.1854,0.1072,0.1854,0.04,0.1064,0.1193,MEDIUM
VM_013,1378856100,0.0,0.0569,0.0474,0.0809,0.1019,0.1124,0.1827,0.1042,0.1827,0.0399,0.1071,0.1194,MEDIUM
VM_013,1378856400,0.0667,0.0533,0.0445,0.0784,0.0983,0.1089,0.1795,0.1008,0.1795,0.0398,0.1026,0.1186,MEDIUM
VM_013,1378856700,0.0,0.0489,0.0406,0.075,0.0938,0.1044,0.1752,0.0964,0.1752,0.0396,0.1026,0.1182,MEDIUM
VM_013,1378857000,0.0,0.0434,0.0356,0.0704,0.088,0.099,0.17,0.091,0.17,0.0394,0.1026,0.118,MEDIUM
VM_013,1378857300,0.0,0.0381,0.0309,0.0659,0.0824,0.0938,0.1647,0.0858,0.1647,0.0392,0.1026,0.1176,MEDIUM
VM_013,1378857600,0.0,0.0314,0.0249,0.0598,0.0746,0.0862,0.1583,0.0786,0.1583,0.0389,0.1031,0.1174,MEDIUM
VM_013,1378857900,0.0667,0.0284,0.0218,0.0564,0.0703,0.0823,0.1546,0.0749,0.1546,0.0386,0.1026,0.1168,MEDIUM
VM_013,1378858200,0.0667,0.024,0.017,0.0513,0.0641,0.0767,0.1488,0.0694,0.1488,0.0382,0.1012,0.1159,MEDIUM
VM_013,1378858500,0.0,0.0186,0.0112,0.0451,0.0565,0.0695,0.1413,0.0625,0.1413,0.0376,0.1012,0.1146,MEDIUM
VM_013,1378858800,0.1333,0.0123,0.0044,0.038,0.0477,0.0612,0.1326,0.0546,0.1326,0.0369,0.1026,0.1132,MEDIUM
VM_013,1378859100,0.0,0.0055,0.0,0.0304,0.0383,0.0522,0.123,0.0463,0.123,0.0357,0.0519,0.1048,MEDIUM
VM_013,1378859400,0.0,0.0,0.0,0.0234,0.0294,0.0434,0.1133,0.0386,0.1133,0.034,0.0474,0.1017,MEDIUM
VM_013,1378859700,0.0,0.0,0.0,0.0147,0.0187,0.0329,0.102,0.0306,0.102,0.0311,0.0474,0.0995,MEDIUM
VM_013,1378860000,0.0,0.0,0.0,0.0067,0.0086,0.0231,0.0913,0.0233,0.0913,0.0284,0.0474,0.097,MEDIUM
VM_013,1378860300,0.0,0.0,0.0,0.0001,0.0,0.0142,0.0814,0.0175,0.0814,0.0257,0.0474,0.0941,MEDIUM
VM_013,1378860600,0.0,0.0,0.0,0.0,0.0,0.0052,0.0715,0.013,0.0715,0.0225,0.0416,0.0904,MEDIUM
VM_013,1378860900,0.0,0.0,0.0,0.0,0.0,0.0,0.0618,0.0093,0.0618,0.0195,0.0416,0.0878,MEDIUM
VM_013,1378861200,0.0,0.0,0.0,0.0,0.0,0.0,0.0534,0.0072,0.0534,0.0167,0.0416,0.0849,MEDIUM
VM_013,1378861500,0.0,0.0,0.0,0.0,0.0,0.0,0.0455,0.0059,0.0455,0.0139,0.0416,0.0822,LOW
VM_013,1378861800,0.0,0.0,0.0,0.0,0.0,0.0,0.0385,0.0048,0.0385,0.0114,0.0416,0.0796,LOW
VM_013,1378862100,0.0,0.0,0.0,0.0,0.0,0.0,0.032,0.0037,0.032,0.0092,0.0416,0.0773,LOW
VM_013,1378862400,0.0,0.0,0.0,0.0,0.0,0.0,0.0267,0.0028,0.0267,0.0075,0.0339,0.0741,LOW
VM_013,1378862700,0.0,0.0,0.0,0.0,0.0,0.0,0.0219,0.0021,0.0219,0.006,0.0339,0.0722,LOW
VM_013,1378863000,0.0,0.0,0.0,0.0,0.0,0.0,0.018,0.0015,0.018,0.005,0.0339,0.0704,LOW
VM_013,1378863300,0.0,0.0,0.0,0.0,0.0,0.0,0.0142,0.0012,0.0142,0.0039,0.0339,0.0691,LOW
VM_013,1378863600,0.0,0.0,0.0,0.0,0.0,0.0,0.0113,0.0009,0.0113,0.0031,0.0321,0.0679,LOW
VM_013,1378863900,0.0,0.0,0.0,0.0,0.0,0.0,0.0092,0.0008,0.0092,0.0025,0.0321,0.067,LOW
VM_013,1378864200,0.0,0.0,0.0,0.0,0.0,0.0,0.0072,0.0006,0.0072,0.002,0.0321,0.0665,LOW
VM_013,1378864500,0.0,0.0,0.0,0.0,0.0,0.0,0.0056,0.0005,0.0056,0.0016,0.0321,0.0662,LOW
VM_013,1378864800,0.0,0.0,0.0,0.0,0.0,0.0,0.0047,0.0004,0.0047,0.0013,0.0321,0.0661,LOW
VM_013,1378865100,0.0,0.0,0.0,0.0,0.0,0.0,0.0041,0.0003,0.0041,0.0011,0.0299,0.0659,LOW
VM_013,1378865400,0.0,0.0,0.0,0.0,0.0,0.0,0.0029,0.0002,0.0029,0.0008,0.0272,0.066,LOW
VM_013,1378865700,0.0667,0.0,0.0,0.0,0.0,0.0,0.0031,0.0003,0.0031,0.0008,0.0299,0.0669,LOW
VM_013,1378866000,0.2,0.0,0.0,0.0,0.0,0.0,0.0035,0.0003,0.0035,0.001,0.0425,0.0694,LOW
VM_013,1378866300,0.0,0.0,0.0,0.0,0.0,0.0,0.0032,0.0003,0.0032,0.0009,0.0425,0.0705,LOW
VM_013,1378866600,0.0,0.0,0.0,0.0,0.0,0.0,0.0045,0.0004,0.0045,0.0013,0.0425,0.0713,LOW
VM_013,1378866900,0.0,0.0,0.0,0.0,0.0,0.0,0.005,0.0004,0.005,0.0014,0.0425,0.0724,LOW
VM_013,1378867200,0.0,0.0,0.0,0.0,0.0,0.0,0.0058,0.0005,0.0058,0.0016,0.0425,0.0734,LOW
VM_013,1378867500,0.0,0.0,0.0,0.0,0.0,0.0,0.0055,0.0005,0.0055,0.0015,0.0425,0.0748,LOW
VM_013,1378867800,0.0,0.0,0.0,0.0,0.0,0.0,0.0067,0.0006,0.0067,0.0018,0.0425,0.0758,LOW
VM_013,1378868100,0.0,0.0,0.0,0.0,0.0,0.0,0.0066,0.0006,0.0066,0.0018,0.0425,0.0771,LOW
VM_013,1378868400,0.1333,0.0,0.0,0.0,0.0,0.0,0.0072,0.0006,0.0072,0.002,0.0491,0.0794,LOW
VM_013,1378868700,0.0,0.0,0.0,0.0,0.0,0.0,0.0076,0.0006,0.0076,0.0021,0.0491,0.0806,LOW
VM_013,1378869000,0.0,0.0,0.0,0.0,0.0,0.0,0.0073,0.0006,0.0073,0.002,0.0491,0.0821,LOW
VM_013,1378869300,0.0,0.0,0.0,0.0,0.0,0.0,0.0081,0.0007,0.0081,0.0022,0.0491,0.0833,MEDIUM
VM_013,1378869600,0.0,0.0,0.0,0.0,0.0,0.0,0.0079,0.0007,0.0079,0.0022,0.0491,0.0846,MEDIUM
VM_013,1378869900,0.0,0.0,0.0,0.0,0.0,0.0,0.0074,0.0006,0.0074,0.0021,0.0491,0.086,MEDIUM
VM_013,1378870200,0.0667,0.0,0.0,0.0,0.0,0.0,0.0076,0.0006,0.0076,0.0021,0.05,0.0874,MEDIUM
VM_013,1378870500,0.0,0.0,0.0,0.0,0.0,0.0,0.007,0.0006,0.007,0.0019,0.05,0.0888,MEDIUM
VM_013,1378870800,0.2,0.0,0.0,0.0,0.0,0.0,0.0076,0.0006,0.0076,0.0021,0.0619,0.0918,MEDIUM
VM_013,1378871100,2.0,0.01,0.0,0.0087,0.0172,0.013,0.0865,0.0212,0.0865,0.0265,0.407,0.1383,MEDIUM
VM_013,1378871400,0.0714,0.0,0.0,0.0,0.0,0.0,0.0375,0.0043,0.0375,0.0107,0.4064,0.1573,MEDIUM
VM_013,1378871700,0.3333,0.0,0.0,0.0,0.0,0.0,0.0549,0.0071,0.0549,0.0166,0.4081,0.1622,MEDIUM
VM_013,1378872000,0.0,0.0,0.0,0.0,0.0,0.0,0.0503,0.0062,0.0503,0.0148,0.4081,0.171,MEDIUM
VM_013,1378872300,0.0,0.0,0.0,0.0,0.0,0.0,0.0527,0.0064,0.0527,0.0154,0.4081,0.176,MEDIUM
VM_013,1378872600,0.1333,0.0,0.0,0.0,0.0,0.0,0.0564,0.0068,0.0564,0.0165,0.4071,0.1807,MEDIUM
VM_013,1378872900,0.0,0.0,0.0,0.0,0.0,0.0,0.0572,0.0068,0.0572,0.0166,0.4079,0.1859,MEDIUM
VM_013,1378873200,0.1429,0.0,0.0,0.0,0.0,0.0,0.0572,0.0066,0.0572,0.0165,0.4076,0.1908,HIGH
VM_013,1378873500,0.0,0.0,0.0,0.0,0.0,0.0,0.0543,0.006,0.0543,0.0154,0.4076,0.1959,HIGH
VM_013,1378873800,0.0,0.0,0.0,0.0,0.0,0.0,0.0511,0.0053,0.0511,0.0142,0.4076,0.2003,HIGH
VM_013,1378874100,0.0,0.0,0.0,0.0,0.0,0.0,0.0463,0.0044,0.0463,0.0128,0.4076,0.2043,HIGH
VM_013,1378874400,0.0,0.0,0.0,0.0,0.0,0.0,0.0399,0.0033,0.0399,0.011,0.4076,0.2079,HIGH
VM_013,1378874700,0.0,0.0,0.0,0.0,0.0,0.0,0.0321,0.0027,0.0321,0.0089,0.4076,0.2114,HIGH
VM_013,1378875000,0.0,0.0,0.0,0.0,0.0,0.0,0.0238,0.002,0.0238,0.0066,0.4076,0.2143,HIGH
VM_013,1378875300,0.0,0.0,0.0,0.0,0.0,0.0,0.0152,0.0013,0.0152,0.0042,0.4076,0.2166,HIGH
VM_013,1378875600,0.0,0.0,0.0,0.0,0.0,0.0,0.0062,0.0005,0.0062,0.0017,0.4084,0.2185,HIGH
VM_013,1378875900,0.0,0.0,0.0,0.0,0.0,0.0,0.0,0.0,0.0,0.0,0.4084,0.2196,HIGH
VM_013,1378876200,0.1333,0.0,0.0,0.0,0.0,0.0,0.0,0.0,0.0,0.0,0.4076,0.2201,HIGH
VM_013,1378876500,0.0,0.0,0.0,0.0,0.0,0.0,0.0,0.0,0.0,0.0,0.4076,0.2202,HIGH
VM_013,1378876800,0.0,0.0,0.0,0.0,0.0,0.0,0.0,0.0,0.0,0.0,0.4076,0.2192,HIGH
VM_013,1378877100,0.0,0.0,0.0,0.0,0.0,0.0,0.0,0.0,0.0,0.0,0.4076,0.2171,HIGH
VM_013,1378877400,0.0,0.0,0.0,0.0,0.0,0.0,0.0,0.0,0.0,0.0,0.4083,0.214,HIGH
VM_013,1378877700,0.0,0.0,0.0,0.0,0.0,0.0,0.0,0.0,0.0,0.0,0.4083,0.2096,HIGH
VM_013,1378878000,0.1429,0.0,0.0,0.0,0.0,0.0,0.0,0.0,0.0,0.0,0.408,0.2045,HIGH
VM_013,1378878300,0.0,0.0,0.0,0.0,0.0,0.0,0.0,0.0,0.0,0.0,0.0819,0.1569,MEDIUM
VM_013,1378878600,0.0,0.0,0.0,0.0,0.0,0.0,0.0,0.0,0.0,0.0,0.082,0.1501,MEDIUM
VM_013,1378878900,0.0,0.0,0.0,0.0,0.0,0.0,0.0,0.0,0.0,0.0,0.0526,0.1391,MEDIUM
VM_013,1378879200,0.0,0.0,0.0,0.0,0.0,0.0,0.0,0.0,0.0,0.0,0.0526,0.132,MEDIUM
VM_013,1378879500,0.0,0.0,0.0,0.0,0.0,0.0,0.0,0.0,0.0,0.0,0.0526,0.1273,MEDIUM
VM_013,1378879800,0.2,0.0,0.0,0.0,0.0,0.0,0.0,0.0,0.0,0.0,0.0599,0.1247,MEDIUM
VM_013,1378880100,0.0667,0.0,0.0,0.0,0.0,0.0,0.0,0.0,0.0,0.0,0.0602,0.1213,MEDIUM
VM_013,1378880400,0.1333,0.0,0.0,0.0,0.0,0.0,0.0,0.0,0.0,0.0,0.0595,0.1181,MEDIUM
VM_013,1378880700,0.0,0.0,0.0,0.0,0.0,0.0,0.0,0.0,0.0,0.0,0.0595,0.1154,MEDIUM
VM_013,1378881000,0.0,0.0,0.0,0.0,0.0,0.0,0.0,0.0,0.0,0.0,0.0595,0.113,MEDIUM
VM_013,1378881300,0.0,0.0,0.0,0.0,0.0,0.0,0.0,0.0,0.0,0.0,0.0595,0.1111,MEDIUM
VM_013,1378881600,0.0,0.0,0.0,0.0,0.0,0.0,0.0,0.0,0.0,0.0,0.0595,0.1094,MEDIUM
VM_013,1378881900,0.0,0.0,0.0,0.0,0.0,0.0,0.0,0.0,0.0,0.0,0.0595,0.1081,MEDIUM
VM_013,1378882200,0.0,0.0,0.0,0.0,0.0,0.0,0.0,0.0,0.0,0.0,0.0595,0.1103,MEDIUM
VM_013,1378882500,0.0,0.0,0.0,0.0,0.0,0.0,0.0071,0.0006,0.0071,0.002,0.0595,0.1135,MEDIUM
VM_013,1378882800,0.0,0.0,0.0,0.0,0.0,0.0,0.016,0.0013,0.016,0.0044,0.0595,0.1168,MEDIUM
VM_013,1378883100,0.0,0.0,0.0,0.0,0.0,0.0,0.0246,0.0024,0.0246,0.0068,0.0595,0.1206,MEDIUM
VM_013,1378883400,0.0,0.0,0.0,0.0,0.0,0.0,0.0342,0.004,0.0342,0.0099,0.0553,0.1239,MEDIUM
VM_013,1378883700,0.0,0.0,0.0,0.0,0.0,0.0,0.0447,0.0058,0.0447,0.0136,0.0553,0.1276,MEDIUM
VM_013,1378884000,0.0,0.0,0.0,0.0,0.0,0.0,0.0538,0.0073,0.0538,0.0169,0.0553,0.1316,MEDIUM
VM_013,1378884300,0.0,0.0,0.0,0.0,0.0,0.0,0.064,0.0098,0.064,0.0205,0.0553,0.1353,MEDIUM
VM_013,1378884600,0.0,0.0,0.0,0.0,0.0,0.0,0.0741,0.0124,0.0741,0.0243,0.0553,0.1389,MEDIUM
VM_013,1378884900,0.0,0.0,0.0,0.0,0.0,0.0,0.0844,0.015,0.0844,0.0284,0.0553,0.1422,MEDIUM
VM_013,1378885200,0.1333,0.0,0.0,0.0,0.0072,0.0,0.0947,0.0182,0.0947,0.0323,0.0544,0.1456,MEDIUM
VM_013,1378885500,0.0,0.0,0.0,0.0,0.0163,0.0078,0.1056,0.0228,0.1056,0.0361,0.0544,0.1483,MEDIUM
VM_013,1378885800,0.0,0.0,0.0,0.0,0.0249,0.0186,0.1159,0.0279,0.1159,0.0396,0.0544,0.1509,MEDIUM
VM_013,1378886100,0.0,0.0,0.0,0.0,0.0326,0.0285,0.1254,0.0326,0.1254,0.0431,0.0544,0.1533,MEDIUM
VM_013,1378886400,0.0,0.0,0.0,0.0,0.0407,0.0386,0.135,0.0385,0.135,0.0462,0.0544,0.1552,MEDIUM
VM_013,1378886700,0.0,0.0046,0.0,0.0,0.0487,0.0485,0.1443,0.0449,0.1443,0.0487,0.0544,0.1567,MEDIUM
VM_013,1378887000,0.1333,0.0094,0.0,0.0,0.055,0.0565,0.1521,0.0503,0.1521,0.0509,0.046,0.1575,MEDIUM
VM_013,1378887300,0.0667,0.0159,0.0,0.0,0.0626,0.0657,0.1608,0.0565,0.1608,0.0534,0.046,0.1588,MEDIUM
VM_013,1378887600,0.0667,0.0219,0.0,0.0,0.0697,0.0743,0.1688,0.0623,0.1688,0.0558,0.0405,0.1594,MEDIUM
VM_013,1378887900,0.0,0.0266,0.0,0.0,0.0754,0.0814,0.1754,0.0671,0.1754,0.0579,0.0405,0.1607,MEDIUM
VM_013,1378888200,0.0,0.0312,0.0,0.0,0.0809,0.0882,0.1816,0.0716,0.1816,0.0599,0.0405,0.1617,MEDIUM
VM_013,1378888500,0.0,0.0357,0.0,0.0,0.0861,0.0945,0.1872,0.0759,0.1872,0.0618,0.0405,0.1623,MEDIUM
VM_013,1378888800,0.0,0.0388,0.0,0.0028,0.0898,0.0992,0.1914,0.0792,0.1914,0.0629,0.0405,0.163,MEDIUM
VM_013,1378889100,0.0,0.0424,0.0,0.0068,0.0938,0.1041,0.1955,0.0828,0.1955,0.064,0.0405,0.1631,MEDIUM
VM_013,1378889400,0.0,0.0442,0.0,0.0088,0.0961,0.1073,0.1981,0.085,0.1981,0.0647,0.0405,0.1635,MEDIUM
VM_013,1378889700,0.0,0.0469,0.0,0.0119,0.099,0.1109,0.201,0.0879,0.201,0.0652,0.0405,0.1633,MEDIUM
VM_013,1378890000,0.0,0.0484,0.0004,0.0138,0.1008,0.1133,0.2027,0.0897,0.2027,0.0653,0.0405,0.1631,MEDIUM
VM_013,1378890300,0.0,0.0494,0.0018,0.0152,0.102,0.1151,0.2039,0.0912,0.2039,0.0653,0.0405,0.1629,MEDIUM
VM_013,1378890600,0.0,0.0503,0.0031,0.0164,0.103,0.1165,0.2047,0.0924,0.2047,0.0652,0.0405,0.1626,MEDIUM
VM_013,1378890900,0.0,0.051,0.0042,0.0175,0.1037,0.1176,0.2051,0.0934,0.2051,0.065,0.0405,0.162,MEDIUM
VM_013,1378891200,0.0,0.0512,0.005,0.0182,0.104,0.1183,0.2051,0.0939,0.2051,0.0648,0.0405,0.1614,MEDIUM
VM_013,1378891500,0.0,0.0509,0.0051,0.0183,0.1037,0.1183,0.2044,0.0938,0.2044,0.0646,0.0405,0.1608,MEDIUM
VM_013,1378891800,0.0,0.0502,0.0049,0.0181,0.103,0.1179,0.2033,0.0932,0.2033,0.0644,0.0405,0.1601,MEDIUM
VM_013,1378892100,0.0,0.049,0.0042,0.0174,0.1019,0.117,0.2018,0.0923,0.2018,0.0641,0.0405,0.1594,MEDIUM
VM_013,1378892400,0.0,0.0476,0.0033,0.0164,0.1005,0.1158,0.2,0.091,0.2,0.0639,0.0321,0.1577,MEDIUM
VM_013,1378892700,0.0,0.0462,0.0024,0.0155,0.0991,0.1145,0.1981,0.0898,0.1981,0.0636,0.0321,0.1569,MEDIUM
VM_013,1378893000,0.0,0.0445,0.0011,0.0142,0.0974,0.1129,0.196,0.0882,0.196,0.0634,0.0321,0.1563,MEDIUM
VM_013,1378893300,0.0,0.0435,0.0006,0.0136,0.0963,0.1118,0.1942,0.0872,0.1942,0.063,0.0321,0.1553,MEDIUM
VM_013,1378893600,0.0,0.0414,0.0,0.0119,0.0941,0.1097,0.1916,0.0852,0.1916,0.0626,0.0321,0.1546,MEDIUM
VM_013,1378893900,0.0,0.0401,0.0,0.0112,0.0928,0.1084,0.1895,0.084,0.1895,0.0621,0.0321,0.1534,MEDIUM
VM_013,1378894200,0.0667,0.037,0.0,0.0086,0.0898,0.1054,0.1862,0.0813,0.1862,0.0616,0.0225,0.1517,MEDIUM
VM_013,1378894500,0.0,0.0348,0.0,0.0068,0.0876,0.1032,0.1834,0.0793,0.1834,0.0611,0.0188,0.1504,MEDIUM
VM_013,1378894800,0.0,0.0324,0.0,0.0049,0.0852,0.1008,0.1805,0.0772,0.1805,0.0605,0.0136,0.1489,MEDIUM
VM_013,1378895100,0.0,0.03,0.0,0.003,0.0828,0.0983,0.1775,0.0752,0.1775,0.0598,0.0136,0.1481,MEDIUM
VM_013,1378895400,0.0,0.0273,0.0,0.0006,0.08,0.0955,0.1742,0.0729,0.1742,0.059,0.0136,0.1473,MEDIUM
VM_013,1378895700,0.0,0.0246,0.0,0.0,0.0774,0.0928,0.171,0.0707,0.171,0.0581,0.0136,0.1465,MEDIUM
VM_013,1378896000,0.0,0.0218,0.0,0.0,0.0746,0.09,0.1678,0.0686,0.1678,0.0571,0.0136,0.1458,MEDIUM
VM_013,1378896300,0.0,0.0196,0.0,0.0,0.0724,0.0876,0.1649,0.0668,0.1649,0.0563,0.0136,0.1449,MEDIUM
VM_013,1378896600,0.0,0.0167,0.0,0.0,0.0694,0.0846,0.1616,0.0645,0.1616,0.0553,0.0136,0.1444,MEDIUM
VM_013,1378896900,0.0,0.0146,0.0,0.0,0.0673,0.0823,0.159,0.0629,0.159,0.0545,0.0136,0.1436,MEDIUM
VM_013,1378897200,0.0,0.0129,0.0,0.0,0.0654,0.0803,0.1564,0.0614,0.1564,0.0538,0.0136,0.1426,MEDIUM
VM_013,1378897500,0.0,0.0103,0.0,0.0,0.0627,0.0775,0.1532,0.0593,0.1532,0.0529,0.0136,0.1418,MEDIUM
VM_013,1378897800,0.0,0.0074,0.0,0.0,0.0598,0.0746,0.1498,0.057,0.1498,0.0519,0.0136,0.1411,MEDIUM
VM_013,1378898100,0.0,0.0047,0.0,0.0,0.0571,0.0717,0.1466,0.0549,0.1466,0.051,0.0136,0.1405,MEDIUM
VM_013,1378898400,0.0,0.0025,0.0,0.0,0.0548,0.0692,0.1438,0.0531,0.1438,0.0502,0.0136,0.1397,MEDIUM
VM_013,1378898700,0.0,0.0002,0.0,0.0,0.0524,0.0667,0.1409,0.0512,0.1409,0.0494,0.0136,0.1389,MEDIUM
VM_013,1378899000,0.0,0.0,0.0,0.0,0.0496,0.0638,0.1377,0.0492,0.1377,0.0484,0.0136,0.1383,MEDIUM
VM_013,1378899300,0.0,0.0,0.0,0.0,0.0471,0.0611,0.1347,0.0475,0.1347,0.0473,0.0136,0.1376,MEDIUM
VM_013,1378899600,0.0,0.0,0.0,0.0,0.0446,0.0585,0.1318,0.0457,0.1318,0.0464,0.0136,0.1369,MEDIUM
VM_013,1378899900,0.0,0.0,0.0,0.0,0.0426,0.0563,0.1291,0.0443,0.1291,0.0455,0.0136,0.1361,MEDIUM
VM_013,1378900200,0.0,0.0,0.0,0.0,0.0399,0.0534,0.1259,0.0423,0.1259,0.0445,0.0136,0.1353,MEDIUM
VM_013,1378900500,0.0,0.0,0.0,0.0,0.0364,0.0498,0.1222,0.04,0.1222,0.0433,0.0136,0.1351,MEDIUM
VM_013,1378900800,0.0,0.0,0.0,0.0,0.035,0.0482,0.1203,0.0389,0.1203,0.0427,0.0136,0.1343,MEDIUM
VM_013,1378901100,0.0,0.0,0.0,0.0,0.0332,0.0462,0.1179,0.0376,0.1179,0.0419,0.0136,0.1333,MEDIUM
VM_013,1378901400,0.1333,0.0,0.0,0.0,0.0297,0.0426,0.1144,0.0353,0.1144,0.0409,0.0272,0.1351,MEDIUM
VM_013,1378901700,0.0667,0.0,0.0,0.0,0.0289,0.0415,0.113,0.0346,0.113,0.0404,0.0299,0.1348,MEDIUM
VM_013,1378902000,0.0,0.0,0.0,0.0,0.0269,0.0394,0.1107,0.0333,0.1107,0.0396,0.0299,0.1343,MEDIUM
VM_013,1378902300,0.0667,0.0,0.0,0.0,0.0256,0.0379,0.109,0.0325,0.109,0.0391,0.0321,0.134,MEDIUM
VM_013,1378902600,0.0,0.0,0.0,0.0,0.0241,0.0363,0.1071,0.0316,0.1071,0.0384,0.0321,0.1335,MEDIUM
VM_013,1378902900,0.0,0.0,0.0,0.0,0.0228,0.0348,0.1054,0.0307,0.1054,0.0378,0.0321,0.1329,MEDIUM
VM_023,1378613700,4.8333,5.4444,5.4132,5.338,5.3797,5.3825,5.2465,5.3571,5.4556,0.0735,1.2178,0.3228,HIGH
VM_023,1378614000,4.6,5.4219,5.3918,5.3185,5.3588,5.3602,5.2252,5.3357,5.4325,0.0729,1.2178,0.3218,HIGH
VM_023,1378614300,5.8,5.4761,5.4399,5.3636,5.4015,5.4041,5.269,5.3809,5.4761,0.0742,1.2247,0.3234,HIGH
VM_023,1378614600,7.6,5.6205,5.5705,5.4842,5.5187,5.5256,5.3892,5.5037,5.6205,0.0783,1.3192,0.3561,HIGH
VM_023,1378614900,6.8333,5.6654,5.614,5.5222,5.5543,5.5638,5.4262,5.5413,5.6654,0.0807,1.3564,0.3682,HIGH
VM_023,1378615200,4.6667,5.6299,5.5818,5.4917,5.523,5.5256,5.3931,5.5066,5.6299,0.0801,1.3549,0.3686,HIGH
VM_023,1378615500,8.6667,5.8114,5.7544,5.6538,5.6778,5.6902,5.5524,5.6701,5.8114,0.0852,1.4733,0.4008,HIGH
VM_023,1378615800,4.7667,5.7244,5.6777,5.5815,5.6107,5.6186,5.4833,5.597,5.7244,0.0829,1.4699,0.3865,HIGH
VM_023,1378616100,4.7333,5.6918,5.6492,5.5582,5.5872,5.5895,5.4583,5.5706,5.6918,0.0811,1.4699,0.3815,HIGH
VM_023,1378616400,4.7333,5.6404,5.6016,5.5154,5.5433,5.5428,5.4133,5.5247,5.6404,0.0795,1.4692,0.3771,HIGH
VM_023,1378616700,5.8,5.5569,5.531,5.4515,5.4789,5.4868,5.3503,5.4612,5.5658,0.0773,1.4682,0.3629,HIGH
VM_023,1378617000,4.6667,5.6023,5.5727,5.4963,5.5255,5.5264,5.3966,5.5056,5.6026,0.076,1.4674,0.3573,HIGH
VM_023,1378617300,5.5667,5.5966,5.5659,5.4892,5.5171,5.5196,5.3895,5.4983,5.5966,0.076,1.4609,0.3584,HIGH
VM_023,1378617600,7.8667,5.7342,5.6918,5.6065,5.631,5.639,5.5065,5.6181,5.7342,0.0795,1.527,0.3833,HIGH
VM_023,1378617900,4.7333,5.6704,5.6334,5.5496,5.5743,5.5774,5.4483,5.5579,5.6704,0.0787,1.5261,0.3811,HIGH
VM_023,1378618200,4.7333,5.6314,5.5964,5.515,5.5375,5.5372,5.41,5.5198,5.6314,0.0781,1.5206,0.3807,HIGH
VM_023,1378618500,5.8,5.6421,5.6057,5.5238,5.5434,5.5442,5.4161,5.5272,5.6421,0.0787,1.5135,0.3832,HIGH
VM_023,1378618800,5.0333,5.6109,5.5769,5.4971,5.5158,5.515,5.388,5.4985,5.6109,0.0781,1.516,0.3814,HIGH
VM_023,1378619100,6.5333,5.6519,5.6208,5.5396,5.5536,5.5591,5.428,5.5405,5.6519,0.079,1.179,0.3373,HIGH
VM_023,1378619400,4.7,5.5941,5.5697,5.4933,5.5129,5.518,5.3868,5.4964,5.5951,0.0768,1.1736,0.3222,HIGH
VM_023,1378619700,4.7333,5.5906,5.5664,5.4936,5.5145,5.5163,5.388,5.4965,5.5914,0.0755,1.1736,0.319,HIGH
VM_023,1378620000,4.7,5.5584,5.5349,5.4644,5.4849,5.4849,5.3578,5.4659,5.5584,0.0747,1.1763,0.3182,HIGH
VM_023,1378620300,4.8333,5.4977,5.48,5.413,5.4327,5.4346,5.3047,5.4134,5.5079,0.0736,1.1779,0.3185,HIGH
VM_023,1378620600,4.7333,5.5105,5.4893,5.4232,5.4423,5.4412,5.3139,5.4227,5.5131,0.0734,1.1759,0.3162,HIGH
VM_023,1378620900,8.8333,5.7086,5.668,5.5881,5.6022,5.6083,5.4783,5.5914,5.7086,0.0789,1.35,0.3639,HIGH
VM_023,1378621200,9.5333,5.9094,5.8493,5.7518,5.7617,5.7707,5.6425,5.7579,5.9094,0.0866,1.5443,0.421,HIGH
VM_023,1378621500,4.9667,5.796,5.7459,5.6497,5.6602,5.6606,5.5376,5.6502,5.796,0.0856,1.555,0.4187,HIGH
VM_023,1378621800,4.7,5.7158,5.6737,5.583,5.5915,5.5868,5.4652,5.5781,5.7158,0.084,1.5233,0.408,HIGH
VM_023,1378622100,4.8333,5.6262,5.5958,5.5125,5.5208,5.5167,5.3927,5.5052,5.6262,0.0811,1.5134,0.3906,HIGH
VM_023,1378622400,4.6667,5.6173,5.5862,5.5076,5.5163,5.5083,5.389,5.4994,5.6173,0.0795,1.5134,0.3873,HIGH
VM_023,1378622700,9.2333,5.8183,5.7769,5.6875,5.6889,5.6923,5.5674,5.6821,5.8183,0.0844,1.5665,0.411,HIGH
VM_023,1378623000,4.5667,5.6545,5.631,5.5487,5.5596,5.5629,5.4366,5.5459,5.6545,0.0798,1.5719,0.383,HIGH
VM_023,1378623300,4.7,5.6822,5.6552,5.5775,5.59,5.5869,5.4673,5.5744,5.6822,0.078,1.5728,0.3822,HIGH
VM_023,1378623600,4.8333,5.6049,5.5835,5.5103,5.523,5.5207,5.3995,5.5059,5.6049,0.0762,1.5704,0.3741,HIGH
VM_023,1378623900,5.5,5.5869,5.569,5.4981,5.5102,5.5102,5.3862,5.4936,5.5869,0.0754,1.5703,0.3684,HIGH
VM_023,1378624200,6.2,5.6611,5.6348,5.5607,5.5721,5.5715,5.45,5.5575,5.6611,0.0765,1.5607,0.3766,HIGH
VM_023,1378624500,6.8667,5.7138,5.6814,5.6016,5.611,5.612,5.4904,5.599,5.7138,0.0787,1.5788,0.3898,HIGH
VM_023,1378624800,4.7,5.62,5.5965,5.5205,5.5308,5.5295,5.4078,5.5155,5.62,0.077,1.525,0.3736,HIGH
VM_023,1378625100,5.5,5.5974,5.5782,5.5052,5.5151,5.5157,5.3917,5.5001,5.5974,0.076,1.5138,0.3646,HIGH
VM_023,1378625400,9.0333,5.8263,5.7875,5.702,5.7091,5.7143,5.5911,5.7019,5.8263,0.0809,1.6498,0.4062,HIGH
VM_023,1378625700,9.3333,5.9745,5.9241,5.8248,5.8307,5.8391,5.7172,5.8283,5.9745,0.0862,1.7987,0.445,HIGH
VM_023,1378626000,7.8333,6.0282,5.9737,5.8674,5.8732,5.878,5.7611,5.8705,6.0282,0.0889,1.8259,0.459,HIGH
VM_023,1378626300,7.8333,6.0881,6.0404,5.9302,5.9322,5.9389,5.8191,5.9307,6.0881,0.0908,1.8587,0.4642,HIGH
VM_023,1378626600,5.2,5.9765,5.9392,5.8337,5.8445,5.8455,5.7277,5.8354,5.9765,0.0873,1.8446,0.4454,HIGH
VM_023,1378626900,4.8667,5.925,5.8898,5.7919,5.8039,5.7984,5.6863,5.791,5.925,0.0842,1.8403,0.4382,HIGH
VM_023,1378627200,5.6333,5.8746,5.8433,5.75,5.761,5.7548,5.6417,5.7467,5.8746,0.0826,1.8177,0.4303,HIGH
VM_023,1378627500,7.1333,5.9337,5.8978,5.8023,5.8116,5.8064,5.6928,5.7992,5.9337,0.0838,1.8028,0.4344,HIGH
VM_023,1378627800,4.8,5.8347,5.8047,5.7149,5.7261,5.7171,5.6064,5.7098,5.8347,0.0811,1.8003,0.4252,HIGH
VM_023,1378628100,4.8333,5.7542,5.7305,5.6474,5.6577,5.6481,5.536,5.6397,5.7542,0.0787,1.7402,0.4081,HIGH
VM_023,1378628400,4.6,5.6953,5.6735,5.5965,5.6068,5.5955,5.4845,5.5873,5.6953,0.0764,1.6079,0.3851,HIGH
VM_023,1378628700,4.7,5.6286,5.6098,5.5381,5.5475,5.5367,5.4248,5.5275,5.6286,0.0746,1.6158,0.3797,HIGH
VM_023,1378629000,4.7333,5.5665,5.5514,5.485,5.4939,5.4847,5.3708,5.4738,5.5665,0.0727,1.6147,0.3712,HIGH
VM_023,1378629300,5.0667,5.4697,5.4659,5.4071,5.4176,5.4163,5.2951,5.3981,5.4891,0.0701,1.6086,0.3634,HIGH
VM_023,1378629600,4.6,5.481,5.4743,5.4201,5.4331,5.432,5.3134,5.4141,5.5025,0.0681,1.6109,0.3591,HIGH
VM_023,1378629900,7.0333,5.5321,5.5281,5.4716,5.4824,5.493,5.3663,5.4693,5.5647,0.069,1.4712,0.3447,HIGH
VM_023,1378630200,4.6,5.4426,5.4468,5.3957,5.4161,5.4309,5.3012,5.4003,5.5048,0.0673,1.47,0.3476,HIGH
VM_023,1378630500,4.7,5.4871,5.4858,5.4367,5.4604,5.4728,5.3469,5.4442,5.5427,0.0659,1.47,0.3415,HIGH
VM_023,1378630800,4.8,5.4108,5.4156,5.3688,5.3943,5.4107,5.2806,5.3778,5.48,0.0653,1.471,0.3444,HIGH
VM_023,1378631100,5.2667,5.4277,5.4306,5.3835,5.4103,5.4282,5.2967,5.3947,5.497,0.0651,1.4741,0.3455,HIGH
VM_023,1378631400,5.7,5.4866,5.4821,5.4308,5.4579,5.4757,5.3452,5.444,5.5434,0.0654,1.4722,0.3437,HIGH
VM_023,1378631700,5.5333,5.4994,5.4914,5.4361,5.4626,5.4799,5.3494,5.4494,5.5477,0.0658,1.4555,0.3416,HIGH
VM_023,1378632000,4.6667,5.4378,5.4337,5.3793,5.4058,5.4219,5.2904,5.3912,5.4905,0.0655,1.4566,0.3431,HIGH
VM_023,1378632300,4.7,5.4255,5.4199,5.3663,5.3923,5.4061,5.2759,5.3772,5.4741,0.0651,1.4716,0.3436,HIGH
VM_023,1378632600,4.6667,5.3792,5.3754,5.3233,5.3489,5.3624,5.2318,5.3334,5.4305,0.0646,1.3041,0.3224,HIGH
VM_023,1378632900,4.8333,5.3074,5.3099,5.2615,5.288,5.3047,5.1712,5.2725,5.3742,0.0642,1.0286,0.2905,HIGH
VM_023,1378633200,6.8,5.461,5.4492,5.3943,5.4209,5.4388,5.3068,5.4096,5.5078,0.0654,0.9376,0.2772,HIGH
VM_023,1378633500,6.6333,5.4964,5.4882,5.4277,5.4531,5.4764,5.3406,5.4445,5.5482,0.0671,0.8217,0.2676,HIGH
VM_023,1378633800,4.8333,5.4547,5.4491,5.39,5.4222,5.4441,5.3088,5.4103,5.5178,0.0667,0.8262,0.2692,HIGH
VM_023,1378634100,6.1,5.5581,5.542,5.4789,5.5113,5.5308,5.3991,5.5009,5.6024,0.0671,0.8403,0.2665,HIGH
VM_023,1378634400,4.8667,5.4798,5.4695,5.4076,5.4405,5.4589,5.3266,5.4277,5.5305,0.0665,0.8412,0.2672,HIGH
VM_023,1378634700,4.7333,5.4194,5.4142,5.3559,5.3894,5.407,5.2738,5.3749,5.4788,0.0657,0.7459,0.2558,HIGH
VM_023,1378635000,4.6333,5.4085,5.4012,5.3452,5.379,5.3937,5.2634,5.3636,5.4636,0.0646,0.7501,0.2526,HIGH
VM_023,1378635300,4.6333,5.3205,5.3199,5.268,5.302,5.3187,5.1865,5.2859,5.3887,0.0638,0.7549,0.2547,HIGH
VM_023,1378635600,4.5667,5.3213,5.3169,5.267,5.3013,5.3156,5.1866,5.285,5.3836,0.0627,0.756,0.2508,HIGH
VM_023,1378635900,4.6333,5.2499,5.2501,5.2029,5.2371,5.2538,5.1234,5.2209,5.3214,0.062,0.7578,0.2519,HIGH
VM_023,1378636200,4.7,5.2449,5.243,5.197,5.2313,5.2476,5.1186,5.2157,5.314,0.0613,0.7586,0.2499,HIGH
VM_023,1378636500,4.7667,5.1512,5.1576,5.1152,5.1509,5.1725,5.04,5.1355,5.2401,0.0613,0.7623,0.2541,HIGH
VM_023,1378636800,4.7667,5.2173,5.2147,5.1719,5.2086,5.2276,5.0996,5.1943,5.2924,0.0603,0.758,0.2478,HIGH
VM_023,1378637100,7.5667,5.3233,5.3191,5.2679,5.3027,5.332,5.1973,5.2945,5.3992,0.0628,0.8214,0.263,HIGH
VM_023,1378637400,6.8333,5.4613,5.445,5.3847,5.4255,5.4552,5.3213,5.4185,5.5243,0.0647,0.8803,0.2727,HIGH
VM_023,1378637700,4.8,5.4092,5.3973,5.3374,5.38,5.4066,5.2746,5.3699,5.4752,0.0642,0.8778,0.2719,HIGH
VM_023,1378638000,4.8667,5.3777,5.3681,5.3101,5.3528,5.3776,5.2457,5.3411,5.4454,0.0636,0.8764,0.2694,HIGH
VM_023,1378638300,4.8333,5.3233,5.3183,5.2634,5.3072,5.332,5.1988,5.2939,5.3998,0.0633,0.8806,0.2709,HIGH
VM_023,1378638600,5.6667,5.3937,5.3804,5.3237,5.3675,5.3904,5.2599,5.3551,5.4563,0.063,0.8799,0.2667,HIGH
VM_023,1378638900,9.1667,5.6449,5.6104,5.5376,5.5786,5.6057,5.4741,5.5737,5.6725,0.0669,1.191,0.31,HIGH
VM_023,1378639200,9.0667,5.8351,5.7849,5.6951,5.7348,5.7611,5.6311,5.7334,5.8351,0.0722,1.3964,0.3445,HIGH
VM_023,1378639500,6.3,5.8189,5.77,5.6767,5.7161,5.7351,5.6095,5.7109,5.8189,0.0731,1.3913,0.3487,HIGH
VM_023,1378639800,4.8667,5.7345,5.6918,5.6035,5.6414,5.6524,5.5301,5.6309,5.7345,0.0714,1.3858,0.3403,HIGH
VM_023,1378640100,4.8333,5.6167,5.5865,5.5066,5.5445,5.5532,5.4276,5.5294,5.6244,0.0694,1.3858,0.3314,HIGH
VM_023,1378640400,4.7333,5.5896,5.5586,5.4861,5.5237,5.5278,5.4067,5.5064,5.5955,0.0672,1.375,0.3239,HIGH
VM_023,1378640700,6.5,5.5604,5.5414,5.4727,5.5097,5.5216,5.3917,5.4934,5.5923,0.0676,1.3708,0.334,HIGH
VM_023,1378641000,4.7667,5.5186,5.5005,5.4395,5.4856,5.4974,5.3687,5.4658,5.5664,0.0658,1.3724,0.3372,HIGH
VM_023,1378641300,4.6,5.4757,5.4588,5.4056,5.453,5.4651,5.3389,5.4322,5.5286,0.0634,1.3804,0.3325,HIGH
VM_023,1378641600,5.0667,5.4357,5.4209,5.3717,5.4191,5.4337,5.3059,5.3985,5.494,0.0621,1.377,0.3291,HIGH
VM_023,1378641900,4.8,5.3575,5.3493,5.305,5.354,5.3719,5.2406,5.3326,5.4312,0.0616,1.3755,0.3306,HIGH
VM_023,1378642200,4.8,5.3842,5.3697,5.3277,5.3769,5.3934,5.2656,5.3562,5.4515,0.0601,1.3714,0.3249,HIGH
VM_023,1378642500,4.6,5.31,5.2993,5.2599,5.3083,5.3273,5.1979,5.2878,5.3818,0.0591,1.3723,0.322,HIGH
VM_023,1378642800,4.7667,5.3023,5.289,5.251,5.2986,5.3176,5.1887,5.2787,5.3714,0.0582,1.367,0.3181,HIGH
VM_023,1378643100,4.7,5.2631,5.2506,5.2141,5.2608,5.281,5.1514,5.2415,5.3333,0.0577,1.3652,0.3172,HIGH
VM_023,1378643400,4.7667,5.2409,5.2282,5.193,5.2392,5.2605,5.1302,5.2205,5.312,0.0573,1.3635,0.317,HIGH
VM_023,1378643700,4.8333,5.1506,5.1459,5.114,5.1619,5.1889,5.0536,5.1436,5.2399,0.0584,1.362,0.3203,HIGH
VM_023,1378644000,4.8,5.2175,5.2044,5.1734,5.2226,5.248,5.116,5.2053,5.3004,0.0577,1.3612,0.3186,HIGH
VM_023,1378644300,6.5,5.2889,5.2755,5.2395,5.2878,5.3199,5.1834,5.2743,5.3696,0.0594,1.3079,0.3162,HIGH
VM_023,1378644600,4.7,5.2419,5.2308,5.1952,5.2509,5.2847,5.1452,5.2348,5.3357,0.061,1.284,0.3207,HIGH
VM_023,1378644900,4.5667,5.2797,5.2631,5.2286,5.2852,5.3155,5.179,5.2684,5.3662,0.06,1.2896,0.3169,HIGH
VM_023,1378645200,4.9,5.2607,5.2448,5.2095,5.2656,5.2957,5.1581,5.2483,5.3442,0.0595,1.289,0.3138,HIGH
VM_023,1378645500,4.8333,5.2239,5.2104,5.1754,5.2323,5.2624,5.1224,5.214,5.3103,0.0599,1.289,0.314,HIGH
VM_023,1378645800,4.9,5.2644,5.2457,5.2101,5.2666,5.2934,5.1551,5.248,5.3429,0.0593,1.2911,0.3123,HIGH
VM_023,1378646100,4.6667,5.2301,5.2124,5.1767,5.2324,5.2577,5.1192,5.2129,5.3064,0.0589,1.0083,0.2755,HIGH
VM_023,1378646400,4.7,5.1836,5.1692,5.1346,5.1903,5.2158,5.0753,5.1701,5.2636,0.0591,0.5729,0.2205,HIGH
VM_023,1378646700,4.6333,5.189,5.1722,5.1385,5.1943,5.2175,5.0781,5.1736,5.2673,0.0588,0.5025,0.2122,HIGH
VM_023,1378647000,4.8,5.1925,5.1743,5.1403,5.1951,5.2169,5.0779,5.1743,5.2672,0.0584,0.5029,0.2124,HIGH
VM_023,1378647300,4.6,5.1958,5.1747,5.1399,5.1935,5.2118,5.0741,5.172,5.2629,0.0578,0.5067,0.2124,HIGH
VM_023,1378647600,4.8333,5.2045,5.1807,5.1443,5.1957,5.211,5.0737,5.1739,5.2623,0.0575,0.5057,0.2121,HIGH
VM_023,1378647900,6.4667,5.2826,5.2574,5.2152,5.2659,5.285,5.1432,5.2466,5.3354,0.0597,0.5011,0.2143,HIGH
VM_023,1378648200,4.7333,5.2232,5.2018,5.1609,5.2186,5.2399,5.0946,5.1966,5.2913,0.0611,0.5015,0.218,HIGH
VM_023,1378648500,4.5333,5.2833,5.2553,5.2158,5.2735,5.2878,5.1461,5.2497,5.3429,0.0605,0.5034,0.2183,HIGH
VM_023,1378648800,5.0,5.2762,5.2489,5.208,5.2642,5.2767,5.1338,5.2395,5.3305,0.0604,0.5026,0.2181,HIGH
VM_023,1378649100,4.9333,5.2485,5.2232,5.1819,5.2388,5.2504,5.105,5.2126,5.3028,0.0608,0.5023,0.2189,HIGH
VM_023,1378649400,4.8333,5.2932,5.2627,5.2207,5.2763,5.2822,5.1385,5.2488,5.3378,0.0609,0.5021,0.22,HIGH
VM_023,1378649700,4.7667,5.2911,5.2589,5.2156,5.2687,5.27,5.1272,5.24,5.3261,0.061,0.4989,0.2192,HIGH
VM_023,1378650000,6.3333,5.4293,5.3848,5.3344,5.3836,5.3801,5.2372,5.3561,5.4379,0.0636,0.5762,0.2306,HIGH
VM_023,1378650300,4.5,5.3792,5.3357,5.2841,5.3303,5.32,5.1792,5.2998,5.3792,0.0644,0.5818,0.2308,HIGH
VM_023,1378650600,4.7667,5.3643,5.32,5.2685,5.3105,5.2946,5.1547,5.2786,5.3643,0.0655,0.5818,0.2383,HIGH
VM_023,1378650900,4.7333,5.3372,5.2924,5.2416,5.281,5.2612,5.122,5.2479,5.3372,0.0662,0.5831,0.2428,HIGH
VM_023,1378651200,7.3333,5.5662,5.5012,5.4401,5.4736,5.4478,5.3096,5.4436,5.5662,0.0732,0.7565,0.2975,HIGH
VM_023,1378651500,9.3333,5.8722,5.7893,5.7077,5.738,5.7129,5.5703,5.7129,5.8722,0.0831,1.1226,0.3798,HIGH
VM_023,1378651800,4.7,5.7516,5.6768,5.5957,5.6321,5.6007,5.4591,5.5993,5.7516,0.0824,1.1226,0.3724,HIGH
VM_023,1378652100,4.5,5.6958,5.6249,5.549,5.5823,5.5417,5.4024,5.5448,5.6958,0.0829,1.1243,0.3733,HIGH
VM_023,1378652400,6.6333,5.8072,5.7276,5.6472,5.6763,5.6297,5.49,5.6386,5.8072,0.088,1.1605,0.3966,HIGH
VM_023,1378652700,8.9667,6.0697,5.9699,5.8735,5.8999,5.8489,5.7075,5.8647,6.0697,0.0983,1.3813,0.4601,HIGH
VM_023,1378653000,4.9333,5.9281,5.8385,5.7445,5.7718,5.7143,5.5765,5.7308,5.9281,0.097,1.3808,0.4517,HIGH
VM_023,1378653300,4.5333,5.8401,5.7562,5.6684,5.6922,5.6263,5.4915,5.6469,5.8401,0.0969,1.3842,0.4498,HIGH
VM_023,1378653600,4.7,5.7634,5.6831,5.6008,5.6213,5.5502,5.4176,5.5735,5.7634,0.0966,1.3842,0.4476,HIGH
VM_023,1378653900,4.5333,5.6641,5.5887,5.5129,5.5311,5.4581,5.3269,5.4818,5.6641,0.0947,1.3868,0.4412,HIGH
VM_023,1378654200,4.8333,5.6115,5.5375,5.4667,5.4819,5.4084,5.2785,5.433,5.6115,0.0936,1.3862,0.4379,HIGH
VM_023,1378654500,4.7333,5.4485,5.3881,5.3256,5.3451,5.2831,5.1475,5.297,5.4485,0.0854,1.383,0.4125,HIGH
VM_023,1378654800,6.5667,5.659,5.581,5.5166,5.5323,5.4677,5.3337,5.4876,5.659,0.0903,1.3961,0.4331,HIGH
VM_023,1378655100,6.4,5.6533,5.5811,5.5133,5.5314,5.4766,5.3376,5.4893,5.6533,0.0876,1.3941,0.4254,HIGH
VM_023,1378655400,4.8333,5.6016,5.5337,5.4701,5.4978,5.4475,5.3041,5.4527,5.6016,0.0833,1.3919,0.4109,HIGH
VM_023,1378655700,4.5667,5.5868,5.5203,5.4621,5.4904,5.4386,5.2952,5.4435,5.5868,0.0821,1.3909,0.4061,HIGH
VM_023,1378656000,5.0,5.5705,5.5051,5.4486,5.4767,5.4255,5.2806,5.4294,5.5705,0.0816,1.3909,0.4048,HIGH
VM_023,1378656300,5.9667,5.6405,5.5689,5.5095,5.5379,5.4873,5.3402,5.4915,5.6405,0.0834,1.3886,0.4127,HIGH
VM_023,1378656600,8.8,5.9819,5.883,5.8058,5.8301,5.7762,5.6273,5.7884,5.9819,0.0951,1.5296,0.4731,HIGH
VM_023,1378656900,7.6333,6.0755,5.9697,5.8777,5.9045,5.8505,5.6995,5.863,6.0755,0.1004,1.5645,0.4943,HIGH
VM_023,1378657200,4.7333,5.9566,5.8601,5.77,5.7991,5.7402,5.5914,5.7526,5.9566,0.0987,1.576,0.4873,HIGH
VM_023,1378657500,7.6333,6.161,6.0489,5.9491,5.9744,5.9095,5.7606,5.9292,6.161,0.1071,1.5968,0.5175,HIGH
VM_023,1378657800,5.0667,6.031,5.9272,5.8289,5.8559,5.7875,5.6418,5.8067,6.031,0.1053,1.5887,0.5078,HIGH
VM_023,1378658100,9.0333,6.2929,6.1723,6.0599,6.087,6.0193,5.8681,6.0413,6.2929,0.1133,1.6903,0.5486,HIGH
VM_023,1378658400,7.7,6.3917,6.2618,6.1406,6.1687,6.097,5.9497,6.1226,6.3917,0.1182,1.7037,0.5642,HIGH
VM_023,1378658700,7.4333,6.467,6.3374,6.2082,6.2368,6.1638,6.0166,6.1903,6.467,0.1209,1.587,0.5558,HIGH
VM_023,1378659000,5.4667,6.3462,6.2252,6.0991,6.1386,6.0621,5.9148,6.0845,6.3462,0.1166,1.5669,0.5378,HIGH
VM_023,1378659300,5.3667,6.2803,6.1646,6.046,6.0839,6.0016,5.8573,6.0262,6.2803,0.1149,1.5393,0.5283,HIGH
VM_023,1378659600,9.4333,6.5848,6.445,6.311,6.343,6.2566,6.1129,6.29,6.5848,0.1269,1.6821,0.5877,HIGH
VM_023,1378659900,7.4333,6.5512,6.4107,6.2704,6.3065,6.2203,6.0794,6.2524,6.5512,0.1274,1.5997,0.5792,HIGH
VM_023,1378660200,5.5,6.411,6.2818,6.1469,6.1852,6.0964,5.9583,6.1272,6.411,0.1231,1.5852,0.562,HIGH
VM_023,1378660500,9.0333,6.664,6.5151,6.3687,6.403,6.3107,6.1749,6.3487,6.664,0.1323,1.649,0.6007,HIGH
VM_023,1378660800,9.3,6.7842,6.6229,6.4631,6.4998,6.4095,6.2773,6.4484,6.7842,0.1374,1.7149,0.6201,HIGH
VM_023,1378661100,8.0667,6.7808,6.6185,6.453,6.4939,6.4033,6.2758,6.4417,6.7808,0.1377,1.6864,0.6164,HIGH
VM_023,1378661400,4.9333,6.5293,6.3869,6.2326,6.2782,6.186,6.0629,6.2201,6.5293,0.1284,1.6817,0.5918,HIGH
VM_023,1378661700,9.0667,6.7781,6.6216,6.4588,6.5063,6.4133,6.2901,6.4502,6.7781,0.1338,1.6947,0.6094,HIGH
VM_023,1378662000,9.2333,6.8567,6.6926,6.5234,6.5776,6.4916,6.3722,6.5237,6.8567,0.1337,1.7599,0.6181,HIGH
VM_023,1378662300,10.7667,7.1547,6.9778,6.7938,6.8561,6.7768,6.6607,6.8061,7.1547,0.1379,1.9157,0.6458,HIGH
VM_023,1378662600,5.4,6.7883,6.6381,6.4667,6.5553,6.4823,6.3652,6.4928,6.7883,0.122,1.889,0.5868,HIGH
VM_023,1378662900,4.5333,6.598,6.4687,6.3198,6.4061,6.3276,6.215,6.337,6.598,0.111,1.891,0.5569,HIGH
VM_023,1378663200,5.4667,6.5064,6.3873,6.2521,6.3339,6.2541,6.1452,6.2628,6.5064,0.105,1.8698,0.5398,HIGH
VM_023,1378663500,6.3333,6.4791,6.3642,6.2369,6.3182,6.2428,6.1344,6.2475,6.4791,0.1008,1.8607,0.5263,HIGH
VM_023,1378663800,4.8667,6.3095,6.2074,6.0936,6.1737,6.1041,5.9976,6.1027,6.3095,0.0925,1.8888,0.5056,HIGH
VM_023,1378664100,4.6333,6.1792,6.0887,5.989,6.0653,6.001,5.8939,5.9949,6.1792,0.0854,1.9475,0.4917,HIGH
VM_023,1378664400,4.8667,6.0947,6.0118,5.9238,5.9968,5.9404,5.8315,5.9287,6.0947,0.0795,1.9412,0.4729,HIGH
VM_023,1378664700,4.6,5.9907,5.916,5.8396,5.9102,5.8632,5.7512,5.8445,5.9907,0.0733,1.9922,0.4594,HIGH
VM_023,1378665000,5.7333,6.0135,5.9381,5.8667,5.9343,5.8972,5.7817,5.8734,6.0135,0.0708,1.9713,0.4499,HIGH
VM_023,1378665300,10.7333,6.4739,6.3644,6.2717,6.3386,6.3144,6.197,6.2895,6.4739,0.0811,2.0809,0.5034,HIGH
VM_023,1378665600,5.0667,6.2231,6.1293,6.0367,6.1144,6.1032,5.9809,6.0643,6.2231,0.0757,2.1069,0.4834,HIGH
VM_023,1378665900,7.2667,6.3938,6.2973,6.2022,6.2843,6.2848,6.1529,6.2386,6.3938,0.0775,2.105,0.4937,HIGH
VM_023,1378666200,4.7333,6.2418,6.1562,6.0695,6.1685,6.1767,6.0363,6.1164,6.2418,0.0743,2.1303,0.4795,HIGH
VM_023,1378666500,4.7,6.1999,6.1217,6.0463,6.1452,6.1505,6.0091,6.0895,6.1999,0.0702,2.1535,0.4626,HIGH
VM_023,1378666800,9.2333,6.5479,6.4469,6.3589,6.4579,6.469,6.3236,6.408,6.5479,0.0763,2.143,0.4896,HIGH
VM_023,1378667100,9.1333,6.7224,6.6068,6.5018,6.6123,6.6341,6.4833,6.5654,6.7224,0.0836,2.1948,0.5243,HIGH
VM_023,1378667400,7.7,6.7683,6.6486,6.5353,6.6539,6.6775,6.5269,6.6057,6.7683,0.0867,2.184,0.534,HIGH
VM_023,1378667700,4.6667,6.5524,6.4493,6.345,6.4671,6.485,6.3357,6.4119,6.5524,0.0821,2.1797,0.5111,HIGH
VM_023,1378668000,7.1333,6.6871,6.576,6.4709,6.5899,6.6027,6.4565,6.5349,6.6871,0.0828,2.1116,0.5091,HIGH
VM_023,1378668300,4.5,6.4551,6.359,6.2632,6.3834,6.3932,6.2489,6.3237,6.4551,0.0781,2.1307,0.4897,HIGH
VM_023,1378668600,5.0,6.393,6.3023,6.2152,6.3301,6.335,6.1925,6.269,6.393,0.0748,2.1287,0.4766,HIGH
VM_023,1378668900,5.1667,6.3155,6.2305,6.151,6.2642,6.2706,6.1258,6.2031,6.3155,0.0726,2.0702,0.4576,HIGH
VM_023,1378669200,4.8,6.2355,6.1561,6.0843,6.1949,6.2018,6.0564,6.1337,6.2355,0.07,1.9945,0.4352,HIGH
VM_023,1378669500,9.4333,6.6515,6.5477,6.4605,6.5714,6.5894,6.4412,6.52,6.6515,0.0768,1.8746,0.4537,HIGH
VM_023,1378669800,6.7,6.5959,6.4914,6.3967,6.523,6.5496,6.3941,6.469,6.5959,0.0808,1.8732,0.4611,HIGH
VM_023,1378670100,4.5,6.4564,6.3633,6.2764,6.4017,6.4203,6.2666,6.3425,6.4564,0.0769,1.8744,0.4429,HIGH
VM_023,1378670400,4.9,6.3902,6.3034,6.2237,6.3443,6.3572,6.2028,6.2827,6.3902,0.0742,1.8866,0.4316,HIGH
VM_023,1378670700,4.6667,6.2668,6.189,6.1184,6.2374,6.2509,6.0912,6.1746,6.2668,0.0725,1.9082,0.4199,HIGH
VM_023,1378671000,4.8667,6.2499,6.1731,6.1081,6.223,6.2323,6.0737,6.1596,6.2499,0.0704,1.9082,0.411,HIGH
VM_023,1378671300,7.2667,6.4252,6.3351,6.2636,6.3752,6.3855,6.2252,6.3155,6.4252,0.0728,1.9,0.4234,HIGH
VM_023,1378671600,7.2667,6.5186,6.4192,6.3378,6.4499,6.4632,6.3005,6.3931,6.5186,0.0763,1.8932,0.4383,HIGH
VM_023,1378671900,4.6,6.3376,6.2498,6.1724,6.2845,6.2962,6.1312,6.2251,6.3376,0.0748,1.8932,0.4272,HIGH
VM_023,1378672200,4.9333,6.2884,6.205,6.1327,6.2412,6.2489,6.0824,6.1807,6.2884,0.0737,1.9095,0.4213,HIGH
VM_023,1378672500,4.8,6.1789,6.1034,6.0375,6.1454,6.1555,5.9837,6.0848,6.1789,0.0727,1.6666,0.3794,HIGH
VM_023,1378672800,5.3333,6.2088,6.1313,6.0671,6.1729,6.1806,6.008,6.1125,6.2088,0.0725,1.6613,0.3762,HIGH
VM_023,1378673100,11.3667,6.8103,6.6954,6.6033,6.7128,6.731,6.5506,6.6631,6.8103,0.0839,1.9805,0.4696,HIGH
VM_023,1378673400,9.2,6.9113,6.7843,6.6706,6.799,6.8266,6.6357,6.748,6.9113,0.0933,2.051,0.5116,HIGH
VM_023,1378673700,6.7667,6.9057,6.7796,6.6604,6.7918,6.8072,6.6208,6.7346,6.9057,0.0945,2.0229,0.5112,HIGH
VM_023,1378674000,4.9,6.7163,6.6064,6.4949,6.6245,6.6287,6.4445,6.56,6.7163,0.0911,1.9525,0.4838,HIGH
VM_023,1378674300,4.6667,6.5818,6.4836,6.3838,6.5095,6.5038,6.3214,6.4398,6.5818,0.0875,1.8754,0.455,HIGH
VM_023,1378674600,4.9,6.5003,6.4082,6.3167,6.4368,6.4227,6.2445,6.3645,6.5003,0.0847,1.8551,0.45,HIGH
VM_023,1378674900,4.6667,6.392,6.3062,6.2227,6.3361,6.3164,6.1419,6.2627,6.392,0.0819,1.8551,0.4466,HIGH
VM_023,1378675200,4.8667,6.3186,6.2359,6.1582,6.2645,6.2412,6.0696,6.1917,6.3186,0.0802,1.8489,0.4457,HIGH
VM_023,1378675500,4.5333,6.2096,6.1322,6.061,6.1609,6.1366,5.9665,6.0892,6.2096,0.0781,1.8478,0.4403,HIGH
VM_023,1378675800,4.9,6.143,6.0688,6.0021,6.0964,6.0741,5.9036,6.0275,6.143,0.0766,1.8499,0.4358,HIGH
VM_023,1378676100,4.6667,5.9982,5.9332,5.8737,5.9663,5.9546,5.779,5.9015,5.9982,0.0737,1.8605,0.4142,HIGH
VM_023,1378676400,5.9667,6.1236,6.0493,5.9866,6.0773,6.067,5.8904,6.016,6.1236,0.0751,1.8481,0.4244,HIGH
VM_023,1378676700,6.4,6.1411,6.0687,6.0013,6.094,6.0965,5.914,6.0383,6.1411,0.0755,1.6902,0.3959,HIGH
VM_023,1378677000,4.8667,6.1191,6.0468,5.9794,6.0771,6.082,5.8952,6.0202,6.1191,0.0762,1.6861,0.3911,HIGH
VM_023,1378677300,4.6,6.0777,6.0086,5.9424,6.0394,6.041,5.8551,5.9813,6.0777,0.0755,1.6832,0.3905,HIGH
VM_023,1378677600,4.8,6.0277,5.9615,5.8967,5.9916,5.9934,5.8066,5.9342,6.0277,0.0749,1.6853,0.3889,HIGH
VM_023,1378677900,4.7,5.9238,5.8636,5.8032,5.8975,5.9054,5.7153,5.8422,5.9238,0.0738,1.6845,0.3789,HIGH
VM_023,1378678200,4.8667,5.9639,5.8994,5.8376,5.9302,5.9343,5.7462,5.8754,5.9639,0.0739,1.6845,0.3861,HIGH
VM_023,1378678500,4.5,5.8863,5.8254,5.7641,5.8548,5.8597,5.672,5.8009,5.8863,0.0732,1.6642,0.3809,HIGH
VM_023,1378678800,4.8333,5.8851,5.8222,5.76,5.8478,5.8516,5.6647,5.7954,5.8851,0.0733,1.6285,0.3811,HIGH
VM_023,1378679100,4.6,5.823,5.7625,5.7007,5.7862,5.7915,5.6047,5.7354,5.823,0.0728,1.6285,0.3794,HIGH
VM_023,1378679400,4.9,5.8065,5.7456,5.6829,5.7662,5.7729,5.5861,5.7177,5.8065,0.0728,1.629,0.3811,HIGH
VM_023,1378679700,4.7667,5.7602,5.7012,5.6386,5.721,5.7307,5.5432,5.6744,5.7602,0.0725,1.6296,0.3785,HIGH
VM_023,1378680000,5.0,5.7908,5.7284,5.6626,5.7436,5.7518,5.5654,5.6984,5.7908,0.0733,1.6319,0.3854,HIGH
VM_023,1378680300,9.7333,6.1241,6.0439,5.9607,6.0441,6.0687,5.8709,6.0091,6.1241,0.0797,1.3895,0.376,HIGH
VM_023,1378680600,6.9333,6.1562,6.0745,5.9833,6.0761,6.1075,5.9028,6.0405,6.1562,0.0838,1.1779,0.349,HIGH
VM_023,1378680900,5.9667,6.2228,6.1387,6.0415,6.1361,6.1569,5.9561,6.0966,6.2228,0.0854,1.1444,0.3551,HIGH
VM_023,1378681200,7.9667,6.38,6.2867,6.1784,6.2729,6.2934,6.0895,6.2349,6.38,0.09,1.2702,0.3898,HIGH
VM_023,1378681500,6.1333,6.3302,6.2414,6.1322,6.2276,6.2443,6.0412,6.1865,6.3302,0.0908,1.2707,0.3886,HIGH
VM_023,1378681800,6.1667,6.3614,6.2698,6.1584,6.2511,6.2582,6.06,6.2076,6.3614,0.0921,1.2745,0.4006,HIGH
VM_023,1378682100,4.6,6.2221,6.139,6.0329,6.1218,6.1198,5.928,6.0741,6.2221,0.0901,1.2764,0.3973,HIGH
VM_023,1378682400,4.7,6.1312,6.0526,5.9526,6.036,6.027,5.8406,5.9866,6.1312,0.0883,1.2803,0.3958,HIGH
VM_023,1378682700,4.5333,6.0235,5.9503,5.857,5.9357,5.923,5.741,5.8857,6.0235,0.0861,1.2803,0.389,HIGH
VM_023,1378683000,6.4667,6.0557,5.9798,5.8864,5.9621,5.9542,5.7712,5.9162,6.0557,0.0862,1.2903,0.3898,HIGH
VM_023,1378683300,5.0333,5.9483,5.8801,5.7918,5.8677,5.8641,5.6818,5.8228,5.9483,0.0835,1.2818,0.3725,HIGH
VM_023,1378683600,4.9,5.9469,5.8771,5.7896,5.8634,5.8553,5.6782,5.8186,5.9469,0.0828,1.2849,0.3758,HIGH
VM_023,1378683900,8.8333,6.1601,6.0801,5.9814,6.0554,6.0619,5.8771,6.0195,6.1601,0.0865,1.4452,0.4064,HIGH
VM_023,1378684200,8.5333,6.2728,6.1855,6.0793,6.1626,6.1825,5.989,6.1301,6.2728,0.0904,1.554,0.421,HIGH
VM_023,1378684500,4.5333,6.1763,6.0972,5.9936,6.0794,6.0867,5.9021,6.0399,6.1763,0.088,1.5562,0.4137,HIGH
VM_023,1378684800,12.2667,6.0195,5.9742,5.8096,5.9036,5.9137,5.7057,5.8623,6.0195,0.1036,2.0317,0.5057,HIGH
VM_023,1378685100,5.5,6.273,6.1961,6.1026,6.1968,6.1959,5.9815,6.1452,6.273,0.0924,2.0149,0.4862,HIGH
VM_023,1378685400,6.9667,6.3254,6.2501,6.1468,6.2467,6.2488,6.0389,6.1963,6.3254,0.0928,2.0048,0.481,HIGH
VM_023,1378685700,4.5,6.1046,6.0435,5.9474,6.0515,6.0578,5.8492,5.9987,6.1109,0.0889,2.0048,0.4616,HIGH
VM_023,1378686000,5.5,6.1797,6.1104,6.0138,6.1188,6.1202,5.9169,6.0661,6.1797,0.0879,1.9899,0.4606,HIGH
VM_023,1378686300,4.5,6.0703,6.0037,5.9089,6.0147,6.016,5.8179,5.9613,6.0703,0.0855,1.9935,0.4528,HIGH
VM_023,1378686600,6.4333,6.1281,6.0544,5.9563,6.0614,6.0685,5.8704,6.0125,6.1281,0.086,1.9744,0.4546,HIGH
VM_023,1378686900,6.4333,6.144,6.0673,5.9672,6.0738,6.0873,5.8893,6.0278,6.144,0.0862,1.9483,0.4488,HIGH
VM_023,1378687200,4.8667,6.0903,6.0149,5.9162,6.0235,6.034,5.8433,5.9765,6.0903,0.0843,1.9525,0.4434,HIGH
VM_023,1378687500,7.7,6.2531,6.17,6.0613,6.1682,6.1885,5.9953,6.1284,6.2531,0.0869,1.8394,0.4374,HIGH
VM_023,1378687800,9.2333,6.4442,6.3456,6.2254,6.3398,6.3737,6.1745,6.3058,6.4442,0.0928,1.9341,0.4589,HIGH
VM_023,1378688100,7.6,6.5435,6.4353,6.3057,6.4239,6.4536,6.2635,6.3899,6.5435,0.0947,1.9489,0.4765,HIGH
VM_023,1378688400,4.8333,6.3808,6.2849,6.1603,6.2792,6.3022,6.1208,6.24,6.3808,0.0911,1.9452,0.4641,HIGH
VM_023,1378688700,4.5667,6.2702,6.1841,6.0687,6.1858,6.2035,6.0276,6.1432,6.2702,0.0872,1.9765,0.4538,HIGH
VM_023,1378689000,4.8667,6.2179,6.1349,6.0247,6.1403,6.1532,5.9843,6.0961,6.2179,0.0844,1.9956,0.4489,HIGH
VM_023,1378689300,4.5,6.1256,6.0481,5.9438,6.0579,6.0673,5.904,6.012,6.1256,0.0814,1.9991,0.4395,HIGH
VM_023,1378689600,4.7333,6.0555,5.983,5.8842,5.9963,6.0053,5.8449,5.9504,6.0555,0.0792,1.9981,0.4308,HIGH
VM_023,1378689900,4.5,5.9827,5.9159,5.8228,5.9334,5.9418,5.7839,5.8871,5.9833,0.077,1.9993,0.422,HIGH
VM_023,1378690200,4.7667,5.9486,5.8842,5.794,5.9035,5.9117,5.7561,5.8576,5.9522,0.0756,2.0179,0.4216,HIGH
VM_023,1378690500,4.6333,5.8094,5.7588,5.678,5.7861,5.8027,5.6418,5.7416,5.8471,0.0746,2.0286,0.4342,HIGH
VM_023,1378690800,4.8,5.8949,5.8366,5.7544,5.8638,5.873,5.7193,5.8186,5.9136,0.0734,2.0312,0.4225,HIGH
VM_023,1378691100,6.9667,5.983,5.9347,5.8366,5.9434,5.9613,5.7976,5.9033,6.0043,0.0768,1.955,0.4217,HIGH
VM_023,1378691400,5.0667,5.9745,5.9224,5.8361,5.95,5.9781,5.8043,5.9094,6.0269,0.0792,1.8856,0.4325,HIGH
VM_023,1378691700,4.6667,5.9942,5.9406,5.8535,5.9705,5.9869,5.8205,5.9255,6.0334,0.0774,1.8818,0.4189,HIGH
VM_023,1378692000,4.9333,5.9153,5.8683,5.7828,5.8993,5.9179,5.7484,5.854,5.9664,0.0774,1.3,0.3474,HIGH
VM_023,1378692300,4.7333,5.8983,5.8519,5.7684,5.8844,5.9002,5.7313,5.8381,5.9497,0.0769,1.3106,0.3458,HIGH
VM_023,1378692600,4.9,5.9227,5.8717,5.7851,5.9007,5.9109,5.7461,5.8537,5.959,0.0763,1.2784,0.3331,HIGH
VM_023,1378692900,4.6333,5.8658,5.8167,5.7299,5.8434,5.8525,5.688,5.7962,5.9017,0.076,1.2744,0.3318,HIGH
VM_023,1378693200,4.8333,5.8565,5.8061,5.7185,5.8293,5.8362,5.673,5.7826,5.8859,0.0758,1.2801,0.3328,HIGH
VM_023,1378693500,4.5,5.8222,5.7717,5.6835,5.7919,5.7951,5.6344,5.7447,5.8455,0.0754,1.2801,0.3327,HIGH
VM_023,1378693800,4.8333,5.8205,5.7668,5.6758,5.7812,5.7809,5.623,5.7345,5.8312,0.0756,1.2658,0.3307,HIGH
VM_023,1378694100,4.7,5.715,5.6708,5.5847,5.6862,5.691,5.5289,5.6409,5.7458,0.0753,1.2499,0.3321,HIGH
VM_023,1378694400,9.2,6.09,6.0133,5.907,6.0076,6.0159,5.8544,5.9718,6.09,0.0815,1.4814,0.38,HIGH
VM_023,1378694700,8.4333,6.2216,6.1418,6.0203,6.1192,6.1411,5.9715,6.0905,6.2216,0.0871,1.5364,0.3986,HIGH
VM_023,1378695000,4.7333,6.0245,5.965,5.8552,5.9564,5.9807,5.8072,5.9227,6.0474,0.0856,1.3169,0.3677,HIGH
VM_023,1378695300,4.5667,6.0676,6.0051,5.8976,5.9995,6.0066,5.8455,5.9605,6.0697,0.0828,1.228,0.3379,HIGH
VM_023,1378695600,4.9333,5.9899,5.9337,5.8286,5.9288,5.9342,5.774,5.8882,5.9973,0.0816,1.227,0.3379,HIGH
VM_023,1378695900,4.6333,5.9334,5.8819,5.7817,5.8797,5.8822,5.7232,5.8375,5.9461,0.0802,1.2257,0.3369,HIGH
VM_023,1378696200,4.8667,5.9144,5.8636,5.7651,5.8611,5.8601,5.704,5.8183,5.9234,0.0794,1.2257,0.3352,HIGH
VM_023,1378696500,4.5,5.8422,5.7967,5.7023,5.796,5.7934,5.6383,5.7522,5.8573,0.0781,1.2257,0.3346,HIGH
VM_023,1378696800,4.7,5.8218,5.777,5.6845,5.7758,5.7706,5.6177,5.7319,5.8342,0.0773,1.2262,0.3332,HIGH
VM_023,1378697100,4.5333,5.7832,5.7397,5.6487,5.738,5.7305,5.5795,5.6937,5.794,0.0767,1.2255,0.3322,HIGH
VM_023,1378697400,6.0667,5.8679,5.8149,5.7179,5.8047,5.7976,5.6475,5.7636,5.8679,0.0785,1.2356,0.3399,HIGH
VM_023,1378697700,9.1,6.1013,6.0283,5.9154,5.999,6.0038,5.8478,5.968,6.1013,0.0848,1.459,0.3948,HIGH
VM_023,1378698000,9.4,6.338,6.2416,6.1077,6.1894,6.1994,6.0448,6.1663,6.338,0.0931,1.6633,0.4561,HIGH
VM_023,1378698300,7.6,6.283,6.2082,6.077,6.1551,6.1801,6.0129,6.1346,6.283,0.0933,1.6907,0.4379,HIGH
VM_023,1378698600,4.7333,6.1687,6.1084,5.9905,6.0734,6.0905,5.928,6.0449,6.1692,0.0889,1.6968,0.4197,HIGH
VM_023,1378698900,4.5,6.1514,6.0939,5.9823,6.0663,6.0697,5.9182,6.0322,6.1514,0.0851,1.7012,0.4096,HIGH
VM_023,1378699200,4.8667,6.0778,6.0273,5.9207,6.0034,6.0049,5.8542,5.9673,6.0778,0.0829,1.7024,0.4027,HIGH
VM_023,1378699500,4.6333,6.0124,5.9685,5.8687,5.9498,5.9494,5.799,5.9117,6.0211,0.0809,1.7048,0.401,HIGH
VM_023,1378699800,4.8667,6.0012,5.9574,5.8603,5.94,5.936,5.7888,5.901,6.0057,0.0797,1.7054,0.3983,HIGH
VM_023,1378700100,4.5,5.9251,5.8873,5.7952,5.8733,5.8684,5.7213,5.8329,5.9375,0.0781,1.7089,0.398,HIGH
VM_023,1378700400,4.7,5.9053,5.8683,5.7791,5.8553,5.8486,5.7029,5.8147,5.9164,0.0772,1.7116,0.3966,HIGH
VM_023,1378700700,4.5,5.8483,5.8156,5.7303,5.8048,5.7979,5.652,5.7637,5.8653,0.0761,1.7116,0.3961,HIGH
VM_023,1378701000,4.7667,5.8322,5.8007,5.7175,5.7902,5.7831,5.6372,5.7494,5.85,0.0756,1.713,0.3956,HIGH
VM_023,1378701300,4.6,5.8082,5.7776,5.6962,5.7676,5.7597,5.6143,5.7267,5.826,0.0751,1.7153,0.3953,HIGH
VM_023,1378701600,4.8,5.7973,5.7665,5.6857,5.7554,5.7472,5.602,5.7151,5.8133,0.075,1.5376,0.3725,HIGH
VM_023,1378701900,7.5333,5.9023,5.8722,5.7877,5.8523,5.8599,5.7035,5.8205,5.9295,0.0773,1.4698,0.3704,HIGH
VM_023,1378702200,4.7667,5.8713,5.8445,5.7635,5.8329,5.8395,5.6839,5.7983,5.912,0.077,1.4692,0.371,HIGH
VM_023,1378702500,4.5,5.8805,5.8526,5.7722,5.8426,5.8415,5.6917,5.8055,5.9118,0.0759,1.4709,0.3672,HIGH
VM_023,1378702800,4.9667,5.8598,5.8335,5.7532,5.8221,5.8213,5.6706,5.7851,5.8914,0.0758,1.4704,0.368,HIGH
VM_023,1378703100,8.9333,6.1204,6.072,5.9767,6.0422,6.0512,5.896,6.0152,6.1224,0.0809,1.6313,0.3932,HIGH
VM_023,1378703400,6.9,6.1653,6.1134,6.0104,6.0754,6.0852,5.9315,6.0495,6.1653,0.0834,1.6476,0.4036,HIGH
VM_023,1378703700,4.6,6.0688,6.0273,5.9286,5.9929,5.9967,5.8464,5.9625,6.0719,0.0817,1.6447,0.3976,HIGH
VM_023,1378704000,4.7667,6.0318,5.9949,5.9007,5.9629,5.9625,5.8148,5.9305,6.0373,0.0803,1.6431,0.3951,HIGH
VM_023,1378704300,4.6,5.9801,5.948,5.8585,5.9194,5.9157,5.7705,5.8851,5.9901,0.0788,1.6413,0.393,HIGH
VM_023,1378704600,5.7333,6.0181,5.9827,5.8924,5.9508,5.9472,5.8033,5.9182,6.0211,0.0791,1.6388,0.3919,HIGH
VM_023,1378704900,9.0,6.2272,6.1747,6.0716,6.1259,6.1323,5.9853,6.1028,6.2272,0.084,1.6297,0.4092,HIGH
VM_023,1378705200,4.8333,6.1384,6.0931,5.992,6.0479,6.0471,5.9073,6.0198,6.1384,0.0825,1.422,0.3776,HIGH
VM_023,1378705500,8.1667,6.2689,6.226,6.1212,6.1695,6.1821,6.0329,6.1497,6.2689,0.085,1.4637,0.3818,HIGH
VM_023,1378705800,7.7,6.3137,6.268,6.1601,6.2137,6.2304,6.0813,6.1947,6.3164,0.0864,1.5247,0.39,HIGH
VM_023,1378706100,5.8667,6.3261,6.2796,6.1729,6.2289,6.2367,6.0983,6.2065,6.3261,0.0845,1.5083,0.3844,HIGH
VM_023,1378706400,5.0,6.2369,6.1999,6.0984,6.1541,6.1586,6.0225,6.1284,6.2408,0.0821,1.5057,0.3758,HIGH
VM_023,1378706700,7.3667,6.3483,6.3027,6.1966,6.2493,6.2562,6.1208,6.2276,6.3483,0.0837,1.5298,0.3864,HIGH
VM_023,1378707000,4.8667,6.2484,6.2107,6.1089,6.1631,6.1647,6.0343,6.1368,6.2484,0.0814,1.5298,0.3779,HIGH
VM_023,1378707300,4.6,6.169,6.1388,6.0439,6.097,6.0947,5.9662,6.0677,6.1738,0.0789,1.5264,0.3722,HIGH
VM_023,1378707600,8.8,6.3902,6.3404,6.2337,6.2818,6.2859,6.158,6.2616,6.3902,0.0833,1.6294,0.4051,HIGH
VM_023,1378707900,7.1667,6.3936,6.3422,6.2306,6.2792,6.2843,6.1597,6.2598,6.3936,0.0846,1.619,0.4097,HIGH
VM_023,1378708200,8.4667,6.5117,6.4517,6.3316,6.377,6.3853,6.2628,6.3625,6.5117,0.0879,1.6684,0.4329,HIGH
VM_023,1378708500,12.3667,6.833,6.7459,6.6039,6.6443,6.6632,6.5452,6.6434,6.833,0.0976,2.0552,0.5281,HIGH
VM_023,1378708800,6.9667,6.6847,6.6093,6.4677,6.5145,6.5279,6.4194,6.5071,6.6847,0.0951,2.0241,0.5161,HIGH
VM_023,1378709100,7.5667,6.6543,6.603,6.4694,6.5105,6.5334,6.4112,6.504,6.6543,0.0937,2.0247,0.5006,HIGH
VM_023,1378709400,5.0,6.4445,6.4098,6.2903,6.3439,6.3619,6.2411,6.3271,6.4561,0.0878,2.0161,0.4835,HIGH
VM_023,1378709700,4.6667,6.4063,6.3747,6.2683,6.3254,6.3345,6.2236,6.3037,6.4209,0.0816,2.0087,0.4671,HIGH
VM_023,1378710000,5.0667,6.3237,6.3005,6.2029,6.2608,6.2706,6.1581,6.2368,6.3528,0.0783,2.0053,0.4608,HIGH
VM_023,1378710300,9.0,6.5078,6.4722,6.3667,6.4217,6.4407,6.324,6.4057,6.5242,0.0816,2.0086,0.4691,HIGH
VM_023,1378710600,8.2667,6.5949,6.5493,6.4353,6.4929,6.5141,6.4033,6.4799,6.5974,0.0836,2.0359,0.4762,HIGH
VM_023,1378710900,4.7,6.4133,6.3825,6.2766,6.3381,6.3544,6.2455,6.3181,6.4353,0.0797,2.0315,0.4702,HIGH
VM_023,1378711200,4.8,6.3419,6.3189,6.2214,6.2821,6.2948,6.1854,6.2587,6.3725,0.0766,2.0302,0.4619,HIGH
VM_023,1378711500,4.5667,6.2552,6.2395,6.1504,6.2118,6.2221,6.1123,6.185,6.2968,0.0739,2.0317,0.4557,HIGH
VM_023,1378711800,4.9667,6.2106,6.1987,6.1159,6.1766,6.1867,6.0756,6.1487,6.2591,0.0721,2.0533,0.4538,HIGH
VM_023,1378712100,4.6667,6.126,6.121,6.0459,6.107,6.1178,6.0037,6.0772,6.1887,0.0706,2.0286,0.4483,HIGH
VM_023,1378712400,10.25,6.4778,6.4419,6.3477,6.4034,6.4236,6.3108,6.3874,6.4954,0.0757,2.1364,0.4678,HIGH
VM_023,1378712700,8.8,6.5426,6.5111,6.4084,6.4622,6.4953,6.374,6.4519,6.5745,0.0804,2.159,0.4913,HIGH
VM_023,1378713000,5.1,6.3336,6.3172,6.2223,6.2861,6.3159,6.1925,6.2672,6.3976,0.079,2.1733,0.5,HIGH
VM_023,1378713300,4.9333,6.3241,6.3079,6.2212,6.2869,6.3087,6.1924,6.2645,6.3857,0.0754,2.1956,0.4911,HIGH
VM_023,1378713600,5.1333,6.2359,6.2278,6.1479,6.214,6.2369,6.1175,6.1898,6.3128,0.0742,2.1916,0.489,HIGH
VM_023,1378713900,5.1667,6.1369,6.1384,6.0672,6.134,6.1594,6.0343,6.108,6.2359,0.0738,2.2036,0.4929,HIGH
VM_023,1378714200,6.3667,6.2526,6.2415,6.1678,6.2352,6.2586,6.14,6.2117,6.332,0.0727,2.1765,0.4834,HIGH
VM_023,1378714500,5.1,6.1528,6.1475,6.0762,6.1447,6.1687,6.0489,6.1196,6.2419,0.072,2.1593,0.4804,HIGH
VM_023,1378714800,4.8333,6.1148,6.1105,6.0425,6.1105,6.1316,6.0133,6.084,6.2033,0.0704,2.1335,0.4711,HIGH
VM_023,1378715100,4.9333,6.0601,6.0585,5.9938,6.0611,6.082,5.9627,6.034,6.153,0.0696,2.1478,0.4703,HIGH
VM_023,1378715400,4.9667,6.0382,6.0363,5.9739,6.0404,6.0604,5.9422,6.0133,6.1304,0.0686,2.1143,0.4622,HIGH
VM_023,1378715700,5.0333,5.9485,5.9539,5.8966,5.9624,5.9862,5.8627,5.9352,6.0575,0.0692,1.662,0.4078,HIGH
VM_023,1378716000,4.9333,5.9559,5.9581,5.9032,5.9694,5.9915,5.871,5.9425,6.0612,0.068,1.6554,0.4028,HIGH
VM_023,1378716300,6.6667,5.977,5.9853,5.9309,5.9928,6.0268,5.8968,5.9717,6.1009,0.0711,1.6232,0.4116,HIGH
VM_023,1378716600,4.8,5.8516,5.8667,5.8176,5.8871,5.9234,5.791,5.863,5.9999,0.0732,1.6277,0.4218,HIGH
VM_023,1378716900,4.9,5.9067,5.9144,5.8675,5.9394,5.9709,5.8457,5.915,6.0434,0.0712,1.6217,0.4127,HIGH
VM_023,1378717200,4.9333,5.8576,5.8677,5.8215,5.8936,5.9273,5.8009,5.8697,5.9993,0.071,1.6244,0.4127,HIGH
VM_023,1378717500,6.7,5.9035,5.9097,5.86,5.9315,5.9713,5.8404,5.9115,6.0458,0.0726,1.4857,0.4019,HIGH
VM_023,1378717800,4.9333,5.9025,5.9056,5.8543,5.9279,5.9628,5.8381,5.9064,6.0359,0.071,1.3824,0.3836,HIGH
VM_023,1378718100,4.8333,5.8449,5.8509,5.8005,5.8732,5.9075,5.7829,5.8512,5.9807,0.0704,1.3792,0.3815,HIGH
VM_023,1378718400,4.6,5.806,5.8128,5.7641,5.8362,5.8684,5.7455,5.8135,5.9409,0.0693,1.3843,0.3784,HIGH
VM_023,1378718700,4.9,5.7749,5.7821,5.7346,5.8058,5.8377,5.7153,5.7833,5.9101,0.0688,1.3762,0.3758,HIGH
VM_023,1378719000,4.7,5.7316,5.7403,5.6945,5.765,5.7963,5.6748,5.7424,5.8686,0.0683,1.3819,0.375,HIGH
VM_023,1378719300,5.1333,5.6812,5.6932,5.65,5.72,5.7543,5.6305,5.6982,5.8278,0.0692,1.3728,0.3774,HIGH
VM_023,1378719600,5.5333,5.7456,5.7494,5.7039,5.7742,5.8074,5.6879,5.7543,5.8795,0.0681,0.9351,0.3182,HIGH
VM_023,1378719900,9.2333,5.9962,5.9876,5.9281,5.9932,6.0398,5.9143,5.9849,6.1171,0.0719,1.0065,0.343,HIGH
VM_023,1378720200,5.4,5.8865,5.8827,5.8198,5.8936,5.9366,5.8133,5.8798,6.0168,0.0732,1.0051,0.3496,HIGH
VM_023,1378720500,4.8333,5.8818,5.8767,5.8164,5.8903,5.9265,5.8101,5.8742,6.0038,0.0708,1.0071,0.3415,HIGH
VM_023,1378720800,5.0333,5.827,5.8253,5.767,5.8403,5.8751,5.7591,5.8229,5.9518,0.07,1.0083,0.3393,HIGH
VM_023,1378721100,5.2333,5.6706,5.6841,5.6334,5.707,5.7471,5.6231,5.688,5.8275,0.0731,1.0079,0.3498,HIGH
VM_023,1378721400,5.9,5.8204,5.8182,5.766,5.8416,5.876,5.7627,5.824,5.9521,0.0706,0.9919,0.339,HIGH
VM_023,1378721700,5.9,5.8007,5.7979,5.7428,5.8181,5.8551,5.7423,5.8019,5.9308,0.0706,0.997,0.341,HIGH
VM_023,1378722000,4.8,5.763,5.7595,5.7047,5.7799,5.8129,5.7041,5.762,5.8866,0.0685,0.9978,0.3347,HIGH
VM_023,1378722300,4.7667,5.6975,5.6978,5.6455,5.7192,5.7511,5.6422,5.7002,5.8241,0.0676,1.0016,0.3323,HIGH
VM_023,1378722600,4.5667,5.6556,5.6564,5.6069,5.6797,5.7091,5.6026,5.6597,5.7803,0.0661,1.0117,0.3286,HIGH
VM_023,1378722900,7.3667,5.7752,5.7654,5.7095,5.7799,5.8144,5.7066,5.7655,5.8866,0.0671,1.0896,0.3428,HIGH
VM_023,1378723200,4.9333,5.7156,5.7073,5.6513,5.723,5.7543,5.6505,5.7065,5.8256,0.0661,1.0896,0.3402,HIGH
VM_023,1378723500,11.5,6.1797,6.1413,6.0627,6.1254,6.168,6.0631,6.1251,6.2444,0.0712,1.6357,0.423,HIGH
VM_023,1378723800,7.7667,6.132,6.0932,6.0015,6.0735,6.1149,6.0114,6.0698,6.1973,0.0749,1.6807,0.4424,HIGH
VM_023,1378724100,4.8667,6.0242,5.9928,5.9072,5.9805,6.0118,5.9157,5.9701,6.0916,0.0717,1.6815,0.4338,HIGH
VM_023,1378724400,4.7333,5.9009,5.8817,5.8053,5.8779,5.9058,5.8081,5.8627,5.9837,0.0697,1.6862,0.4302,HIGH
VM_023,1378724700,4.9667,5.7782,5.7724,5.7066,5.7802,5.8091,5.7063,5.7614,5.8864,0.0698,1.6812,0.4322,HIGH
VM_023,1378725000,4.8667,5.7836,5.7737,5.7149,5.7902,5.8154,5.7206,5.77,5.8868,0.0674,1.6826,0.4235,HIGH
VM_023,1378725300,4.9333,5.6991,5.6943,5.6411,5.7162,5.7437,5.6479,5.6955,5.8122,0.0668,1.6805,0.4209,HIGH
VM_023,1378725600,4.6667,5.6574,5.6521,5.6035,5.6785,5.7049,5.6117,5.657,5.7694,0.0649,1.6787,0.414,HIGH
VM_023,1378725900,4.7,5.5884,5.5865,5.5424,5.6165,5.6445,5.5499,5.5948,5.7066,0.0642,1.6832,0.4117,HIGH
VM_023,1378726200,4.9667,5.5639,5.5617,5.5205,5.5938,5.6231,5.5283,5.5728,5.6828,0.0636,1.6774,0.4081,HIGH
VM_023,1378726500,5.3667,5.4995,5.5036,5.4658,5.5389,5.5742,5.4731,5.5189,5.6344,0.0657,1.6747,0.4136,HIGH
VM_023,1378726800,6.0,5.6012,5.594,5.5545,5.6284,5.6644,5.5678,5.6113,5.7218,0.0651,1.6753,0.4112,HIGH
VM_023,1378727100,9.8667,5.7873,5.7795,5.7289,5.8003,5.8536,5.7419,5.7926,5.921,0.0731,1.7369,0.4482,HIGH
VM_023,1378727400,5.1,5.73,5.7215,5.6706,5.7549,5.8034,5.698,5.741,5.8681,0.074,1.7406,0.4497,HIGH
VM_023,1378727700,4.8667,5.6876,5.682,5.6367,5.7216,5.7686,5.6655,5.706,5.8293,0.0732,1.7399,0.4445,HIGH
VM_023,1378728000,4.9,5.6297,5.6285,5.5871,5.6726,5.7193,5.6149,5.6551,5.7778,0.0728,1.7424,0.4418,HIGH
VM_023,1378728300,5.0667,5.5885,5.5902,5.5519,5.638,5.6851,5.5791,5.6195,5.7422,0.0729,1.7448,0.441,HIGH
VM_023,1378728600,4.7,5.546,5.549,5.5145,5.6013,5.6474,5.5427,5.5816,5.7021,0.0724,1.7567,0.4389,HIGH
VM_023,1378728900,4.7,5.5232,5.5245,5.4928,5.5792,5.6245,5.5221,5.5595,5.6762,0.0711,1.767,0.4347,HIGH
VM_023,1378729200,4.6333,5.4701,5.4722,5.4428,5.5282,5.5735,5.4711,5.5083,5.6233,0.0701,1.7707,0.4313,HIGH
VM_023,1378729500,4.7,5.4344,5.4366,5.4093,5.4935,5.5389,5.4364,5.4738,5.5872,0.0693,1.7722,0.4281,HIGH
VM_023,1378729800,4.8333,5.417,5.4175,5.3914,5.4746,5.5201,5.4181,5.4554,5.5668,0.0684,1.7661,0.4241,HIGH
VM_023,1378730100,6.6667,5.4398,5.4411,5.4123,5.4946,5.5477,5.4377,5.4789,5.5976,0.0714,1.7417,0.4314,HIGH
VM_023,1378730400,4.6667,5.4575,5.4531,5.4253,5.51,5.5594,5.456,5.4934,5.6061,0.0701,1.747,0.4263,HIGH
VM_023,1378730700,6.7333,5.5176,5.5174,5.4869,5.5687,5.6261,5.5146,5.5561,5.6767,0.0734,1.2437,0.3733,HIGH
VM_023,1378731000,4.7333,5.4119,5.4175,5.3881,5.4775,5.5361,5.4204,5.4612,5.5875,0.0765,1.1412,0.3673,HIGH
VM_023,1378731300,4.7333,5.4745,5.4716,5.4462,5.5369,5.591,5.4827,5.5201,5.6374,0.0747,1.1435,0.3584,HIGH
VM_023,1378731600,4.8667,5.4145,5.4144,5.39,5.4804,5.5356,5.4257,5.463,5.581,0.0744,1.1412,0.3567,HIGH
VM_023,1378731900,4.8333,5.3614,5.3648,5.3421,5.4323,5.4878,5.3751,5.4141,5.5334,0.0746,1.143,0.3568,HIGH
VM_023,1378732200,4.6,5.3622,5.3621,5.3413,5.4318,5.4845,5.3751,5.413,5.5277,0.0732,1.1482,0.3518,HIGH
VM_023,1378732500,4.7667,5.3379,5.3367,5.3168,5.4062,5.4586,5.35,5.3876,5.5005,0.0721,1.1507,0.3487,HIGH
VM_023,1378732800,4.5333,5.3049,5.3022,5.2832,5.3716,5.4222,5.315,5.3526,5.4627,0.0705,1.1539,0.3442,HIGH
VM_023,1378733100,6.0,5.3804,5.3696,5.347,5.4336,5.4849,5.3781,5.4172,5.525,0.0691,1.1584,0.3432,HIGH
VM_023,1378733400,4.7667,5.3101,5.3034,5.2802,5.3665,5.4174,5.309,5.349,5.4584,0.069,1.1615,0.3441,HIGH
VM_023,1378733700,5.9,5.3487,5.3397,5.3151,5.4005,5.4534,5.3424,5.3846,5.4954,0.0697,1.1684,0.3481,HIGH
VM_023,1378734000,5.8,5.4046,5.3896,5.3625,5.4487,5.501,5.392,5.4337,5.5425,0.0694,1.1638,0.3475,HIGH
VM_023,1378734300,7.0,5.4015,5.3982,5.368,5.4539,5.5162,5.394,5.4413,5.5662,0.0761,0.7458,0.3164,HIGH
VM_023,1378734600,7.4667,5.6009,5.5807,5.5441,5.6393,5.7019,5.5812,5.6274,5.7513,0.0786,0.8803,0.3405,HIGH
VM_023,1378734900,8.1,5.7984,5.7616,5.7158,5.8133,5.8759,5.7605,5.8043,5.9246,0.0786,1.0475,0.3639,HIGH
VM_023,1378735200,4.7667,5.6392,5.6144,5.5695,5.6695,5.7276,5.6124,5.6542,5.776,0.0773,1.0507,0.3622,HIGH
VM_023,1378735500,4.8667,5.607,5.5848,5.5439,5.6427,5.6949,5.5813,5.624,5.7412,0.075,1.0542,0.355,HIGH
VM_023,1378735800,4.7333,5.5375,5.5201,5.4837,5.5821,5.6312,5.5179,5.5604,5.6757,0.0739,1.0533,0.3503,HIGH
VM_023,1378736100,4.9,5.5152,5.4975,5.4652,5.5624,5.6092,5.4984,5.5397,5.6509,0.0723,1.0483,0.3435,HIGH
VM_023,1378736400,4.6,5.4591,5.442,5.4138,5.5097,5.5544,5.4462,5.4859,5.593,0.0706,1.0494,0.3367,HIGH
VM_023,1378736700,5.9,5.504,5.4817,5.4527,5.5465,5.5917,5.484,5.5244,5.629,0.0694,1.0433,0.3331,HIGH
VM_023,1378737000,5.6333,5.5102,5.4852,5.4546,5.5478,5.5931,5.486,5.5263,5.6293,0.0687,1.0355,0.3304,HIGH
VM_023,1378737300,5.8667,5.5129,5.4881,5.456,5.5485,5.5957,5.4858,5.5278,5.6323,0.0692,1.0082,0.3292,HIGH
VM_023,1378737600,4.8333,5.4762,5.452,5.4223,5.515,5.5606,5.4527,5.4931,5.595,0.0683,1.0032,0.3247,HIGH
VM_023,1378737900,10.6333,5.9111,5.8657,5.8184,5.9076,5.9623,5.847,5.8962,6.0031,0.073,1.4399,0.3991,HIGH
VM_023,1378738200,4.7,5.7032,5.6683,5.6193,5.7218,5.7757,5.6601,5.7025,5.8163,0.0752,1.4408,0.4063,HIGH
VM_023,1378738500,5.4333,5.7304,5.6938,5.6502,5.7503,5.7997,5.6867,5.7295,5.8368,0.0732,1.4292,0.3968,HIGH
VM_023,1378738800,4.8667,5.6531,5.6218,5.5823,5.6828,5.7302,5.6171,5.6589,5.7646,0.072,1.4292,0.3919,HIGH
VM_023,1378739100,4.9667,5.6129,5.5839,5.5482,5.648,5.6938,5.5804,5.6225,5.7256,0.0708,1.4262,0.3865,HIGH
VM_023,1378739400,4.6667,5.5726,5.5428,5.5112,5.6102,5.6529,5.543,5.5832,5.6808,0.0685,1.4241,0.3774,HIGH
VM_023,1378739700,4.7333,5.516,5.488,5.4594,5.5564,5.5984,5.4885,5.5288,5.6236,0.067,1.425,0.3716,HIGH
VM_023,1378740000,4.6,5.4641,5.4369,5.4113,5.5067,5.5477,5.4379,5.4786,5.5703,0.0655,1.4228,0.3653,HIGH
VM_023,1378740300,4.9333,5.4401,5.4127,5.3889,5.4826,5.5243,5.4134,5.4551,5.5449,0.0648,1.4282,0.3626,HIGH
VM_023,1378740600,4.7,5.397,5.3707,5.3491,5.4416,5.4844,5.3723,5.4145,5.5034,0.0645,1.43,0.3604,HIGH
VM_023,1378740900,8.7,5.6839,5.6378,5.6039,5.6952,5.7447,5.6289,5.6757,5.7647,0.0664,1.5629,0.3854,HIGH
VM_023,1378741200,4.6333,5.5542,5.5153,5.48,5.5756,5.6249,5.5094,5.553,5.645,0.0668,1.5785,0.3895,HIGH
VM_023,1378741500,7.8667,5.7836,5.7388,5.6952,5.7886,5.8441,5.7199,5.7711,5.8686,0.0708,1.6195,0.4086,HIGH
VM_023,1378741800,5.9333,5.7231,5.6822,5.6345,5.74,5.8006,5.6681,5.7189,5.8276,0.0764,1.577,0.4198,HIGH
VM_023,1378742100,5.4,5.7801,5.7339,5.6908,5.7976,5.8519,5.7259,5.7739,5.8744,0.0743,1.4883,0.3988,HIGH
VM_023,1378742400,6.1667,5.8063,5.7586,5.7127,5.8193,5.8726,5.7454,5.795,5.8941,0.0735,1.4843,0.3962,HIGH
VM_023,1378742700,7.4,5.9435,5.887,5.8319,5.9396,5.9937,5.8641,5.9169,6.0168,0.0748,1.5199,0.4055,HIGH
VM_023,1378743000,4.6667,5.8286,5.7782,5.7246,5.8351,5.8835,5.7574,5.8072,5.9048,0.0727,1.5218,0.3998,HIGH
VM_023,1378743300,6.6667,5.9428,5.8833,5.8252,5.9321,5.9772,5.8532,5.9057,5.9976,0.0713,1.5243,0.3948,HIGH
VM_023,1378743600,4.5667,5.8049,5.7534,5.6971,5.8052,5.8466,5.7234,5.7747,5.866,0.0695,1.5254,0.3906,HIGH
VM_023,1378743900,5.9333,5.8619,5.8057,5.7482,5.8533,5.8922,5.7698,5.8235,5.9103,0.0684,1.5256,0.3857,HIGH
VM_023,1378744200,8.7667,6.1245,6.048,5.9752,6.0789,6.1212,5.9998,6.0557,6.1405,0.0718,1.6429,0.4068,HIGH
VM_023,1378744500,6.4667,6.0709,5.9987,5.9191,6.028,6.0734,5.9492,6.0035,6.0955,0.0745,1.6469,0.4178,HIGH
VM_023,1378744800,4.6333,5.9659,5.9011,5.827,5.9369,5.9763,5.8551,5.9074,5.9958,0.0718,1.6531,0.4111,HIGH
VM_023,1378745100,8.2667,6.265,6.1883,6.104,6.2115,6.2557,6.1315,6.1881,6.2776,0.0764,1.4127,0.3911,HIGH
VM_023,1378745400,8.3667,6.3883,6.2994,6.1996,6.3211,6.3721,6.2456,6.2981,6.3962,0.0837,1.4829,0.4196,HIGH
VM_023,1378745700,4.8,6.2076,6.1316,6.0384,6.1651,6.2106,6.0879,6.1345,6.2313,0.0808,1.4985,0.4155,HIGH
VM_023,1378746000,4.9,6.1442,6.0751,5.9889,6.1133,6.152,6.0307,6.0783,6.1688,0.0769,1.4975,0.4034,HIGH
VM_023,1378746300,5.0667,6.0854,6.0227,5.9418,6.0669,6.1047,5.9809,6.029,6.1189,0.0758,1.4948,0.4001,HIGH
VM_023,1378746600,4.8,6.0259,5.967,5.8934,6.018,6.0537,5.9317,5.9778,6.0633,0.0735,1.49,0.3913,HIGH
VM_023,1378746900,4.9,5.9723,5.9176,5.8497,5.9728,6.0094,5.8863,5.9319,6.015,0.072,1.4844,0.3851,HIGH
VM_023,1378747200,7.0333,6.1288,6.0636,5.9908,6.1134,6.1552,6.0313,6.0768,6.158,0.0737,1.4703,0.3855,HIGH
VM_023,1378747500,5.6333,6.0891,6.0254,5.9516,6.0773,6.123,5.9988,6.0406,6.1232,0.0746,1.4537,0.3852,HIGH
VM_023,1378747800,4.7,6.0128,5.9543,5.8846,6.0101,6.0553,5.9304,5.9716,6.0553,0.0731,1.4537,0.3824,HIGH
VM_023,1378748100,6.4333,6.1225,6.0576,5.985,6.1104,6.1603,6.0325,6.0749,6.1603,0.0747,1.3467,0.3732,HIGH
VM_023,1378748400,5.9667,6.138,6.0715,5.9965,6.1252,6.1792,6.0496,6.0902,6.1792,0.0765,1.315,0.3743,HIGH
VM_023,1378748700,6.7,6.2692,6.2022,6.1224,6.2555,6.3203,6.1815,6.2239,6.3203,0.0828,1.2658,0.3852,HIGH
VM_023,1378749000,4.6667,6.12,6.0625,5.9873,6.1358,6.2054,6.0553,6.097,6.2054,0.0884,1.2951,0.404,HIGH
VM_023,1378749300,4.8,6.1619,6.1052,6.0395,6.1884,6.2494,6.1034,6.1447,6.2494,0.0846,1.3119,0.3953,HIGH
VM_023,1378749600,4.7667,6.0961,6.0461,5.9852,6.1346,6.1953,6.0444,6.088,6.1953,0.084,1.3319,0.3955,HIGH
VM_023,1378749900,4.9333,6.0956,6.046,5.9891,6.1384,6.1972,6.0446,6.0901,6.1972,0.0827,1.3036,0.3878,HIGH
VM_023,1378750200,5.7333,6.1618,6.1072,6.0495,6.1982,6.2569,6.1036,6.1505,6.2569,0.0816,1.2825,0.3824,HIGH
VM_023,1378750500,4.7667,6.1062,6.0534,5.9967,6.1447,6.2014,6.0482,6.0955,6.2014,0.0799,1.2861,0.378,HIGH
VM_023,1378750800,4.5667,6.0575,6.0057,5.9517,6.0965,6.1495,5.9962,6.0462,6.1495,0.0773,1.2861,0.3705,HIGH
VM_023,1378751100,4.7333,6.0394,5.9858,5.9335,6.0744,6.1239,5.9717,6.024,6.1239,0.0745,1.3012,0.3645,HIGH
VM_023,1378751400,4.7333,6.0014,5.9473,5.8959,6.0329,6.0806,5.9276,5.9829,6.0806,0.0727,1.1356,0.3373,HIGH
VM_023,1378751700,4.8333,5.9575,5.9041,5.8538,5.9882,6.0374,5.8801,5.9394,6.0374,0.0727,1.125,0.3354,HIGH
VM_023,1378752000,4.7,5.944,5.8892,5.84,5.972,6.0182,5.8606,5.923,6.0182,0.0713,1.123,0.3296,HIGH
VM_023,1378752300,10.2667,6.5231,6.4361,6.3619,6.4952,6.557,6.3912,6.46,6.557,0.0788,1.3848,0.3809,HIGH
VM_023,1378752600,9.0,6.6983,6.5946,6.4925,6.6428,6.716,6.5407,6.6095,6.716,0.0897,1.4458,0.4148,HIGH
VM_023,1378752900,8.8,6.9407,6.8185,6.6946,6.849,6.9162,6.7453,6.8161,6.9407,0.0939,1.5788,0.4519,HIGH
VM_023,1378753200,4.8,6.667,6.5639,6.4427,6.6027,6.6595,6.4859,6.5585,6.667,0.0926,1.5813,0.4376,HIGH
VM_023,1378753500,4.8667,6.5972,6.5015,6.3895,6.5477,6.5897,6.4174,6.4956,6.5972,0.0889,1.5854,0.4263,HIGH
VM_023,1378753800,4.7,6.4909,6.4027,6.3003,6.4556,6.4851,6.3171,6.397,6.4909,0.0844,1.588,0.4111,HIGH
VM_023,1378754100,4.7667,6.4032,6.3201,6.2256,6.3758,6.3957,6.2319,6.3136,6.4032,0.0803,1.5912,0.399,HIGH
VM_023,1378754400,4.6667,6.3045,6.2261,6.1391,6.2841,6.2975,6.1366,6.2197,6.3045,0.0768,1.5785,0.3856,HIGH
VM_023,1378754700,4.8333,6.2375,6.1615,6.0802,6.2201,6.23,6.0714,6.1555,6.2375,0.0743,1.5863,0.3784,HIGH
VM_023,1378755000,4.6667,6.1552,6.0827,6.0067,6.1421,6.1502,5.993,6.0777,6.1552,0.0721,1.5872,0.3699,HIGH
VM_023,1378755300,4.8333,6.071,6.0034,5.9327,6.066,6.0785,5.9173,6.0033,6.0787,0.0718,1.5829,0.3678,HIGH
VM_023,1378755600,4.7333,6.0548,5.9864,5.9192,6.05,6.0599,5.9013,5.9875,6.0628,0.0701,1.5873,0.3636,HIGH
VM_023,1378755900,6.7,6.1897,6.1169,6.0444,6.1769,6.1991,6.0332,6.1207,6.2014,0.0739,1.5873,0.3767,HIGH
VM_023,1378756200,4.6333,6.0031,5.9389,5.8699,6.0141,6.0473,5.8692,5.9558,6.0473,0.0792,1.588,0.3957,HIGH
VM_023,1378756500,6.7667,6.3133,6.2314,6.1571,6.3021,6.3254,6.1527,6.2432,6.3314,0.0778,1.6036,0.3892,HIGH
VM_023,1378756800,8.3333,6.5323,6.4355,6.3426,6.4918,6.5227,6.3458,6.4376,6.5323,0.0825,1.6923,0.4117,HIGH
VM_023,1378757100,4.8667,6.3481,6.2622,6.1689,6.3233,6.3543,6.1746,6.2647,6.3543,0.0833,1.6936,0.4102,HIGH
VM_023,1378757400,4.7333,6.3272,6.2427,6.1537,6.305,6.3247,6.1511,6.2425,6.3272,0.0799,1.7045,0.3996,HIGH
VM_023,1378757700,4.7667,6.2535,6.1722,6.0862,6.2339,6.2481,6.0785,6.1698,6.2535,0.0773,1.7045,0.3927,HIGH
VM_023,1378758000,4.5667,6.164,6.0859,6.0042,6.1476,6.1577,5.9915,6.0828,6.164,0.0749,1.7045,0.3853,HIGH
VM_023,1378758300,4.7667,6.1,6.0237,5.9453,6.0847,6.0937,5.9298,6.0208,6.1,0.0733,1.7038,0.3805,HIGH
VM_023,1378758600,4.7333,6.0434,5.9684,5.8923,6.0281,6.0361,5.8748,5.9653,6.0434,0.0718,1.7038,0.3766,HIGH
VM_023,1378758900,4.8333,5.9964,5.9221,5.8475,5.9803,5.989,5.8291,5.9193,5.9964,0.0708,1.7038,0.374,HIGH
VM_023,1378759200,4.6,5.928,5.8561,5.7835,5.9139,5.9232,5.7644,5.8541,5.928,0.0699,1.7063,0.3703,HIGH
VM_023,1378759500,6.5667,6.0336,5.9579,5.8803,6.0129,6.0353,5.8701,5.9599,6.0362,0.0736,1.4112,0.3448,HIGH
VM_023,1378759800,4.6333,5.9447,5.8723,5.7959,5.9362,5.9624,5.7926,5.8811,5.965,0.076,1.204,0.3295,HIGH
VM_023,1378760100,5.0,6.0085,5.9322,5.8544,5.9948,6.0126,5.8483,5.9377,6.0172,0.0741,0.9457,0.2868,HIGH
VM_023,1378760400,4.8,5.941,5.8685,5.7903,5.9303,5.9484,5.7834,5.873,5.951,0.0737,0.9457,0.284,HIGH
VM_023,1378760700,4.8333,5.8861,5.8161,5.7401,5.88,5.9005,5.7333,5.8234,5.9045,0.0741,0.9461,0.2874,HIGH
VM_023,1378761000,4.7,5.8867,5.815,5.7391,5.8781,5.8941,5.7307,5.8209,5.8982,0.0727,0.9461,0.2806,HIGH
VM_023,1378761300,4.7667,5.8464,5.7757,5.6992,5.8366,5.8521,5.6903,5.7802,5.8564,0.072,0.9461,0.2777,HIGH
VM_023,1378761600,4.6,5.7754,5.7077,5.6331,5.7692,5.7866,5.6242,5.7139,5.7938,0.0718,0.9477,0.2811,HIGH
VM_023,1378761900,4.7667,5.8053,5.7331,5.6565,5.7906,5.8029,5.646,5.7357,5.8087,0.0704,0.9487,0.2713,HIGH
VM_023,1378762200,4.5667,5.7236,5.655,5.5782,5.7104,5.7244,5.5677,5.6568,5.7328,0.07,0.951,0.2737,HIGH
VM_023,1378762500,7.3333,5.9409,5.8568,5.7705,5.9027,5.9235,5.7645,5.8556,5.9409,0.0732,1.0491,0.2982,HIGH
VM_023,1378762800,9.1,6.2598,6.1526,6.0445,6.1802,6.2104,6.049,6.1411,6.2598,0.0804,1.3058,0.3671,HIGH
VM_023,1378763100,10.2,6.6181,6.4913,6.3549,6.4987,6.5465,6.3771,6.4693,6.6181,0.0923,1.6145,0.4517,HIGH
VM_023,1378763400,4.6667,6.3311,6.2246,6.0936,6.2486,6.2934,6.121,6.2086,6.3311,0.0928,1.6137,0.4386,HIGH
VM_023,1378763700,4.7,6.3322,6.2272,6.1022,6.2548,6.2799,6.1211,6.2077,6.3322,0.0873,1.6017,0.4272,HIGH
VM_023,1378764000,6.1667,6.3406,6.2353,6.1101,6.2611,6.2846,6.1279,6.2138,6.3406,0.0869,1.4909,0.4132,HIGH
VM_023,1378764300,5.6667,6.2655,6.1669,6.0466,6.1984,6.2242,6.0652,6.15,6.2655,0.0868,1.4878,0.4068,HIGH
VM_023,1378764600,4.7333,6.2044,6.109,5.9945,6.1446,6.1618,6.0116,6.093,6.2044,0.0832,1.4878,0.3975,HIGH
VM_023,1378764900,5.5667,6.1829,6.0888,5.9769,6.1247,6.1418,5.9943,6.0738,6.1829,0.0819,1.4814,0.3928,HIGH
VM_023,1378765200,7.0333,6.2941,6.1918,6.0758,6.2236,6.246,6.0987,6.1768,6.2941,0.0838,1.5027,0.4055,HIGH
VM_023,1378765500,4.7333,6.1578,6.0651,5.9538,6.102,6.1241,5.9793,6.0532,6.1578,0.0821,1.5035,0.3951,HIGH
VM_023,1378765800,4.7333,6.0985,6.0107,5.9052,6.0511,6.0705,5.929,6.0013,6.0985,0.0795,1.5035,0.3855,HIGH
VM_023,1378766100,5.8667,6.1291,6.0397,5.9353,6.0804,6.1037,5.9623,6.0331,6.1291,0.0796,1.4967,0.3845,HIGH
VM_023,1378766400,4.6667,6.0579,5.9724,5.8712,6.0157,6.037,5.8994,5.9672,6.0579,0.0778,1.4949,0.3772,HIGH
VM_023,1378766700,8.0333,6.2887,6.1943,6.0841,6.2307,6.2678,6.1234,6.191,6.2887,0.0832,1.5645,0.4027,HIGH
VM_023,1378767000,4.5667,6.0776,5.9982,5.8961,6.0503,6.0954,5.9404,6.0068,6.1199,0.0866,1.5664,0.4234,HIGH
VM_023,1378767300,4.7,6.1297,6.0475,5.9491,6.1041,6.1368,5.9917,6.0566,6.1557,0.0823,1.5731,0.4048,HIGH
VM_023,1378767600,4.8667,6.0657,5.988,5.8922,6.0469,6.0792,5.9342,5.9984,6.0969,0.0809,1.5716,0.4002,HIGH
VM_023,1378767900,4.9333,5.9646,5.896,5.8076,5.9612,6.0003,5.8471,5.9135,6.0224,0.0823,1.5695,0.4103,HIGH
VM_023,1378768200,4.6333,6.0043,5.932,5.8452,5.9989,6.0298,5.8834,5.9492,6.0485,0.0793,1.5713,0.3967,HIGH
VM_023,1378768500,4.7667,5.9484,5.8792,5.7936,5.9459,5.9773,5.8308,5.8964,5.9958,0.0783,1.5713,0.3938,HIGH
VM_023,1378768800,4.6,5.9325,5.8627,5.778,5.9281,5.9565,5.8122,5.8784,5.9742,0.0765,1.5713,0.3865,HIGH
VM_023,1378769100,4.7,5.8797,5.8132,5.7301,5.8775,5.9071,5.7613,5.8287,5.9262,0.076,1.573,0.3865,HIGH
VM_023,1378769400,4.9,5.8672,5.8017,5.7193,5.8645,5.8945,5.7476,5.8168,5.9151,0.0758,1.5645,0.385,HIGH
VM_023,1378769700,5.3,5.8943,5.8267,5.7424,5.8867,5.9174,5.77,5.8405,5.9386,0.076,1.5245,0.3794,HIGH
VM_023,1378770000,6.6333,6.0303,5.9529,5.8607,6.0052,6.0394,5.8909,5.9627,6.0599,0.0778,1.3498,0.3582,HIGH
VM_023,1378770300,8.4333,6.2869,6.1977,6.0888,6.236,6.284,6.1282,6.2017,6.3056,0.084,1.1072,0.3433,HIGH
VM_023,1378770600,5.9667,6.2419,6.1565,6.0456,6.1983,6.2508,6.0876,6.162,6.2797,0.0882,1.1015,0.3617,HIGH
VM_023,1378770900,4.7667,6.1959,6.1156,6.0071,6.16,6.2017,6.0434,6.1185,6.231,0.0857,1.0996,0.3527,HIGH
VM_023,1378771200,9.4667,6.0657,6.022,5.8473,6.0007,6.0401,5.8502,5.9576,6.0816,0.099,1.3662,0.4083,HIGH
VM_023,1378771500,4.8667,6.2624,6.1907,6.0929,6.2425,6.2705,6.0752,6.1891,6.313,0.0874,1.3741,0.3821,HIGH
VM_023,1378771800,4.7,6.1916,6.1305,6.028,6.1829,6.2027,6.0151,6.1243,6.2436,0.0859,1.375,0.3751,HIGH
VM_023,1378772100,4.7,6.137,6.0788,5.9763,6.1322,6.1484,5.9615,6.0715,6.1899,0.085,1.3861,0.3723,HIGH
VM_023,1378772400,4.5333,6.0741,6.0184,5.9176,6.073,6.0844,5.8994,6.0102,6.1265,0.0837,1.3615,0.3633,HIGH
VM_023,1378772700,4.7,6.0555,5.9977,5.8957,6.0501,6.0548,5.8748,5.986,6.096,0.0823,1.3622,0.3535,HIGH
VM_023,1378773000,8.4333,6.2838,6.2089,6.0942,6.2486,6.2629,6.0782,6.1923,6.3034,0.0862,1.4852,0.3755,HIGH
VM_023,1378773300,9.2667,6.4963,6.4052,6.2745,6.4316,6.46,6.2686,6.3835,6.5029,0.0926,1.6657,0.4173,HIGH
VM_023,1378773600,9.1667,6.7262,6.6122,6.4606,6.6206,6.652,6.4647,6.5784,6.7262,0.0986,1.7912,0.4638,HIGH
VM_023,1378773900,8.0333,6.7959,6.6844,6.5225,6.6839,6.7261,6.533,6.6454,6.7959,0.1032,1.7912,0.4784,HIGH
VM_023,1378774200,4.5667,6.511,6.424,6.2807,6.4451,6.4843,6.29,6.398,6.5407,0.1003,1.7912,0.4758,HIGH
VM_023,1378774500,4.7333,6.4827,6.4014,6.2691,6.433,6.4553,6.2735,6.3793,6.5094,0.0947,1.7903,0.4568,HIGH
VM_023,1378774800,4.7667,6.4043,6.3279,6.2007,6.3645,6.3782,6.2048,6.307,6.4305,0.0913,1.7929,0.4458,HIGH
VM_023,1378775100,4.8333,6.3145,6.2444,6.1236,6.2853,6.2964,6.1256,6.2263,6.3491,0.0891,1.7953,0.4424,HIGH
VM_023,1378775400,4.7667,6.2624,6.1948,6.0781,6.2379,6.2431,6.0781,6.1772,6.2954,0.0868,1.7915,0.4339,HIGH
VM_023,1378775700,5.2667,6.2368,6.1694,6.0532,6.2111,6.2143,6.0529,6.1508,6.2661,0.0857,1.7806,0.4281,HIGH
VM_023,1378776000,4.6333,6.1626,6.0984,5.9846,6.1402,6.1394,5.9816,6.0788,6.1918,0.0841,1.7795,0.4228,HIGH
VM_023,1378776300,4.7,6.1084,6.0455,5.9329,6.0856,6.0803,5.9268,6.0236,6.1326,0.0826,1.7795,0.4159,HIGH
VM_023,1378776600,4.7333,6.0322,5.9748,5.865,6.0138,6.008,5.8544,5.9522,6.0622,0.0817,1.784,0.4153,HIGH
VM_023,1378776900,5.0,5.9699,5.9197,5.8148,5.9597,5.9575,5.8009,5.8998,6.0148,0.0815,1.7896,0.4208,HIGH
VM_023,1378777200,4.6667,5.9675,5.9155,5.8099,5.9542,5.9444,5.7938,5.8928,6.0011,0.0803,1.7996,0.4126,HIGH
VM_023,1378777500,6.6667,6.0585,6.0065,5.8941,6.0365,6.0349,5.8786,5.9803,6.0936,0.0825,1.7226,0.411,HIGH
VM_023,1378777800,4.7,5.9071,5.8688,5.7662,5.908,5.9178,5.7512,5.8529,5.9841,0.0845,1.735,0.4342,HIGH
VM_023,1378778100,4.8,5.9871,5.9422,5.8383,5.9828,5.9767,5.8206,5.9231,6.0398,0.082,1.7342,0.4149,HIGH
VM_023,1378778400,5.1667,5.9269,5.8864,5.781,5.9249,5.9198,5.7617,5.865,5.9842,0.0823,1.5388,0.391,HIGH
VM_023,1378778700,9.2667,6.222,6.1589,6.0386,6.1836,6.1896,6.0254,6.1329,6.2542,0.0873,1.7105,0.4227,HIGH
VM_023,1378779000,6.9667,6.2684,6.199,6.068,6.2156,6.2231,6.0593,6.1657,6.2893,0.0902,1.7155,0.4299,HIGH
VM_023,1378779300,4.7333,6.1607,6.0998,5.9706,6.1166,6.1185,5.9568,6.063,6.1862,0.0889,1.7146,0.4272,HIGH
VM_023,1378779600,4.6,6.1083,6.0499,5.9229,6.0663,6.0592,5.9023,6.0094,6.1265,0.0872,1.7125,0.4167,HIGH
VM_023,1378779900,4.8,6.0404,5.9864,5.862,6.0018,5.9908,5.8353,5.9436,6.059,0.0862,1.7098,0.4118,HIGH
VM_023,1378780200,4.6333,5.9735,5.9245,5.8038,5.9398,5.9249,5.7707,5.8803,5.9942,0.085,1.6297,0.3969,HIGH
VM_023,1378780500,4.8667,5.9222,5.8778,5.7609,5.8933,5.877,5.7229,5.8337,5.9477,0.0841,1.4411,0.3726,HIGH
VM_023,1378780800,4.7,5.8923,5.848,5.7319,5.8622,5.8401,5.6899,5.8014,5.9107,0.0834,1.2119,0.3415,HIGH
VM_023,1378781100,6.7333,5.9493,5.9102,5.7929,5.9188,5.9095,5.7494,5.8642,5.9841,0.0852,1.1078,0.3346,HIGH
VM_023,1378781400,4.5667,5.858,5.8283,5.721,5.8476,5.8427,5.6787,5.792,5.9214,0.0849,1.1078,0.3454,HIGH
VM_023,1378781700,4.6333,5.8927,5.8594,5.752,5.8809,5.8624,5.7076,5.8209,5.9379,0.083,1.1099,0.3307,HIGH
VM_023,1378782000,4.9,5.832,5.8024,5.6949,5.8227,5.8041,5.648,5.7622,5.8798,0.0828,1.1079,0.3319,HIGH
VM_023,1378782300,5.6667,5.8562,5.8249,5.717,5.8429,5.8268,5.6679,5.7843,5.9035,0.0834,1.1083,0.3339,HIGH
VM_023,1378782600,4.7333,5.8374,5.8051,5.696,5.8212,5.7997,5.6442,5.761,5.8761,0.0831,1.1089,0.333,HIGH
VM_023,1378782900,4.6667,5.795,5.7631,5.653,5.776,5.7508,5.5971,5.715,5.827,0.0829,1.1154,0.3335,HIGH
VM_023,1378783200,4.6333,5.7416,5.7126,5.6041,5.7236,5.6976,5.5432,5.6627,5.7749,0.0827,1.1154,0.3342,HIGH
VM_023,1378783500,6.1667,5.8188,5.7818,5.6685,5.7861,5.7611,5.6063,5.7281,5.8386,0.0842,1.1252,0.3367,HIGH
VM_023,1378783800,6.3333,5.8864,5.8402,5.7185,5.8354,5.8103,5.6566,5.7797,5.8882,0.0865,1.138,0.3401,HIGH
VM_023,1378784100,6.4333,5.9145,5.8661,5.7403,5.855,5.8353,5.678,5.8023,5.9151,0.0882,1.1559,0.3461,HIGH
VM_023,1378784400,4.7333,5.8675,5.8231,5.6992,5.8125,5.7882,5.6339,5.7576,5.8688,0.0876,1.1541,0.3449,HIGH
VM_023,1378784700,9.8,6.171,6.1121,5.974,6.084,6.0781,5.9123,6.0414,6.171,0.0935,1.4424,0.3976,HIGH
VM_023,1378785000,6.9,6.1138,6.0651,5.9347,6.0477,6.0547,5.8814,6.006,6.145,0.0937,1.4557,0.4069,HIGH
VM_023,1378785300,4.7,6.1315,6.0823,5.9552,6.0722,6.0596,5.9017,6.0223,6.1452,0.0901,1.4584,0.3882,HIGH
VM_023,1378785600,4.8333,6.0532,6.0099,5.8848,6.0014,5.9847,5.8289,5.9484,6.0685,0.0886,1.4647,0.3875,HIGH
VM_023,1378785900,4.8333,6.0008,5.9631,5.8434,5.9574,5.9395,5.7829,5.903,6.0232,0.0874,1.2491,0.3594,HIGH
VM_023,1378786200,4.7667,5.9773,5.9403,5.8233,5.936,5.9127,5.76,5.8797,5.9951,0.0862,1.2124,0.3521,HIGH
VM_023,1378786500,4.8,5.8845,5.8587,5.75,5.8591,5.8399,5.6829,5.8028,5.9237,0.0848,1.211,0.3534,HIGH
VM_023,1378786800,4.7333,5.8889,5.8631,5.7585,5.8665,5.8426,5.6894,5.809,5.9253,0.0835,1.2077,0.3498,HIGH
VM_023,1378787100,8.0667,6.0945,6.0468,5.928,6.0358,6.0161,5.864,5.9851,6.097,0.0872,1.321,0.3654,HIGH
VM_023,1378787400,4.8333,6.0038,5.9603,5.8404,5.9482,5.9254,5.7756,5.8948,6.0068,0.087,1.316,0.3655,HIGH
VM_023,1378787700,4.7333,5.9318,5.8973,5.7837,5.8875,5.8654,5.7131,5.8333,5.9477,0.0857,1.319,0.3663,HIGH
VM_023,1378788000,4.8333,5.9349,5.8993,5.7875,5.8901,5.8627,5.7147,5.8346,5.9438,0.085,1.3158,0.3632,HIGH
VM_023,1378788300,6.4,6.0186,5.9831,5.8676,5.9661,5.9443,5.7919,5.9146,6.0264,0.0865,1.3039,0.365,HIGH
VM_023,1378788600,4.7333,5.9153,5.8921,5.7869,5.8858,5.871,5.7129,5.8336,5.9566,0.0849,1.2993,0.3671,HIGH
VM_023,1378788900,4.7,5.9422,5.9179,5.8164,5.9163,5.893,5.7418,5.8612,5.9762,0.0833,1.2974,0.3616,HIGH
VM_023,1378789200,4.9333,5.9069,5.885,5.7847,5.8841,5.8599,5.7094,5.8282,5.9424,0.0827,1.2968,0.3613,HIGH
VM_023,1378789500,4.7,5.8414,5.8278,5.734,5.8308,5.8102,5.656,5.7752,5.8937,0.0818,1.3063,0.3636,HIGH
VM_023,1378789800,4.8667,5.8634,5.8477,5.7555,5.852,5.8278,5.6769,5.7957,5.9101,0.0812,1.3034,0.3609,HIGH
VM_023,1378790100,4.6333,5.8176,5.8052,5.7151,5.8105,5.786,5.6353,5.7537,5.8682,0.0807,1.3043,0.361,HIGH
VM_023,1378790400,4.7333,5.8026,5.7906,5.7019,5.7958,5.7701,5.6201,5.7389,5.8522,0.0803,1.3017,0.36,HIGH
VM_023,1378790700,4.6,5.7703,5.7604,5.6736,5.7658,5.7395,5.59,5.7089,5.8218,0.0799,1.3043,0.3601,HIGH
VM_023,1378791000,4.8,5.7656,5.7553,5.669,5.7595,5.7321,5.5835,5.7029,5.8143,0.0798,1.2942,0.3584,HIGH
VM_023,1378791300,4.6667,5.684,5.6844,5.6054,5.6929,5.6727,5.5184,5.6377,5.7571,0.0792,1.2793,0.3585,HIGH
VM_023,1378791600,4.8333,5.7425,5.7382,5.6599,5.7475,5.7231,5.5733,5.6922,5.8064,0.0787,1.2777,0.3553,HIGH
VM_023,1378791900,6.4,5.8041,5.8046,5.7253,5.8091,5.7968,5.6383,5.7596,5.8832,0.0801,0.8799,0.3097,HIGH
VM_023,1378792200,4.8667,5.7792,5.784,5.7103,5.797,5.7901,5.6293,5.7476,5.8784,0.08,0.7955,0.299,HIGH
VM_023,1378792500,4.9,5.841,5.8408,5.7664,5.8555,5.8416,5.6875,5.8042,5.9276,0.079,0.7928,0.2942,HIGH
VM_023,1378792800,6.0667,5.8992,5.8942,5.8148,5.9032,5.893,5.7377,5.8547,5.9791,0.0797,0.8178,0.2993,HIGH
VM_023,1378793100,6.0667,5.8951,5.8947,5.817,5.9037,5.9033,5.7412,5.8584,5.9922,0.0808,0.8387,0.3055,HIGH
VM_023,1378793400,6.3,6.0449,6.0313,5.9477,6.0356,6.0311,5.8759,5.9916,6.1184,0.0807,0.8659,0.3056,HIGH
VM_023,1378793700,4.8667,5.9669,5.9611,5.879,5.9667,5.9629,5.8077,5.9212,6.0513,0.0802,0.8647,0.306,HIGH
VM_023,1378794000,6.5,6.1007,6.0825,5.9946,6.0808,6.0765,5.9252,6.0385,6.164,0.0806,0.8961,0.308,HIGH
VM_023,1378794300,4.6,6.0289,6.0158,5.9292,6.0156,6.0079,5.8601,5.9704,6.0955,0.0795,0.6838,0.2795,HIGH
VM_023,1378794600,6.2333,6.1197,6.0975,6.0066,6.0905,6.0827,5.938,6.0481,6.1698,0.0799,0.7148,0.2819,HIGH
VM_023,1378794900,8.9667,6.3007,6.2634,6.1603,6.2408,6.2451,6.0969,6.208,6.3355,0.0838,1.0408,0.3328,HIGH
VM_023,1378795200,5.4333,6.24,6.2094,6.1082,6.191,6.1912,6.0495,6.1545,6.2821,0.0822,1.0342,0.3325,HIGH
VM_023,1378795500,10.8,6.5744,6.5313,6.418,6.4919,6.5147,6.3627,6.4719,6.6124,0.0885,1.5019,0.4186,HIGH
VM_023,1378795800,9.2,6.5996,6.5518,6.4302,6.5124,6.5428,6.3946,6.4947,6.6454,0.0913,1.6594,0.4595,HIGH
VM_023,1378796100,5.5667,6.5584,6.5132,6.3963,6.4845,6.5004,6.3714,6.4596,6.5979,0.0863,1.6443,0.4437,HIGH
VM_023,1378796400,5.0333,6.4753,6.44,6.3291,6.4178,6.4298,6.3053,6.389,6.5238,0.083,1.6421,0.4368,HIGH
VM_023,1378796700,5.1,6.3426,6.3271,6.2281,6.3155,6.3325,6.1999,6.284,6.4264,0.0817,1.6322,0.4415,HIGH
VM_023,1378797000,4.8,6.3535,6.3395,6.2488,6.3393,6.3499,6.2264,6.3042,6.4384,0.0784,1.634,0.4326,HIGH
VM_023,1378797300,4.5667,6.2737,6.2678,6.1853,6.2775,6.2889,6.1664,6.24,6.3736,0.0766,1.6362,0.4298,HIGH
VM_023,1378797600,4.7,6.2335,6.233,6.1577,6.2505,6.2629,6.1402,6.2117,6.3443,0.0755,1.6372,0.4271,HIGH
VM_023,1378797900,4.5,6.2027,6.2045,6.1349,6.2293,6.241,6.1204,6.1888,6.3186,0.0741,1.6406,0.4228,HIGH
VM_023,1378798200,4.8667,6.1892,6.1925,6.1265,6.2212,6.2348,6.1138,6.1807,6.3098,0.0736,1.6388,0.4207,HIGH
VM_023,1378798500,5.5,6.1804,6.1858,6.1222,6.2166,6.236,6.1106,6.1778,6.3102,0.0745,1.6219,0.4223,HIGH
VM_023,1378798800,9.3,6.4815,6.4572,6.376,6.47,6.4967,6.3762,6.442,6.5709,0.0764,1.7501,0.4448,HIGH
VM_023,1378799100,10.8,6.7547,6.7162,6.6135,6.7033,6.7491,6.6225,6.6894,6.831,0.084,2.0011,0.5028,HIGH
VM_023,1378799400,5.3667,6.5058,6.4834,6.382,6.4827,6.5254,6.3999,6.46,6.6094,0.0845,1.9888,0.5096,HIGH
VM_023,1378799700,4.7,6.4724,6.4543,6.3624,6.4648,6.497,6.3807,6.4365,6.5761,0.0805,1.9952,0.4978,HIGH
VM_023,1378800000,6.7667,6.5232,6.5027,6.41,6.5116,6.5472,6.4307,6.4857,6.6255,0.0811,1.9976,0.5,HIGH
VM_023,1378800300,4.9333,6.3566,6.3537,6.2704,6.3736,6.412,6.2893,6.3437,6.4902,0.0817,2.016,0.507,HIGH
VM_023,1378800600,4.8667,6.3625,6.3599,6.2841,6.3896,6.423,6.3073,6.357,6.4964,0.0796,2.0348,0.5012,HIGH
VM_023,1378800900,4.7333,6.2952,6.2981,6.2287,6.3356,6.3699,6.254,6.3013,6.4402,0.0792,2.0387,0.4988,HIGH
VM_023,1378801200,4.8,6.2449,6.2532,6.1899,6.297,6.333,6.2149,6.2618,6.4013,0.0793,2.0558,0.4997,HIGH
VM_023,1378801500,4.7333,6.2015,6.2139,6.1566,6.2644,6.3018,6.1823,6.2282,6.3678,0.0796,2.0518,0.4979,HIGH
VM_023,1378801800,4.9,6.1819,6.1966,6.1438,6.2521,6.2919,6.1713,6.2162,6.356,0.0801,2.0658,0.4992,HIGH
VM_023,1378802100,4.6667,6.0936,6.1171,6.0713,6.1793,6.2247,6.0977,6.1435,6.2884,0.0825,1.9858,0.4929,HIGH
VM_023,1378802400,4.8667,6.1156,6.1367,6.0948,6.2046,6.2506,6.1257,6.1692,6.3115,0.0826,1.9944,0.4916,HIGH
VM_023,1378802700,7.2667,6.2374,6.2586,6.2139,6.3197,6.3815,6.2462,6.2931,6.446,0.0873,1.7242,0.4727,HIGH
VM_023,1378803000,4.7333,6.1556,6.1776,6.1325,6.2469,6.3084,6.1751,6.2172,6.3722,0.089,1.5622,0.4553,HIGH
VM_023,1378803300,4.7333,6.1687,6.1875,6.1446,6.2608,6.3185,6.1899,6.2299,6.379,0.0876,1.5699,0.4494,HIGH
VM_023,1378803600,5.1,6.1569,6.1757,6.1323,6.2484,6.3076,6.1776,6.2181,6.3679,0.0875,1.5692,0.4488,HIGH
VM_023,1378803900,4.7667,5.9721,6.0077,5.9713,6.0846,6.1516,6.0091,6.0544,6.2167,0.0923,1.5741,0.461,HIGH
VM_023,1378804200,4.8333,6.085,6.1082,6.0741,6.1912,6.2503,6.1196,6.1601,6.3104,0.0894,1.5735,0.4496,HIGH
VM_023,1378804500,4.7333,6.0183,6.045,6.0111,6.1281,6.1906,6.0578,6.0977,6.2508,0.0902,1.5697,0.4507,HIGH
VM_023,1378804800,4.7,6.016,6.0401,6.0064,6.1232,6.1841,6.053,6.0929,6.2436,0.089,1.5697,0.4471,HIGH
VM_023,1378805100,4.8333,6.0316,6.0502,6.0144,6.1311,6.1895,6.0621,6.1011,6.248,0.0869,1.5623,0.4412,HIGH
VM_023,1378805400,8.2333,6.215,6.2161,6.166,6.2798,6.346,6.216,6.2585,6.4078,0.0866,1.6534,0.4608,HIGH
VM_023,1378805700,4.7333,6.0708,6.0822,6.0316,6.1464,6.21,6.0795,6.1215,6.2749,0.0871,1.6632,0.4652,HIGH
VM_023,1378806000,4.8,6.0537,6.066,6.0191,6.1325,6.1923,6.0654,6.1066,6.2565,0.0859,1.4687,0.4361,HIGH
VM_023,1378806300,10.1,6.3832,6.3776,6.3149,6.4225,6.4981,6.3647,6.4109,6.5695,0.0899,1.3597,0.442,HIGH
VM_023,1378806600,7.2333,6.3108,6.3037,6.2305,6.3465,6.4228,6.2919,6.3334,6.499,0.0928,1.4119,0.4614,HIGH
VM_023,1378806900,4.6667,6.2427,6.2384,6.1703,6.2889,6.353,6.2344,6.2698,6.4256,0.0894,1.4127,0.4495,HIGH
VM_023,1378807200,5.0,6.1689,6.1721,6.109,6.2258,6.2884,6.1697,6.2049,6.3604,0.0888,1.3867,0.4433,HIGH
VM_023,1378807500,4.6667,6.0239,6.0411,5.9867,6.1025,6.1661,6.0425,6.0788,6.2388,0.0906,1.3915,0.4465,HIGH
VM_023,1378807800,5.2667,6.1006,6.1084,6.0571,6.175,6.2332,6.1209,6.151,6.3009,0.0883,1.3877,0.4367,HIGH
VM_023,1378808100,4.6333,6.0044,6.0175,5.9695,6.0876,6.1469,6.0345,6.0625,6.213,0.0885,1.3898,0.4352,HIGH
VM_023,1378808400,5.4,6.016,6.0264,5.9793,6.0963,6.156,6.045,6.0724,6.2207,0.0877,1.3844,0.4319,HIGH
VM_023,1378808700,4.5333,5.9239,5.9407,5.8976,6.0145,6.0748,5.9626,5.9892,6.1384,0.0883,1.3892,0.4319,HIGH
VM_023,1378809000,4.9333,5.9294,5.9442,5.9038,6.0202,6.0802,5.9708,5.9955,6.1413,0.0876,1.3887,0.4281,HIGH
VM_023,1378809300,5.2667,5.853,5.8744,5.8367,5.9517,6.0177,5.9021,5.9284,6.0798,0.0902,1.3804,0.4329,HIGH
VM_023,1378809600,4.9333,5.8791,5.8959,5.8604,5.9769,6.0413,5.9314,5.9538,6.1,0.0895,1.3793,0.4283,HIGH
VM_023,1378809900,7.2,5.9565,5.9766,5.9379,6.0502,6.1282,6.0079,6.0345,6.1918,0.0944,1.3755,0.4443,HIGH
VM_023,1378810200,5.0,5.8442,5.8693,5.831,5.9507,6.0301,5.9085,5.9321,6.0938,0.0977,1.3708,0.4503,HIGH
VM_023,1378810500,6.3333,5.9969,6.0077,5.9679,6.0903,6.1678,6.0546,6.074,6.2271,0.0965,1.3744,0.4457,HIGH
VM_023,1378810800,5.0,5.9019,5.92,5.8801,6.0035,6.0834,5.9676,5.9861,6.1429,0.0977,1.3758,0.4481,HIGH
VM_023,1378811100,5.4333,5.9177,5.9332,5.8932,6.0169,6.0952,5.9806,5.9993,6.1537,0.0968,1.3672,0.4444,HIGH
VM_023,1378811400,4.9,5.9055,5.9193,5.8796,6.0041,6.0797,5.9691,5.9855,6.1359,0.0953,1.3659,0.4392,HIGH
VM_023,1378811700,4.6,5.8471,5.8631,5.8253,5.9488,6.0225,5.9125,5.9289,6.0777,0.0941,1.3695,0.4356,HIGH
VM_023,1378812000,4.7,5.829,5.8433,5.8072,5.9295,6.0008,5.8934,5.9091,6.0543,0.0923,1.3695,0.43,HIGH
VM_023,1378812300,4.6333,5.774,5.7899,5.7559,5.8766,5.9471,5.8393,5.8555,5.9997,0.0914,1.3744,0.4275,HIGH
VM_023,1378812600,4.9333,5.7603,5.7754,5.7428,5.8617,5.9322,5.825,5.8413,5.9837,0.0906,1.2493,0.4088,HIGH
VM_023,1378812900,4.7,5.6748,5.6961,5.6664,5.7837,5.8565,5.7455,5.7632,5.9083,0.0917,1.2501,0.4107,HIGH
VM_023,1378813200,4.8333,5.6875,5.7055,5.6785,5.7957,5.8678,5.7599,5.7758,5.9171,0.0913,1.2494,0.407,HIGH
VM_023,1378813500,6.4667,5.6742,5.7028,5.6753,5.7881,5.873,5.7523,5.7736,5.9284,0.0972,0.7855,0.3653,HIGH
VM_023,1378813800,6.0667,5.7416,5.7615,5.7306,5.8514,5.9375,5.8196,5.8373,5.991,0.0992,0.6851,0.3566,HIGH
VM_023,1378814100,4.5667,5.723,5.7419,5.7136,5.8377,5.9208,5.8085,5.8215,5.9702,0.0989,0.6886,0.3515,HIGH
VM_023,1378814400,5.0,5.6952,5.7165,5.6894,5.8126,5.898,5.7833,5.797,5.9466,0.0993,0.6886,0.3512,HIGH
VM_023,1378814700,4.7,5.6514,5.6749,5.649,5.7727,5.8569,5.7412,5.7557,5.9048,0.0991,0.6876,0.3493,HIGH
VM_023,1378815000,4.9333,5.67,5.6901,5.665,5.7887,5.8715,5.7584,5.7718,5.9174,0.098,0.6889,0.3453,HIGH
VM_023,1378815300,4.7667,5.6489,5.6677,5.6427,5.7661,5.8477,5.736,5.7489,5.8925,0.0968,0.685,0.3414,HIGH
VM_023,1378815600,4.7667,5.6314,5.6486,5.6238,5.746,5.8262,5.7155,5.7287,5.8701,0.0952,0.6876,0.3378,HIGH
VM_023,1378815900,4.5333,5.5616,5.5826,5.5592,5.6795,5.7593,5.6467,5.6616,5.8035,0.0947,0.6876,0.3365,HIGH
VM_023,1378816200,4.8667,5.5279,5.5516,5.53,5.6485,5.7297,5.6149,5.6313,5.7741,0.0953,0.6885,0.3374,HIGH
VM_023,1378816500,4.6333,5.5158,5.5381,5.5187,5.6375,5.7178,5.605,5.6202,5.7605,0.0951,0.6952,0.3356,HIGH
VM_023,1378816800,5.2667,5.539,5.5578,5.5381,5.6564,5.7384,5.6262,5.6409,5.7801,0.095,0.695,0.3349,HIGH
VM_023,1378817100,7.4,5.6883,5.7037,5.6765,5.7924,5.8835,5.7643,5.7833,5.9298,0.0976,0.7217,0.3514,HIGH
VM_023,1378817400,4.9333,5.6089,5.6269,5.5956,5.7184,5.8086,5.6888,5.7061,5.855,0.099,0.7223,0.3555,HIGH
VM_023,1378817700,4.5667,5.6276,5.6415,5.6141,5.7376,5.8224,5.7085,5.7234,5.8651,0.0971,0.6826,0.342,HIGH
VM_023,1378818000,4.6167,5.5268,5.5487,5.5235,5.6455,5.7319,5.6132,5.6303,5.7755,0.098,0.6883,0.3443,HIGH
VM_023,1378818300,4.6667,5.4739,5.5001,5.478,5.5997,5.6859,5.5651,5.5836,5.7294,0.0989,0.6868,0.3444,HIGH
VM_023,1378818600,4.9,5.5149,5.5367,5.5172,5.6403,5.7252,5.608,5.6243,5.7658,0.0988,0.6868,0.3405,HIGH
VM_023,1378818900,4.7667,5.4976,5.5185,5.4999,5.6234,5.7088,5.5923,5.6074,5.7478,0.0986,0.6834,0.338,HIGH
VM_023,1378819200,4.9333,5.5057,5.524,5.5053,5.6285,5.7137,5.598,5.6129,5.7514,0.0976,0.6804,0.3347,HIGH
VM_023,1378819500,4.5,5.4669,5.4857,5.4674,5.5899,5.6737,5.5584,5.5735,5.7106,0.0965,0.6842,0.332,HIGH
VM_023,1378819800,4.8667,5.4859,5.5008,5.4827,5.604,5.6865,5.5731,5.5881,5.7222,0.0948,0.6847,0.3278,HIGH
VM_023,1378820100,4.8333,5.4294,5.4476,5.4288,5.5487,5.6326,5.5158,5.5329,5.6693,0.0948,0.6826,0.329,HIGH
VM_023,1378820400,4.9333,5.4551,5.4695,5.4511,5.5705,5.6531,5.5383,5.5552,5.6884,0.0937,0.6818,0.3256,HIGH
VM_023,1378820700,6.4333,5.549,5.5633,5.5404,5.6575,5.7472,5.6261,5.6468,5.7864,0.0961,0.6787,0.3359,HIGH
VM_023,1378821000,5.0,5.501,5.516,5.4889,5.6118,5.7019,5.5791,5.5992,5.741,0.0974,0.641,0.3351,HIGH
VM_023,1378821300,4.5333,5.5166,5.528,5.5046,5.6282,5.7134,5.5952,5.6137,5.7495,0.0959,0.6419,0.328,HIGH
VM_023,1378821600,5.0667,5.5068,5.5186,5.4956,5.6181,5.7045,5.5847,5.604,5.7402,0.0957,0.6422,0.3273,HIGH
VM_023,1378821900,4.7,5.3682,5.3917,5.369,5.4907,5.5805,5.452,5.4756,5.6195,0.0982,0.6422,0.3349,HIGH
VM_023,1378822200,4.8667,5.4984,5.5097,5.4908,5.6147,5.6983,5.5787,5.599,5.732,0.096,0.6425,0.3241,HIGH
VM_023,1378822500,5.1,5.4444,5.4595,5.4392,5.5626,5.6501,5.5261,5.5475,5.6846,0.097,0.6415,0.3275,HIGH
VM_023,1378822800,4.7667,5.4746,5.485,5.4652,5.5889,5.6729,5.552,5.573,5.7053,0.0949,0.6415,0.3213,HIGH
VM_023,1378823100,4.5667,5.4382,5.449,5.4293,5.552,5.6341,5.5133,5.5351,5.6661,0.0934,0.6405,0.3177,HIGH
VM_023,1378823400,4.9,5.4558,5.4634,5.4433,5.5644,5.6446,5.5248,5.5476,5.6758,0.0913,0.6403,0.3133,HIGH
VM_023,1378823700,4.6333,5.3785,5.3917,5.3711,5.4907,5.5722,5.4479,5.4735,5.6048,0.0916,0.6403,0.3155,HIGH
VM_023,1378824000,4.8667,5.4326,5.4398,5.42,5.5392,5.6172,5.4961,5.5219,5.6478,0.0896,0.6379,0.3091,HIGH
VM_023,1378824300,6.3,5.5201,5.5271,5.5025,5.6193,5.7033,5.5758,5.6059,5.7378,0.0915,0.4746,0.2975,HIGH
VM_023,1378824600,4.7333,5.4735,5.4811,5.4528,5.5749,5.6586,5.5294,5.5592,5.6923,0.0921,0.4762,0.2999,HIGH
VM_023,1378824900,4.6,5.5098,5.5124,5.4865,5.6081,5.6851,5.5601,5.5903,5.7161,0.0891,0.4752,0.2902,HIGH
VM_023,1378825200,5.0667,5.4912,5.4953,5.468,5.5879,5.665,5.5366,5.5698,5.6967,0.0882,0.4716,0.2893,HIGH
VM_023,1378825500,4.7333,5.4516,5.4581,5.4302,5.5495,5.6248,5.4938,5.5301,5.6574,0.0875,0.4701,0.2885,HIGH
VM_023,1378825800,4.8667,5.5062,5.5066,5.4792,5.5977,5.6673,5.5396,5.577,5.6979,0.0844,0.4703,0.28,HIGH
VM_023,1378826100,4.6333,5.4635,5.4652,5.437,5.5538,5.6204,5.4914,5.5316,5.6515,0.0825,0.4732,0.2768,HIGH
VM_023,1378826400,4.8667,5.4918,5.4886,5.4596,5.5743,5.6354,5.508,5.551,5.6659,0.0791,0.4734,0.2691,HIGH
VM_023,1378826700,4.6,5.457,5.4537,5.4236,5.5361,5.593,5.465,5.5111,5.6239,0.0765,0.4699,0.2636,HIGH
VM_023,1378827000,4.9333,5.464,5.4587,5.4273,5.5372,5.5912,5.4622,5.5119,5.6225,0.0744,0.4696,0.2598,HIGH
VM_023,1378827300,7.2,5.5803,5.5682,5.5276,5.6359,5.6979,5.5606,5.6161,5.7327,0.0766,0.6574,0.2953,HIGH
VM_023,1378827600,6.8333,5.7441,5.7191,5.6692,5.7784,5.8364,5.7012,5.7594,5.8714,0.0748,0.7519,0.3054,HIGH
VM_023,1378827900,6.8333,5.8301,5.8061,5.7465,5.8544,5.917,5.7742,5.838,5.958,0.0777,0.786,0.3234,HIGH
VM_023,1378828200,4.8,5.7281,5.7104,5.649,5.7635,5.8237,5.6778,5.7416,5.8644,0.0788,0.7886,0.3271,HIGH
VM_023,1378828500,4.5333,5.7674,5.7461,5.6897,5.8025,5.8481,5.7086,5.7749,5.8851,0.0736,0.7886,0.3089,HIGH
VM_023,1378828800,4.9667,5.7374,5.7185,5.6624,5.7726,5.8141,5.6727,5.7426,5.8509,0.0717,0.7892,0.3035,HIGH
VM_023,1378829100,4.6333,5.6758,5.6606,5.6061,5.7153,5.754,5.61,5.6829,5.7911,0.0709,0.7908,0.3012,HIGH
VM_023,1378829400,4.9667,5.7138,5.6949,5.6418,5.749,5.7816,5.639,5.7148,5.8168,0.0686,0.7897,0.292,HIGH
VM_023,1378829700,4.6,5.6629,5.6463,5.5941,5.6998,5.7289,5.5853,5.6635,5.7638,0.0673,0.7969,0.288,HIGH
VM_023,1378830000,4.9667,5.6824,5.6629,5.6108,5.7141,5.739,5.5954,5.677,5.773,0.0657,0.7943,0.2809,HIGH
VM_023,1378830300,7.0,5.8507,5.8183,5.7573,5.8582,5.8837,5.7371,5.8245,5.9185,0.0663,0.8733,0.291,HIGH
VM_023,1378830600,4.9667,5.8077,5.7765,5.7122,5.8134,5.8335,5.6877,5.7766,5.8687,0.0652,0.8724,0.2866,HIGH
VM_023,1378830900,5.7333,5.8123,5.7813,5.7141,5.8138,5.8367,5.6854,5.7781,5.8736,0.0668,0.8694,0.2913,HIGH
VM_023,1378831200,4.9333,5.844,5.8091,5.742,5.8407,5.8538,5.7067,5.8016,5.8886,0.0647,0.8682,0.2789,HIGH
VM_023,1378831500,7.0333,6.0106,5.9686,5.8929,5.9882,6.0062,5.8526,5.9539,6.045,0.068,0.9178,0.294,HIGH
VM_023,1378831800,4.8667,5.9052,5.8676,5.7893,5.8921,5.9098,5.7537,5.8534,5.9479,0.0689,0.9147,0.2979,HIGH
VM_023,1378832100,4.7,5.9254,5.8854,5.8101,5.91,5.9152,5.7633,5.8668,5.951,0.0666,0.9116,0.2814,HIGH
VM_023,1378832400,5.2667,5.9158,5.8759,5.7998,5.8974,5.9,5.7465,5.8532,5.9358,0.0665,0.9103,0.2772,HIGH
VM_023,1378832700,4.8667,5.8438,5.8076,5.7332,5.8307,5.8341,5.6777,5.7855,5.8706,0.0666,0.907,0.2785,HIGH
VM_023,1378833000,4.9,5.8518,5.814,5.7416,5.8376,5.8361,5.6811,5.7909,5.8712,0.0658,0.9063,0.2708,HIGH
VM_023,1378833300,4.6333,5.7977,5.7621,5.6916,5.7864,5.7821,5.6273,5.7382,5.8167,0.0651,0.9063,0.2662,HIGH
VM_023,1378833600,4.8667,5.7839,5.7477,5.6782,5.7715,5.7651,5.6102,5.7229,5.7992,0.0648,0.9063,0.2638,HIGH
VM_023,1378833900,4.5333,5.7396,5.7039,5.6358,5.7278,5.718,5.5643,5.6779,5.7516,0.0641,0.9087,0.2628,HIGH
VM_023,1378834200,4.9333,5.73,5.6934,5.6251,5.7154,5.7049,5.5508,5.666,5.7385,0.0641,0.9087,0.2631,HIGH
VM_023,1378834500,4.7,5.6258,5.5951,5.5285,5.62,5.6173,5.4588,5.5725,5.6529,0.0644,0.8224,0.2571,HIGH
VM_023,1378834800,4.9,5.7065,5.6695,5.6028,5.6931,5.6825,5.5275,5.6443,5.7158,0.0641,0.7479,0.243,HIGH
VM_023,1378835100,6.4,5.8079,5.7683,5.6944,5.7844,5.7821,5.6203,5.7405,5.8193,0.0669,0.7093,0.2463,HIGH
VM_023,1378835400,4.8333,5.7674,5.728,5.6507,5.7472,5.745,5.5814,5.7008,5.7817,0.0677,0.7087,0.2473,HIGH
VM_023,1378835700,4.5,5.7713,5.7306,5.6532,5.7485,5.7355,5.5752,5.6982,5.7716,0.0675,0.7099,0.2444,HIGH
VM_023,1378836000,4.9667,5.751,5.7104,5.6314,5.7251,5.7102,5.5492,5.6744,5.751,0.068,0.7099,0.2486,HIGH
VM_023,1378836300,4.7333,5.6736,5.6359,5.5576,5.6517,5.6392,5.4762,5.6014,5.679,0.0679,0.7072,0.2491,HIGH
VM_023,1378836600,4.8667,5.698,5.6566,5.578,5.6705,5.6521,5.4917,5.6193,5.698,0.0682,0.7085,0.252,HIGH
VM_023,1378836900,4.6333,5.6497,5.6088,5.5289,5.6202,5.5979,5.4395,5.5679,5.6497,0.0683,0.7074,0.2549,HIGH
VM_023,1378837200,4.8333,5.6266,5.5841,5.5029,5.5922,5.5675,5.4106,5.5403,5.6266,0.0686,0.7092,0.2596,HIGH
VM_023,1378837500,4.5667,5.5849,5.5409,5.4586,5.5459,5.5165,5.3631,5.4935,5.5849,0.0688,0.5911,0.249,HIGH
VM_023,1378837800,4.9,5.5677,5.5208,5.436,5.5206,5.4881,5.3374,5.4689,5.5677,0.0696,0.5914,0.2557,HIGH
VM_023,1378838100,4.6333,5.4391,5.3987,5.3152,5.4001,5.3763,5.223,5.3513,5.4391,0.068,0.5749,0.2424,HIGH
VM_023,1378838400,4.8667,5.5045,5.4567,5.3711,5.4538,5.4219,5.2739,5.4048,5.5045,0.0693,0.5751,0.2538,HIGH
VM_023,1378838700,6.5,5.5383,5.4925,5.4006,5.485,5.4698,5.313,5.4432,5.5383,0.0706,0.4963,0.2396,HIGH
VM_023,1378839000,4.8,5.5499,5.5018,5.4075,5.4974,5.4802,5.3239,5.4537,5.5499,0.0711,0.4968,0.2402,HIGH
VM_023,1378839300,4.5667,5.5419,5.4944,5.3986,5.4885,5.4631,5.3098,5.4416,5.5419,0.0715,0.5003,0.2454,HIGH
VM_023,1378839600,4.9667,5.5228,5.476,5.3784,5.468,5.4422,5.2885,5.4211,5.5228,0.0719,0.4951,0.2465,HIGH
VM_023,1378839900,4.6333,5.4687,5.4234,5.3263,5.4163,5.3902,5.237,5.369,5.4687,0.0716,0.4983,0.2449,HIGH
VM_023,1378840200,4.8,5.4793,5.4307,5.3322,5.4208,5.3891,5.2394,5.3728,5.4793,0.0722,0.4987,0.2513,HIGH
VM_023,1378840500,4.5,5.4198,5.3714,5.2719,5.3591,5.3237,5.1774,5.3103,5.4198,0.0723,0.5026,0.2537,HIGH
VM_023,1378840800,4.8,5.3998,5.3482,5.247,5.3318,5.2932,5.1503,5.2836,5.3998,0.0729,0.5029,0.2593,HIGH
VM_023,1378841100,4.5333,5.3144,5.265,5.1641,5.2476,5.2106,5.0695,5.2007,5.3144,0.072,0.5029,0.2557,HIGH
VM_023,1378841400,5.0667,5.3416,5.2863,5.1824,5.2634,5.2229,5.0859,5.2179,5.3416,0.0733,0.5041,0.2644,HIGH
VM_023,1378841700,4.7333,5.157,5.1148,5.0157,5.0997,5.078,4.9342,5.0588,5.157,0.0694,0.5036,0.2386,HIGH
VM_023,1378842000,4.8333,5.2933,5.241,5.1399,5.223,5.1903,5.0532,5.1811,5.2933,0.0708,0.5038,0.2521,HIGH
VM_023,1378842300,6.3,5.3261,5.2768,5.1696,5.256,5.2366,5.0924,5.2189,5.3261,0.072,0.491,0.2455,HIGH
VM_023,1378842600,4.7,5.3093,5.2615,5.1548,5.2482,5.233,5.086,5.21,5.3093,0.0718,0.4925,0.2375,HIGH
VM_023,1378842900,4.5,5.3558,5.306,5.1982,5.2929,5.2667,5.1244,5.2505,5.3558,0.072,0.4925,0.2439,HIGH
VM_023,1378843200,4.9667,5.3512,5.3013,5.191,5.2861,5.2585,5.1166,5.243,5.3512,0.0725,0.4925,0.2464,HIGH
VM_023,1378843500,4.6,5.2989,5.2509,5.1417,5.2375,5.2109,5.0689,5.194,5.2989,0.0719,0.495,0.2431,HIGH
VM_023,1378843800,4.8667,5.3212,5.2697,5.1594,5.2545,5.2243,5.0852,5.2108,5.3212,0.0723,0.495,0.2478,HIGH
VM_023,1378844100,4.6,5.277,5.2259,5.115,5.2095,5.1776,5.0409,5.1654,5.277,0.0721,0.4957,0.2479,HIGH
VM_023,1378844400,4.8,5.249,5.1978,5.0871,5.1808,5.15,5.0144,5.1377,5.249,0.0717,0.4959,0.2468,HIGH
VM_023,1378844700,4.5,5.2187,5.1669,5.0565,5.1493,5.1164,4.9841,5.1062,5.2187,0.0713,0.4979,0.2471,HIGH
VM_023,1378845000,4.7667,5.1896,5.1384,5.0277,5.1199,5.0885,4.9573,5.0779,5.1896,0.0709,0.4984,0.2453,HIGH
VM_023,1378845300,4.6333,5.146,5.0969,4.9877,5.0802,5.052,4.921,5.0394,5.146,0.0699,0.4984,0.2396,HIGH
VM_023,1378845600,4.8333,5.1813,5.128,5.0167,5.1088,5.0769,4.9498,5.0682,5.1813,0.0704,0.4984,0.2447,HIGH
VM_023,1378845900,6.6,5.2221,5.1716,5.0567,5.1529,5.1401,5.0031,5.1191,5.2221,0.0721,0.5129,0.2368,HIGH
VM_023,1378846200,4.8,5.2901,5.2357,5.12,5.2228,5.2067,5.071,5.1862,5.2901,0.0725,0.5129,0.2369,HIGH
VM_023,1378846500,4.5667,5.2918,5.2382,5.121,5.2259,5.2022,5.0704,5.1854,5.2918,0.0722,0.5129,0.2386,HIGH
VM_023,1378846800,4.9333,5.2896,5.2352,5.1167,5.2219,5.1973,5.0664,5.1809,5.2896,0.0723,0.5126,0.2401,HIGH
VM_023,1378847100,4.7333,5.2548,5.2013,5.084,5.1897,5.166,5.0352,5.1485,5.2548,0.0719,0.511,0.237,HIGH
VM_023,1378847400,4.9,5.278,5.2201,5.1014,5.2065,5.1788,5.0521,5.1649,5.278,0.0721,0.5108,0.242,HIGH
VM_023,1378847700,4.5,5.2041,5.1494,5.0321,5.1369,5.1103,4.9845,5.0952,5.2041,0.0712,0.5108,0.237,HIGH
VM_023,1378848000,4.7,5.1954,5.1392,5.0228,5.1266,5.0993,4.9762,5.0856,5.1954,0.0707,0.5119,0.2369,HIGH
VM_023,1378848300,4.5,5.1482,5.0937,4.9787,5.0823,5.0553,4.9341,5.0414,5.1482,0.0698,0.5129,0.233,HIGH
VM_023,1378848600,4.8333,5.1489,5.0932,4.9778,5.081,5.0546,4.9353,5.0413,5.1489,0.0695,0.5113,0.2324,HIGH
VM_023,1378848900,4.6333,5.1112,5.0575,4.9435,5.0471,5.0229,4.9041,5.008,5.1112,0.0689,0.5128,0.2301,HIGH
VM_023,1378849200,4.9333,5.1349,5.0787,4.9636,5.0676,5.0433,4.9267,5.0293,5.1349,0.0689,0.513,0.232,HIGH
VM_023,1378849500,6.4,5.226,5.1693,5.049,5.1561,5.1432,5.0206,5.1226,5.226,0.0715,0.5254,0.242,HIGH
VM_023,1378849800,4.8,5.2423,5.1857,5.066,5.1799,5.1694,5.0451,5.1446,5.2423,0.0724,0.5244,0.2418,HIGH
VM_023,1378850100,4.5333,5.2451,5.1897,5.0708,5.1877,5.1713,5.0507,5.1489,5.2451,0.0714,0.5234,0.2379,HIGH
VM_023,1378850400,4.8667,5.2464,5.1905,5.0712,5.1895,5.1716,5.0525,5.1496,5.2464,0.0711,0.523,0.2372,HIGH
VM_023,1378850700,4.9,5.218,5.165,5.0479,5.1675,5.1532,5.0318,5.1276,5.2225,0.0712,0.5199,0.2377,HIGH
VM_023,1378851000,6.6333,5.3793,5.3155,5.1925,5.3144,5.3031,5.1816,5.2776,5.3793,0.0737,0.6311,0.2608,HIGH
VM_023,1378851300,4.6333,5.318,5.2586,5.136,5.2606,5.2484,5.1278,5.2212,5.318,0.0735,0.6303,0.2579,HIGH
VM_023,1378851600,5.4,5.366,5.3026,5.1787,5.304,5.2909,5.1723,5.2649,5.366,0.0737,0.6357,0.2619,HIGH
VM_023,1378851900,6.8,5.4976,5.4224,5.2908,5.4174,5.4076,5.2896,5.3816,5.4976,0.0766,0.7269,0.2889,HIGH
VM_023,1378852200,4.7667,5.427,5.3562,5.2248,5.3529,5.3427,5.2259,5.3151,5.427,0.0763,0.7269,0.2868,HIGH
VM_023,1378852500,4.6667,5.3752,5.3104,5.1844,5.3126,5.3042,5.1863,5.274,5.3752,0.0754,0.7261,0.2798,HIGH
VM_023,1378852800,4.8333,5.3929,5.3266,5.2022,5.3315,5.3191,5.206,5.2914,5.3929,0.0743,0.7261,0.2782,HIGH
VM_023,1378853100,6.6333,5.5112,5.4433,5.3138,5.4454,5.4423,5.3244,5.4095,5.5118,0.0774,0.7292,0.2872,HIGH
VM_023,1378853400,4.8333,5.4756,5.4129,5.2879,5.426,5.427,5.3052,5.3874,5.4981,0.0787,0.7286,0.2991,HIGH
VM_023,1378853700,4.6,5.486,5.4239,5.302,5.4428,5.4354,5.3199,5.3999,5.5038,0.0764,0.7276,0.2891,HIGH
VM_023,1378854000,4.9,5.4499,5.3923,5.2734,5.4154,5.4089,5.2924,5.371,5.4766,0.0759,0.728,0.2898,HIGH
VM_023,1378854300,4.8,5.4098,5.359,5.2463,5.3891,5.3866,5.2659,5.3441,5.4558,0.0763,0.7267,0.2964,HIGH
VM_023,1378854600,4.7667,5.4511,5.3977,5.2864,5.4311,5.4227,5.3073,5.3838,5.4893,0.0747,0.7287,0.2881,HIGH
VM_023,1378854900,4.6,5.4036,5.3534,5.244,5.3891,5.3799,5.2651,5.3403,5.4457,0.0739,0.7255,0.2856,HIGH
VM_023,1378855200,4.8,5.3923,5.3438,5.2367,5.3811,5.3732,5.2575,5.3325,5.4388,0.0736,0.7235,0.2855,HIGH
VM_023,1378855500,4.5667,5.3724,5.3263,5.2215,5.3657,5.3576,5.2419,5.3165,5.4229,0.0732,0.7213,0.2843,HIGH
VM_023,1378855800,4.7667,5.373,5.3281,5.2242,5.3682,5.36,5.2444,5.3189,5.4249,0.0729,0.7224,0.2832,HIGH
VM_023,1378856100,4.6,5.3369,5.2969,5.1962,5.3397,5.3344,5.2157,5.2905,5.4004,0.0733,0.7234,0.2871,HIGH
VM_023,1378856400,4.8333,5.3701,5.3293,5.2292,5.3733,5.3667,5.2488,5.3236,5.4319,0.073,0.7246,0.2848,HIGH
VM_023,1378856700,6.4667,5.5258,5.4798,5.3716,5.5181,5.5161,5.3955,5.4716,5.5818,0.0755,0.73,0.2911,HIGH
VM_023,1378857000,4.7667,5.4779,5.4373,5.3313,5.4814,5.4862,5.3577,5.4339,5.555,0.0785,0.7306,0.3054,HIGH
VM_023,1378857300,4.7,5.5367,5.4925,5.3861,5.5381,5.5333,5.4105,5.487,5.5997,0.0765,0.7259,0.2929,HIGH
VM_023,1378857600,9.1333,5.5773,5.5627,5.389,5.5505,5.5607,5.3925,5.5005,5.6398,0.0947,1.0968,0.3852,HIGH
VM_023,1378857900,4.8667,5.7125,5.6798,5.581,5.732,5.7499,5.5702,5.6811,5.8286,0.0861,1.0973,0.3677,HIGH
VM_023,1378858200,4.7667,5.7598,5.7346,5.6315,5.7873,5.7915,5.6177,5.7294,5.8655,0.0837,1.0617,0.3452,HIGH
VM_023,1378858500,4.7,5.7531,5.7316,5.6271,5.7831,5.7847,5.6084,5.7228,5.8572,0.0833,1.0603,0.3385,HIGH
VM_023,1378858800,4.5667,5.721,5.703,5.5999,5.7531,5.7533,5.574,5.6917,5.825,0.0828,1.0667,0.3339,HIGH
VM_023,1378859100,4.6333,5.7033,5.6868,5.5852,5.7345,5.7321,5.5514,5.6726,5.8036,0.0822,1.0118,0.3267,HIGH
VM_023,1378859400,4.8333,5.7045,5.6877,5.5855,5.7308,5.7252,5.5441,5.669,5.7962,0.0817,1.011,0.3266,HIGH
VM_023,1378859700,4.8,5.6454,5.6331,5.5337,5.6742,5.6721,5.4873,5.6142,5.7454,0.0821,1.0091,0.331,HIGH
VM_023,1378860000,4.8333,5.6814,5.6663,5.5664,5.7033,5.6953,5.5125,5.643,5.768,0.0816,1.0091,0.329,HIGH
VM_023,1378860300,6.5,5.7334,5.7218,5.6186,5.7527,5.757,5.5653,5.6985,5.8341,0.0842,1.0005,0.3382,HIGH
VM_023,1378860600,4.7,5.743,5.73,5.6288,5.7638,5.7658,5.5743,5.7082,5.8441,0.0847,1.0022,0.3392,HIGH
VM_023,1378860900,4.6667,5.7582,5.743,5.6399,5.7734,5.7654,5.5788,5.715,5.842,0.0837,1.0009,0.3339,HIGH
VM_023,1378861200,4.8667,5.7183,5.7045,5.6003,5.7299,5.7211,5.5342,5.672,5.7986,0.0838,1.0012,0.3349,HIGH
VM_023,1378861500,4.9,5.6781,5.6669,5.5652,5.6907,5.6844,5.4956,5.6345,5.7646,0.084,1.0003,0.3384,HIGH
VM_023,1378861800,4.7,5.6794,5.6666,5.5653,5.6879,5.6764,5.4906,5.6312,5.757,0.0837,1.0012,0.3365,HIGH
VM_023,1378862100,4.7,5.6431,5.6313,5.5298,5.6493,5.6357,5.4515,5.5928,5.7171,0.0836,0.9994,0.3356,HIGH
VM_023,1378862400,4.6333,5.6124,5.6007,5.4999,5.616,5.6004,5.4176,5.5599,5.6829,0.0834,1.0019,0.3357,HIGH
VM_023,1378862700,4.7,5.5971,5.5833,5.4817,5.5946,5.5753,5.3952,5.5387,5.658,0.0834,0.9994,0.3335,HIGH
VM_023,1378863000,4.6667,5.5472,5.5355,5.4347,5.5441,5.5255,5.3455,5.4893,5.6098,0.0833,1.001,0.3348,HIGH
VM_023,1378863300,4.8333,5.467,5.4641,5.3697,5.4762,5.468,5.2839,5.4252,5.5564,0.0828,0.9974,0.3407,HIGH
VM_023,1378863600,4.7333,5.5406,5.5312,5.4357,5.5428,5.5254,5.3471,5.4901,5.6122,0.0826,0.9986,0.3351,HIGH
VM_023,1378863900,7.3333,5.6419,5.6436,5.5356,5.6428,5.6408,5.4485,5.5963,5.7342,0.0868,1.0648,0.3597,HIGH
VM_023,1378864200,4.6667,5.6629,5.6598,5.5614,5.6738,5.6756,5.4823,5.6264,5.7704,0.0869,1.0664,0.3617,HIGH
VM_023,1378864500,4.7333,5.6757,5.6716,5.5721,5.6872,5.6784,5.491,5.6352,5.7703,0.0859,1.0659,0.3548,HIGH
VM_023,1378864800,5.0,5.637,5.6351,5.5355,5.6501,5.6426,5.4538,5.5979,5.7348,0.086,0.6319,0.3004,HIGH
VM_023,1378865100,4.8667,5.6046,5.6051,5.5084,5.6218,5.6164,5.4266,5.5701,5.7099,0.0859,0.6319,0.3022,HIGH
VM_023,1378865400,4.6667,5.616,5.6123,5.5154,5.6285,5.6163,5.431,5.5751,5.7085,0.0853,0.6334,0.2979,HIGH
VM_023,1378865700,4.8,5.5719,5.5685,5.4717,5.583,5.5707,5.3863,5.5299,5.663,0.085,0.6321,0.2971,HIGH
VM_023,1378866000,4.6333,5.5496,5.5442,5.4478,5.557,5.5423,5.3601,5.5038,5.6343,0.0846,0.6306,0.295,HIGH
VM_023,1378866300,4.7667,5.5195,5.5135,5.4175,5.5244,5.5094,5.3285,5.472,5.6015,0.0843,0.6284,0.2938,HIGH
VM_023,1378866600,4.8,5.5058,5.4976,5.4013,5.506,5.4895,5.3106,5.4542,5.5815,0.0841,0.6287,0.2922,HIGH
VM_023,1378866900,4.9667,5.4388,5.4385,5.3472,5.4493,5.4418,5.2592,5.4005,5.5363,0.0838,0.6281,0.2969,HIGH
VM_023,1378867200,4.7333,5.4823,5.478,5.3875,5.49,5.4774,5.2994,5.4404,5.5709,0.0832,0.6292,0.2927,HIGH
VM_023,1378867500,6.6667,5.568,5.5651,5.4693,5.5714,5.5689,5.3845,5.5267,5.6644,0.0851,0.6478,0.3016,HIGH
VM_023,1378867800,4.7,5.5353,5.5365,5.4455,5.5505,5.5529,5.3675,5.5057,5.6504,0.0854,0.6478,0.3039,HIGH
VM_023,1378868100,4.7333,5.5816,5.5775,5.4858,5.5934,5.586,5.4072,5.5451,5.6802,0.0842,0.6467,0.2961,HIGH
VM_023,1378868400,6.9,5.6635,5.651,5.5521,5.6598,5.6591,5.4763,5.6154,5.7527,0.0859,0.7587,0.3132,HIGH
VM_023,1378868700,4.9,5.608,5.6013,5.5048,5.6116,5.6144,5.43,5.5672,5.7097,0.086,0.7587,0.3157,HIGH
VM_023,1378869000,4.6667,5.6243,5.6135,5.5176,5.6248,5.6202,5.4414,5.578,5.7137,0.085,0.7594,0.31,HIGH
VM_023,1378869300,4.8333,5.5736,5.5659,5.4715,5.5774,5.5738,5.3949,5.5304,5.6671,0.0846,0.7574,0.3097,HIGH
VM_023,1378869600,4.6667,5.5541,5.5469,5.4551,5.5595,5.5545,5.3774,5.5122,5.6475,0.0839,0.7566,0.308,HIGH
VM_023,1378869900,4.8,5.5477,5.5378,5.446,5.5497,5.5417,5.3677,5.5018,5.6335,0.0834,0.7549,0.3044,HIGH
VM_023,1378870200,4.7667,5.523,5.5104,5.4176,5.5199,5.5098,5.338,5.4718,5.6005,0.083,0.753,0.3016,HIGH
VM_023,1378870500,4.8667,5.4882,5.4769,5.3854,5.4852,5.4768,5.3047,5.4381,5.5677,0.0827,0.7526,0.302,HIGH
VM_023,1378870800,4.8667,5.4889,5.4743,5.3826,5.4811,5.4708,5.3012,5.4343,5.561,0.0824,0.7507,0.2992,HIGH
VM_023,1378871100,7.9333,5.5169,5.517,5.4291,5.523,5.5436,5.3567,5.4883,5.6416,0.0862,0.8351,0.3296,HIGH
VM_023,1378871400,4.7333,5.5955,5.5953,5.5152,5.6163,5.6297,5.4499,5.5772,5.7263,0.0849,0.8338,0.3228,HIGH
VM_023,1378871700,4.8667,5.6133,5.6137,5.5345,5.6404,5.6473,5.4722,5.597,5.7397,0.0837,0.8318,0.3156,HIGH
VM_023,1378872000,5.7667,5.6557,5.6524,5.5696,5.6763,5.6852,5.5085,5.6337,5.7759,0.084,0.8429,0.3169,HIGH
VM_023,1378872300,6.3667,5.7237,5.7153,5.628,5.734,5.7479,5.5679,5.6942,5.8386,0.0852,0.8781,0.3245,HIGH
VM_023,1378872600,4.7333,5.7034,5.6954,5.6082,5.7143,5.7239,5.547,5.6721,5.8137,0.0844,0.8765,0.3209,HIGH
VM_023,1378872900,4.8,5.6853,5.6772,5.5907,5.6954,5.7022,5.527,5.652,5.7908,0.0837,0.8765,0.3184,HIGH
VM_023,1378873200,4.6333,5.656,5.6478,5.5628,5.6656,5.6697,5.4964,5.6211,5.7575,0.0829,0.8765,0.3163,HIGH
VM_023,1378873500,4.8333,5.645,5.634,5.5489,5.6499,5.6511,5.4803,5.6049,5.7379,0.0823,0.8752,0.3134,HIGH
VM_023,1378873800,4.6667,5.5993,5.5911,5.5081,5.6063,5.6074,5.4367,5.5612,5.6941,0.0818,0.8782,0.3137,HIGH
VM_023,1378874100,5.2,5.6065,5.5981,5.5168,5.6125,5.615,5.4443,5.5687,5.7017,0.0817,0.877,0.3135,HIGH
VM_023,1378874400,4.6667,5.5931,5.5832,5.5027,5.5977,5.597,5.4298,5.553,5.6827,0.0809,0.8786,0.3102,HIGH
VM_023,1378874700,6.7,5.6735,5.6688,5.5868,5.6764,5.6887,5.5122,5.6384,5.7772,0.0831,0.8811,0.3199,HIGH
VM_023,1378875000,4.5667,5.5993,5.6073,5.5354,5.6271,5.646,5.4679,5.5885,5.7362,0.0833,0.8847,0.3295,HIGH
VM_023,1378875300,4.8,5.6906,5.6917,5.6221,5.7177,5.7268,5.557,5.6757,5.8126,0.0814,0.8833,0.3167,HIGH
VM_023,1378875600,4.8667,5.6407,5.6457,5.5761,5.6718,5.6828,5.5113,5.6291,5.7675,0.0815,0.8062,0.3079,HIGH
VM_023,1378875900,4.9667,5.6372,5.6445,5.5768,5.6709,5.6836,5.5106,5.6287,5.768,0.0815,0.8056,0.3085,HIGH
VM_023,1378876200,4.7,5.65,5.6538,5.5862,5.6806,5.6892,5.5195,5.637,5.7722,0.0807,0.8048,0.3036,HIGH
VM_023,1378876500,4.8333,5.6298,5.6324,5.5642,5.6572,5.6648,5.4958,5.6134,5.7472,0.0803,0.8048,0.3018,HIGH
VM_023,1378876800,4.5667,5.5946,5.5988,5.5322,5.6232,5.6299,5.4611,5.5789,5.7122,0.0799,0.8075,0.3006,HIGH
VM_023,1378877100,4.8,5.5977,5.5988,5.5323,5.6217,5.6263,5.4596,5.5773,5.708,0.0793,0.8075,0.2976,HIGH
VM_023,1378877400,4.6667,5.561,5.5646,5.4998,5.5869,5.5918,5.425,5.5426,5.6736,0.0791,0.8095,0.298,HIGH
VM_023,1378877700,4.8333,5.5335,5.5436,5.4833,5.5675,5.5765,5.4074,5.5246,5.6589,0.0791,0.81,0.3006,HIGH
VM_023,1378878000,4.6,5.551,5.5599,5.5021,5.5865,5.5933,5.4274,5.543,5.6747,0.0785,0.8151,0.2982,HIGH
VM_023,1378878300,6.7,5.6704,5.6786,5.6167,5.6971,5.7134,5.5411,5.6596,5.7967,0.0805,0.6501,0.2865,HIGH
VM_023,1378878600,4.6,5.6241,5.6387,5.5801,5.6634,5.6829,5.5108,5.6251,5.7669,0.0807,0.6533,0.2926,HIGH
VM_023,1378878900,4.7667,5.6681,5.6788,5.622,5.7072,5.7218,5.5546,5.667,5.8033,0.0796,0.6547,0.2869,HIGH
VM_023,1378879200,4.8333,5.6394,5.6527,5.5966,5.6813,5.6968,5.5289,5.6407,5.7778,0.0796,0.6363,0.285,HIGH
VM_023,1378879500,5.0333,5.6332,5.6498,5.5956,5.6788,5.697,5.5274,5.6391,5.7781,0.0798,0.5649,0.2778,HIGH
VM_023,1378879800,4.6333,5.6479,5.6615,5.6084,5.6924,5.707,5.5413,5.6514,5.7868,0.0788,0.5668,0.2742,HIGH
VM_023,1378880100,4.7,5.6254,5.6388,5.5863,5.6694,5.6835,5.5188,5.628,5.7626,0.0784,0.5681,0.2732,HIGH
VM_023,1378880400,4.5333,5.6001,5.6136,5.5624,5.6444,5.657,5.4936,5.6024,5.7357,0.0777,0.5707,0.2716,HIGH
VM_023,1378880700,4.7,5.5915,5.6034,5.5528,5.6336,5.6452,5.4834,5.5916,5.7232,0.0771,0.5722,0.2701,HIGH
VM_023,1378881000,4.9,5.5835,5.5944,5.5441,5.6234,5.6352,5.4742,5.5819,5.7132,0.0767,0.5698,0.2696,HIGH
VM_023,1378881300,4.8667,5.5711,5.5828,5.5336,5.6116,5.6246,5.4641,5.5708,5.7024,0.0764,0.5668,0.2699,HIGH
VM_023,1378881600,4.6667,5.5689,5.5781,5.5298,5.6076,5.6189,5.4617,5.5666,5.6959,0.0756,0.5668,0.268,HIGH
VM_023,1378881900,6.8333,5.6554,5.6709,5.6207,5.6925,5.7179,5.551,5.6591,5.7981,0.0784,0.5855,0.2844,HIGH
VM_023,1378882200,4.5667,5.5903,5.6167,5.5722,5.6487,5.6803,5.5132,5.6149,5.7605,0.0797,0.5855,0.2928,HIGH
VM_023,1378882500,4.7,5.6696,5.6907,5.6506,5.7317,5.7584,5.5985,5.6959,5.8343,0.0785,0.5867,0.2864,HIGH
VM_023,1378882800,4.7333,5.6314,5.657,5.6183,5.7009,5.7308,5.5692,5.6647,5.8051,0.079,0.5878,0.2883,HIGH
VM_023,1378883100,4.8333,5.6249,5.6541,5.6172,5.6999,5.7326,5.5694,5.6642,5.8061,0.0795,0.5878,0.2899,HIGH
VM_023,1378883400,4.6,5.6425,5.6696,5.6341,5.7187,5.7497,5.5893,5.682,5.8213,0.0789,0.5896,0.2878,HIGH
VM_023,1378883700,4.8333,5.6443,5.6695,5.6335,5.7188,5.75,5.5904,5.6821,5.8205,0.0785,0.5896,0.2872,HIGH
VM_023,1378884000,4.5333,5.6227,5.6476,5.6121,5.6976,5.7279,5.5693,5.6602,5.7978,0.078,0.5905,0.2861,HIGH
VM_023,1378884300,4.7,5.621,5.6438,5.6084,5.6936,5.723,5.5659,5.6561,5.7922,0.0773,0.5915,0.2849,HIGH
VM_023,1378884600,4.6667,5.5967,5.6214,5.587,5.6715,5.702,5.5444,5.6341,5.7709,0.0773,0.5915,0.2855,HIGH
VM_023,1378884900,4.7667,5.6072,5.629,5.595,5.6798,5.7097,5.5544,5.6426,5.7778,0.0767,0.592,0.2846,HIGH
VM_023,1378885200,4.6333,5.5951,5.6138,5.5799,5.6652,5.6937,5.5412,5.6276,5.7609,0.0758,0.5913,0.2831,HIGH
VM_023,1378885500,8.1333,5.7831,5.7957,5.7522,5.8318,5.8733,5.7131,5.804,5.9448,0.0784,0.813,0.3258,HIGH
VM_023,1378885800,6.5,5.7854,5.798,5.7471,5.832,5.88,5.7203,5.8065,5.9539,0.0805,0.8682,0.3453,HIGH
VM_023,1378886100,6.5333,5.8974,5.898,5.8437,5.9326,5.9768,5.8263,5.9074,6.0492,0.0795,0.9185,0.3503,HIGH
VM_023,1378886400,5.1,5.8266,5.8336,5.7799,5.8709,5.9155,5.7656,5.8436,5.9869,0.0794,0.9168,0.3511,HIGH
VM_023,1378886700,5.4667,5.8217,5.833,5.7803,5.8712,5.9177,5.767,5.8442,5.9883,0.0798,0.9194,0.3531,HIGH
VM_023,1378887000,5.0,5.8175,5.8304,5.7804,5.874,5.9194,5.7721,5.8455,5.9876,0.0796,0.9138,0.351,HIGH
VM_023,1378887300,4.8333,5.8018,5.8162,5.7693,5.865,5.9104,5.7654,5.8353,5.9755,0.0795,0.9114,0.3489,HIGH
VM_023,1378887600,4.7333,5.7812,5.7963,5.7523,5.8498,5.8949,5.7517,5.8188,5.9573,0.0792,0.9064,0.3461,HIGH
VM_023,1378887900,4.8667,5.7532,5.7727,5.7312,5.8289,5.8768,5.7319,5.798,5.9373,0.0799,0.9033,0.3464,HIGH
VM_023,1378888200,4.8667,5.7696,5.7872,5.7479,5.8479,5.8956,5.7532,5.8163,5.9532,0.0798,0.9038,0.3447,HIGH
VM_023,1378888500,4.8667,5.7347,5.7574,5.7205,5.8212,5.8733,5.728,5.79,5.9291,0.0813,0.9038,0.347,HIGH
VM_023,1378888800,4.7,5.7454,5.767,5.7331,5.8364,5.8888,5.7455,5.8045,5.9415,0.0816,0.903,0.3454,HIGH
VM_023,1378889100,9.2,6.0227,6.034,5.9876,6.0877,6.1552,6.004,6.0673,6.2122,0.0854,1.1798,0.3981,HIGH
VM_023,1378889400,5.2,5.9199,5.9378,5.8877,5.9988,6.0701,5.9183,5.9751,6.1262,0.0888,1.1705,0.4061,HIGH
VM_023,1378889700,4.7333,5.9537,5.9701,5.9265,6.0424,6.1102,5.9638,6.0155,6.1603,0.0887,1.1698,0.3998,HIGH
VM_023,1378890000,4.9333,5.9425,5.961,5.9203,6.0392,6.1097,5.9616,6.0113,6.1561,0.0898,1.1663,0.3986,HIGH
VM_023,1378890300,5.0667,5.9404,5.9613,5.9219,6.0429,6.1159,5.9652,6.0144,6.16,0.091,1.1632,0.3988,HIGH
VM_023,1378890600,4.7333,5.9275,5.9518,5.9155,6.0391,6.1139,5.9615,6.0093,6.1549,0.0924,1.16,0.3983,HIGH
VM_023,1378890900,4.7667,5.9556,5.9762,5.943,6.0704,6.1453,5.9952,6.0394,6.182,0.0929,1.1613,0.3957,HIGH
VM_023,1378891200,4.6,5.9148,5.9394,5.9088,6.0376,6.1157,5.9618,6.0058,6.1501,0.0944,1.1594,0.396,HIGH
VM_023,1378891500,5.9333,6.0134,6.0273,5.9943,6.1259,6.2055,6.0532,6.0957,6.2378,0.0942,1.1582,0.3962,HIGH
VM_023,1378891800,8.2333,6.1895,6.1832,6.1367,6.2716,6.3561,6.2048,6.2466,6.3903,0.0942,1.2861,0.4207,HIGH
VM_023,1378892100,5.0333,6.0795,6.0829,6.0339,6.1719,6.2574,6.103,6.144,6.2925,0.0956,1.2805,0.4244,HIGH
VM_023,1378892400,4.9667,6.0995,6.1012,6.0559,6.1962,6.279,6.1282,6.1662,6.3105,0.0952,1.2721,0.4196,HIGH
VM_023,1378892700,8.9333,6.4004,6.3871,6.3303,6.4706,6.5638,6.4101,6.4492,6.5975,0.098,1.351,0.4424,HIGH
VM_023,1378893000,4.9333,6.2426,6.2381,6.1772,6.3282,6.4253,6.2691,6.3025,6.4581,0.1019,1.3422,0.4503,HIGH
VM_023,1378893300,4.7333,6.2516,6.2474,6.1945,6.3487,6.4423,6.2914,6.3195,6.4687,0.1018,1.3328,0.4425,HIGH
VM_023,1378893600,4.9667,6.2199,6.2229,6.1745,6.33,6.4279,6.2727,6.2999,6.4503,0.104,1.3345,0.4433,HIGH
VM_023,1378893900,4.8,6.1715,6.1887,6.145,6.3002,6.4056,6.2409,6.2703,6.4249,0.108,1.3406,0.4485,HIGH
VM_023,1378894200,4.6667,6.2426,6.2543,6.2201,6.383,6.4894,6.331,6.3507,6.4992,0.1107,1.3467,0.4447,HIGH
VM_023,1378894500,4.7667,6.2255,6.2378,6.208,6.3748,6.4882,6.3277,6.3427,6.4924,0.114,1.3479,0.4458,HIGH
VM_023,1378894800,4.5667,6.2045,6.2203,6.1936,6.3624,6.4802,6.3152,6.3298,6.4807,0.1162,1.3519,0.4467,HIGH
VM_023,1378895100,4.8,6.2264,6.2424,6.2185,6.3903,6.5124,6.3447,6.3575,6.5124,0.1186,1.353,0.4507,HIGH
VM_023,1378895400,4.7667,6.2334,6.25,6.229,6.4039,6.5311,6.3602,6.3711,6.5311,0.1214,1.3548,0.4558,HIGH
VM_023,1378895700,4.7667,6.2245,6.2461,6.2275,6.4035,6.5376,6.3598,6.3716,6.5376,0.1248,1.3566,0.462,HIGH
VM_023,1378896000,4.6333,6.246,6.2677,6.2535,6.4331,6.5721,6.392,6.4011,6.5721,0.1281,1.3581,0.4672,HIGH
VM_023,1378896300,6.6667,6.4065,6.4326,6.4132,6.5915,6.7469,6.5523,6.5671,6.7469,0.134,1.1255,0.4521,HIGH
VM_023,1378896600,4.7,6.3632,6.393,6.3743,6.5612,6.7255,6.5243,6.536,6.7255,0.1403,1.1312,0.4652,HIGH
VM_023,1378896900,4.8,6.4374,6.4637,6.4523,6.6454,6.8133,6.6137,6.6192,6.8133,0.1442,1.13,0.4695,HIGH
VM_023,1378897200,4.8333,6.4431,6.4728,6.4627,6.6583,6.8345,6.628,6.6334,6.8345,0.1481,1.1314,0.4761,HIGH
VM_023,1378897500,4.9,6.4558,6.4894,6.4797,6.6767,6.859,6.6444,6.6528,6.859,0.1511,1.133,0.4816,HIGH
VM_023,1378897800,5.6,6.5684,6.5942,6.5838,6.7864,6.973,6.7565,6.7634,6.973,0.1534,1.1303,0.4863,HIGH
VM_023,1378898100,4.7667,6.57,6.5963,6.5854,6.7917,6.9825,6.7629,6.7684,6.9825,0.1556,1.1303,0.4905,HIGH
VM_023,1378898400,4.6667,6.5839,6.6099,6.5994,6.8071,6.999,6.7761,6.7833,6.999,0.1562,1.1287,0.4908,HIGH
VM_023,1378898700,4.8333,6.6272,6.6495,6.6389,6.8487,7.0414,6.8171,6.8245,7.0414,0.1563,1.1228,0.4902,HIGH
VM_023,1378899000,4.8,6.6442,6.6646,6.6526,6.8632,7.0561,6.8291,6.8387,7.0561,0.1558,0.9235,0.4641,HIGH
VM_023,1378899300,4.7667,6.6309,6.6536,6.6404,6.8493,7.0423,6.81,6.8246,7.0423,0.1552,0.9257,0.4636,HIGH
VM_023,1378899600,4.6667,6.6541,6.674,6.662,6.8715,7.0615,6.8289,6.8453,7.0615,0.1539,0.9291,0.4608,HIGH
VM_023,1378899900,8.3667,6.9789,6.9851,6.9566,7.1665,7.3699,7.1249,7.1499,7.3699,0.1557,0.828,0.4602,HIGH
VM_023,1378900200,4.7667,6.7734,6.789,6.755,6.9693,7.1718,6.9212,6.9488,7.1718,0.1573,0.8295,0.4654,HIGH
VM_023,1378900500,4.8667,6.8699,6.8775,6.851,7.0672,7.2577,7.0159,7.0417,7.2577,0.1536,0.8279,0.454,HIGH
VM_023,1378900800,4.9333,6.826,6.8398,6.8115,7.0241,7.2141,6.9668,6.9983,7.2141,0.1523,0.8281,0.4512,HIGH
VM_023,1378901100,4.8333,6.769,6.7891,6.7602,6.969,7.154,6.9007,6.9414,7.154,0.1503,0.8277,0.4459,HIGH
VM_023,1378901400,4.6667,6.8452,6.8594,6.8343,7.0439,7.2164,6.9682,7.0111,7.2164,0.1455,0.8277,0.4331,HIGH
VM_023,1378901700,4.8,6.8669,6.8806,6.8527,7.0584,7.2231,6.9735,7.0232,7.2231,0.1404,0.8273,0.4224,HIGH
VM_023,1378902000,4.7667,6.8596,6.8749,6.8424,7.0422,7.1957,6.9419,7.0038,7.1957,0.1341,0.8234,0.4089,HIGH
VM_023,1378902300,4.8,6.8786,6.8941,6.8587,7.0524,7.1916,6.9353,7.0096,7.1916,0.1272,0.8234,0.3933,HIGH
VM_023,1378902600,4.8333,6.9272,6.9406,6.9021,7.0892,7.2106,6.9532,7.0408,7.2106,0.1191,0.8225,0.3737,HIGH
VM_023,1378902900,4.8667,6.9378,6.9515,6.9083,7.0867,7.1916,6.931,7.0337,7.1916,0.1119,0.8213,0.355,HIGH
VM_025,1378613700,4.0,5.0337,5.001,4.9298,4.9617,4.9465,4.8332,4.9384,5.0337,0.0695,1.246,0.3225,HIGH
VM_025,1378614000,4.2,5.0162,4.9831,4.9136,4.9433,4.9276,4.815,4.9206,5.0162,0.0692,1.2449,0.3229,HIGH
VM_025,1378614300,4.0,4.9899,4.9555,4.8871,4.915,4.8976,4.7867,4.8922,4.9899,0.0692,1.2476,0.3255,HIGH
VM_025,1378614600,4.1333,4.9514,4.9176,4.8505,4.8761,4.8591,4.7483,4.8541,4.9514,0.0689,1.247,0.3252,HIGH
VM_025,1378614900,6.1667,5.013,4.9761,4.9065,4.9295,4.919,4.8046,4.912,5.013,0.07,1.2811,0.332,HIGH
VM_025,1378615200,4.1333,5.0303,4.9911,4.9206,4.9432,4.9284,4.818,4.9247,5.0303,0.0707,1.2804,0.3371,HIGH
VM_025,1378615500,6.0,5.0427,5.0079,4.9354,4.9543,4.9468,4.8316,4.9395,5.0427,0.0711,1.2034,0.3248,HIGH
VM_025,1378615800,4.1667,5.0518,5.0228,4.9534,4.9756,4.9694,4.8533,4.9596,5.0518,0.0697,1.2013,0.3123,HIGH
VM_025,1378616100,4.5333,5.1001,5.0668,4.9969,5.0207,5.0101,4.8974,5.0033,5.1001,0.0702,1.194,0.317,HIGH
VM_025,1378616400,6.9333,5.2046,5.1606,5.0832,5.1045,5.0977,4.9833,5.0913,5.2046,0.0736,1.2692,0.3431,HIGH
VM_025,1378616700,4.2,5.1386,5.1049,5.0304,5.0512,5.043,4.9279,5.0351,5.1386,0.0724,1.2699,0.3348,HIGH
VM_025,1378617000,4.1667,5.1414,5.1065,5.0335,5.0535,5.0409,4.929,5.036,5.1414,0.0724,1.2675,0.3372,HIGH
VM_025,1378617300,4.0,5.0829,5.0517,4.9819,5.0005,4.9865,4.8751,4.9817,5.0829,0.0714,1.2709,0.3343,HIGH
VM_025,1378617600,4.1667,5.0582,5.027,4.9594,4.9762,4.9605,4.8505,4.9571,5.0582,0.0711,1.2756,0.3352,HIGH
VM_025,1378617900,4.0,5.0069,4.9793,4.915,4.9304,4.9145,4.8046,4.9108,5.0069,0.07,1.0064,0.2958,HIGH
VM_025,1378618200,4.2333,4.9916,4.9641,4.9016,4.9154,4.8991,4.79,4.8962,4.9916,0.0697,1.009,0.2954,HIGH
VM_025,1378618500,4.1,4.9459,4.9233,4.8641,4.8771,4.8623,4.7523,4.858,4.9459,0.0684,1.0047,0.2873,HIGH
VM_025,1378618800,4.2,4.9529,4.9282,4.8698,4.882,4.8661,4.7581,4.8634,4.9529,0.0683,1.003,0.2885,HIGH
VM_025,1378619100,5.6,4.9455,4.9272,4.869,4.8783,4.8702,4.7571,4.8631,4.9459,0.0678,0.8082,0.2563,HIGH
VM_025,1378619400,4.1667,4.9608,4.9474,4.8916,4.9055,4.8998,4.7858,4.8897,4.9779,0.0663,0.8087,0.2559,HIGH
VM_025,1378619700,4.0,5.0001,4.9824,4.9267,4.9429,4.9323,4.8223,4.9255,5.0099,0.0665,0.8087,0.2548,HIGH
VM_025,1378620000,4.1333,4.9541,4.9389,4.8843,4.9001,4.8896,4.7785,4.8818,4.965,0.0662,0.8087,0.2547,HIGH
VM_025,1378620300,4.1333,4.9024,4.8946,4.8433,4.8588,4.851,4.7369,4.8403,4.927,0.065,0.808,0.2548,HIGH
VM_025,1378620600,6.7333,5.0845,5.0594,4.9996,5.0135,5.0066,4.8939,4.9998,5.0845,0.0683,0.9254,0.2725,HIGH
VM_025,1378620900,6.1333,5.1244,5.0976,5.0319,5.0444,5.0397,4.9256,5.0322,5.1244,0.0703,0.968,0.2858,HIGH
VM_025,1378621200,4.2,5.1063,5.0818,5.0163,5.028,5.0187,4.9073,5.0136,5.1063,0.0704,0.968,0.2874,HIGH
VM_025,1378621500,4.0,5.0736,5.0483,4.9841,4.9944,4.9808,4.8723,4.9783,5.0736,0.0705,0.968,0.291,HIGH
VM_025,1378621800,4.2,5.0192,4.9973,4.9356,4.9438,4.9297,4.8209,4.9271,5.0192,0.0699,0.9665,0.288,HIGH
VM_025,1378622100,4.0667,4.9807,4.9622,4.9037,4.9109,4.8963,4.7879,4.8937,4.9807,0.0689,0.9199,0.2766,HIGH
VM_025,1378622400,4.2,4.9668,4.9476,4.8909,4.8973,4.8818,4.7751,4.8802,4.9668,0.0684,0.9186,0.2757,HIGH
VM_025,1378622700,5.7,4.9637,4.9512,4.895,4.8984,4.8906,4.7792,4.8848,4.9681,0.0678,0.9005,0.2684,HIGH
VM_025,1378623000,4.2143,4.9783,4.97,4.9156,4.9243,4.918,4.807,4.9098,4.9974,0.0663,0.8996,0.2669,HIGH
VM_025,1378623300,4.0,5.0021,4.9898,4.9364,4.9473,4.9365,4.8301,4.9313,5.0169,0.066,0.9074,0.2675,HIGH
VM_025,1378623600,4.2,4.9478,4.939,4.8876,4.898,4.8881,4.7802,4.8812,4.966,0.0653,0.7556,0.2473,HIGH
VM_025,1378623900,4.2,4.8517,4.8569,4.811,4.8228,4.8197,4.7061,4.806,4.8975,0.0632,0.7556,0.2464,HIGH
VM_025,1378624200,4.2,4.9385,4.9354,4.8894,4.9029,4.8952,4.7867,4.8861,4.976,0.0632,0.7551,0.2463,HIGH
VM_025,1378624500,4.0,4.8824,4.8824,4.8375,4.8513,4.8442,4.735,4.8337,4.9228,0.0626,0.7551,0.2457,HIGH
VM_025,1378624800,4.2,4.8746,4.8738,4.8292,4.8421,4.8348,4.7255,4.8248,4.9131,0.0625,0.7546,0.2452,HIGH
VM_025,1378625100,4.0,4.8624,4.8595,4.8148,4.8269,4.8178,4.7098,4.8094,4.8965,0.0625,0.7546,0.2453,HIGH
VM_025,1378625400,4.2143,4.8352,4.8327,4.7882,4.7989,4.7904,4.6818,4.7819,4.8679,0.0624,0.7549,0.2445,HIGH
VM_025,1378625700,4.0667,4.8053,4.8051,4.7616,4.7719,4.7642,4.655,4.7551,4.8414,0.0619,0.7556,0.2435,HIGH
VM_025,1378626000,4.1667,4.8042,4.8029,4.7597,4.7696,4.7617,4.6535,4.7534,4.8401,0.0617,0.7561,0.2436,HIGH
VM_025,1378626300,7.4333,4.9167,4.9128,4.8628,4.8698,4.8724,4.7585,4.8605,4.9484,0.0636,0.9463,0.2697,HIGH
VM_025,1378626600,4.4667,4.9238,4.926,4.875,4.8888,4.892,4.7789,4.8775,4.9714,0.063,0.9434,0.2713,HIGH
VM_025,1378626900,4.0,4.9518,4.9515,4.9013,4.9179,4.9161,4.8072,4.9044,4.9973,0.0627,0.9434,0.2694,HIGH
VM_025,1378627200,4.4,4.9255,4.9271,4.8775,4.8942,4.8923,4.7826,4.8797,4.9716,0.0624,0.94,0.2682,HIGH
VM_025,1378627500,8.0333,5.0896,5.0808,5.0215,5.0368,5.0424,4.9287,5.0286,5.1212,0.0651,1.1735,0.3008,HIGH
VM_025,1378627800,5.5714,5.1667,5.1515,5.0859,5.1016,5.1008,4.9931,5.0922,5.1805,0.0668,1.1085,0.2913,HIGH
VM_025,1378628100,4.0,5.0821,5.0737,5.0101,5.0253,5.0207,4.9138,5.0123,5.1002,0.0661,1.0702,0.2868,HIGH
VM_025,1378628400,4.1667,5.0502,5.0427,4.9816,4.9953,4.9876,4.8821,4.9808,5.0662,0.0656,1.0707,0.2852,HIGH
VM_025,1378628700,4.0,4.9881,4.9847,4.9274,4.9405,4.9317,4.8264,4.9246,5.0098,0.0644,1.0707,0.2837,HIGH
VM_025,1378629000,4.1667,4.9671,4.9623,4.9075,4.9195,4.9089,4.8057,4.9033,4.9874,0.0638,1.0713,0.2827,HIGH
VM_025,1378629300,4.0667,4.9056,4.9042,4.8529,4.8643,4.8546,4.751,4.8478,4.9321,0.0626,1.0713,0.281,HIGH
VM_025,1378629600,4.2,4.8819,4.8805,4.8315,4.8424,4.8328,4.7301,4.8262,4.911,0.0618,1.0713,0.2801,HIGH
VM_025,1378629900,7.1667,4.9912,4.9855,4.9308,4.9382,4.9366,4.8302,4.9283,5.0132,0.0635,1.1753,0.2937,HIGH
VM_025,1378630200,5.1,5.0541,5.045,4.9856,4.9975,4.9945,4.8913,4.9872,5.0729,0.064,1.1756,0.2929,HIGH
VM_025,1378630500,4.0,4.999,4.9931,4.9362,4.9495,4.9441,4.8425,4.9367,5.0227,0.063,1.1756,0.2928,HIGH
VM_025,1378630800,4.2,4.9561,4.9528,4.8987,4.9117,4.9059,4.8039,4.8979,4.9835,0.0621,1.1756,0.2918,HIGH
VM_025,1378631100,4.1333,4.8996,4.9018,4.8511,4.8648,4.8605,4.7569,4.8503,4.9369,0.0609,1.1768,0.2916,HIGH
VM_025,1378631400,4.1667,4.905,4.9029,4.8537,4.8674,4.8607,4.7603,4.8528,4.9394,0.0603,1.1774,0.2909,HIGH
VM_025,1378631700,4.0,4.8392,4.8396,4.793,4.8062,4.8001,4.6992,4.7911,4.877,0.0593,1.1774,0.2899,HIGH
VM_025,1378632000,4.1667,4.7877,4.793,4.7491,4.7624,4.7593,4.6562,4.7478,4.8346,0.0583,1.178,0.2904,HIGH
VM_025,1378632300,4.0,4.7911,4.7922,4.7496,4.7631,4.7583,4.6582,4.7488,4.8361,0.0577,1.178,0.29,HIGH
VM_025,1378632600,4.2667,4.7576,4.7581,4.7162,4.729,4.7249,4.6249,4.7152,4.8015,0.0572,1.1772,0.289,HIGH
VM_025,1378632900,4.1667,4.658,4.6707,4.6323,4.6466,4.6501,4.5445,4.6335,4.7221,0.0562,1.1752,0.2894,HIGH
VM_025,1378633200,4.2,4.7356,4.7392,4.7003,4.7162,4.7165,4.6162,4.7041,4.7946,0.0557,1.1746,0.2901,HIGH
VM_025,1378633500,5.5333,4.7299,4.7376,4.6967,4.7112,4.7182,4.6136,4.7018,4.7922,0.0563,1.036,0.2724,HIGH
VM_025,1378633800,4.2,4.7575,4.7654,4.7225,4.7423,4.7502,4.6461,4.7325,4.8245,0.0561,1.0389,0.2726,HIGH
VM_025,1378634100,4.8333,4.8074,4.8094,4.7643,4.7857,4.7926,4.6902,4.7763,4.8686,0.0564,1.0326,0.2717,HIGH
VM_025,1378634400,8.8,5.034,5.0193,4.96,4.9795,4.9925,4.8878,4.9773,5.066,0.0601,1.3383,0.3109,HIGH
VM_025,1378634700,8.5667,5.2362,5.2085,5.1327,5.1518,5.1647,5.0616,5.1532,5.2398,0.065,1.3974,0.323,HIGH
VM_025,1378635000,8.0333,5.3805,5.3437,5.2551,5.273,5.2825,5.1828,5.2755,5.3805,0.0697,1.5383,0.3603,HIGH
VM_025,1378635300,4.0,5.2661,5.2404,5.1554,5.1748,5.175,5.0786,5.1696,5.2661,0.068,1.5383,0.3502,HIGH
VM_025,1378635600,4.1,5.1949,5.174,5.0953,5.1136,5.1081,5.013,5.1041,5.1949,0.0664,1.5398,0.342,HIGH
VM_025,1378635900,4.0,5.1156,5.0992,5.0272,5.0448,5.0358,4.9415,5.0322,5.1156,0.0644,1.5398,0.3339,HIGH
VM_025,1378636200,4.3,5.0637,5.0489,4.9824,4.9986,4.9879,4.8945,4.9847,5.0637,0.0629,1.5372,0.3294,HIGH
VM_025,1378636500,4.1667,4.9326,4.9339,4.8755,4.8936,4.8904,4.7894,4.8788,4.9647,0.0603,1.5349,0.3338,HIGH
VM_025,1378636800,4.1333,4.9759,4.9695,4.9157,4.935,4.929,4.8346,4.9208,5.0045,0.0585,1.5363,0.3298,HIGH
VM_025,1378637100,5.8333,4.9641,4.9639,4.9112,4.9288,4.9313,4.8307,4.9175,5.0027,0.0585,1.4747,0.3254,HIGH
VM_025,1378637400,5.2,5.0439,5.0379,4.9825,5.0055,5.0093,4.9101,4.9949,5.0812,0.0584,1.4755,0.329,HIGH
VM_025,1378637700,4.0,4.9827,4.9797,4.928,4.9528,4.9565,4.8576,4.9404,5.0274,0.0571,1.4755,0.328,HIGH
VM_025,1378638000,4.3333,4.9563,4.9538,4.9048,4.9293,4.9334,4.8337,4.9166,5.0029,0.0561,1.4731,0.3246,HIGH
VM_025,1378638300,4.7,4.91,4.9132,4.8665,4.8922,4.9008,4.7963,4.8797,4.9672,0.0559,1.4651,0.3248,HIGH
VM_025,1378638600,4.1667,4.9311,4.929,4.8839,4.9103,4.9166,4.8155,4.8979,4.9856,0.0549,1.4651,0.3233,HIGH
VM_025,1378638900,4.0,4.8617,4.8625,4.8203,4.8465,4.854,4.7515,4.8335,4.9204,0.054,1.4651,0.3204,HIGH
VM_025,1378639200,4.2,4.8354,4.8362,4.7959,4.8218,4.8301,4.7267,4.8091,4.8956,0.0533,1.4644,0.3198,HIGH
VM_025,1378639500,4.0,4.7948,4.7965,4.7584,4.7844,4.7935,4.6896,4.7718,4.8584,0.0526,1.4644,0.3197,HIGH
VM_025,1378639800,5.3667,4.8552,4.8503,4.8097,4.8349,4.8457,4.7416,4.8249,4.9107,0.0529,1.4607,0.3195,HIGH
VM_025,1378640100,5.3667,4.8482,4.8467,4.804,4.8307,4.8468,4.7383,4.8221,4.9087,0.0539,1.4532,0.3195,HIGH
VM_025,1378640400,4.5667,4.8872,4.8818,4.8383,4.8664,4.881,4.7747,4.8579,4.9455,0.0538,1.4463,0.3192,HIGH
VM_025,1378640700,6.6333,4.9136,4.9165,4.8695,4.8992,4.9253,4.8099,4.8941,4.988,0.0568,1.4804,0.3366,HIGH
VM_025,1378641000,4.2,4.9718,4.9699,4.9225,4.9609,4.9843,4.8721,4.9533,5.0475,0.0569,1.4804,0.3391,HIGH
VM_025,1378641300,4.0,4.9438,4.9417,4.8969,4.937,4.9583,4.8476,4.9274,5.0216,0.056,1.4957,0.3392,HIGH
VM_025,1378641600,4.2667,4.9056,4.9063,4.8632,4.9035,4.9248,4.8121,4.8927,4.9855,0.0554,1.2675,0.3066,HIGH
VM_025,1378641900,4.0667,4.8551,4.8594,4.8186,4.8603,4.8818,4.7671,4.8481,4.9409,0.0553,0.9958,0.2707,HIGH
VM_025,1378642200,4.2,4.8711,4.8712,4.8314,4.8732,4.8923,4.7796,4.8608,4.9533,0.0545,0.6903,0.2292,HIGH
VM_025,1378642500,4.0,4.8328,4.8326,4.7941,4.8352,4.8531,4.7408,4.8222,4.9131,0.0536,0.6903,0.2255,HIGH
VM_025,1378642800,4.2,4.8093,4.8085,4.7709,4.811,4.8282,4.7156,4.7979,4.8875,0.053,0.6882,0.2225,HIGH
VM_025,1378643100,4.0,4.7894,4.7867,4.75,4.789,4.8043,4.6928,4.7756,4.8641,0.0523,0.6882,0.2221,HIGH
VM_025,1378643400,4.1667,4.7819,4.7761,4.7396,4.7766,4.7901,4.6798,4.7636,4.8504,0.0516,0.6903,0.2218,HIGH
VM_025,1378643700,4.1333,4.695,4.6963,4.6616,4.699,4.7161,4.6021,4.6859,4.773,0.0519,0.6911,0.2221,HIGH
VM_025,1378644000,4.1,4.7413,4.7358,4.7012,4.7382,4.7524,4.6417,4.7258,4.8135,0.0513,0.6918,0.2229,HIGH
VM_025,1378644300,5.7667,4.7653,4.7627,4.7247,4.7617,4.7824,4.6673,4.752,4.8403,0.0528,0.6863,0.2231,HIGH
VM_025,1378644600,4.6333,4.8011,4.7964,4.7562,4.7994,4.8225,4.7057,4.7896,4.8805,0.0543,0.6702,0.2241,HIGH
VM_025,1378644900,5.2667,4.904,4.8907,4.8467,4.8913,4.9124,4.7971,4.8821,4.9737,0.0547,0.6821,0.227,HIGH
VM_025,1378645200,4.2333,4.8645,4.8548,4.8104,4.8554,4.8751,4.7588,4.8441,4.9345,0.0546,0.6835,0.2252,HIGH
VM_025,1378645500,4.0667,4.8322,4.8245,4.7813,4.8271,4.8448,4.7273,4.8138,4.9037,0.0544,0.6881,0.226,HIGH
VM_025,1378645800,4.1,4.8473,4.8356,4.7929,4.8377,4.8509,4.7355,4.8233,4.9122,0.0537,0.6895,0.2264,HIGH
VM_025,1378646100,4.0,4.8103,4.7987,4.757,4.8001,4.8103,4.6954,4.7844,4.8712,0.053,0.6895,0.2258,HIGH
VM_025,1378646400,4.2,4.7932,4.7806,4.7395,4.781,4.789,4.6741,4.7647,4.85,0.0527,0.6895,0.2258,HIGH
VM_025,1378646700,4.0,4.7778,4.7628,4.7224,4.7619,4.7663,4.6531,4.7449,4.8287,0.0523,0.6895,0.2256,HIGH
VM_025,1378647000,4.2333,4.7523,4.7375,4.6976,4.7351,4.7386,4.6253,4.7182,4.8007,0.052,0.6646,0.2222,HIGH
VM_025,1378647300,4.0667,4.6754,4.6666,4.6288,4.6675,4.6742,4.5584,4.6504,4.7339,0.0519,0.6376,0.2188,HIGH
VM_025,1378647600,4.1,4.7329,4.7163,4.6785,4.7159,4.7183,4.6062,4.6993,4.783,0.0517,0.6388,0.22,HIGH
VM_025,1378647900,5.5,4.7612,4.7451,4.7038,4.7406,4.7468,4.6322,4.726,4.8092,0.0525,0.4873,0.2007,HIGH
VM_025,1378648200,4.2,4.7775,4.7599,4.7173,4.7585,4.7655,4.6495,4.743,4.8276,0.0531,0.4873,0.2015,HIGH
VM_025,1378648500,4.0,4.7856,4.7655,4.7229,4.764,4.7672,4.6525,4.7472,4.8316,0.0531,0.4873,0.2023,HIGH
VM_025,1378648800,4.3333,4.7806,4.7602,4.717,4.7573,4.7588,4.6434,4.7396,4.8226,0.0532,0.4872,0.2025,HIGH
VM_025,1378649100,4.2333,4.6668,4.657,4.6163,4.6606,4.6692,4.5482,4.6424,4.7271,0.0534,0.4847,0.2018,HIGH
VM_025,1378649400,4.2,4.785,4.7635,4.7221,4.7662,4.7675,4.651,4.7477,4.8335,0.0534,0.4847,0.2047,HIGH
VM_025,1378649700,4.0,4.7355,4.7163,4.6746,4.7177,4.7174,4.6007,4.6978,4.7812,0.053,0.4847,0.2032,HIGH
VM_025,1378650000,4.2,4.739,4.7177,4.6755,4.7175,4.7147,4.5978,4.697,4.7784,0.0531,0.4847,0.2032,HIGH
VM_025,1378650300,4.0,4.7295,4.7063,4.664,4.7045,4.6987,4.5826,4.6832,4.7629,0.0532,0.4847,0.203,HIGH
VM_025,1378650600,4.7,4.776,4.7472,4.7025,4.7405,4.7316,4.6161,4.7196,4.797,0.0542,0.4895,0.2041,HIGH
VM_025,1378650900,4.1667,4.7309,4.7046,4.6599,4.6975,4.6889,4.5723,4.676,4.7523,0.0541,0.4889,0.2033,HIGH
VM_025,1378651200,4.1333,4.746,4.7166,4.6719,4.7079,4.6964,4.5811,4.6862,4.7618,0.0545,0.4882,0.2037,HIGH
VM_025,1378651500,7.2,4.9334,4.8942,4.8399,4.8757,4.8689,4.7494,4.8584,4.9341,0.058,0.7077,0.2351,HIGH
VM_025,1378651800,4.1667,4.9095,4.8731,4.8179,4.8595,4.8536,4.7321,4.8394,4.9172,0.0581,0.7076,0.2353,HIGH
VM_025,1378652100,4.0,4.9298,4.8905,4.836,4.8766,4.8643,4.7446,4.8541,4.9315,0.0588,0.6861,0.2339,HIGH
VM_025,1378652400,4.2667,4.9101,4.8716,4.8174,4.8568,4.8415,4.7212,4.8325,4.9101,0.0592,0.6859,0.2355,HIGH
VM_025,1378652700,4.2333,4.7904,4.7622,4.7118,4.7556,4.7476,4.622,4.7304,4.8077,0.0573,0.6839,0.2328,HIGH
VM_025,1378653000,4.1667,4.8625,4.8272,4.7783,4.8221,4.8091,4.686,4.7963,4.8749,0.0577,0.683,0.2352,HIGH
VM_025,1378653300,4.0,4.8303,4.7956,4.7476,4.7903,4.775,4.6526,4.7633,4.84,0.0575,0.683,0.2339,HIGH
VM_025,1378653600,4.2,4.8253,4.7889,4.7409,4.7823,4.7649,4.6427,4.7548,4.8292,0.0576,0.683,0.2332,HIGH
VM_025,1378653900,4.0,4.8192,4.7799,4.7322,4.7714,4.7503,4.6296,4.7432,4.8192,0.0582,0.683,0.2357,HIGH
VM_025,1378654200,4.2333,4.8009,4.7607,4.713,4.7502,4.7283,4.6077,4.7222,4.8009,0.0584,0.683,0.2384,HIGH
VM_025,1378654500,4.0667,4.7472,4.7095,4.6635,4.7011,4.6817,4.5602,4.6734,4.7472,0.0572,0.683,0.2337,HIGH
VM_025,1378654800,4.2,4.7995,4.7546,4.7079,4.7427,4.7189,4.6,4.7155,4.7995,0.0588,0.6818,0.2432,HIGH
VM_025,1378655100,7.8,5.0056,4.9501,4.8916,4.9272,4.9112,4.7861,4.9054,5.0056,0.0626,0.9567,0.2942,HIGH
VM_025,1378655400,4.3333,4.9444,4.8953,4.8371,4.8816,4.8721,4.7425,4.8575,4.9444,0.0611,0.9556,0.2802,HIGH
VM_025,1378655700,5.1,5.1059,5.045,4.9833,5.0266,5.0083,4.8806,5.0011,5.1059,0.0648,0.9594,0.299,HIGH
VM_025,1378656000,4.7333,5.0769,5.0196,4.956,4.9998,4.9806,4.8506,4.9719,5.0769,0.0653,0.9599,0.2998,HIGH
VM_025,1378656300,4.1333,5.0033,4.952,4.8916,4.9384,4.9208,4.7881,4.9082,5.0033,0.0637,0.9614,0.2914,HIGH
VM_025,1378656600,4.2,5.0432,4.9872,4.9284,4.9737,4.9501,4.8195,4.942,5.0432,0.0647,0.9614,0.298,HIGH
VM_025,1378656900,4.0,4.9887,4.9347,4.8778,4.9217,4.8959,4.766,4.8885,4.9887,0.0642,0.9614,0.2972,HIGH
VM_025,1378657200,4.2,4.9871,4.93,4.874,4.9152,4.8857,4.7575,4.8815,4.9871,0.065,0.9614,0.3027,HIGH
VM_025,1378657500,4.0,4.9408,4.8836,4.8292,4.8683,4.8371,4.7102,4.8343,4.9408,0.0648,0.9614,0.3033,HIGH
VM_025,1378657800,4.2333,4.9369,4.8765,4.8226,4.8584,4.8249,4.6999,4.8249,4.9369,0.0656,0.9621,0.3085,HIGH
VM_025,1378658100,4.0667,4.8851,4.8255,4.7732,4.8074,4.7747,4.6505,4.7745,4.8851,0.0648,0.9637,0.3068,HIGH
VM_025,1378658400,4.2,4.8829,4.8204,4.7686,4.8002,4.7666,4.6441,4.7684,4.8829,0.0653,0.9628,0.3099,HIGH
VM_025,1378658700,5.6,4.9108,4.8473,4.7922,4.8247,4.7983,4.6736,4.7964,4.9108,0.0646,0.8102,0.2892,HIGH
VM_025,1378659000,4.1667,4.9217,4.8565,4.8021,4.8387,4.8156,4.6891,4.8104,4.9217,0.0637,0.8102,0.2855,HIGH
VM_025,1378659300,4.0,4.9356,4.8678,4.813,4.8485,4.8215,4.6971,4.8193,4.9356,0.0649,0.8102,0.2902,HIGH
VM_025,1378659600,4.2333,4.9075,4.8406,4.7855,4.8204,4.7935,4.6687,4.791,4.9075,0.0647,0.8105,0.2904,HIGH
VM_025,1378659900,4.1333,4.8184,4.7581,4.706,4.7445,4.7248,4.5968,4.7155,4.8184,0.0613,0.8117,0.2772,HIGH
VM_025,1378660200,4.2,4.8917,4.824,4.7715,4.8087,4.7848,4.6592,4.78,4.8917,0.0631,0.8113,0.2856,HIGH
VM_025,1378660500,4.0,4.8503,4.784,4.7311,4.7677,4.7436,4.6187,4.7387,4.8503,0.0628,0.8113,0.2849,HIGH
VM_025,1378660800,4.2,4.8444,4.7767,4.7237,4.7597,4.7356,4.6109,4.7311,4.8444,0.0629,0.8113,0.2864,HIGH
VM_025,1378661100,4.0,4.8405,4.7704,4.7171,4.7517,4.7256,4.6026,4.7231,4.8405,0.0636,0.8113,0.2899,HIGH
VM_025,1378661400,4.3,4.8387,4.7666,4.7123,4.7454,4.7188,4.5967,4.7175,4.8387,0.0642,0.8108,0.293,HIGH
VM_025,1378661700,4.2,4.6918,4.6316,4.5813,4.6199,4.6069,4.48,4.5939,4.6918,0.0584,0.8087,0.2691,HIGH
VM_025,1378662000,4.2,4.8226,4.7514,4.6998,4.7373,4.7188,4.5952,4.712,4.8226,0.0609,0.8087,0.2813,HIGH
VM_025,1378662300,5.5,4.832,4.7628,4.7059,4.7463,4.7357,4.6092,4.7235,4.832,0.0603,0.4469,0.2313,HIGH
VM_025,1378662600,4.2,4.8771,4.8049,4.7473,4.7931,4.7846,4.6553,4.7694,4.8771,0.0607,0.4477,0.2306,HIGH
VM_025,1378662900,4.0,4.9031,4.8288,4.7695,4.8156,4.8024,4.6746,4.7901,4.9031,0.0619,0.4204,0.2324,HIGH
VM_025,1378663200,4.2333,4.8922,4.8186,4.7582,4.8042,4.7901,4.6616,4.7778,4.8922,0.0623,0.4091,0.2325,HIGH
VM_025,1378663500,4.0667,4.8682,4.7957,4.736,4.7828,4.7688,4.6396,4.7557,4.8682,0.0619,0.4102,0.2311,HIGH
VM_025,1378663800,4.1667,4.8971,4.8208,4.7603,4.8056,4.7877,4.6604,4.778,4.8971,0.0632,0.4105,0.2375,HIGH
VM_025,1378664100,4.0,4.8763,4.7995,4.7386,4.7822,4.7619,4.636,4.7541,4.8763,0.0638,0.4105,0.2403,HIGH
VM_025,1378664400,4.2,4.8793,4.7998,4.7385,4.7797,4.7569,4.6325,4.7517,4.8793,0.0649,0.4105,0.2454,HIGH
VM_025,1378664700,4.0,4.8418,4.7632,4.7027,4.7425,4.7193,4.5959,4.7146,4.8418,0.0646,0.4105,0.2446,HIGH
VM_025,1378665000,4.2333,4.8287,4.7502,4.69,4.7286,4.7064,4.5837,4.7018,4.8287,0.0642,0.4105,0.244,HIGH
VM_025,1378665300,4.0667,4.8151,4.7365,4.6767,4.7146,4.6927,4.571,4.6884,4.8151,0.0639,0.4105,0.2432,HIGH
VM_025,1378665600,4.2,4.8155,4.7359,4.6757,4.7125,4.6906,4.5701,4.687,4.8155,0.0641,0.4105,0.2443,HIGH
VM_025,1378665900,5.7,4.8261,4.7496,4.6859,4.7269,4.7169,4.5919,4.7054,4.8261,0.0622,0.425,0.2374,HIGH
VM_025,1378666200,4.2,4.8637,4.7859,4.7226,4.7698,4.7645,4.6364,4.7482,4.8637,0.0617,0.4247,0.232,HIGH
VM_025,1378666500,4.0,4.899,4.8194,4.7545,4.8029,4.793,4.6667,4.7794,4.899,0.0626,0.4247,0.2358,HIGH
VM_025,1378666800,4.2333,4.8861,4.8083,4.7424,4.7916,4.7813,4.6542,4.7671,4.8861,0.0626,0.4247,0.2355,HIGH
VM_025,1378667100,4.0667,4.8853,4.8073,4.7416,4.7914,4.7795,4.6523,4.7658,4.8853,0.0627,0.4258,0.2366,HIGH
VM_025,1378667400,4.2,4.8885,4.8098,4.7439,4.7932,4.7798,4.6531,4.7672,4.8885,0.0631,0.4258,0.2384,HIGH
VM_025,1378667700,4.0,4.8546,4.7784,4.7136,4.763,4.75,4.6232,4.7366,4.8546,0.0623,0.4258,0.2353,HIGH
VM_025,1378668000,4.2,4.8463,4.771,4.7069,4.7564,4.7445,4.6176,4.7304,4.8463,0.0618,0.4258,0.2331,HIGH
VM_025,1378668300,4.0,4.8604,4.7829,4.7186,4.767,4.7524,4.6275,4.7407,4.8604,0.0624,0.4258,0.2365,HIGH
VM_025,1378668600,4.2667,4.8637,4.7851,4.7197,4.7666,4.7509,4.6269,4.7406,4.8637,0.063,0.4257,0.2395,HIGH
VM_025,1378668900,4.1333,4.818,4.7434,4.6795,4.7271,4.7146,4.5894,4.7015,4.818,0.0616,0.4263,0.2332,HIGH
VM_025,1378669200,4.2,4.8692,4.7895,4.7243,4.7702,4.7543,4.6315,4.7449,4.8692,0.0631,0.4263,0.2402,HIGH
VM_025,1378669500,5.7333,4.88,4.804,4.7347,4.784,4.7788,4.6514,4.7621,4.88,0.0623,0.4575,0.2371,HIGH
VM_025,1378669800,4.2,4.8894,4.8149,4.7468,4.8029,4.8041,4.6724,4.781,4.8894,0.0617,0.4575,0.2281,HIGH
VM_025,1378670100,4.0,4.9425,4.8654,4.7959,4.8532,4.8486,4.7194,4.8291,4.9425,0.0625,0.4575,0.2329,HIGH
VM_025,1378670400,4.2333,4.9343,4.8588,4.7881,4.8457,4.8394,4.71,4.8202,4.9343,0.0627,0.4575,0.2339,HIGH
VM_025,1378670700,4.0667,4.9142,4.8407,4.7712,4.8294,4.8227,4.6924,4.8029,4.9142,0.0623,0.4575,0.2319,HIGH
VM_025,1378671000,4.2,4.9273,4.8528,4.7833,4.8409,4.8323,4.7028,4.8139,4.9273,0.0626,0.4572,0.2339,HIGH
VM_025,1378671300,4.0,4.9004,4.828,4.7594,4.8165,4.8072,4.6781,4.789,4.9004,0.0621,0.4572,0.2322,HIGH
VM_025,1378671600,4.2,4.8982,4.8261,4.758,4.8144,4.8049,4.6761,4.7871,4.8982,0.062,0.4572,0.2321,HIGH
VM_025,1378671900,4.0,4.8852,4.8138,4.7463,4.8019,4.7915,4.6636,4.7744,4.8852,0.0618,0.4572,0.2316,HIGH
VM_025,1378672200,4.2333,4.8821,4.8112,4.7436,4.7983,4.788,4.6606,4.7713,4.8821,0.0618,0.4572,0.2316,HIGH
VM_025,1378672500,4.4,4.8656,4.7973,4.7304,4.7858,4.7791,4.6502,4.7598,4.8656,0.0611,0.4561,0.2267,HIGH
VM_025,1378672800,4.1667,4.8642,4.7975,4.7308,4.7871,4.7819,4.6528,4.7615,4.8642,0.0607,0.4564,0.2236,HIGH
VM_025,1378673100,6.7,5.012,4.9399,4.8652,4.925,4.929,4.7951,4.904,5.012,0.0633,0.6113,0.2478,HIGH
VM_025,1378673400,4.2,4.9443,4.8804,4.8079,4.8774,4.8903,4.7503,4.8549,4.9443,0.0633,0.6113,0.2299,HIGH
VM_025,1378673700,4.0,5.0562,4.9861,4.9117,4.9827,4.9842,4.8488,4.9564,5.0562,0.0637,0.6113,0.2404,HIGH
VM_025,1378674000,4.2667,5.0248,4.9585,4.8831,4.9543,4.9537,4.8178,4.9257,5.0248,0.0636,0.6112,0.24,HIGH
VM_025,1378674300,4.1333,5.0107,4.946,4.8723,4.9434,4.9414,4.8048,4.9135,5.0107,0.0633,0.6101,0.2391,HIGH
VM_025,1378674600,4.2,5.0119,4.9473,4.8744,4.9445,4.9403,4.8045,4.9139,5.0119,0.0632,0.6101,0.2403,HIGH
VM_025,1378674900,4.0,5.0007,4.9362,4.8639,4.9322,4.9247,4.7906,4.9007,5.0007,0.0631,0.6101,0.2423,HIGH
VM_025,1378675200,4.2,4.9901,4.9256,4.8537,4.9198,4.9107,4.7776,4.8883,4.9901,0.0631,0.6101,0.2442,HIGH
VM_025,1378675500,4.0,4.957,4.8944,4.824,4.8883,4.8785,4.7463,4.8569,4.957,0.0626,0.6101,0.2428,HIGH
VM_025,1378675800,4.3,4.9691,4.9048,4.8339,4.8959,4.8846,4.7538,4.8651,4.9691,0.0631,0.61,0.2464,HIGH
VM_025,1378676100,5.7667,5.0491,4.9803,4.9055,4.9669,4.96,4.8264,4.9391,5.0491,0.0649,0.6755,0.2606,HIGH
VM_025,1378676400,4.6667,5.0787,5.0085,4.9308,4.9916,4.9832,4.8503,4.9638,5.0787,0.0663,0.6764,0.2652,HIGH
VM_025,1378676700,5.7667,5.1185,5.0506,4.9686,5.031,5.0292,4.8932,5.0057,5.1185,0.0671,0.6793,0.2631,HIGH
VM_025,1378677000,4.1667,5.0765,5.0144,4.9356,5.0046,5.0089,4.8687,4.9784,5.0765,0.0665,0.6798,0.2495,HIGH
VM_025,1378677300,4.0,5.1363,5.0706,4.991,5.0609,5.0554,4.9198,5.0313,5.1363,0.0668,0.6798,0.2562,HIGH
VM_025,1378677600,4.1,5.0656,5.0062,4.9283,4.9981,4.9922,4.8562,4.9667,5.0656,0.0658,0.6818,0.2509,HIGH
VM_025,1378677900,4.1,5.0575,4.9986,4.9229,4.9918,4.9839,4.8487,4.9597,5.0575,0.0653,0.6811,0.2505,HIGH
VM_025,1378678200,4.1333,5.0564,4.9961,4.9204,4.9874,4.9757,4.8427,4.9546,5.0564,0.0655,0.6822,0.2544,HIGH
VM_025,1378678500,4.0667,5.0159,4.9571,4.8827,4.9474,4.9345,4.8026,4.9144,5.0159,0.0651,0.6806,0.2539,HIGH
VM_025,1378678800,4.1,4.9993,4.9398,4.8659,4.9281,4.9133,4.7832,4.8954,4.9993,0.0651,0.6822,0.2563,HIGH
VM_025,1378679100,4.0333,4.959,4.9012,4.8285,4.8886,4.8736,4.7446,4.8565,4.959,0.0646,0.6814,0.2548,HIGH
VM_025,1378679400,4.1667,4.9365,4.8797,4.8074,4.8657,4.8513,4.7233,4.8347,4.9365,0.0643,0.6822,0.254,HIGH
VM_025,1378679700,4.1333,4.9016,4.8478,4.777,4.8347,4.8229,4.6947,4.8049,4.9016,0.0635,0.6844,0.2494,HIGH
VM_025,1378680000,4.1333,4.9157,4.86,4.788,4.8449,4.8314,4.7051,4.8156,4.9157,0.0639,0.6849,0.2523,HIGH
VM_025,1378680300,5.6333,4.9625,4.907,4.8302,4.8875,4.8796,4.7514,4.8613,4.9625,0.0648,0.5497,0.2354,HIGH
VM_025,1378680600,4.1333,4.9827,4.9274,4.8507,4.9118,4.9072,4.7764,4.8856,4.9827,0.0652,0.5506,0.2318,HIGH
VM_025,1378680900,4.0667,4.9937,4.938,4.8601,4.9223,4.9132,4.7843,4.8942,4.9937,0.0657,0.549,0.2339,HIGH
VM_025,1378681200,4.1667,4.9628,4.9095,4.8316,4.8934,4.8833,4.7547,4.8644,4.9628,0.0655,0.55,0.2331,HIGH
VM_025,1378681500,4.1333,4.9403,4.8889,4.8123,4.8738,4.8636,4.7349,4.8446,4.9403,0.0652,0.55,0.2309,HIGH
VM_025,1378681800,4.1333,4.9496,4.8954,4.8176,4.8779,4.8639,4.7376,4.8481,4.9496,0.0658,0.5509,0.2362,HIGH
VM_025,1378682100,4.0667,4.9078,4.8548,4.7771,4.8358,4.8206,4.6955,4.8059,4.9078,0.0658,0.5493,0.2362,HIGH
VM_025,1378682400,4.1333,4.8875,4.834,4.7563,4.8131,4.7966,4.673,4.7835,4.8875,0.0659,0.5502,0.238,HIGH
VM_025,1378682700,4.0667,4.855,4.8024,4.7251,4.7803,4.7635,4.6412,4.7513,4.855,0.0657,0.5486,0.2373,HIGH
VM_025,1378683000,4.2,4.8448,4.7908,4.7124,4.7659,4.7477,4.6274,4.7376,4.8448,0.0661,0.5493,0.2402,HIGH
VM_025,1378683300,4.2,4.752,4.7083,4.6344,4.6887,4.6791,4.556,4.6625,4.752,0.0634,0.4573,0.2117,HIGH
VM_025,1378683600,4.1,4.8357,4.7843,4.7074,4.7622,4.7466,4.6276,4.7356,4.8357,0.0649,0.4505,0.2203,HIGH
VM_025,1378683900,5.6333,4.8416,4.7938,4.7129,4.7685,4.7598,4.6381,4.7447,4.8416,0.0653,0.4314,0.2142,HIGH
VM_025,1378684200,4.0667,4.8857,4.8371,4.7568,4.8161,4.8094,4.6859,4.792,4.8857,0.0657,0.4326,0.2115,HIGH
VM_025,1378684500,4.1,4.8994,4.8498,4.7681,4.8291,4.8174,4.6961,4.8025,4.8994,0.0661,0.4307,0.214,HIGH
VM_025,1378684800,8.4333,4.6055,4.5921,4.4669,4.5362,4.5207,4.3875,4.5029,4.6055,0.0749,0.9563,0.2929,HIGH
VM_025,1378685100,4.2,5.0989,5.0415,4.959,5.029,5.0113,4.8669,4.9965,5.0989,0.0715,0.9551,0.3037,HIGH
VM_025,1378685400,4.0333,4.9934,4.9467,4.8567,4.9336,4.9134,4.7724,4.8961,4.9934,0.0715,0.9566,0.2953,HIGH
VM_025,1378685700,4.1,4.9732,4.9266,4.8353,4.9126,4.8913,4.7499,4.8742,4.9732,0.0718,0.9561,0.297,HIGH
VM_025,1378686000,4.0333,4.9439,4.8972,4.8053,4.8827,4.8602,4.7196,4.8436,4.9439,0.0718,0.9572,0.2979,HIGH
VM_025,1378686300,4.0667,4.9083,4.8615,4.7696,4.8464,4.8233,4.6846,4.8074,4.9083,0.0715,0.9566,0.2974,HIGH
VM_025,1378686600,4.1,4.8653,4.8202,4.7289,4.805,4.7826,4.6459,4.7667,4.8653,0.0706,0.9575,0.2942,HIGH
VM_025,1378686900,4.2,4.8092,4.7699,4.6825,4.7587,4.7404,4.6041,4.7216,4.8127,0.0687,0.9567,0.2856,HIGH
VM_025,1378687200,4.0333,4.85,4.8053,4.7158,4.7929,4.7689,4.6385,4.7552,4.85,0.069,0.9583,0.2881,HIGH
VM_025,1378687500,6.1667,4.8829,4.8402,4.7456,4.8234,4.8084,4.6751,4.7899,4.8829,0.0696,0.9932,0.2897,HIGH
VM_025,1378687800,4.0667,4.9255,4.8827,4.7905,4.8721,4.8574,4.7248,4.8376,4.9334,0.0694,0.9942,0.2905,HIGH
VM_025,1378688100,4.0667,4.9432,4.8978,4.8037,4.8878,4.8658,4.7394,4.8505,4.9432,0.0694,0.9942,0.2867,HIGH
VM_025,1378688400,4.0333,4.8824,4.8406,4.7473,4.8312,4.809,4.6846,4.7932,4.884,0.0685,0.9962,0.2835,HIGH
VM_025,1378688700,4.2333,4.8728,4.8318,4.7403,4.8237,4.8016,4.6788,4.786,4.8773,0.0678,0.9951,0.2826,HIGH
VM_025,1378689000,4.0,4.8792,4.8345,4.7417,4.825,4.7981,4.6805,4.7865,4.8792,0.0678,0.9972,0.283,HIGH
VM_025,1378689300,4.2,4.842,4.797,4.7034,4.7856,4.7582,4.6432,4.7474,4.842,0.0675,0.9954,0.2829,HIGH
VM_025,1378689600,4.0,4.823,4.776,4.682,4.7625,4.7328,4.6214,4.7246,4.823,0.0674,0.9976,0.2854,HIGH
VM_025,1378689900,4.1333,4.7874,4.7415,4.6479,4.7266,4.6975,4.5878,4.6896,4.7874,0.0668,0.9966,0.2837,HIGH
VM_025,1378690200,4.0667,4.7842,4.735,4.6401,4.7175,4.6855,4.5798,4.6808,4.7842,0.0671,0.9983,0.2877,HIGH
VM_025,1378690500,4.7333,4.6533,4.5423,4.3911,4.4983,4.4812,4.3817,4.4704,4.6533,0.0853,0.999,0.3702,HIGH
VM_025,1378690800,5.3,4.75,4.6382,4.506,4.5983,4.57,4.469,4.5692,4.75,0.0827,1.0107,0.3552,HIGH
VM_025,1378691100,6.4667,4.7718,4.6665,4.5363,4.6247,4.6076,4.5009,4.601,4.7718,0.0821,1.0642,0.36,HIGH
VM_025,1378691400,4.0,4.8244,4.7302,4.6117,4.6996,4.6797,4.5761,4.6738,4.8244,0.0781,1.0656,0.3436,HIGH
VM_025,1378691700,4.2,4.8407,4.7491,4.633,4.7217,4.6915,4.5976,4.6919,4.8407,0.0764,1.064,0.3365,HIGH
VM_025,1378692000,4.0333,4.7609,4.6769,4.5649,4.6506,4.6198,4.5283,4.6197,4.7609,0.0741,0.669,0.2773,HIGH
VM_025,1378692300,4.2667,4.7481,4.6684,4.5604,4.6426,4.6126,4.5231,4.6126,4.7481,0.0723,0.6685,0.2719,HIGH
VM_025,1378692600,7.4,4.9164,4.8211,4.7049,4.7855,4.7607,4.6728,4.7615,4.9164,0.0766,0.9082,0.3243,HIGH
VM_025,1378692900,6.7667,5.0134,4.9133,4.7909,4.8703,4.851,4.7641,4.85,5.0134,0.0792,1.0146,0.3515,HIGH
VM_025,1378693200,4.0,4.9685,4.8791,4.7607,4.8391,4.8173,4.7347,4.816,4.9685,0.0764,1.0154,0.342,HIGH
VM_025,1378693500,4.2,4.9391,4.8553,4.7402,4.8171,4.7938,4.7148,4.7927,4.9391,0.0743,1.0127,0.3355,HIGH
VM_025,1378693800,4.1333,4.9062,4.827,4.7152,4.7906,4.7659,4.6899,4.765,4.9062,0.0725,1.012,0.3297,HIGH
VM_025,1378694100,5.6667,4.9502,4.8717,4.76,4.8333,4.8137,4.7364,4.8104,4.9502,0.0725,1.0301,0.3339,HIGH
VM_025,1378694400,4.0,4.938,4.8642,4.7553,4.8287,4.806,4.7329,4.8036,4.938,0.0708,1.031,0.3282,HIGH
VM_025,1378694700,7.1,5.0489,4.9757,4.8624,4.9323,4.9217,4.842,4.9136,5.0489,0.0728,1.1048,0.3453,HIGH
VM_025,1378695000,4.0,5.0882,5.022,4.9129,4.9871,4.9747,4.896,4.9646,5.0882,0.0711,1.1066,0.3374,HIGH
VM_025,1378695300,4.1667,5.0787,5.0162,4.9094,4.9863,4.9697,4.8935,4.9602,5.0787,0.0694,1.1043,0.3301,HIGH
VM_025,1378695600,4.1667,5.0395,4.9823,4.8788,4.9553,4.9375,4.8599,4.9269,5.0395,0.068,1.101,0.3219,HIGH
VM_025,1378695900,5.3333,5.0744,5.0206,4.9192,4.9941,4.9806,4.8977,4.9668,5.0744,0.0679,1.1029,0.319,HIGH
VM_025,1378696200,4.0,5.0871,5.0331,4.9327,5.0092,4.9896,4.9104,4.9787,5.0871,0.0673,1.1029,0.3163,HIGH
VM_025,1378696500,4.3,5.0391,4.9889,4.8904,4.9661,4.9462,4.8647,4.9342,5.0391,0.0666,1.1008,0.3104,HIGH
VM_025,1378696800,5.7,5.1096,5.0548,4.9539,5.0278,5.0097,4.9258,4.9979,5.1096,0.0681,1.104,0.3166,HIGH
VM_025,1378697100,6.4333,5.2203,5.1549,5.046,5.1196,5.1028,5.0191,5.0923,5.2203,0.0716,1.1393,0.3367,HIGH
VM_025,1378697400,4.8667,5.1958,5.1338,5.0244,5.0971,5.0792,4.9941,5.0683,5.1958,0.0719,1.1244,0.3332,HIGH
VM_025,1378697700,7.8667,5.3715,5.2977,5.1789,5.2491,5.2377,5.149,5.2262,5.3715,0.0767,1.2686,0.3715,HIGH
VM_025,1378698000,4.3667,5.3276,5.2611,5.1447,5.2156,5.1989,5.1122,5.1882,5.3276,0.0757,1.2765,0.3655,HIGH
VM_025,1378698300,8.8333,5.561,5.488,5.3616,5.427,5.4232,5.3279,5.4087,5.561,0.0807,1.4671,0.4084,HIGH
VM_025,1378698600,4.0667,5.462,5.4117,5.2978,5.3669,5.3643,5.2619,5.3419,5.462,0.0766,1.4648,0.3836,HIGH
VM_025,1378698900,4.1,5.5038,5.4526,5.3428,5.4155,5.4003,5.3058,5.3845,5.5038,0.0744,1.4678,0.3768,HIGH
VM_025,1378699200,4.0667,5.4074,5.3654,5.2621,5.3344,5.3168,5.2193,5.2995,5.4074,0.0722,1.4667,0.3621,HIGH
VM_025,1378699500,4.3333,5.3753,5.3406,5.2444,5.3146,5.2963,5.1946,5.2779,5.3753,0.0706,1.465,0.3498,HIGH
VM_025,1378699800,4.2,5.3739,5.3387,5.2455,5.3157,5.2923,5.1923,5.2766,5.3739,0.07,1.3964,0.3422,HIGH
VM_025,1378700100,4.5667,5.3512,5.3152,5.2227,5.2919,5.2665,5.1659,5.252,5.3512,0.0702,1.3487,0.3401,HIGH
VM_025,1378700400,4.1,5.2946,5.2633,5.175,5.2418,5.2152,5.112,5.2006,5.2946,0.0695,1.3458,0.3367,HIGH
VM_025,1378700700,5.2667,5.3249,5.2927,5.2052,5.2694,5.2449,5.1382,5.2299,5.3249,0.0701,1.3379,0.3377,HIGH
VM_025,1378701000,5.1667,5.3667,5.3305,5.241,5.3043,5.2784,5.1718,5.2653,5.3667,0.0714,1.3259,0.3438,HIGH
VM_025,1378701300,5.1,5.3569,5.324,5.2356,5.2969,5.2734,5.163,5.2586,5.3569,0.0716,1.3191,0.341,HIGH
VM_025,1378701600,4.0,5.3405,5.3077,5.2208,5.2817,5.2528,5.1448,5.2411,5.3405,0.0716,1.3191,0.3438,HIGH
VM_025,1378701900,5.8667,5.3787,5.3489,5.2603,5.3162,5.2928,5.1786,5.2792,5.3787,0.0728,1.2564,0.3372,HIGH
VM_025,1378702200,4.0,5.3518,5.3297,5.2478,5.3051,5.2834,5.1654,5.2664,5.355,0.0714,1.2564,0.3256,HIGH
VM_025,1378702500,4.2,5.3817,5.3548,5.2727,5.3316,5.3024,5.1894,5.2905,5.3817,0.0717,1.2555,0.3305,HIGH
VM_025,1378702800,4.0333,5.3038,5.2821,5.2029,5.2603,5.2304,5.1155,5.2178,5.3038,0.0712,1.2594,0.3276,HIGH
VM_025,1378703100,4.1667,5.2726,5.2546,5.1794,5.2347,5.2048,5.0877,5.192,5.2762,0.0707,1.2664,0.3269,HIGH
VM_025,1378703400,4.0,5.2592,5.2404,5.1667,5.221,5.1878,5.0724,5.1776,5.2594,0.0708,1.2664,0.3264,HIGH
VM_025,1378703700,4.2,5.2298,5.2107,5.1375,5.1902,5.1558,5.0406,5.1468,5.2298,0.071,1.2687,0.3288,HIGH
VM_025,1378704000,4.0,5.1895,5.1719,5.1007,5.1512,5.1158,5.0003,5.1078,5.1895,0.0709,1.2693,0.3282,HIGH
VM_025,1378704300,5.5333,5.2509,5.2257,5.1507,5.1988,5.165,5.0488,5.1585,5.2509,0.0726,1.2324,0.3337,HIGH
VM_025,1378704600,5.9333,5.3247,5.2913,5.2101,5.2559,5.2235,5.1072,5.2187,5.3247,0.0752,1.2545,0.3497,HIGH
VM_025,1378704900,4.3667,5.2151,5.2008,5.1289,5.1721,5.1477,5.0238,5.1351,5.2265,0.0722,1.0773,0.3096,HIGH
VM_025,1378705200,4.0,5.2836,5.2641,5.1934,5.2377,5.206,5.0884,5.1992,5.284,0.0722,1.0846,0.3067,HIGH
VM_025,1378705500,5.9,5.2873,5.2766,5.2067,5.247,5.2258,5.1004,5.2128,5.3064,0.072,0.6878,0.2604,HIGH
VM_025,1378705800,4.0,5.3154,5.3067,5.241,5.285,5.263,5.1384,5.2491,5.345,0.0709,0.6899,0.2593,HIGH
VM_025,1378706100,4.1,5.331,5.3197,5.2536,5.2994,5.272,5.152,5.2616,5.3527,0.0708,0.6899,0.2574,HIGH
VM_025,1378706400,4.0667,5.2893,5.2801,5.215,5.2598,5.2313,5.1115,5.2211,5.3118,0.0705,0.6899,0.2576,HIGH
VM_025,1378706700,4.2333,5.2571,5.252,5.1902,5.2333,5.2067,5.0847,5.195,5.288,0.0699,0.6916,0.2581,HIGH
VM_025,1378707000,4.0,5.2657,5.2579,5.1969,5.2394,5.2095,5.0905,5.2006,5.2904,0.0699,0.6971,0.2572,HIGH
VM_025,1378707300,4.2,5.2393,5.2318,5.1714,5.2125,5.1825,5.0639,5.174,5.2635,0.0697,0.7003,0.2575,HIGH
VM_025,1378707600,4.0,5.2163,5.2089,5.1498,5.1893,5.1582,5.0407,5.1509,5.2395,0.0695,0.7032,0.2569,HIGH
VM_025,1378707900,4.2,5.198,5.1909,5.133,5.1707,5.1401,5.0229,5.133,5.2216,0.0692,0.6871,0.2543,HIGH
VM_025,1378708200,4.0667,5.1814,5.1744,5.1176,5.1539,5.1228,5.0066,5.1166,5.2046,0.069,0.6751,0.2519,HIGH
VM_025,1378708500,4.3333,5.1084,5.1122,5.0618,5.0966,5.0734,4.952,5.0611,5.1572,0.0672,0.6597,0.2506,HIGH
VM_025,1378708800,4.0,5.1719,5.1696,5.1193,5.1548,5.1273,5.0111,5.1194,5.2104,0.0671,0.6597,0.2471,HIGH
VM_025,1378709100,5.7,5.1864,5.1901,5.139,5.1711,5.1535,5.031,5.1404,5.2387,0.0672,0.6442,0.2485,HIGH
VM_025,1378709400,4.0,5.195,5.2018,5.1537,5.19,5.1747,5.0518,5.1587,5.2614,0.0663,0.6442,0.2469,HIGH
VM_025,1378709700,4.2,5.2477,5.2493,5.1996,5.2376,5.2181,5.1001,5.2057,5.3035,0.0661,0.6442,0.2444,HIGH
VM_025,1378710000,4.0333,5.1898,5.1971,5.1492,5.1871,5.1697,5.0499,5.1547,5.2555,0.0655,0.6442,0.2449,HIGH
VM_025,1378710300,4.1667,5.1663,5.1781,5.1336,5.1716,5.1571,5.0355,5.1397,5.2435,0.0649,0.6442,0.245,HIGH
VM_025,1378710600,4.1,5.21,5.2165,5.171,5.2097,5.1919,5.0744,5.1778,5.2772,0.0646,0.6419,0.2411,HIGH
VM_025,1378710900,4.1,5.1714,5.1805,5.1358,5.1739,5.1577,5.0397,5.1422,5.2431,0.0641,0.6435,0.2414,HIGH
VM_025,1378711200,4.0,5.1661,5.1747,5.1307,5.1684,5.1516,5.0348,5.1369,5.2368,0.0637,0.6435,0.2403,HIGH
VM_025,1378711500,4.2,5.171,5.1773,5.1328,5.1697,5.1527,5.0374,5.139,5.2376,0.0634,0.5958,0.2328,HIGH
VM_025,1378711800,4.0667,5.1672,5.1709,5.1256,5.1615,5.1431,5.0299,5.1311,5.2276,0.0631,0.4897,0.2173,HIGH
VM_025,1378712100,4.3,5.0805,5.0949,5.0541,5.0894,5.0786,4.9602,5.0602,5.1647,0.0625,0.4892,0.2225,HIGH
VM_025,1378712400,4.0,5.1544,5.1606,5.1193,5.1554,5.1397,5.0275,5.1264,5.2245,0.0619,0.4892,0.2166,HIGH
VM_025,1378712700,5.7333,5.1743,5.1855,5.1425,5.1754,5.1695,5.0516,5.1511,5.2564,0.0626,0.4653,0.2195,HIGH
VM_025,1378713000,4.0,5.1558,5.1713,5.1303,5.1685,5.1649,5.0469,5.1431,5.253,0.0624,0.4653,0.2206,HIGH
VM_025,1378713300,4.2,5.2181,5.2273,5.185,5.2252,5.2176,5.105,5.1994,5.3037,0.0617,0.4645,0.2147,HIGH
VM_025,1378713600,4.0333,5.159,5.1735,5.1326,5.1732,5.1677,5.0538,5.1469,5.2537,0.0613,0.4651,0.2157,HIGH
VM_025,1378713900,4.2667,5.1169,5.1374,5.1,5.1414,5.1402,5.0238,5.1156,5.2267,0.0614,0.4651,0.2181,HIGH
VM_025,1378714200,4.0,5.1677,5.1822,5.1443,5.1873,5.1821,5.0709,5.1611,5.2667,0.0604,0.4651,0.2126,HIGH
VM_025,1378714500,4.2,5.1361,5.1523,5.1144,5.1572,5.1541,5.0425,5.1315,5.2382,0.0601,0.4651,0.2125,HIGH
VM_025,1378714800,4.0,5.1204,5.1368,5.0997,5.1426,5.1393,5.0286,5.1168,5.2228,0.0596,0.4651,0.2113,HIGH
VM_025,1378715100,4.2,5.1217,5.1367,5.0995,5.1422,5.1392,5.0297,5.1171,5.222,0.0591,0.4651,0.2098,HIGH
VM_025,1378715400,4.1,5.1182,5.1314,5.0937,5.1361,5.1326,5.0248,5.1113,5.2146,0.0585,0.4646,0.2078,HIGH
VM_025,1378715700,4.3667,4.9769,5.006,4.9743,5.0175,5.0246,4.9093,4.9938,5.1091,0.0603,0.4649,0.2181,HIGH
VM_025,1378716000,4.0,5.0839,5.1033,5.0717,5.1175,5.119,5.0113,5.0938,5.2007,0.059,0.4649,0.2114,HIGH
VM_025,1378716300,6.6333,5.1843,5.2022,5.1652,5.2087,5.221,5.1084,5.1915,5.3047,0.0607,0.6085,0.241,HIGH
VM_025,1378716600,4.0,5.0921,5.1202,5.0844,5.135,5.1502,5.0357,5.1148,5.2356,0.0626,0.6085,0.2517,HIGH
VM_025,1378716900,4.2,5.2041,5.2216,5.1844,5.2375,5.2462,5.1395,5.2167,5.3279,0.0608,0.6085,0.2433,HIGH
VM_025,1378717200,4.0333,5.1475,5.1689,5.1316,5.1852,5.1952,5.0875,5.1635,5.2762,0.0605,0.6085,0.2439,HIGH
VM_025,1378717500,4.3,5.1476,5.1682,5.131,5.1846,5.1947,5.0871,5.163,5.275,0.0601,0.6079,0.243,HIGH
VM_025,1378717800,4.0,5.1456,5.1639,5.1263,5.1801,5.1879,5.0829,5.1579,5.2669,0.059,0.6096,0.2398,HIGH
VM_025,1378718100,4.1667,5.1222,5.1407,5.1035,5.1566,5.165,5.0602,5.1346,5.2433,0.0586,0.6089,0.239,HIGH
VM_025,1378718400,4.0,5.108,5.1249,5.0882,5.1408,5.148,5.0448,5.1186,5.2252,0.0577,0.6089,0.2363,HIGH
VM_025,1378718700,4.1667,5.1093,5.1226,5.0854,5.137,5.1433,5.0423,5.1154,5.2191,0.0567,0.6091,0.233,HIGH
VM_025,1378719000,4.0667,5.06,5.0757,5.0396,5.0902,5.0978,4.996,5.0688,5.1734,0.0565,0.6091,0.2334,HIGH
VM_025,1378719300,4.3,4.9944,5.017,4.984,5.0347,5.0472,4.9422,5.0141,5.1234,0.0578,0.6091,0.2395,HIGH
VM_025,1378719600,4.0,5.0306,5.0481,5.0159,5.0677,5.0777,4.9774,5.0473,5.1518,0.0569,0.6091,0.2357,HIGH
VM_025,1378719900,5.8,5.0792,5.0989,5.0645,5.1142,5.1326,5.028,5.0984,5.2083,0.0587,0.6161,0.2455,HIGH
VM_025,1378720200,4.0,5.0297,5.054,5.0195,5.0752,5.0953,4.9902,5.0576,5.1713,0.0603,0.6161,0.2521,HIGH
VM_025,1378720500,4.2,5.0791,5.0982,5.064,5.1214,5.1391,5.0382,5.1037,5.2125,0.0595,0.6161,0.2482,HIGH
VM_025,1378720800,4.0333,5.0292,5.0519,5.0187,5.0768,5.096,4.9941,5.0585,5.1687,0.0597,0.6161,0.2491,HIGH
VM_025,1378721100,4.2333,4.9991,5.0245,4.9928,5.0517,5.0729,4.9696,5.0334,5.1451,0.0604,0.6162,0.2512,HIGH
VM_025,1378721400,4.0,5.0274,5.0476,5.0155,5.0754,5.0935,4.9942,5.0568,5.1635,0.0589,0.6162,0.2461,HIGH
VM_025,1378721700,4.2,5.0002,5.0206,4.9885,5.0478,5.0672,4.9675,5.0296,5.1364,0.0585,0.6162,0.2456,HIGH
VM_025,1378722000,4.0,4.9868,5.0054,4.9732,5.0322,5.0504,4.9521,5.0139,5.1184,0.0575,0.6162,0.2426,HIGH
VM_025,1378722300,4.2,4.9709,4.9887,4.9566,5.0148,5.0334,4.9353,4.997,5.1006,0.057,0.6162,0.2414,HIGH
VM_025,1378722600,4.0667,4.9614,4.9771,4.9449,5.0025,5.0202,4.9236,4.9849,5.0864,0.0561,0.6167,0.2388,HIGH
VM_025,1378722900,4.3333,4.8919,4.9141,4.8837,4.9409,4.9632,4.8629,4.9239,5.0301,0.0577,0.6166,0.2443,HIGH
VM_025,1378723200,4.0,4.9235,4.9405,4.9105,4.9684,4.988,4.8919,4.9516,5.0529,0.0566,0.6166,0.2401,HIGH
VM_025,1378723500,5.6,4.9559,4.9764,4.9447,5.0009,5.0278,4.9274,4.9877,5.0948,0.0589,0.4626,0.2292,HIGH
VM_025,1378723800,4.0,4.9134,4.9371,4.9048,4.9667,4.995,4.8939,4.9519,5.0621,0.0608,0.4626,0.235,HIGH
VM_025,1378724100,4.2,4.9788,4.9949,4.9625,5.0257,5.0506,4.9547,5.0109,5.1147,0.0593,0.4626,0.2293,HIGH
VM_025,1378724400,4.0333,4.9061,4.9275,4.8964,4.9598,4.9869,4.8886,4.9443,5.0509,0.0599,0.4626,0.2314,HIGH
VM_025,1378724700,4.2667,4.9113,4.9313,4.9006,4.9646,4.9914,4.8937,4.9491,5.0543,0.0597,0.4625,0.2302,HIGH
VM_025,1378725000,4.0,4.9176,4.9335,4.9026,4.9667,4.991,4.8964,4.9509,5.0522,0.0582,0.4625,0.2255,HIGH
VM_025,1378725300,4.1667,4.9006,4.9148,4.8838,4.9469,4.971,4.8769,4.9313,5.0311,0.0571,0.4625,0.2229,HIGH
VM_025,1378725600,4.0,4.8627,4.8772,4.8468,4.9091,4.9326,4.8385,4.8931,4.9921,0.0564,0.4625,0.221,HIGH
VM_025,1378725900,4.1333,4.8619,4.8733,4.8432,4.9045,4.9268,4.8344,4.8888,4.985,0.0553,0.4628,0.2176,HIGH
VM_025,1378726200,4.5667,4.8507,4.8614,4.8308,4.8911,4.9149,4.8218,4.8765,4.9729,0.0552,0.4657,0.2185,HIGH
VM_025,1378726500,4.4667,4.7797,4.7985,4.7692,4.8299,4.8586,4.7612,4.8157,4.918,0.0576,0.4675,0.2262,HIGH
VM_025,1378726800,4.2,4.8357,4.8477,4.8186,4.8804,4.9062,4.8139,4.8667,4.9634,0.0567,0.4643,0.2216,HIGH
VM_025,1378727100,6.9333,4.9685,4.9776,4.9425,5.003,5.0375,4.9409,4.9949,5.0973,0.0594,0.6473,0.2565,HIGH
VM_025,1378727400,4.0,4.9271,4.9387,4.901,4.9679,5.0006,4.905,4.9564,5.0604,0.0604,0.6473,0.26,HIGH
VM_025,1378727700,4.1333,4.9314,4.9415,4.9055,4.9728,5.0033,4.91,4.9604,5.0613,0.0597,0.648,0.2568,HIGH
VM_025,1378728000,4.0667,4.9001,4.9109,4.8766,4.9441,4.9735,4.8808,4.9305,5.0303,0.0591,0.6473,0.2544,HIGH
VM_025,1378728300,4.3,4.8781,4.8892,4.856,4.9236,4.9527,4.8598,4.9095,5.0087,0.0587,0.6471,0.2532,HIGH
VM_025,1378728600,4.4667,4.8864,4.8941,4.861,4.9284,4.9561,4.865,4.9143,5.011,0.0578,0.6438,0.2499,HIGH
VM_025,1378728900,4.2,4.868,4.8741,4.8418,4.9084,4.9349,4.8452,4.894,4.9886,0.0567,0.6438,0.2467,HIGH
VM_025,1378729200,4.0,4.8132,4.8213,4.7908,4.8567,4.8827,4.7926,4.8415,4.9359,0.0562,0.6438,0.245,HIGH
VM_025,1378729500,4.2,4.7914,4.7997,4.7709,4.8361,4.8624,4.7724,4.8211,4.9146,0.056,0.6438,0.2438,HIGH
VM_025,1378729800,4.1333,4.7813,4.7876,4.76,4.8247,4.8503,4.762,4.81,4.9011,0.0553,0.6427,0.2409,HIGH
VM_025,1378730100,4.3667,4.6944,4.7098,4.6843,4.749,4.7803,4.6867,4.7348,4.8321,0.058,0.6427,0.2481,HIGH
VM_025,1378730400,4.0,4.7653,4.7703,4.7456,4.8111,4.8378,4.7514,4.7973,4.8863,0.0559,0.6427,0.24,HIGH
VM_025,1378730700,7.8,4.9273,4.929,4.8961,4.9604,4.9983,4.9046,4.9532,5.0506,0.0596,0.9239,0.2914,HIGH
VM_025,1378731000,4.0333,4.9033,4.9052,4.8686,4.9397,4.9745,4.8831,4.929,5.0265,0.06,0.9232,0.2933,HIGH
VM_025,1378731300,4.1667,4.897,4.8974,4.8629,4.9338,4.9661,4.8768,4.9219,5.0164,0.059,0.9236,0.2895,HIGH
VM_025,1378731600,4.0333,4.8441,4.8474,4.8152,4.886,4.9173,4.8273,4.8725,4.9668,0.0586,0.9236,0.2875,HIGH
VM_025,1378731900,4.2667,4.8079,4.8138,4.7837,4.8547,4.8864,4.7949,4.8404,4.9354,0.0589,0.9236,0.2877,HIGH
VM_025,1378732200,4.0,4.7923,4.7965,4.7688,4.8399,4.8698,4.7805,4.825,4.9172,0.0582,0.9236,0.2841,HIGH
VM_025,1378732500,4.2,4.771,4.7746,4.7487,4.8192,4.8492,4.7605,4.8044,4.8953,0.0577,0.9232,0.2817,HIGH
VM_025,1378732800,4.0,4.7202,4.7259,4.702,4.7723,4.8026,4.7132,4.757,4.8479,0.0577,0.9232,0.2807,HIGH
VM_025,1378733100,4.2,4.7305,4.7321,4.7095,4.7792,4.8084,4.7213,4.7644,4.8521,0.0566,0.9223,0.2766,HIGH
VM_025,1378733400,4.1333,4.7099,4.7094,4.6874,4.7564,4.7848,4.699,4.7417,4.8274,0.0556,0.9241,0.2735,HIGH
VM_025,1378733700,5.3,4.7059,4.7084,4.6849,4.7538,4.788,4.6967,4.741,4.8316,0.0576,0.9411,0.2826,HIGH
VM_025,1378734000,4.0,4.735,4.7317,4.7083,4.7781,4.8086,4.7223,4.7649,4.8504,0.0563,0.9444,0.278,HIGH
VM_025,1378734300,6.1333,4.7527,4.7581,4.7322,4.8018,4.8422,4.7466,4.7915,4.8885,0.0613,0.8639,0.2844,HIGH
VM_025,1378734600,4.0,4.7378,4.7439,4.7179,4.7944,4.8359,4.7399,4.7824,4.8814,0.064,0.8639,0.2896,HIGH
VM_025,1378734900,4.1667,4.7972,4.7954,4.7716,4.8496,4.8875,4.7971,4.8372,4.9296,0.0627,0.8634,0.283,HIGH
VM_025,1378735200,4.5667,4.767,4.7664,4.7425,4.8209,4.8598,4.7676,4.8079,4.9016,0.0626,0.8604,0.2829,HIGH
VM_025,1378735500,4.4333,4.7552,4.7553,4.7313,4.8105,4.8491,4.7555,4.7966,4.8909,0.0626,0.8599,0.2827,HIGH
VM_025,1378735800,4.0,4.7622,4.7579,4.7346,4.8139,4.8487,4.7585,4.7991,4.8888,0.0608,0.8648,0.2773,HIGH
VM_025,1378736100,4.2,4.7296,4.7258,4.7033,4.7816,4.8161,4.7253,4.7663,4.8556,0.0599,0.8648,0.2752,HIGH
VM_025,1378736400,5.2667,4.8014,4.7894,4.7642,4.842,4.8755,4.7858,4.828,4.9145,0.0587,0.8759,0.2742,HIGH
VM_025,1378736700,5.1667,4.8426,4.8249,4.7961,4.8733,4.9056,4.8171,4.86,4.9446,0.0574,0.8845,0.2735,HIGH
VM_025,1378737000,4.6,4.8216,4.8041,4.7739,4.8502,4.8812,4.7921,4.8361,4.9206,0.0565,0.8807,0.2721,HIGH
VM_025,1378737300,5.7667,4.8897,4.8682,4.8344,4.9103,4.9427,4.8517,4.8976,4.9828,0.057,0.9142,0.2792,HIGH
VM_025,1378737600,4.0,4.8559,4.8333,4.8004,4.8762,4.9046,4.8171,4.8617,4.9436,0.0554,0.9142,0.2746,HIGH
VM_025,1378737900,7.3333,5.0327,5.0046,4.9645,5.0391,5.0726,4.9799,5.0287,5.1148,0.0582,0.8456,0.2761,HIGH
VM_025,1378738200,4.0,4.9399,4.9178,4.8775,4.9583,4.9924,4.8976,4.9442,5.0346,0.06,0.8466,0.2822,HIGH
VM_025,1378738500,4.2,4.9527,4.926,4.89,4.9699,4.9994,4.9092,4.9545,5.0383,0.0581,0.8459,0.2739,HIGH
VM_025,1378738800,4.0333,4.8731,4.8505,4.8179,4.8972,4.9253,4.8341,4.8797,4.9628,0.057,0.8459,0.2703,HIGH
VM_025,1378739100,4.2667,4.8484,4.8258,4.7958,4.8742,4.9013,4.81,4.856,4.937,0.0561,0.8459,0.2664,HIGH
VM_025,1378739400,4.0,4.8149,4.7906,4.7631,4.8406,4.8654,4.7762,4.8217,4.901,0.0546,0.8459,0.2619,HIGH
VM_025,1378739700,4.9,4.8194,4.7939,4.7665,4.8427,4.8693,4.7785,4.825,4.9036,0.0545,0.8442,0.2608,HIGH
VM_025,1378740000,5.3667,4.8862,4.8529,4.8228,4.8986,4.9251,4.8356,4.8826,4.9596,0.0539,0.8473,0.2602,HIGH
VM_025,1378740300,4.2,4.8395,4.8068,4.7767,4.852,4.8772,4.7887,4.8352,4.9105,0.0528,0.8473,0.257,HIGH
VM_025,1378740600,4.1667,4.7832,4.7545,4.726,4.8004,4.8265,4.7356,4.7831,4.8584,0.0528,0.8464,0.256,HIGH
VM_025,1378740900,5.2,4.7441,4.7236,4.6963,4.7718,4.8076,4.7073,4.7564,4.8397,0.0574,0.8434,0.2682,HIGH
VM_025,1378741200,5.7333,4.9396,4.9016,4.8721,4.9491,4.9828,4.8896,4.9366,5.0177,0.0569,0.8581,0.27,HIGH
VM_025,1378741500,7.7,5.1182,5.0745,5.0341,5.1125,5.1535,5.0547,5.1042,5.1859,0.0608,1.0142,0.3001,HIGH
VM_025,1378741800,4.0667,5.0023,4.9677,4.926,5.013,5.0553,4.9514,4.9994,5.0884,0.0633,1.012,0.3086,HIGH
VM_025,1378742100,4.2,5.0369,4.9977,4.96,5.0468,5.0831,4.9841,5.0311,5.1139,0.061,1.0111,0.2999,HIGH
VM_025,1378742400,4.0333,4.9493,4.9163,4.8813,4.9683,5.0033,4.9021,4.9499,5.0318,0.0603,1.0225,0.2979,HIGH
VM_025,1378742700,4.9667,4.9819,4.9462,4.9115,4.9984,5.0334,4.931,4.9802,5.0616,0.0601,1.0203,0.2968,HIGH
VM_025,1378743000,4.1667,4.9613,4.9232,4.8896,4.9764,5.0078,4.9087,4.9569,5.0365,0.0582,1.0151,0.2915,HIGH
VM_025,1378743300,4.2,4.9327,4.893,4.8601,4.9453,4.9739,4.8766,4.9251,5.0018,0.0561,1.0151,0.2852,HIGH
VM_025,1378743600,4.0,4.8749,4.8362,4.8044,4.8881,4.9152,4.8176,4.8672,4.9418,0.0546,1.0234,0.2814,HIGH
VM_025,1378743900,4.2,4.8731,4.8299,4.7984,4.8801,4.9047,4.8098,4.8597,4.9318,0.0526,1.0258,0.2763,HIGH
VM_025,1378744200,4.6,4.8695,4.8228,4.7897,4.8696,4.8938,4.7995,4.8502,4.9198,0.0516,1.0258,0.2725,HIGH
VM_025,1378744500,8.5667,5.1447,5.0808,5.0334,5.1129,5.1466,5.0466,5.1018,5.1701,0.0562,1.2781,0.3138,HIGH
VM_025,1378744800,4.1,5.051,4.9926,4.9432,5.0258,5.0577,4.9594,5.0117,5.0808,0.0561,1.2754,0.3146,HIGH
VM_025,1378745100,5.7333,5.1216,5.0654,5.0133,5.0955,5.1314,5.0276,5.083,5.1565,0.0588,1.1776,0.3111,HIGH
VM_025,1378745400,4.0,5.073,5.0185,4.9676,5.056,5.092,4.9871,5.0403,5.1154,0.0597,1.1776,0.3136,HIGH
VM_025,1378745700,4.2,5.0658,5.0091,4.9611,5.0486,5.0796,4.9781,5.0311,5.1029,0.0576,1.1776,0.3069,HIGH
VM_025,1378746000,4.0333,4.9923,4.9396,4.8937,4.9808,5.0103,4.9072,4.9613,5.0318,0.0564,1.1776,0.3029,HIGH
VM_025,1378746300,4.2667,4.9555,4.9054,4.8618,4.9485,4.9792,4.8735,4.9289,5.0003,0.0564,1.1776,0.3029,HIGH
VM_025,1378746600,4.0,4.9376,4.8855,4.8444,4.9304,4.9589,4.8554,4.9103,4.9812,0.0551,1.1776,0.2996,HIGH
VM_025,1378746900,4.2,4.9213,4.8673,4.8268,4.9115,4.9388,4.8366,4.8916,4.9605,0.0537,1.183,0.2958,HIGH
VM_025,1378747200,4.0,4.8702,4.8175,4.7778,4.8617,4.8889,4.7859,4.8416,4.9092,0.053,1.1847,0.293,HIGH
VM_025,1378747500,4.1667,4.8698,4.814,4.7745,4.857,4.8834,4.7819,4.8377,4.9039,0.052,1.1853,0.2897,HIGH
VM_025,1378747800,4.0667,4.8443,4.7871,4.7472,4.8286,4.8544,4.7536,4.8097,4.8741,0.0511,1.1874,0.2866,HIGH
VM_025,1378748100,5.5667,4.8865,4.8287,4.7855,4.8673,4.9017,4.7944,4.8522,4.9184,0.0542,1.1967,0.2948,HIGH
VM_025,1378748400,4.0,4.9017,4.8397,4.7958,4.8784,4.9095,4.8063,4.8627,4.9282,0.0533,1.1837,0.2909,HIGH
VM_025,1378748700,7.6333,5.1001,5.0331,4.9785,5.0634,5.1094,4.9948,5.055,5.1252,0.0608,1.1763,0.3079,HIGH
VM_025,1378749000,4.0,5.0276,4.9664,4.9116,5.0063,5.0549,4.9358,4.9937,5.072,0.064,1.1777,0.32,HIGH
VM_025,1378749300,4.1667,5.0637,5.0008,4.9483,5.0438,5.0863,4.9699,5.0283,5.103,0.0623,1.1783,0.314,HIGH
VM_025,1378749600,4.0333,5.0206,4.9609,4.9091,5.0058,5.0451,4.9276,4.9873,5.0604,0.0613,1.1783,0.3101,HIGH
VM_025,1378749900,4.2,4.9984,4.9404,4.8895,4.9868,5.0251,4.9056,4.9669,5.0397,0.0611,1.1788,0.3088,HIGH
VM_025,1378750200,4.0667,5.0182,4.9551,4.9041,5.0007,5.0327,4.9174,4.9793,5.049,0.0587,1.1806,0.3018,HIGH
VM_025,1378750500,4.1333,4.9865,4.9229,4.8708,4.966,4.9955,4.881,4.9439,5.0103,0.0572,1.1816,0.2961,HIGH
VM_025,1378750800,4.0667,4.9566,4.8923,4.8399,4.9337,4.9612,4.8472,4.9113,4.9754,0.0562,1.1802,0.2917,HIGH
VM_025,1378751100,4.1333,4.9431,4.8771,4.8242,4.9163,4.9424,4.8298,4.8944,4.9567,0.0553,1.1813,0.2885,HIGH
VM_025,1378751400,4.1333,4.911,4.8457,4.7928,4.8836,4.9103,4.7974,4.8623,4.9239,0.0551,1.1848,0.2878,HIGH
VM_025,1378751700,4.2,4.847,4.7875,4.7364,4.8277,4.8604,4.7429,4.8077,4.8756,0.0569,0.8229,0.2499,HIGH
VM_025,1378752000,4.0333,4.8928,4.8282,4.7774,4.8683,4.8975,4.7839,4.8485,4.9125,0.0558,0.824,0.2448,HIGH
VM_025,1378752300,5.7667,4.9791,4.9129,4.8565,4.9489,4.9861,4.8676,4.933,5.0015,0.0594,0.8264,0.2555,HIGH
VM_025,1378752600,4.0667,4.913,4.8523,4.7962,4.8961,4.9396,4.8139,4.8785,4.9577,0.0634,0.8252,0.2705,HIGH
VM_025,1378752900,4.1333,5.0137,4.9455,4.8887,4.9893,5.0239,4.9042,4.9695,5.0387,0.0609,0.8259,0.2578,HIGH
VM_025,1378753200,4.1,4.9641,4.9,4.8413,4.9428,4.9763,4.8548,4.9212,4.9922,0.0606,0.8249,0.2578,HIGH
VM_025,1378753500,4.2,4.9706,4.9053,4.8457,4.9474,4.9792,4.8573,4.9251,4.9956,0.0602,0.8254,0.2562,HIGH
VM_025,1378753800,4.0667,4.967,4.9004,4.8398,4.9411,4.9695,4.8492,4.9178,4.9863,0.0593,0.8241,0.2522,HIGH
VM_025,1378754100,4.1333,4.966,4.8976,4.8354,4.9356,4.9612,4.8426,4.9119,4.9779,0.0583,0.8249,0.2479,HIGH
VM_025,1378754400,4.0667,4.96,4.8891,4.825,4.9237,4.9456,4.8294,4.8996,4.9625,0.0571,0.8237,0.2423,HIGH
VM_025,1378754700,4.1333,4.9458,4.8733,4.8073,4.9041,4.9239,4.8096,4.8802,4.9458,0.0564,0.8241,0.2423,HIGH
VM_025,1378755000,4.1333,4.9247,4.8514,4.7842,4.8793,4.8978,4.7847,4.8558,4.9247,0.0561,0.8231,0.2436,HIGH
VM_025,1378755300,4.2667,4.8796,4.8097,4.7428,4.8375,4.8599,4.7443,4.8153,4.8802,0.0568,0.7836,0.2379,HIGH
VM_025,1378755600,4.0667,4.9143,4.8397,4.7713,4.8649,4.883,4.7717,4.8428,4.9143,0.0561,0.7825,0.2405,HIGH
VM_025,1378755900,5.6,4.9835,4.9072,4.8326,4.9271,4.9518,4.8373,4.9087,4.9835,0.0589,0.4478,0.206,HIGH
VM_025,1378756200,8.1667,5.3055,5.2084,5.118,5.219,5.2558,5.1333,5.2077,5.3055,0.0674,0.9137,0.297,HIGH
VM_025,1378756500,5.2667,5.3413,5.2436,5.1449,5.2503,5.2823,5.1617,5.2354,5.3413,0.0689,0.928,0.3068,HIGH
VM_025,1378756800,4.1667,5.2807,5.1885,5.0894,5.1954,5.2209,5.1009,5.1758,5.2807,0.0678,0.9257,0.3032,HIGH
VM_025,1378757100,4.1333,5.2294,5.1415,5.0452,5.1512,5.1726,5.0525,5.1284,5.2294,0.0667,0.9266,0.2986,HIGH
VM_025,1378757400,4.1333,5.2067,5.1185,5.0244,5.1291,5.1443,5.0279,5.1039,5.2067,0.0651,0.9254,0.2958,HIGH
VM_025,1378757700,4.0667,5.1445,5.0594,4.9677,5.0709,5.0832,4.9688,5.0443,5.1445,0.0636,0.9266,0.2912,HIGH
VM_025,1378758000,4.1333,5.1161,5.0302,4.9404,5.0413,5.0497,4.9387,5.0141,5.1161,0.0622,0.9254,0.289,HIGH
VM_025,1378758300,4.0667,5.0675,4.9825,4.8942,4.993,4.9993,4.8911,4.9656,5.0675,0.0609,0.9266,0.2863,HIGH
VM_025,1378758600,4.2,5.0426,4.9563,4.8685,4.9649,4.969,4.8641,4.938,5.0426,0.0601,0.9257,0.2856,HIGH
VM_025,1378758900,4.2,4.9376,4.8609,4.7775,4.8741,4.8858,4.7757,4.8484,4.9376,0.0598,0.9257,0.2776,HIGH
VM_025,1378759200,4.1333,4.998,4.9141,4.8303,4.9258,4.9322,4.8289,4.9006,4.998,0.059,0.9238,0.2804,HIGH
VM_025,1378759500,6.9333,5.1419,5.0539,4.9609,5.0591,5.0787,4.9687,5.0403,5.1419,0.0639,1.0204,0.3066,HIGH
VM_025,1378759800,4.9667,5.1738,5.0856,4.9906,5.0968,5.1218,5.0062,5.077,5.1738,0.0672,1.0194,0.3108,HIGH
VM_025,1378760100,4.0333,5.1747,5.0877,4.9926,5.1013,5.1194,5.0083,5.0776,5.1747,0.0657,1.0214,0.3078,HIGH
VM_025,1378760400,5.4333,5.2366,5.1468,5.0485,5.1584,5.1776,5.0649,5.1351,5.2366,0.0669,1.0317,0.3134,HIGH
VM_025,1378760700,8.7,5.5632,5.4522,5.3375,5.4512,5.4802,5.363,5.4351,5.5632,0.0749,1.3217,0.3822,HIGH
VM_025,1378761000,4.3333,5.4516,5.3498,5.2344,5.3527,5.3766,5.2611,5.3303,5.4516,0.0743,1.3163,0.3765,HIGH
VM_025,1378761300,4.0,5.3838,5.2881,5.1774,5.2949,5.3124,5.1995,5.2684,5.3838,0.0717,1.3196,0.3682,HIGH
VM_025,1378761600,4.2,5.3456,5.2519,5.1449,5.2611,5.2735,5.1643,5.2322,5.3456,0.0695,1.3166,0.3621,HIGH
VM_025,1378761900,4.0,5.2692,5.18,5.0779,5.1926,5.2018,5.0949,5.1618,5.2692,0.0673,1.3199,0.3544,HIGH
VM_025,1378762200,4.2667,5.237,5.1489,5.0495,5.1621,5.1691,5.0655,5.1311,5.237,0.0656,1.3172,0.35,HIGH
VM_025,1378762500,4.1333,5.1202,5.044,4.9523,5.0651,5.0786,4.969,5.0341,5.1202,0.0651,1.3199,0.3381,HIGH
VM_025,1378762800,4.2,5.157,5.0777,4.9884,5.1014,5.1118,5.0071,5.0703,5.157,0.0638,1.3169,0.3358,HIGH
VM_025,1378763100,5.7667,5.1891,5.1149,5.0246,5.1411,5.1632,5.051,5.1134,5.1921,0.0673,1.3217,0.3389,HIGH
VM_025,1378763400,4.2,5.1651,5.0951,5.0101,5.1348,5.1623,5.0435,5.1047,5.1939,0.0704,1.1169,0.3272,HIGH
VM_025,1378763700,4.0,5.2197,5.1472,5.0634,5.1914,5.2097,5.0978,5.1573,5.2372,0.0677,1.1165,0.3138,HIGH
VM_025,1378764000,4.2333,5.1888,5.1194,5.036,5.1648,5.1822,5.0703,5.1291,5.2086,0.0666,1.1155,0.31,HIGH
VM_025,1378764300,4.0667,5.1658,5.0983,5.0168,5.1453,5.1618,5.0495,5.1087,5.1886,0.0657,1.1168,0.3079,HIGH
VM_025,1378764600,4.1,5.1517,5.0851,5.0045,5.1323,5.1473,5.0362,5.0953,5.1741,0.0648,1.1174,0.3048,HIGH
VM_025,1378764900,4.0,5.1468,5.0787,4.9974,5.1236,5.1351,5.0275,5.0862,5.1609,0.0631,1.1189,0.2977,HIGH
VM_025,1378765200,4.2,5.1305,5.0618,4.9791,5.1028,5.1131,5.0071,5.0662,5.1388,0.0621,1.1178,0.2932,HIGH
VM_025,1378765500,4.0,5.0959,5.0282,4.9453,5.0662,5.0752,4.9702,5.03,5.102,0.0612,1.1192,0.2906,HIGH
VM_025,1378765800,4.7333,5.1285,5.0574,4.9714,5.09,5.0992,4.9952,5.0559,5.1285,0.0613,1.1163,0.29,HIGH
VM_025,1378766100,7.1667,5.2982,5.2188,5.1245,5.2441,5.266,5.1545,5.2171,5.2982,0.0665,1.2268,0.3202,HIGH
VM_025,1378766400,4.2,5.2969,5.218,5.1194,5.2405,5.2569,5.1487,5.2109,5.2969,0.0666,1.2254,0.3233,HIGH
VM_025,1378766700,6.8333,5.4607,5.3778,5.2696,5.3926,5.4176,5.3037,5.3676,5.4607,0.071,1.2178,0.3359,HIGH
VM_025,1378767000,4.2,5.4202,5.3425,5.236,5.3643,5.3894,5.2706,5.3354,5.4268,0.073,1.2217,0.3396,HIGH
VM_025,1378767300,4.0,5.4093,5.333,5.2278,5.3567,5.3717,5.2581,5.3232,5.4093,0.0706,1.2225,0.33,HIGH
VM_025,1378767600,5.9333,5.492,5.411,5.302,5.4308,5.4472,5.3318,5.3986,5.492,0.0719,1.2396,0.3385,HIGH
VM_025,1378767900,8.5667,5.776,5.6766,5.5536,5.6848,5.7112,5.5905,5.6596,5.776,0.0787,1.2211,0.3636,HIGH
VM_025,1378768200,4.8667,5.7067,5.6135,5.4888,5.6223,5.644,5.5248,5.5924,5.7067,0.0788,1.2186,0.3622,HIGH
VM_025,1378768500,4.0,5.6102,5.5255,5.4066,5.5382,5.5526,5.4355,5.5037,5.6102,0.076,1.2186,0.3514,HIGH
VM_025,1378768800,4.2,5.5565,5.4762,5.3625,5.4914,5.4999,5.3853,5.4543,5.5565,0.0735,1.2186,0.3433,HIGH
VM_025,1378769100,7.4667,5.765,5.6683,5.5455,5.6735,5.6859,5.5719,5.6418,5.765,0.077,1.3271,0.3768,HIGH
VM_025,1378769400,4.3,5.6267,5.5426,5.4239,5.5516,5.563,5.4471,5.5165,5.6267,0.0759,1.3265,0.3666,HIGH
VM_025,1378769700,4.2,5.534,5.4619,5.3529,5.4786,5.4904,5.3705,5.4415,5.5361,0.074,1.3249,0.3535,HIGH
VM_025,1378770000,4.2,5.5394,5.4664,5.3604,5.4855,5.4895,5.3756,5.4459,5.5394,0.0716,1.3249,0.347,HIGH
VM_025,1378770300,7.1667,5.7023,5.6247,5.512,5.6375,5.6514,5.5316,5.6035,5.7023,0.0749,1.3941,0.3659,HIGH
VM_025,1378770600,5.7,5.7346,5.6577,5.5455,5.676,5.6968,5.5693,5.6418,5.7446,0.0782,1.3925,0.3759,HIGH
VM_025,1378770900,4.3333,5.7161,5.6404,5.5296,5.6618,5.6726,5.5513,5.6227,5.7178,0.0757,1.3836,0.3627,HIGH
VM_025,1378771200,9.0667,5.6906,5.6556,5.484,5.6182,5.6231,5.4712,5.5737,5.6906,0.088,1.5981,0.4094,HIGH
VM_025,1378771500,4.1,5.8344,5.7735,5.6735,5.8028,5.8098,5.6468,5.7536,5.8633,0.078,1.597,0.3862,HIGH
VM_025,1378771800,4.1667,5.763,5.7119,5.6095,5.7439,5.7407,5.5851,5.6886,5.7921,0.0763,1.595,0.3761,HIGH
VM_025,1378772100,4.0,5.7046,5.6553,5.5529,5.6881,5.6792,5.5252,5.6299,5.73,0.0753,1.595,0.3681,HIGH
VM_025,1378772400,4.9667,5.6976,5.6469,5.5436,5.678,5.6684,5.5133,5.6199,5.719,0.0754,1.5811,0.3646,HIGH
VM_025,1378772700,5.7667,5.7577,5.7002,5.5919,5.726,5.7166,5.5611,5.6697,5.7668,0.0767,1.5606,0.3635,HIGH
VM_025,1378773000,6.2,5.8311,5.7651,5.6486,5.7825,5.774,5.6187,5.7286,5.8311,0.0789,1.5646,0.3716,HIGH
VM_025,1378773300,5.2,5.7729,5.7109,5.5944,5.7273,5.7215,5.5639,5.6739,5.7746,0.0795,1.5188,0.3632,HIGH
VM_025,1378773600,4.1,5.7008,5.6428,5.5292,5.6606,5.6487,5.4952,5.6049,5.7031,0.0782,1.5222,0.3616,HIGH
VM_025,1378773900,5.5333,5.6798,5.6307,5.5189,5.6488,5.6434,5.4851,5.5956,5.7021,0.0785,1.4885,0.3628,HIGH
VM_025,1378774200,4.1333,5.6012,5.5591,5.4566,5.5888,5.586,5.4256,5.5343,5.649,0.0782,1.4906,0.3732,HIGH
VM_025,1378774500,4.0,5.622,5.5763,5.4735,5.6079,5.5901,5.4406,5.5488,5.6509,0.0761,1.4906,0.3555,HIGH
VM_025,1378774800,4.2667,5.5275,5.4876,5.3857,5.5191,5.5003,5.3519,5.4591,5.5622,0.0753,1.4966,0.3562,HIGH
VM_025,1378775100,4.2,5.3837,5.3571,5.2658,5.3958,5.3865,5.2316,5.3381,5.4538,0.0751,1.3233,0.347,HIGH
VM_025,1378775400,4.1,5.4807,5.4448,5.3511,5.4824,5.4576,5.3136,5.4214,5.5224,0.0735,1.336,0.3344,HIGH
VM_025,1378775700,4.0,5.3836,5.3514,5.2559,5.386,5.3588,5.2175,5.3241,5.4241,0.0729,1.336,0.3328,HIGH
VM_025,1378776000,4.1,5.36,5.3252,5.228,5.3548,5.3232,5.1851,5.2932,5.3887,0.0725,1.3386,0.3322,HIGH
VM_025,1378776300,4.0,5.2977,5.2641,5.1665,5.2893,5.2558,5.1192,5.2283,5.3227,0.0723,1.2409,0.32,HIGH
VM_025,1378776600,4.1667,5.2658,5.232,5.1332,5.2521,5.2163,5.0814,5.1922,5.2843,0.0723,1.2437,0.3204,HIGH
VM_025,1378776900,4.0667,5.2075,5.1774,5.0801,5.195,5.16,5.0246,5.1364,5.2303,0.0721,1.2469,0.3218,HIGH
VM_025,1378777200,4.2,5.2149,5.1809,5.0807,5.1932,5.1528,5.0215,5.1348,5.2233,0.0727,1.2469,0.3208,HIGH
VM_025,1378777500,5.6667,5.2256,5.1976,5.0947,5.2042,5.1726,5.0348,5.1501,5.2474,0.0737,1.1583,0.3146,HIGH
VM_025,1378777800,4.2,5.2525,5.2247,5.1241,5.2346,5.2047,5.0652,5.1808,5.2824,0.0744,1.1452,0.3165,HIGH
VM_025,1378778100,4.6,5.286,5.2638,5.1538,5.2647,5.223,5.086,5.2066,5.3017,0.0764,1.1429,0.3168,HIGH
VM_025,1378778400,4.2333,5.2943,5.2682,5.1618,5.2721,5.2325,5.0935,5.2146,5.312,0.0766,0.6666,0.2584,HIGH
VM_025,1378778700,4.0667,5.2399,5.2167,5.1109,5.2194,5.1771,5.0387,5.1607,5.2577,0.0767,0.6675,0.2594,HIGH
VM_025,1378779000,4.1333,5.2108,5.1873,5.0811,5.1872,5.1417,5.0046,5.1282,5.2228,0.0771,0.6683,0.2596,HIGH
VM_025,1378779300,4.0,5.1735,5.1482,5.0409,5.1444,5.0946,4.96,5.0849,5.1758,0.0777,0.6683,0.259,HIGH
VM_025,1378779600,4.2,5.1349,5.1071,4.9981,5.0985,5.0464,4.9134,5.0397,5.1349,0.0784,0.6631,0.2635,HIGH
VM_025,1378779900,4.0,5.0832,5.0545,4.9454,5.042,4.9884,4.8566,4.9841,5.0832,0.0788,0.608,0.2604,HIGH
VM_025,1378780200,6.3667,5.1732,5.1344,5.0184,5.1134,5.0648,4.9305,5.0603,5.1732,0.0812,0.6301,0.2759,HIGH
VM_025,1378780500,4.0667,5.1112,5.0792,4.9661,5.0589,5.0128,4.8772,5.0062,5.1112,0.0803,0.6094,0.2649,HIGH
VM_025,1378780800,4.1667,5.1017,5.0698,4.9574,5.0493,4.9998,4.8672,4.9959,5.1017,0.0802,0.6084,0.2657,HIGH
VM_025,1378781100,7.4667,5.2452,5.2109,5.092,5.1839,5.147,5.0062,5.1369,5.2452,0.082,0.8511,0.2976,HIGH
VM_025,1378781400,4.2,5.2406,5.2127,5.0995,5.1946,5.16,5.0182,5.1458,5.2517,0.0809,0.8502,0.2921,HIGH
VM_025,1378781700,4.0,5.2377,5.2095,5.0963,5.1943,5.1492,5.0145,5.1408,5.2389,0.0805,0.8502,0.2884,HIGH
VM_025,1378782000,4.2333,5.1909,5.1617,5.047,5.1452,5.0957,4.9639,5.0897,5.1909,0.0807,0.8505,0.2928,HIGH
VM_025,1378782300,4.0667,5.1049,5.0854,4.9781,5.0729,5.0286,4.8924,5.018,5.1183,0.0789,0.8525,0.2887,HIGH
VM_025,1378782600,4.2,5.1434,5.1174,5.0088,5.1035,5.0514,4.921,5.0472,5.1434,0.0796,0.8511,0.2884,HIGH
VM_025,1378782900,4.0,5.0678,5.0435,4.9351,5.0284,4.9751,4.8459,4.9715,5.0678,0.0793,0.8511,0.2888,HIGH
VM_025,1378783200,4.2,5.039,5.0141,4.9067,4.9973,4.9433,4.8145,4.9411,5.039,0.0793,0.8496,0.2903,HIGH
VM_025,1378783500,4.0,4.9995,4.9754,4.8696,4.9577,4.9029,4.775,4.9018,4.9995,0.079,0.8496,0.29,HIGH
VM_025,1378783800,5.9667,5.0814,5.0452,4.9319,5.0199,4.9664,4.839,4.9672,5.0814,0.0815,0.9025,0.3123,HIGH
VM_025,1378784100,4.8333,5.0597,5.0253,4.9117,4.998,4.948,4.8188,4.9467,5.0597,0.0815,0.8996,0.31,HIGH
VM_025,1378784400,4.1667,5.0344,5.004,4.8932,4.978,4.9275,4.799,4.9263,5.0344,0.0807,0.9002,0.3053,HIGH
VM_025,1378784700,7.5667,5.1963,5.1628,5.0463,5.1304,5.0921,4.9559,5.0853,5.1963,0.0824,1.0707,0.3285,HIGH
VM_025,1378785000,4.4,5.1994,5.1751,5.0662,5.1531,5.1179,4.9804,5.1061,5.2131,0.0807,1.068,0.3209,HIGH
VM_025,1378785300,4.0,5.2172,5.1894,5.079,5.17,5.1217,4.9938,5.1175,5.2172,0.0806,1.0758,0.3196,HIGH
VM_025,1378785600,4.2667,5.1446,5.119,5.0082,5.0992,5.0492,4.9218,5.0449,5.1446,0.0804,1.0753,0.3204,HIGH
VM_025,1378785900,4.1,5.1002,5.0789,4.9726,5.0607,5.0113,4.8825,5.0062,5.1024,0.0795,1.0746,0.3167,HIGH
VM_025,1378786200,4.2,5.0968,5.0721,4.9656,5.053,4.9988,4.8738,4.9976,5.0968,0.0798,1.0734,0.3205,HIGH
VM_025,1378786500,4.0,5.0314,5.0092,4.9047,4.99,4.935,4.8106,4.9342,5.0314,0.0793,1.0734,0.3189,HIGH
VM_025,1378786800,4.1,5.0065,4.9814,4.8768,4.9601,4.9021,4.7802,4.9043,5.0065,0.0796,1.0752,0.3242,HIGH
VM_025,1378787100,4.0,4.9503,4.9251,4.8213,4.9021,4.843,4.7223,4.8466,4.9503,0.0795,1.0752,0.3256,HIGH
VM_025,1378787400,4.1667,4.9116,4.8875,4.7854,4.8631,4.8044,4.6838,4.8086,4.9116,0.0792,1.0105,0.3164,HIGH
VM_025,1378787700,4.8,4.913,4.889,4.7884,4.8637,4.808,4.6862,4.8113,4.913,0.0789,1.0075,0.314,HIGH
VM_025,1378788000,5.3667,4.9703,4.9375,4.8318,4.9073,4.8511,4.7316,4.8568,4.9703,0.0806,1.0175,0.3263,HIGH
VM_025,1378788300,5.7,4.9948,4.9676,4.8602,4.9328,4.8833,4.7588,4.8852,4.9948,0.0809,0.8511,0.3009,HIGH
VM_025,1378788600,4.2,5.0232,5.001,4.8995,4.9727,4.9248,4.8001,4.9246,5.0232,0.0793,0.8511,0.2896,HIGH
VM_025,1378788900,4.0,5.0185,4.9943,4.8922,4.9678,4.9124,4.794,4.9165,5.0185,0.0794,0.8511,0.2941,HIGH
VM_025,1378789200,4.5333,4.9726,4.9508,4.8495,4.924,4.8695,4.7504,4.8726,4.9726,0.079,0.8489,0.2922,HIGH
VM_025,1378789500,5.1333,4.9791,4.9648,4.8697,4.9412,4.8943,4.7697,4.8921,4.9891,0.0775,0.8512,0.2868,HIGH
VM_025,1378789800,4.2,5.0233,5.0049,4.9096,4.9826,4.9285,4.8104,4.9314,5.0233,0.0779,0.8512,0.2847,HIGH
VM_025,1378790100,4.0,4.9503,4.9368,4.8436,4.916,4.8616,4.744,4.8636,4.9554,0.077,0.8512,0.284,HIGH
VM_025,1378790400,4.1667,4.9397,4.9244,4.8319,4.903,4.8462,4.7307,4.8503,4.9397,0.077,0.8519,0.2829,HIGH
VM_025,1378790700,4.0,4.8958,4.8812,4.79,4.8595,4.8016,4.6874,4.8066,4.8958,0.0767,0.8519,0.2826,HIGH
VM_025,1378791000,4.4,4.8792,4.8646,4.7745,4.842,4.7846,4.6705,4.7899,4.8792,0.0765,0.7993,0.2758,HIGH
VM_025,1378791300,4.4333,4.8578,4.8494,4.7643,4.829,4.7757,4.6592,4.7783,4.8697,0.0751,0.7964,0.2745,HIGH
VM_025,1378791600,4.2,4.8806,4.8697,4.7852,4.8499,4.7934,4.6807,4.7988,4.8873,0.0752,0.7959,0.2727,HIGH
VM_025,1378791900,6.4333,4.9589,4.949,4.8617,4.9235,4.8761,4.7574,4.8773,4.9724,0.076,0.62,0.2547,HIGH
VM_025,1378792200,4.7333,4.9974,4.9971,4.9176,4.98,4.9402,4.8175,4.9348,5.0389,0.0741,0.6226,0.2565,HIGH
VM_025,1378792500,4.0,5.0511,5.0479,4.9691,5.0353,4.9867,4.8717,4.9863,5.084,0.0739,0.6226,0.2535,HIGH
VM_025,1378792800,4.3333,5.0079,5.0085,4.9302,4.9969,4.9484,4.8331,4.9465,5.045,0.0734,0.6218,0.2541,HIGH
VM_025,1378793100,4.0667,4.9827,4.99,4.9172,4.982,4.9358,4.8182,4.9315,5.0325,0.0724,0.6227,0.254,HIGH
VM_025,1378793400,4.6,5.0391,5.0395,4.965,5.0307,4.9807,4.8673,4.9799,5.0766,0.0728,0.6207,0.2522,HIGH
VM_025,1378793700,4.2,4.998,5.0,4.926,4.9911,4.9411,4.828,4.9397,5.0367,0.0725,0.6152,0.2515,HIGH
VM_025,1378794000,7.1,5.1425,5.1314,5.0506,5.1141,5.071,4.9555,5.0687,5.1674,0.0741,0.8073,0.278,HIGH
VM_025,1378794300,4.0,5.1133,5.108,5.0296,5.0933,5.0476,4.9346,5.0454,5.1444,0.0732,0.8073,0.2772,HIGH
VM_025,1378794600,4.6,5.1262,5.1192,5.0409,5.1044,5.0572,4.9465,5.0562,5.1533,0.073,0.8016,0.275,HIGH
VM_025,1378794900,4.7,5.1,5.1025,5.0304,5.0918,5.051,4.9356,5.0447,5.1476,0.0715,0.801,0.2755,HIGH
VM_025,1378795200,5.0667,5.1994,5.1924,5.1184,5.1812,5.1369,5.0276,5.1345,5.2325,0.0716,0.7913,0.2713,HIGH
VM_025,1378795500,5.7,5.2282,5.2291,5.1561,5.2156,5.1797,5.0641,5.1719,5.2774,0.0717,0.7913,0.2749,HIGH
VM_025,1378795800,4.2,5.2659,5.2698,5.2009,5.2634,5.228,5.1141,5.2184,5.325,0.0704,0.7913,0.272,HIGH
VM_025,1378796100,4.0,5.257,5.2626,5.197,5.262,5.2241,5.1135,5.2146,5.3192,0.0692,0.7913,0.2695,HIGH
VM_025,1378796400,4.2333,5.2404,5.2483,5.1857,5.2509,5.2135,5.103,5.2027,5.3073,0.0684,0.795,0.2688,HIGH
VM_025,1378796700,4.0667,5.2074,5.2217,5.1647,5.2294,5.1949,5.0822,5.1809,5.2879,0.0675,0.7939,0.2676,HIGH
VM_025,1378797000,4.2,5.2343,5.2451,5.1898,5.2555,5.219,5.1099,5.2065,5.3104,0.0668,0.7939,0.2649,HIGH
VM_025,1378797300,4.0,5.187,5.202,5.15,5.2155,5.1812,5.0709,5.1662,5.2717,0.0661,0.7939,0.264,HIGH
VM_025,1378797600,4.2,5.1904,5.2049,5.1553,5.2205,5.1869,5.0773,5.1716,5.2765,0.0655,0.7932,0.262,HIGH
VM_025,1378797900,4.0,5.1795,5.1907,5.1416,5.2075,5.1722,5.0657,5.1582,5.2606,0.0647,0.7932,0.2597,HIGH
VM_025,1378798200,4.3,5.1484,5.1621,5.1151,5.1796,5.1476,5.039,5.1313,5.2356,0.0643,0.7944,0.2593,HIGH
VM_025,1378798500,4.1333,5.0813,5.1099,5.0721,5.1342,5.1135,4.9966,5.0884,5.2018,0.0647,0.7988,0.2628,HIGH
VM_025,1378798800,4.2,5.1818,5.2021,5.1656,5.2306,5.2065,5.0965,5.185,5.2926,0.0637,0.7988,0.2557,HIGH
VM_025,1378799100,5.5,5.2071,5.2346,5.199,5.2615,5.2488,5.1312,5.2203,5.3368,0.0653,0.7218,0.2556,HIGH
VM_025,1378799400,4.2,5.2428,5.272,5.2381,5.3048,5.2966,5.1785,5.2642,5.3835,0.0659,0.7227,0.2619,HIGH
VM_025,1378799700,4.0,5.2694,5.2959,5.2625,5.3328,5.3223,5.2082,5.2908,5.4071,0.0652,0.7227,0.2594,HIGH
VM_025,1378800000,4.2333,5.259,5.2869,5.254,5.325,5.3169,5.2016,5.2832,5.4008,0.0652,0.7239,0.2609,HIGH
VM_025,1378800300,4.0667,5.2291,5.2624,5.2328,5.3039,5.3001,5.1815,5.2626,5.3836,0.0661,0.7239,0.265,HIGH
VM_025,1378800600,4.2,5.278,5.3056,5.2758,5.3488,5.343,5.2284,5.3075,5.425,0.0652,0.7256,0.2624,HIGH
VM_025,1378800900,4.0,5.2367,5.267,5.2384,5.3117,5.3083,5.1925,5.2704,5.3899,0.0654,0.7299,0.2649,HIGH
VM_025,1378801200,4.1333,5.2518,5.279,5.2508,5.3245,5.3207,5.2068,5.2836,5.4014,0.0647,0.4657,0.2296,HIGH
VM_025,1378801500,4.1,5.2423,5.2669,5.2384,5.3125,5.3085,5.1962,5.2718,5.3886,0.064,0.4631,0.2284,HIGH
VM_025,1378801800,5.5,5.3033,5.3214,5.2892,5.3624,5.3626,5.2496,5.3253,5.4429,0.0638,0.5186,0.2389,HIGH
VM_025,1378802100,4.1,5.2534,5.2778,5.2474,5.3207,5.324,5.2092,5.2835,5.4045,0.0647,0.5166,0.2431,HIGH
VM_025,1378802400,4.1333,5.2393,5.2678,5.2409,5.3144,5.3212,5.2057,5.2782,5.4009,0.0657,0.4947,0.2436,HIGH
VM_025,1378802700,5.7667,5.2751,5.3132,5.2897,5.3603,5.3822,5.258,5.3305,5.4647,0.0707,0.503,0.2621,HIGH
VM_025,1378803000,4.2,5.3299,5.365,5.3418,5.4202,5.4426,5.3236,5.3897,5.5221,0.0718,0.503,0.2646,HIGH
VM_025,1378803300,4.0,5.3389,5.372,5.3496,5.4317,5.4527,5.3379,5.3999,5.5293,0.0714,0.503,0.2621,HIGH
VM_025,1378803600,4.2333,5.3475,5.3785,5.3553,5.4387,5.4599,5.3464,5.4069,5.5351,0.0707,0.503,0.2605,HIGH
VM_025,1378803900,4.0667,5.2897,5.3267,5.3049,5.3882,5.413,5.2959,5.3565,5.4883,0.0721,0.503,0.2643,HIGH
VM_025,1378804200,4.1667,5.3163,5.3504,5.3294,5.4138,5.4377,5.3234,5.3823,5.5116,0.0717,0.5034,0.2627,HIGH
VM_025,1378804500,4.0,5.2989,5.3323,5.3118,5.397,5.4211,5.3083,5.3654,5.4939,0.0714,0.5034,0.2619,HIGH
VM_025,1378804800,4.1333,5.2996,5.3297,5.309,5.3945,5.4179,5.3072,5.3631,5.4897,0.0705,0.5042,0.26,HIGH
VM_025,1378805100,4.0,5.277,5.3053,5.2846,5.3699,5.3928,5.2836,5.3386,5.4638,0.0696,0.5042,0.2582,HIGH
VM_025,1378805400,4.2667,5.2524,5.282,5.2618,5.346,5.3712,5.2608,5.3157,5.4419,0.0699,0.5042,0.2596,HIGH
VM_025,1378805700,4.0667,5.2127,5.2455,5.2271,5.3109,5.3387,5.2273,5.2813,5.409,0.071,0.5054,0.2622,HIGH
VM_025,1378806000,4.2,5.2354,5.2639,5.2462,5.3307,5.3581,5.2504,5.3019,5.4266,0.0704,0.5054,0.2603,HIGH
VM_025,1378806300,5.6333,5.2656,5.3,5.2814,5.3627,5.4005,5.2859,5.339,5.4717,0.074,0.5197,0.274,HIGH
VM_025,1378806600,4.2,5.2471,5.2833,5.2634,5.35,5.3908,5.2771,5.3262,5.4608,0.0764,0.5197,0.28,HIGH
VM_025,1378806900,4.0,5.2594,5.2935,5.2754,5.3645,5.4035,5.2943,5.3399,5.4708,0.0764,0.5197,0.2773,HIGH
VM_025,1378807200,4.2333,5.2563,5.2893,5.2715,5.3616,5.4017,5.2935,5.3374,5.4674,0.0764,0.5197,0.2765,HIGH
VM_025,1378807500,4.0667,5.2057,5.2425,5.2255,5.3159,5.3578,5.248,5.2915,5.4232,0.0773,0.5197,0.2783,HIGH
VM_025,1378807800,4.6667,5.2646,5.2938,5.2753,5.3667,5.4074,5.3015,5.3433,5.4711,0.0759,0.5242,0.2759,HIGH
VM_025,1378808100,5.5667,5.3044,5.3283,5.3049,5.3961,5.4399,5.3335,5.3754,5.5043,0.0757,0.5765,0.2859,HIGH
VM_025,1378808400,4.2,5.2692,5.294,5.2693,5.3611,5.4029,5.2984,5.3392,5.4672,0.0749,0.5754,0.2848,HIGH
VM_025,1378808700,4.0,5.2206,5.248,5.225,5.3162,5.3575,5.2535,5.2936,5.4212,0.0749,0.578,0.2843,HIGH
VM_025,1378809000,4.3,5.2207,5.2461,5.2241,5.315,5.3559,5.2541,5.2928,5.4182,0.0744,0.5276,0.2759,HIGH
VM_025,1378809300,4.0667,5.1516,5.1822,5.1623,5.2528,5.2959,5.1925,5.2305,5.3578,0.0756,0.5283,0.2781,HIGH
VM_025,1378809600,4.2,5.1746,5.1999,5.1812,5.2723,5.3137,5.2149,5.2504,5.3731,0.0745,0.5274,0.2739,HIGH
VM_025,1378809900,5.7,5.1267,5.1664,5.1477,5.2348,5.2892,5.1792,5.2176,5.3534,0.0807,0.5197,0.2906,HIGH
VM_025,1378810200,4.2,5.1562,5.1929,5.1737,5.2678,5.3212,5.2165,5.2495,5.3822,0.0823,0.5197,0.2917,HIGH
VM_025,1378810500,4.0,5.1704,5.2035,5.1866,5.2835,5.335,5.2355,5.2644,5.3924,0.0821,0.5197,0.2873,HIGH
VM_025,1378810800,4.2667,5.1412,5.1758,5.1595,5.2567,5.3101,5.2096,5.2378,5.3664,0.0825,0.5194,0.287,HIGH
VM_025,1378811100,4.1333,5.0484,5.0923,5.0775,5.1743,5.2314,5.126,5.1552,5.2886,0.085,0.518,0.2919,HIGH
VM_025,1378811400,4.2,5.1209,5.1569,5.1431,5.2422,5.2956,5.1969,5.223,5.3494,0.0836,0.5176,0.2856,HIGH
VM_025,1378811700,4.0,5.0741,5.1113,5.0978,5.1973,5.2515,5.1526,5.1778,5.3045,0.0836,0.5176,0.2849,HIGH
VM_025,1378812000,4.2,5.0641,5.1,5.0866,5.1856,5.2396,5.1411,5.1664,5.2918,0.0829,0.5166,0.2827,HIGH
VM_025,1378812300,4.0,5.0271,5.0642,5.0511,5.1498,5.2034,5.1049,5.1303,5.2553,0.0826,0.5166,0.2815,HIGH
VM_025,1378812600,4.2667,5.0246,5.0605,5.0477,5.1457,5.1997,5.1019,5.1269,5.2509,0.0823,0.5166,0.2804,HIGH
VM_025,1378812900,4.0333,4.9628,5.0033,4.9912,5.0886,5.1445,5.0447,5.07,5.1958,0.0834,0.5174,0.2825,HIGH
VM_025,1378813200,4.2,5.0151,5.0477,5.036,5.1343,5.1875,5.093,5.1162,5.2363,0.0817,0.5174,0.2769,HIGH
VM_025,1378813500,8.4,5.2437,5.2649,5.2417,5.3369,5.4009,5.3008,5.328,5.4548,0.0832,0.9466,0.3462,HIGH
VM_025,1378813800,4.5333,5.1663,5.192,5.1611,5.2622,5.3244,5.2246,5.2499,5.3798,0.0837,0.945,0.3512,HIGH
VM_025,1378814100,4.0,5.1587,5.1827,5.1545,5.2558,5.3124,5.2175,5.2412,5.3659,0.0819,0.945,0.345,HIGH
VM_025,1378814400,4.2667,5.1332,5.1568,5.1304,5.231,5.2862,5.1928,5.2156,5.3386,0.0809,0.9447,0.3416,HIGH
VM_025,1378814700,4.1333,5.007,5.0427,5.0189,5.118,5.1765,5.077,5.1017,5.2302,0.0833,0.9435,0.3465,HIGH
VM_025,1378815000,4.2667,5.0524,5.0829,5.0621,5.1624,5.218,5.1242,5.1459,5.2685,0.0827,0.9436,0.3415,HIGH
VM_025,1378815300,4.0,5.0123,5.0425,5.0242,5.125,5.1804,5.0885,5.108,5.2292,0.0826,0.9179,0.3356,HIGH
VM_025,1378815600,4.2,4.982,5.0121,4.9955,5.0955,5.1513,5.0595,5.0787,5.1989,0.0822,0.9179,0.3334,HIGH
VM_025,1378815900,4.0,4.9451,4.9755,4.9605,5.0601,5.1154,5.0242,5.043,5.1618,0.0818,0.9179,0.3308,HIGH
VM_025,1378816200,4.2333,4.9367,4.9655,4.9515,5.0506,5.106,5.0157,5.034,5.1511,0.0813,0.9183,0.3285,HIGH
VM_025,1378816500,4.0667,4.8924,4.9225,4.9096,5.0081,5.0644,4.9734,4.9916,5.1087,0.0814,0.9183,0.3278,HIGH
VM_025,1378816800,4.2,4.8984,4.9246,4.9127,5.0109,5.0665,4.9777,4.9949,5.109,0.0805,0.9183,0.3243,HIGH
VM_025,1378817100,5.5333,4.9361,4.9646,4.9505,5.0463,5.107,5.0136,5.0334,5.1522,0.0822,0.9086,0.33,HIGH
VM_025,1378817400,4.2,4.926,4.9534,4.936,5.0361,5.0978,5.0051,5.0228,5.1411,0.0831,0.9086,0.3318,HIGH
VM_025,1378817700,4.0,4.9271,4.9505,4.9351,5.0359,5.0951,5.0058,5.0218,5.1362,0.082,0.9086,0.327,HIGH
VM_025,1378818000,4.3333,4.8867,4.9124,4.8977,4.9974,5.0584,4.9667,4.9835,5.0993,0.0822,0.9083,0.3272,HIGH
VM_025,1378818300,4.0667,4.8089,4.8424,4.8288,4.9277,4.9914,4.8955,4.9137,5.0327,0.084,0.9092,0.3308,HIGH
VM_025,1378818600,5.6333,4.9706,4.9884,4.9725,5.0731,5.1356,5.0461,5.0619,5.1744,0.0825,0.9427,0.3315,HIGH
VM_025,1378818900,4.0,4.8711,4.8942,4.8778,4.9787,5.0417,4.95,4.9659,5.0812,0.0826,0.9427,0.3326,HIGH
VM_025,1378819200,4.2,4.875,4.8947,4.8794,4.9798,5.0405,4.951,4.9667,5.0786,0.0811,0.9427,0.328,HIGH
VM_025,1378819500,4.0,4.8302,4.8503,4.8361,4.9361,4.9958,4.9065,4.9222,5.0332,0.0804,0.9427,0.3256,HIGH
VM_025,1378819800,4.4,4.8325,4.8495,4.8357,4.935,4.9943,4.906,4.9216,5.0306,0.0794,0.942,0.3228,HIGH
VM_025,1378820100,4.1,4.7307,4.7581,4.7446,4.8426,4.9082,4.8127,4.8301,4.9451,0.0823,0.9408,0.3295,HIGH
VM_025,1378820400,4.2,4.8062,4.8244,4.8123,4.912,4.9732,4.8848,4.8996,5.0075,0.0809,0.9408,0.3232,HIGH
VM_025,1378820700,5.6,4.8222,4.8457,4.8311,4.9289,4.9973,4.9018,4.9195,5.0351,0.0839,0.5017,0.2773,HIGH
VM_025,1378821000,4.2,4.83,4.8524,4.835,4.9379,5.0075,4.9126,4.928,5.0429,0.0853,0.5007,0.2792,HIGH
VM_025,1378821300,4.0,4.8297,4.8502,4.8351,4.9392,5.0071,4.9144,4.9282,5.0405,0.0851,0.5007,0.2759,HIGH
VM_025,1378821600,4.2667,4.8174,4.8378,4.8237,4.9278,4.9961,4.9029,4.9167,5.0287,0.085,0.5007,0.2744,HIGH
VM_025,1378821900,4.0333,4.7864,4.8076,4.7943,4.8986,4.9664,4.8725,4.8867,4.9983,0.0847,0.5028,0.2731,HIGH
VM_025,1378822200,4.2,4.7897,4.8086,4.7961,4.9004,4.9673,4.8743,4.8884,4.9981,0.084,0.5033,0.2703,HIGH
VM_025,1378822500,4.0,4.7673,4.7844,4.7727,4.8771,4.9426,4.8506,4.8645,4.9726,0.083,0.5033,0.2672,HIGH
VM_025,1378822800,4.1333,4.7392,4.7569,4.7456,4.8491,4.9149,4.8218,4.8366,4.9445,0.0826,0.5042,0.266,HIGH
VM_025,1378823100,5.0,4.789,4.8005,4.7872,4.8907,4.957,4.8644,4.8797,4.9862,0.0818,0.518,0.267,HIGH
VM_025,1378823400,4.2333,4.7544,4.7681,4.7537,4.8569,4.924,4.83,4.8458,4.9533,0.0818,0.518,0.2677,HIGH
VM_025,1378823700,4.2,4.7219,4.7391,4.7247,4.8273,4.8963,4.7996,4.8165,4.9254,0.0826,0.5155,0.2692,HIGH
VM_025,1378824000,4.1,4.7544,4.766,4.7527,4.8563,4.923,4.8303,4.8454,4.9501,0.0816,0.5172,0.2649,HIGH
VM_025,1378824300,5.7333,4.7824,4.8008,4.7837,4.8852,4.9605,4.8586,4.878,4.9917,0.0853,0.5382,0.2807,HIGH
VM_025,1378824600,4.2,4.777,4.7979,4.7776,4.8843,4.9633,4.8591,4.8769,4.9928,0.0883,0.5382,0.2869,HIGH
VM_025,1378824900,4.0,4.831,4.8458,4.8286,4.938,5.0128,4.9137,4.9291,5.0392,0.0877,0.5382,0.2808,HIGH
VM_025,1378825200,4.1667,4.7998,4.8167,4.8004,4.91,4.9853,4.8841,4.9001,5.0114,0.0876,0.5397,0.2802,HIGH
VM_025,1378825500,4.0333,4.7713,4.7906,4.7745,4.8843,4.9592,4.8557,4.8734,4.9853,0.0876,0.5405,0.2799,HIGH
VM_025,1378825800,4.2,4.8131,4.8268,4.8111,4.9219,4.9935,4.8928,4.9103,5.0182,0.0859,0.468,0.2654,HIGH
VM_025,1378826100,4.0,4.7846,4.7972,4.7814,4.892,4.9613,4.8605,4.8791,4.9861,0.0843,0.468,0.2621,HIGH
VM_025,1378826400,4.1333,4.777,4.7875,4.7713,4.8811,4.9482,4.8474,4.8677,4.9732,0.0826,0.4688,0.2588,HIGH
VM_025,1378826700,4.0,4.7511,4.7612,4.7446,4.8536,4.9189,4.8175,4.8395,4.9442,0.0812,0.4688,0.2564,HIGH
VM_025,1378827000,4.2667,4.7598,4.7675,4.7501,4.8582,4.9226,4.8211,4.8445,4.9478,0.08,0.4683,0.2541,HIGH
VM_025,1378827300,4.0333,4.7259,4.735,4.717,4.8243,4.8887,4.7854,4.8104,4.9144,0.0797,0.4697,0.2542,HIGH
VM_025,1378827600,4.1333,4.7385,4.745,4.7266,4.8334,4.8963,4.7939,4.8196,4.9215,0.0786,0.4705,0.2515,HIGH
VM_025,1378827900,5.7,4.8161,4.8231,4.8,4.9059,4.9752,4.8666,4.8959,5.0041,0.0812,0.4829,0.2636,HIGH
VM_025,1378828200,4.2,4.8085,4.8171,4.79,4.9003,4.9731,4.8616,4.8902,5.0011,0.0835,0.4829,0.2695,HIGH
VM_025,1378828500,4.0,4.8486,4.8525,4.8264,4.938,5.0051,4.8969,4.9258,5.0314,0.0815,0.4829,0.2627,HIGH
VM_025,1378828800,4.1,4.8183,4.8249,4.7984,4.9094,4.9757,4.8648,4.896,5.0027,0.0808,0.4844,0.2623,HIGH
VM_025,1378829100,4.1,4.7997,4.8082,4.7811,4.8919,4.9576,4.844,4.8777,4.9854,0.0806,0.4831,0.2625,HIGH
VM_025,1378829400,4.1333,4.8386,4.8426,4.815,4.9262,4.9871,4.8756,4.9107,5.0143,0.0785,0.4838,0.2569,HIGH
VM_025,1378829700,4.0667,4.827,4.8293,4.8006,4.9113,4.9683,4.8568,4.8942,4.9962,0.0763,0.4823,0.2527,HIGH
VM_025,1378830000,4.1333,4.8248,4.8248,4.7946,4.9042,4.9576,4.846,4.8861,4.9863,0.0741,0.4823,0.2488,HIGH
VM_025,1378830300,4.0333,4.8068,4.8055,4.774,4.8824,4.9323,4.8205,4.8633,4.9622,0.0721,0.46,0.2428,HIGH
VM_025,1378830600,4.2667,4.8202,4.8156,4.7823,4.8893,4.9362,4.8247,4.8699,4.9667,0.0701,0.46,0.2392,HIGH
VM_025,1378830900,4.1,4.772,4.7708,4.7363,4.8418,4.8899,4.7752,4.8227,4.9223,0.0704,0.4609,0.2421,HIGH
VM_025,1378831200,4.1333,4.8124,4.8058,4.7702,4.875,4.9182,4.8063,4.8554,4.9502,0.0681,0.4605,0.2359,HIGH
VM_025,1378831500,5.5667,4.8833,4.8759,4.8351,4.9391,4.9875,4.8702,4.9228,5.0237,0.0703,0.4377,0.2428,HIGH
VM_025,1378831800,4.1333,4.8804,4.8728,4.8281,4.9358,4.9854,4.8661,4.9187,5.0209,0.0714,0.4382,0.2461,HIGH
VM_025,1378832100,4.0667,4.9066,4.8959,4.8503,4.958,5.0007,4.8833,4.9384,5.0359,0.0688,0.4369,0.2389,HIGH
VM_025,1378832400,4.2667,4.9011,4.89,4.8426,4.9493,4.9889,4.8704,4.9285,5.0253,0.0674,0.4366,0.2364,HIGH
VM_025,1378832700,4.1,4.8428,4.8369,4.7889,4.8949,4.9364,4.8135,4.8738,4.975,0.0685,0.4355,0.241,HIGH
VM_025,1378833000,4.0667,4.9015,4.8889,4.8403,4.9458,4.9789,4.8602,4.9228,5.0167,0.0653,0.4369,0.2312,HIGH
VM_025,1378833300,4.1667,4.875,4.8623,4.8117,4.9161,4.9458,4.8267,4.8918,4.9851,0.0639,0.4343,0.2282,HIGH
VM_025,1378833600,4.0667,4.8733,4.8575,4.8052,4.9081,4.9325,4.8148,4.8825,4.9727,0.0617,0.4352,0.2227,HIGH
VM_025,1378833900,4.1333,4.8502,4.833,4.7791,4.8802,4.9015,4.784,4.8541,4.9432,0.0604,0.4328,0.2197,HIGH
VM_025,1378834200,4.1667,4.8476,4.8275,4.7717,4.871,4.8885,4.7724,4.8445,4.9311,0.059,0.4331,0.2155,HIGH
VM_025,1378834500,4.1667,4.7908,4.7743,4.7178,4.8156,4.8355,4.7168,4.79,4.8803,0.0598,0.4312,0.2196,HIGH
VM_025,1378834800,7.7667,5.1167,5.0762,5.0063,5.103,5.1244,5.0052,5.0842,5.1693,0.0611,0.8361,0.2712,HIGH
VM_025,1378835100,6.8333,5.2088,5.169,5.0857,5.1853,5.2184,5.0891,5.1708,5.2702,0.0674,0.9384,0.3084,HIGH
VM_025,1378835400,4.0667,5.1959,5.1559,5.0699,5.1746,5.2008,5.0737,5.1549,5.2506,0.0666,0.9403,0.3045,HIGH
VM_025,1378835700,4.1333,5.1806,5.1397,5.0543,5.1578,5.1739,5.0495,5.1334,5.2229,0.0641,0.938,0.2936,HIGH
VM_025,1378836000,4.3667,5.1454,5.1049,5.0197,5.1216,5.1335,5.0091,5.0951,5.183,0.0631,0.9352,0.2891,HIGH
VM_025,1378836300,4.2333,5.0262,4.9961,4.915,5.0168,5.0357,4.905,4.9906,5.0873,0.0648,0.9334,0.2999,HIGH
VM_025,1378836600,4.0667,5.0949,5.0569,4.9776,5.0782,5.0851,4.9624,5.0493,5.1338,0.0616,0.9345,0.2834,HIGH
VM_025,1378836900,4.1333,5.0205,4.9855,4.9067,5.006,5.0105,4.888,4.9755,5.0595,0.0606,0.9334,0.28,HIGH
VM_025,1378837200,4.0333,4.9775,4.9433,4.866,4.9636,4.9661,4.8446,4.9326,5.0153,0.0596,0.9352,0.277,HIGH
VM_025,1378837500,4.1333,4.9516,4.9166,4.8401,4.9361,4.9362,4.8165,4.9049,4.9853,0.0588,0.9334,0.2726,HIGH
VM_025,1378837800,4.0667,4.9207,4.8852,4.8086,4.9031,4.9003,4.7829,4.8715,4.9494,0.0579,0.9361,0.2685,HIGH
VM_025,1378838100,4.2333,4.8774,4.8437,4.7674,4.8607,4.8595,4.7416,4.8301,4.9094,0.0578,0.9343,0.2694,HIGH
VM_025,1378838400,4.0,4.8487,4.8155,4.7395,4.8319,4.8293,4.7129,4.8014,4.8794,0.0572,0.9368,0.2674,HIGH
VM_025,1378838700,5.8,4.8962,4.8656,4.7869,4.8801,4.8913,4.7672,4.8556,4.9461,0.0614,0.9499,0.2893,HIGH
VM_025,1378839000,4.0,4.9302,4.8974,4.8172,4.9157,4.9241,4.8008,4.8889,4.9767,0.0616,0.9523,0.2872,HIGH
VM_025,1378839300,4.2,4.9706,4.9355,4.8526,4.9517,4.9515,4.8311,4.9217,5.0029,0.0604,0.9503,0.2766,HIGH
VM_025,1378839600,4.0667,4.927,4.8936,4.8091,4.9081,4.9052,4.7844,4.8763,4.9579,0.0601,0.953,0.2751,HIGH
VM_025,1378839900,4.2333,4.8918,4.8604,4.7762,4.8749,4.8734,4.7507,4.8433,4.9278,0.0604,0.9512,0.2778,HIGH
VM_025,1378840200,7.0667,5.1602,5.1083,5.0123,5.1101,5.1069,4.9844,5.0828,5.1611,0.0635,1.0845,0.2908,HIGH
VM_025,1378840500,8.7,5.4412,5.3679,5.2503,5.3488,5.3525,5.2247,5.3286,5.4412,0.0712,1.366,0.3625,HIGH
VM_025,1378840800,6.1,5.4651,5.3878,5.2598,5.3606,5.3635,5.2342,5.3393,5.4651,0.0747,1.383,0.3794,HIGH
VM_025,1378841100,4.2,5.3738,5.3012,5.1749,5.276,5.272,5.1455,5.2499,5.3738,0.0736,1.3815,0.3755,HIGH
VM_025,1378841400,5.1667,5.3848,5.309,5.1828,5.2819,5.2742,5.1497,5.255,5.3848,0.0739,1.3746,0.3778,HIGH
VM_025,1378841700,4.7333,5.3212,5.2491,5.1255,5.2245,5.2167,5.0926,5.1963,5.3212,0.073,1.3662,0.3732,HIGH
VM_025,1378842000,4.0,5.2454,5.1748,5.0559,5.1535,5.1385,5.0205,5.1223,5.2454,0.0707,1.2364,0.3501,HIGH
VM_025,1378842300,6.0,5.228,5.1674,5.0512,5.1509,5.1559,5.0254,5.1256,5.228,0.0726,1.1867,0.3419,HIGH
VM_025,1378842600,4.0,5.2152,5.1571,5.0472,5.1542,5.1566,5.0283,5.1248,5.2163,0.0709,1.1884,0.3334,HIGH
VM_025,1378842900,4.2,5.2306,5.1727,5.0657,5.1736,5.1654,5.0431,5.1395,5.2306,0.0682,1.187,0.3251,HIGH
VM_025,1378843200,4.0667,5.1442,5.0926,4.9892,5.0974,5.0881,4.9656,5.061,5.1442,0.0666,1.1927,0.3168,HIGH
VM_025,1378843500,4.2333,5.1118,5.0623,4.9625,5.0706,5.0611,4.939,5.0336,5.1158,0.0654,1.1927,0.3141,HIGH
VM_025,1378843800,4.0,5.0814,5.0315,4.9336,5.0409,5.0261,4.9083,5.0022,5.0814,0.0638,1.1944,0.307,HIGH
VM_025,1378844100,4.2,5.0315,4.9829,4.8861,4.992,4.9762,4.8603,4.9533,5.0315,0.0627,1.193,0.3035,HIGH
VM_025,1378844400,4.0,4.9676,4.9213,4.8267,4.9311,4.9152,4.8006,4.8926,4.9686,0.0617,1.1939,0.3,HIGH
VM_025,1378844700,4.2,4.9542,4.9059,4.811,4.9137,4.8951,4.7842,4.8757,4.9542,0.0608,1.1925,0.2987,HIGH
VM_025,1378845000,4.0667,4.8991,4.8514,4.7563,4.8572,4.8371,4.7288,4.8195,4.8991,0.0601,1.1925,0.2972,HIGH
VM_025,1378845300,4.2333,4.8626,4.8149,4.7196,4.8187,4.7992,4.6924,4.7824,4.8626,0.0597,1.1925,0.2967,HIGH
VM_025,1378845600,4.0,4.8204,4.7725,4.6768,4.7743,4.7528,4.649,4.7384,4.8204,0.0591,1.1925,0.296,HIGH
VM_025,1378845900,5.8,4.885,4.8369,4.7364,4.8342,4.8224,4.7144,4.8037,4.885,0.0613,1.1925,0.3027,HIGH
VM_025,1378846200,4.0,4.8642,4.8181,4.7174,4.8193,4.8111,4.7008,4.7887,4.8696,0.0623,1.1925,0.3063,HIGH
VM_025,1378846500,4.1667,4.8814,4.8347,4.7327,4.8361,4.8228,4.7154,4.8035,4.8814,0.0619,1.1932,0.3012,HIGH
VM_025,1378846800,4.1333,4.8403,4.7966,4.6945,4.7986,4.7845,4.6768,4.7649,4.8431,0.0617,1.1917,0.3005,HIGH
VM_025,1378847100,4.2667,4.802,4.7628,4.6628,4.7677,4.758,4.6469,4.7347,4.8185,0.062,1.1911,0.3073,HIGH
VM_025,1378847400,4.0,4.8426,4.7977,4.6956,4.8011,4.7821,4.6771,4.7658,4.8426,0.0614,1.0897,0.2836,HIGH
VM_025,1378847700,4.2,4.7879,4.7449,4.6418,4.7469,4.7278,4.6229,4.7112,4.7879,0.0611,0.6542,0.2265,HIGH
VM_025,1378848000,4.6667,4.8088,4.7618,4.6568,4.7609,4.7414,4.6373,4.7264,4.8088,0.0617,0.551,0.2171,HIGH
VM_025,1378848300,4.2333,4.7787,4.7325,4.6267,4.7303,4.711,4.6074,4.6961,4.7787,0.0617,0.5507,0.2172,HIGH
VM_025,1378848600,8.4667,5.0874,5.0178,4.8954,5.0003,4.9893,4.8833,4.9749,5.0874,0.0682,0.9947,0.3052,HIGH
VM_025,1378848900,6.0667,5.1329,5.0604,4.9284,5.0371,5.0314,4.9224,5.013,5.1329,0.0721,1.0446,0.3253,HIGH
VM_025,1378849200,4.0,5.0632,4.9957,4.8653,4.9755,4.9657,4.8586,4.9478,5.0632,0.0713,1.0446,0.3216,HIGH
VM_025,1378849500,7.2333,5.279,5.2023,5.0614,5.1742,5.1729,5.0617,5.1521,5.279,0.0763,1.1446,0.3533,HIGH
VM_025,1378849800,4.0,5.1729,5.1073,4.9722,5.0923,5.0941,4.9782,5.0653,5.1729,0.0763,1.1446,0.344,HIGH
VM_025,1378850100,4.2,5.1955,5.1274,4.9953,5.1176,5.1071,4.9998,5.0854,5.1955,0.0737,1.1446,0.3396,HIGH
VM_025,1378850400,4.1333,5.099,5.0381,4.9112,5.034,5.0217,4.9143,4.9985,5.099,0.0718,1.1433,0.3295,HIGH
VM_025,1378850700,4.1667,5.05,4.9945,4.8741,4.9968,4.985,4.8767,4.9601,5.0528,0.0704,1.1443,0.323,HIGH
VM_025,1378851000,4.0,5.0358,4.9784,4.8609,4.9836,4.9642,4.8626,4.9443,5.0358,0.0683,1.1443,0.3167,HIGH
VM_025,1378851300,4.1333,4.9606,4.908,4.7943,4.9159,4.8972,4.7956,4.8761,4.9626,0.0669,1.1454,0.3112,HIGH
VM_025,1378851600,4.0,4.9284,4.8767,4.7661,4.8863,4.8652,4.7662,4.8459,4.9301,0.0654,1.1454,0.3063,HIGH
VM_025,1378851900,4.1,4.8891,4.8392,4.7309,4.8498,4.8282,4.7308,4.8095,4.8925,0.0643,1.1471,0.3036,HIGH
VM_025,1378852200,4.0667,4.8549,4.8069,4.7007,4.8182,4.7964,4.6999,4.7781,4.8606,0.0634,1.1471,0.3015,HIGH
VM_025,1378852500,4.2333,4.8357,4.7897,4.6851,4.8018,4.7816,4.6847,4.7624,4.8458,0.063,1.1471,0.3018,HIGH
VM_025,1378852800,4.0,4.8286,4.7809,4.6762,4.7923,4.7687,4.6752,4.7524,4.8319,0.0622,1.1471,0.2958,HIGH
VM_025,1378853100,5.7,4.9084,4.8598,4.7491,4.866,4.8482,4.7517,4.8295,4.913,0.0642,1.1427,0.3027,HIGH
VM_025,1378853400,4.0,4.8937,4.8487,4.7402,4.86,4.8476,4.7458,4.8234,4.9147,0.0658,1.1427,0.3137,HIGH
VM_025,1378853700,4.2,4.935,4.8863,4.7761,4.8979,4.8781,4.7814,4.8586,4.943,0.0649,1.1422,0.3041,HIGH
VM_025,1378854000,4.2,4.8792,4.8359,4.7271,4.8486,4.8302,4.7306,4.8084,4.896,0.0648,1.1411,0.3062,HIGH
VM_025,1378854300,4.2333,4.8398,4.8049,4.7016,4.8232,4.8119,4.705,4.7837,4.8807,0.0658,1.1415,0.3176,HIGH
VM_025,1378854600,4.0,4.9094,4.8692,4.765,4.8888,4.8677,4.767,4.8461,4.9348,0.0647,1.1415,0.3061,HIGH
VM_025,1378854900,4.2333,4.8549,4.8203,4.7175,4.8416,4.8226,4.7187,4.7981,4.8905,0.0648,1.1411,0.3091,HIGH
VM_025,1378855200,4.0,4.8794,4.8411,4.7378,4.8614,4.8367,4.736,4.8164,4.9036,0.064,1.1473,0.3017,HIGH
VM_025,1378855500,4.5,4.8739,4.8344,4.7294,4.8522,4.8274,4.7263,4.8074,4.8942,0.0641,1.1452,0.2997,HIGH
VM_025,1378855800,4.0667,4.8512,4.813,4.7082,4.829,4.8038,4.7019,4.7843,4.8715,0.064,0.7939,0.2537,HIGH
VM_025,1378856100,4.2333,4.8375,4.8024,4.6992,4.8187,4.7959,4.6913,4.7747,4.865,0.0642,0.7098,0.246,HIGH
VM_025,1378856400,4.0,4.8609,4.8223,4.7179,4.8368,4.8085,4.7073,4.7917,4.877,0.0639,0.7098,0.2387,HIGH
VM_025,1378856700,5.9667,4.9402,4.9035,4.7937,4.9134,4.8941,4.7858,4.872,4.9658,0.0666,0.4995,0.2249,HIGH
VM_025,1378857000,4.0,4.9492,4.9161,4.8095,4.9323,4.9174,4.8034,4.8901,4.9921,0.0685,0.4995,0.2366,HIGH
VM_025,1378857300,4.1333,5.002,4.9659,4.8578,4.9836,4.9586,4.8501,4.9371,5.0313,0.0676,0.5001,0.2255,HIGH
VM_025,1378857600,7.8667,5.081,5.074,4.8962,5.0318,5.0014,4.8624,4.9788,5.081,0.084,0.8882,0.289,HIGH
VM_025,1378857900,4.1786,5.3232,5.2919,5.1777,5.2985,5.2803,5.1265,5.2501,5.3614,0.076,0.888,0.2974,HIGH
VM_025,1378858200,4.0,5.2632,5.2447,5.1268,5.2501,5.2242,5.0725,5.1955,5.3039,0.076,0.888,0.2946,HIGH
VM_025,1378858500,4.2,5.2648,5.2488,5.131,5.2519,5.2222,5.0681,5.1955,5.3012,0.0767,0.8872,0.2958,HIGH
VM_025,1378858800,4.0,5.2319,5.2181,5.1018,5.2189,5.1854,5.0297,5.161,5.2641,0.0772,0.8872,0.2969,HIGH
VM_025,1378859100,4.1333,5.2032,5.1898,5.0746,5.1867,5.1499,4.9935,5.1285,5.2284,0.0779,0.8867,0.2972,HIGH
VM_025,1378859400,4.0667,5.1485,5.1375,5.025,5.1315,5.0941,4.9361,5.0742,5.1737,0.0782,0.8867,0.2993,HIGH
VM_025,1378859700,4.2333,5.095,5.0888,4.9812,5.0829,5.0495,4.8882,5.0277,5.1312,0.0778,0.8867,0.3035,HIGH
VM_025,1378860000,7.4333,5.311,5.2902,5.1748,5.2755,5.2449,5.0796,5.2253,5.3262,0.0813,1.073,0.3302,HIGH
VM_025,1378860300,10.3,5.63,5.5975,5.4641,5.5677,5.5601,5.3785,5.5289,5.6453,0.0874,1.5769,0.4107,HIGH
VM_025,1378860600,10.4333,5.9483,5.8957,5.7468,5.8576,5.8686,5.6754,5.8273,5.9573,0.0944,1.9461,0.4698,HIGH
VM_025,1378860900,7.5667,6.0522,5.9889,5.8284,5.9448,5.952,5.7624,5.9126,6.0522,0.0979,2.0045,0.4835,HIGH
VM_025,1378861200,4.1333,5.8922,5.8419,5.6891,5.8067,5.8062,5.6207,5.7669,5.8965,0.0954,2.0059,0.4727,HIGH
VM_025,1378861500,4.2,5.7843,5.7473,5.6088,5.7249,5.7221,5.5375,5.6811,5.8139,0.0919,2.0066,0.4733,HIGH
VM_025,1378861800,4.0,5.7304,5.6964,5.567,5.683,5.6686,5.4922,5.6339,5.7589,0.0889,2.0066,0.4657,HIGH
VM_025,1378862100,4.8667,5.7178,5.6934,5.5619,5.6756,5.6534,5.4773,5.6231,5.7436,0.0891,1.998,0.4643,HIGH
VM_025,1378862400,4.0,5.6525,5.6271,5.5073,5.6195,5.5974,5.4237,5.5663,5.6877,0.0867,1.998,0.4626,HIGH
VM_025,1378862700,4.1667,5.5614,5.5399,5.4259,5.5356,5.5094,5.3394,5.4808,5.5989,0.0849,2.0042,0.4597,HIGH
VM_025,1378863000,4.2667,5.494,5.4744,5.3648,5.4716,5.4429,5.2755,5.4165,5.532,0.0837,1.9998,0.4569,HIGH
VM_025,1378863300,4.4667,5.435,5.4181,5.3128,5.4168,5.3891,5.2225,5.3626,5.4781,0.0825,1.9955,0.4557,HIGH
VM_025,1378863600,4.0667,5.3794,5.3624,5.2598,5.3617,5.3305,5.1675,5.3071,5.4186,0.0815,1.9938,0.4519,HIGH
VM_025,1378863900,7.4667,5.5302,5.5074,5.3969,5.497,5.4771,5.3067,5.4498,5.5665,0.084,2.042,0.4648,HIGH
VM_025,1378864200,5.6333,5.5407,5.5205,5.4124,5.5148,5.5064,5.3312,5.4707,5.5992,0.0845,2.0254,0.4692,HIGH
VM_025,1378864500,4.1667,5.5068,5.4899,5.3852,5.4899,5.4748,5.3046,5.4419,5.5662,0.0832,2.0246,0.464,HIGH
VM_025,1378864800,4.0667,5.4332,5.4213,5.3202,5.4254,5.407,5.2389,5.3748,5.4972,0.082,1.965,0.4539,HIGH
VM_025,1378865100,4.1333,5.3807,5.3714,5.2741,5.3784,5.3582,5.1915,5.3267,5.4475,0.081,1.966,0.4522,HIGH
VM_025,1378865400,4.0,5.3293,5.3189,5.2232,5.3268,5.3015,5.1384,5.2733,5.3895,0.0802,1.966,0.4484,HIGH
VM_025,1378865700,4.1667,5.2619,5.2522,5.1582,5.2596,5.2333,5.0713,5.2061,5.3205,0.0796,1.9668,0.4469,HIGH
VM_025,1378866000,5.9667,5.3081,5.2934,5.1975,5.2969,5.2766,5.1115,5.2476,5.3644,0.0804,1.957,0.4486,HIGH
VM_025,1378866300,4.1333,5.2665,5.2519,5.1559,5.2549,5.2315,5.0694,5.2045,5.3192,0.0801,1.957,0.4461,HIGH
VM_025,1378866600,4.0667,5.1968,5.1856,5.092,5.1892,5.165,5.004,5.1384,5.2526,0.0793,1.957,0.4452,HIGH
VM_025,1378866900,4.1667,5.1471,5.1413,5.0521,5.1471,5.1251,4.9636,5.0971,5.2134,0.0785,1.9586,0.4464,HIGH
VM_025,1378867200,4.0,5.1274,5.1194,5.031,5.126,5.0993,4.9417,5.0748,5.1867,0.078,1.9167,0.4372,HIGH
VM_025,1378867500,5.9667,5.1672,5.164,5.0734,5.1664,5.1492,4.985,5.1196,5.2391,0.0791,1.5803,0.4011,HIGH
VM_025,1378867800,4.0,5.166,5.1669,5.0813,5.1759,5.1617,4.9972,5.1291,5.2533,0.0789,1.0668,0.3368,HIGH
VM_025,1378868100,4.2,5.1709,5.1678,5.0811,5.1791,5.1565,4.9975,5.1287,5.2458,0.0785,0.8702,0.3055,HIGH
VM_025,1378868400,4.2,5.0983,5.0988,5.0129,5.1103,5.0882,4.9284,5.0591,5.1773,0.0781,0.869,0.3058,HIGH
VM_025,1378868700,4.2,5.0377,5.0493,4.971,5.0653,5.0511,4.8868,5.0163,5.1423,0.0778,0.869,0.311,HIGH
VM_025,1378869000,4.0,5.0855,5.0905,5.012,5.1089,5.085,4.927,5.0569,5.1746,0.0773,0.869,0.3048,HIGH
VM_025,1378869300,4.1333,5.0102,5.0184,4.9399,5.0367,5.0134,4.8551,4.984,5.1025,0.077,0.869,0.3047,HIGH
VM_025,1378869600,4.0,4.9855,4.9926,4.9151,5.0104,4.9852,4.8281,4.9576,5.0742,0.0767,0.869,0.3037,HIGH
VM_025,1378869900,4.2,4.9655,4.9666,4.8863,4.9815,4.9526,4.7983,4.9283,5.0406,0.0766,0.8685,0.3006,HIGH
VM_025,1378870200,4.0667,4.8989,4.9026,4.8234,4.9156,4.8886,4.7332,4.8634,4.9772,0.0763,0.8717,0.3023,HIGH
VM_025,1378870500,4.2333,4.8883,4.8921,4.8145,4.9046,4.8783,4.7232,4.8536,4.9676,0.076,0.8731,0.3028,HIGH
VM_025,1378870800,4.0,4.8663,4.8675,4.7893,4.8791,4.8499,4.6977,4.8277,4.939,0.0758,0.8745,0.3006,HIGH
VM_025,1378871100,5.7,4.9023,4.9064,4.8254,4.9128,4.891,4.7336,4.8654,4.9827,0.0768,0.6586,0.2791,HIGH
VM_025,1378871400,4.0,4.9336,4.938,4.8597,4.9481,4.9267,4.7707,4.9007,5.0199,0.0768,0.6071,0.2725,HIGH
VM_025,1378871700,4.2,4.921,4.924,4.845,4.9355,4.9101,4.7572,4.8861,5.0024,0.0765,0.6067,0.2693,HIGH
VM_025,1378872000,4.0667,4.8767,4.8791,4.7996,4.8898,4.8624,4.7111,4.8395,4.9543,0.0762,0.6067,0.2677,HIGH
VM_025,1378872300,4.2,4.8443,4.8486,4.771,4.8592,4.8331,4.6814,4.8096,4.9254,0.0758,0.606,0.2682,HIGH
VM_025,1378872600,4.0,4.8302,4.8313,4.7537,4.8414,4.812,4.6635,4.7913,4.904,0.0754,0.606,0.2655,HIGH
VM_025,1378872900,4.1333,4.7883,4.787,4.7085,4.7954,4.7647,4.6183,4.7454,4.8563,0.0751,0.6064,0.2636,HIGH
VM_025,1378873200,4.0,4.7433,4.7427,4.6657,4.7501,4.7196,4.5742,4.7008,4.8115,0.0744,0.4984,0.2492,HIGH
VM_025,1378873500,4.1333,4.7255,4.7235,4.6471,4.73,4.6989,4.5554,4.6815,4.7908,0.074,0.4984,0.2477,HIGH
VM_025,1378873800,4.1333,4.6994,4.6946,4.6177,4.6996,4.6671,4.5262,4.6514,4.7589,0.0737,0.4975,0.2455,HIGH
VM_025,1378874100,4.2333,4.6594,4.6623,4.5897,4.6682,4.6406,4.4978,4.622,4.7335,0.0728,0.4972,0.2478,HIGH
VM_025,1378874400,4.0,4.6836,4.6828,4.6107,4.6895,4.658,4.5198,4.6429,4.7508,0.0725,0.4972,0.2442,HIGH
VM_025,1378874700,5.6333,4.7096,4.7139,4.6403,4.7168,4.6932,4.5498,4.6737,4.7884,0.0733,0.4496,0.2439,HIGH
VM_025,1378875000,4.0,4.7634,4.7699,4.7,4.7773,4.754,4.6126,4.7342,4.8503,0.073,0.4496,0.2433,HIGH
VM_025,1378875300,4.1667,4.7702,4.7746,4.7042,4.7842,4.7568,4.6192,4.7389,4.852,0.0727,0.4497,0.2395,HIGH
VM_025,1378875600,4.3667,4.7434,4.7484,4.6776,4.7569,4.73,4.5924,4.7115,4.8248,0.0725,0.4505,0.2392,HIGH
VM_025,1378875900,5.2,4.7823,4.7876,4.7171,4.7943,4.7718,4.6321,4.7514,4.8674,0.0728,0.4909,0.2467,HIGH
VM_025,1378876200,4.0,4.7961,4.7984,4.7277,4.8055,4.7781,4.6433,4.761,4.8734,0.0724,0.4909,0.2426,HIGH
VM_025,1378876500,4.2,4.7609,4.7613,4.6897,4.7669,4.7382,4.6054,4.7219,4.8326,0.072,0.4902,0.2403,HIGH
VM_025,1378876800,4.0,4.7291,4.7278,4.6565,4.7317,4.7014,4.5709,4.6867,4.7952,0.0714,0.4902,0.238,HIGH
VM_025,1378877100,4.2,4.709,4.7058,4.6348,4.7078,4.6768,4.5484,4.6634,4.7702,0.071,0.4902,0.2361,HIGH
VM_025,1378877400,4.3,4.6963,4.6883,4.616,4.6874,4.6548,4.5298,4.6437,4.7478,0.0707,0.488,0.2328,HIGH
VM_025,1378877700,5.7,4.733,4.7186,4.6426,4.711,4.6826,4.5576,4.6713,4.7761,0.0712,0.5655,0.2431,HIGH
VM_025,1378878000,4.0,4.7166,4.7011,4.6253,4.6925,4.6608,4.5408,4.6522,4.7541,0.0706,0.5655,0.2391,HIGH
VM_025,1378878300,7.9667,4.854,4.8449,4.7673,4.8273,4.8145,4.6829,4.7971,4.9125,0.0722,0.8936,0.2939,HIGH
VM_025,1378878600,4.0,4.9583,4.9507,4.8767,4.9415,4.9222,4.7993,4.9078,5.0197,0.0709,0.8936,0.2868,HIGH
VM_025,1378878900,4.2,4.9281,4.9238,4.8523,4.9204,4.8994,4.7789,4.8836,4.9947,0.0699,0.8936,0.2832,HIGH
VM_025,1378879200,4.1667,4.9082,4.9067,4.8374,4.905,4.8831,4.7635,4.8669,4.9765,0.0691,0.892,0.2808,HIGH
VM_025,1378879500,4.2333,4.8917,4.8983,4.8338,4.8995,4.8803,4.7585,4.8613,4.9725,0.0683,0.8916,0.2815,HIGH
VM_025,1378879800,4.0,4.9132,4.9168,4.8543,4.9213,4.8985,4.7812,4.8816,4.989,0.0675,0.8916,0.2773,HIGH
VM_025,1378880100,4.2,4.8769,4.8797,4.8179,4.8849,4.8618,4.7457,4.8445,4.9506,0.067,0.8906,0.2759,HIGH
VM_025,1378880400,7.5333,5.0126,4.9947,4.922,4.9866,4.968,4.8532,4.9529,5.0577,0.069,1.0827,0.3061,HIGH
VM_025,1378880700,5.2,5.0084,4.988,4.9112,4.975,4.955,4.8437,4.9412,5.0449,0.0691,1.0843,0.3069,HIGH
VM_025,1378881000,4.0667,4.9653,4.9493,4.8745,4.937,4.9152,4.8058,4.9017,5.0038,0.0677,1.0857,0.3043,HIGH
VM_025,1378881300,4.2333,4.9448,4.9366,4.8665,4.9268,4.9072,4.7964,4.8916,4.9942,0.0663,1.0857,0.3039,HIGH
VM_025,1378881600,4.0,4.9478,4.938,4.8709,4.9326,4.9104,4.8047,4.8962,4.9954,0.065,1.0857,0.3008,HIGH
VM_025,1378881900,8.6333,5.1338,5.1214,5.0485,5.1031,5.0964,4.9816,5.0769,5.1848,0.068,1.3456,0.3501,HIGH
VM_025,1378882200,4.1,5.1506,5.1437,5.0719,5.1333,5.1251,5.0156,5.1038,5.2112,0.0664,1.3433,0.3506,HIGH
VM_025,1378882500,4.2,5.1338,5.1284,5.0606,5.1257,5.1162,5.0093,5.0935,5.1991,0.0651,1.3426,0.3486,HIGH
VM_025,1378882800,4.3333,5.1035,5.1051,5.0417,5.1068,5.0997,4.99,5.0735,5.1799,0.0643,1.3431,0.3483,HIGH
VM_025,1378883100,4.8333,5.1376,5.1381,5.0763,5.1423,5.1359,5.0273,5.109,5.2139,0.0639,1.3402,0.3475,HIGH
VM_025,1378883400,4.0,5.1008,5.1017,5.0426,5.1111,5.103,4.9968,5.0754,5.1785,0.0629,1.3402,0.3451,HIGH
VM_025,1378883700,4.2,5.0653,5.0696,5.0136,5.0817,5.0746,4.9671,5.0452,5.148,0.0622,1.3402,0.3437,HIGH
VM_025,1378884000,4.0,5.0437,5.0491,4.9966,5.0653,5.0575,4.9508,5.0275,5.1287,0.0614,1.3402,0.3413,HIGH
VM_025,1378884300,4.2,5.022,5.0283,4.9785,5.0475,5.0404,4.9337,5.0093,5.1098,0.0609,1.3402,0.3402,HIGH
VM_025,1378884600,4.0667,4.9938,5.0044,4.9584,5.027,5.0215,4.9131,4.9884,5.0892,0.0606,1.3445,0.34,HIGH
VM_025,1378884900,4.2333,4.9831,5.0013,4.9601,5.0277,5.0273,4.9145,4.99,5.0932,0.0611,1.3329,0.3403,HIGH
VM_025,1378885200,4.0,4.9987,5.0167,4.9796,5.0497,5.0498,4.9386,5.0113,5.1135,0.0611,1.3329,0.3398,HIGH
VM_025,1378885500,7.5667,5.1458,5.1672,5.1274,5.1925,5.2078,5.0855,5.1624,5.2743,0.0646,1.292,0.349,HIGH
VM_025,1378885800,4.3333,5.1608,5.1904,5.1521,5.224,5.2461,5.1215,5.1936,5.3106,0.0671,1.2862,0.3562,HIGH
VM_025,1378886100,5.1667,5.2588,5.2811,5.2441,5.3225,5.3441,5.2238,5.2911,5.4056,0.0676,1.2854,0.3567,HIGH
VM_025,1378886400,4.2667,5.2124,5.2427,5.2086,5.2895,5.3153,5.1899,5.2566,5.375,0.0692,1.2836,0.3593,HIGH
VM_025,1378886700,4.2667,5.2274,5.2617,5.2309,5.3134,5.3414,5.2135,5.2798,5.3991,0.0704,1.2831,0.3599,HIGH
VM_025,1378887000,4.0,5.2333,5.2672,5.2396,5.3255,5.3528,5.2258,5.2899,5.4082,0.0708,1.2831,0.3588,HIGH
VM_025,1378887300,4.2,5.222,5.2573,5.2319,5.3192,5.348,5.2192,5.2828,5.4019,0.0715,1.2831,0.3592,HIGH
VM_025,1378887600,5.9,5.305,5.3318,5.3027,5.3908,5.4219,5.2927,5.3567,5.4762,0.0715,1.1662,0.3473,HIGH
VM_025,1378887900,4.2667,5.2785,5.307,5.2778,5.3678,5.3986,5.2697,5.3323,5.4524,0.0716,1.1632,0.3475,HIGH
VM_025,1378888200,4.9,5.3041,5.3292,5.2994,5.39,5.4208,5.2926,5.3547,5.4741,0.0713,1.1581,0.347,HIGH
VM_025,1378888500,5.6,5.3433,5.3656,5.3328,5.4235,5.4571,5.3279,5.39,5.511,0.0717,1.1697,0.352,HIGH
VM_025,1378888800,4.0,5.3101,5.3346,5.3038,5.3964,5.4285,5.3014,5.3609,5.4812,0.0716,1.1697,0.351,HIGH
VM_025,1378889100,8.6333,5.5246,5.5473,5.5083,5.5951,5.642,5.5049,5.57,5.6998,0.0755,1.1697,0.3674,HIGH
VM_025,1378889400,4.0,5.4948,5.5172,5.477,5.5754,5.6202,5.4904,5.5458,5.6749,0.0764,1.1721,0.3696,HIGH
VM_025,1378889700,4.2,5.4657,5.4907,5.4558,5.5567,5.6013,5.4725,5.5249,5.6525,0.0771,1.1721,0.3676,HIGH
VM_025,1378890000,4.0667,5.4343,5.4646,5.4342,5.536,5.5822,5.4513,5.5029,5.6307,0.078,1.1772,0.3672,HIGH
VM_025,1378890300,6.2667,5.5195,5.5482,5.5151,5.6168,5.67,5.5348,5.5875,5.7184,0.08,1.2196,0.3789,HIGH
VM_025,1378890600,4.0,5.4883,5.5203,5.491,5.5978,5.6509,5.5177,5.5657,5.6959,0.0814,1.2196,0.3786,HIGH
VM_025,1378890900,5.4333,5.5529,5.5781,5.549,5.6581,5.7132,5.5819,5.6271,5.7559,0.0819,1.2208,0.3794,HIGH
VM_025,1378891200,5.9667,5.6047,5.622,5.5888,5.7007,5.7577,5.6278,5.6708,5.8,0.0819,1.2297,0.3835,HIGH
VM_025,1378891500,4.1667,5.5507,5.5697,5.5373,5.6519,5.7072,5.5792,5.6194,5.7477,0.0817,1.2305,0.3822,HIGH
VM_025,1378891800,4.3,5.5294,5.5488,5.5187,5.6338,5.688,5.5608,5.5999,5.7264,0.0813,1.2246,0.3789,HIGH
VM_025,1378892100,6.3667,5.6123,5.6253,5.5907,5.706,5.7638,5.6358,5.6751,5.8023,0.0816,1.2508,0.3861,HIGH
VM_025,1378892400,4.0,5.541,5.56,5.5279,5.646,5.7041,5.5763,5.6126,5.7404,0.0828,1.2508,0.3862,HIGH
VM_025,1378892700,7.4333,5.7272,5.7453,5.709,5.8242,5.8922,5.7575,5.7974,5.9303,0.0858,1.2391,0.3948,HIGH
VM_025,1378893000,4.1667,5.6615,5.6844,5.6475,5.7724,5.8454,5.7097,5.7434,5.88,0.0899,1.2434,0.4018,HIGH
VM_025,1378893300,4.2,5.6735,5.6955,5.6664,5.7961,5.8692,5.737,5.7647,5.8973,0.0916,1.2528,0.3996,HIGH
VM_025,1378893600,4.0667,5.6265,5.6558,5.6324,5.7635,5.8416,5.7043,5.7312,5.8656,0.0945,1.2581,0.4006,HIGH
VM_025,1378893900,4.2333,5.6274,5.6611,5.6423,5.7754,5.8581,5.7169,5.7429,5.8778,0.0972,1.2589,0.4012,HIGH
VM_025,1378894200,4.0,5.6284,5.6625,5.6497,5.7868,5.8724,5.7309,5.7531,5.887,0.0999,1.2589,0.4005,HIGH
VM_025,1378894500,4.2,5.623,5.6587,5.65,5.7893,5.88,5.7353,5.7558,5.8906,0.1027,1.2589,0.4015,HIGH
VM_025,1378894800,4.0,5.6028,5.6424,5.6378,5.7788,5.8742,5.7248,5.7451,5.8814,0.1055,1.2551,0.402,HIGH
VM_025,1378895100,4.2,5.6261,5.6639,5.663,5.8071,5.9061,5.7558,5.7734,5.9092,0.1079,1.2566,0.4025,HIGH
VM_025,1378895400,4.1333,5.6102,5.6506,5.6523,5.798,5.9021,5.7472,5.7647,5.9026,0.1105,1.2649,0.4056,HIGH
VM_025,1378895700,4.2667,5.5878,5.6362,5.6403,5.7853,5.8972,5.7332,5.7539,5.8972,0.1143,1.2584,0.41,HIGH
VM_025,1378896000,4.0,5.6378,5.6814,5.6912,5.8416,5.9557,5.7936,5.8093,5.9557,0.1173,1.2584,0.4135,HIGH
VM_025,1378896300,5.7333,5.726,5.7746,5.782,5.9315,6.0582,5.8841,5.9045,6.0582,0.122,0.9787,0.3877,HIGH
VM_025,1378896600,4.0,5.7162,5.7651,5.7721,5.9289,6.0621,5.8836,5.9015,6.0621,0.1264,0.9787,0.3967,HIGH
VM_025,1378896900,4.1667,5.7665,5.8105,5.8228,5.9854,6.1205,5.9436,5.9567,6.1205,0.1292,0.9794,0.4021,HIGH
VM_025,1378897200,4.1333,5.744,5.7909,5.8047,5.9683,6.1089,5.9258,5.9401,6.1089,0.1316,0.9777,0.4103,HIGH
VM_025,1378897500,4.2,5.6996,5.7565,5.7706,5.9319,6.079,5.8854,5.9056,6.079,0.1346,0.9177,0.414,HIGH
VM_025,1378897800,4.0667,5.7817,5.8307,5.8504,6.018,6.1647,5.9747,5.9901,6.1647,0.1367,0.916,0.4166,HIGH
VM_025,1378898100,4.1333,5.7635,5.814,5.8349,6.0037,6.1563,5.9617,5.9769,6.1563,0.1391,0.9004,0.4221,HIGH
VM_025,1378898400,4.0667,5.7792,5.8263,5.8483,6.019,6.1726,5.9767,5.992,6.1726,0.1396,0.8484,0.416,HIGH
VM_025,1378898700,4.1333,5.7795,5.8253,5.8471,6.0185,6.1736,5.9756,5.9918,6.1736,0.1399,0.8489,0.4166,HIGH
VM_025,1378899000,4.2,5.7716,5.8181,5.8392,6.01,6.1666,5.9651,5.9838,6.1666,0.14,0.8498,0.4174,HIGH
VM_025,1378899300,4.2,5.7333,5.7863,5.8066,5.9749,6.1352,5.9275,5.9504,6.1352,0.1414,0.7424,0.409,HIGH
VM_025,1378899600,4.0333,5.7796,5.8271,5.8511,6.0225,6.1815,5.9764,5.9971,6.1815,0.1421,0.7417,0.4089,HIGH
VM_025,1378899900,5.6667,5.8771,5.9271,5.9457,6.1155,6.2843,6.0701,6.0955,6.2843,0.1449,0.4514,0.3758,HIGH
VM_025,1378900200,4.0667,5.8425,5.8923,5.9075,6.082,6.2529,6.0365,6.0615,6.2529,0.1465,0.4528,0.3785,HIGH
VM_025,1378900500,4.4333,5.9145,5.9573,5.9753,6.1533,6.3223,6.1089,6.1315,6.3223,0.1465,0.4541,0.3766,HIGH
VM_025,1378900800,5.0,5.9444,5.9843,5.9983,6.1767,6.3482,6.1315,6.1563,6.3482,0.146,0.4759,0.3763,HIGH
VM_025,1378901100,6.2667,6.0149,6.0524,6.0554,6.233,6.4093,6.1854,6.2166,6.4093,0.1455,0.6217,0.3878,HIGH
VM_025,1378901400,7.8667,6.2928,6.3025,6.2923,6.4772,6.6524,6.4325,6.4634,6.6524,0.1423,0.9376,0.4302,HIGH
VM_025,1378901700,4.0667,6.1487,6.1657,6.1519,6.3369,6.5055,6.2886,6.3182,6.5055,0.1396,0.9402,0.4272,HIGH
VM_025,1378902000,4.1,6.1213,6.1384,6.1274,6.3083,6.467,6.2537,6.2863,6.467,0.1348,0.9379,0.4162,HIGH
VM_025,1378902300,4.0667,6.0732,6.0932,6.0843,6.2614,6.4135,6.2018,6.2369,6.4135,0.1316,0.9404,0.409,HIGH
VM_025,1378902600,4.2,6.0454,6.0661,6.0596,6.2332,6.3795,6.1696,6.207,6.3795,0.1287,0.9392,0.4019,HIGH
VM_025,1378902900,4.4,6.0357,6.0548,6.05,6.2207,6.3624,6.1542,6.1934,6.3624,0.1259,0.9379,0.3955,HIGH
