epoch,timestamp,vm_count,workload_variation,prediction_risk,adaptive_signal,adaptive_mode,exploration_probability,standard_fitness,adaptive_fitness,standard_time_ms,adaptive_time_ms,standard_feasible,adaptive_feasible,standard_placement,adaptive_placement
1,1378604100,5,0.654308,0.159540,0.456401,EXPLORATION,0.473840,0.0169957458,0.0169957458,42.5522,18.1015,true,true,"[17, 17, 17, 17, 17]","[17, 17, 17, 17, 17]"
2,1378604400,5,0.654351,0.158820,0.456138,EXPLORATION,0.473683,0.0169624021,0.0169624021,21.3956,8.7625,true,true,"[18, 18, 18, 18, 18]","[19, 19, 19, 19, 19]"
3,1378604700,5,0.654462,0.164480,0.458469,EXPLORATION,0.475082,0.0169398610,0.0169398610,14.5277,12.6588,true,true,"[19, 19, 19, 19, 19]","[19, 19, 19, 19, 19]"
4,1378605000,5,0.656241,0.173840,0.463281,EXPLORATION,0.477969,0.0169597801,0.0169597801,12.5417,15.3020,true,true,"[18, 18, 18, 18, 18]","[18, 18, 18, 18, 18]"
5,1378605300,5,0.656250,0.159200,0.457430,EXPLORATION,0.474458,0.0169589469,0.0169589469,7.7580,11.4931,true,true,"[18, 18, 18, 18, 18]","[18, 18, 18, 18, 18]"
6,1378605600,5,0.656605,0.162320,0.458891,EXPLORATION,0.475335,0.0169768431,0.0169768431,11.9325,10.2667,true,true,"[18, 18, 18, 18, 18]","[18, 18, 18, 18, 18]"
7,1378605900,5,0.656887,0.166580,0.460764,EXPLORATION,0.476459,0.0169711415,0.0169711415,10.0200,5.0148,true,true,"[18, 18, 18, 18, 18]","[18, 18, 18, 18, 18]"
8,1378606200,5,0.658620,0.176480,0.465764,EXPLORATION,0.479458,0.0157804994,0.0157804994,6.9842,10.1954,true,true,"[19, 19, 19, 19, 19]","[16, 16, 16, 16, 16]"
9,1378606500,5,0.659369,0.202520,0.476629,EXPLORATION,0.485977,0.0169160702,0.0169160702,7.8648,8.8304,true,true,"[19, 19, 19, 19, 19]","[18, 18, 18, 18, 18]"
10,1378606800,5,0.660900,0.195580,0.474772,EXPLORATION,0.484863,0.0170363864,0.0170363864,8.9696,9.9238,true,true,"[19, 19, 19, 19, 19]","[19, 19, 19, 19, 19]"
11,1378607100,5,0.560706,0.185300,0.410544,EXPLORATION,0.446326,0.0169855932,0.0169855932,8.5190,7.0837,true,true,"[17, 17, 17, 17, 17]","[17, 17, 17, 17, 17]"
12,1378607400,5,0.422710,0.270740,0.361922,EXPLORATION,0.417153,0.0158536712,0.0158536712,8.9190,6.2091,true,true,"[16, 16, 16, 16, 16]","[16, 16, 16, 16, 16]"
13,1378607700,5,0.096634,0.107260,0.100885,BALANCED,0.260531,0.0169331433,0.0169331433,5.3665,5.8228,true,true,"[19, 19, 19, 19, 19]","[19, 19, 19, 19, 19]"
14,1378608000,5,0.096703,0.099400,0.097782,EXPLOITATION,0.258669,0.0169626052,0.0169626052,11.8279,9.9612,true,true,"[18, 18, 18, 18, 18]","[18, 18, 18, 18, 18]"
15,1378608300,5,0.096669,0.102640,0.099057,EXPLOITATION,0.259434,0.0169634283,0.0169634283,7.5368,8.5941,true,true,"[17, 17, 17, 17, 17]","[19, 19, 19, 19, 19]"
16,1378608600,5,0.096664,0.101180,0.098471,EXPLOITATION,0.259082,0.0169551051,0.0169551051,13.4764,4.8351,true,true,"[16, 16, 16, 16, 16]","[17, 17, 17, 17, 17]"
17,1378608900,5,0.096438,0.100520,0.098071,EXPLOITATION,0.258842,0.0169813142,0.0169813142,11.0646,3.9301,true,true,"[18, 18, 18, 18, 18]","[18, 18, 18, 18, 18]"
18,1378609200,5,0.096344,0.103340,0.099142,EXPLOITATION,0.259485,0.0169703491,0.0169703491,3.4451,4.1795,true,true,"[18, 18, 18, 18, 18]","[16, 16, 16, 16, 16]"
19,1378609500,5,0.096391,0.085820,0.092162,EXPLOITATION,0.255297,0.0169857963,0.0169857963,5.1563,2.5558,true,true,"[16, 16, 16, 16, 16]","[16, 16, 16, 16, 16]"
20,1378609800,5,0.096566,0.088540,0.093356,EXPLOITATION,0.256013,0.0169831438,0.0169831438,3.7754,2.6902,true,true,"[19, 19, 19, 19, 19]","[18, 18, 18, 18, 18]"
21,1378610100,5,0.096322,0.081780,0.090505,EXPLOITATION,0.254303,0.0169607759,0.0169607759,3.3466,7.0992,true,true,"[19, 19, 19, 19, 19]","[19, 19, 19, 19, 19]"
22,1378610400,5,0.096344,0.080340,0.089942,EXPLOITATION,0.253965,0.0169551051,0.0169551051,3.5481,2.6253,true,true,"[17, 17, 17, 17, 17]","[17, 17, 17, 17, 17]"
23,1378610700,5,0.096288,0.084840,0.091709,EXPLOITATION,0.255025,0.0169668839,0.0169668839,3.8584,3.3552,true,true,"[16, 16, 16, 16, 16]","[16, 16, 16, 16, 16]"
24,1378611000,5,0.096275,0.087460,0.092749,EXPLOITATION,0.255649,0.0169703491,0.0169703491,4.0340,3.1213,true,true,"[18, 18, 18, 18, 18]","[17, 17, 17, 17, 17]"
25,1378611300,5,0.096254,0.083920,0.091320,EXPLOITATION,0.254792,0.0169506236,0.0169506236,3.4821,3.2220,true,true,"[18, 18, 18, 18, 18]","[18, 18, 18, 18, 18]"
26,1378611600,5,0.096258,0.085960,0.092139,EXPLOITATION,0.255283,0.0169725851,0.0169725851,3.3629,5.6287,true,true,"[18, 18, 18, 18, 18]","[18, 18, 18, 18, 18]"
27,1378611900,5,0.096219,0.086820,0.092460,EXPLOITATION,0.255476,0.0169400641,0.0169400641,3.3128,4.1471,true,true,"[19, 19, 19, 19, 19]","[19, 19, 19, 19, 19]"
28,1378612200,5,0.094200,0.084520,0.090328,EXPLOITATION,0.254197,0.0169502166,0.0169502166,5.8206,2.3616,true,true,"[19, 19, 19, 19, 19]","[19, 19, 19, 19, 19]"
29,1378612500,5,0.093905,0.085080,0.090375,EXPLOITATION,0.254225,0.0169670869,0.0169670869,7.2270,2.9220,true,true,"[17, 17, 17, 17, 17]","[17, 17, 17, 17, 17]"
30,1378612800,5,0.093294,0.082160,0.088840,EXPLOITATION,0.253304,0.0169855932,0.0169855932,3.6819,2.3361,true,true,"[19, 19, 19, 19, 19]","[19, 19, 19, 19, 19]"
31,1378613100,5,0.092104,0.081380,0.087815,EXPLOITATION,0.252689,0.0169906542,0.0169906542,7.6352,4.0682,true,true,"[18, 18, 18, 18, 18]","[18, 18, 18, 18, 18]"
32,1378613400,5,0.092109,0.078560,0.086689,EXPLOITATION,0.252013,0.0169927171,0.0169927171,4.9509,8.8336,true,true,"[18, 18, 18, 18, 18]","[18, 18, 18, 18, 18]"
33,1378613700,7,0.140261,0.133957,0.137740,BALANCED,0.282644,0.0303413635,0.0303413635,10.6064,11.2571,true,true,"[17, 17, 14, 17, 14, 17, 17]","[16, 16, 11, 16, 11, 16, 16]"
34,1378614000,7,0.140628,0.142100,0.141217,BALANCED,0.284730,0.0304209964,0.0304422475,13.4039,8.0107,true,true,"[19, 13, 19, 19, 19, 13, 19]","[17, 17, 17, 17, 13, 17, 13]"
35,1378614300,7,0.140582,0.188157,0.159612,BALANCED,0.295767,0.0303514476,0.0303514476,12.4453,8.2088,true,true,"[18, 18, 12, 18, 12, 18, 18]","[19, 19, 13, 19, 13, 19, 19]"
36,1378614600,7,0.088528,0.154429,0.114888,BALANCED,0.268933,0.0303704821,0.0303704821,8.9954,6.9438,true,true,"[17, 17, 10, 17, 10, 17, 17]","[19, 19, 14, 19, 14, 19, 19]"
37,1378614900,7,0.090300,0.123200,0.103460,BALANCED,0.262076,0.0303706144,0.0303706144,6.3731,4.0918,true,true,"[16, 16, 13, 16, 13, 16, 16]","[19, 19, 12, 19, 12, 19, 19]"
38,1378615200,7,0.090227,0.144971,0.112125,BALANCED,0.267275,0.0303456452,0.0303496790,6.1823,3.1732,true,true,"[18, 18, 14, 18, 14, 18, 18]","[17, 17, 17, 17, 11, 17, 11]"
39,1378615500,7,0.091128,0.150829,0.115008,BALANCED,0.269005,0.0303948718,0.0303948718,11.0474,4.4155,true,true,"[18, 18, 13, 18, 13, 18, 18]","[17, 17, 13, 17, 13, 17, 17]"
40,1378615800,7,0.090945,0.160757,0.118870,BALANCED,0.271322,0.0303398241,0.0303398241,5.7733,3.2838,true,true,"[18, 18, 15, 18, 15, 18, 18]","[19, 19, 10, 19, 10, 19, 19]"
41,1378616100,7,0.090749,0.148529,0.113861,BALANCED,0.268317,0.0303592768,0.0303592768,5.6589,3.3229,true,true,"[18, 18, 11, 18, 11, 18, 18]","[17, 17, 13, 17, 13, 17, 17]"
42,1378616400,7,0.093084,0.144829,0.113782,BALANCED,0.268269,0.0303900206,0.0303900206,5.5620,3.3912,true,true,"[19, 19, 10, 19, 10, 19, 19]","[19, 19, 10, 19, 10, 19, 19]"
43,1378616700,7,0.093160,0.129129,0.107548,BALANCED,0.264529,0.0303259943,0.0303259943,7.0074,3.4154,true,true,"[19, 19, 14, 19, 14, 19, 19]","[18, 18, 14, 18, 14, 18, 18]"
44,1378617000,7,0.092904,0.137143,0.110599,BALANCED,0.266360,0.0303311559,0.0303311559,6.2722,4.7485,true,true,"[18, 18, 10, 18, 10, 18, 18]","[18, 18, 10, 18, 10, 18, 18]"
45,1378617300,7,0.092818,0.143143,0.112948,BALANCED,0.267769,0.0303383932,0.0303383932,5.5820,3.2604,true,true,"[18, 18, 12, 18, 12, 18, 18]","[19, 19, 15, 19, 15, 19, 19]"
46,1378617600,7,0.140280,0.187371,0.159116,BALANCED,0.295470,0.0304140422,0.0304140422,6.4752,6.7234,true,true,"[19, 19, 19, 19, 12, 19, 12]","[19, 19, 19, 19, 12, 19, 12]"
47,1378617900,7,0.132042,0.133743,0.132722,BALANCED,0.279633,0.0303451733,0.0303451733,6.0780,4.1274,true,true,"[19, 19, 12, 19, 12, 19, 19]","[16, 16, 10, 16, 10, 16, 16]"
48,1378618200,7,0.131987,0.127657,0.130255,BALANCED,0.278153,0.0303612354,0.0303612354,5.2874,3.1612,true,true,"[17, 17, 14, 17, 14, 17, 17]","[18, 18, 13, 18, 13, 18, 18]"
49,1378618500,7,0.131596,0.123200,0.128238,BALANCED,0.276943,0.0303506783,0.0303506783,5.1827,3.3944,true,true,"[17, 17, 11, 17, 11, 17, 17]","[18, 18, 15, 18, 15, 18, 18]"
50,1378618800,7,0.131703,0.119714,0.126907,BALANCED,0.276144,0.0303236966,0.0303236966,5.2143,3.1230,true,true,"[19, 19, 15, 19, 15, 19, 19]","[19, 19, 14, 19, 14, 19, 19]"
51,1378619100,7,0.115426,0.120814,0.117581,BALANCED,0.270549,0.0303957311,0.0304993650,6.6285,3.3142,true,true,"[18, 18, 12, 18, 12, 18, 18]","[15, 19, 19, 19, 19, 19, 15]"
52,1378619400,7,0.115441,0.129529,0.121076,BALANCED,0.272646,0.0303088369,0.0303088369,5.4363,4.2813,true,true,"[18, 18, 11, 18, 11, 18, 18]","[16, 16, 15, 16, 15, 16, 16]"
53,1378619700,7,0.115460,0.115557,0.115499,BALANCED,0.269299,0.0303555955,0.0303555955,5.4425,3.2804,true,true,"[18, 18, 14, 18, 14, 18, 18]","[18, 18, 14, 18, 14, 18, 18]"
54,1378620000,7,0.115481,0.116900,0.116049,BALANCED,0.269629,0.0303497126,0.0303497126,8.7355,3.2224,true,true,"[18, 18, 10, 18, 10, 18, 18]","[18, 18, 11, 18, 11, 18, 18]"
55,1378620300,7,0.115417,0.123886,0.118804,BALANCED,0.271283,0.0303558351,0.0303558351,5.3381,3.2116,true,true,"[16, 16, 13, 16, 13, 16, 16]","[19, 19, 12, 19, 12, 19, 19]"
56,1378620600,7,0.119083,0.124186,0.121124,BALANCED,0.272675,0.0303509481,0.0303509481,6.5967,3.0692,true,true,"[18, 18, 12, 18, 12, 18, 18]","[18, 18, 12, 18, 12, 18, 18]"
57,1378620900,7,0.125635,0.117671,0.122449,BALANCED,0.273470,0.0304055249,0.0304055249,5.0136,4.1701,true,true,"[19, 19, 12, 19, 12, 19, 19]","[18, 18, 11, 18, 11, 18, 18]"
58,1378621200,7,0.130798,0.124957,0.128462,BALANCED,0.277077,0.0304172635,0.0304172635,5.8973,3.1194,true,true,"[16, 16, 13, 16, 13, 16, 16]","[16, 16, 13, 16, 13, 16, 16]"
59,1378621500,7,0.131281,0.124929,0.128740,BALANCED,0.277244,0.0303490433,0.0303490433,5.2032,4.1952,true,true,"[19, 19, 13, 19, 13, 19, 19]","[19, 19, 13, 19, 13, 19, 19]"
60,1378621800,7,0.130264,0.124300,0.127878,BALANCED,0.276727,0.0303378451,0.0303378451,4.8285,2.7827,true,true,"[18, 18, 13, 18, 13, 18, 18]","[18, 18, 13, 18, 13, 18, 18]"
61,1378622100,7,0.128574,0.112671,0.122213,BALANCED,0.273328,0.0303242707,0.0303242707,5.1248,6.3334,true,true,"[19, 19, 14, 19, 14, 19, 19]","[19, 19, 12, 19, 12, 19, 19]"
62,1378622400,7,0.128491,0.111586,0.121729,BALANCED,0.273038,0.0303264536,0.0303264536,7.4076,6.7032,true,true,"[19, 19, 11, 19, 11, 19, 19]","[19, 19, 11, 19, 11, 19, 19]"
63,1378622700,7,0.129622,0.122286,0.126687,BALANCED,0.276012,0.0304068023,0.0304135057,6.9889,5.4828,true,true,"[18, 18, 10, 18, 10, 18, 18]","[19, 19, 19, 19, 14, 19, 14]"
64,1378623000,7,0.129836,0.133886,0.131456,BALANCED,0.278873,0.0303414717,0.0303414717,8.7742,5.0307,true,true,"[17, 17, 13, 17, 13, 17, 17]","[19, 19, 14, 19, 14, 19, 19]"
65,1378623300,7,0.130102,0.121514,0.126667,BALANCED,0.276000,0.0303591277,0.0303591277,8.8561,6.0423,true,true,"[18, 18, 15, 18, 15, 18, 18]","[18, 18, 15, 18, 15, 18, 18]"
66,1378623600,7,0.125476,0.118843,0.122823,BALANCED,0.273694,0.0303654773,0.0303654773,8.5663,6.0869,true,true,"[17, 17, 13, 17, 13, 17, 17]","[16, 16, 13, 16, 13, 16, 16]"
67,1378623900,7,0.125411,0.123243,0.124544,BALANCED,0.274726,0.0303450208,0.0303450208,8.3138,2.7435,true,true,"[16, 16, 15, 16, 15, 16, 16]","[18, 18, 14, 18, 14, 18, 18]"
68,1378624200,7,0.125103,0.129600,0.126902,BALANCED,0.276141,0.0303415488,0.0303415488,5.9516,2.6511,true,true,"[18, 18, 12, 18, 12, 18, 18]","[19, 19, 15, 19, 15, 19, 19]"
69,1378624500,7,0.126023,0.121814,0.124339,BALANCED,0.274604,0.0303542299,0.0303542299,5.7546,2.5381,true,true,"[16, 16, 15, 16, 15, 16, 16]","[16, 16, 15, 16, 15, 16, 16]"
70,1378624800,7,0.082927,0.101271,0.090265,EXPLOITATION,0.254159,0.0303201480,0.0303201480,5.1285,2.3209,true,true,"[17, 17, 10, 17, 10, 17, 17]","[19, 19, 15, 19, 15, 19, 19]"
71,1378625100,7,0.081702,0.098729,0.088513,EXPLOITATION,0.253108,0.0303497035,0.0303497035,6.2888,2.4510,true,true,"[19, 19, 14, 19, 14, 19, 19]","[18, 18, 13, 18, 13, 18, 18]"
72,1378625400,7,0.085867,0.099257,0.091223,EXPLOITATION,0.254734,0.0303924271,0.0303924271,4.4456,5.3217,true,true,"[17, 17, 15, 17, 15, 17, 17]","[17, 17, 15, 17, 15, 17, 17]"
73,1378625700,7,0.090462,0.095100,0.092317,EXPLOITATION,0.255390,0.0303823578,0.0303823578,5.2417,2.4000,true,true,"[19, 19, 12, 19, 12, 19, 19]","[19, 19, 12, 19, 12, 19, 19]"
74,1378626000,7,0.091351,0.094386,0.092565,EXPLOITATION,0.255539,0.0303456971,0.0303456971,6.5408,3.9580,true,true,"[18, 18, 14, 18, 14, 18, 18]","[19, 19, 10, 19, 10, 19, 19]"
75,1378626300,7,0.098141,0.106843,0.101622,BALANCED,0.260973,0.0303734299,0.0303734299,4.2918,2.3724,true,true,"[18, 18, 15, 18, 15, 18, 18]","[19, 19, 15, 19, 15, 19, 19]"
76,1378626600,7,0.097563,0.117214,0.105424,BALANCED,0.263254,0.0303303761,0.0303303761,4.4714,2.6976,true,true,"[19, 19, 13, 19, 13, 19, 19]","[17, 17, 15, 17, 15, 17, 17]"
77,1378626900,7,0.097411,0.102843,0.099583,EXPLOITATION,0.259750,0.0303465980,0.0303465980,5.5627,2.3892,true,true,"[18, 18, 15, 18, 15, 18, 18]","[18, 18, 15, 18, 15, 18, 18]"
78,1378627200,7,0.096989,0.102514,0.099199,EXPLOITATION,0.259519,0.0303804099,0.0303804099,4.5867,2.4841,true,true,"[18, 18, 14, 18, 14, 18, 18]","[19, 19, 13, 19, 13, 19, 19]"
79,1378627500,7,0.103937,0.115400,0.108522,BALANCED,0.265113,0.0304117098,0.0304117098,5.7922,2.5485,true,true,"[17, 17, 14, 17, 14, 17, 17]","[19, 19, 13, 19, 13, 19, 19]"
80,1378627800,7,0.101612,0.119500,0.108767,BALANCED,0.265260,0.0303444841,0.0303444841,5.0410,2.4259,true,true,"[18, 18, 12, 18, 12, 18, 18]","[19, 19, 15, 19, 15, 19, 19]"
81,1378628100,7,0.098566,0.104800,0.101059,BALANCED,0.260636,0.0303655783,0.0303679258,6.7929,2.3998,true,true,"[18, 18, 15, 18, 15, 18, 18]","[19, 19, 19, 19, 10, 19, 10]"
82,1378628400,7,0.094074,0.105786,0.098759,EXPLOITATION,0.259255,0.0303535707,0.0303535707,4.5562,2.6298,true,true,"[19, 19, 14, 19, 14, 19, 19]","[19, 19, 12, 19, 12, 19, 19]"
83,1378628700,7,0.094202,0.107043,0.099338,EXPLOITATION,0.259603,0.0303241744,0.0303241744,4.7323,4.6291,true,true,"[18, 18, 14, 18, 14, 18, 18]","[19, 19, 15, 19, 15, 19, 19]"
84,1378629000,7,0.094138,0.105243,0.098580,EXPLOITATION,0.259148,0.0303394958,0.0303394958,4.8937,2.4143,true,true,"[17, 17, 12, 17, 12, 17, 17]","[19, 19, 11, 19, 11, 19, 19]"
85,1378629300,7,0.094068,0.093386,0.093795,EXPLOITATION,0.256277,0.0303283368,0.0303283368,5.9980,2.5152,true,true,"[18, 18, 15, 18, 15, 18, 18]","[18, 18, 14, 18, 14, 18, 18]"
86,1378629600,7,0.094007,0.093300,0.093724,EXPLOITATION,0.256234,0.0303254353,0.0303254353,4.2573,2.4039,true,true,"[19, 19, 15, 19, 15, 19, 19]","[18, 18, 14, 18, 14, 18, 18]"
87,1378629900,7,0.092849,0.100543,0.095926,EXPLOITATION,0.257556,0.0303810255,0.0303810255,5.5107,2.5416,true,true,"[16, 16, 15, 16, 15, 16, 16]","[18, 18, 14, 18, 14, 18, 18]"
88,1378630200,7,0.092714,0.107443,0.098606,EXPLOITATION,0.259163,0.0303574341,0.0303574341,5.0589,4.1219,true,true,"[18, 18, 15, 18, 15, 18, 18]","[18, 18, 12, 18, 12, 18, 18]"
89,1378630500,7,0.092781,0.092971,0.092857,EXPLOITATION,0.255714,0.0303599909,0.0303599909,7.7205,2.5598,true,true,"[18, 18, 12, 18, 12, 18, 18]","[16, 16, 13, 16, 13, 16, 16]"
90,1378630800,7,0.092739,0.093900,0.093203,EXPLOITATION,0.255922,0.0303602193,0.0303602193,4.5809,3.4596,true,true,"[18, 18, 10, 18, 10, 18, 18]","[18, 18, 10, 18, 10, 18, 18]"
91,1378631100,7,0.092910,0.103300,0.097066,EXPLOITATION,0.258240,0.0303638257,0.0303638257,5.4344,3.4887,true,true,"[19, 19, 11, 19, 11, 19, 19]","[16, 16, 12, 16, 12, 16, 16]"
92,1378631400,7,0.092653,0.105157,0.097655,EXPLOITATION,0.258593,0.0303475316,0.0303475316,4.4784,3.6705,true,true,"[18, 18, 14, 18, 14, 18, 18]","[16, 16, 12, 16, 12, 16, 16]"
93,1378631700,7,0.090374,0.095743,0.092521,EXPLOITATION,0.255513,0.0303485454,0.0303485454,4.6513,3.0089,true,true,"[19, 19, 11, 19, 11, 19, 19]","[19, 19, 13, 19, 13, 19, 19]"
94,1378632000,7,0.089478,0.096943,0.092464,EXPLOITATION,0.255478,0.0303646750,0.0303646750,4.7139,4.9295,true,true,"[18, 18, 10, 18, 10, 18, 18]","[17, 17, 14, 17, 14, 17, 17]"
95,1378632300,7,0.090034,0.098657,0.093484,EXPLOITATION,0.256090,0.0303652377,0.0303652377,4.6745,2.2905,true,true,"[18, 18, 15, 18, 15, 18, 18]","[19, 19, 13, 19, 13, 19, 19]"
96,1378632600,7,0.084895,0.094300,0.088657,EXPLOITATION,0.253194,0.0303604494,0.0303604494,4.3396,3.5595,true,true,"[18, 18, 15, 18, 15, 18, 18]","[17, 17, 11, 17, 11, 17, 17]"
97,1378632900,7,0.076428,0.085629,0.080108,EXPLOITATION,0.248065,0.0303452830,0.0303452830,5.0102,2.1315,true,true,"[18, 18, 13, 18, 13, 18, 18]","[17, 17, 11, 17, 11, 17, 17]"
98,1378633200,7,0.073614,0.083271,0.077477,EXPLOITATION,0.246486,0.0303932141,0.0304914196,4.8263,3.6200,true,true,"[12, 12, 16, 16, 12, 16, 16]","[16, 16, 16, 16, 13, 16, 13]"
99,1378633500,7,0.065838,0.083214,0.072788,EXPLOITATION,0.243673,0.0303485840,0.0303485840,5.5253,2.1758,true,true,"[19, 19, 15, 19, 15, 19, 19]","[16, 16, 14, 16, 14, 16, 16]"
100,1378633800,7,0.066061,0.087743,0.074734,EXPLOITATION,0.244840,0.0303659563,0.0303659563,4.7084,3.0255,true,true,"[19, 19, 12, 19, 12, 19, 19]","[19, 19, 12, 19, 12, 19, 19]"
101,1378634100,7,0.066238,0.076514,0.070348,EXPLOITATION,0.242209,0.0304504919,0.0304539578,5.9283,2.3269,true,true,"[15, 16, 16, 16, 15, 15, 16]","[15, 17, 17, 17, 17, 17, 15]"
102,1378634400,7,0.075191,0.087529,0.080126,EXPLOITATION,0.248075,0.0305026870,0.0305026870,4.5363,3.4692,true,true,"[12, 19, 19, 19, 12, 12, 19]","[10, 19, 19, 19, 10, 10, 19]"
103,1378634700,7,0.072664,0.087229,0.078490,EXPLOITATION,0.247094,0.0304005696,0.0325997650,9.3247,4.7468,true,true,"[17, 17, 15, 17, 15, 17, 17]","[18, 16, 16, 18, 16, 16, 16]"
104,1378635000,7,0.077143,0.085843,0.080623,EXPLOITATION,0.248374,0.0304642397,0.0305547907,9.1981,2.7601,true,true,"[14, 17, 14, 17, 17, 17, 17]","[18, 18, 18, 18, 14, 18, 14]"
105,1378635300,7,0.076890,0.081871,0.078882,EXPLOITATION,0.247329,0.0304233229,0.0304265223,9.1476,2.4273,true,true,"[10, 18, 18, 18, 10, 10, 18]","[12, 12, 16, 16, 12, 16, 16]"
106,1378635600,7,0.077828,0.086371,0.081245,EXPLOITATION,0.248747,0.0304806400,0.0318265420,12.1559,6.1100,true,true,"[14, 19, 19, 19, 19, 19, 14]","[19, 19, 19, 10, 19, 19, 19]"
107,1378635900,7,0.077950,0.085814,0.081096,EXPLOITATION,0.248657,0.0304651507,0.0304626842,9.2266,5.1030,true,true,"[15, 18, 18, 18, 18, 18, 15]","[14, 19, 19, 19, 14, 14, 19]"
108,1378636200,7,0.077864,0.086243,0.081216,EXPLOITATION,0.248729,0.0304409893,0.0304439613,8.1140,7.4411,true,true,"[13, 18, 18, 18, 13, 13, 18]","[12, 19, 19, 19, 19, 19, 12]"
109,1378636500,7,0.076905,0.080186,0.078217,EXPLOITATION,0.246930,0.0304247741,0.0305127212,10.4587,6.6142,true,true,"[10, 18, 18, 18, 10, 10, 18]","[17, 17, 17, 17, 11, 17, 11]"
110,1378636800,7,0.076850,0.082300,0.079030,EXPLOITATION,0.247418,0.0303206636,0.0303206636,7.1196,2.5744,true,true,"[17, 17, 14, 17, 14, 17, 17]","[19, 19, 11, 19, 11, 19, 19]"
111,1378637100,7,0.076996,0.090843,0.082535,EXPLOITATION,0.249521,0.0303515573,0.0303588768,6.8506,2.3189,true,true,"[16, 16, 13, 16, 13, 16, 16]","[18, 18, 18, 18, 12, 18, 12]"
112,1378637400,7,0.078821,0.099929,0.087264,EXPLOITATION,0.252358,0.0303664494,0.0303664494,4.6647,3.9290,true,true,"[19, 19, 10, 19, 10, 19, 19]","[19, 19, 10, 19, 10, 19, 19]"
113,1378637700,7,0.078723,0.088771,0.082742,EXPLOITATION,0.249645,0.0303500293,0.0303500293,6.9866,3.6861,true,true,"[19, 19, 12, 19, 12, 19, 19]","[19, 19, 12, 19, 12, 19, 19]"
114,1378638000,7,0.078549,0.093886,0.084684,EXPLOITATION,0.250810,0.0304450136,0.0305271372,6.4557,2.3618,true,true,"[10, 17, 17, 17, 10, 10, 17]","[19, 19, 19, 19, 12, 19, 12]"
115,1378638300,7,0.078420,0.092029,0.083864,EXPLOITATION,0.250318,0.0303401126,0.0303442944,5.7401,2.4390,true,true,"[18, 18, 13, 18, 13, 18, 18]","[17, 17, 17, 17, 11, 17, 11]"
116,1378638600,7,0.078408,0.090357,0.083188,EXPLOITATION,0.249913,0.0304321652,0.0304321652,7.4204,2.7561,true,true,"[11, 18, 18, 18, 18, 18, 11]","[11, 18, 18, 18, 18, 18, 11]"
117,1378638900,7,0.087963,0.088357,0.088121,EXPLOITATION,0.252872,0.0303500096,0.0303500096,5.0926,2.4315,true,true,"[19, 19, 13, 19, 13, 19, 19]","[19, 19, 12, 19, 12, 19, 19]"
118,1378639200,7,0.094193,0.093229,0.093807,EXPLOITATION,0.256284,0.0303865220,0.0303865220,7.3656,2.9014,true,true,"[18, 18, 15, 18, 15, 18, 18]","[17, 17, 10, 17, 10, 17, 17]"
119,1378639500,7,0.094303,0.093814,0.094108,EXPLOITATION,0.256465,0.0303704346,0.0303704346,6.1720,4.6444,true,true,"[17, 17, 14, 17, 14, 17, 17]","[18, 18, 14, 18, 14, 18, 18]"
120,1378639800,7,0.093991,0.094743,0.094292,EXPLOITATION,0.256575,0.0303615810,0.0303615810,5.0904,2.7007,true,true,"[19, 19, 15, 19, 15, 19, 19]","[19, 19, 15, 19, 15, 19, 19]"
121,1378640100,7,0.093750,0.095543,0.094467,EXPLOITATION,0.256680,0.0303667499,0.0303667499,6.1717,2.9582,true,true,"[18, 18, 13, 18, 13, 18, 18]","[18, 18, 11, 18, 11, 18, 18]"
122,1378640400,7,0.092833,0.091471,0.092289,EXPLOITATION,0.255373,0.0303547121,0.0303547121,5.6804,2.7130,true,true,"[18, 18, 13, 18, 13, 18, 18]","[19, 19, 14, 19, 14, 19, 19]"
123,1378640700,7,0.097105,0.119214,0.105949,BALANCED,0.263569,0.0303647802,0.0303647802,7.4511,2.8182,true,true,"[18, 18, 15, 18, 15, 18, 18]","[17, 17, 12, 17, 12, 17, 17]"
124,1378641000,7,0.097087,0.115557,0.104475,BALANCED,0.262685,0.0304590471,0.0305422386,5.3259,3.3343,true,true,"[11, 11, 16, 16, 11, 16, 16]","[19, 13, 19, 19, 19, 13, 19]"
125,1378641300,7,0.108267,0.113414,0.110326,BALANCED,0.266196,0.0303659238,0.0303659238,7.9664,2.7504,true,true,"[19, 19, 14, 19, 14, 19, 19]","[19, 19, 14, 19, 14, 19, 19]"
126,1378641600,7,0.101221,0.104314,0.102458,BALANCED,0.261475,0.0304735102,0.0304769000,6.0223,4.8829,true,true,"[14, 17, 17, 17, 14, 14, 17]","[10, 16, 16, 16, 16, 16, 10]"
127,1378641900,7,0.092974,0.106029,0.098196,EXPLOITATION,0.258917,0.0303288937,0.0303288937,6.3888,2.6925,true,true,"[18, 18, 10, 18, 10, 18, 18]","[19, 19, 14, 19, 14, 19, 19]"
128,1378642200,7,0.083538,0.097114,0.088969,EXPLOITATION,0.253381,0.0303213667,0.0303213667,11.1118,4.9331,true,true,"[16, 16, 13, 16, 13, 16, 16]","[16, 16, 13, 16, 13, 16, 16]"
129,1378642500,7,0.083532,0.092829,0.087251,EXPLOITATION,0.252350,0.0304312957,0.0304312957,7.6172,2.9141,true,true,"[15, 17, 17, 17, 15, 15, 17]","[13, 17, 17, 17, 13, 13, 17]"
130,1378642800,7,0.083279,0.087757,0.085070,EXPLOITATION,0.251042,0.0304877522,0.0304877522,5.1793,2.7876,true,true,"[10, 17, 17, 17, 17, 17, 10]","[10, 17, 17, 17, 17, 17, 10]"
131,1378643100,7,0.083190,0.096057,0.088337,EXPLOITATION,0.253002,0.0303646981,0.0303646981,5.8398,2.6920,true,true,"[17, 17, 15, 17, 15, 17, 17]","[18, 18, 13, 18, 13, 18, 18]"
132,1378643400,7,0.083230,0.093729,0.087429,EXPLOITATION,0.252458,0.0304260037,0.0304260037,4.9270,4.5852,true,true,"[11, 19, 19, 19, 19, 19, 11]","[14, 16, 16, 16, 16, 16, 14]"
133,1378643700,7,0.083315,0.090057,0.086012,EXPLOITATION,0.251607,0.0304011021,0.0304066202,5.2318,2.7185,true,true,"[10, 16, 16, 16, 10, 10, 16]","[12, 17, 17, 17, 17, 17, 12]"
134,1378644000,7,0.083263,0.087100,0.084798,EXPLOITATION,0.250879,0.0304195469,0.0304214733,5.4025,2.6401,true,true,"[12, 19, 19, 19, 12, 12, 19]","[11, 18, 18, 18, 18, 18, 11]"
135,1378644300,7,0.083352,0.107171,0.092880,EXPLOITATION,0.255728,0.0302002513,0.0302002513,5.3383,2.6789,true,true,"[15, 15, 18, 18, 15, 18, 18]","[15, 15, 18, 18, 15, 18, 18]"
136,1378644600,7,0.082163,0.106843,0.092035,EXPLOITATION,0.255221,0.0304753843,0.0305600730,5.0812,3.1218,true,true,"[14, 19, 19, 19, 19, 19, 14]","[19, 19, 19, 19, 11, 19, 11]"
137,1378644900,7,0.082851,0.098357,0.089053,EXPLOITATION,0.253432,0.0304866276,0.0304866276,5.3000,2.6624,true,true,"[14, 19, 19, 19, 14, 14, 19]","[10, 18, 18, 18, 10, 10, 18]"
138,1378645200,7,0.082885,0.095871,0.088079,EXPLOITATION,0.252848,0.0304293481,0.0305153497,5.5216,4.2284,true,true,"[11, 19, 19, 19, 11, 11, 19]","[17, 17, 17, 17, 12, 17, 12]"
139,1378645500,7,0.083025,0.102043,0.090632,EXPLOITATION,0.254379,0.0304146768,0.0304146768,5.5334,2.6674,true,true,"[11, 18, 18, 18, 11, 11, 18]","[11, 18, 18, 18, 11, 11, 18]"
140,1378645800,7,0.083181,0.100343,0.090046,EXPLOITATION,0.254027,0.0304133168,0.0304133168,5.6214,3.5111,true,true,"[11, 18, 18, 18, 18, 18, 11]","[10, 18, 18, 18, 18, 18, 10]"
141,1378646100,7,0.074583,0.090943,0.081127,EXPLOITATION,0.248676,0.0303914076,0.0303910892,5.1940,2.2852,true,true,"[11, 19, 19, 19, 19, 19, 11]","[10, 10, 19, 19, 10, 19, 19]"
142,1378646400,7,0.062953,0.079014,0.069378,EXPLOITATION,0.241627,0.0304207500,0.0305188724,6.5481,2.9996,true,true,"[11, 17, 17, 17, 17, 17, 11]","[16, 16, 15, 16, 15, 16, 16]"
143,1378646700,7,0.061700,0.082529,0.070032,EXPLOITATION,0.242019,0.0304336798,0.0304353649,5.2215,2.3400,true,true,"[11, 16, 16, 16, 11, 11, 16]","[13, 16, 16, 16, 16, 16, 13]"
144,1378647000,7,0.062092,0.082300,0.070175,EXPLOITATION,0.242105,0.0304287312,0.0304274182,5.5863,2.4423,true,true,"[12, 18, 18, 18, 18, 18, 12]","[15, 16, 16, 16, 15, 15, 16]"
145,1378647300,7,0.061499,0.076957,0.067682,EXPLOITATION,0.240609,0.0303873507,0.0303888156,5.0615,2.2682,true,true,"[14, 18, 18, 18, 14, 14, 18]","[10, 18, 18, 18, 18, 18, 10]"
146,1378647600,7,0.061542,0.072657,0.065988,EXPLOITATION,0.239593,0.0304213681,0.0304213681,6.9435,2.4176,true,true,"[12, 17, 17, 17, 17, 17, 12]","[12, 19, 19, 19, 19, 19, 12]"
147,1378647900,7,0.053542,0.081886,0.064880,EXPLOITATION,0.238928,0.0304402091,0.0304425862,5.7029,2.3485,true,true,"[13, 13, 19, 19, 13, 19, 19]","[14, 19, 19, 19, 19, 19, 14]"
148,1378648200,7,0.053591,0.087486,0.067149,EXPLOITATION,0.240289,0.0304386727,0.0304400821,7.3597,2.2038,true,true,"[11, 19, 19, 19, 11, 11, 19]","[14, 17, 17, 17, 17, 17, 14]"
149,1378648500,7,0.043340,0.069657,0.053867,EXPLOITATION,0.232320,0.0304664414,0.0304642620,5.0265,2.5788,true,true,"[15, 15, 16, 16, 15, 16, 16]","[14, 19, 19, 19, 19, 19, 14]"
150,1378648800,7,0.043300,0.067757,0.053083,EXPLOITATION,0.231850,0.0304681806,0.0305419204,7.5122,3.3093,true,true,"[10, 17, 17, 17, 10, 10, 17]","[19, 19, 19, 19, 14, 19, 14]"
151,1378649100,7,0.057954,0.086686,0.069447,EXPLOITATION,0.241668,0.0304313512,0.0304313512,5.1744,2.3761,true,true,"[12, 17, 17, 17, 17, 17, 12]","[12, 18, 18, 18, 18, 18, 12]"
152,1378649400,7,0.057939,0.073357,0.064106,EXPLOITATION,0.238464,0.0304346944,0.0305172243,5.4444,2.1959,true,true,"[10, 18, 18, 18, 10, 10, 18]","[19, 19, 19, 19, 10, 19, 10]"
153,1378649700,7,0.057884,0.073957,0.064313,EXPLOITATION,0.238588,0.0304240205,0.0304240205,6.3717,2.7276,true,true,"[11, 17, 17, 17, 17, 17, 11]","[11, 18, 18, 18, 18, 18, 11]"
154,1378650000,7,0.060102,0.075514,0.066267,EXPLOITATION,0.239760,0.0304399308,0.0304399308,5.9720,2.2893,true,true,"[13, 18, 18, 18, 18, 18, 13]","[10, 19, 19, 19, 19, 19, 10]"
155,1378650300,7,0.060274,0.078643,0.067621,EXPLOITATION,0.240573,0.0304585642,0.0304585642,4.8751,2.1368,true,true,"[11, 18, 18, 18, 18, 18, 11]","[12, 18, 18, 18, 18, 18, 12]"
156,1378650600,7,0.060414,0.077271,0.067157,EXPLOITATION,0.240294,0.0304399026,0.0305257993,5.4336,2.9868,true,true,"[10, 19, 19, 19, 10, 10, 19]","[19, 14, 19, 19, 19, 14, 19]"
157,1378650900,7,0.060396,0.069586,0.064072,EXPLOITATION,0.238443,0.0304030018,0.0304950225,5.1517,2.2083,true,true,"[10, 17, 17, 17, 10, 10, 17]","[19, 19, 19, 19, 10, 19, 10]"
158,1378651200,7,0.065856,0.077543,0.070531,EXPLOITATION,0.242318,0.0304646103,0.0304699568,7.0578,2.2468,true,true,"[15, 16, 16, 16, 16, 16, 15]","[11, 18, 11, 18, 18, 18, 18]"
159,1378651500,7,0.081986,0.097557,0.088215,EXPLOITATION,0.252929,0.0305258588,0.0305265686,6.6987,3.3041,true,true,"[15, 18, 18, 18, 15, 15, 18]","[14, 17, 17, 17, 17, 17, 14]"
160,1378651800,7,0.081919,0.106443,0.091729,EXPLOITATION,0.255037,0.0304633353,0.0304633353,5.3625,2.6862,true,true,"[10, 19, 19, 19, 19, 19, 10]","[12, 18, 18, 18, 18, 18, 12]"
161,1378652100,7,0.080868,0.097029,0.087332,EXPLOITATION,0.252399,0.0304155688,0.0305027053,4.9198,3.2722,true,true,"[13, 19, 19, 19, 13, 13, 19]","[16, 16, 16, 16, 10, 16, 10]"
162,1378652400,7,0.082047,0.097686,0.088303,EXPLOITATION,0.252982,0.0304772843,0.0304787127,6.1437,2.6567,true,true,"[15, 19, 19, 19, 19, 19, 15]","[13, 19, 19, 19, 13, 13, 19]"
163,1378652700,7,0.088806,0.100829,0.093615,EXPLOITATION,0.256169,0.0304655200,0.0304655200,4.9799,3.8620,true,true,"[11, 19, 19, 19, 19, 19, 11]","[10, 18, 18, 18, 18, 18, 10]"
164,1378653000,7,0.088956,0.090714,0.089659,EXPLOITATION,0.253796,0.0304161612,0.0304161612,4.7456,2.5893,true,true,"[12, 19, 19, 19, 12, 12, 19]","[11, 17, 17, 17, 11, 11, 17]"
165,1378653300,7,0.088977,0.092371,0.090335,EXPLOITATION,0.254201,0.0304481878,0.0304556668,5.0962,2.7458,true,true,"[15, 17, 17, 17, 15, 15, 17]","[15, 18, 15, 18, 18, 18, 18]"
166,1378653600,7,0.089017,0.093700,0.090890,EXPLOITATION,0.254534,0.0303893693,0.0303856061,4.9214,2.5435,true,true,"[14, 18, 18, 18, 18, 18, 14]","[11, 19, 19, 19, 11, 11, 19]"
167,1378653900,7,0.089237,0.101157,0.094005,EXPLOITATION,0.256403,0.0303986971,0.0304008071,4.9350,3.1286,true,true,"[11, 19, 19, 19, 11, 11, 19]","[11, 16, 16, 16, 16, 16, 11]"
168,1378654200,7,0.089216,0.091729,0.090221,EXPLOITATION,0.254132,0.0304081234,0.0305033873,5.7858,2.3769,true,true,"[10, 19, 19, 19, 10, 10, 19]","[19, 19, 19, 19, 12, 19, 12]"
169,1378654500,7,0.089307,0.084929,0.087556,EXPLOITATION,0.252533,0.0303816046,0.0303831234,6.5646,4.3304,true,true,"[14, 17, 17, 17, 14, 14, 17]","[13, 16, 16, 16, 16, 16, 13]"
170,1378654800,7,0.090157,0.084529,0.087905,EXPLOITATION,0.252743,0.0304547314,0.0304675827,4.8225,2.7504,true,true,"[15, 18, 18, 18, 18, 18, 15]","[11, 17, 17, 17, 11, 11, 17]"
171,1378655100,7,0.098642,0.108586,0.102619,BALANCED,0.261572,0.0304452957,0.0304455757,6.7675,2.7517,true,true,"[14, 19, 19, 19, 14, 14, 19]","[10, 10, 19, 19, 10, 19, 19]"
172,1378655400,7,0.098822,0.119757,0.107196,BALANCED,0.264318,0.0304236807,0.0304261174,4.8735,3.7347,true,true,"[10, 17, 17, 17, 17, 17, 10]","[10, 19, 10, 19, 19, 19, 19]"
173,1378655700,7,0.098718,0.110000,0.103231,BALANCED,0.261939,0.0304177871,0.0304177871,6.1548,2.4572,true,true,"[13, 18, 18, 18, 18, 18, 13]","[11, 18, 18, 18, 18, 18, 11]"
174,1378656000,7,0.098657,0.110314,0.103320,BALANCED,0.261992,0.0304459642,0.0304521538,4.5153,2.7525,true,true,"[11, 17, 17, 17, 11, 11, 17]","[13, 18, 13, 18, 18, 18, 18]"
175,1378656300,7,0.084828,0.098314,0.090222,EXPLOITATION,0.254133,0.0303898150,0.0303898150,5.0708,2.8654,true,true,"[10, 17, 17, 17, 17, 17, 10]","[15, 17, 17, 17, 17, 17, 15]"
176,1378656600,7,0.089258,0.097871,0.092704,EXPLOITATION,0.255622,0.0304549281,0.0304668145,5.4365,2.5263,true,true,"[12, 18, 18, 18, 18, 18, 12]","[14, 18, 18, 18, 14, 14, 18]"
177,1378656900,7,0.090478,0.089457,0.090069,EXPLOITATION,0.254042,0.0304736574,0.0304766554,7.8601,2.4372,true,true,"[15, 17, 17, 17, 17, 17, 15]","[11, 11, 18, 18, 11, 18, 18]"
178,1378657200,7,0.091602,0.095543,0.093178,EXPLOITATION,0.255907,0.0304658261,0.0305496098,5.8712,2.7047,true,true,"[11, 17, 17, 17, 17, 17, 11]","[16, 16, 16, 16, 15, 16, 15]"
179,1378657500,7,0.092176,0.094629,0.093157,EXPLOITATION,0.255894,0.0304587701,0.0304611301,6.3018,2.3863,true,true,"[10, 19, 19, 19, 19, 19, 10]","[10, 10, 17, 17, 10, 17, 17]"
180,1378657800,7,0.091880,0.093886,0.092682,EXPLOITATION,0.255609,0.0304334910,0.0304367142,4.6857,3.0945,true,true,"[10, 16, 16, 16, 10, 10, 16]","[15, 15, 19, 19, 15, 19, 19]"
181,1378658100,7,0.094939,0.090686,0.093237,EXPLOITATION,0.255942,0.0304277598,0.0305207929,6.1647,2.1988,true,true,"[13, 17, 17, 17, 13, 13, 17]","[19, 10, 19, 19, 19, 10, 19]"
182,1378658400,7,0.094981,0.095171,0.095057,EXPLOITATION,0.257034,0.0304259557,0.0304259557,4.7653,3.9399,true,true,"[12, 16, 16, 16, 12, 12, 16]","[13, 18, 18, 18, 13, 13, 18]"
183,1378658700,7,0.086664,0.102057,0.092821,EXPLOITATION,0.255693,0.0303749207,0.0303749207,5.3591,5.9060,true,true,"[19, 19, 11, 19, 11, 19, 19]","[18, 18, 14, 18, 14, 18, 18]"
184,1378659000,7,0.085925,0.108671,0.095023,EXPLOITATION,0.257014,0.0304403909,0.0305394828,6.4336,4.2482,true,true,"[14, 17, 17, 17, 17, 17, 14]","[19, 19, 19, 19, 11, 19, 11]"
185,1378659300,7,0.085344,0.097800,0.090327,EXPLOITATION,0.254196,0.0304584940,0.0304600023,7.2763,5.4740,true,true,"[14, 19, 19, 19, 14, 14, 19]","[10, 19, 19, 19, 19, 19, 10]"
186,1378659600,7,0.089610,0.105057,0.095789,EXPLOITATION,0.257473,0.0304545900,0.0304545900,4.6874,2.3460,true,true,"[13, 16, 16, 16, 16, 16, 13]","[13, 16, 16, 16, 16, 16, 13]"
187,1378659900,7,0.087196,0.104457,0.094100,EXPLOITATION,0.256460,0.0304558012,0.0305375811,4.8690,5.2303,true,true,"[15, 17, 17, 17, 17, 17, 15]","[19, 19, 19, 19, 14, 19, 14]"
188,1378660200,7,0.086554,0.097229,0.090824,EXPLOITATION,0.254494,0.0304287877,0.0304311407,5.7413,2.6178,true,true,"[14, 17, 17, 17, 14, 14, 17]","[15, 19, 19, 19, 19, 19, 15]"
189,1378660500,7,0.088424,0.093214,0.090340,EXPLOITATION,0.254204,0.0304517179,0.0305301822,7.7615,2.4672,true,true,"[10, 17, 17, 17, 17, 17, 10]","[17, 17, 17, 17, 14, 17, 14]"
190,1378660800,7,0.090636,0.098700,0.093862,EXPLOITATION,0.256317,0.0304956704,0.0304956704,4.8985,2.7419,true,true,"[13, 19, 19, 19, 19, 19, 13]","[10, 19, 19, 19, 19, 19, 10]"
191,1378661100,7,0.089497,0.100271,0.093807,EXPLOITATION,0.256284,0.0304723639,0.0304723639,6.0165,2.5338,true,true,"[12, 19, 19, 19, 19, 19, 12]","[10, 19, 19, 19, 19, 19, 10]"
192,1378661400,7,0.089319,0.093600,0.091032,EXPLOITATION,0.254619,0.0304519022,0.0304564443,4.6537,2.2619,true,true,"[11, 19, 19, 19, 19, 19, 11]","[12, 17, 12, 17, 17, 17, 17]"
193,1378661700,7,0.089448,0.092614,0.090714,EXPLOITATION,0.254429,0.0304589490,0.0305350252,6.1708,2.5629,true,true,"[10, 19, 19, 19, 19, 19, 10]","[19, 19, 19, 19, 13, 19, 13]"
194,1378662000,7,0.091437,0.098786,0.094376,EXPLOITATION,0.256626,0.0304176770,0.0304176770,4.7073,2.5399,true,true,"[14, 18, 18, 18, 18, 18, 14]","[14, 16, 16, 16, 16, 16, 14]"
195,1378662300,7,0.085060,0.098786,0.090550,EXPLOITATION,0.254330,0.0304736561,0.0304747905,5.5683,2.4371,true,true,"[10, 19, 19, 19, 19, 19, 10]","[12, 17, 17, 17, 12, 12, 17]"
196,1378662600,7,0.083826,0.106900,0.093055,EXPLOITATION,0.255833,0.0304650321,0.0304691687,4.8497,2.4099,true,true,"[15, 17, 17, 17, 15, 15, 17]","[11, 11, 16, 16, 11, 16, 16]"
197,1378662900,7,0.083331,0.094500,0.087798,EXPLOITATION,0.252679,0.0304384812,0.0304384812,6.2021,2.5774,true,true,"[14, 17, 17, 17, 14, 14, 17]","[14, 17, 17, 17, 14, 14, 17]"
198,1378663200,7,0.082441,0.098186,0.088739,EXPLOITATION,0.253243,0.0304133534,0.0304093296,5.0038,2.3480,true,true,"[11, 19, 19, 19, 19, 19, 11]","[11, 16, 16, 16, 11, 11, 16]"
199,1378663500,7,0.082066,0.108886,0.092794,EXPLOITATION,0.255676,0.0304191666,0.0305030027,9.3747,3.0159,true,true,"[12, 17, 17, 17, 12, 12, 17]","[19, 19, 19, 19, 11, 19, 11]"
200,1378663800,7,0.082799,0.100386,0.089834,EXPLOITATION,0.253900,0.0304208492,0.0304253895,5.3240,2.4593,true,true,"[13, 19, 19, 19, 13, 13, 19]","[14, 19, 19, 19, 19, 19, 14]"
201,1378664100,7,0.084654,0.093757,0.088295,EXPLOITATION,0.252977,0.0304681482,0.0305347256,6.3012,2.2757,true,true,"[15, 18, 18, 18, 18, 18, 15]","[18, 18, 18, 18, 13, 18, 13]"
202,1378664400,7,0.083208,0.090414,0.086091,EXPLOITATION,0.251654,0.0305171622,0.0305942404,5.8697,3.4370,true,true,"[11, 19, 19, 19, 19, 19, 11]","[17, 17, 17, 17, 13, 17, 13]"
203,1378664700,7,0.083761,0.100629,0.090508,EXPLOITATION,0.254305,0.0304442400,0.0304445208,5.5988,2.4709,true,true,"[13, 18, 18, 18, 18, 18, 13]","[10, 10, 19, 19, 10, 19, 19]"
204,1378665000,7,0.082539,0.094700,0.087404,EXPLOITATION,0.252442,0.0304019389,0.0304050133,5.9589,3.1790,true,true,"[14, 19, 19, 19, 14, 14, 19]","[12, 19, 19, 19, 19, 19, 12]"
205,1378665300,7,0.085702,0.097986,0.090615,EXPLOITATION,0.254369,0.0304774889,0.0304773534,4.8545,2.6195,true,true,"[15, 18, 18, 18, 18, 18, 15]","[10, 10, 19, 19, 10, 19, 19]"
206,1378665600,7,0.085277,0.099014,0.090772,EXPLOITATION,0.254463,0.0303179934,0.0303179934,4.6626,2.7522,true,true,"[18, 18, 11, 18, 11, 18, 18]","[19, 19, 10, 19, 10, 19, 19]"
207,1378665900,7,0.085699,0.118729,0.098911,EXPLOITATION,0.259346,0.0303891018,0.0303891018,4.9300,2.5965,true,true,"[19, 19, 15, 19, 15, 19, 19]","[18, 18, 11, 18, 11, 18, 18]"
208,1378666200,7,0.086606,0.119129,0.099615,EXPLOITATION,0.259769,0.0303547364,0.0303547364,4.8889,2.7338,true,true,"[18, 18, 15, 18, 15, 18, 18]","[19, 19, 13, 19, 13, 19, 19]"
209,1378666500,7,0.087865,0.112000,0.097519,EXPLOITATION,0.258511,0.0304283359,0.0304283359,4.8622,2.4755,true,true,"[14, 18, 18, 18, 18, 18, 14]","[13, 17, 17, 17, 17, 17, 13]"
210,1378666800,7,0.087544,0.111043,0.096944,EXPLOITATION,0.258166,0.0303623031,0.0303623031,4.9819,2.5450,true,true,"[19, 19, 14, 19, 14, 19, 19]","[19, 19, 10, 19, 10, 19, 19]"
211,1378667100,7,0.089161,0.110686,0.097771,EXPLOITATION,0.258662,0.0304604652,0.0304604652,6.2101,2.6363,true,true,"[11, 17, 17, 17, 17, 17, 11]","[11, 19, 19, 19, 19, 19, 11]"
212,1378667400,7,0.088773,0.101714,0.093949,EXPLOITATION,0.256370,0.0304680102,0.0305409558,5.9885,2.4452,true,true,"[11, 18, 18, 18, 11, 11, 18]","[19, 19, 19, 19, 12, 19, 12]"
213,1378667700,7,0.088687,0.098914,0.092778,EXPLOITATION,0.255667,0.0304530448,0.0305272665,6.9653,4.7629,true,true,"[15, 19, 19, 19, 15, 15, 19]","[17, 14, 17, 17, 17, 14, 17]"
214,1378668000,7,0.086502,0.099471,0.091690,EXPLOITATION,0.255014,0.0304911055,0.0304929553,8.9802,4.6073,true,true,"[11, 19, 19, 19, 11, 11, 19]","[13, 13, 16, 16, 13, 16, 16]"
215,1378668300,7,0.087300,0.102971,0.093568,EXPLOITATION,0.256141,0.0304401244,0.0304401244,5.0946,2.6942,true,true,"[11, 16, 16, 16, 16, 16, 11]","[11, 19, 19, 19, 19, 19, 11]"
216,1378668600,7,0.087783,0.107814,0.095795,EXPLOITATION,0.257477,0.0305500075,0.0305944196,5.2917,2.3660,true,true,"[13, 17, 17, 17, 17, 17, 13]","[18, 18, 18, 18, 15, 18, 15]"
217,1378668900,7,0.086078,0.082657,0.084709,EXPLOITATION,0.250826,0.0304785250,0.0304785250,4.8451,2.1751,true,true,"[12, 18, 18, 18, 12, 12, 18]","[12, 18, 18, 18, 12, 12, 18]"
218,1378669200,7,0.083688,0.085614,0.084459,EXPLOITATION,0.250675,0.0304290424,0.0304338547,5.3128,2.3890,true,true,"[15, 17, 17, 17, 15, 15, 17]","[15, 16, 16, 16, 16, 16, 15]"
219,1378669500,7,0.080981,0.102843,0.089726,EXPLOITATION,0.253835,0.0305061707,0.0305082019,5.4753,2.5628,true,true,"[10, 19, 10, 19, 19, 19, 19]","[13, 19, 19, 19, 13, 13, 19]"
220,1378669800,7,0.080966,0.114471,0.094368,EXPLOITATION,0.256621,0.0304772506,0.0304814056,4.9177,2.5620,true,true,"[15, 16, 16, 16, 15, 15, 16]","[15, 16, 15, 16, 16, 16, 16]"
221,1378670100,7,0.080730,0.103186,0.089713,EXPLOITATION,0.253828,0.0304696277,0.0304741865,5.2501,2.4308,true,true,"[10, 18, 18, 18, 18, 18, 10]","[14, 17, 14, 17, 17, 17, 17]"
222,1378670400,7,0.081073,0.094829,0.086575,EXPLOITATION,0.251945,0.0304164819,0.0304164819,5.8894,2.6336,true,true,"[14, 19, 19, 19, 19, 19, 14]","[15, 19, 19, 19, 19, 19, 15]"
223,1378670700,7,0.081668,0.099314,0.088727,EXPLOITATION,0.253236,0.0303436442,0.0303436442,4.5515,2.3318,true,true,"[17, 17, 15, 17, 15, 17, 17]","[17, 17, 15, 17, 15, 17, 17]"
224,1378671000,7,0.081751,0.096014,0.087456,EXPLOITATION,0.252474,0.0304802051,0.0304802051,6.1560,2.6383,true,true,"[11, 18, 18, 18, 18, 18, 11]","[14, 17, 17, 17, 17, 17, 14]"
225,1378671300,7,0.081506,0.096429,0.087475,EXPLOITATION,0.252485,0.0304611366,0.0304611366,4.6237,3.4652,true,true,"[14, 18, 18, 18, 18, 18, 14]","[15, 17, 17, 17, 17, 17, 15]"
226,1378671600,7,0.080822,0.095443,0.086670,EXPLOITATION,0.252002,0.0304931823,0.0304931823,5.2578,2.6321,true,true,"[10, 17, 17, 17, 17, 17, 10]","[15, 17, 17, 17, 17, 17, 15]"
227,1378671900,7,0.081207,0.136029,0.103136,BALANCED,0.261881,0.0304475775,0.0304522679,5.3318,2.3930,true,true,"[12, 19, 19, 19, 12, 12, 19]","[11, 11, 17, 17, 11, 17, 17]"
228,1378672200,7,0.081583,0.141871,0.105698,BALANCED,0.263419,0.0303200745,0.0303200745,5.2796,2.6551,true,true,"[19, 19, 15, 19, 15, 19, 19]","[16, 16, 15, 16, 15, 16, 16]"
229,1378672500,7,0.074158,0.083171,0.077763,EXPLOITATION,0.246658,0.0304327023,0.0305175959,4.8642,2.0560,true,true,"[13, 18, 18, 18, 13, 13, 18]","[17, 17, 17, 17, 13, 17, 13]"
230,1378672800,7,0.073718,0.102100,0.085071,EXPLOITATION,0.251042,0.0304726878,0.0304760707,7.0482,3.6217,true,true,"[12, 19, 19, 19, 12, 12, 19]","[15, 17, 17, 17, 17, 17, 15]"
231,1378673100,7,0.088213,0.133329,0.106259,BALANCED,0.263756,0.0304280264,0.0304280264,5.3698,2.8019,true,true,"[19, 19, 13, 19, 13, 19, 19]","[19, 19, 15, 19, 15, 19, 19]"
232,1378673400,7,0.090294,0.145986,0.112571,BALANCED,0.267542,0.0304671828,0.0304647861,5.9957,2.5135,true,true,"[15, 19, 15, 19, 19, 19, 19]","[11, 18, 18, 18, 18, 18, 11]"
233,1378673700,7,0.089225,0.127329,0.104466,BALANCED,0.262680,0.0304433515,0.0304433515,5.3257,2.4578,true,true,"[10, 19, 19, 19, 10, 10, 19]","[14, 19, 19, 19, 14, 14, 19]"
234,1378674000,7,0.087003,0.124957,0.102185,BALANCED,0.261311,0.0303409511,0.0303409511,5.6989,3.0258,true,true,"[19, 19, 13, 19, 13, 19, 19]","[16, 16, 14, 16, 14, 16, 16]"
235,1378674300,7,0.084632,0.108171,0.094048,EXPLOITATION,0.256429,0.0303336641,0.0303336641,4.7773,2.4717,true,true,"[17, 17, 10, 17, 10, 17, 17]","[19, 19, 11, 19, 11, 19, 19]"
236,1378674600,7,0.084140,0.111629,0.095136,EXPLOITATION,0.257081,0.0303677599,0.0303713150,5.3604,2.8885,true,true,"[18, 18, 15, 18, 15, 18, 18]","[17, 17, 17, 17, 12, 17, 12]"
237,1378674900,7,0.084168,0.112471,0.095489,EXPLOITATION,0.257294,0.0303272898,0.0303272898,5.0502,2.4629,true,true,"[18, 18, 13, 18, 13, 18, 18]","[17, 17, 12, 17, 12, 17, 17]"
238,1378675200,7,0.131003,0.191743,0.155299,BALANCED,0.293179,0.0304240489,0.0304240489,4.5767,5.8059,true,true,"[19, 19, 19, 19, 12, 19, 12]","[19, 19, 19, 19, 12, 19, 12]"
239,1378675500,7,0.130731,0.164243,0.144136,BALANCED,0.286482,0.0303487610,0.0303516978,4.4485,2.9047,true,true,"[19, 19, 13, 19, 13, 19, 19]","[19, 19, 19, 19, 14, 19, 14]"
240,1378675800,7,0.130572,0.171171,0.146812,BALANCED,0.288087,0.0302992895,0.0302992895,4.9292,4.7207,true,true,"[16, 16, 11, 16, 11, 16, 16]","[18, 18, 13, 18, 13, 18, 18]"
241,1378676100,7,0.132812,0.146143,0.138144,BALANCED,0.282887,0.0303563239,0.0303563239,5.1570,3.5751,true,true,"[19, 19, 12, 19, 12, 19, 19]","[17, 17, 11, 17, 11, 17, 17]"
242,1378676400,7,0.132424,0.142529,0.136466,BALANCED,0.281879,0.0303578087,0.0303578087,7.8341,3.3536,true,true,"[17, 17, 15, 17, 15, 17, 17]","[18, 18, 10, 18, 10, 18, 18]"
243,1378676700,7,0.127718,0.184829,0.150562,BALANCED,0.290337,0.0303991751,0.0303991751,4.7266,3.7884,true,true,"[17, 17, 15, 17, 15, 17, 17]","[19, 19, 11, 19, 11, 19, 19]"
244,1378677000,7,0.127566,0.190229,0.152631,BALANCED,0.291578,0.0303706063,0.0303706063,5.0954,2.7758,true,true,"[17, 17, 13, 17, 13, 17, 17]","[17, 17, 14, 17, 14, 17, 17]"
245,1378677300,7,0.127893,0.175271,0.146844,BALANCED,0.288106,0.0303577453,0.0303577453,4.3102,2.8020,true,true,"[19, 19, 10, 19, 10, 19, 19]","[19, 19, 10, 19, 10, 19, 19]"
246,1378677600,7,0.127920,0.181343,0.149289,BALANCED,0.289574,0.0303431154,0.0303431154,7.0237,2.7494,true,true,"[19, 19, 10, 19, 10, 19, 19]","[18, 18, 15, 18, 15, 18, 18]"
247,1378677900,7,0.127874,0.177900,0.147885,BALANCED,0.288731,0.0303527765,0.0303527765,4.3610,4.3149,true,true,"[18, 18, 12, 18, 12, 18, 18]","[19, 19, 15, 19, 15, 19, 19]"
248,1378678200,7,0.127718,0.174329,0.146362,BALANCED,0.287817,0.0303656147,0.0303656147,6.5585,2.5902,true,true,"[19, 19, 14, 19, 14, 19, 19]","[18, 18, 13, 18, 13, 18, 18]"
249,1378678500,7,0.127101,0.178700,0.147741,BALANCED,0.288644,0.0303538449,0.0303538449,5.3936,4.7901,true,true,"[19, 19, 15, 19, 15, 19, 19]","[19, 19, 15, 19, 15, 19, 19]"
250,1378678800,7,0.125757,0.167500,0.142454,BALANCED,0.285472,0.0303716485,0.0303716485,5.7235,2.7116,true,true,"[17, 17, 12, 17, 12, 17, 17]","[18, 18, 11, 18, 11, 18, 18]"
251,1378679100,7,0.125949,0.151657,0.136232,BALANCED,0.281739,0.0303131147,0.0303171422,7.3953,3.1231,true,true,"[19, 19, 10, 19, 10, 19, 19]","[19, 19, 19, 19, 14, 19, 14]"
252,1378679400,7,0.146434,0.173971,0.157449,BALANCED,0.294469,0.0303865903,0.0303865903,7.5142,5.4607,true,true,"[17, 17, 17, 17, 12, 17, 12]","[17, 17, 17, 17, 13, 17, 13]"
253,1378679700,7,0.146510,0.139129,0.143557,BALANCED,0.286134,0.0303423960,0.0303423960,5.1044,2.9210,true,true,"[19, 19, 15, 19, 15, 19, 19]","[16, 16, 12, 16, 12, 16, 16]"
254,1378680000,7,0.146947,0.129143,0.139825,BALANCED,0.283895,0.0304637357,0.0305263081,5.9709,4.4848,true,true,"[12, 18, 18, 18, 18, 18, 12]","[19, 19, 19, 19, 11, 19, 11]"
255,1378680300,7,0.135504,0.137843,0.136440,BALANCED,0.281864,0.0303997012,0.0303997012,4.7363,2.6319,true,true,"[16, 16, 15, 16, 15, 16, 16]","[16, 16, 12, 16, 12, 16, 16]"
256,1378680600,7,0.129173,0.144929,0.135475,BALANCED,0.281285,0.0304523303,0.0305433034,7.8912,2.6225,true,true,"[12, 19, 19, 19, 12, 12, 19]","[19, 19, 11, 19, 11, 19, 19]"
257,1378680900,7,0.127954,0.138557,0.132195,BALANCED,0.279317,0.0304323128,0.0304382932,8.8655,3.5527,true,true,"[14, 17, 17, 17, 14, 14, 17]","[13, 18, 18, 18, 18, 18, 13]"
258,1378681200,7,0.131865,0.144000,0.136719,BALANCED,0.282031,0.0304278434,0.0304294755,5.6585,2.8403,true,true,"[10, 10, 18, 18, 10, 18, 18]","[12, 18, 18, 18, 12, 12, 18]"
259,1378681500,7,0.131840,0.142343,0.136041,BALANCED,0.281625,0.0304330967,0.0304276208,5.9970,4.2724,true,true,"[12, 18, 18, 18, 18, 18, 12]","[15, 15, 17, 17, 15, 17, 17]"
260,1378681800,7,0.131850,0.148029,0.138321,BALANCED,0.282993,0.0304674912,0.0304748910,4.6893,2.6886,true,true,"[10, 19, 19, 19, 10, 10, 19]","[10, 18, 18, 18, 18, 18, 10]"
261,1378682100,7,0.131840,0.147886,0.138258,BALANCED,0.282955,0.0304375041,0.0304440473,7.2897,2.6587,true,true,"[14, 14, 17, 17, 14, 17, 17]","[13, 18, 18, 18, 18, 18, 13]"
262,1378682400,7,0.114075,0.180000,0.140445,BALANCED,0.284267,0.0304031294,0.0304031294,5.0327,2.5696,true,true,"[13, 16, 16, 16, 13, 13, 16]","[11, 16, 16, 16, 11, 11, 16]"
263,1378682700,7,0.114240,0.179186,0.140219,BALANCED,0.284131,0.0304112553,0.0304152697,6.6566,3.4232,true,true,"[13, 19, 13, 19, 19, 19, 19]","[14, 19, 19, 19, 14, 14, 19]"
264,1378683000,7,0.114564,0.176414,0.139304,BALANCED,0.283583,0.0303854024,0.0304038945,4.8008,3.2352,true,true,"[10, 19, 10, 19, 19, 19, 19]","[10, 19, 19, 19, 10, 10, 19]"
265,1378683300,7,0.111570,0.168686,0.134416,BALANCED,0.280650,0.0303933433,0.0304175104,8.3327,2.9224,true,true,"[14, 16, 14, 16, 16, 16, 16]","[15, 19, 19, 19, 15, 15, 19]"
266,1378683600,7,0.111325,0.160229,0.130887,BALANCED,0.278532,0.0304667407,0.0304437922,5.2411,4.1081,true,true,"[10, 16, 16, 16, 10, 10, 16]","[11, 19, 11, 19, 19, 19, 19]"
267,1378683900,7,0.115582,0.173500,0.138749,BALANCED,0.283249,0.0305012881,0.0304677786,5.8440,3.5293,true,true,"[19, 19, 15, 19, 15, 19, 19]","[10, 19, 10, 19, 19, 19, 19]"
268,1378684200,7,0.119227,0.194543,0.149353,BALANCED,0.289612,0.0303725585,0.0303725585,6.9650,2.8718,true,true,"[18, 18, 12, 18, 12, 18, 18]","[17, 17, 14, 17, 14, 17, 17]"
269,1378684500,7,0.119166,0.181743,0.144197,BALANCED,0.286518,0.0303262324,0.0303262324,5.0614,3.8603,true,true,"[19, 19, 15, 19, 15, 19, 19]","[18, 18, 14, 18, 14, 18, 18]"
270,1378684800,7,0.149724,0.210914,0.174200,BALANCED,0.304520,0.0304319524,0.0304319524,6.9715,2.9396,true,true,"[16, 16, 15, 16, 15, 16, 16]","[16, 16, 15, 16, 15, 16, 16]"
271,1378685100,7,0.149098,0.192429,0.166430,BALANCED,0.299858,0.0303526949,0.0303526949,4.7092,4.4237,true,true,"[19, 19, 15, 19, 15, 19, 19]","[19, 19, 12, 19, 12, 19, 19]"
272,1378685400,7,0.149012,0.199814,0.169333,BALANCED,0.301600,0.0303829435,0.0303829435,4.8301,2.8192,true,true,"[19, 19, 15, 19, 15, 19, 19]","[17, 17, 13, 17, 13, 17, 17]"
273,1378685700,7,0.149016,0.196471,0.167998,BALANCED,0.300799,0.0304495179,0.0304774686,6.6590,4.8186,true,true,"[10, 16, 10, 16, 16, 16, 16]","[19, 19, 14, 19, 14, 19, 19]"
274,1378686000,7,0.149645,0.218743,0.177284,BALANCED,0.306370,0.0304952797,0.0304952797,5.0823,4.4253,true,true,"[13, 17, 13, 17, 17, 17, 17]","[10, 19, 10, 19, 19, 19, 19]"
275,1378686300,7,0.396047,0.257771,0.340737,EXPLORATION,0.404442,0.0308519954,0.0308577222,7.5189,3.9081,true,true,"[10, 17, 17, 17, 10, 10, 17]","[11, 11, 18, 18, 11, 18, 18]"
276,1378686600,7,0.524514,0.259486,0.418502,EXPLORATION,0.451101,0.0309381984,0.0309381984,4.9138,6.2419,true,true,"[12, 16, 16, 16, 12, 12, 16]","[12, 18, 18, 18, 12, 12, 18]"
277,1378686900,7,0.559310,0.238000,0.430786,EXPLORATION,0.458472,0.0307319568,0.0307319568,7.8363,7.2696,true,true,"[10, 19, 19, 19, 10, 10, 19]","[12, 16, 16, 16, 12, 12, 16]"
278,1378687200,7,0.559701,0.220343,0.423958,EXPLORATION,0.454375,0.0304761516,0.0304761516,6.1478,4.3793,true,true,"[11, 11, 19, 19, 11, 19, 19]","[13, 13, 16, 16, 13, 16, 16]"
279,1378687500,7,0.557428,0.217014,0.421262,EXPLORATION,0.452757,0.0304767009,0.0304767009,8.8584,7.4193,true,true,"[13, 13, 19, 19, 13, 19, 19]","[12, 12, 16, 16, 12, 16, 16]"
280,1378687800,7,0.560288,0.223400,0.425533,EXPLORATION,0.455320,0.0303692260,0.0303692260,9.0090,7.6194,true,true,"[19, 19, 15, 19, 15, 19, 19]","[19, 19, 12, 19, 12, 19, 19]"
281,1378688100,7,0.560914,0.209757,0.420451,EXPLORATION,0.452271,0.0304427014,0.0304427014,9.5552,9.8947,true,true,"[12, 19, 19, 19, 19, 19, 12]","[15, 17, 17, 17, 17, 17, 15]"
282,1378688400,7,0.561039,0.213414,0.421989,EXPLORATION,0.453194,0.0304124619,0.0304124619,10.0742,4.6570,true,true,"[11, 19, 19, 19, 11, 11, 19]","[10, 18, 18, 18, 10, 10, 18]"
283,1378688700,7,0.562198,0.211500,0.421919,EXPLORATION,0.453151,0.0304285637,0.0304332679,9.4332,5.6751,true,true,"[15, 17, 17, 17, 15, 15, 17]","[11, 19, 19, 19, 19, 19, 11]"
284,1378689000,7,0.562983,0.206586,0.420424,EXPLORATION,0.452254,0.0304234630,0.0304234630,7.9597,4.7604,true,true,"[14, 19, 19, 19, 14, 14, 19]","[11, 19, 19, 19, 11, 11, 19]"
285,1378689300,7,0.563099,0.202071,0.418688,EXPLORATION,0.451213,0.0304586361,0.0304586361,6.6098,6.9694,true,true,"[13, 17, 17, 17, 13, 13, 17]","[12, 16, 16, 16, 12, 12, 16]"
286,1378689600,7,0.563154,0.200171,0.417961,EXPLORATION,0.450777,0.0304907836,0.0304907836,5.6553,5.1348,true,true,"[15, 18, 18, 18, 18, 18, 15]","[13, 17, 17, 17, 17, 17, 13]"
287,1378689900,7,0.562916,0.202871,0.418898,EXPLORATION,0.451339,0.0304220544,0.0304220544,6.1207,4.3968,true,true,"[10, 16, 16, 16, 10, 10, 16]","[13, 18, 18, 18, 13, 13, 18]"
288,1378690200,7,0.563215,0.205314,0.420055,EXPLORATION,0.452033,0.0304411886,0.0304411886,6.8211,6.6857,true,true,"[14, 19, 19, 19, 14, 14, 19]","[11, 19, 19, 19, 11, 11, 19]"
289,1378690500,7,0.563683,0.211600,0.422850,EXPLORATION,0.453710,0.0304374834,0.0304429917,10.7389,6.6292,true,true,"[11, 19, 19, 19, 11, 11, 19]","[11, 19, 19, 19, 19, 19, 11]"
290,1378690800,7,0.564382,0.195514,0.416835,EXPLORATION,0.450101,0.0305182909,0.0305885149,8.3407,5.8948,true,true,"[10, 17, 17, 17, 17, 17, 10]","[19, 10, 19, 19, 19, 10, 19]"
291,1378691100,7,0.563698,0.204629,0.420070,EXPLORATION,0.452042,0.0305102371,0.0305049336,5.8751,7.5692,true,true,"[15, 18, 15, 18, 18, 18, 18]","[15, 19, 19, 19, 15, 15, 19]"
292,1378691400,7,0.562937,0.220900,0.426122,EXPLORATION,0.455673,0.0304517481,0.0304517481,6.4091,7.4310,true,true,"[11, 18, 18, 18, 11, 11, 18]","[12, 18, 18, 18, 12, 12, 18]"
293,1378691700,7,0.562579,0.203171,0.418816,EXPLORATION,0.451290,0.0304092232,0.0304092232,6.7032,5.5903,true,true,"[10, 19, 19, 19, 10, 10, 19]","[12, 18, 18, 18, 12, 12, 18]"
294,1378692000,7,0.532846,0.190986,0.396102,EXPLORATION,0.437661,0.0303248798,0.0303248798,8.3543,5.6227,true,true,"[19, 19, 14, 19, 14, 19, 19]","[19, 19, 14, 19, 14, 19, 19]"
295,1378692300,7,0.533390,0.197271,0.398943,EXPLORATION,0.439366,0.0303375832,0.0303375832,8.1590,5.9963,true,true,"[18, 18, 11, 18, 11, 18, 18]","[19, 19, 13, 19, 13, 19, 19]"
296,1378692600,7,0.541004,0.204729,0.406494,EXPLORATION,0.443896,0.0292027620,0.0292027620,6.3284,6.2086,true,true,"[18, 18, 18, 12, 18, 18, 18]","[18, 18, 18, 15, 18, 18, 18]"
297,1378692900,7,0.544048,0.220143,0.414486,EXPLORATION,0.448691,0.0303839618,0.0303839618,5.8627,5.2593,true,true,"[18, 18, 12, 18, 12, 18, 18]","[19, 19, 14, 19, 14, 19, 19]"
298,1378693200,7,0.544051,0.215271,0.412539,EXPLORATION,0.447523,0.0303042662,0.0303042662,6.0799,8.0030,true,true,"[19, 19, 10, 19, 10, 19, 19]","[19, 19, 10, 19, 10, 19, 19]"
299,1378693500,7,0.455394,0.204486,0.355031,EXPLORATION,0.413019,0.0303510935,0.0303510935,9.6779,7.4109,true,true,"[17, 17, 12, 17, 12, 17, 17]","[17, 17, 14, 17, 14, 17, 17]"
300,1378693800,7,0.287019,0.203186,0.253486,EXPLORATION,0.352091,0.0303457520,0.0303457520,8.9516,4.4139,true,true,"[17, 17, 15, 17, 15, 17, 17]","[18, 18, 11, 18, 11, 18, 18]"
301,1378694100,7,0.085977,0.105843,0.093923,EXPLOITATION,0.256354,0.0303328282,0.0303328282,7.4059,5.0888,true,true,"[17, 17, 14, 17, 14, 17, 17]","[19, 19, 11, 19, 11, 19, 19]"
302,1378694400,7,0.092500,0.115414,0.101666,BALANCED,0.261000,0.0303889298,0.0303889298,6.9545,5.4487,true,true,"[19, 19, 13, 19, 13, 19, 19]","[18, 18, 10, 18, 10, 18, 18]"
303,1378694700,7,0.095773,0.116929,0.104235,BALANCED,0.262541,0.0304097324,0.0304097324,10.9961,5.6175,true,true,"[18, 18, 13, 18, 13, 18, 18]","[18, 18, 13, 18, 13, 18, 18]"
304,1378695000,7,0.089206,0.126886,0.104278,BALANCED,0.262567,0.0303231528,0.0303231528,9.0037,3.3880,true,true,"[17, 17, 12, 17, 12, 17, 17]","[17, 17, 11, 17, 11, 17, 17]"
305,1378695300,7,0.086435,0.118329,0.099192,EXPLOITATION,0.259515,0.0303140728,0.0303140728,5.3964,2.8382,true,true,"[18, 18, 14, 18, 14, 18, 18]","[18, 18, 14, 18, 14, 18, 18]"
306,1378695600,7,0.086191,0.121600,0.100354,BALANCED,0.260213,0.0303307663,0.0303307663,5.4570,4.8314,true,true,"[19, 19, 10, 19, 10, 19, 19]","[19, 19, 10, 19, 10, 19, 19]"
307,1378695900,7,0.085567,0.112443,0.096318,EXPLOITATION,0.257791,0.0303859642,0.0303859642,7.2926,4.0761,true,true,"[18, 18, 10, 18, 10, 18, 18]","[17, 17, 13, 17, 13, 17, 17]"
308,1378696200,7,0.088311,0.126743,0.103684,BALANCED,0.262210,0.0303624628,0.0303624628,7.6642,3.4794,true,true,"[19, 19, 10, 19, 10, 19, 19]","[18, 18, 14, 18, 14, 18, 18]"
309,1378696500,7,0.088171,0.105629,0.095154,EXPLOITATION,0.257092,0.0303454610,0.0303454610,6.6923,5.6174,true,true,"[18, 18, 11, 18, 11, 18, 18]","[19, 19, 13, 19, 13, 19, 19]"
310,1378696800,7,0.088131,0.104386,0.094633,EXPLOITATION,0.256780,0.0303595451,0.0303595451,5.6549,2.9177,true,true,"[19, 19, 13, 19, 13, 19, 19]","[18, 18, 15, 18, 15, 18, 18]"
311,1378697100,7,0.089264,0.109186,0.097233,EXPLOITATION,0.258340,0.0303411366,0.0303411366,5.3976,2.9097,true,true,"[19, 19, 14, 19, 14, 19, 19]","[19, 19, 11, 19, 11, 19, 19]"
312,1378697400,7,0.089145,0.107400,0.096447,EXPLOITATION,0.257868,0.0303388752,0.0303388752,5.4283,2.8990,true,true,"[17, 17, 15, 17, 15, 17, 17]","[19, 19, 13, 19, 13, 19, 19]"
313,1378697700,7,0.100240,0.110271,0.104253,BALANCED,0.262552,0.0303951451,0.0303951451,8.7873,4.3878,true,true,"[18, 18, 11, 18, 11, 18, 18]","[19, 19, 14, 19, 14, 19, 19]"
314,1378698000,7,0.109061,0.125286,0.115551,BALANCED,0.269331,0.0302080132,0.0302115515,5.7894,4.1478,true,true,"[17, 17, 10, 17, 10, 17, 17]","[16, 16, 16, 16, 12, 16, 12]"
315,1378698300,7,0.115710,0.138629,0.124878,BALANCED,0.274927,0.0304366913,0.0304366913,5.2588,2.9555,true,true,"[18, 18, 15, 18, 15, 18, 18]","[19, 19, 12, 19, 12, 19, 19]"
316,1378698600,7,0.114879,0.146400,0.127487,BALANCED,0.276492,0.0303736145,0.0303736145,6.6199,3.1596,true,true,"[18, 18, 11, 18, 11, 18, 18]","[19, 19, 11, 19, 11, 19, 19]"
317,1378698900,7,0.115017,0.134443,0.122787,BALANCED,0.273672,0.0303197036,0.0303197036,5.1571,3.1667,true,true,"[17, 17, 15, 17, 15, 17, 17]","[17, 17, 10, 17, 10, 17, 17]"
318,1378699200,7,0.115020,0.139686,0.124886,BALANCED,0.274932,0.0303241562,0.0303241562,5.6451,2.9632,true,true,"[17, 17, 11, 17, 11, 17, 17]","[19, 19, 15, 19, 15, 19, 19]"
319,1378699500,7,0.114641,0.138157,0.124047,BALANCED,0.274428,0.0303512366,0.0303512366,5.7729,2.8593,true,true,"[19, 19, 11, 19, 11, 19, 19]","[16, 16, 11, 16, 11, 16, 16]"
320,1378699800,7,0.110662,0.133929,0.119969,BALANCED,0.271981,0.0303380870,0.0303404793,6.5585,3.0608,true,true,"[18, 18, 15, 18, 15, 18, 18]","[17, 17, 17, 17, 10, 17, 10]"
321,1378700100,7,0.109318,0.130971,0.117979,BALANCED,0.270788,0.0303374231,0.0303374231,6.6945,3.5473,true,true,"[19, 19, 14, 19, 14, 19, 19]","[18, 18, 15, 18, 15, 18, 18]"
322,1378700400,7,0.110103,0.133829,0.119593,BALANCED,0.271756,0.0304057041,0.0304057041,7.2110,3.1705,true,true,"[17, 14, 17, 17, 17, 14, 17]","[19, 14, 19, 19, 19, 14, 19]"
323,1378700700,7,0.109966,0.180129,0.138031,BALANCED,0.282819,0.0303079398,0.0303143890,5.4102,4.7057,true,true,"[17, 17, 15, 17, 15, 17, 17]","[18, 18, 18, 18, 15, 18, 15]"
324,1378701000,7,0.109700,0.181357,0.138363,BALANCED,0.283018,0.0303425177,0.0303425177,5.0953,3.0533,true,true,"[18, 18, 10, 18, 10, 18, 18]","[16, 16, 15, 16, 15, 16, 16]"
325,1378701300,7,0.109501,0.140529,0.121912,BALANCED,0.273147,0.0303519148,0.0303519148,7.0459,2.9995,true,true,"[19, 19, 14, 19, 14, 19, 19]","[19, 19, 14, 19, 14, 19, 19]"
326,1378701600,7,0.120333,0.159114,0.135846,BALANCED,0.281507,0.0303702363,0.0303702363,5.0798,2.9086,true,true,"[18, 18, 18, 18, 12, 18, 12]","[18, 18, 18, 18, 12, 18, 12]"
327,1378701900,7,0.116352,0.161443,0.134388,BALANCED,0.280633,0.0303608828,0.0303608828,7.3263,2.9865,true,true,"[17, 17, 12, 17, 12, 17, 17]","[18, 18, 13, 18, 13, 18, 18]"
328,1378702200,7,0.116309,0.170357,0.137928,BALANCED,0.282757,0.0303474087,0.0303474087,5.9702,3.7879,true,true,"[18, 18, 14, 18, 14, 18, 18]","[18, 18, 15, 18, 15, 18, 18]"
329,1378702500,7,0.116275,0.165386,0.135920,BALANCED,0.281552,0.0303185809,0.0303185809,6.5848,2.8659,true,true,"[18, 18, 13, 18, 13, 18, 18]","[19, 19, 13, 19, 13, 19, 19]"
330,1378702800,7,0.116364,0.157429,0.132790,BALANCED,0.279674,0.0303443346,0.0303443346,5.8990,3.3859,true,true,"[17, 17, 15, 17, 15, 17, 17]","[19, 19, 11, 19, 11, 19, 19]"
331,1378703100,7,0.121607,0.155000,0.134964,BALANCED,0.280979,0.0303819767,0.0303819767,5.1132,2.7730,true,true,"[18, 18, 14, 18, 14, 18, 18]","[19, 19, 11, 19, 11, 19, 19]"
332,1378703400,7,0.117996,0.156957,0.133580,BALANCED,0.280148,0.0303599759,0.0303599759,6.0966,3.8727,true,true,"[18, 18, 10, 18, 10, 18, 18]","[17, 17, 13, 17, 13, 17, 17]"
333,1378703700,7,0.118026,0.161014,0.135221,BALANCED,0.281133,0.0303482205,0.0303482205,4.9545,2.8805,true,true,"[19, 19, 10, 19, 10, 19, 19]","[19, 19, 10, 19, 10, 19, 19]"
334,1378704000,7,0.140414,0.182071,0.157077,BALANCED,0.294246,0.0303956362,0.0303956362,5.5293,2.9120,true,true,"[19, 19, 19, 19, 11, 19, 11]","[19, 19, 19, 19, 15, 19, 15]"
335,1378704300,7,0.139131,0.137586,0.138513,BALANCED,0.283108,0.0303226842,0.0303226842,4.8086,2.9811,true,true,"[19, 19, 11, 19, 11, 19, 19]","[19, 19, 11, 19, 11, 19, 19]"
336,1378704600,7,0.139708,0.134000,0.137425,BALANCED,0.282455,0.0303619485,0.0303619485,6.8732,2.9535,true,true,"[19, 19, 14, 19, 14, 19, 19]","[18, 18, 11, 18, 11, 18, 18]"
337,1378704900,7,0.134007,0.134557,0.134227,BALANCED,0.280536,0.0303730780,0.0303730780,6.5955,3.1158,true,true,"[19, 19, 14, 19, 14, 19, 19]","[19, 19, 14, 19, 14, 19, 19]"
338,1378705200,7,0.125078,0.121014,0.123453,BALANCED,0.274072,0.0303562795,0.0303562795,6.5541,3.4113,true,true,"[16, 16, 15, 16, 15, 16, 16]","[17, 17, 15, 17, 15, 17, 17]"
339,1378705500,7,0.114152,0.127014,0.119297,BALANCED,0.271578,0.0303970292,0.0303970292,7.6555,4.1608,true,true,"[16, 16, 10, 16, 10, 16, 16]","[19, 19, 15, 19, 15, 19, 19]"
340,1378705800,7,0.115893,0.134243,0.123233,BALANCED,0.273940,0.0303717678,0.0303717678,5.6594,2.6067,true,true,"[19, 19, 14, 19, 14, 19, 19]","[19, 19, 14, 19, 14, 19, 19]"
341,1378706100,7,0.115243,0.124329,0.118877,BALANCED,0.271326,0.0303401590,0.0303401590,6.1655,2.6505,true,true,"[19, 19, 15, 19, 15, 19, 19]","[19, 19, 15, 19, 15, 19, 19]"
342,1378706400,7,0.115261,0.122757,0.118259,BALANCED,0.270956,0.0303291197,0.0303291197,5.2416,3.5261,true,true,"[19, 19, 15, 19, 15, 19, 19]","[19, 19, 15, 19, 15, 19, 19]"
343,1378706700,7,0.116248,0.130714,0.122034,BALANCED,0.273221,0.0303866997,0.0303866997,6.4073,2.6954,true,true,"[19, 19, 12, 19, 12, 19, 19]","[18, 18, 15, 18, 15, 18, 18]"
344,1378707000,7,0.116832,0.125600,0.120339,BALANCED,0.272203,0.0304191078,0.0304266223,6.3484,3.7633,true,true,"[19, 11, 19, 19, 19, 11, 19]","[17, 17, 17, 17, 10, 17, 10]"
345,1378707300,7,0.116825,0.127157,0.120958,BALANCED,0.272575,0.0303351098,0.0303351098,5.0376,2.7326,true,true,"[17, 17, 10, 17, 10, 17, 17]","[17, 17, 10, 17, 10, 17, 17]"
346,1378707600,7,0.119413,0.122514,0.120654,BALANCED,0.272392,0.0303531223,0.0303531223,5.1868,4.3888,true,true,"[16, 16, 13, 16, 13, 16, 16]","[17, 17, 10, 17, 10, 17, 17]"
347,1378707900,7,0.118576,0.127671,0.122214,BALANCED,0.273329,0.0303677170,0.0303677170,6.1604,2.5850,true,true,"[16, 16, 12, 16, 12, 16, 16]","[18, 18, 13, 18, 13, 18, 18]"
348,1378708200,7,0.119930,0.127586,0.122992,BALANCED,0.273795,0.0303210739,0.0303210739,4.8938,3.5809,true,true,"[19, 19, 10, 19, 10, 19, 19]","[18, 18, 11, 18, 11, 18, 18]"
349,1378708500,7,0.131397,0.140900,0.135198,BALANCED,0.281119,0.0304189679,0.0304216857,4.9104,2.6150,true,true,"[18, 18, 15, 18, 15, 18, 18]","[17, 17, 17, 17, 14, 17, 14]"
350,1378708800,7,0.126765,0.118943,0.123636,BALANCED,0.274182,0.0303845136,0.0303845136,4.9180,4.4632,true,true,"[18, 18, 13, 18, 13, 18, 18]","[17, 17, 14, 17, 14, 17, 17]"
351,1378709100,7,0.126288,0.138686,0.131247,BALANCED,0.278748,0.0303716050,0.0303716050,5.0803,2.6844,true,true,"[16, 16, 15, 16, 15, 16, 16]","[18, 18, 13, 18, 13, 18, 18]"
352,1378709400,7,0.126160,0.139357,0.131439,BALANCED,0.278863,0.0303446271,0.0303446271,4.7131,3.6421,true,true,"[18, 18, 11, 18, 11, 18, 18]","[18, 18, 11, 18, 11, 18, 18]"
353,1378709700,7,0.125928,0.134229,0.129248,BALANCED,0.277549,0.0303418444,0.0303418444,4.7059,2.6023,true,true,"[16, 16, 14, 16, 14, 16, 16]","[19, 19, 12, 19, 12, 19, 19]"
354,1378710000,7,0.125824,0.130914,0.127860,BALANCED,0.276716,0.0303612764,0.0303612764,4.6690,4.1380,true,true,"[17, 17, 10, 17, 10, 17, 17]","[17, 17, 10, 17, 10, 17, 17]"
355,1378710300,7,0.125815,0.136229,0.129980,BALANCED,0.277988,0.0303615795,0.0303615795,5.1499,3.6748,true,true,"[17, 17, 11, 17, 11, 17, 17]","[17, 17, 15, 17, 15, 17, 17]"
356,1378710600,7,0.126487,0.133243,0.129189,BALANCED,0.277514,0.0303828751,0.0303828751,4.9547,2.8595,true,true,"[18, 18, 13, 18, 13, 18, 18]","[19, 19, 10, 19, 10, 19, 19]"
357,1378710900,7,0.126380,0.132700,0.128908,BALANCED,0.277345,0.0303603986,0.0303603986,4.8953,2.7079,true,true,"[19, 19, 13, 19, 13, 19, 19]","[17, 17, 12, 17, 12, 17, 17]"
358,1378711200,7,0.090148,0.110914,0.098454,EXPLOITATION,0.259073,0.0303287608,0.0303287608,4.9966,3.5836,true,true,"[18, 18, 15, 18, 15, 18, 18]","[18, 18, 15, 18, 15, 18, 18]"
359,1378711500,7,0.088534,0.108429,0.096492,EXPLOITATION,0.257895,0.0303562853,0.0303562853,4.6398,2.5543,true,true,"[16, 16, 11, 16, 11, 16, 16]","[18, 18, 14, 18, 14, 18, 18]"
360,1378711800,7,0.086038,0.097814,0.090748,EXPLOITATION,0.254449,0.0303202633,0.0303202633,5.5716,3.6040,true,true,"[18, 18, 13, 18, 13, 18, 18]","[19, 19, 12, 19, 12, 19, 19]"
361,1378712100,7,0.085393,0.093971,0.088824,EXPLOITATION,0.253295,0.0303763306,0.0303763306,5.1143,2.3713,true,true,"[16, 16, 14, 16, 14, 16, 16]","[18, 18, 10, 18, 10, 18, 18]"
362,1378712400,7,0.088938,0.100257,0.093465,EXPLOITATION,0.256079,0.0304009923,0.0304009923,4.7448,3.5179,true,true,"[19, 19, 15, 19, 15, 19, 19]","[18, 18, 12, 18, 12, 18, 18]"
363,1378712700,7,0.088904,0.104857,0.095285,EXPLOITATION,0.257171,0.0303847944,0.0303847944,5.1089,2.4270,true,true,"[19, 19, 14, 19, 14, 19, 19]","[19, 19, 14, 19, 14, 19, 19]"
364,1378713000,7,0.089512,0.113200,0.098987,EXPLOITATION,0.259392,0.0303398942,0.0303398942,4.7791,4.0364,true,true,"[18, 18, 15, 18, 15, 18, 18]","[19, 19, 12, 19, 12, 19, 19]"
365,1378713300,7,0.089808,0.103957,0.095468,EXPLOITATION,0.257281,0.0303425845,0.0303425845,5.2005,2.4562,true,true,"[17, 17, 13, 17, 13, 17, 17]","[17, 17, 14, 17, 14, 17, 17]"
366,1378713600,7,0.089515,0.102714,0.094795,EXPLOITATION,0.256877,0.0303675746,0.0303675746,4.5053,3.7810,true,true,"[19, 19, 12, 19, 12, 19, 19]","[19, 19, 14, 19, 14, 19, 19]"
367,1378713900,7,0.089759,0.107700,0.096936,EXPLOITATION,0.258161,0.0303750516,0.0303750516,5.4336,2.4065,true,true,"[19, 19, 10, 19, 10, 19, 19]","[19, 19, 11, 19, 11, 19, 19]"
368,1378714200,7,0.088910,0.108200,0.096626,EXPLOITATION,0.257976,0.0304255869,0.0304289379,4.6390,3.6797,true,true,"[17, 14, 17, 17, 17, 14, 17]","[16, 16, 12, 16, 12, 16, 16]"
369,1378714500,7,0.088879,0.101800,0.094048,EXPLOITATION,0.256429,0.0303506889,0.0303506889,6.0595,2.4463,true,true,"[16, 16, 14, 16, 14, 16, 16]","[19, 19, 12, 19, 12, 19, 19]"
370,1378714800,7,0.088100,0.105443,0.095037,EXPLOITATION,0.257022,0.0303338243,0.0303338243,4.5637,3.5135,true,true,"[17, 17, 12, 17, 12, 17, 17]","[17, 17, 15, 17, 15, 17, 17]"
371,1378715100,7,0.088329,0.106414,0.095563,EXPLOITATION,0.257338,0.0303480902,0.0303480902,4.7709,2.3087,true,true,"[16, 16, 10, 16, 10, 16, 16]","[19, 19, 10, 19, 10, 19, 19]"
372,1378715400,7,0.086973,0.100043,0.092201,EXPLOITATION,0.255321,0.0303408328,0.0303408328,4.4557,2.4232,true,true,"[18, 18, 12, 18, 12, 18, 18]","[18, 18, 12, 18, 12, 18, 18]"
373,1378715700,7,0.073134,0.086414,0.078446,EXPLOITATION,0.247068,0.0303693960,0.0303693960,5.6208,2.0749,true,true,"[19, 19, 10, 19, 10, 19, 19]","[19, 19, 10, 19, 10, 19, 19]"
374,1378716000,7,0.072908,0.083500,0.077145,EXPLOITATION,0.246287,0.0303670956,0.0303670956,4.3450,2.2709,true,true,"[17, 17, 11, 17, 11, 17, 17]","[17, 17, 14, 17, 14, 17, 17]"
375,1378716300,7,0.076324,0.097086,0.084629,EXPLOITATION,0.250777,0.0304000292,0.0304092743,5.5440,2.1281,true,true,"[16, 16, 13, 16, 13, 16, 16]","[18, 18, 18, 18, 12, 18, 12]"
376,1378716600,7,0.076336,0.104514,0.087608,EXPLOITATION,0.252565,0.0304374123,0.0304409340,7.0344,2.4248,true,true,"[13, 16, 16, 16, 13, 13, 16]","[15, 16, 16, 16, 16, 16, 15]"
377,1378716900,7,0.076089,0.089614,0.081499,EXPLOITATION,0.248899,0.0304343100,0.0305222514,6.4376,2.2174,true,true,"[13, 17, 17, 17, 13, 13, 17]","[18, 18, 18, 18, 13, 18, 13]"
378,1378717200,7,0.076581,0.088900,0.081509,EXPLOITATION,0.248905,0.0304390028,0.0304390028,5.8844,4.6958,true,true,"[10, 18, 18, 18, 10, 10, 18]","[12, 17, 17, 17, 12, 12, 17]"
379,1378717500,7,0.072325,0.093029,0.080606,EXPLOITATION,0.248364,0.0304340849,0.0305232782,8.6155,2.0952,true,true,"[11, 17, 17, 17, 17, 17, 11]","[17, 17, 17, 17, 14, 17, 14]"
380,1378717800,7,0.069153,0.093329,0.078823,EXPLOITATION,0.247294,0.0304515978,0.0305479216,4.9173,3.3340,true,true,"[12, 19, 19, 19, 12, 12, 19]","[16, 16, 10, 16, 10, 16, 16]"
381,1378718100,7,0.069040,0.085071,0.075452,EXPLOITATION,0.245271,0.0304321170,0.0305107590,4.6337,2.1258,true,true,"[15, 18, 18, 18, 15, 15, 18]","[19, 19, 19, 19, 11, 19, 11]"
382,1378718400,7,0.069232,0.088829,0.077071,EXPLOITATION,0.246243,0.0303971948,0.0303971948,4.7692,3.6502,true,true,"[14, 19, 19, 19, 14, 14, 19]","[14, 19, 19, 19, 14, 14, 19]"
383,1378718700,7,0.069193,0.085057,0.075538,EXPLOITATION,0.245323,0.0304216845,0.0304216845,4.5883,2.1453,true,true,"[10, 19, 19, 19, 10, 10, 19]","[10, 19, 19, 19, 10, 10, 19]"
384,1378719000,7,0.069287,0.083943,0.075150,EXPLOITATION,0.245090,0.0304051294,0.0304898952,4.9120,2.5336,true,true,"[11, 19, 19, 19, 11, 11, 19]","[16, 13, 16, 16, 16, 13, 16]"
385,1378719300,7,0.068881,0.080629,0.073580,EXPLOITATION,0.244148,0.0304464966,0.0304532800,6.6420,2.2234,true,true,"[14, 17, 17, 17, 14, 14, 17]","[12, 19, 12, 19, 19, 19, 19]"
386,1378719600,7,0.055427,0.070129,0.061308,EXPLOITATION,0.236785,0.0304519912,0.0305251707,4.8077,2.5773,true,true,"[10, 18, 18, 18, 10, 10, 18]","[19, 19, 19, 19, 14, 19, 14]"
387,1378719900,7,0.068630,0.091114,0.077624,EXPLOITATION,0.246574,0.0305090581,0.0305797864,5.6542,2.0801,true,true,"[15, 18, 15, 18, 18, 18, 18]","[17, 17, 17, 17, 13, 17, 13]"
388,1378720200,7,0.068734,0.095800,0.079561,EXPLOITATION,0.247736,0.0303771157,0.0303771157,4.8443,2.2439,true,true,"[13, 18, 18, 18, 13, 13, 18]","[15, 18, 18, 18, 15, 15, 18]"
389,1378720500,7,0.068713,0.084414,0.074993,EXPLOITATION,0.244996,0.0304235642,0.0304229177,5.0054,2.1569,true,true,"[15, 17, 17, 17, 17, 17, 15]","[12, 12, 19, 19, 12, 19, 19]"
390,1378720800,7,0.068768,0.085186,0.075335,EXPLOITATION,0.245201,0.0304226458,0.0304200798,5.5061,2.2072,true,true,"[15, 17, 17, 17, 17, 17, 15]","[14, 19, 19, 19, 14, 14, 19]"
391,1378721100,7,0.068710,0.083743,0.074723,EXPLOITATION,0.244834,0.0304369497,0.0305053164,5.0004,2.0552,true,true,"[11, 18, 18, 18, 18, 18, 11]","[18, 18, 18, 18, 13, 18, 13]"
392,1378721400,7,0.068108,0.083957,0.074448,EXPLOITATION,0.244669,0.0305033220,0.0305194205,4.8289,2.1622,true,true,"[14, 19, 19, 19, 19, 19, 14]","[13, 19, 19, 19, 13, 13, 19]"
393,1378721700,7,0.067708,0.077157,0.071487,EXPLOITATION,0.242892,0.0304305223,0.0304305223,4.6516,3.1050,true,true,"[10, 19, 19, 19, 10, 10, 19]","[11, 18, 18, 18, 11, 11, 18]"
394,1378722000,7,0.067668,0.083957,0.074184,EXPLOITATION,0.244510,0.0304623815,0.0304698824,4.6930,2.1728,true,true,"[13, 19, 19, 19, 19, 19, 13]","[12, 16, 16, 16, 12, 12, 16]"
395,1378722300,7,0.067735,0.080529,0.072853,EXPLOITATION,0.243712,0.0304220896,0.0304954856,4.6866,2.3318,true,true,"[13, 19, 19, 19, 13, 13, 19]","[17, 17, 17, 17, 10, 17, 10]"
396,1378722600,7,0.068059,0.081029,0.073247,EXPLOITATION,0.243948,0.0304377899,0.0304398271,6.3554,2.0639,true,true,"[10, 10, 19, 19, 10, 19, 19]","[10, 16, 16, 16, 16, 16, 10]"
397,1378722900,7,0.070467,0.078057,0.073503,EXPLOITATION,0.244102,0.0304756151,0.0304739449,4.4900,2.0836,true,true,"[15, 18, 18, 18, 15, 15, 18]","[15, 15, 18, 18, 15, 18, 18]"
398,1378723200,7,0.070369,0.080714,0.074507,EXPLOITATION,0.244704,0.0304466936,0.0304510798,4.9691,3.1889,true,true,"[14, 18, 18, 18, 14, 14, 18]","[10, 16, 16, 16, 16, 16, 10]"
399,1378723500,7,0.082322,0.101771,0.090102,EXPLOITATION,0.254061,0.0305075710,0.0305160451,4.7626,2.3950,true,true,"[13, 13, 16, 16, 13, 16, 16]","[12, 18, 18, 18, 12, 12, 18]"
400,1378723800,7,0.083853,0.111057,0.094735,EXPLOITATION,0.256841,0.0304124872,0.0304139642,6.7366,2.4158,true,true,"[12, 12, 19, 19, 12, 19, 19]","[14, 18, 18, 18, 18, 18, 14]"
401,1378724100,7,0.083988,0.098157,0.089655,EXPLOITATION,0.253793,0.0303999053,0.0304788391,5.4850,2.4193,true,true,"[15, 19, 19, 19, 15, 15, 19]","[19, 19, 19, 19, 13, 19, 13]"
402,1378724400,7,0.082912,0.101914,0.090513,EXPLOITATION,0.254308,0.0304443178,0.0304492231,5.6133,2.2855,true,true,"[15, 16, 16, 16, 15, 15, 16]","[13, 17, 17, 17, 17, 17, 13]"
403,1378724700,7,0.083572,0.097457,0.089126,EXPLOITATION,0.253476,0.0304382525,0.0304382525,4.6646,2.5645,true,true,"[14, 19, 19, 19, 19, 19, 14]","[11, 19, 19, 19, 19, 19, 11]"
404,1378725000,7,0.083710,0.099943,0.090203,EXPLOITATION,0.254122,0.0304272312,0.0304314732,6.9860,2.7682,true,true,"[15, 19, 19, 19, 15, 15, 19]","[11, 19, 19, 19, 19, 19, 11]"
405,1378725300,7,0.089646,0.092871,0.090936,EXPLOITATION,0.254562,0.0304021662,0.0304073423,4.5005,2.5314,true,true,"[11, 16, 16, 16, 11, 11, 16]","[10, 16, 16, 16, 16, 16, 10]"
406,1378725600,7,0.098456,0.100514,0.099279,EXPLOITATION,0.259567,0.0303986057,0.0304018093,6.8659,2.3870,true,true,"[15, 16, 16, 16, 15, 15, 16]","[14, 14, 19, 19, 14, 19, 19]"
407,1378725900,7,0.098556,0.105400,0.101294,BALANCED,0.260776,0.0304124863,0.0304124863,4.4689,2.2700,true,true,"[11, 18, 18, 18, 11, 11, 18]","[10, 16, 16, 16, 10, 10, 16]"
408,1378726200,7,0.098446,0.105943,0.101445,BALANCED,0.260867,0.0304305044,0.0304323692,5.7129,2.4544,true,true,"[14, 16, 16, 16, 16, 16, 14]","[14, 17, 14, 17, 17, 17, 17]"
409,1378726500,7,0.098663,0.104714,0.101084,BALANCED,0.260650,0.0304561551,0.0304600743,5.7866,2.8125,true,true,"[12, 17, 17, 17, 12, 12, 17]","[12, 19, 19, 19, 19, 19, 12]"
410,1378726800,7,0.105884,0.109343,0.107267,BALANCED,0.264360,0.0305097981,0.0305097981,6.9964,2.4923,true,true,"[13, 18, 18, 18, 18, 18, 13]","[13, 16, 16, 16, 16, 16, 13]"
411,1378727100,7,0.103222,0.121471,0.110522,BALANCED,0.266313,0.0305109867,0.0305754320,4.5166,2.3203,true,true,"[13, 19, 13, 19, 19, 19, 19]","[16, 16, 16, 16, 11, 16, 11]"
412,1378727400,7,0.103387,0.125600,0.112272,BALANCED,0.267363,0.0303872945,0.0303903710,5.0032,3.3768,true,true,"[10, 19, 19, 19, 10, 10, 19]","[14, 14, 16, 16, 14, 16, 16]"
413,1378727700,7,0.103470,0.115171,0.108150,BALANCED,0.264890,0.0303956335,0.0303993823,6.3511,2.5493,true,true,"[14, 18, 18, 18, 14, 14, 18]","[14, 16, 16, 16, 16, 16, 14]"
414,1378728000,7,0.103525,0.113014,0.107321,BALANCED,0.264392,0.0304281350,0.0304313689,6.0772,2.3062,true,true,"[15, 16, 16, 16, 15, 15, 16]","[13, 13, 19, 19, 13, 19, 19]"
415,1378728300,7,0.103629,0.119043,0.109794,BALANCED,0.265877,0.0304045765,0.0304045765,5.9750,2.3169,true,true,"[10, 19, 19, 19, 10, 10, 19]","[11, 17, 17, 17, 11, 11, 17]"
416,1378728600,7,0.103846,0.110800,0.106627,BALANCED,0.263976,0.0304970823,0.0304999830,6.6827,2.8965,true,true,"[10, 19, 19, 19, 19, 19, 10]","[12, 19, 12, 19, 19, 19, 19]"
417,1378728900,7,0.104261,0.110457,0.106739,BALANCED,0.264044,0.0303877128,0.0303914105,5.0234,2.4197,true,true,"[15, 19, 19, 19, 15, 15, 19]","[11, 11, 18, 18, 11, 18, 18]"
418,1378729200,7,0.104313,0.106071,0.105016,BALANCED,0.263010,0.0303799835,0.0303832338,6.9078,2.4025,true,true,"[15, 19, 19, 19, 15, 15, 19]","[10, 17, 17, 17, 17, 17, 10]"
419,1378729500,7,0.104460,0.113457,0.108059,BALANCED,0.264835,0.0303991984,0.0303991984,4.3042,2.3899,true,true,"[12, 19, 19, 19, 19, 19, 12]","[12, 19, 19, 19, 19, 19, 12]"
420,1378729800,7,0.104240,0.107971,0.105732,BALANCED,0.263439,0.0304423039,0.0304451902,6.0979,2.5598,true,true,"[10, 18, 18, 18, 10, 10, 18]","[15, 18, 18, 18, 18, 18, 15]"
421,1378730100,7,0.103384,0.110129,0.106082,BALANCED,0.263649,0.0304449453,0.0304449453,5.3820,2.6744,true,true,"[14, 18, 18, 18, 18, 18, 14]","[13, 16, 16, 16, 16, 16, 13]"
422,1378730400,7,0.103528,0.103700,0.103597,BALANCED,0.262158,0.0304514201,0.0304514201,7.6711,2.4176,true,true,"[13, 16, 16, 16, 16, 16, 13]","[13, 17, 17, 17, 17, 17, 13]"
423,1378730700,7,0.096708,0.111957,0.102808,BALANCED,0.261685,0.0304770821,0.0304770821,4.9872,2.7293,true,true,"[10, 10, 18, 18, 10, 18, 18]","[15, 15, 18, 18, 15, 18, 18]"
424,1378731000,7,0.093487,0.117257,0.102995,BALANCED,0.261797,0.0303988891,0.0304035762,6.0314,2.6549,true,true,"[11, 17, 17, 17, 17, 17, 11]","[15, 16, 15, 16, 16, 16, 16]"
425,1378731300,7,0.094028,0.107500,0.099417,EXPLOITATION,0.259650,0.0304552165,0.0304537431,4.8126,2.4601,true,true,"[14, 18, 18, 18, 18, 18, 14]","[14, 18, 18, 18, 14, 14, 18]"
426,1378731600,7,0.093976,0.106843,0.099123,EXPLOITATION,0.259474,0.0304588862,0.0304574627,6.0811,2.2935,true,true,"[12, 18, 18, 18, 18, 18, 12]","[15, 19, 19, 19, 15, 15, 19]"
427,1378731900,7,0.093958,0.110557,0.100598,BALANCED,0.260359,0.0304586349,0.0304586349,5.5303,3.8513,true,true,"[13, 18, 18, 18, 18, 18, 13]","[15, 19, 19, 19, 19, 19, 15]"
428,1378732200,7,0.094376,0.104886,0.098580,EXPLOITATION,0.259148,0.0304112513,0.0304123046,7.4010,2.4753,true,true,"[11, 19, 19, 19, 11, 11, 19]","[11, 18, 18, 18, 18, 18, 11]"
429,1378732500,7,0.089668,0.098843,0.093338,EXPLOITATION,0.256003,0.0304320881,0.0304329221,4.2979,3.4328,true,true,"[15, 19, 19, 19, 15, 15, 19]","[10, 16, 16, 16, 16, 16, 10]"
430,1378732800,7,0.087816,0.094129,0.090341,EXPLOITATION,0.254205,0.0292325387,0.0292887602,5.0267,2.2431,true,true,"[15, 18, 18, 18, 15, 15, 18]","[16, 16, 16, 16, 11, 16, 11]"
431,1378733100,7,0.088733,0.102086,0.094074,EXPLOITATION,0.256444,0.0303905722,0.0303905722,4.5823,2.6794,true,true,"[11, 18, 18, 18, 18, 18, 11]","[10, 19, 19, 19, 19, 19, 10]"
432,1378733400,7,0.088837,0.098957,0.092885,EXPLOITATION,0.255731,0.0304140680,0.0304152894,5.6977,2.2353,true,true,"[14, 18, 18, 18, 14, 14, 18]","[14, 19, 19, 19, 19, 19, 14]"
433,1378733700,7,0.089347,0.105229,0.095700,EXPLOITATION,0.257420,0.0304718665,0.0304718665,4.5916,2.3492,true,true,"[14, 18, 18, 18, 14, 14, 18]","[14, 16, 16, 16, 14, 14, 16]"
434,1378734000,7,0.077195,0.091843,0.083054,EXPLOITATION,0.249833,0.0305018245,0.0305519943,5.5163,2.2176,true,true,"[15, 17, 17, 17, 17, 17, 15]","[17, 13, 17, 17, 17, 13, 17]"
435,1378734300,7,0.062049,0.100043,0.077246,EXPLOITATION,0.246348,0.0292447663,0.0293091462,4.7998,3.1748,true,true,"[13, 13, 18, 18, 13, 18, 18]","[18, 18, 18, 18, 11, 18, 11]"
436,1378734600,7,0.065422,0.107657,0.082316,EXPLOITATION,0.249390,0.0304378022,0.0304413962,4.7595,2.0082,true,true,"[12, 18, 18, 18, 18, 18, 12]","[13, 13, 19, 19, 13, 19, 19]"
437,1378734900,7,0.070855,0.101200,0.082993,EXPLOITATION,0.249796,0.0304316746,0.0304316746,5.1179,2.1366,true,true,"[10, 19, 19, 19, 19, 19, 10]","[10, 19, 19, 19, 19, 19, 10]"
438,1378735200,7,0.070818,0.097971,0.081679,EXPLOITATION,0.249008,0.0304801085,0.0305450909,4.6252,2.5975,true,true,"[15, 18, 18, 18, 18, 18, 15]","[18, 18, 12, 18, 12, 18, 18]"
439,1378735500,7,0.070708,0.100800,0.082745,EXPLOITATION,0.249647,0.0304705769,0.0304705769,5.4585,2.0770,true,true,"[15, 18, 18, 18, 15, 15, 18]","[12, 18, 18, 18, 12, 12, 18]"
440,1378735800,7,0.070635,0.094014,0.079987,EXPLOITATION,0.247992,0.0304573765,0.0304573765,4.5024,2.2447,true,true,"[15, 19, 19, 19, 19, 19, 15]","[14, 19, 19, 19, 19, 19, 14]"
441,1378736100,7,0.070228,0.091971,0.078926,EXPLOITATION,0.247355,0.0304108910,0.0304696097,4.6131,1.9622,true,true,"[15, 17, 17, 17, 15, 15, 17]","[17, 15, 17, 17, 17, 15, 17]"
442,1378736400,7,0.070192,0.091229,0.078607,EXPLOITATION,0.247164,0.0304576505,0.0305071001,4.6962,2.1405,true,true,"[11, 17, 17, 17, 11, 11, 17]","[19, 14, 19, 19, 19, 14, 19]"
443,1378736700,7,0.070265,0.096771,0.080868,EXPLOITATION,0.248521,0.0304319107,0.0304342064,6.4543,2.6601,true,true,"[14, 18, 18, 18, 14, 14, 18]","[15, 15, 18, 18, 15, 18, 18]"
444,1378737000,7,0.069926,0.095757,0.080258,EXPLOITATION,0.248155,0.0304760614,0.0304760614,5.7752,1.9671,true,true,"[14, 18, 18, 18, 18, 18, 14]","[12, 16, 16, 16, 16, 16, 12]"
445,1378737300,7,0.069642,0.089686,0.077659,EXPLOITATION,0.246596,0.0304799623,0.0304796345,5.3237,1.9536,true,true,"[10, 17, 17, 17, 17, 17, 10]","[15, 15, 19, 19, 15, 19, 19]"
446,1378737600,7,0.069623,0.084286,0.075488,EXPLOITATION,0.245293,0.0292091817,0.0292093664,4.8240,2.1454,true,true,"[14, 16, 16, 16, 16, 16, 14]","[13, 17, 17, 17, 13, 13, 17]"
447,1378737900,7,0.081192,0.107671,0.091784,EXPLOITATION,0.255070,0.0292735916,0.0292776412,5.3496,2.5383,true,true,"[13, 19, 13, 19, 19, 19, 19]","[10, 16, 16, 16, 10, 10, 16]"
448,1378738200,7,0.080810,0.111371,0.093034,EXPLOITATION,0.255821,0.0304249715,0.0304851593,4.4911,3.1951,true,true,"[15, 19, 19, 19, 19, 19, 15]","[18, 15, 18, 18, 18, 15, 18]"
449,1378738500,7,0.080263,0.106271,0.090666,EXPLOITATION,0.254400,0.0304394985,0.0304386510,5.5443,4.1420,true,true,"[10, 17, 17, 17, 10, 10, 17]","[11, 16, 16, 16, 16, 16, 11]"
450,1378738800,7,0.080208,0.100829,0.088456,EXPLOITATION,0.253074,0.0304338709,0.0304338709,4.9499,2.1660,true,true,"[12, 18, 18, 18, 18, 18, 12]","[10, 19, 19, 19, 19, 19, 10]"
451,1378739100,7,0.080009,0.103529,0.089417,EXPLOITATION,0.253650,0.0304686736,0.0304686736,6.1222,2.6279,true,true,"[14, 18, 18, 18, 14, 14, 18]","[13, 17, 17, 17, 13, 13, 17]"
452,1378739400,7,0.080070,0.098943,0.087619,EXPLOITATION,0.252572,0.0304278811,0.0304322090,4.8993,2.5338,true,true,"[13, 19, 19, 19, 19, 19, 13]","[14, 14, 18, 18, 14, 18, 18]"
453,1378739700,7,0.081317,0.099000,0.088390,EXPLOITATION,0.253034,0.0301843065,0.0301878567,5.4245,3.8263,true,true,"[15, 19, 19, 19, 15, 15, 19]","[13, 13, 18, 18, 13, 18, 18]"
454,1378740000,7,0.603893,0.231471,0.454925,EXPLORATION,0.472955,0.0305334304,0.0305334304,7.2652,9.1245,true,true,"[18, 13, 18, 18, 18, 13, 18]","[18, 14, 18, 18, 18, 14, 18]"
455,1378740300,7,0.838155,0.240614,0.599139,EXPLORATION,0.559483,0.0305539496,0.0305539496,5.1376,5.4019,true,true,"[17, 15, 17, 17, 17, 15, 17]","[17, 15, 17, 17, 17, 15, 17]"
456,1378740600,7,1.000000,0.238071,0.695229,EXPLORATION,0.617137,0.0305531424,0.0305531424,6.6811,6.3992,true,true,"[17, 10, 17, 17, 17, 10, 17]","[18, 12, 18, 18, 18, 12, 18]"
457,1378740900,7,1.000000,0.242414,0.696966,EXPLORATION,0.618179,0.0305990974,0.0305990974,5.8707,9.7851,true,true,"[18, 18, 18, 18, 15, 18, 15]","[16, 16, 16, 16, 13, 16, 13]"
458,1378741200,7,1.000000,0.231986,0.692794,EXPLORATION,0.615677,0.0305679003,0.0305646624,9.1972,11.4380,true,true,"[10, 16, 16, 16, 16, 16, 10]","[15, 19, 19, 19, 15, 15, 19]"
459,1378741500,7,1.000000,0.258329,0.703331,EXPLORATION,0.621999,0.0294078722,0.0294078722,7.1102,6.7539,true,true,"[18, 12, 18, 18, 18, 12, 18]","[18, 12, 18, 18, 18, 12, 18]"
460,1378741800,7,1.000000,0.264200,0.705680,EXPLORATION,0.623408,0.0305458178,0.0305458178,6.7035,6.9213,true,true,"[17, 14, 17, 17, 17, 14, 17]","[18, 11, 18, 18, 18, 11, 18]"
461,1378742100,7,1.000000,0.251557,0.700623,EXPLORATION,0.620374,0.0305437922,0.0305401293,7.8685,7.1695,true,true,"[18, 18, 18, 18, 15, 18, 15]","[17, 13, 17, 17, 17, 13, 17]"
462,1378742400,7,1.000000,0.245571,0.698229,EXPLORATION,0.618937,0.0305471111,0.0305471111,5.5048,6.9421,true,true,"[17, 14, 17, 17, 17, 14, 17]","[16, 10, 16, 16, 16, 10, 16]"
463,1378742700,7,1.000000,0.246743,0.698697,EXPLORATION,0.619218,0.0305714158,0.0305714158,4.8814,8.0352,true,true,"[19, 10, 19, 19, 19, 10, 19]","[19, 11, 19, 19, 19, 11, 19]"
464,1378743000,7,1.000000,0.248443,0.699377,EXPLORATION,0.619626,0.0305515415,0.0305515415,4.9031,7.1543,true,true,"[18, 11, 18, 18, 18, 11, 18]","[19, 12, 19, 19, 19, 12, 19]"
465,1378743300,7,1.000000,0.247243,0.698897,EXPLORATION,0.619338,0.0305668683,0.0305668683,6.4198,7.6158,true,true,"[19, 15, 19, 19, 19, 15, 19]","[17, 15, 17, 17, 17, 15, 17]"
466,1378743600,7,1.000000,0.242029,0.696811,EXPLORATION,0.618087,0.0305378593,0.0305378593,5.9773,6.8220,true,true,"[19, 11, 19, 19, 19, 11, 19]","[17, 13, 17, 17, 17, 13, 17]"
467,1378743900,7,1.000000,0.243571,0.697429,EXPLORATION,0.618457,0.0305567358,0.0305567358,4.5238,6.6106,true,true,"[19, 12, 19, 19, 19, 12, 19]","[16, 11, 16, 16, 16, 11, 16]"
468,1378744200,7,1.000000,0.246500,0.698600,EXPLORATION,0.619160,0.0305847748,0.0305847748,5.5300,6.8084,true,true,"[18, 13, 18, 18, 18, 13, 18]","[16, 15, 16, 16, 16, 15, 16]"
469,1378744500,7,1.000000,0.249643,0.699857,EXPLORATION,0.619914,0.0306049191,0.0306049191,5.4025,6.7881,true,true,"[19, 11, 19, 19, 19, 11, 19]","[19, 15, 19, 19, 19, 15, 19]"
470,1378744800,7,1.000000,0.241114,0.696446,EXPLORATION,0.617867,0.0305490619,0.0305420442,6.1640,7.1784,true,true,"[19, 19, 19, 19, 14, 19, 14]","[19, 10, 19, 19, 19, 10, 19]"
471,1378745100,7,1.000000,0.250129,0.700051,EXPLORATION,0.620031,0.0293883952,0.0293883952,4.9250,8.2843,true,true,"[17, 12, 17, 17, 17, 12, 17]","[18, 12, 18, 18, 18, 12, 18]"
472,1378745400,7,1.000000,0.260214,0.704086,EXPLORATION,0.622451,0.0305750730,0.0305750730,6.6209,7.3897,true,true,"[19, 14, 19, 19, 19, 14, 19]","[19, 13, 19, 19, 19, 13, 19]"
473,1378745700,7,1.000000,0.249357,0.699743,EXPLORATION,0.619846,0.0305589634,0.0305589634,4.8655,6.4190,true,true,"[18, 15, 18, 18, 18, 15, 18]","[17, 10, 17, 17, 17, 10, 17]"
474,1378746000,7,1.000000,0.248971,0.699589,EXPLORATION,0.619753,0.0305568153,0.0305568153,5.5561,6.2174,true,true,"[16, 10, 16, 16, 16, 10, 16]","[18, 13, 18, 18, 18, 13, 18]"
475,1378746300,7,0.870840,0.247443,0.621481,EXPLORATION,0.572889,0.0305457964,0.0305457964,5.0811,7.5916,true,true,"[18, 11, 18, 18, 18, 11, 18]","[18, 15, 18, 18, 18, 15, 18]"
476,1378746600,7,0.654435,0.243500,0.490061,EXPLORATION,0.494037,0.0305415521,0.0305415521,4.8941,4.9280,true,true,"[16, 11, 16, 16, 16, 11, 16]","[17, 14, 17, 17, 17, 14, 17]"
477,1378746900,7,0.166765,0.204771,0.181968,BALANCED,0.309181,0.0305542732,0.0305542732,6.7789,2.8123,true,true,"[17, 10, 17, 17, 17, 10, 17]","[17, 10, 17, 17, 17, 10, 17]"
478,1378747200,7,0.156667,0.190929,0.170371,BALANCED,0.302223,0.0305719945,0.0305719945,5.2349,4.1825,true,true,"[17, 15, 17, 17, 17, 15, 17]","[17, 10, 17, 17, 17, 10, 17]"
479,1378747500,7,0.156129,0.196629,0.172329,BALANCED,0.303397,0.0305652925,0.0305899641,5.3077,2.7085,true,true,"[19, 11, 19, 19, 19, 11, 19]","[17, 17, 10, 17, 10, 17, 17]"
480,1378747800,7,0.156165,0.195057,0.171722,BALANCED,0.303033,0.0305493595,0.0305586701,5.1800,4.3563,true,true,"[19, 14, 19, 19, 19, 14, 19]","[19, 19, 19, 19, 10, 19, 10]"
481,1378748100,7,0.155344,0.190129,0.169258,BALANCED,0.301555,0.0305716171,0.0305716171,5.0831,2.8359,true,true,"[17, 10, 17, 17, 17, 10, 17]","[18, 13, 18, 18, 18, 13, 18]"
482,1378748400,7,0.154442,0.183000,0.165865,BALANCED,0.299519,0.0293583871,0.0293583871,4.6695,3.7541,true,true,"[18, 18, 18, 18, 15, 18, 15]","[18, 18, 18, 18, 10, 18, 10]"
483,1378748700,7,0.152624,0.210857,0.175917,BALANCED,0.305550,0.0293913775,0.0293913775,4.9409,2.8176,true,true,"[16, 11, 16, 16, 16, 11, 16]","[18, 11, 18, 18, 18, 11, 18]"
484,1378749000,7,0.154011,0.221600,0.181047,BALANCED,0.308628,0.0305337437,0.0305416915,7.0971,3.4423,true,true,"[16, 15, 16, 16, 16, 15, 16]","[16, 16, 16, 16, 11, 16, 11]"
485,1378749300,7,0.159197,0.211114,0.179964,BALANCED,0.307978,0.0305327047,0.0305372676,5.4226,2.7815,true,true,"[19, 14, 19, 19, 19, 14, 19]","[17, 17, 17, 17, 13, 17, 13]"
486,1378749600,7,0.172864,0.216629,0.190370,BALANCED,0.314222,0.0305238104,0.0305238104,7.0207,2.9388,true,true,"[16, 10, 16, 16, 16, 10, 16]","[17, 14, 17, 17, 17, 14, 17]"
487,1378749900,7,0.222498,0.246786,0.232213,BALANCED,0.339328,0.0305007560,0.0305007560,4.8171,3.3207,true,true,"[18, 14, 18, 18, 18, 14, 18]","[17, 14, 17, 17, 17, 14, 17]"
488,1378750200,7,0.254584,0.268086,0.259985,EXPLORATION,0.355991,0.0305491885,0.0305491885,6.3373,5.2563,true,true,"[17, 13, 17, 17, 17, 13, 17]","[17, 13, 17, 17, 17, 13, 17]"
489,1378750500,7,0.252638,0.257800,0.254703,EXPLORATION,0.352822,0.0305390889,0.0305390889,8.5120,5.9459,true,true,"[19, 15, 19, 19, 19, 15, 19]","[19, 13, 19, 19, 19, 13, 19]"
490,1378750800,7,0.253634,0.247957,0.251363,EXPLORATION,0.350818,0.0305688813,0.0305688813,7.8266,4.5666,true,true,"[18, 11, 18, 18, 18, 11, 18]","[19, 14, 19, 19, 19, 14, 19]"
491,1378751100,7,0.253723,0.254700,0.254114,EXPLORATION,0.352468,0.0305580860,0.0305580860,4.6331,3.0805,true,true,"[16, 12, 16, 16, 16, 12, 16]","[19, 15, 19, 19, 19, 15, 19]"
492,1378751400,7,0.247077,0.250600,0.248486,BALANCED,0.349092,0.0305376451,0.0305376451,5.5401,4.2450,true,true,"[18, 15, 18, 18, 18, 15, 18]","[18, 15, 18, 18, 18, 15, 18]"
493,1378751700,7,0.249943,0.236386,0.244520,BALANCED,0.346712,0.0305083865,0.0305143079,4.8791,2.8925,true,true,"[17, 10, 17, 17, 17, 10, 17]","[19, 19, 19, 19, 12, 19, 12]"
494,1378752000,7,0.263302,0.243743,0.255478,EXPLORATION,0.353287,0.0293026418,0.0293090396,5.0144,4.0796,true,true,"[16, 11, 16, 16, 16, 11, 16]","[18, 18, 18, 18, 11, 18, 11]"
495,1378752300,7,0.269236,0.265057,0.267564,EXPLORATION,0.360539,0.0293988720,0.0294005480,4.5961,2.9510,true,true,"[19, 11, 19, 19, 19, 11, 19]","[19, 19, 19, 19, 11, 19, 11]"
496,1378752600,7,0.269278,0.271457,0.270150,EXPLORATION,0.362090,0.0305811736,0.0305822490,5.5355,3.1776,true,true,"[19, 13, 19, 19, 19, 13, 19]","[19, 19, 19, 19, 10, 19, 10]"
497,1378752900,7,0.271442,0.283486,0.276259,EXPLORATION,0.365756,0.0305859506,0.0305859506,6.3140,3.2354,true,true,"[19, 19, 19, 19, 10, 19, 10]","[19, 19, 19, 19, 15, 19, 15]"
498,1378753200,7,0.263244,0.263486,0.263341,EXPLORATION,0.358004,0.0305329217,0.0305329217,6.5269,3.2049,true,true,"[18, 14, 18, 18, 18, 14, 18]","[18, 10, 18, 18, 18, 10, 18]"
499,1378753500,7,0.274439,0.251257,0.265166,EXPLORATION,0.359100,0.0305073697,0.0305073697,4.4139,4.4986,true,true,"[19, 11, 19, 19, 19, 11, 19]","[19, 11, 19, 19, 19, 11, 19]"
500,1378753800,7,0.283670,0.253671,0.271671,EXPLORATION,0.363002,0.0305081895,0.0305081895,5.6081,3.1679,true,true,"[19, 12, 19, 19, 19, 12, 19]","[16, 13, 16, 16, 16, 13, 16]"
501,1378754100,7,0.283279,0.255800,0.272287,EXPLORATION,0.363372,0.0305445751,0.0305519472,6.0566,5.6899,true,true,"[16, 12, 16, 16, 16, 12, 16]","[16, 16, 16, 16, 12, 16, 12]"
502,1378754400,7,0.285314,0.255086,0.273223,EXPLORATION,0.363934,0.0305587389,0.0305513320,4.5480,3.1517,true,true,"[17, 17, 17, 17, 15, 17, 15]","[18, 12, 18, 18, 18, 12, 18]"
503,1378754700,7,0.288819,0.254757,0.275194,EXPLORATION,0.365116,0.0305598449,0.0305598449,6.2755,3.7097,true,true,"[17, 11, 17, 17, 17, 11, 17]","[18, 15, 18, 18, 18, 15, 18]"
504,1378755000,7,0.290191,0.254271,0.275823,EXPLORATION,0.365494,0.0305525964,0.0305525964,4.6011,3.2719,true,true,"[17, 12, 17, 17, 17, 12, 17]","[18, 11, 18, 18, 18, 11, 18]"
505,1378755300,7,0.290909,0.248586,0.273979,EXPLORATION,0.364388,0.0305251902,0.0305251902,6.1217,3.4326,true,true,"[17, 15, 17, 17, 17, 15, 17]","[19, 13, 19, 19, 19, 13, 19]"
506,1378755600,7,0.305826,0.245843,0.281833,EXPLORATION,0.369100,0.0305033095,0.0305033095,4.5803,3.0678,true,true,"[18, 14, 18, 18, 18, 14, 18]","[16, 12, 16, 16, 16, 12, 16]"
507,1378755900,7,0.299672,0.261100,0.284243,EXPLORATION,0.370546,0.0305913460,0.0305972800,5.5649,3.1041,true,true,"[16, 11, 16, 16, 16, 11, 16]","[18, 18, 18, 18, 10, 18, 10]"
508,1378756200,7,0.317632,0.288457,0.305962,EXPLORATION,0.383577,0.0305897756,0.0306042433,5.0262,3.2337,true,true,"[16, 14, 16, 16, 16, 14, 16]","[19, 19, 19, 19, 11, 19, 11]"
509,1378756500,7,0.319793,0.272800,0.300996,EXPLORATION,0.380597,0.0305723425,0.0305723425,6.1653,4.1683,true,true,"[19, 10, 19, 19, 19, 10, 19]","[19, 10, 19, 19, 19, 10, 19]"
510,1378756800,7,0.327279,0.274571,0.306196,EXPLORATION,0.383717,0.0305817128,0.0305840480,5.5258,4.2572,true,true,"[18, 18, 18, 18, 11, 18, 11]","[19, 12, 19, 19, 19, 12, 19]"
511,1378757100,7,0.313837,0.259043,0.291920,EXPLORATION,0.375152,0.0293627870,0.0293683861,4.7133,3.0712,true,true,"[13, 16, 16, 16, 16, 16, 13]","[18, 18, 18, 18, 12, 18, 12]"
512,1378757400,7,0.292699,0.253157,0.276882,EXPLORATION,0.366129,0.0305530041,0.0305541613,4.9618,5.0161,true,true,"[11, 19, 19, 19, 11, 11, 19]","[11, 19, 19, 19, 19, 19, 11]"
513,1378757700,7,0.293475,0.254486,0.277879,EXPLORATION,0.366728,0.0305585261,0.0305585261,4.5431,3.3030,true,true,"[19, 12, 19, 19, 19, 12, 19]","[19, 11, 19, 19, 19, 11, 19]"
514,1378758000,7,0.292886,0.271229,0.284223,EXPLORATION,0.370534,0.0305497608,0.0305583072,4.9891,4.2077,true,true,"[19, 12, 19, 19, 19, 12, 19]","[18, 18, 18, 18, 14, 18, 14]"
515,1378758300,7,0.291578,0.302614,0.295992,EXPLORATION,0.377595,0.0305386859,0.0305386859,4.4297,3.1884,true,true,"[19, 14, 19, 19, 19, 14, 19]","[19, 15, 19, 19, 19, 15, 19]"
516,1378758600,7,0.293591,0.306529,0.298766,EXPLORATION,0.379260,0.0305489520,0.0305478155,4.4211,5.0100,true,true,"[18, 18, 18, 18, 15, 18, 15]","[17, 14, 17, 17, 17, 14, 17]"
517,1378758900,7,0.282286,0.244214,0.267057,EXPLORATION,0.360234,0.0305311037,0.0305311037,4.4367,3.0058,true,true,"[18, 15, 18, 18, 18, 15, 18]","[16, 15, 16, 16, 16, 15, 16]"
518,1378759200,7,0.270039,0.265814,0.268349,EXPLORATION,0.361010,0.0293404721,0.0293404721,5.2994,3.0532,true,true,"[16, 16, 16, 16, 12, 16, 12]","[19, 19, 19, 19, 14, 19, 14]"
519,1378759500,7,0.266324,0.281614,0.272440,EXPLORATION,0.363464,0.0293956168,0.0293956168,4.6231,3.2952,true,true,"[19, 11, 19, 19, 19, 11, 19]","[19, 11, 19, 19, 19, 11, 19]"
520,1378759800,7,0.258395,0.286671,0.269705,EXPLORATION,0.361823,0.0305511538,0.0305511538,4.9444,5.6658,true,true,"[19, 10, 19, 19, 19, 10, 19]","[18, 12, 18, 18, 18, 12, 18]"
521,1378760100,7,0.247764,0.263829,0.254190,EXPLORATION,0.352514,0.0305568683,0.0305568683,4.9480,2.9033,true,true,"[18, 18, 18, 18, 15, 18, 15]","[18, 18, 18, 18, 14, 18, 14]"
522,1378760400,7,0.252491,0.268743,0.258992,EXPLORATION,0.355395,0.0305765078,0.0305765078,5.7468,4.2477,true,true,"[18, 10, 18, 18, 18, 10, 18]","[16, 14, 16, 16, 16, 14, 16]"
523,1378760700,7,0.253998,0.251243,0.252896,EXPLORATION,0.351737,0.0305699833,0.0305699833,4.5112,2.8626,true,true,"[18, 14, 18, 18, 18, 14, 18]","[17, 12, 17, 17, 17, 12, 17]"
524,1378761000,7,0.239701,0.248657,0.243283,BALANCED,0.345970,0.0305642944,0.0305642944,5.8218,2.9148,true,true,"[19, 19, 19, 19, 15, 19, 15]","[16, 16, 16, 16, 15, 16, 15]"
525,1378761300,7,0.240801,0.243343,0.241818,BALANCED,0.345091,0.0305559743,0.0305598647,4.5165,2.8893,true,true,"[17, 17, 17, 17, 12, 17, 12]","[18, 14, 18, 18, 18, 14, 18]"
526,1378761600,7,0.274693,0.301629,0.285467,EXPLORATION,0.371280,0.0306068707,0.0306068707,6.4732,3.8181,true,true,"[17, 17, 17, 17, 15, 17, 15]","[18, 18, 18, 18, 14, 18, 14]"
527,1378761900,7,0.275771,0.290771,0.281771,EXPLORATION,0.369063,0.0305740615,0.0305740615,4.9577,4.0662,true,true,"[19, 19, 19, 19, 12, 19, 12]","[16, 16, 16, 16, 14, 16, 14]"
528,1378762200,7,0.276813,0.293143,0.283345,EXPLORATION,0.370007,0.0305766390,0.0305766390,5.9747,3.9455,true,true,"[17, 17, 17, 17, 15, 17, 15]","[17, 17, 17, 17, 15, 17, 15]"
529,1378762500,7,0.271515,0.265543,0.269126,EXPLORATION,0.361476,0.0305769598,0.0305769598,4.3648,4.3462,true,true,"[19, 19, 19, 19, 10, 19, 10]","[18, 18, 18, 18, 10, 18, 10]"
530,1378762800,7,0.236658,0.253643,0.243452,BALANCED,0.346071,0.0306062675,0.0306062675,4.7242,4.8756,true,true,"[18, 18, 18, 18, 11, 18, 11]","[17, 17, 17, 17, 13, 17, 13]"
531,1378763100,7,0.245601,0.313271,0.272669,EXPLORATION,0.363602,0.0294223560,0.0294223560,6.4370,6.8928,true,true,"[18, 18, 18, 18, 12, 18, 12]","[18, 18, 18, 18, 11, 18, 11]"
532,1378763400,7,0.241378,0.319471,0.272616,EXPLORATION,0.363569,0.0305580665,0.0305607313,6.3263,5.4828,true,true,"[19, 19, 19, 19, 13, 19, 13]","[19, 13, 19, 19, 19, 13, 19]"
533,1378763700,7,0.240000,0.310000,0.268000,EXPLORATION,0.360800,0.0305604833,0.0305604833,5.1609,3.2563,true,true,"[18, 18, 18, 18, 14, 18, 14]","[18, 18, 18, 18, 14, 18, 14]"
534,1378764000,7,0.234619,0.309357,0.264515,EXPLORATION,0.358709,0.0305725647,0.0305773926,7.1595,3.4678,true,true,"[19, 19, 19, 19, 13, 19, 13]","[19, 10, 19, 19, 19, 10, 19]"
535,1378764300,7,0.234167,0.304757,0.262403,EXPLORATION,0.357442,0.0305764995,0.0305764995,4.9772,6.1655,true,true,"[16, 16, 16, 16, 12, 16, 12]","[16, 16, 16, 16, 12, 16, 12]"
536,1378764600,7,0.360801,0.316771,0.343189,EXPLORATION,0.405913,0.0305174077,0.0305174077,5.4881,4.7104,true,true,"[10, 19, 19, 19, 19, 19, 10]","[12, 16, 16, 16, 16, 16, 12]"
537,1378764900,7,0.717999,0.313500,0.556200,EXPLORATION,0.533720,0.0304979997,0.0304979997,6.4054,5.7424,true,true,"[17, 17, 17, 17, 11, 17, 11]","[17, 17, 17, 17, 13, 17, 13]"
538,1378765200,7,0.915809,0.302471,0.670474,EXPLORATION,0.602284,0.0305180766,0.0305180766,6.7752,10.1750,true,true,"[18, 18, 18, 18, 15, 18, 15]","[18, 18, 18, 18, 14, 18, 14]"
539,1378765500,7,1.000000,0.288800,0.715520,EXPLORATION,0.629312,0.0304957680,0.0304957680,5.3040,11.3526,true,true,"[18, 18, 18, 18, 11, 18, 11]","[19, 19, 19, 19, 11, 19, 11]"
540,1378765800,7,1.000000,0.336329,0.734531,EXPLORATION,0.640719,0.0305703605,0.0305703605,5.3693,7.4011,true,true,"[19, 19, 19, 19, 13, 19, 13]","[18, 18, 18, 18, 11, 18, 11]"
541,1378766100,7,1.000000,0.289514,0.715806,EXPLORATION,0.629483,0.0305119214,0.0305119214,5.3715,8.0420,true,true,"[19, 11, 19, 19, 19, 11, 19]","[16, 14, 16, 16, 16, 14, 16]"
542,1378766400,7,1.000000,0.280057,0.712023,EXPLORATION,0.627214,0.0292289079,0.0292289079,5.8916,7.0741,true,true,"[19, 19, 19, 19, 12, 19, 12]","[18, 18, 18, 18, 14, 18, 14]"
543,1378766700,7,1.000000,0.298943,0.719577,EXPLORATION,0.631746,0.0304190793,0.0304222928,7.0998,7.9404,true,true,"[10, 10, 17, 17, 10, 17, 17]","[12, 18, 12, 18, 18, 18, 18]"
544,1378767000,7,1.000000,0.274000,0.709600,EXPLORATION,0.625760,0.0304427260,0.0304390304,8.1539,7.0005,true,true,"[15, 16, 15, 16, 16, 16, 16]","[13, 13, 18, 18, 13, 18, 18]"
545,1378767300,7,1.000000,0.289257,0.715703,EXPLORATION,0.629422,0.0304353830,0.0304353830,5.6434,9.5081,true,true,"[10, 16, 16, 16, 10, 10, 16]","[10, 17, 17, 17, 10, 10, 17]"
546,1378767600,7,1.000000,0.267600,0.707040,EXPLORATION,0.624224,0.0304907925,0.0304907925,5.2176,10.3175,true,true,"[17, 17, 17, 17, 14, 17, 14]","[17, 17, 17, 17, 11, 17, 11]"
547,1378767900,7,1.000000,0.281500,0.712600,EXPLORATION,0.627560,0.0305182995,0.0305182995,5.4476,8.3227,true,true,"[16, 11, 16, 16, 16, 11, 16]","[16, 15, 16, 16, 16, 15, 16]"
548,1378768200,7,1.000000,0.287471,0.714989,EXPLORATION,0.628993,0.0304002711,0.0303999992,4.8498,9.2537,true,true,"[10, 16, 16, 16, 10, 10, 16]","[15, 15, 16, 16, 15, 16, 16]"
549,1378768500,7,1.000000,0.271114,0.708446,EXPLORATION,0.625067,0.0304119727,0.0304112779,5.4296,8.9562,true,true,"[11, 17, 17, 17, 11, 11, 17]","[15, 15, 19, 19, 15, 19, 19]"
550,1378768800,7,1.000000,0.312557,0.725023,EXPLORATION,0.635014,0.0304667922,0.0304667922,6.7490,7.8074,true,true,"[15, 18, 18, 18, 15, 15, 18]","[14, 17, 17, 17, 14, 14, 17]"
551,1378769100,7,1.000000,0.316471,0.726589,EXPLORATION,0.635953,0.0305107408,0.0305107408,6.6744,6.7317,true,true,"[16, 16, 12, 16, 12, 16, 16]","[19, 19, 13, 19, 13, 19, 19]"
552,1378769400,7,1.000000,0.312371,0.724949,EXPLORATION,0.634969,0.0304517317,0.0304517317,6.7128,7.0847,true,true,"[19, 19, 11, 19, 11, 19, 19]","[19, 19, 12, 19, 12, 19, 19]"
553,1378769700,7,1.000000,0.281229,0.712491,EXPLORATION,0.627495,0.0304583017,0.0304583017,6.8642,8.1070,true,true,"[18, 18, 13, 18, 13, 18, 18]","[18, 18, 11, 18, 11, 18, 18]"
554,1378770000,7,1.000000,0.274500,0.709800,EXPLORATION,0.625880,0.0293034745,0.0293034745,5.0127,9.4358,true,true,"[19, 19, 10, 19, 10, 19, 19]","[19, 19, 10, 19, 10, 19, 19]"
555,1378770300,7,1.000000,0.279171,0.711669,EXPLORATION,0.627001,0.0292829736,0.0292829736,4.8029,9.6140,true,true,"[17, 17, 14, 17, 14, 17, 17]","[18, 18, 10, 18, 10, 18, 18]"
556,1378770600,7,1.000000,0.292643,0.717057,EXPLORATION,0.630234,0.0304560265,0.0304560265,4.8474,9.0733,true,true,"[19, 19, 10, 19, 10, 19, 19]","[18, 18, 15, 18, 15, 18, 18]"
557,1378770900,7,0.959906,0.287471,0.690932,EXPLORATION,0.614559,0.0303899466,0.0303899466,5.2086,8.0329,true,true,"[17, 17, 15, 17, 15, 17, 17]","[17, 17, 13, 17, 13, 17, 17]"
558,1378771200,7,0.795897,0.303286,0.598853,EXPLORATION,0.559312,0.0304974342,0.0304974342,8.3271,6.8644,true,true,"[19, 19, 11, 19, 11, 19, 19]","[18, 18, 15, 18, 15, 18, 18]"
559,1378771500,7,0.496128,0.293786,0.415191,EXPLORATION,0.449115,0.0304074872,0.0304074872,8.4849,5.3396,true,true,"[16, 16, 13, 16, 13, 16, 16]","[19, 19, 13, 19, 13, 19, 19]"
560,1378771800,7,0.152163,0.218357,0.178640,BALANCED,0.307184,0.0304157781,0.0304157781,7.4944,3.9007,true,true,"[17, 17, 10, 17, 10, 17, 17]","[16, 16, 10, 16, 10, 16, 16]"
561,1378772100,7,0.152569,0.203543,0.172959,BALANCED,0.303775,0.0304534309,0.0304574521,7.5126,4.9110,true,true,"[16, 16, 14, 16, 14, 16, 16]","[10, 17, 10, 17, 17, 17, 17]"
562,1378772400,7,0.151362,0.214143,0.176474,BALANCED,0.305885,0.0304630393,0.0304630393,5.8436,3.6628,true,true,"[18, 18, 14, 18, 14, 18, 18]","[18, 18, 14, 18, 14, 18, 18]"
563,1378772700,7,0.389178,0.269000,0.341107,EXPLORATION,0.404664,0.0309411223,0.0309411223,8.0483,5.5669,true,true,"[14, 19, 19, 19, 14, 14, 19]","[14, 17, 17, 17, 14, 14, 17]"
564,1378773000,7,0.520453,0.275571,0.422500,EXPLORATION,0.453500,0.0310051443,0.0310051443,7.1912,6.0040,true,true,"[14, 18, 18, 18, 18, 18, 14]","[13, 18, 18, 18, 18, 18, 13]"
565,1378773300,7,0.576580,0.262557,0.450971,EXPLORATION,0.470583,0.0308928133,0.0308928133,7.2056,7.5893,true,true,"[14, 19, 19, 19, 19, 19, 14]","[11, 18, 18, 18, 18, 18, 11]"
566,1378773600,7,0.580622,0.245300,0.446493,EXPLORATION,0.467896,0.0304776018,0.0304713500,7.1143,7.0588,true,true,"[15, 19, 19, 19, 15, 15, 19]","[13, 18, 18, 18, 18, 18, 13]"
567,1378773900,7,0.579391,0.245943,0.446012,EXPLORATION,0.467607,0.0304981883,0.0304981883,5.8469,5.2434,true,true,"[13, 17, 17, 17, 17, 17, 13]","[14, 19, 19, 19, 19, 19, 14]"
568,1378774200,7,0.579333,0.248700,0.447080,EXPLORATION,0.468248,0.0304768483,0.0304761792,6.1998,5.3042,true,true,"[18, 18, 18, 18, 15, 18, 15]","[16, 12, 16, 16, 16, 12, 16]"
569,1378774500,7,0.579510,0.221629,0.436358,EXPLORATION,0.461815,0.0304655738,0.0304655738,5.7159,6.5933,true,true,"[12, 18, 18, 18, 12, 12, 18]","[12, 19, 19, 19, 12, 12, 19]"
570,1378774800,7,0.579758,0.223743,0.437352,EXPLORATION,0.462411,0.0304593930,0.0304516498,6.2856,4.8101,true,true,"[15, 18, 15, 18, 18, 18, 18]","[11, 17, 17, 17, 11, 11, 17]"
571,1378775100,7,0.574340,0.223371,0.433953,EXPLORATION,0.460372,0.0304641307,0.0304641307,7.8822,4.3780,true,true,"[11, 17, 17, 17, 11, 11, 17]","[11, 16, 16, 16, 11, 11, 16]"
572,1378775400,7,0.574646,0.216943,0.431565,EXPLORATION,0.458939,0.0304750873,0.0304740124,6.6443,5.1971,true,true,"[14, 19, 19, 19, 19, 19, 14]","[15, 18, 18, 18, 15, 15, 18]"
573,1378775700,7,0.574233,0.206371,0.427089,EXPLORATION,0.456253,0.0304525667,0.0304556257,4.9241,4.3359,true,true,"[14, 16, 16, 16, 16, 16, 14]","[13, 13, 19, 19, 13, 19, 19]"
574,1378776000,7,0.574145,0.206686,0.427161,EXPLORATION,0.456297,0.0304504337,0.0304525380,7.7865,4.1680,true,true,"[14, 18, 18, 18, 14, 14, 18]","[13, 16, 16, 16, 16, 16, 13]"
575,1378776300,7,0.571101,0.210414,0.426827,EXPLORATION,0.456096,0.0304531460,0.0304544972,7.8562,4.4585,true,true,"[14, 19, 19, 19, 14, 14, 19]","[14, 18, 18, 18, 18, 18, 14]"
576,1378776600,7,0.571407,0.210600,0.427084,EXPLORATION,0.456250,0.0304217140,0.0304217140,5.0596,7.4131,true,true,"[14, 18, 18, 18, 14, 14, 18]","[10, 18, 18, 18, 10, 10, 18]"
577,1378776900,7,0.571661,0.197343,0.421933,EXPLORATION,0.453160,0.0304672214,0.0304672214,4.7689,4.2524,true,true,"[14, 18, 18, 18, 14, 14, 18]","[12, 17, 17, 17, 12, 12, 17]"
578,1378777200,7,0.571196,0.192414,0.419683,EXPLORATION,0.451810,0.0304552565,0.0304552565,8.1467,5.2058,true,true,"[14, 19, 19, 19, 14, 14, 19]","[14, 19, 19, 19, 14, 14, 19]"
579,1378777500,7,0.565788,0.196957,0.418256,EXPLORATION,0.450953,0.0292784514,0.0292759369,6.4660,6.8725,true,true,"[12, 19, 19, 19, 19, 19, 12]","[11, 19, 19, 19, 11, 11, 19]"
580,1378777800,7,0.566796,0.216529,0.426689,EXPLORATION,0.456013,0.0304668748,0.0304696152,5.1243,5.1311,true,true,"[14, 18, 18, 18, 14, 14, 18]","[14, 19, 19, 19, 19, 19, 14]"
581,1378778100,7,0.566515,0.200129,0.419960,EXPLORATION,0.451976,0.0304691847,0.0304658215,6.2862,4.4639,true,true,"[15, 18, 18, 18, 18, 18, 15]","[13, 18, 18, 18, 13, 13, 18]"
582,1378778400,7,0.545902,0.197643,0.406599,EXPLORATION,0.443959,0.0303651387,0.0303651387,5.7973,6.1874,true,true,"[18, 18, 12, 18, 12, 18, 18]","[18, 18, 11, 18, 11, 18, 18]"
583,1378778700,7,0.551344,0.201086,0.411241,EXPLORATION,0.446745,0.0303533653,0.0303533653,4.9046,4.1892,true,true,"[19, 19, 12, 19, 12, 19, 19]","[17, 17, 14, 17, 14, 17, 17]"
584,1378779000,7,0.551842,0.230043,0.423123,EXPLORATION,0.453874,0.0291713893,0.0291713893,4.9427,4.3035,true,true,"[16, 16, 11, 16, 11, 16, 16]","[18, 18, 15, 18, 15, 18, 18]"
585,1378779300,7,0.552020,0.242914,0.428377,EXPLORATION,0.457026,0.0291281547,0.0291281547,5.0625,5.1571,true,true,"[18, 18, 12, 18, 12, 18, 18]","[16, 16, 12, 16, 12, 16, 16]"
586,1378779600,7,0.551766,0.229571,0.422888,EXPLORATION,0.453733,0.0291558061,0.0291558061,6.9543,6.5633,true,true,"[16, 16, 14, 16, 14, 16, 16]","[17, 17, 13, 17, 13, 17, 17]"
587,1378779900,7,0.469242,0.206457,0.364128,EXPLORATION,0.418477,0.0303680628,0.0303680628,6.7787,5.8483,true,true,"[19, 19, 12, 19, 12, 19, 19]","[19, 19, 13, 19, 13, 19, 19]"
588,1378780200,7,0.320092,0.206943,0.274832,EXPLORATION,0.364899,0.0303559520,0.0303559520,4.9454,6.0733,true,true,"[16, 16, 13, 16, 13, 16, 16]","[16, 16, 14, 16, 14, 16, 16]"
589,1378780500,7,0.070543,0.097243,0.081223,EXPLOITATION,0.248734,0.0303444106,0.0303481633,4.8995,2.6861,true,true,"[19, 19, 10, 19, 10, 19, 19]","[18, 18, 18, 18, 15, 18, 15]"
590,1378780800,7,0.063335,0.093643,0.075458,EXPLOITATION,0.245275,0.0291395596,0.0291410890,6.8206,2.2670,true,true,"[19, 19, 11, 19, 11, 19, 19]","[16, 16, 16, 11, 16, 16, 16]"
591,1378781100,7,0.067592,0.103886,0.082109,EXPLOITATION,0.249266,0.0303770763,0.0303900468,5.1786,2.2102,true,true,"[18, 18, 14, 18, 14, 18, 18]","[19, 19, 19, 19, 12, 19, 12]"
592,1378781400,7,0.067656,0.114914,0.086559,EXPLOITATION,0.251935,0.0303385554,0.0303385554,6.6901,4.9728,true,true,"[18, 18, 14, 18, 14, 18, 18]","[18, 18, 14, 18, 14, 18, 18]"
593,1378781700,7,0.067705,0.108000,0.083823,EXPLOITATION,0.250294,0.0303694383,0.0303694383,6.3430,3.4497,true,true,"[16, 16, 15, 16, 15, 16, 16]","[16, 16, 12, 16, 12, 16, 16]"
594,1378782000,7,0.067750,0.110071,0.084679,EXPLOITATION,0.250807,0.0303664614,0.0303664614,7.4915,2.2540,true,true,"[17, 17, 14, 17, 14, 17, 17]","[17, 17, 14, 17, 14, 17, 17]"
595,1378782300,7,0.068160,0.097457,0.079879,EXPLOITATION,0.247927,0.0303488139,0.0303488139,6.7822,3.1095,true,true,"[17, 17, 11, 17, 11, 17, 17]","[17, 17, 11, 17, 11, 17, 17]"
596,1378782600,7,0.068108,0.096214,0.079350,EXPLOITATION,0.247610,0.0303421411,0.0303421411,5.0375,2.3562,true,true,"[18, 18, 10, 18, 10, 18, 18]","[18, 18, 14, 18, 14, 18, 18]"
597,1378782900,7,0.068621,0.089771,0.077081,EXPLOITATION,0.246249,0.0303032771,0.0303032771,6.1213,2.6632,true,true,"[18, 18, 14, 18, 14, 18, 18]","[19, 19, 11, 19, 11, 19, 19]"
598,1378783200,7,0.068753,0.089329,0.076983,EXPLOITATION,0.246190,0.0303495234,0.0303495234,4.8440,2.3588,true,true,"[19, 19, 14, 19, 14, 19, 19]","[18, 18, 13, 18, 13, 18, 18]"
599,1378783500,7,0.068997,0.093986,0.078993,EXPLOITATION,0.247396,0.0303688076,0.0303688076,5.2501,4.3769,true,true,"[17, 17, 11, 17, 11, 17, 17]","[17, 17, 11, 17, 11, 17, 17]"
600,1378783800,7,0.071170,0.096629,0.081353,EXPLOITATION,0.248812,0.0303906627,0.0303906627,5.0056,2.2562,true,true,"[17, 17, 13, 17, 13, 17, 17]","[17, 17, 11, 17, 11, 17, 17]"
601,1378784100,7,0.071652,0.092014,0.079797,EXPLOITATION,0.247878,0.0303871047,0.0303871047,9.0294,2.3110,true,true,"[16, 16, 15, 16, 15, 16, 16]","[19, 19, 14, 19, 14, 19, 19]"
602,1378784400,7,0.071707,0.088643,0.078482,EXPLOITATION,0.247089,0.0291408195,0.0291408195,4.8049,2.3213,true,true,"[18, 18, 11, 18, 11, 18, 18]","[18, 18, 11, 18, 11, 18, 18]"
603,1378784700,7,0.085922,0.113900,0.097113,EXPLOITATION,0.258268,0.0292265437,0.0292265437,7.3523,5.3094,true,true,"[16, 16, 12, 16, 12, 16, 16]","[19, 19, 12, 19, 12, 19, 19]"
604,1378785000,7,0.085088,0.123571,0.100481,BALANCED,0.260289,0.0303593344,0.0303593344,6.7394,3.0181,true,true,"[18, 18, 14, 18, 14, 18, 18]","[17, 17, 14, 17, 14, 17, 17]"
605,1378785300,7,0.085433,0.120271,0.099368,EXPLOITATION,0.259621,0.0303511498,0.0303511498,5.2573,2.6904,true,true,"[16, 16, 13, 16, 13, 16, 16]","[19, 19, 15, 19, 15, 19, 19]"
606,1378785600,7,0.085662,0.121157,0.099860,EXPLOITATION,0.259916,0.0303578280,0.0303578280,5.8330,3.0406,true,true,"[19, 19, 15, 19, 15, 19, 19]","[16, 16, 14, 16, 14, 16, 16]"
607,1378785900,7,0.079031,0.112829,0.092550,EXPLOITATION,0.255530,0.0303259290,0.0303259290,5.1826,2.5734,true,true,"[19, 19, 13, 19, 13, 19, 19]","[19, 19, 15, 19, 15, 19, 19]"
608,1378786200,7,0.077510,0.109171,0.090174,EXPLOITATION,0.254105,0.0303736470,0.0303736470,5.9139,3.8660,true,true,"[19, 19, 12, 19, 12, 19, 19]","[19, 19, 14, 19, 14, 19, 19]"
609,1378786500,7,0.077241,0.099800,0.086265,EXPLOITATION,0.251759,0.0303349479,0.0303349479,4.8130,2.5689,true,true,"[19, 19, 13, 19, 13, 19, 19]","[19, 19, 13, 19, 13, 19, 19]"
610,1378786800,7,0.077149,0.107014,0.089095,EXPLOITATION,0.253457,0.0303673317,0.0303673317,5.6109,2.6530,true,true,"[18, 18, 11, 18, 11, 18, 18]","[18, 18, 11, 18, 11, 18, 18]"
611,1378787100,7,0.080675,0.176757,0.119108,BALANCED,0.271465,0.0303833011,0.0303833011,4.6554,2.5781,true,true,"[18, 18, 12, 18, 12, 18, 18]","[18, 18, 12, 18, 12, 18, 18]"
612,1378787400,7,0.078567,0.172000,0.115940,BALANCED,0.269564,0.0303712770,0.0303712770,6.3794,2.6300,true,true,"[16, 16, 14, 16, 14, 16, 16]","[16, 16, 14, 16, 14, 16, 16]"
613,1378787700,7,0.078714,0.148057,0.106451,BALANCED,0.263871,0.0303311520,0.0303311520,4.5662,2.6313,true,true,"[19, 19, 15, 19, 15, 19, 19]","[19, 19, 15, 19, 15, 19, 19]"
614,1378788000,7,0.078961,0.135771,0.101685,BALANCED,0.261011,0.0303330325,0.0303403901,4.4715,3.7576,true,true,"[18, 18, 15, 18, 15, 18, 18]","[18, 18, 18, 18, 12, 18, 12]"
615,1378788300,7,0.073544,0.135914,0.098492,EXPLOITATION,0.259095,0.0303923171,0.0304033594,5.4512,2.9740,true,true,"[17, 17, 11, 17, 11, 17, 17]","[18, 18, 18, 18, 13, 18, 13]"
616,1378788600,7,0.073373,0.155786,0.106338,BALANCED,0.263803,0.0303611658,0.0303611658,5.2237,4.1397,true,true,"[18, 18, 11, 18, 11, 18, 18]","[18, 18, 14, 18, 14, 18, 18]"
617,1378788900,7,0.073238,0.149843,0.103880,BALANCED,0.262328,0.0303654438,0.0303654438,4.5979,2.5348,true,true,"[18, 18, 12, 18, 12, 18, 18]","[19, 19, 14, 19, 14, 19, 19]"
618,1378789200,7,0.073205,0.131029,0.096334,EXPLOITATION,0.257801,0.0303631834,0.0303631834,4.5707,4.2918,true,true,"[17, 17, 13, 17, 13, 17, 17]","[17, 17, 13, 17, 13, 17, 17]"
619,1378789500,7,0.073632,0.117057,0.091002,EXPLOITATION,0.254601,0.0303568055,0.0303568055,5.2502,2.5864,true,true,"[19, 19, 14, 19, 14, 19, 19]","[19, 19, 12, 19, 12, 19, 19]"
620,1378789800,7,0.073651,0.128886,0.095745,EXPLOITATION,0.257447,0.0303480606,0.0303480606,6.1431,3.9251,true,true,"[17, 17, 11, 17, 11, 17, 17]","[18, 18, 10, 18, 10, 18, 18]"
621,1378790100,7,0.073425,0.125714,0.094340,EXPLOITATION,0.256604,0.0303331121,0.0303331121,4.9223,2.6092,true,true,"[16, 16, 15, 16, 15, 16, 16]","[18, 18, 11, 18, 11, 18, 18]"
622,1378790400,7,0.123227,0.171543,0.142553,BALANCED,0.285532,0.0304117665,0.0304117665,7.0527,2.5966,true,true,"[19, 19, 19, 19, 10, 19, 10]","[19, 19, 19, 19, 10, 19, 10]"
623,1378790700,7,0.123490,0.127743,0.125191,BALANCED,0.275115,0.0303350021,0.0303350021,5.0247,2.7540,true,true,"[16, 16, 13, 16, 13, 16, 16]","[16, 16, 10, 16, 10, 16, 16]"
624,1378791000,7,0.121384,0.131514,0.125436,BALANCED,0.275262,0.0303382469,0.0303382469,6.4573,2.6293,true,true,"[18, 18, 10, 18, 10, 18, 18]","[18, 18, 10, 18, 10, 18, 18]"
625,1378791300,7,0.121097,0.126186,0.123133,BALANCED,0.273880,0.0303010279,0.0303056236,4.8304,2.6471,true,true,"[19, 19, 14, 19, 14, 19, 19]","[19, 19, 19, 19, 11, 19, 11]"
626,1378791600,7,0.121005,0.118600,0.120043,BALANCED,0.272026,0.0291263768,0.0291263768,5.2079,2.6674,true,true,"[17, 17, 12, 17, 12, 17, 17]","[17, 17, 11, 17, 11, 17, 17]"
627,1378791900,7,0.103354,0.117157,0.108875,BALANCED,0.265325,0.0291707031,0.0291707031,4.7525,2.5775,true,true,"[18, 18, 11, 18, 11, 18, 18]","[16, 16, 10, 16, 10, 16, 16]"
628,1378792200,7,0.100866,0.131529,0.113131,BALANCED,0.267879,0.0303404260,0.0303404260,5.6392,3.3118,true,true,"[16, 16, 14, 16, 14, 16, 16]","[19, 19, 12, 19, 12, 19, 19]"
629,1378792500,7,0.100946,0.115386,0.106722,BALANCED,0.264033,0.0303266593,0.0303266593,4.4730,2.6178,true,true,"[16, 16, 11, 16, 11, 16, 16]","[19, 19, 15, 19, 15, 19, 19]"
630,1378792800,7,0.101615,0.116400,0.107529,BALANCED,0.264517,0.0303411283,0.0303411283,8.1625,2.4645,true,true,"[19, 19, 13, 19, 13, 19, 19]","[17, 17, 13, 17, 13, 17, 17]"
631,1378793100,7,0.102235,0.118886,0.108895,BALANCED,0.265337,0.0303425014,0.0303425014,5.6352,2.6750,true,true,"[18, 18, 13, 18, 13, 18, 18]","[18, 18, 13, 18, 13, 18, 18]"
632,1378793400,7,0.102920,0.114157,0.107415,BALANCED,0.264449,0.0303511928,0.0303511928,6.5580,2.5560,true,true,"[19, 19, 14, 19, 14, 19, 19]","[19, 19, 14, 19, 14, 19, 19]"
633,1378793700,7,0.102791,0.105543,0.103892,BALANCED,0.262335,0.0303375918,0.0303375918,4.7816,2.6260,true,true,"[19, 19, 15, 19, 15, 19, 19]","[19, 19, 13, 19, 13, 19, 19]"
634,1378794000,7,0.109651,0.126943,0.116568,BALANCED,0.269941,0.0303943964,0.0303943964,6.3776,2.6884,true,true,"[16, 16, 14, 16, 14, 16, 16]","[18, 18, 14, 18, 14, 18, 18]"
635,1378794300,7,0.103021,0.106186,0.104287,BALANCED,0.262572,0.0303602425,0.0303602425,6.2087,2.9821,true,true,"[18, 18, 12, 18, 12, 18, 18]","[18, 18, 13, 18, 13, 18, 18]"
636,1378794600,7,0.103681,0.110857,0.106551,BALANCED,0.263931,0.0303712709,0.0303712709,5.2261,2.5867,true,true,"[17, 17, 11, 17, 11, 17, 17]","[16, 16, 12, 16, 12, 16, 16]"
637,1378794900,7,0.113883,0.119071,0.115958,BALANCED,0.269575,0.0303390261,0.0303390261,4.6568,2.4108,true,true,"[17, 17, 13, 17, 13, 17, 17]","[19, 19, 15, 19, 15, 19, 19]"
638,1378795200,7,0.113400,0.108186,0.111314,BALANCED,0.266789,0.0291529546,0.0291529546,6.7385,2.6943,true,true,"[18, 18, 12, 18, 12, 18, 18]","[19, 19, 14, 19, 14, 19, 19]"
639,1378795500,7,0.127893,0.142914,0.133901,BALANCED,0.280341,0.0291974627,0.0291974627,4.7907,2.6231,true,true,"[19, 19, 12, 19, 12, 19, 19]","[18, 18, 12, 18, 12, 18, 18]"
640,1378795800,7,0.132769,0.152771,0.140770,BALANCED,0.284462,0.0303842818,0.0303842818,5.7608,2.6448,true,true,"[19, 19, 11, 19, 11, 19, 19]","[17, 17, 10, 17, 10, 17, 17]"
641,1378796100,7,0.132170,0.140657,0.135565,BALANCED,0.281339,0.0303484946,0.0303484946,4.9482,2.5570,true,true,"[17, 17, 12, 17, 12, 17, 17]","[17, 17, 12, 17, 12, 17, 17]"
642,1378796400,7,0.132118,0.142743,0.136368,BALANCED,0.281821,0.0303293494,0.0303293494,6.4170,2.6539,true,true,"[19, 19, 13, 19, 13, 19, 19]","[18, 18, 14, 18, 14, 18, 18]"
643,1378796700,7,0.131483,0.146243,0.137387,BALANCED,0.282432,0.0303334202,0.0303334202,4.3268,2.5829,true,true,"[19, 19, 11, 19, 11, 19, 19]","[19, 19, 11, 19, 11, 19, 19]"
644,1378797000,7,0.142654,0.155271,0.147701,BALANCED,0.288621,0.0303400821,0.0303400821,5.9501,2.5385,true,true,"[17, 17, 12, 17, 12, 17, 17]","[17, 17, 12, 17, 12, 17, 17]"
645,1378797300,7,0.142715,0.139671,0.141498,BALANCED,0.284899,0.0303684405,0.0303689364,4.6732,2.5693,true,true,"[19, 11, 19, 19, 19, 11, 19]","[18, 18, 12, 18, 12, 18, 18]"
646,1378797600,7,0.094477,0.158143,0.119943,BALANCED,0.271966,0.0303565489,0.0303565489,6.5700,2.5686,true,true,"[17, 17, 13, 17, 13, 17, 17]","[19, 19, 12, 19, 12, 19, 19]"
647,1378797900,7,0.373863,0.261871,0.329067,EXPLORATION,0.397440,0.0302821159,0.0302821159,4.6702,3.4679,true,true,"[19, 19, 11, 19, 11, 19, 19]","[17, 17, 13, 17, 13, 17, 17]"
648,1378798200,7,0.708772,0.252786,0.526377,EXPLORATION,0.515826,0.0304216667,0.0304216667,5.5638,6.2047,true,true,"[18, 18, 14, 18, 14, 18, 18]","[19, 19, 14, 19, 14, 19, 19]"
649,1378798500,7,0.902025,0.246214,0.639701,EXPLORATION,0.583821,0.0304264444,0.0304264444,5.1565,7.2137,true,true,"[16, 16, 15, 16, 15, 16, 16]","[17, 17, 10, 17, 10, 17, 17]"
650,1378798800,7,1.000000,0.247429,0.698971,EXPLORATION,0.619383,0.0304515731,0.0304515731,5.0259,7.6393,true,true,"[16, 16, 12, 16, 12, 16, 16]","[17, 17, 13, 17, 13, 17, 17]"
651,1378799100,7,1.000000,0.254029,0.701611,EXPLORATION,0.620967,0.0304722834,0.0304722834,4.5106,6.2630,true,true,"[19, 19, 11, 19, 11, 19, 19]","[16, 16, 15, 16, 15, 16, 16]"
652,1378799400,7,1.000000,0.260757,0.704303,EXPLORATION,0.622582,0.0304112854,0.0304112854,6.2387,7.9864,true,true,"[19, 19, 15, 19, 15, 19, 19]","[18, 18, 11, 18, 11, 18, 18]"
653,1378799700,7,1.000000,0.252300,0.700920,EXPLORATION,0.620552,0.0304161138,0.0304161138,4.5236,7.8031,true,true,"[18, 18, 13, 18, 13, 18, 18]","[17, 17, 12, 17, 12, 17, 17]"
654,1378800000,7,1.000000,0.260629,0.704251,EXPLORATION,0.622551,0.0304383049,0.0304383049,4.5700,7.6292,true,true,"[18, 18, 15, 18, 15, 18, 18]","[18, 18, 13, 18, 13, 18, 18]"
655,1378800300,7,1.000000,0.259243,0.703697,EXPLORATION,0.622218,0.0304175882,0.0304175882,4.6527,6.1089,true,true,"[18, 18, 15, 18, 15, 18, 18]","[18, 18, 11, 18, 11, 18, 18]"
656,1378800600,7,1.000000,0.261800,0.704720,EXPLORATION,0.622832,0.0304189890,0.0304189890,4.4893,6.5514,true,true,"[19, 19, 12, 19, 12, 19, 19]","[19, 19, 15, 19, 15, 19, 19]"
657,1378800900,7,1.000000,0.253171,0.701269,EXPLORATION,0.620761,0.0304408123,0.0304408123,5.0362,7.1324,true,true,"[19, 19, 14, 19, 14, 19, 19]","[17, 17, 15, 17, 15, 17, 17]"
658,1378801200,7,1.000000,0.251529,0.700611,EXPLORATION,0.620367,0.0304620563,0.0304620563,4.6090,7.3500,true,true,"[16, 10, 16, 16, 16, 10, 16]","[19, 15, 19, 19, 19, 15, 19]"
659,1378801500,7,1.000000,0.251157,0.700463,EXPLORATION,0.620278,0.0302401979,0.0302401979,6.4740,7.6495,true,true,"[19, 19, 13, 19, 13, 19, 19]","[19, 19, 13, 19, 13, 19, 19]"
660,1378801800,7,1.000000,0.249443,0.699777,EXPLORATION,0.619866,0.0303824418,0.0303824418,5.1750,6.1295,true,true,"[19, 19, 15, 19, 15, 19, 19]","[19, 19, 15, 19, 15, 19, 19]"
661,1378802100,7,1.000000,0.236514,0.694606,EXPLORATION,0.616763,0.0303671721,0.0303671721,4.3804,7.1170,true,true,"[18, 18, 12, 18, 12, 18, 18]","[18, 18, 12, 18, 12, 18, 18]"
662,1378802400,7,1.000000,0.238871,0.695549,EXPLORATION,0.617329,0.0303652454,0.0303652454,5.7980,6.2283,true,true,"[19, 19, 15, 19, 15, 19, 19]","[16, 16, 15, 16, 15, 16, 16]"
663,1378802700,7,1.000000,0.249686,0.699874,EXPLORATION,0.619925,0.0291865125,0.0291865125,5.6010,6.8598,true,true,"[16, 16, 16, 14, 16, 16, 16]","[19, 19, 19, 11, 19, 19, 19]"
664,1378803000,7,1.000000,0.248071,0.699229,EXPLORATION,0.619537,0.0303731983,0.0303731983,4.5837,6.1088,true,true,"[16, 16, 12, 16, 12, 16, 16]","[17, 17, 13, 17, 13, 17, 17]"
665,1378803300,7,1.000000,0.234500,0.693800,EXPLORATION,0.616280,0.0303674355,0.0303674355,4.4324,6.2733,true,true,"[18, 18, 11, 18, 11, 18, 18]","[17, 17, 12, 17, 12, 17, 17]"
666,1378803600,7,1.000000,0.232443,0.692977,EXPLORATION,0.615786,0.0303518007,0.0303518007,6.7049,5.9575,true,true,"[18, 18, 10, 18, 10, 18, 18]","[18, 18, 10, 18, 10, 18, 18]"
667,1378803900,7,1.000000,0.244114,0.697646,EXPLORATION,0.618587,0.0303569631,0.0303569631,5.0678,8.5671,true,true,"[19, 19, 14, 19, 14, 19, 19]","[16, 16, 10, 16, 10, 16, 16]"
668,1378804200,7,1.000000,0.230129,0.692051,EXPLORATION,0.615231,0.0303248076,0.0303248076,5.1469,6.9051,true,true,"[17, 17, 15, 17, 15, 17, 17]","[17, 17, 15, 17, 15, 17, 17]"
669,1378804500,7,1.000000,0.227371,0.690949,EXPLORATION,0.614569,0.0303616940,0.0303616940,4.1107,6.4631,true,true,"[19, 19, 10, 19, 10, 19, 19]","[19, 19, 10, 19, 10, 19, 19]"
670,1378804800,7,1.000000,0.233671,0.693469,EXPLORATION,0.616081,0.0301477388,0.0301477388,5.9962,6.2054,true,true,"[19, 19, 12, 19, 12, 19, 19]","[17, 17, 10, 17, 10, 17, 17]"
671,1378805100,7,1.000000,0.233500,0.693400,EXPLORATION,0.616040,0.0303685562,0.0303685562,6.5897,7.3089,true,true,"[18, 18, 11, 18, 11, 18, 18]","[18, 18, 10, 18, 10, 18, 18]"
672,1378805400,7,1.000000,0.228743,0.691497,EXPLORATION,0.614898,0.0303799660,0.0303799660,4.6589,7.0184,true,true,"[19, 19, 10, 19, 10, 19, 19]","[16, 16, 11, 16, 11, 16, 16]"
673,1378805700,7,1.000000,0.236643,0.694657,EXPLORATION,0.616794,0.0303793580,0.0303793580,4.9232,6.2074,true,true,"[17, 17, 14, 17, 14, 17, 17]","[17, 17, 14, 17, 14, 17, 17]"
674,1378806000,7,1.000000,0.230157,0.692063,EXPLORATION,0.615238,0.0304224214,0.0304224214,5.5283,6.8195,true,true,"[19, 15, 19, 19, 19, 15, 19]","[19, 15, 19, 19, 19, 15, 19]"
675,1378806300,7,1.000000,0.238586,0.695434,EXPLORATION,0.617261,0.0291866445,0.0291866445,4.1843,7.6341,true,true,"[18, 18, 18, 11, 18, 18, 18]","[17, 17, 17, 15, 17, 17, 17]"
676,1378806600,7,1.000000,0.242886,0.697154,EXPLORATION,0.618293,0.0303824394,0.0303824394,4.1707,6.0849,true,true,"[16, 16, 10, 16, 10, 16, 16]","[16, 16, 10, 16, 10, 16, 16]"
677,1378806900,7,1.000000,0.235914,0.694366,EXPLORATION,0.616619,0.0303214877,0.0303214877,4.9691,6.1505,true,true,"[18, 18, 10, 18, 10, 18, 18]","[18, 18, 13, 18, 13, 18, 18]"
678,1378807200,7,1.000000,0.233143,0.693257,EXPLORATION,0.615954,0.0304113602,0.0304113602,4.1321,7.9021,true,true,"[17, 11, 17, 17, 17, 11, 17]","[18, 13, 18, 18, 18, 13, 18]"
679,1378807500,7,0.986722,0.238300,0.687353,EXPLORATION,0.612412,0.0303711120,0.0303711120,4.7244,7.3372,true,true,"[19, 19, 11, 19, 11, 19, 19]","[19, 19, 11, 19, 11, 19, 19]"
680,1378807800,7,0.844948,0.238743,0.602466,EXPLORATION,0.561480,0.0292130487,0.0292130487,5.1222,6.0664,true,true,"[18, 18, 18, 12, 18, 18, 18]","[18, 18, 18, 12, 18, 18, 18]"
681,1378808100,7,0.647358,0.234443,0.482192,EXPLORATION,0.489315,0.0291858119,0.0291858119,6.1571,4.7723,true,true,"[18, 18, 18, 13, 18, 18, 18]","[18, 18, 18, 15, 18, 18, 18]"
682,1378808400,7,0.265850,0.230557,0.251733,EXPLORATION,0.351040,0.0304656617,0.0304656617,6.3396,4.1165,true,true,"[19, 12, 19, 19, 19, 12, 19]","[16, 15, 16, 16, 16, 15, 16]"
683,1378808700,7,0.086090,0.148114,0.110900,BALANCED,0.266540,0.0303584908,0.0303584908,5.3250,2.3246,true,true,"[18, 18, 14, 18, 14, 18, 18]","[19, 19, 15, 19, 15, 19, 19]"
684,1378809000,7,0.084626,0.119557,0.098599,EXPLOITATION,0.259159,0.0305239441,0.0305239441,4.4648,2.3329,true,true,"[16, 15, 16, 16, 16, 15, 16]","[16, 15, 16, 16, 16, 15, 16]"
685,1378809300,7,0.084538,0.142629,0.107774,BALANCED,0.264664,0.0304755798,0.0304755798,5.5855,2.3977,true,true,"[19, 19, 19, 19, 13, 19, 13]","[19, 19, 19, 19, 13, 19, 13]"
686,1378809600,7,0.084348,0.117086,0.097443,EXPLOITATION,0.258466,0.0305283563,0.0305283563,4.6814,2.3965,true,true,"[19, 15, 19, 19, 19, 15, 19]","[16, 10, 16, 16, 16, 10, 16]"
687,1378809900,7,0.083951,0.139114,0.106016,BALANCED,0.263610,0.0305808922,0.0305912910,6.9323,2.5822,true,true,"[19, 14, 19, 19, 19, 14, 19]","[16, 16, 16, 16, 14, 16, 14]"
688,1378810200,7,0.083716,0.153386,0.111584,BALANCED,0.266950,0.0305574103,0.0319329756,4.4151,2.3458,true,true,"[17, 17, 17, 17, 13, 17, 13]","[19, 19, 19, 10, 19, 19, 19]"
689,1378810500,7,0.083917,0.147814,0.109476,BALANCED,0.265686,0.0305395105,0.0305470547,4.6420,2.3332,true,true,"[18, 10, 18, 18, 18, 10, 18]","[18, 18, 18, 18, 11, 18, 11]"
690,1378810800,7,0.083835,0.147114,0.109147,BALANCED,0.265488,0.0304964490,0.0305014275,4.3763,2.3854,true,true,"[18, 10, 18, 18, 18, 10, 18]","[18, 18, 18, 18, 11, 18, 11]"
691,1378811100,7,0.083563,0.145486,0.108332,BALANCED,0.264999,0.0305613600,0.0305650361,5.4471,3.5477,true,true,"[12, 19, 19, 19, 19, 19, 12]","[19, 14, 19, 19, 19, 14, 19]"
692,1378811400,7,0.083529,0.127714,0.101203,BALANCED,0.260722,0.0304958082,0.0304958082,4.5199,2.2992,true,true,"[19, 19, 19, 19, 11, 19, 11]","[19, 19, 19, 19, 11, 19, 11]"
693,1378811700,7,0.083618,0.110243,0.094268,EXPLOITATION,0.256561,0.0305072483,0.0305072483,4.3817,3.0491,true,true,"[10, 16, 16, 16, 16, 16, 10]","[10, 16, 16, 16, 16, 16, 10]"
694,1378812000,7,0.080767,0.103157,0.089723,EXPLOITATION,0.253834,0.0305303235,0.0305303235,6.0644,2.2948,true,true,"[11, 19, 19, 19, 19, 19, 11]","[10, 19, 19, 19, 19, 19, 10]"
695,1378812300,7,0.080715,0.109429,0.092200,EXPLOITATION,0.255320,0.0305307545,0.0305458503,4.4984,4.3096,true,true,"[13, 19, 19, 19, 19, 19, 13]","[18, 14, 18, 18, 18, 14, 18]"
696,1378812600,7,0.076767,0.129943,0.098038,EXPLOITATION,0.258823,0.0305111819,0.0305111819,4.6145,2.3123,true,true,"[16, 13, 16, 16, 16, 13, 16]","[19, 10, 19, 19, 19, 10, 19]"
697,1378812900,7,0.071277,0.105900,0.085126,EXPLOITATION,0.251076,0.0305221876,0.0305221876,4.4852,2.0448,true,true,"[12, 17, 17, 17, 17, 17, 12]","[12, 17, 17, 17, 17, 17, 12]"
698,1378813200,7,0.067928,0.097871,0.079905,EXPLOITATION,0.247943,0.0305502830,0.0306062252,6.7225,2.0150,true,true,"[12, 19, 19, 19, 19, 19, 12]","[19, 15, 19, 19, 19, 15, 19]"
699,1378813500,7,0.066825,0.121414,0.088660,EXPLOITATION,0.253196,0.0305145308,0.0305739215,6.0811,3.4704,true,true,"[15, 17, 17, 17, 15, 15, 17]","[17, 13, 17, 17, 17, 13, 17]"
700,1378813800,7,0.063286,0.151657,0.098635,EXPLOITATION,0.259181,0.0304485699,0.0304483084,4.8399,2.5729,true,true,"[10, 18, 18, 18, 10, 10, 18]","[11, 11, 18, 18, 11, 18, 18]"
701,1378814100,7,0.064117,0.145014,0.096476,EXPLOITATION,0.257886,0.0304710986,0.0304710986,5.4600,3.7266,true,true,"[16, 16, 16, 16, 12, 16, 12]","[18, 18, 18, 18, 11, 18, 11]"
702,1378814400,7,0.064188,0.142914,0.095678,EXPLOITATION,0.257407,0.0292494861,0.0292494861,6.0047,2.5048,true,true,"[11, 19, 11, 19, 19, 19, 19]","[15, 19, 15, 19, 19, 19, 19]"
703,1378814700,7,0.064301,0.150314,0.098706,EXPLOITATION,0.259224,0.0305593749,0.0305593749,4.4138,4.5237,true,true,"[18, 18, 18, 18, 12, 18, 12]","[16, 16, 16, 16, 13, 16, 13]"
704,1378815000,7,0.062822,0.108914,0.081259,EXPLOITATION,0.248755,0.0305083273,0.0305188748,5.4842,2.2372,true,true,"[14, 18, 18, 18, 18, 18, 14]","[11, 19, 19, 19, 11, 11, 19]"
705,1378815300,7,0.061697,0.099929,0.076990,EXPLOITATION,0.246194,0.0304781376,0.0304781376,5.0904,3.6882,true,true,"[12, 17, 17, 17, 17, 17, 12]","[15, 16, 16, 16, 16, 16, 15]"
706,1378815600,7,0.061477,0.104114,0.078532,EXPLOITATION,0.247119,0.0305004207,0.0305164545,4.4875,2.0600,true,true,"[19, 19, 19, 19, 15, 19, 15]","[17, 17, 15, 17, 15, 17, 17]"
707,1378815900,7,0.573256,0.222386,0.432908,EXPLORATION,0.459745,0.0305211279,0.0305211279,4.7349,5.3333,true,true,"[19, 10, 19, 19, 19, 10, 19]","[19, 10, 19, 19, 19, 10, 19]"
708,1378816200,7,0.588197,0.220971,0.441307,EXPLORATION,0.464784,0.0303402235,0.0303402235,4.6437,4.9081,true,true,"[17, 10, 17, 17, 17, 10, 17]","[17, 12, 17, 17, 17, 12, 17]"
709,1378816500,7,0.588038,0.179029,0.424434,EXPLORATION,0.454661,0.0304429817,0.0304429817,5.0028,4.9136,true,true,"[17, 14, 17, 17, 17, 14, 17]","[18, 11, 18, 18, 18, 11, 18]"
710,1378816800,7,0.588316,0.203871,0.434538,EXPLORATION,0.460723,0.0304868743,0.0304868743,4.5180,3.7355,true,true,"[19, 10, 19, 19, 19, 10, 19]","[17, 11, 17, 17, 17, 11, 17]"
711,1378817100,7,0.598956,0.230071,0.451402,EXPLORATION,0.470841,0.0304083196,0.0304147684,6.7215,3.9866,true,true,"[17, 14, 17, 17, 17, 14, 17]","[14, 18, 18, 18, 18, 18, 14]"
712,1378817400,7,0.625957,0.232514,0.468580,EXPLORATION,0.481148,0.0303752636,0.0303752636,4.2955,6.3988,true,true,"[19, 12, 19, 19, 19, 12, 19]","[16, 12, 16, 16, 16, 12, 16]"
713,1378817700,7,0.623510,0.225000,0.464106,EXPLORATION,0.478464,0.0302934957,0.0302934957,4.4847,4.3228,true,true,"[19, 12, 19, 19, 19, 12, 19]","[16, 10, 16, 16, 16, 10, 16]"
714,1378818000,7,0.623812,0.190000,0.450287,EXPLORATION,0.470172,0.0304427164,0.0304427164,7.2258,4.8241,true,true,"[14, 16, 16, 16, 16, 16, 14]","[12, 19, 19, 19, 19, 19, 12]"
715,1378818300,7,0.623550,0.217514,0.461136,EXPLORATION,0.476681,0.0304609426,0.0304609426,4.6719,5.4287,true,true,"[18, 11, 18, 18, 18, 11, 18]","[16, 11, 16, 16, 16, 11, 16]"
716,1378818600,7,0.624451,0.183271,0.447979,EXPLORATION,0.468788,0.0304975714,0.0304975714,7.7764,4.1048,true,true,"[19, 10, 19, 19, 19, 10, 19]","[18, 12, 18, 18, 18, 12, 18]"
717,1378818900,7,0.623819,0.187457,0.449274,EXPLORATION,0.469564,0.0304486091,0.0304486091,5.8094,4.9401,true,true,"[12, 17, 17, 17, 12, 12, 17]","[15, 18, 18, 18, 15, 15, 18]"
718,1378819200,7,0.677663,0.225214,0.496684,EXPLORATION,0.498010,0.0305376988,0.0305376988,6.1381,6.4450,true,true,"[14, 17, 17, 17, 17, 17, 14]","[13, 16, 16, 16, 16, 16, 13]"
719,1378819500,7,0.701906,0.270514,0.529349,EXPLORATION,0.517610,0.0305334369,0.0305334369,5.5880,5.2386,true,true,"[12, 18, 18, 18, 18, 18, 12]","[15, 18, 18, 18, 18, 18, 15]"
720,1378819800,7,0.702948,0.229129,0.513420,EXPLORATION,0.508052,0.0304672474,0.0304672474,6.9044,6.5472,true,true,"[10, 19, 19, 19, 19, 19, 10]","[13, 18, 18, 18, 18, 18, 13]"
721,1378820100,7,0.706379,0.223729,0.513319,EXPLORATION,0.507991,0.0305166118,0.0305166118,4.6421,6.2010,true,true,"[13, 19, 19, 19, 19, 19, 13]","[11, 18, 18, 18, 18, 18, 11]"
722,1378820400,7,0.715604,0.234000,0.522962,EXPLORATION,0.513777,0.0306411182,0.0306411182,5.5668,9.7626,true,true,"[13, 18, 18, 18, 18, 18, 13]","[11, 19, 19, 19, 19, 19, 11]"
723,1378820700,7,0.707455,0.243114,0.521719,EXPLORATION,0.513031,0.0305838562,0.0305838562,10.6252,9.4017,true,true,"[12, 18, 18, 18, 18, 18, 12]","[15, 19, 19, 19, 19, 19, 15]"
724,1378821000,7,0.707201,0.249543,0.524138,EXPLORATION,0.514483,0.0304997655,0.0304994454,7.9963,8.3268,true,true,"[14, 19, 19, 19, 19, 19, 14]","[10, 17, 17, 17, 10, 10, 17]"
725,1378821300,7,0.705832,0.229429,0.515271,EXPLORATION,0.509162,0.0304656160,0.0304656160,6.3578,6.0687,true,true,"[14, 16, 16, 16, 16, 16, 14]","[14, 16, 16, 16, 16, 16, 14]"
726,1378821600,7,0.708802,0.249629,0.525133,EXPLORATION,0.515080,0.0292394827,0.0292394827,4.7861,6.2421,true,true,"[15, 16, 16, 16, 15, 15, 16]","[12, 19, 19, 19, 12, 12, 19]"
727,1378821900,7,0.708662,0.240157,0.521260,EXPLORATION,0.512756,0.0292943378,0.0292943378,6.2228,5.4550,true,true,"[11, 16, 16, 16, 16, 16, 11]","[14, 19, 19, 19, 19, 19, 14]"
728,1378822200,7,0.708292,0.245843,0.523312,EXPLORATION,0.513987,0.0305719865,0.0305719865,4.9030,7.1658,true,true,"[16, 10, 16, 16, 16, 10, 16]","[17, 14, 17, 17, 17, 14, 17]"
729,1378822500,7,0.707638,0.223029,0.513794,EXPLORATION,0.508277,0.0305164185,0.0305164185,5.8265,5.6960,true,true,"[18, 10, 18, 18, 18, 10, 18]","[19, 13, 19, 19, 19, 13, 19]"
730,1378822800,7,0.706871,0.223000,0.513323,EXPLORATION,0.507994,0.0293377240,0.0293377240,7.2933,7.6193,true,true,"[16, 13, 16, 16, 16, 13, 16]","[19, 10, 19, 19, 19, 10, 19]"
731,1378823100,7,0.423598,0.235729,0.348450,EXPLORATION,0.409070,0.0305755100,0.0305967461,9.4454,7.2918,true,true,"[14, 19, 19, 19, 19, 19, 14]","[18, 12, 18, 18, 18, 12, 18]"
732,1378823400,7,0.391503,0.223057,0.324125,EXPLORATION,0.394475,0.0292690117,0.0292690117,12.6191,8.5182,true,true,"[11, 19, 19, 19, 19, 19, 11]","[11, 19, 19, 19, 19, 19, 11]"
733,1378823700,7,0.390568,0.216357,0.320884,EXPLORATION,0.392530,0.0304541907,0.0304541907,10.7218,7.4410,true,true,"[18, 13, 18, 18, 18, 13, 18]","[17, 12, 17, 17, 17, 12, 17]"
734,1378824000,7,0.389654,0.211143,0.318250,EXPLORATION,0.390950,0.0304994837,0.0304994837,6.6108,8.4326,true,true,"[13, 19, 19, 19, 19, 19, 13]","[12, 19, 19, 19, 19, 19, 12]"
735,1378824300,7,0.355827,0.238957,0.309079,EXPLORATION,0.385447,0.0305525108,0.0305525108,7.9164,7.2036,true,true,"[13, 19, 13, 19, 19, 19, 19]","[15, 18, 15, 18, 18, 18, 18]"
736,1378824600,7,0.224585,0.289357,0.250494,EXPLORATION,0.350296,0.0304706126,0.0304711050,6.3044,3.5742,true,true,"[18, 18, 18, 18, 13, 18, 13]","[16, 15, 16, 16, 16, 15, 16]"
737,1378824900,7,0.177334,0.174786,0.176315,BALANCED,0.305789,0.0305063467,0.0305014594,6.3989,5.6530,true,true,"[14, 16, 16, 16, 14, 14, 16]","[14, 19, 19, 19, 19, 19, 14]"
738,1378825200,7,0.189587,0.244671,0.211621,BALANCED,0.326972,0.0307451591,0.0307451591,5.4972,3.5038,true,true,"[16, 11, 16, 16, 16, 11, 16]","[16, 10, 16, 16, 16, 10, 16]"
739,1378825500,7,0.189526,0.251500,0.214316,BALANCED,0.328589,0.0304826567,0.0304826567,6.7307,3.3314,true,true,"[19, 19, 19, 19, 12, 19, 12]","[16, 16, 16, 16, 10, 16, 10]"
740,1378825800,7,0.188047,0.262929,0.218000,BALANCED,0.330800,0.0306250001,0.0306250001,5.2982,4.7553,true,true,"[18, 18, 18, 18, 10, 18, 10]","[18, 18, 18, 18, 15, 18, 15]"
741,1378826100,7,0.188133,0.255714,0.215165,BALANCED,0.329099,0.0293274651,0.0293274651,5.4383,3.5557,true,true,"[17, 17, 17, 17, 14, 17, 14]","[16, 16, 16, 16, 11, 16, 11]"
742,1378826400,7,0.178477,0.244514,0.204892,BALANCED,0.322935,0.0304916410,0.0304916410,6.4153,3.2445,true,true,"[16, 16, 16, 16, 15, 16, 15]","[16, 16, 16, 16, 15, 16, 15]"
743,1378826700,7,0.163645,0.205814,0.180513,BALANCED,0.308308,0.0293326249,0.0293326249,6.2379,3.3683,true,true,"[19, 11, 19, 19, 19, 11, 19]","[19, 14, 19, 19, 19, 14, 19]"
744,1378827000,7,0.163483,0.247657,0.197153,BALANCED,0.318292,0.0293104050,0.0293104050,6.0906,3.0580,true,true,"[19, 19, 19, 19, 15, 19, 15]","[19, 19, 19, 19, 15, 19, 15]"
745,1378827300,7,0.166029,0.206543,0.182234,BALANCED,0.309341,0.0305143059,0.0305143059,6.1108,4.2767,true,true,"[17, 17, 17, 17, 14, 17, 14]","[17, 17, 17, 17, 14, 17, 14]"
746,1378827600,7,0.153073,0.235629,0.186095,BALANCED,0.311657,0.0304993358,0.0304993358,5.5216,3.2427,true,true,"[17, 17, 17, 17, 12, 17, 12]","[19, 19, 19, 19, 11, 19, 11]"
747,1378827900,7,0.134648,0.193071,0.158018,BALANCED,0.294811,0.0305572898,0.0305572898,4.9536,4.9227,true,true,"[17, 10, 17, 17, 17, 10, 17]","[16, 14, 16, 16, 16, 14, 16]"
748,1378828200,7,0.115133,0.141171,0.125548,BALANCED,0.275329,0.0293070532,0.0293070532,5.1973,3.5268,true,true,"[16, 16, 16, 16, 14, 16, 14]","[16, 16, 16, 16, 14, 16, 14]"
749,1378828500,7,0.111558,0.124614,0.116780,BALANCED,0.270068,0.0292897784,0.0292897784,7.4822,2.7071,true,true,"[18, 13, 18, 18, 18, 13, 18]","[19, 10, 19, 19, 19, 10, 19]"
750,1378828800,7,0.108285,0.143714,0.122457,BALANCED,0.273474,0.0293031539,0.0293085754,5.2978,3.0283,true,true,"[15, 18, 18, 18, 15, 15, 18]","[17, 17, 17, 17, 13, 17, 13]"
751,1378829100,7,0.105074,0.122314,0.111970,BALANCED,0.267182,0.0304877388,0.0304877388,6.4020,2.8124,true,true,"[18, 15, 18, 18, 18, 15, 18]","[19, 10, 19, 19, 19, 10, 19]"
752,1378829400,7,0.103219,0.117914,0.109097,BALANCED,0.265458,0.0305302732,0.0305302732,5.1406,2.5420,true,true,"[19, 19, 19, 19, 14, 19, 14]","[18, 18, 18, 18, 13, 18, 13]"
753,1378829700,7,0.100912,0.106886,0.103302,BALANCED,0.261981,0.0305172697,0.0305172697,7.2635,4.2060,true,true,"[17, 14, 17, 17, 17, 14, 17]","[17, 14, 17, 17, 17, 14, 17]"
754,1378830000,7,0.098119,0.158257,0.122175,BALANCED,0.273305,0.0305985325,0.0305985325,6.7623,4.1758,true,true,"[16, 16, 16, 16, 11, 16, 11]","[18, 18, 18, 18, 13, 18, 13]"
755,1378830300,7,0.096928,0.122214,0.107042,BALANCED,0.264225,0.0305537339,0.0305537339,5.2740,2.6539,true,true,"[11, 17, 17, 17, 17, 17, 11]","[12, 19, 19, 19, 19, 19, 12]"
756,1378830600,7,0.092451,0.117071,0.102299,BALANCED,0.261380,0.0304793698,0.0304897058,4.8849,2.6135,true,true,"[14, 14, 18, 18, 14, 18, 18]","[18, 18, 18, 18, 13, 18, 13]"
757,1378830900,7,0.087504,0.115943,0.098880,EXPLOITATION,0.259328,0.0305096778,0.0305096778,5.0535,2.5126,true,true,"[11, 11, 17, 17, 11, 17, 17]","[13, 13, 16, 16, 13, 16, 16]"
758,1378831200,7,0.082493,0.103843,0.091033,EXPLOITATION,0.254620,0.0305579738,0.0305675014,4.8194,4.1160,true,true,"[10, 16, 16, 16, 16, 16, 10]","[14, 14, 17, 17, 14, 17, 17]"
759,1378831500,7,0.080990,0.107529,0.091605,EXPLOITATION,0.254963,0.0306216152,0.0306216152,4.8815,2.4079,true,true,"[18, 18, 18, 18, 11, 18, 11]","[18, 18, 18, 18, 11, 18, 11]"
760,1378831800,7,0.076141,0.141771,0.102393,BALANCED,0.261436,0.0305070609,0.0305070609,4.3914,4.5304,true,true,"[19, 12, 19, 19, 19, 12, 19]","[19, 12, 19, 19, 19, 12, 19]"
761,1378832100,7,0.072801,0.101629,0.084332,EXPLOITATION,0.250599,0.0304927561,0.0304970448,4.6653,2.1082,true,true,"[10, 17, 17, 17, 10, 10, 17]","[10, 19, 19, 19, 19, 19, 10]"
762,1378832400,7,0.056961,0.131543,0.086794,EXPLOITATION,0.252076,0.0304790214,0.0304936936,6.0413,4.0583,true,true,"[15, 15, 19, 19, 15, 19, 19]","[14, 19, 19, 19, 14, 14, 19]"
763,1378832700,7,0.057038,0.183629,0.107674,BALANCED,0.264604,0.0303985343,0.0303969147,6.1518,3.5571,true,true,"[12, 19, 19, 19, 19, 19, 12]","[11, 11, 18, 18, 11, 18, 18]"
764,1378833000,7,0.056237,0.184786,0.107657,BALANCED,0.264594,0.0293348547,0.0293416699,7.9203,2.7417,true,true,"[19, 15, 19, 19, 19, 15, 19]","[16, 16, 16, 16, 13, 16, 13]"
765,1378833300,7,0.055922,0.158457,0.096936,EXPLOITATION,0.258162,0.0305427109,0.0305427109,5.0707,2.4479,true,true,"[16, 15, 16, 16, 16, 15, 16]","[17, 13, 17, 17, 17, 13, 17]"
766,1378833600,7,0.056136,0.130671,0.085950,EXPLOITATION,0.251570,0.0305144514,0.0305144514,6.6307,2.2440,true,true,"[19, 11, 19, 19, 19, 11, 19]","[17, 15, 17, 17, 17, 15, 17]"
767,1378833900,7,0.054599,0.133229,0.086051,EXPLOITATION,0.251631,0.0305287718,0.0305287718,4.8156,2.5012,true,true,"[18, 15, 18, 18, 18, 15, 18]","[19, 15, 19, 19, 19, 15, 19]"
768,1378834200,7,0.055537,0.140586,0.089557,EXPLOITATION,0.253734,0.0292985539,0.0292985539,7.5216,2.3448,true,true,"[18, 18, 18, 18, 15, 18, 15]","[19, 19, 19, 19, 15, 19, 15]"
769,1378834500,7,0.052225,0.129257,0.083038,EXPLOITATION,0.249823,0.0293187559,0.0293187559,4.8482,2.0923,true,true,"[18, 11, 18, 18, 18, 11, 18]","[18, 15, 18, 18, 18, 15, 18]"
770,1378834800,7,0.062565,0.150171,0.097608,EXPLOITATION,0.258565,0.0305725704,0.0305725704,5.8008,2.5211,true,true,"[18, 18, 18, 18, 13, 18, 13]","[17, 17, 17, 17, 14, 17, 14]"
771,1378835100,7,0.066886,0.173829,0.109663,BALANCED,0.265798,0.0305501122,0.0305501122,5.7449,4.1290,true,true,"[18, 11, 18, 18, 18, 11, 18]","[18, 11, 18, 18, 18, 11, 18]"
772,1378835400,7,0.069083,0.195643,0.119707,BALANCED,0.271824,0.0305122850,0.0305122850,5.7386,2.7074,true,true,"[17, 14, 17, 17, 17, 14, 17]","[18, 14, 18, 18, 18, 14, 18]"
773,1378835700,7,0.069483,0.171871,0.110438,BALANCED,0.266263,0.0304588437,0.0304588437,4.8218,3.3814,true,true,"[19, 13, 19, 19, 19, 13, 19]","[16, 15, 16, 16, 16, 15, 16]"
774,1378836000,7,0.070678,0.155929,0.104778,BALANCED,0.262867,0.0304794972,0.0304794972,4.8570,2.4959,true,true,"[17, 12, 17, 17, 17, 12, 17]","[18, 14, 18, 18, 18, 14, 18]"
775,1378836300,7,0.071325,0.139443,0.098572,EXPLOITATION,0.259143,0.0305116806,0.0305043642,4.4509,2.2496,true,true,"[16, 16, 16, 16, 15, 16, 15]","[18, 11, 18, 18, 18, 11, 18]"
776,1378836600,7,0.071704,0.097729,0.082114,EXPLOITATION,0.249268,0.0305329268,0.0305329268,7.6598,2.2621,true,true,"[14, 19, 19, 19, 19, 19, 14]","[14, 18, 18, 18, 18, 18, 14]"
777,1378836900,7,0.072288,0.085614,0.077618,EXPLOITATION,0.246571,0.0304898794,0.0305028996,5.4731,2.4811,true,true,"[12, 19, 19, 19, 12, 12, 19]","[17, 14, 17, 17, 17, 14, 17]"
778,1378837200,7,0.072853,0.099757,0.083615,EXPLOITATION,0.250169,0.0305553086,0.0305677843,5.2319,2.2354,true,true,"[15, 19, 19, 19, 19, 19, 15]","[10, 19, 10, 19, 19, 19, 19]"
779,1378837500,7,0.069101,0.090729,0.077752,EXPLOITATION,0.246651,0.0304573727,0.0304573727,4.9708,2.0581,true,true,"[10, 17, 17, 17, 17, 17, 10]","[14, 19, 19, 19, 19, 19, 14]"
780,1378837800,7,0.069712,0.089486,0.077622,EXPLOITATION,0.246573,0.0305034410,0.0305059179,7.0910,2.2380,true,true,"[14, 19, 19, 19, 14, 14, 19]","[17, 15, 17, 17, 17, 15, 17]"
781,1378838100,7,0.069776,0.091243,0.078363,EXPLOITATION,0.247018,0.0305149513,0.0305149513,7.2648,3.6681,true,true,"[19, 13, 19, 19, 19, 13, 19]","[19, 10, 19, 19, 19, 10, 19]"
782,1378838400,7,0.069095,0.087800,0.076577,EXPLOITATION,0.245946,0.0304910793,0.0304910793,5.2661,2.1104,true,true,"[10, 19, 19, 19, 19, 19, 10]","[12, 17, 17, 17, 17, 17, 12]"
783,1378838700,7,0.068484,0.108271,0.084399,EXPLOITATION,0.250639,0.0292107892,0.0292124875,4.6694,3.2054,true,true,"[18, 18, 18, 11, 18, 18, 18]","[18, 18, 15, 18, 15, 18, 18]"
784,1378839000,7,0.068585,0.124229,0.090842,EXPLOITATION,0.254505,0.0303767195,0.0303779360,5.9660,2.6644,true,true,"[18, 18, 13, 18, 13, 18, 18]","[18, 18, 18, 18, 13, 18, 13]"
785,1378839300,7,0.067937,0.096171,0.079231,EXPLOITATION,0.247538,0.0303431194,0.0303431194,6.5132,3.2935,true,true,"[19, 19, 10, 19, 10, 19, 19]","[19, 19, 15, 19, 15, 19, 19]"
786,1378839600,7,0.067836,0.140543,0.096919,EXPLOITATION,0.258151,0.0303531971,0.0303531971,4.6531,2.2734,true,true,"[18, 18, 14, 18, 14, 18, 18]","[19, 19, 10, 19, 10, 19, 19]"
787,1378839900,7,0.068719,0.103243,0.082529,EXPLOITATION,0.249517,0.0303760765,0.0303760765,7.0106,3.6832,true,true,"[19, 19, 12, 19, 12, 19, 19]","[19, 19, 12, 19, 12, 19, 19]"
788,1378840200,7,0.075802,0.097529,0.084492,EXPLOITATION,0.250695,0.0304568113,0.0304642656,4.6297,2.3471,true,true,"[16, 15, 16, 16, 16, 15, 16]","[18, 18, 11, 18, 11, 18, 18]"
789,1378840500,7,0.088950,0.106657,0.096033,EXPLOITATION,0.257620,0.0292117213,0.0292117213,4.3777,3.7231,true,true,"[18, 18, 18, 14, 18, 18, 18]","[18, 18, 18, 14, 18, 18, 18]"
790,1378840800,7,0.092983,0.100657,0.096053,EXPLOITATION,0.257632,0.0303985850,0.0303985850,4.3298,2.3884,true,true,"[18, 18, 13, 18, 13, 18, 18]","[18, 18, 13, 18, 13, 18, 18]"
791,1378841100,7,0.093111,0.107886,0.099021,EXPLOITATION,0.259413,0.0303299520,0.0303299520,4.5765,2.7404,true,true,"[19, 19, 11, 19, 11, 19, 19]","[18, 18, 15, 18, 15, 18, 18]"
792,1378841400,7,0.093625,0.103957,0.097758,EXPLOITATION,0.258655,0.0303495751,0.0303495751,5.1128,2.2723,true,true,"[19, 19, 14, 19, 14, 19, 19]","[19, 19, 14, 19, 14, 19, 19]"
793,1378841700,7,0.096216,0.152114,0.118575,BALANCED,0.271145,0.0302060130,0.0302060130,4.8100,2.6279,true,true,"[15, 17, 15, 17, 17, 17, 17]","[13, 18, 13, 18, 18, 18, 18]"
794,1378842000,7,0.092124,0.143714,0.112760,BALANCED,0.267656,0.0304212744,0.0304212744,5.7049,2.2781,true,true,"[18, 10, 18, 18, 18, 10, 18]","[16, 14, 16, 16, 16, 14, 16]"
795,1378842300,7,0.091895,0.172871,0.124286,BALANCED,0.274571,0.0292042157,0.0292042157,4.3823,2.3845,true,true,"[18, 18, 18, 15, 18, 18, 18]","[19, 19, 19, 15, 19, 19, 19]"
796,1378842600,7,0.093240,0.188786,0.131458,BALANCED,0.278875,0.0304031762,0.0304119646,6.5735,2.3464,true,true,"[18, 12, 18, 18, 18, 12, 18]","[18, 18, 18, 18, 10, 18, 10]"
797,1378842900,7,0.093050,0.169186,0.123504,BALANCED,0.274103,0.0303647630,0.0303647630,4.5453,3.1394,true,true,"[16, 16, 12, 16, 12, 16, 16]","[17, 17, 10, 17, 10, 17, 17]"
798,1378843200,7,0.093952,0.163029,0.121582,BALANCED,0.272949,0.0303425573,0.0303425573,8.6003,2.5850,true,true,"[18, 18, 15, 18, 15, 18, 18]","[18, 18, 15, 18, 15, 18, 18]"
799,1378843500,7,0.094535,0.169657,0.124584,BALANCED,0.274750,0.0304548055,0.0304391138,4.4609,2.5708,true,true,"[19, 19, 19, 19, 15, 19, 15]","[16, 14, 16, 16, 16, 14, 16]"
800,1378843800,7,0.094049,0.167700,0.123510,BALANCED,0.274106,0.0304849285,0.0304679355,5.3839,2.4002,true,true,"[18, 18, 15, 18, 15, 18, 18]","[18, 13, 18, 18, 18, 13, 18]"
801,1378844100,7,0.093774,0.162914,0.121430,BALANCED,0.272858,0.0303779462,0.0303779462,4.6618,3.5754,true,true,"[18, 18, 12, 18, 12, 18, 18]","[19, 19, 14, 19, 14, 19, 19]"
802,1378844400,7,0.093338,0.119786,0.103917,BALANCED,0.262350,0.0304303825,0.0304303825,5.9328,2.3664,true,true,"[17, 12, 17, 17, 17, 12, 17]","[19, 10, 19, 19, 19, 10, 19]"
803,1378844700,7,0.091984,0.147157,0.114053,BALANCED,0.268432,0.0303803427,0.0303803427,4.4181,2.6087,true,true,"[18, 13, 18, 18, 18, 13, 18]","[19, 12, 19, 19, 19, 12, 19]"
804,1378845000,7,0.091461,0.148114,0.114123,BALANCED,0.268474,0.0303244451,0.0303244451,5.8853,2.5796,true,true,"[19, 19, 12, 19, 12, 19, 19]","[19, 19, 12, 19, 12, 19, 19]"
805,1378845300,7,0.090572,0.113143,0.099600,EXPLOITATION,0.259760,0.0303720228,0.0303720228,4.3081,2.5946,true,true,"[17, 17, 15, 17, 15, 17, 17]","[19, 19, 13, 19, 13, 19, 19]"
806,1378845600,7,0.087987,0.115114,0.098838,EXPLOITATION,0.259303,0.0303816391,0.0303816391,6.0635,2.3564,true,true,"[19, 19, 15, 19, 15, 19, 19]","[19, 19, 15, 19, 15, 19, 19]"
807,1378845900,7,0.085329,0.131271,0.103706,BALANCED,0.262224,0.0292029179,0.0292029179,4.9078,2.4797,true,true,"[18, 18, 18, 15, 18, 18, 18]","[18, 18, 18, 13, 18, 18, 18]"
808,1378846200,7,0.082533,0.129171,0.101188,BALANCED,0.260713,0.0303265403,0.0303265403,5.5857,2.9832,true,true,"[16, 16, 14, 16, 14, 16, 16]","[16, 16, 14, 16, 14, 16, 16]"
809,1378846500,7,0.077834,0.120614,0.094946,EXPLOITATION,0.256968,0.0303648267,0.0303648267,4.8480,2.4139,true,true,"[17, 17, 10, 17, 10, 17, 17]","[19, 19, 14, 19, 14, 19, 19]"
810,1378846800,7,0.072340,0.106614,0.086050,EXPLOITATION,0.251630,0.0291343884,0.0291343884,4.6480,3.5537,true,true,"[19, 19, 19, 13, 19, 19, 19]","[19, 19, 19, 13, 19, 19, 19]"
811,1378847100,7,0.067925,0.098443,0.080132,EXPLOITATION,0.248079,0.0303771061,0.0303771061,4.2347,3.0827,true,true,"[18, 18, 10, 18, 10, 18, 18]","[18, 18, 10, 18, 10, 18, 18]"
812,1378847400,7,0.064411,0.091671,0.075315,EXPLOITATION,0.245189,0.0303780948,0.0303780948,4.4394,3.1803,true,true,"[18, 18, 15, 18, 15, 18, 18]","[16, 16, 14, 16, 14, 16, 16]"
813,1378847700,7,0.051247,0.097914,0.069914,EXPLOITATION,0.241949,0.0303609911,0.0303609911,4.4643,2.0670,true,true,"[18, 18, 13, 18, 13, 18, 18]","[18, 18, 15, 18, 15, 18, 18]"
814,1378848000,7,0.101154,0.182814,0.133818,BALANCED,0.280291,0.0305695501,0.0305695501,4.5961,2.3161,true,true,"[13, 13, 17, 17, 13, 17, 17]","[14, 14, 18, 18, 14, 18, 18]"
815,1378848300,7,0.101120,0.157600,0.123712,BALANCED,0.274227,0.0292654577,0.0292654577,7.2293,2.4095,true,true,"[12, 17, 17, 17, 17, 17, 12]","[11, 17, 17, 17, 17, 17, 11]"
816,1378848600,7,0.114528,0.175186,0.138791,BALANCED,0.283275,0.0305386868,0.0305592375,4.4812,2.5153,true,true,"[11, 17, 17, 17, 11, 11, 17]","[16, 13, 16, 16, 16, 13, 16]"
817,1378848900,7,0.114323,0.142657,0.125657,BALANCED,0.275394,0.0291827330,0.0291827330,5.8924,2.3817,true,true,"[16, 16, 16, 14, 16, 16, 16]","[16, 16, 16, 14, 16, 16, 16]"
818,1378849200,7,0.114665,0.137214,0.123685,BALANCED,0.274211,0.0292156393,0.0292156393,4.4923,2.8948,true,true,"[17, 17, 17, 13, 17, 17, 17]","[17, 17, 17, 15, 17, 17, 17]"
819,1378849500,7,0.117479,0.186429,0.145059,BALANCED,0.287035,0.0303952843,0.0303952843,5.6863,2.5997,true,true,"[16, 16, 12, 16, 12, 16, 16]","[16, 16, 12, 16, 12, 16, 16]"
820,1378849800,7,0.117843,0.187457,0.145689,BALANCED,0.287413,0.0291191774,0.0291191774,4.3617,2.3528,true,true,"[19, 19, 19, 15, 19, 19, 19]","[17, 17, 17, 13, 17, 17, 17]"
821,1378850100,7,0.117736,0.175900,0.141002,BALANCED,0.284601,0.0303603695,0.0303603695,5.6983,2.4147,true,true,"[19, 19, 10, 19, 10, 19, 19]","[19, 19, 10, 19, 10, 19, 19]"
822,1378850400,7,0.117583,0.209629,0.154401,BALANCED,0.292641,0.0303953158,0.0303953158,4.4120,2.6545,true,true,"[16, 16, 14, 16, 14, 16, 16]","[18, 18, 15, 18, 15, 18, 18]"
823,1378850700,7,0.117333,0.175129,0.140451,BALANCED,0.284271,0.0303742099,0.0303742099,4.9280,4.7740,true,true,"[18, 18, 13, 18, 13, 18, 18]","[16, 16, 12, 16, 12, 16, 16]"
824,1378851000,7,0.120578,0.169871,0.140295,BALANCED,0.284177,0.0306105084,0.0306105084,5.4257,3.3150,true,true,"[18, 10, 18, 18, 18, 10, 18]","[18, 13, 18, 18, 18, 13, 18]"
825,1378851300,7,0.120636,0.164100,0.138021,BALANCED,0.282813,0.0305092952,0.0305336550,6.3707,2.5718,true,true,"[14, 17, 17, 17, 17, 17, 14]","[18, 18, 18, 18, 14, 18, 14]"
826,1378851600,7,0.120333,0.171871,0.140948,BALANCED,0.284569,0.0305228868,0.0305228868,4.6923,2.3326,true,true,"[11, 17, 17, 17, 17, 17, 11]","[13, 19, 19, 19, 19, 19, 13]"
827,1378851900,7,0.124321,0.164586,0.140427,BALANCED,0.284256,0.0306087726,0.0306842980,5.3089,2.3221,true,true,"[11, 18, 18, 18, 18, 18, 11]","[17, 17, 15, 17, 15, 17, 17]"
828,1378852200,7,0.150525,0.195271,0.168424,BALANCED,0.301054,0.0306047473,0.0306184039,4.2979,2.4663,true,true,"[14, 18, 18, 18, 18, 18, 14]","[12, 19, 19, 19, 12, 12, 19]"
829,1378852500,7,0.150510,0.160614,0.154552,BALANCED,0.292731,0.0305101269,0.0305108134,5.3964,2.9951,true,true,"[11, 19, 19, 19, 11, 11, 19]","[12, 17, 17, 17, 17, 17, 12]"
830,1378852800,7,0.155588,0.153743,0.154850,BALANCED,0.292910,0.0293048746,0.0293048746,4.5695,2.4865,true,true,"[12, 17, 17, 17, 12, 12, 17]","[12, 17, 17, 17, 12, 12, 17]"
831,1378853100,7,0.155377,0.162829,0.158358,BALANCED,0.295015,0.0305031411,0.0305031411,4.4651,3.3699,true,true,"[13, 19, 19, 19, 13, 13, 19]","[13, 19, 19, 19, 13, 13, 19]"
832,1378853400,7,0.155206,0.157986,0.156318,BALANCED,0.293791,0.0304837721,0.0304837721,4.3845,2.5914,true,true,"[13, 18, 18, 18, 18, 18, 13]","[13, 18, 18, 18, 18, 18, 13]"
833,1378853700,7,0.155203,0.152186,0.153996,BALANCED,0.292398,0.0304597060,0.0304628272,4.4642,2.8042,true,true,"[15, 18, 18, 18, 15, 15, 18]","[12, 17, 17, 17, 17, 17, 12]"
834,1378854000,7,0.155426,0.152057,0.154078,BALANCED,0.292447,0.0304058806,0.0304058806,7.5591,2.8191,true,true,"[11, 19, 19, 19, 11, 11, 19]","[11, 19, 19, 19, 11, 11, 19]"
835,1378854300,7,0.155469,0.142629,0.150333,BALANCED,0.290200,0.0304758809,0.0304758809,7.6183,3.7901,true,true,"[15, 18, 18, 18, 18, 18, 15]","[15, 18, 18, 18, 18, 18, 15]"
836,1378854600,7,0.155796,0.142286,0.150392,BALANCED,0.290235,0.0304651954,0.0304670085,4.8774,2.5719,true,true,"[13, 18, 18, 18, 13, 13, 18]","[14, 19, 19, 19, 19, 19, 14]"
837,1378854900,7,0.155845,0.143300,0.150827,BALANCED,0.290496,0.0304643210,0.0304643210,4.4577,3.1324,true,true,"[15, 17, 17, 17, 15, 15, 17]","[12, 19, 19, 19, 12, 12, 19]"
838,1378855200,7,0.137246,0.187643,0.157404,BALANCED,0.294443,0.0304606244,0.0304606244,5.3999,2.4451,true,true,"[12, 17, 17, 17, 17, 17, 12]","[12, 19, 19, 19, 19, 19, 12]"
839,1378855500,7,0.137563,0.242400,0.179498,BALANCED,0.307699,0.0304292149,0.0304292149,4.9225,3.5412,true,true,"[19, 19, 13, 19, 13, 19, 19]","[18, 18, 12, 18, 12, 18, 18]"
840,1378855800,7,0.126933,0.227529,0.167171,BALANCED,0.300303,0.0304530790,0.0304530790,4.5412,2.5399,true,true,"[17, 17, 11, 17, 11, 17, 17]","[17, 17, 10, 17, 10, 17, 17]"
841,1378856100,7,0.124327,0.162514,0.139602,BALANCED,0.283761,0.0304245745,0.0304490387,4.4042,3.9614,true,true,"[10, 19, 10, 19, 19, 19, 19]","[17, 17, 15, 17, 15, 17, 17]"
842,1378856400,7,0.126603,0.161971,0.140750,BALANCED,0.284450,0.0302011071,0.0302483865,4.5855,2.4152,true,true,"[13, 18, 13, 18, 18, 18, 18]","[14, 14, 17, 17, 14, 17, 17]"
843,1378856700,7,0.120339,0.170614,0.140449,BALANCED,0.284270,0.0304792503,0.0304792503,4.4296,3.7146,true,true,"[17, 17, 14, 17, 14, 17, 17]","[18, 18, 14, 18, 14, 18, 18]"
844,1378857000,7,0.122179,0.181986,0.146102,BALANCED,0.287661,0.0291412084,0.0291412084,4.7419,2.6144,true,true,"[17, 17, 12, 17, 12, 17, 17]","[18, 18, 15, 18, 15, 18, 18]"
845,1378857300,7,0.122402,0.173786,0.142955,BALANCED,0.285773,0.0291398440,0.0291426679,4.5220,2.5117,true,true,"[19, 19, 13, 19, 13, 19, 19]","[19, 19, 19, 19, 11, 19, 11]"
846,1378857600,7,0.145722,0.211214,0.171919,BALANCED,0.303151,0.0304295420,0.0304295420,6.2352,2.4557,true,true,"[18, 18, 11, 18, 11, 18, 18]","[17, 17, 12, 17, 12, 17, 17]"
847,1378857900,7,0.145709,0.194229,0.165117,BALANCED,0.299070,0.0304624179,0.0304806712,4.8983,3.3835,true,true,"[13, 18, 13, 18, 18, 18, 18]","[17, 17, 11, 17, 11, 17, 17]"
848,1378858200,7,0.144438,0.197529,0.165674,BALANCED,0.299405,0.0304725404,0.0304902411,5.2342,2.5980,true,true,"[12, 19, 12, 19, 19, 19, 19]","[19, 19, 14, 19, 14, 19, 19]"
849,1378858500,7,0.147509,0.191000,0.164905,BALANCED,0.298943,0.0304298765,0.0304298765,4.2496,2.6874,true,true,"[11, 19, 11, 19, 19, 19, 19]","[12, 19, 12, 19, 19, 19, 19]"
850,1378858800,7,0.147815,0.206957,0.171472,BALANCED,0.302883,0.0304387525,0.0304880392,6.7591,2.7714,true,true,"[12, 19, 12, 19, 19, 19, 19]","[19, 19, 15, 19, 15, 19, 19]"
851,1378859100,7,0.369195,0.243229,0.318808,EXPLORATION,0.391285,0.0308958351,0.0308901649,5.5837,3.3019,true,true,"[10, 18, 18, 18, 18, 18, 10]","[13, 19, 19, 19, 13, 13, 19]"
852,1378859400,7,0.486982,0.244414,0.389955,EXPLORATION,0.433973,0.0309138814,0.0309148610,5.8914,5.1731,true,true,"[12, 12, 18, 18, 12, 18, 18]","[10, 16, 16, 16, 16, 16, 10]"
853,1378859700,7,0.563954,0.222986,0.427567,EXPLORATION,0.456540,0.0308020771,0.0308020771,4.4304,4.7691,true,true,"[18, 18, 18, 18, 14, 18, 14]","[17, 17, 17, 17, 12, 17, 12]"
854,1378860000,7,0.564715,0.210957,0.423212,EXPLORATION,0.453927,0.0305258287,0.0305098667,4.3461,3.9828,true,true,"[13, 16, 13, 16, 16, 16, 16]","[10, 19, 19, 19, 10, 10, 19]"
855,1378860300,7,0.579959,0.230171,0.440044,EXPLORATION,0.464027,0.0305319763,0.0305334497,6.5248,4.7203,true,true,"[10, 16, 10, 16, 16, 16, 16]","[10, 18, 18, 18, 18, 18, 10]"
856,1378860600,7,0.591121,0.258386,0.458027,EXPLORATION,0.474816,0.0304694986,0.0304696306,4.4908,4.0126,true,true,"[10, 10, 19, 19, 10, 19, 19]","[11, 19, 19, 19, 11, 11, 19]"
857,1378860900,7,0.592903,0.223029,0.444953,EXPLORATION,0.466972,0.0304155548,0.0304155548,5.9266,3.9843,true,true,"[19, 19, 15, 19, 15, 19, 19]","[19, 19, 13, 19, 13, 19, 19]"
858,1378861200,7,0.592732,0.220929,0.444010,EXPLORATION,0.466406,0.0304422908,0.0304418066,4.1895,5.7488,true,true,"[13, 18, 18, 18, 18, 18, 13]","[12, 19, 19, 19, 12, 12, 19]"
859,1378861500,7,0.592683,0.260900,0.459970,EXPLORATION,0.475982,0.0304795467,0.0304795467,4.4055,4.0564,true,true,"[17, 17, 17, 17, 10, 17, 10]","[17, 17, 17, 17, 14, 17, 14]"
860,1378861800,7,0.592154,0.227386,0.446247,EXPLORATION,0.467748,0.0303692629,0.0303692629,4.4773,4.8956,true,true,"[18, 18, 18, 18, 14, 18, 14]","[19, 19, 19, 19, 13, 19, 13]"
861,1378862100,7,0.591570,0.203743,0.436439,EXPLORATION,0.461864,0.0303688376,0.0303688376,4.3352,4.0173,true,true,"[17, 17, 11, 17, 11, 17, 17]","[19, 19, 11, 19, 11, 19, 19]"
862,1378862400,7,0.591402,0.220114,0.442887,EXPLORATION,0.465732,0.0303329651,0.0303329651,5.7589,4.6184,true,true,"[18, 18, 18, 18, 10, 18, 10]","[19, 19, 19, 19, 10, 19, 10]"
863,1378862700,7,0.590828,0.232229,0.447388,EXPLORATION,0.468433,0.0303438816,0.0303438816,5.3030,4.2044,true,true,"[19, 19, 10, 19, 10, 19, 19]","[19, 19, 10, 19, 10, 19, 19]"
864,1378863000,7,0.590706,0.236714,0.449109,EXPLORATION,0.469465,0.0303845450,0.0303845450,5.7187,3.9419,true,true,"[18, 18, 15, 18, 15, 18, 18]","[18, 18, 15, 18, 15, 18, 18]"
865,1378863300,7,0.590556,0.202500,0.435334,EXPLORATION,0.461200,0.0303664070,0.0303664070,5.6859,5.3295,true,true,"[18, 18, 10, 18, 10, 18, 18]","[18, 18, 10, 18, 10, 18, 18]"
866,1378863600,7,0.587751,0.215357,0.438793,EXPLORATION,0.463276,0.0303894021,0.0303894021,4.8557,3.9585,true,true,"[18, 18, 13, 18, 13, 18, 18]","[18, 18, 13, 18, 13, 18, 18]"
867,1378863900,7,0.591240,0.216571,0.441373,EXPLORATION,0.464824,0.0304039342,0.0304039342,5.1609,4.1240,true,true,"[19, 19, 10, 19, 10, 19, 19]","[19, 19, 10, 19, 10, 19, 19]"
868,1378864200,7,0.589972,0.215657,0.440246,EXPLORATION,0.464148,0.0303721452,0.0303721452,4.4525,4.7985,true,true,"[16, 16, 15, 16, 15, 16, 16]","[19, 19, 10, 19, 10, 19, 19]"
869,1378864500,7,0.588090,0.208986,0.436448,EXPLORATION,0.461869,0.0303549400,0.0303549400,5.4499,3.8740,true,true,"[16, 16, 14, 16, 14, 16, 16]","[17, 17, 14, 17, 14, 17, 17]"
870,1378864800,7,0.574200,0.208657,0.427983,EXPLORATION,0.456790,0.0291837422,0.0291837422,4.2213,4.6654,true,true,"[18, 18, 15, 18, 15, 18, 18]","[18, 18, 15, 18, 15, 18, 18]"
871,1378865100,7,0.574056,0.216257,0.430937,EXPLORATION,0.458562,0.0303695921,0.0303695921,5.5874,3.9310,true,true,"[19, 19, 19, 19, 13, 19, 13]","[18, 18, 18, 18, 14, 18, 14]"
872,1378865400,7,0.574151,0.208529,0.427902,EXPLORATION,0.456741,0.0303408053,0.0303408053,4.3035,5.1660,true,true,"[17, 17, 13, 17, 13, 17, 17]","[16, 16, 13, 16, 13, 16, 16]"
873,1378865700,7,0.575373,0.208386,0.428578,EXPLORATION,0.457147,0.0303659959,0.0303659959,4.3203,4.2786,true,true,"[19, 10, 19, 19, 19, 10, 19]","[19, 13, 19, 19, 19, 13, 19]"
874,1378866000,7,0.576843,0.199414,0.425871,EXPLORATION,0.455523,0.0292075375,0.0292075375,4.2645,4.9411,true,true,"[16, 16, 16, 14, 16, 16, 16]","[16, 16, 16, 14, 16, 16, 16]"
875,1378866300,7,0.501811,0.197229,0.379978,EXPLORATION,0.427987,0.0303308021,0.0303308021,4.6837,4.5332,true,true,"[17, 17, 10, 17, 10, 17, 17]","[18, 18, 14, 18, 14, 18, 18]"
876,1378866600,7,0.380619,0.199257,0.308074,EXPLORATION,0.384845,0.0303741862,0.0303741862,4.8343,3.7345,true,true,"[17, 17, 14, 17, 14, 17, 17]","[19, 19, 14, 19, 14, 19, 19]"
877,1378866900,7,0.096097,0.119271,0.105367,BALANCED,0.263220,0.0291543920,0.0291543920,5.2520,2.3471,true,true,"[17, 17, 13, 17, 13, 17, 17]","[17, 17, 14, 17, 14, 17, 17]"
878,1378867200,7,0.092152,0.110514,0.099497,EXPLOITATION,0.259698,0.0303466675,0.0303466675,6.1081,2.5148,true,true,"[19, 19, 12, 19, 12, 19, 19]","[18, 18, 13, 18, 13, 18, 18]"
879,1378867500,7,0.082441,0.106486,0.092059,EXPLOITATION,0.255235,0.0303934927,0.0303934927,4.1212,2.3402,true,true,"[18, 18, 13, 18, 13, 18, 18]","[19, 19, 15, 19, 15, 19, 19]"
880,1378867800,7,0.066843,0.104214,0.081791,EXPLOITATION,0.249075,0.0303526862,0.0303526862,4.2811,2.4040,true,true,"[19, 19, 14, 19, 14, 19, 19]","[19, 19, 15, 19, 15, 19, 19]"
881,1378868100,7,0.060671,0.102343,0.077340,EXPLOITATION,0.246404,0.0303575145,0.0303575145,5.2746,1.9511,true,true,"[16, 16, 10, 16, 10, 16, 16]","[16, 16, 10, 16, 10, 16, 16]"
882,1378868400,7,0.064240,0.101371,0.079092,EXPLOITATION,0.247455,0.0304293709,0.0307782072,4.9016,1.8718,true,true,"[19, 14, 19, 19, 19, 14, 19]","[18, 18, 18, 14, 18, 18, 18]"
883,1378868700,7,0.064344,0.097400,0.077566,EXPLOITATION,0.246540,0.0303881256,0.0303881256,6.2827,2.0912,true,true,"[17, 17, 11, 17, 11, 17, 17]","[19, 19, 12, 19, 12, 19, 19]"
884,1378869000,7,0.064472,0.089229,0.074375,EXPLOITATION,0.244625,0.0303726301,0.0303726301,4.1741,1.9921,true,true,"[19, 19, 19, 19, 10, 19, 10]","[17, 17, 17, 17, 12, 17, 12]"
885,1378869300,7,0.064542,0.077586,0.069760,EXPLOITATION,0.241856,0.0303410234,0.0303417036,6.1737,2.0658,true,true,"[19, 19, 12, 19, 12, 19, 19]","[19, 19, 19, 19, 14, 19, 14]"
886,1378869600,7,0.064252,0.081000,0.070951,EXPLOITATION,0.242571,0.0303643837,0.0303643837,4.6669,2.5835,true,true,"[18, 18, 12, 18, 12, 18, 18]","[19, 19, 14, 19, 14, 19, 19]"
887,1378869900,7,0.064215,0.087929,0.073701,EXPLOITATION,0.244220,0.0303487990,0.0303487990,6.0414,2.7635,true,true,"[18, 18, 11, 18, 11, 18, 18]","[17, 17, 10, 17, 10, 17, 17]"
888,1378870200,7,0.064325,0.088229,0.073887,EXPLOITATION,0.244332,0.0303953922,0.0303942215,4.3881,1.9463,true,true,"[18, 18, 13, 18, 13, 18, 18]","[17, 11, 17, 17, 17, 11, 17]"
889,1378870500,7,0.064035,0.078271,0.069730,EXPLOITATION,0.241838,0.0303778873,0.0303778873,7.7912,2.0159,true,true,"[18, 18, 14, 18, 14, 18, 18]","[17, 17, 13, 17, 13, 17, 17]"
890,1378870800,7,0.064304,0.079929,0.070554,EXPLOITATION,0.242332,0.0304392595,0.0304518753,4.7304,1.9159,true,true,"[18, 13, 18, 18, 18, 13, 18]","[18, 18, 18, 18, 10, 18, 10]"
891,1378871100,7,0.070675,0.111171,0.086873,EXPLOITATION,0.252124,0.0303972109,0.0303972109,4.5703,3.3629,true,true,"[16, 16, 13, 16, 13, 16, 16]","[19, 19, 12, 19, 12, 19, 19]"
892,1378871400,7,0.067659,0.113229,0.085887,EXPLOITATION,0.251532,0.0303737101,0.0303766599,4.9520,2.3440,true,true,"[16, 12, 16, 16, 16, 12, 16]","[18, 18, 10, 18, 10, 18, 18]"
893,1378871700,7,0.068041,0.117543,0.087842,EXPLOITATION,0.252705,0.0304869726,0.0304611481,4.2856,3.4301,true,true,"[18, 18, 18, 18, 12, 18, 12]","[18, 10, 18, 18, 18, 10, 18]"
894,1378872000,7,0.068310,0.113700,0.086466,EXPLOITATION,0.251879,0.0291760943,0.0291760943,4.8471,2.2404,true,true,"[16, 16, 16, 10, 16, 16, 16]","[16, 16, 16, 10, 16, 16, 16]"
895,1378872300,7,0.069559,0.111771,0.086444,EXPLOITATION,0.251866,0.0303919981,0.0303919981,4.5293,2.5859,true,true,"[16, 16, 13, 16, 13, 16, 16]","[16, 16, 13, 16, 13, 16, 16]"
896,1378872600,7,0.069446,0.096371,0.080216,EXPLOITATION,0.248130,0.0303984340,0.0304053681,4.7559,2.0338,true,true,"[18, 14, 18, 18, 18, 14, 18]","[17, 17, 17, 17, 12, 17, 12]"
897,1378872900,7,0.069458,0.098371,0.081024,EXPLOITATION,0.248614,0.0303511441,0.0303511441,4.2820,2.0089,true,true,"[18, 18, 15, 18, 15, 18, 18]","[17, 17, 14, 17, 14, 17, 17]"
898,1378873200,7,0.065447,0.095300,0.077388,EXPLOITATION,0.246433,0.0303837892,0.0303837892,6.6909,2.7162,true,true,"[18, 10, 18, 18, 18, 10, 18]","[19, 12, 19, 19, 19, 12, 19]"
899,1378873500,7,0.065355,0.143157,0.096476,EXPLOITATION,0.257885,0.0291628278,0.0291628278,4.7567,2.4039,true,true,"[19, 19, 12, 19, 12, 19, 19]","[19, 19, 13, 19, 13, 19, 19]"
900,1378873800,7,0.064894,0.140029,0.094948,EXPLOITATION,0.256969,0.0291479477,0.0291479477,6.6880,3.2444,true,true,"[18, 18, 15, 18, 15, 18, 18]","[16, 16, 12, 16, 12, 16, 16]"
901,1378874100,7,0.062535,0.105657,0.079784,EXPLOITATION,0.247870,0.0303792833,0.0303792833,4.9354,2.2140,true,true,"[16, 16, 13, 16, 13, 16, 16]","[16, 16, 13, 16, 13, 16, 16]"
902,1378874400,7,0.063189,0.120814,0.086239,EXPLOITATION,0.251743,0.0291715091,0.0291715091,6.5761,2.5318,true,true,"[18, 18, 12, 18, 12, 18, 18]","[17, 17, 10, 17, 10, 17, 17]"
903,1378874700,7,0.061807,0.138714,0.092570,EXPLOITATION,0.255542,0.0303759086,0.0303759086,4.4707,2.5326,true,true,"[18, 18, 11, 18, 11, 18, 18]","[19, 19, 12, 19, 12, 19, 19]"
904,1378875000,7,0.062058,0.145243,0.095332,EXPLOITATION,0.257199,0.0303336085,0.0303336085,5.7941,2.3018,true,true,"[18, 18, 14, 18, 14, 18, 18]","[16, 16, 12, 16, 12, 16, 16]"
905,1378875300,7,0.062397,0.144714,0.095324,EXPLOITATION,0.257194,0.0303477930,0.0303477930,4.3124,2.5143,true,true,"[19, 19, 14, 19, 14, 19, 19]","[17, 17, 11, 17, 11, 17, 17]"
906,1378875600,7,0.060160,0.123757,0.085599,EXPLOITATION,0.251359,0.0303642768,0.0303642768,4.2064,3.7170,true,true,"[19, 19, 14, 19, 14, 19, 19]","[18, 18, 11, 18, 11, 18, 18]"
907,1378875900,7,0.061370,0.117271,0.083731,EXPLOITATION,0.250239,0.0303917794,0.0303917794,4.3659,2.2349,true,true,"[19, 19, 11, 19, 11, 19, 19]","[18, 18, 12, 18, 12, 18, 18]"
908,1378876200,7,0.061218,0.119629,0.084582,EXPLOITATION,0.250749,0.0304228343,0.0304292069,4.3225,2.0208,true,true,"[19, 11, 19, 19, 19, 11, 19]","[16, 16, 15, 16, 15, 16, 16]"
909,1378876500,7,0.061196,0.116514,0.083323,EXPLOITATION,0.249994,0.0303817680,0.0303817680,6.8613,2.3803,true,true,"[18, 18, 11, 18, 11, 18, 18]","[19, 19, 14, 19, 14, 19, 19]"
910,1378876800,7,0.115704,0.165743,0.135720,BALANCED,0.281432,0.0304504225,0.0304504225,4.5615,2.6116,true,true,"[18, 18, 18, 18, 10, 18, 10]","[18, 18, 18, 18, 10, 18, 10]"
911,1378877100,7,0.115673,0.121871,0.118153,BALANCED,0.270892,0.0303747972,0.0303747972,4.8299,2.5546,true,true,"[17, 17, 12, 17, 12, 17, 17]","[17, 17, 12, 17, 12, 17, 17]"
912,1378877400,7,0.115725,0.125529,0.119647,BALANCED,0.271788,0.0303885709,0.0303885709,4.4215,2.3451,true,true,"[19, 19, 12, 19, 12, 19, 19]","[16, 16, 11, 16, 11, 16, 16]"
913,1378877700,7,0.119148,0.125429,0.121660,BALANCED,0.272996,0.0291893533,0.0291914324,5.4470,2.5164,true,true,"[16, 16, 15, 16, 15, 16, 16]","[17, 17, 17, 12, 17, 17, 17]"
914,1378878000,7,0.119212,0.120629,0.119779,BALANCED,0.271867,0.0304269289,0.0304269289,4.8135,2.4767,true,true,"[18, 12, 18, 18, 18, 12, 18]","[17, 15, 17, 17, 17, 15, 17]"
915,1378878300,7,0.114488,0.136557,0.123316,BALANCED,0.273989,0.0303798480,0.0303798480,5.2211,4.2365,true,true,"[19, 19, 13, 19, 13, 19, 19]","[19, 19, 12, 19, 12, 19, 19]"
916,1378878600,7,0.114650,0.137514,0.123796,BALANCED,0.274277,0.0303594427,0.0303594427,4.5043,2.4417,true,true,"[19, 19, 13, 19, 13, 19, 19]","[18, 18, 15, 18, 15, 18, 18]"
917,1378878900,7,0.113287,0.128043,0.119189,BALANCED,0.271514,0.0291539848,0.0291539848,5.6761,2.8125,true,true,"[19, 19, 19, 19, 14, 19, 14]","[18, 18, 18, 18, 13, 18, 13]"
918,1378879200,7,0.112673,0.124543,0.117421,BALANCED,0.270453,0.0303797316,0.0303797316,4.7460,2.4395,true,true,"[18, 18, 18, 18, 15, 18, 15]","[18, 18, 18, 18, 10, 18, 10]"
919,1378879500,7,0.110387,0.128357,0.117575,BALANCED,0.270545,0.0303807241,0.0303807241,4.3330,4.7099,true,true,"[19, 19, 19, 19, 14, 19, 14]","[19, 19, 19, 19, 14, 19, 14]"
920,1378879800,7,0.110733,0.119143,0.114097,BALANCED,0.268458,0.0304280511,0.0304416840,4.6237,2.5776,true,true,"[19, 11, 19, 19, 19, 11, 19]","[18, 18, 18, 18, 10, 18, 10]"
921,1378880100,7,0.110885,0.116557,0.113154,BALANCED,0.267892,0.0303656551,0.0303632540,4.4037,3.4771,true,true,"[17, 17, 17, 17, 11, 17, 11]","[17, 15, 17, 17, 17, 15, 17]"
922,1378880400,7,0.116663,0.125657,0.120261,BALANCED,0.272157,0.0304288998,0.0304288998,4.3726,2.6320,true,true,"[18, 12, 18, 18, 18, 12, 18]","[19, 14, 19, 19, 19, 14, 19]"
923,1378880700,7,0.116859,0.123200,0.119395,BALANCED,0.271637,0.0303871468,0.0303871468,4.4837,4.0760,true,true,"[17, 17, 13, 17, 13, 17, 17]","[18, 18, 10, 18, 10, 18, 18]"
924,1378881000,7,0.116899,0.120386,0.118294,BALANCED,0.270976,0.0303742955,0.0303742955,6.3575,4.7182,true,true,"[17, 17, 17, 17, 12, 17, 12]","[19, 19, 19, 19, 10, 19, 10]"
925,1378881300,7,0.116734,0.132571,0.123069,BALANCED,0.273841,0.0303692913,0.0303692913,6.9534,2.4375,true,true,"[18, 18, 10, 18, 10, 18, 18]","[18, 18, 14, 18, 14, 18, 18]"
926,1378881600,7,0.116465,0.114243,0.115576,BALANCED,0.269346,0.0303722481,0.0303722481,4.5193,2.6518,true,true,"[16, 16, 10, 16, 10, 16, 16]","[17, 17, 10, 17, 10, 17, 17]"
927,1378881900,7,0.125965,0.140771,0.131887,BALANCED,0.279132,0.0304028655,0.0304028655,5.7239,2.6222,true,true,"[16, 16, 15, 16, 15, 16, 16]","[19, 19, 13, 19, 13, 19, 19]"
928,1378882200,7,0.179825,0.227900,0.199055,BALANCED,0.319433,0.0301870741,0.0301870741,4.5262,2.7661,true,true,"[19, 19, 14, 19, 14, 19, 19]","[16, 16, 15, 16, 15, 16, 16]"
929,1378882500,7,0.229767,0.256471,0.240449,BALANCED,0.344269,0.0302093337,0.0302093337,7.3793,3.0368,true,true,"[17, 17, 14, 17, 14, 17, 17]","[16, 16, 12, 16, 12, 16, 16]"
930,1378882800,7,0.237739,0.255257,0.244746,BALANCED,0.346848,0.0289893939,0.0289893939,4.3775,2.8715,true,true,"[18, 18, 18, 10, 18, 18, 18]","[18, 18, 18, 11, 18, 18, 18]"
931,1378883100,7,0.263439,0.290514,0.274269,EXPLORATION,0.364562,0.0302323368,0.0302320071,5.9734,3.0455,true,true,"[17, 17, 14, 17, 14, 17, 17]","[19, 19, 19, 19, 15, 19, 15]"
932,1378883400,7,0.269987,0.293700,0.279472,EXPLORATION,0.367683,0.0301875067,0.0301875067,4.4809,3.3541,true,true,"[16, 16, 13, 16, 13, 16, 16]","[16, 16, 14, 16, 14, 16, 16]"
933,1378883700,7,0.269978,0.253843,0.263524,EXPLORATION,0.358114,0.0303373968,0.0303373968,6.1160,3.8917,true,true,"[17, 17, 13, 17, 13, 17, 17]","[19, 19, 10, 19, 10, 19, 19]"
934,1378884000,7,0.228875,0.246000,0.235725,BALANCED,0.341435,0.0303215829,0.0303215829,4.4828,2.9461,true,true,"[16, 16, 15, 16, 15, 16, 16]","[18, 18, 13, 18, 13, 18, 18]"
935,1378884300,7,0.228903,0.217543,0.224359,BALANCED,0.334615,0.0303696018,0.0303696018,5.4478,2.9452,true,true,"[19, 19, 11, 19, 11, 19, 19]","[18, 18, 15, 18, 15, 18, 18]"
936,1378884600,7,0.230113,0.215114,0.224113,BALANCED,0.334468,0.0303422154,0.0303422154,4.1369,2.8310,true,true,"[18, 18, 12, 18, 12, 18, 18]","[18, 18, 12, 18, 12, 18, 18]"
937,1378884900,7,0.230281,0.208086,0.221403,BALANCED,0.332842,0.0303582872,0.0303582872,4.9333,2.9320,true,true,"[18, 18, 15, 18, 15, 18, 18]","[18, 18, 11, 18, 11, 18, 18]"
938,1378885200,7,0.230293,0.202286,0.219090,BALANCED,0.331454,0.0304123885,0.0304123885,4.3145,2.7265,true,true,"[19, 15, 19, 19, 19, 15, 19]","[16, 14, 16, 16, 16, 14, 16]"
939,1378885500,7,0.236046,0.205229,0.223719,BALANCED,0.334232,0.0291858967,0.0291858967,4.8420,3.9533,true,true,"[18, 18, 10, 18, 10, 18, 18]","[17, 17, 14, 17, 14, 17, 17]"
940,1378885800,7,0.237654,0.209643,0.226449,BALANCED,0.335870,0.0303500164,0.0303500164,4.6618,2.8127,true,true,"[19, 19, 14, 19, 14, 19, 19]","[19, 19, 14, 19, 14, 19, 19]"
941,1378886100,7,0.239142,0.207229,0.226376,BALANCED,0.335826,0.0303854765,0.0303854765,4.9094,4.0191,true,true,"[19, 19, 13, 19, 13, 19, 19]","[16, 16, 12, 16, 12, 16, 16]"
942,1378886400,7,0.239032,0.203186,0.224693,BALANCED,0.334816,0.0303596494,0.0303596494,5.6291,3.0235,true,true,"[18, 18, 14, 18, 14, 18, 18]","[18, 18, 13, 18, 13, 18, 18]"
943,1378886700,7,0.239236,0.205657,0.225805,BALANCED,0.335483,0.0303574721,0.0303574721,5.5884,2.7273,true,true,"[18, 18, 18, 18, 12, 18, 12]","[18, 18, 18, 18, 12, 18, 12]"
944,1378887000,7,0.238796,0.212343,0.228215,BALANCED,0.336929,0.0304210795,0.0304136709,6.5158,2.8948,true,true,"[19, 19, 19, 19, 11, 19, 11]","[18, 14, 18, 18, 18, 14, 18]"
945,1378887300,7,0.239059,0.206814,0.226161,BALANCED,0.335697,0.0303597594,0.0303597594,6.9483,3.1330,true,true,"[19, 19, 13, 19, 13, 19, 19]","[19, 19, 11, 19, 11, 19, 19]"
946,1378887600,7,0.235276,0.205257,0.223269,BALANCED,0.333961,0.0303696880,0.0303699987,5.4931,3.7563,true,true,"[16, 13, 16, 16, 16, 13, 16]","[18, 18, 13, 18, 13, 18, 18]"
947,1378887900,7,0.235111,0.215729,0.227358,BALANCED,0.336415,0.0303571739,0.0303571739,5.7695,2.8440,true,true,"[18, 18, 15, 18, 15, 18, 18]","[18, 18, 13, 18, 13, 18, 18]"
948,1378888200,7,0.235194,0.200100,0.221156,BALANCED,0.332694,0.0291735313,0.0291735313,4.4464,3.3353,true,true,"[19, 19, 19, 13, 19, 19, 19]","[19, 19, 19, 13, 19, 19, 19]"
949,1378888500,7,0.235762,0.188714,0.216943,BALANCED,0.330166,0.0303822169,0.0303822169,4.8888,2.8110,true,true,"[16, 16, 14, 16, 14, 16, 16]","[16, 16, 14, 16, 14, 16, 16]"
950,1378888800,7,0.235924,0.181143,0.214012,BALANCED,0.328407,0.0291407780,0.0291407780,4.4819,2.8524,true,true,"[18, 18, 18, 18, 10, 18, 10]","[18, 18, 18, 18, 10, 18, 10]"
951,1378889100,7,0.244816,0.206600,0.229529,BALANCED,0.337718,0.0304015659,0.0304015659,6.3629,2.9268,true,true,"[19, 19, 11, 19, 11, 19, 19]","[19, 19, 11, 19, 11, 19, 19]"
952,1378889400,7,0.237479,0.223500,0.231888,BALANCED,0.339133,0.0303288190,0.0303288190,4.5778,2.8990,true,true,"[17, 17, 15, 17, 15, 17, 17]","[17, 17, 14, 17, 14, 17, 17]"
953,1378889700,7,0.208094,0.205400,0.207017,BALANCED,0.324210,0.0303759114,0.0303759114,5.8934,3.0051,true,true,"[18, 18, 15, 18, 15, 18, 18]","[18, 18, 14, 18, 14, 18, 18]"
954,1378890000,7,0.197782,0.202271,0.199578,BALANCED,0.319747,0.0303773922,0.0303773922,4.2455,3.9915,true,true,"[19, 19, 14, 19, 14, 19, 19]","[16, 16, 15, 16, 15, 16, 16]"
955,1378890300,7,0.150898,0.178600,0.161979,BALANCED,0.297187,0.0291843817,0.0291843817,5.4065,2.7259,true,true,"[18, 18, 13, 18, 13, 18, 18]","[19, 19, 15, 19, 15, 19, 19]"
956,1378890600,7,0.096036,0.129914,0.109587,BALANCED,0.265752,0.0303581298,0.0303581298,4.5563,2.2915,true,true,"[16, 16, 12, 16, 12, 16, 16]","[18, 18, 15, 18, 15, 18, 18]"
957,1378890900,7,0.096301,0.113686,0.103255,BALANCED,0.261953,0.0303321918,0.0303321918,7.9986,3.5519,true,true,"[18, 18, 14, 18, 14, 18, 18]","[18, 18, 14, 18, 14, 18, 18]"
958,1378891200,7,0.178456,0.215814,0.193399,BALANCED,0.316039,0.0302144861,0.0302144861,4.4307,5.0077,true,true,"[16, 16, 15, 16, 15, 16, 16]","[19, 19, 15, 19, 15, 19, 19]"
959,1378891500,7,0.219944,0.243643,0.229423,BALANCED,0.337654,0.0302147569,0.0302147569,4.5386,3.8586,true,true,"[18, 18, 14, 18, 14, 18, 18]","[17, 17, 10, 17, 10, 17, 17]"
960,1378891800,7,0.243102,0.244329,0.243592,BALANCED,0.346155,0.0302178085,0.0302178085,5.0753,3.4378,true,true,"[18, 18, 14, 18, 14, 18, 18]","[18, 18, 14, 18, 14, 18, 18]"
961,1378892100,7,0.248082,0.245300,0.246969,BALANCED,0.348182,0.0302052131,0.0302052131,4.5106,2.9703,true,true,"[17, 17, 12, 17, 12, 17, 17]","[17, 17, 12, 17, 12, 17, 17]"
962,1378892400,7,0.247630,0.222371,0.237527,BALANCED,0.342516,0.0304526379,0.0305226425,6.5818,3.0719,true,true,"[14, 18, 18, 18, 18, 18, 14]","[17, 17, 17, 17, 11, 17, 11]"
963,1378892700,7,0.249246,0.239371,0.245296,BALANCED,0.347178,0.0304107854,0.0304107854,4.4425,2.9068,true,true,"[18, 18, 11, 18, 11, 18, 18]","[19, 19, 15, 19, 15, 19, 19]"
964,1378893000,7,0.250209,0.220814,0.238451,BALANCED,0.343071,0.0304056389,0.0304056389,5.6636,3.1531,true,true,"[13, 19, 19, 19, 19, 19, 13]","[14, 19, 19, 19, 19, 19, 14]"
965,1378893300,7,0.250267,0.221671,0.238829,BALANCED,0.343297,0.0305019068,0.0305019068,4.3799,3.0247,true,true,"[18, 18, 18, 18, 15, 18, 15]","[18, 18, 18, 18, 15, 18, 15]"
966,1378893600,7,0.250414,0.218500,0.237648,BALANCED,0.342589,0.0304551323,0.0304551323,4.8238,3.1744,true,true,"[13, 16, 16, 16, 16, 16, 13]","[13, 19, 19, 19, 19, 19, 13]"
967,1378893900,7,0.259870,0.231114,0.248368,BALANCED,0.349021,0.0304675612,0.0304675612,4.6766,4.1147,true,true,"[12, 19, 19, 19, 19, 19, 12]","[10, 18, 18, 18, 18, 18, 10]"
968,1378894200,7,0.259638,0.212086,0.240617,BALANCED,0.344370,0.0304778743,0.0304778743,5.6915,3.7163,true,true,"[13, 18, 18, 18, 18, 18, 13]","[15, 18, 18, 18, 18, 18, 15]"
969,1378894500,7,0.259476,0.205643,0.237943,BALANCED,0.342766,0.0304642685,0.0304642685,4.6182,2.8440,true,true,"[13, 16, 16, 16, 16, 16, 13]","[13, 16, 16, 16, 16, 16, 13]"
970,1378894800,7,0.259351,0.203443,0.236988,BALANCED,0.342193,0.0304777052,0.0304777052,5.7781,2.8909,true,true,"[16, 16, 16, 16, 15, 16, 15]","[17, 17, 17, 17, 14, 17, 14]"
971,1378895100,7,0.259510,0.209543,0.239523,BALANCED,0.343714,0.0305194899,0.0305219764,4.5901,2.8076,true,true,"[11, 16, 16, 16, 16, 16, 11]","[14, 17, 17, 17, 14, 14, 17]"
972,1378895400,7,0.259705,0.197543,0.234840,BALANCED,0.340904,0.0304996931,0.0305021401,5.4054,3.5984,true,true,"[14, 17, 17, 17, 17, 17, 14]","[10, 18, 18, 18, 10, 10, 18]"
973,1378895700,7,0.259479,0.192157,0.232550,BALANCED,0.339530,0.0305024409,0.0305024409,5.0369,2.8733,true,true,"[11, 18, 18, 18, 18, 18, 11]","[13, 18, 18, 18, 18, 18, 13]"
974,1378896000,7,0.259437,0.204071,0.237290,BALANCED,0.342374,0.0304858940,0.0304858940,6.4605,2.9957,true,true,"[19, 11, 19, 19, 19, 11, 19]","[16, 13, 16, 16, 16, 13, 16]"
975,1378896300,7,0.243065,0.212971,0.231028,BALANCED,0.338617,0.0305112367,0.0305112367,4.8835,2.9549,true,true,"[15, 19, 19, 19, 19, 19, 15]","[10, 17, 17, 17, 17, 17, 10]"
976,1378896600,7,0.245173,0.250100,0.247144,BALANCED,0.348286,0.0304695690,0.0304695690,6.7863,3.5872,true,true,"[16, 16, 16, 16, 10, 16, 10]","[18, 18, 18, 18, 12, 18, 12]"
977,1378896900,7,0.247688,0.253657,0.250076,EXPLORATION,0.350045,0.0303074123,0.0303080618,4.7585,3.1085,true,true,"[19, 19, 19, 19, 11, 19, 11]","[10, 19, 19, 19, 19, 19, 10]"
978,1378897200,7,0.256662,0.267900,0.261157,EXPLORATION,0.356694,0.0303157618,0.0303235703,6.9116,2.9917,true,true,"[17, 17, 17, 17, 15, 17, 15]","[15, 19, 19, 19, 19, 19, 15]"
979,1378897500,7,0.305810,0.251314,0.284012,EXPLORATION,0.370407,0.0303642812,0.0303642812,4.9051,3.4116,true,true,"[17, 17, 17, 17, 14, 17, 14]","[17, 17, 17, 17, 10, 17, 10]"
980,1378897800,7,0.631702,0.246271,0.477530,EXPLORATION,0.486518,0.0293431316,0.0293431316,5.4941,5.6416,true,true,"[19, 19, 19, 19, 10, 19, 10]","[19, 19, 19, 19, 10, 19, 10]"
981,1378898100,7,0.828723,0.237943,0.592411,EXPLORATION,0.555447,0.0305568427,0.0305568427,4.3825,5.9828,true,true,"[16, 16, 16, 16, 12, 16, 12]","[16, 16, 16, 16, 12, 16, 12]"
982,1378898400,7,0.972465,0.236214,0.677964,EXPLORATION,0.606779,0.0305577529,0.0305577529,5.3527,6.9609,true,true,"[17, 14, 17, 17, 17, 14, 17]","[19, 12, 19, 19, 19, 12, 19]"
983,1378898700,7,1.000000,0.242343,0.696937,EXPLORATION,0.618162,0.0305608875,0.0305608875,4.8300,5.9246,true,true,"[18, 18, 18, 18, 15, 18, 15]","[18, 18, 18, 18, 11, 18, 11]"
984,1378899000,7,1.000000,0.228300,0.691320,EXPLORATION,0.614792,0.0305539993,0.0305539993,7.0498,6.8093,true,true,"[18, 15, 18, 18, 18, 15, 18]","[16, 10, 16, 16, 16, 10, 16]"
985,1378899300,7,1.000000,0.226700,0.690680,EXPLORATION,0.614408,0.0305634098,0.0305634098,4.7454,7.3001,true,true,"[17, 17, 17, 17, 15, 17, 15]","[17, 17, 17, 17, 10, 17, 10]"
986,1378899600,7,1.000000,0.222243,0.688897,EXPLORATION,0.613338,0.0305632266,0.0305632266,4.8330,6.2485,true,true,"[19, 19, 19, 19, 12, 19, 12]","[16, 16, 16, 16, 13, 16, 13]"
987,1378899900,7,1.000000,0.231200,0.692480,EXPLORATION,0.615488,0.0306058588,0.0306058588,4.8148,5.8574,true,true,"[19, 19, 19, 19, 15, 19, 15]","[18, 18, 18, 18, 11, 18, 11]"
988,1378900200,7,1.000000,0.236114,0.694446,EXPLORATION,0.616667,0.0305001658,0.0305001658,4.4410,7.3744,true,true,"[17, 12, 17, 17, 17, 12, 17]","[18, 10, 18, 18, 18, 10, 18]"
989,1378900500,7,1.000000,0.230500,0.692200,EXPLORATION,0.615320,0.0305139785,0.0305139785,5.4898,8.2324,true,true,"[19, 11, 19, 19, 19, 11, 19]","[17, 12, 17, 17, 17, 12, 17]"
990,1378900800,7,1.000000,0.231629,0.692651,EXPLORATION,0.615591,0.0305248354,0.0305209772,4.5749,6.2090,true,true,"[18, 18, 18, 18, 11, 18, 11]","[19, 13, 19, 19, 19, 13, 19]"
991,1378901100,7,1.000000,0.227114,0.690846,EXPLORATION,0.614507,0.0305100754,0.0305100754,7.3648,7.1980,true,true,"[18, 12, 18, 18, 18, 12, 18]","[18, 10, 18, 18, 18, 10, 18]"
992,1378901400,7,1.000000,0.231057,0.692423,EXPLORATION,0.615454,0.0305434213,0.0305434213,5.1252,6.4511,true,true,"[19, 15, 19, 19, 19, 15, 19]","[16, 14, 16, 16, 16, 14, 16]"
993,1378901700,7,1.000000,0.220943,0.688377,EXPLORATION,0.613026,0.0305180253,0.0305142924,4.8467,7.4478,true,true,"[18, 18, 18, 18, 15, 18, 15]","[17, 14, 17, 17, 17, 14, 17]"
994,1378902000,7,1.000000,0.190157,0.676063,EXPLORATION,0.605638,0.0304315917,0.0304303470,4.2598,6.0612,true,true,"[13, 19, 19, 19, 19, 19, 13]","[10, 19, 19, 19, 10, 10, 19]"
995,1378902300,7,1.000000,0.203857,0.681543,EXPLORATION,0.608926,0.0292399974,0.0292399974,6.1908,7.1103,true,true,"[15, 16, 16, 16, 16, 16, 15]","[15, 17, 17, 17, 17, 17, 15]"
996,1378902600,7,1.000000,0.204700,0.681880,EXPLORATION,0.609128,0.0292918595,0.0292918595,4.3249,7.6532,true,true,"[19, 19, 19, 19, 15, 19, 15]","[17, 17, 17, 17, 11, 17, 11]"
997,1378902900,7,1.000000,0.185471,0.674189,EXPLORATION,0.604513,0.0304420163,0.0304420163,4.6663,5.7005,true,true,"[12, 17, 17, 17, 17, 17, 12]","[13, 16, 16, 16, 16, 16, 13]"
