vm_id,decision_timestamp,current_cpu,predicted_cpu_t5m,predicted_cpu_t10m,predicted_cpu_t15m,predicted_cpu_t30m,predicted_cpu_t45m,predicted_cpu_t60m,predicted_mean_cpu,predicted_peak_cpu,predicted_std_cpu,volatility_score,risk_score,risk_state
VM_001,1378604100,0.75,0.6719,0.6007,0.6316,0.6283,0.6648,0.6642,0.6567,0.745,0.0447,0.056,0.0259,LOW
VM_001,1378604400,0.6333,0.656,0.5922,0.6275,0.6302,0.667,0.6626,0.6551,0.7451,0.0456,0.0562,0.0259,LOW
VM_001,1378604700,0.5667,0.6723,0.6078,0.6342,0.6468,0.6869,0.6716,0.6697,0.7623,0.0462,0.0588,0.0266,LOW
VM_001,1378605000,0.6167,0.6472,0.5982,0.6399,0.6449,0.6689,0.6676,0.6621,0.7484,0.0418,0.0573,0.0251,LOW
VM_001,1378605300,0.6333,0.6635,0.5994,0.637,0.6368,0.671,0.6795,0.6629,0.7513,0.0449,0.0562,0.0252,LOW
VM_001,1378605600,0.7,0.6657,0.6007,0.6367,0.645,0.6794,0.6823,0.667,0.7576,0.0465,0.0562,0.0258,LOW
VM_001,1378605900,0.6833,0.6669,0.6007,0.6374,0.6468,0.683,0.6824,0.6693,0.7586,0.0466,0.0552,0.0257,LOW
VM_001,1378606200,0.7167,0.6607,0.6041,0.6436,0.6626,0.689,0.6796,0.6746,0.7618,0.0451,0.0558,0.0258,LOW
VM_001,1378606500,0.5,0.6437,0.5816,0.6247,0.6394,0.6699,0.6723,0.6563,0.7443,0.0466,0.0636,0.0274,LOW
VM_001,1378606800,0.6833,0.6558,0.591,0.6306,0.6473,0.6791,0.6763,0.6635,0.7516,0.0468,0.0597,0.0267,LOW
VM_001,1378607100,0.7167,0.7003,0.6121,0.6329,0.6379,0.6847,0.6876,0.67,0.7598,0.0494,0.0597,0.0274,LOW
VM_001,1378607400,0.6167,0.6755,0.5962,0.6254,0.6339,0.6745,0.6794,0.6605,0.748,0.0482,0.0597,0.0267,LOW
VM_001,1378607700,0.55,0.6676,0.5867,0.6183,0.6263,0.6644,0.6747,0.6527,0.7398,0.048,0.0637,0.0268,LOW
VM_001,1378608000,0.6333,0.6641,0.582,0.6154,0.631,0.6715,0.6752,0.655,0.7471,0.0513,0.061,0.0278,LOW
VM_001,1378608300,0.65,0.655,0.5821,0.6258,0.6454,0.6744,0.6803,0.6614,0.7504,0.0487,0.0604,0.0276,LOW
VM_001,1378608600,0.6167,0.665,0.5911,0.6284,0.6413,0.6728,0.6899,0.6635,0.7505,0.0484,0.0603,0.0266,LOW
VM_001,1378608900,0.7,0.6368,0.5678,0.6193,0.6403,0.6629,0.6713,0.6511,0.7367,0.0478,0.061,0.0278,LOW
VM_001,1378609200,0.6667,0.6575,0.5784,0.6181,0.64,0.6701,0.6795,0.656,0.7433,0.0494,0.0588,0.0271,LOW
VM_001,1378609500,0.7167,0.6967,0.6123,0.6339,0.6455,0.6702,0.6805,0.6657,0.7432,0.043,0.0599,0.0244,LOW
VM_001,1378609800,0.7,0.6883,0.6035,0.6272,0.6418,0.6706,0.6829,0.6626,0.7421,0.0455,0.0604,0.0252,LOW
VM_001,1378610100,0.6333,0.6637,0.5818,0.6136,0.6328,0.659,0.6677,0.6493,0.7306,0.046,0.06,0.0253,LOW
VM_001,1378610400,0.6167,0.6584,0.5723,0.6058,0.6317,0.663,0.6712,0.648,0.7344,0.0501,0.0591,0.0268,LOW
VM_001,1378610700,0.65,0.6711,0.5819,0.6147,0.6357,0.6658,0.6786,0.654,0.7384,0.0489,0.0588,0.026,LOW
VM_001,1378611000,0.6667,0.6462,0.5556,0.5888,0.6179,0.6565,0.6659,0.6346,0.7207,0.0528,0.0585,0.0272,LOW
VM_001,1378611300,0.6,0.6423,0.5564,0.596,0.6198,0.6485,0.6675,0.6349,0.7243,0.0506,0.0553,0.027,LOW
VM_001,1378611600,0.6667,0.6547,0.5722,0.6091,0.6385,0.6616,0.6719,0.6473,0.7295,0.0473,0.0554,0.0257,LOW
VM_001,1378611900,0.5667,0.7015,0.6112,0.6437,0.6601,0.6749,0.7056,0.6722,0.7467,0.0427,0.0554,0.0231,LOW
VM_001,1378612200,0.6,0.6773,0.5693,0.6113,0.6288,0.6683,0.6978,0.6525,0.7489,0.056,0.0559,0.0284,LOW
VM_001,1378612500,0.65,0.6321,0.5413,0.5913,0.6117,0.64,0.6656,0.6272,0.7183,0.0514,0.0559,0.0281,LOW
VM_001,1378612800,0.7167,0.6446,0.5437,0.5891,0.6161,0.653,0.6666,0.6326,0.7243,0.0548,0.0567,0.0286,LOW
VM_001,1378613100,0.7333,0.6701,0.5762,0.6105,0.6351,0.664,0.6745,0.6507,0.7403,0.0493,0.059,0.027,LOW
VM_001,1378613400,0.6667,0.6534,0.5766,0.61,0.6403,0.6583,0.6692,0.6487,0.7385,0.046,0.0573,0.0265,LOW
VM_001,1378613700,0.65,0.6433,0.5622,0.5945,0.6248,0.6443,0.6497,0.6337,0.72,0.0457,0.0481,0.0248,LOW
VM_001,1378614000,0.6167,0.6501,0.5689,0.6088,0.6377,0.6529,0.6649,0.6453,0.7334,0.0456,0.0482,0.0256,LOW
VM_001,1378614300,0.65,0.7338,0.682,0.7072,0.7397,0.7165,0.6772,0.7195,0.763,0.0263,0.046,0.0161,LOW
VM_001,1378614600,0.6833,0.6953,0.7009,0.7515,0.7427,0.7149,0.7722,0.7415,0.8357,0.0396,0.0461,0.0225,LOW
VM_001,1378614900,0.6333,0.6788,0.631,0.6616,0.674,0.6864,0.707,0.6854,0.7805,0.04,0.0411,0.023,LOW
VM_001,1378615200,0.65,0.7019,0.6803,0.7335,0.7219,0.724,0.787,0.7366,0.8516,0.047,0.0409,0.0255,LOW
VM_001,1378615500,0.6833,0.6843,0.6563,0.7097,0.7185,0.7082,0.742,0.7178,0.8142,0.0407,0.0413,0.024,LOW
VM_001,1378615800,0.6333,0.681,0.6568,0.7263,0.756,0.7405,0.7634,0.7419,0.8351,0.0461,0.0408,0.0263,LOW
VM_001,1378616100,0.6833,0.6212,0.5578,0.6284,0.6651,0.6632,0.6644,0.6564,0.7401,0.0468,0.0401,0.0267,LOW
VM_001,1378616400,0.7167,0.6457,0.6059,0.6833,0.7327,0.706,0.6912,0.704,0.771,0.0453,0.042,0.0249,LOW
VM_001,1378616700,0.5667,0.6492,0.5994,0.6772,0.7052,0.6823,0.6972,0.6899,0.7683,0.0415,0.0439,0.0256,LOW
VM_001,1378617000,0.6,0.665,0.6377,0.7009,0.7362,0.7137,0.7052,0.7155,0.7831,0.0378,0.0439,0.0228,LOW
VM_001,1378617300,0.6167,0.6321,0.5776,0.6414,0.6734,0.6706,0.6819,0.6676,0.7535,0.0435,0.0442,0.0265,LOW
VM_001,1378617600,0.5833,0.6457,0.5935,0.6577,0.6967,0.7042,0.7104,0.6919,0.7804,0.0482,0.0457,0.028,LOW
VM_001,1378617900,0.6333,0.6464,0.585,0.6526,0.6882,0.6895,0.7054,0.6829,0.7753,0.0468,0.0458,0.0284,LOW
VM_001,1378618200,0.7,0.6535,0.6081,0.6697,0.7104,0.7051,0.6953,0.6984,0.7783,0.0429,0.0469,0.0261,LOW
VM_001,1378618500,0.65,0.65,0.5517,0.6075,0.6439,0.6496,0.6376,0.6417,0.7189,0.0408,0.0459,0.0257,LOW
VM_001,1378618800,0.5667,0.6185,0.556,0.6341,0.6847,0.6693,0.6635,0.664,0.7426,0.0469,0.0486,0.0283,LOW
VM_001,1378619100,0.65,0.6544,0.6119,0.6954,0.7146,0.7082,0.7603,0.714,0.826,0.053,0.0458,0.0312,MEDIUM
VM_001,1378619400,0.5333,0.6646,0.6268,0.6953,0.7093,0.7124,0.7621,0.7178,0.8281,0.0497,0.0505,0.0303,MEDIUM
VM_001,1378619700,0.6833,0.6467,0.5715,0.6367,0.667,0.6752,0.6803,0.6675,0.7567,0.0444,0.0511,0.0285,LOW
VM_001,1378620000,0.6667,0.6619,0.6062,0.6779,0.7141,0.7022,0.7096,0.7016,0.7821,0.0424,0.0491,0.0271,LOW
VM_001,1378620300,0.6833,0.6667,0.6095,0.6786,0.7227,0.7051,0.7044,0.7039,0.7808,0.0414,0.0461,0.0262,LOW
VM_001,1378620600,0.5833,0.683,0.6104,0.67,0.7112,0.7092,0.7379,0.7064,0.7933,0.0441,0.0473,0.0277,LOW
VM_001,1378620900,0.6167,0.6747,0.5836,0.6441,0.6775,0.6876,0.7023,0.6812,0.7733,0.0456,0.0474,0.0285,LOW
VM_001,1378621200,0.6167,0.6883,0.5958,0.6536,0.6835,0.6867,0.7152,0.6876,0.779,0.0435,0.0474,0.0277,LOW
VM_001,1378621500,0.6667,0.6744,0.6122,0.6619,0.7241,0.7124,0.7045,0.7044,0.7853,0.0429,0.0477,0.0266,LOW
VM_001,1378621800,0.6333,0.6785,0.6085,0.6709,0.7093,0.6972,0.7248,0.7004,0.7894,0.0428,0.0467,0.0274,LOW
VM_001,1378622100,0.5833,0.6421,0.572,0.6395,0.6946,0.673,0.664,0.6694,0.7422,0.0409,0.0479,0.0263,LOW
VM_001,1378622400,0.5833,0.6489,0.5624,0.6237,0.6747,0.6638,0.6653,0.6581,0.7319,0.04,0.0488,0.0263,LOW
VM_001,1378622700,0.7167,0.6479,0.5794,0.6464,0.6932,0.6729,0.6606,0.6721,0.7419,0.0387,0.0508,0.0257,LOW
VM_001,1378623000,0.65,0.6591,0.5871,0.6595,0.7036,0.6822,0.6793,0.685,0.7596,0.0402,0.051,0.0269,LOW
VM_001,1378623300,0.7,0.6359,0.5612,0.6328,0.6707,0.6582,0.6514,0.6572,0.727,0.0385,0.0518,0.0262,LOW
VM_001,1378623600,0.7167,0.6516,0.5787,0.6464,0.6902,0.6651,0.6474,0.6685,0.7298,0.0365,0.0518,0.0245,LOW
VM_001,1378623900,0.6333,0.6448,0.5764,0.6357,0.686,0.6639,0.6418,0.6641,0.726,0.0368,0.0498,0.0241,LOW
VM_001,1378624200,0.6,0.6589,0.5951,0.66,0.7055,0.6758,0.6572,0.6816,0.7439,0.0368,0.0498,0.024,LOW
VM_001,1378624500,0.6667,0.6509,0.5798,0.6483,0.692,0.6604,0.6474,0.6685,0.7289,0.0362,0.05,0.024,LOW
VM_001,1378624800,0.5833,0.6643,0.6008,0.6698,0.7104,0.6673,0.6583,0.6833,0.7421,0.0358,0.05,0.0231,LOW
VM_001,1378625100,0.65,0.6567,0.5964,0.6608,0.7041,0.6644,0.6541,0.6779,0.7371,0.0355,0.05,0.0231,LOW
VM_001,1378625400,0.7167,0.6769,0.6157,0.6818,0.7217,0.6757,0.6709,0.6945,0.7547,0.0359,0.051,0.023,LOW
VM_001,1378625700,0.6833,0.6511,0.587,0.6551,0.698,0.6573,0.6438,0.6708,0.7268,0.0357,0.0518,0.0232,LOW
VM_001,1378626000,0.5833,0.6502,0.5862,0.6569,0.6977,0.6531,0.6484,0.6701,0.7285,0.0362,0.0508,0.0233,LOW
VM_001,1378626300,0.5833,0.6433,0.5808,0.6438,0.6905,0.6473,0.634,0.6623,0.7189,0.0357,0.0522,0.023,LOW
VM_001,1378626600,0.5833,0.6467,0.5858,0.6535,0.6944,0.6485,0.6424,0.6674,0.7252,0.0363,0.0486,0.0227,LOW
VM_001,1378626900,0.65,0.616,0.5936,0.686,0.7079,0.6649,0.7077,0.6894,0.7829,0.0494,0.0479,0.0285,LOW
VM_001,1378627200,0.7333,0.6451,0.5934,0.6687,0.7014,0.6429,0.6425,0.6709,0.7306,0.0372,0.0513,0.0228,LOW
VM_001,1378627500,0.7167,0.6606,0.6026,0.669,0.7044,0.6487,0.6338,0.6735,0.732,0.0347,0.0529,0.0221,LOW
VM_001,1378627800,0.6,0.654,0.5911,0.6648,0.7001,0.6358,0.6319,0.6672,0.7277,0.0366,0.0522,0.0228,LOW
VM_001,1378628100,0.6333,0.6433,0.5863,0.6561,0.7004,0.649,0.641,0.6687,0.725,0.0365,0.0519,0.0231,LOW
VM_001,1378628400,0.6833,0.6441,0.5866,0.6619,0.6936,0.6272,0.6247,0.6602,0.7221,0.0367,0.0521,0.0227,LOW
VM_001,1378628700,0.5833,0.6318,0.5781,0.6432,0.6817,0.6265,0.626,0.6523,0.7105,0.0352,0.0535,0.0225,LOW
VM_001,1378629000,0.6333,0.6457,0.59,0.6602,0.6902,0.6153,0.6189,0.6558,0.721,0.0369,0.0535,0.0224,LOW
VM_001,1378629300,0.6,0.6265,0.5801,0.6534,0.686,0.6227,0.6313,0.6548,0.7159,0.0368,0.0528,0.0228,LOW
VM_001,1378629600,0.5833,0.6375,0.586,0.6604,0.6932,0.6139,0.6251,0.6557,0.7215,0.0381,0.0528,0.0228,LOW
VM_001,1378629900,0.6333,0.6346,0.5855,0.6602,0.6944,0.6178,0.6303,0.6583,0.7265,0.0389,0.0506,0.0232,LOW
VM_001,1378630200,0.6667,0.6415,0.5911,0.6688,0.7005,0.6125,0.6276,0.6607,0.7338,0.0408,0.0508,0.0234,LOW
VM_001,1378630500,0.7,0.637,0.5842,0.662,0.6959,0.6187,0.6317,0.6593,0.7276,0.039,0.0508,0.0235,LOW
VM_001,1378630800,0.7,0.6357,0.5836,0.6625,0.6941,0.6128,0.6259,0.6563,0.7258,0.0394,0.0499,0.0232,LOW
VM_001,1378631100,0.7,0.6787,0.638,0.7434,0.7426,0.6578,0.7639,0.7256,0.8176,0.0562,0.0512,0.0278,LOW
VM_001,1378631400,0.6333,0.6594,0.614,0.7122,0.7095,0.632,0.6964,0.6909,0.763,0.0465,0.0504,0.0241,LOW
VM_001,1378631700,0.65,0.6607,0.6008,0.6867,0.694,0.627,0.6981,0.6788,0.7521,0.043,0.0502,0.0243,LOW
VM_001,1378632000,0.7167,0.6569,0.5972,0.6709,0.695,0.6175,0.6525,0.6663,0.7316,0.0375,0.0505,0.0224,LOW
VM_001,1378632300,0.7167,0.6552,0.6021,0.6842,0.7127,0.6297,0.667,0.6789,0.7475,0.04,0.0522,0.0239,LOW
VM_001,1378632600,0.7,0.6392,0.5914,0.677,0.7071,0.6082,0.6365,0.6636,0.7407,0.043,0.0515,0.0243,LOW
VM_001,1378632900,0.65,0.6326,0.5861,0.6579,0.6877,0.6168,0.6545,0.6584,0.7212,0.037,0.0511,0.0225,LOW
VM_001,1378633200,0.5,0.6147,0.578,0.6619,0.692,0.5996,0.6358,0.6513,0.7265,0.0427,0.0582,0.025,LOW
VM_001,1378633500,0.5833,0.6432,0.5942,0.6757,0.716,0.6234,0.6781,0.6755,0.7464,0.0426,0.0582,0.0255,LOW
VM_001,1378633800,0.7167,0.6375,0.5961,0.683,0.7095,0.6112,0.6635,0.67,0.7474,0.0445,0.0581,0.0254,LOW
VM_001,1378634100,0.65,0.6205,0.5973,0.6874,0.6932,0.6136,0.7029,0.673,0.7549,0.0509,0.0581,0.0261,LOW
VM_001,1378634400,0.7167,0.6327,0.594,0.6763,0.6957,0.6076,0.6607,0.663,0.7353,0.0421,0.0572,0.0241,LOW
VM_001,1378634700,0.7,0.6413,0.5934,0.6754,0.7098,0.6163,0.6675,0.6697,0.7426,0.0419,0.0565,0.0249,LOW
VM_001,1378635000,0.6167,0.6389,0.5968,0.6872,0.7218,0.6122,0.6726,0.6738,0.7553,0.047,0.056,0.0259,LOW
VM_001,1378635300,0.6333,0.6238,0.585,0.6729,0.7113,0.6094,0.6707,0.6655,0.7419,0.0455,0.056,0.0257,LOW
VM_001,1378635600,0.6667,0.6279,0.5861,0.6761,0.705,0.6003,0.6692,0.6616,0.7374,0.0458,0.0557,0.025,LOW
VM_001,1378635900,0.7333,0.6648,0.6158,0.7031,0.7328,0.6291,0.7113,0.6929,0.7629,0.045,0.056,0.0246,LOW
VM_001,1378636200,0.6667,0.6376,0.5942,0.6807,0.7062,0.5988,0.6738,0.6646,0.7383,0.045,0.0558,0.0242,LOW
VM_001,1378636500,0.6333,0.6425,0.6033,0.6871,0.7146,0.6088,0.686,0.6733,0.7475,0.045,0.0547,0.0241,LOW
VM_001,1378636800,0.5667,0.627,0.5886,0.6736,0.6829,0.5802,0.6659,0.6514,0.7216,0.045,0.0558,0.0239,LOW
VM_001,1378637100,0.5667,0.6317,0.5961,0.6818,0.6959,0.5886,0.6862,0.6621,0.7358,0.0475,0.0588,0.025,LOW
VM_001,1378637400,0.65,0.6262,0.5882,0.6736,0.6803,0.5726,0.6672,0.6488,0.7177,0.046,0.0588,0.0247,LOW
VM_001,1378637700,0.6667,0.6171,0.5877,0.6751,0.6794,0.5739,0.6747,0.6489,0.7189,0.0475,0.0581,0.0246,LOW
VM_001,1378638000,0.6667,0.6143,0.5814,0.6683,0.6698,0.5601,0.6558,0.6386,0.705,0.0461,0.0574,0.0245,LOW
VM_001,1378638300,0.6167,0.6557,0.6138,0.7028,0.7067,0.5994,0.7098,0.6773,0.7411,0.0472,0.057,0.0241,LOW
VM_001,1378638600,0.6167,0.6271,0.5945,0.6833,0.6816,0.57,0.676,0.6518,0.7178,0.048,0.0573,0.0248,LOW
VM_001,1378638900,0.5833,0.6259,0.5921,0.6804,0.677,0.5714,0.6832,0.6515,0.7151,0.0473,0.0589,0.0245,LOW
VM_001,1378639200,0.7,0.621,0.5856,0.6721,0.6679,0.5539,0.6619,0.6389,0.6987,0.0465,0.0581,0.0246,LOW
VM_001,1378639500,0.7,0.6399,0.6028,0.6879,0.685,0.5703,0.6856,0.6565,0.7178,0.0476,0.0574,0.0248,LOW
VM_001,1378639800,0.6667,0.6307,0.6303,0.7259,0.686,0.5525,0.7284,0.6672,0.758,0.0714,0.0564,0.0315,MEDIUM
VM_001,1378640100,0.6833,0.6421,0.6339,0.7197,0.6883,0.5594,0.7085,0.6659,0.7408,0.0621,0.0569,0.0288,LOW
VM_001,1378640400,0.6667,0.6414,0.6093,0.6871,0.6807,0.5457,0.6664,0.6453,0.7118,0.051,0.0478,0.0258,LOW
VM_001,1378640700,0.5833,0.6576,0.6133,0.691,0.681,0.5565,0.689,0.654,0.7131,0.0503,0.0478,0.0247,LOW
VM_001,1378641000,0.7,0.6411,0.6061,0.6836,0.6715,0.5451,0.6832,0.6448,0.7037,0.0506,0.047,0.0248,LOW
VM_001,1378641300,0.7,0.638,0.6109,0.6901,0.6633,0.5421,0.6813,0.6431,0.7044,0.0527,0.048,0.0254,LOW
VM_001,1378641600,0.7333,0.626,0.5918,0.6701,0.6452,0.5256,0.6644,0.6256,0.6859,0.0494,0.049,0.0252,LOW
VM_001,1378641900,0.6,0.6391,0.608,0.6869,0.662,0.5359,0.6824,0.6399,0.7012,0.0533,0.0493,0.0259,LOW
VM_001,1378642200,0.5667,0.6321,0.6224,0.7017,0.6796,0.5267,0.6878,0.645,0.7159,0.0623,0.0518,0.029,LOW
VM_001,1378642500,0.65,0.6454,0.6253,0.7035,0.6723,0.5361,0.695,0.649,0.7121,0.0583,0.0517,0.0274,LOW
VM_001,1378642800,0.6667,0.6279,0.6001,0.6806,0.6531,0.5151,0.6729,0.6281,0.6902,0.056,0.0517,0.0273,LOW
VM_001,1378643100,0.7167,0.6439,0.6104,0.6889,0.6606,0.5193,0.6807,0.6356,0.6946,0.0568,0.0506,0.0272,LOW
VM_001,1378643400,0.6167,0.6292,0.6137,0.6924,0.6599,0.5067,0.675,0.6305,0.697,0.0621,0.0508,0.029,LOW
VM_001,1378643700,0.5667,0.6419,0.6189,0.6925,0.6565,0.508,0.6828,0.6322,0.6955,0.0623,0.0533,0.029,LOW
VM_001,1378644000,0.6,0.6234,0.6076,0.6838,0.6443,0.4957,0.676,0.6213,0.69,0.0634,0.0517,0.0296,MEDIUM
VM_001,1378644300,1.15,1.0479,0.9073,0.985,0.6202,0.5741,0.702,0.7453,1.0479,0.1603,0.1134,0.0728,MEDIUM
VM_001,1378644600,0.75,0.6858,0.6833,0.7871,0.7191,0.5698,0.814,0.707,0.8342,0.0922,0.1145,0.0473,MEDIUM
VM_001,1378644900,0.7667,0.7534,0.6654,0.7292,0.6982,0.6003,0.7477,0.6848,0.7534,0.0535,0.1161,0.033,MEDIUM
VM_001,1378645200,0.6333,0.6647,0.6317,0.692,0.6786,0.5292,0.7216,0.6484,0.7331,0.0651,0.1164,0.039,MEDIUM
VM_001,1378645500,0.6167,0.7221,0.7065,0.7374,0.7235,0.6164,0.7862,0.7078,0.7862,0.0458,0.1164,0.035,MEDIUM
VM_001,1378645800,0.5833,0.6557,0.6355,0.6925,0.6588,0.5258,0.7294,0.6471,0.7294,0.0594,0.1173,0.0391,MEDIUM
VM_001,1378646100,0.55,0.6931,0.6504,0.7002,0.6922,0.5294,0.7101,0.6587,0.7101,0.056,0.1187,0.0366,MEDIUM
VM_001,1378646400,0.6167,0.643,0.6187,0.6807,0.6312,0.4928,0.6914,0.6207,0.6914,0.0613,0.1191,0.0388,MEDIUM
VM_001,1378646700,0.6667,0.6709,0.6731,0.7121,0.6869,0.5889,0.7854,0.6868,0.7854,0.0537,0.1189,0.0385,MEDIUM
VM_001,1378647000,0.6333,0.6464,0.6433,0.696,0.6544,0.5249,0.7321,0.6449,0.7321,0.0633,0.1191,0.0398,MEDIUM
VM_001,1378647300,0.5333,0.6451,0.6406,0.6916,0.6453,0.5169,0.7191,0.6382,0.7191,0.0619,0.1221,0.0396,MEDIUM
VM_001,1378647600,0.6,0.6359,0.6161,0.6699,0.6299,0.4944,0.696,0.6181,0.6978,0.0621,0.1228,0.0398,MEDIUM
VM_001,1378647900,0.6,0.6563,0.6498,0.6935,0.6724,0.5484,0.736,0.6575,0.736,0.0542,0.1224,0.0379,MEDIUM
VM_001,1378648200,0.65,0.6505,0.6277,0.6834,0.6413,0.5054,0.7013,0.6287,0.7044,0.0604,0.1221,0.0392,MEDIUM
VM_001,1378648500,0.7167,0.6536,0.6319,0.6898,0.6375,0.5064,0.7017,0.6299,0.7056,0.0605,0.1224,0.0393,MEDIUM
VM_001,1378648800,0.7167,0.6359,0.6114,0.6726,0.6186,0.4957,0.687,0.6138,0.6914,0.0583,0.122,0.0388,MEDIUM
VM_001,1378649100,0.5667,0.6706,0.6504,0.6906,0.6541,0.5471,0.7376,0.6526,0.7376,0.0544,0.1228,0.0383,MEDIUM
VM_001,1378649400,0.6333,0.6384,0.6163,0.6735,0.6241,0.506,0.6977,0.6199,0.6996,0.0577,0.1215,0.0385,MEDIUM
VM_001,1378649700,0.6333,0.6933,0.6822,0.7235,0.6531,0.5574,0.7704,0.671,0.7781,0.0673,0.1216,0.0417,MEDIUM
VM_001,1378650000,0.5833,0.6343,0.6149,0.6713,0.6152,0.5012,0.707,0.6167,0.707,0.0614,0.1225,0.0401,MEDIUM
VM_001,1378650300,0.7167,0.688,0.6818,0.7228,0.687,0.5554,0.756,0.6712,0.756,0.0621,0.1225,0.0394,MEDIUM
VM_001,1378650600,0.6429,0.6514,0.6372,0.6921,0.6404,0.5148,0.7261,0.6344,0.7261,0.0643,0.1223,0.0407,MEDIUM
VM_001,1378650900,0.5667,0.6386,0.6341,0.6916,0.6417,0.528,0.7353,0.6393,0.7353,0.0612,0.1223,0.0402,MEDIUM
VM_001,1378651200,0.6667,0.6299,0.6082,0.6663,0.6157,0.5118,0.7103,0.6173,0.7103,0.0581,0.1217,0.0391,MEDIUM
VM_001,1378651500,0.7167,0.6682,0.6577,0.7017,0.6506,0.5517,0.751,0.6552,0.751,0.0597,0.064,0.0318,MEDIUM
VM_001,1378651800,0.7167,0.6522,0.6399,0.6869,0.6421,0.5344,0.7167,0.6391,0.7277,0.0571,0.0619,0.0308,MEDIUM
VM_001,1378652100,0.6071,0.6404,0.6198,0.6721,0.63,0.5396,0.7282,0.6338,0.7282,0.055,0.0558,0.0295,LOW
VM_001,1378652400,0.7167,0.6339,0.6151,0.6697,0.6347,0.5325,0.7125,0.6295,0.7201,0.0537,0.0584,0.0297,MEDIUM
VM_001,1378652700,0.6667,0.6778,0.6734,0.7048,0.6885,0.5782,0.7394,0.6737,0.7626,0.0531,0.0586,0.0293,LOW
VM_001,1378653000,0.6,0.6657,0.6507,0.6906,0.6688,0.566,0.7323,0.6602,0.7537,0.0528,0.058,0.0296,MEDIUM
VM_001,1378653300,0.6964,0.6691,0.6494,0.6911,0.661,0.5696,0.7375,0.6601,0.7543,0.0522,0.056,0.029,LOW
VM_001,1378653600,0.5333,0.653,0.6269,0.6723,0.6491,0.5637,0.7314,0.6485,0.747,0.0522,0.0602,0.0294,LOW
VM_001,1378653900,0.5893,0.7135,0.6995,0.7222,0.6893,0.6079,0.7797,0.6983,0.8041,0.0562,0.0608,0.031,MEDIUM
VM_001,1378654200,0.6,0.6986,0.677,0.6995,0.6869,0.6019,0.742,0.6832,0.7728,0.0466,0.0613,0.0281,LOW
VM_001,1378654500,0.5333,0.6723,0.6619,0.6955,0.6596,0.5725,0.7427,0.665,0.761,0.0529,0.0613,0.0302,MEDIUM
VM_001,1378654800,0.5667,0.6585,0.6401,0.678,0.6571,0.5731,0.7325,0.657,0.7545,0.0501,0.0625,0.0295,LOW
VM_001,1378655100,0.5714,0.6812,0.6791,0.7045,0.6881,0.5981,0.7403,0.6809,0.7748,0.0489,0.0635,0.0291,LOW
VM_001,1378655400,0.6333,0.6708,0.6533,0.6905,0.6752,0.5963,0.7341,0.6716,0.7659,0.0462,0.0634,0.0282,LOW
VM_001,1378655700,0.5833,0.6576,0.6474,0.6844,0.6594,0.5766,0.7214,0.6586,0.7534,0.0477,0.0616,0.0288,LOW
VM_001,1378656000,0.6667,0.657,0.6348,0.6784,0.6512,0.5812,0.7227,0.6554,0.7495,0.0463,0.0592,0.0275,LOW
VM_001,1378656300,0.5167,0.6656,0.6531,0.6897,0.6603,0.5837,0.7225,0.6638,0.7575,0.0465,0.0622,0.0285,LOW
VM_001,1378656600,0.5833,0.6464,0.6269,0.6728,0.6444,0.5807,0.7207,0.6514,0.7474,0.0463,0.0627,0.0278,LOW
VM_001,1378656900,0.7,0.6385,0.6225,0.6674,0.624,0.5629,0.7126,0.6384,0.7335,0.0478,0.0647,0.0285,LOW
VM_001,1378657200,0.6833,0.6229,0.6058,0.6566,0.6174,0.5614,0.7033,0.6304,0.725,0.0464,0.0652,0.0277,LOW
VM_001,1378657500,0.6786,0.6634,0.6597,0.6961,0.6666,0.6041,0.7278,0.6724,0.7656,0.0436,0.0633,0.0272,LOW
VM_001,1378657800,0.65,0.6459,0.6302,0.6779,0.6456,0.5966,0.7243,0.6572,0.7534,0.045,0.0634,0.0267,LOW
VM_001,1378658100,0.55,0.6159,0.6064,0.658,0.6177,0.5671,0.7052,0.6322,0.7277,0.0461,0.0642,0.0272,LOW
VM_001,1378658400,0.5667,0.6108,0.5926,0.647,0.6115,0.573,0.7084,0.6291,0.7288,0.048,0.0647,0.0267,LOW
VM_001,1378658700,0.65,0.6571,0.6336,0.6691,0.6182,0.5856,0.7262,0.6482,0.7447,0.048,0.0618,0.0267,LOW
VM_001,1378659000,0.6667,0.7387,0.7325,0.7451,0.7503,0.6969,0.7255,0.7374,0.7858,0.0229,0.0592,0.0181,LOW
VM_001,1378659300,0.7,0.6443,0.6405,0.6682,0.6248,0.5869,0.7011,0.6463,0.7191,0.0374,0.0615,0.0235,LOW
VM_001,1378659600,0.6167,0.6111,0.6363,0.6744,0.623,0.5763,0.6896,0.6391,0.7133,0.0378,0.058,0.0236,LOW
VM_001,1378659900,0.65,0.5991,0.6153,0.6554,0.6067,0.5729,0.7025,0.6312,0.7196,0.0432,0.0575,0.0247,LOW
VM_001,1378660200,0.6167,0.5961,0.6175,0.6619,0.611,0.579,0.6941,0.634,0.7197,0.0407,0.0574,0.024,LOW
VM_001,1378660500,0.6167,0.5895,0.5808,0.6277,0.5794,0.5756,0.6879,0.616,0.7119,0.046,0.0548,0.0239,LOW
VM_001,1378660800,0.7167,0.5674,0.5636,0.6155,0.5708,0.5661,0.6839,0.6054,0.705,0.0487,0.0559,0.0244,LOW
VM_001,1378661100,0.6786,0.6051,0.586,0.6265,0.5733,0.5849,0.7004,0.6206,0.7206,0.0499,0.0567,0.0259,LOW
VM_001,1378661400,0.6833,0.6244,0.6138,0.6634,0.6202,0.6144,0.7111,0.6512,0.7395,0.0428,0.0577,0.0233,LOW
VM_001,1378661700,0.6333,0.5974,0.5799,0.6231,0.573,0.5867,0.6921,0.6182,0.7156,0.0488,0.054,0.0253,LOW
VM_001,1378662000,0.5167,0.5707,0.556,0.6043,0.5574,0.5708,0.6793,0.6009,0.7022,0.0507,0.0575,0.026,LOW
VM_001,1378662300,0.6,0.574,0.5629,0.6077,0.5586,0.5728,0.6858,0.6048,0.7075,0.0514,0.0565,0.0261,LOW
VM_001,1378662600,0.7167,0.5948,0.5698,0.6146,0.575,0.5902,0.6947,0.6176,0.7173,0.052,0.0591,0.0269,LOW
VM_001,1378662900,0.6667,0.5921,0.5754,0.6191,0.567,0.5873,0.688,0.6154,0.714,0.0501,0.0584,0.0264,LOW
VM_001,1378663200,0.5714,0.5888,0.5725,0.6202,0.5679,0.5863,0.684,0.614,0.711,0.0491,0.0596,0.0262,LOW
VM_001,1378663500,0.5833,0.6229,0.5861,0.6225,0.5534,0.5959,0.7015,0.6202,0.7278,0.0561,0.0553,0.0285,LOW
VM_001,1378663800,0.6167,0.6288,0.6103,0.6527,0.5921,0.6161,0.7136,0.6438,0.7447,0.0482,0.0543,0.0254,LOW
VM_001,1378664100,0.7333,0.621,0.6,0.6377,0.5635,0.5937,0.6977,0.6256,0.7219,0.0492,0.0563,0.026,LOW
VM_001,1378664400,0.7333,0.6055,0.583,0.6238,0.5516,0.5859,0.6789,0.6124,0.7071,0.0489,0.0589,0.0265,LOW
VM_001,1378664700,0.6667,0.6119,0.6002,0.6406,0.5578,0.5894,0.6837,0.6201,0.7153,0.0469,0.0586,0.0261,LOW
VM_001,1378665000,0.55,0.5946,0.5683,0.6093,0.536,0.5742,0.6685,0.5988,0.6958,0.0509,0.0615,0.0277,LOW
VM_001,1378665300,0.65,0.6003,0.5864,0.6312,0.5565,0.5999,0.6793,0.6184,0.7121,0.0493,0.0586,0.0267,LOW
VM_001,1378665600,0.55,0.5851,0.5524,0.594,0.5264,0.5785,0.665,0.5926,0.6957,0.0555,0.0596,0.029,LOW
VM_001,1378665900,0.7,0.6227,0.5938,0.6295,0.556,0.5974,0.6768,0.619,0.7108,0.0489,0.0608,0.0273,LOW
VM_001,1378666200,0.6833,0.6032,0.6221,0.6667,0.6135,0.5951,0.6493,0.6368,0.6911,0.0308,0.0612,0.0192,LOW
VM_001,1378666500,0.6333,0.6031,0.6185,0.6634,0.5958,0.6005,0.6549,0.6348,0.6984,0.034,0.06,0.0204,LOW
VM_001,1378666800,0.6167,0.5904,0.5923,0.6342,0.5666,0.5851,0.6384,0.6124,0.6807,0.0371,0.06,0.0222,LOW
VM_001,1378667100,0.6333,0.6049,0.5966,0.6351,0.5603,0.5927,0.6481,0.6155,0.6913,0.0405,0.06,0.024,LOW
VM_001,1378667400,0.6667,0.5853,0.5844,0.625,0.5487,0.5847,0.6341,0.6047,0.6788,0.0401,0.06,0.0235,LOW
VM_001,1378667700,0.7,0.6051,0.5857,0.6265,0.5432,0.597,0.6448,0.6098,0.6905,0.0458,0.0609,0.0259,LOW
VM_001,1378668000,0.7333,0.5912,0.5587,0.5996,0.5106,0.5827,0.629,0.5875,0.6753,0.0521,0.0618,0.0281,LOW
VM_001,1378668300,0.65,0.6208,0.5931,0.6308,0.5405,0.6003,0.6402,0.6118,0.689,0.046,0.0614,0.026,LOW
VM_001,1378668600,0.9,0.9952,0.74,0.6754,0.45,0.4611,0.3926,0.5577,0.9952,0.1632,0.0803,0.0816,MEDIUM
VM_001,1378668900,0.75,0.5916,0.5444,0.633,0.5477,0.5831,0.6746,0.6098,0.7293,0.0558,0.0824,0.0324,MEDIUM
VM_001,1378669200,0.6,0.5233,0.4515,0.5367,0.478,0.5251,0.6041,0.5296,0.6277,0.0515,0.0778,0.0308,MEDIUM
VM_001,1378669500,0.7333,0.6735,0.7264,0.77,0.6849,0.7716,0.7697,0.749,0.8646,0.0532,0.0779,0.0326,MEDIUM
VM_001,1378669800,0.7167,0.6243,0.6549,0.6587,0.5944,0.6408,0.6536,0.6362,0.6919,0.0333,0.0779,0.0256,LOW
VM_001,1378670100,0.7333,0.5938,0.6188,0.6459,0.5733,0.6373,0.6922,0.6384,0.7109,0.0446,0.079,0.0264,LOW
VM_001,1378670400,0.5667,0.5906,0.5227,0.5502,0.529,0.5638,0.5932,0.5704,0.6313,0.0399,0.0793,0.024,LOW
VM_001,1378670700,0.65,0.6282,0.6344,0.669,0.6013,0.6392,0.6486,0.6498,0.7051,0.0341,0.0772,0.0224,LOW
VM_001,1378671000,0.75,0.6598,0.6151,0.6228,0.5892,0.6809,0.6824,0.6559,0.7302,0.0565,0.0777,0.0288,LOW
VM_001,1378671300,0.6667,0.6201,0.5959,0.6295,0.5508,0.6131,0.6228,0.6172,0.6825,0.0433,0.0769,0.0255,LOW
VM_001,1378671600,0.6833,0.6208,0.5752,0.607,0.5322,0.5958,0.6047,0.5983,0.6613,0.0447,0.076,0.0258,LOW
VM_001,1378671900,0.7,0.7141,0.684,0.7085,0.5558,0.6817,0.7471,0.6878,0.8195,0.0672,0.0761,0.041,MEDIUM
VM_001,1378672200,0.5667,0.6563,0.6125,0.6188,0.5644,0.6555,0.6477,0.6363,0.7109,0.0525,0.075,0.0282,LOW
VM_001,1378672500,0.6333,0.6341,0.5731,0.587,0.5428,0.6358,0.6505,0.6168,0.709,0.0609,0.0753,0.0315,MEDIUM
VM_001,1378672800,0.7167,0.6298,0.5755,0.6019,0.532,0.5984,0.6056,0.6003,0.6731,0.0477,0.0708,0.0268,LOW
VM_001,1378673100,0.7167,0.6961,0.6369,0.6474,0.5928,0.6487,0.6333,0.6503,0.7122,0.0456,0.0711,0.0252,LOW
VM_001,1378673400,0.65,0.7137,0.6554,0.665,0.6071,0.6672,0.6491,0.6659,0.7242,0.044,0.0714,0.0244,LOW
VM_001,1378673700,0.6333,0.6988,0.6413,0.6569,0.5886,0.6501,0.6336,0.6507,0.7122,0.045,0.0714,0.025,LOW
VM_001,1378674000,0.6333,0.7005,0.6387,0.6484,0.5794,0.6458,0.6337,0.6455,0.7065,0.0456,0.0708,0.025,LOW
VM_001,1378674300,0.6167,0.7178,0.692,0.6979,0.6347,0.6717,0.6387,0.6822,0.7335,0.0355,0.0714,0.022,LOW
VM_001,1378674600,0.7167,0.6507,0.6188,0.647,0.576,0.6129,0.5911,0.6267,0.6784,0.0357,0.0716,0.0216,LOW
VM_001,1378674900,0.6,0.67,0.6124,0.6403,0.5697,0.6215,0.6058,0.6283,0.6871,0.0416,0.0736,0.024,LOW
VM_001,1378675200,0.6667,0.6027,0.5858,0.6409,0.562,0.5884,0.573,0.6062,0.6575,0.0342,0.0727,0.0206,LOW
VM_001,1378675500,0.6667,0.6649,0.6365,0.6727,0.5999,0.6334,0.6214,0.6484,0.7012,0.0345,0.0725,0.0215,LOW
VM_001,1378675800,0.5,0.6534,0.6329,0.658,0.5943,0.6365,0.6298,0.6444,0.7001,0.0333,0.0648,0.0208,LOW
VM_001,1378676100,0.65,0.6614,0.6256,0.6606,0.5945,0.6439,0.6345,0.6471,0.7111,0.0388,0.062,0.0222,LOW
VM_001,1378676400,0.65,0.6293,0.6108,0.6531,0.5897,0.6242,0.609,0.6328,0.6929,0.034,0.0608,0.02,LOW
VM_001,1378676700,0.75,0.6736,0.7255,0.7692,0.7323,0.6762,0.631,0.716,0.7692,0.0388,0.0618,0.0243,LOW
VM_001,1378677000,0.7333,0.6412,0.6939,0.7544,0.6857,0.6254,0.5838,0.6783,0.7544,0.0444,0.0625,0.0282,LOW
VM_001,1378677300,0.7167,0.6553,0.6892,0.7447,0.6722,0.6328,0.5932,0.6766,0.7447,0.0374,0.0618,0.0258,LOW
VM_001,1378677600,0.65,0.6388,0.6759,0.7299,0.6127,0.6148,0.6237,0.6594,0.7299,0.0343,0.0586,0.0214,LOW
VM_001,1378677900,0.6833,0.6319,0.6859,0.7453,0.6643,0.6407,0.6075,0.6783,0.7453,0.0361,0.0586,0.0238,LOW
VM_001,1378678200,0.7167,0.6217,0.6204,0.6593,0.5968,0.62,0.5832,0.6323,0.6932,0.0329,0.0569,0.0203,LOW
VM_001,1378678500,0.7,0.6243,0.6182,0.6829,0.586,0.6058,0.5632,0.6275,0.6829,0.0333,0.0574,0.0215,LOW
VM_001,1378678800,0.75,0.5869,0.5926,0.658,0.5952,0.5931,0.5604,0.6166,0.67,0.0341,0.0599,0.0206,LOW
VM_001,1378679100,0.5667,0.6185,0.6349,0.693,0.6309,0.6319,0.5954,0.6513,0.703,0.0309,0.0628,0.0208,LOW
VM_001,1378679400,0.5333,0.5941,0.598,0.6599,0.5922,0.6003,0.5778,0.6201,0.6818,0.0319,0.0654,0.0207,LOW
VM_001,1378679700,0.65,0.6181,0.6427,0.7046,0.5823,0.6353,0.6694,0.658,0.752,0.0454,0.0651,0.0284,LOW
VM_001,1378680000,0.7,0.5982,0.5944,0.6453,0.5828,0.6047,0.6019,0.6199,0.6928,0.0337,0.0646,0.0213,LOW
VM_001,1378680300,0.7,0.6009,0.6059,0.659,0.626,0.6303,0.6107,0.6423,0.7167,0.0336,0.0641,0.0219,LOW
VM_001,1378680600,0.6667,0.604,0.5989,0.6519,0.6111,0.6263,0.6071,0.6356,0.7097,0.0346,0.064,0.0213,LOW
VM_001,1378680900,0.6333,0.6191,0.611,0.6614,0.6307,0.6432,0.6266,0.6516,0.7253,0.0349,0.064,0.0217,LOW
VM_001,1378681200,0.5833,0.5978,0.5915,0.6478,0.5967,0.6116,0.6041,0.625,0.6984,0.0334,0.0658,0.0211,LOW
VM_001,1378681500,0.6167,0.5974,0.6098,0.6673,0.6288,0.6231,0.6056,0.6413,0.7151,0.033,0.0658,0.0224,LOW
VM_001,1378681800,0.7167,0.5785,0.578,0.6395,0.5974,0.6084,0.6013,0.6203,0.7011,0.036,0.0658,0.023,LOW
VM_001,1378682100,0.6667,0.5735,0.5787,0.6359,0.6008,0.6225,0.6127,0.6255,0.715,0.0398,0.0646,0.025,LOW
VM_001,1378682400,0.5833,0.5607,0.5627,0.6266,0.5906,0.5988,0.5927,0.61,0.6929,0.0371,0.0665,0.0242,LOW
VM_001,1378682700,0.6333,0.6264,0.6084,0.6691,0.6683,0.6886,0.6681,0.6776,0.7785,0.0462,0.0666,0.0287,LOW
VM_001,1378683000,0.55,0.6149,0.5977,0.6464,0.6173,0.636,0.6407,0.6425,0.7364,0.0386,0.0622,0.0244,LOW
VM_001,1378683300,0.6,0.6,0.5856,0.6417,0.6346,0.6578,0.6565,0.6521,0.7567,0.0469,0.0633,0.0284,LOW
VM_001,1378683600,0.7167,0.5864,0.5784,0.632,0.6075,0.6216,0.6251,0.6285,0.7226,0.0393,0.0645,0.0253,LOW
VM_001,1378683900,0.7,0.6086,0.595,0.6471,0.6316,0.6509,0.6481,0.6508,0.7502,0.0422,0.0622,0.0263,LOW
VM_001,1378684200,0.7,0.577,0.5732,0.6349,0.6137,0.6275,0.6225,0.6304,0.7252,0.0413,0.0607,0.0258,LOW
VM_001,1378684500,0.6167,0.5854,0.5701,0.6252,0.6035,0.6231,0.6216,0.6254,0.7195,0.0403,0.0598,0.0253,LOW
VM_001,1378684800,0.6667,0.524,0.5148,0.6212,0.6352,0.5767,0.5512,0.598,0.6724,0.0482,0.0599,0.0263,LOW
VM_001,1378685100,0.6667,0.5654,0.5501,0.6347,0.6479,0.6228,0.6078,0.6306,0.7221,0.0441,0.0596,0.028,LOW
VM_001,1378685400,0.7333,0.5962,0.577,0.6317,0.6383,0.617,0.5776,0.6255,0.698,0.034,0.0605,0.0221,LOW
VM_001,1378685700,0.75,0.581,0.5531,0.6226,0.6315,0.6001,0.5793,0.6153,0.6922,0.036,0.063,0.0245,LOW
VM_001,1378686000,0.6833,0.5595,0.537,0.6243,0.6394,0.5861,0.557,0.607,0.6752,0.041,0.06,0.024,LOW
VM_001,1378686300,0.5833,0.5825,0.5478,0.6277,0.6414,0.5977,0.5768,0.6163,0.688,0.0372,0.059,0.0242,LOW
VM_001,1378686600,0.6833,0.5643,0.5438,0.6264,0.6397,0.5972,0.5739,0.6137,0.6869,0.0392,0.0536,0.0238,LOW
VM_001,1378686900,0.6,0.5708,0.5357,0.6135,0.6285,0.5925,0.578,0.6075,0.6829,0.037,0.0549,0.0244,LOW
VM_001,1378687200,0.75,0.5765,0.5477,0.6247,0.6435,0.6044,0.5797,0.6177,0.6898,0.0378,0.0575,0.0242,LOW
VM_001,1378687500,0.6667,0.5959,0.5502,0.6207,0.648,0.6183,0.5945,0.6252,0.7027,0.0377,0.0569,0.0253,LOW
VM_001,1378687800,0.65,0.5854,0.5397,0.6132,0.6388,0.6114,0.583,0.6152,0.6905,0.0384,0.0569,0.0251,LOW
VM_001,1378688100,0.6167,0.6053,0.5378,0.6084,0.637,0.6225,0.6036,0.6213,0.7031,0.0397,0.0572,0.0269,LOW
VM_001,1378688400,0.6,0.5676,0.5191,0.597,0.6288,0.6046,0.5789,0.6051,0.6819,0.0408,0.0564,0.0265,LOW
VM_001,1378688700,0.65,0.6071,0.5375,0.6064,0.6344,0.6232,0.6074,0.6213,0.7027,0.0394,0.0558,0.0267,LOW
VM_001,1378689000,0.6333,0.5946,0.5296,0.5949,0.6335,0.6332,0.6031,0.6204,0.706,0.0445,0.0546,0.0279,LOW
VM_001,1378689300,0.7167,0.6031,0.5423,0.6102,0.6397,0.6289,0.6129,0.6258,0.7073,0.0394,0.056,0.0267,LOW
VM_001,1378689600,0.7333,0.6058,0.5443,0.5975,0.6306,0.6256,0.6005,0.6187,0.6981,0.0382,0.0559,0.0254,LOW
VM_001,1378689900,0.6167,0.6239,0.5576,0.6145,0.6459,0.6377,0.6265,0.6341,0.7155,0.0378,0.0564,0.0259,LOW
VM_001,1378690200,0.6667,0.6219,0.5613,0.6251,0.6579,0.6411,0.6319,0.6403,0.7166,0.0365,0.0511,0.0249,LOW
VM_001,1378690500,0.65,0.609,0.5454,0.6076,0.6403,0.6371,0.6278,0.6297,0.7143,0.0408,0.0492,0.0263,LOW
VM_001,1378690800,0.7167,0.6159,0.5508,0.6065,0.6395,0.6395,0.6247,0.6304,0.7139,0.0399,0.0492,0.0256,LOW
VM_001,1378691100,0.7333,0.6217,0.5672,0.6283,0.6591,0.6524,0.6443,0.6472,0.7295,0.0389,0.0506,0.0257,LOW
VM_001,1378691400,0.6833,0.6293,0.5812,0.6413,0.6776,0.6683,0.648,0.6596,0.7394,0.0381,0.0503,0.0252,LOW
VM_001,1378691700,0.5833,0.6128,0.5612,0.6235,0.6588,0.6567,0.6484,0.6458,0.7316,0.0415,0.0522,0.0269,LOW
VM_001,1378692000,0.5833,0.6253,0.5802,0.6416,0.6795,0.6714,0.6526,0.6606,0.742,0.039,0.055,0.0262,LOW
VM_001,1378692300,0.6333,0.6319,0.5748,0.6392,0.6751,0.6717,0.6673,0.6611,0.7477,0.0418,0.0554,0.0276,LOW
VM_001,1378692600,0.6167,0.6425,0.582,0.6423,0.6763,0.6778,0.6753,0.6658,0.7515,0.0411,0.0541,0.027,LOW
VM_001,1378692900,0.7,0.63,0.5637,0.6247,0.6579,0.6674,0.6666,0.6521,0.7432,0.045,0.0513,0.0278,LOW
VM_001,1378693200,0.5167,0.6843,0.6302,0.705,0.7054,0.7246,0.7672,0.7173,0.8057,0.0495,0.0583,0.0282,LOW
VM_001,1378693500,0.6667,0.6588,0.5977,0.6588,0.6681,0.6946,0.726,0.6819,0.7785,0.0506,0.0566,0.0286,LOW
VM_001,1378693800,0.65,0.6387,0.5757,0.6346,0.6548,0.6754,0.6848,0.6599,0.7533,0.0461,0.0562,0.0282,LOW
VM_001,1378694100,0.5667,0.6216,0.5431,0.6031,0.6211,0.6451,0.6649,0.6309,0.7225,0.0477,0.0579,0.0286,LOW
VM_001,1378694400,0.7167,0.6513,0.594,0.6598,0.6851,0.6988,0.7127,0.6848,0.7705,0.0464,0.0558,0.028,LOW
VM_001,1378694700,0.7,0.6358,0.5664,0.6178,0.6445,0.6682,0.6741,0.6498,0.7417,0.0469,0.0567,0.028,LOW
VM_001,1378695000,0.5833,0.631,0.5699,0.6246,0.6396,0.6649,0.6788,0.6498,0.7415,0.0464,0.0583,0.0278,LOW
VM_001,1378695300,0.55,0.6367,0.5527,0.6017,0.6183,0.6534,0.676,0.6354,0.7305,0.0517,0.0613,0.0289,LOW
VM_001,1378695600,0.6,0.6361,0.5659,0.617,0.6408,0.6783,0.6949,0.6552,0.7511,0.0522,0.0613,0.0298,MEDIUM
VM_001,1378695900,0.75,0.6465,0.5736,0.6176,0.6404,0.67,0.6864,0.6528,0.7478,0.0493,0.065,0.0289,LOW
VM_001,1378696200,0.6833,0.6328,0.5664,0.6103,0.6341,0.6608,0.6751,0.6443,0.7375,0.0487,0.0653,0.0286,LOW
VM_001,1378696500,0.65,0.6376,0.5586,0.5979,0.6184,0.652,0.6701,0.6346,0.7301,0.0518,0.0638,0.0285,LOW
VM_001,1378696800,0.65,0.6602,0.592,0.6263,0.6519,0.6897,0.7048,0.6684,0.7648,0.0523,0.0611,0.0283,LOW
VM_001,1378697100,0.5667,0.652,0.5742,0.6119,0.6385,0.674,0.6978,0.6541,0.7558,0.0551,0.0629,0.0296,MEDIUM
VM_001,1378697400,0.5833,0.6219,0.5462,0.5854,0.6211,0.664,0.6791,0.6334,0.7364,0.0579,0.0638,0.0307,MEDIUM
VM_001,1378697700,0.6167,0.626,0.5421,0.5838,0.6128,0.6534,0.6876,0.6295,0.7434,0.0613,0.0639,0.032,MEDIUM
VM_001,1378698000,1.3167,0.9446,0.6414,0.5547,0.4512,0.547,0.5743,0.5714,0.9446,0.1266,0.1524,0.0794,MEDIUM
VM_001,1378698300,0.75,0.6614,0.5765,0.7122,0.7242,0.6718,0.8044,0.7044,0.8219,0.0678,0.1528,0.0486,MEDIUM
VM_001,1378698600,0.75,0.654,0.4702,0.519,0.5515,0.5831,0.6059,0.5702,0.6606,0.0586,0.1537,0.0422,MEDIUM
VM_001,1378698900,0.5667,0.6395,0.5428,0.6386,0.6947,0.6773,0.7238,0.6747,0.7828,0.0623,0.1542,0.0482,MEDIUM
VM_001,1378699200,0.5833,0.6023,0.553,0.6209,0.6213,0.6662,0.7329,0.6497,0.7847,0.0703,0.1542,0.0472,MEDIUM
VM_001,1378699500,0.6667,0.6327,0.5572,0.6278,0.6847,0.7007,0.7257,0.6755,0.7772,0.0615,0.154,0.0458,MEDIUM
VM_001,1378699800,0.6167,0.6544,0.5831,0.6383,0.6817,0.6981,0.7656,0.6868,0.8195,0.0663,0.154,0.0477,MEDIUM
VM_001,1378700100,0.6167,0.6237,0.5655,0.6082,0.6448,0.6947,0.7256,0.6626,0.7916,0.0683,0.1542,0.0465,MEDIUM
VM_001,1378700400,0.6333,0.6769,0.5957,0.6146,0.6443,0.717,0.76,0.6811,0.813,0.0703,0.1512,0.0452,MEDIUM
VM_001,1378700700,0.5,0.6323,0.5679,0.6105,0.6395,0.7029,0.7632,0.6704,0.8114,0.0745,0.155,0.0487,MEDIUM
VM_001,1378701000,0.6167,0.6349,0.5467,0.579,0.6381,0.6928,0.7218,0.6539,0.7792,0.0711,0.1553,0.0474,MEDIUM
VM_001,1378701300,0.65,0.6366,0.56,0.5939,0.6404,0.7033,0.7457,0.665,0.8044,0.0746,0.154,0.0487,MEDIUM
VM_001,1378701600,0.6333,0.6312,0.5482,0.58,0.6339,0.7026,0.7405,0.6583,0.7979,0.0767,0.1537,0.0493,MEDIUM
VM_001,1378701900,0.6,0.6441,0.5595,0.5873,0.6497,0.7129,0.7451,0.669,0.8056,0.0749,0.1539,0.0489,MEDIUM
VM_001,1378702200,0.6667,0.6323,0.5523,0.5877,0.6468,0.71,0.7383,0.6654,0.8022,0.0746,0.1531,0.0492,MEDIUM
VM_001,1378702500,0.5667,0.6339,0.5519,0.5899,0.6602,0.7167,0.7417,0.6707,0.8031,0.0742,0.1527,0.0493,MEDIUM
VM_001,1378702800,0.65,0.6939,0.6013,0.6207,0.6902,0.7591,0.7753,0.7086,0.8355,0.0721,0.1522,0.0472,MEDIUM
VM_001,1378703100,0.7,0.6479,0.5751,0.618,0.671,0.7431,0.7962,0.6953,0.8488,0.0814,0.1512,0.0518,MEDIUM
VM_001,1378703400,0.6667,0.6587,0.5648,0.5891,0.6609,0.7223,0.7466,0.6754,0.8041,0.0727,0.1512,0.0477,MEDIUM
VM_001,1378703700,0.6667,0.6467,0.6121,0.6735,0.7111,0.7664,0.8477,0.7308,0.8962,0.084,0.1512,0.053,MEDIUM
VM_001,1378704000,0.6333,0.6416,0.5749,0.6182,0.6756,0.7537,0.8023,0.6998,0.8572,0.0845,0.1512,0.0528,MEDIUM
VM_001,1378704300,0.5333,0.6669,0.5754,0.6027,0.6831,0.7559,0.7688,0.6977,0.8284,0.0763,0.1523,0.0495,MEDIUM
VM_001,1378704600,0.6333,0.6462,0.5427,0.5713,0.6608,0.7325,0.7395,0.6722,0.7994,0.0769,0.1516,0.0498,MEDIUM
VM_001,1378704900,0.65,0.6779,0.5771,0.5974,0.7012,0.7704,0.7687,0.706,0.8243,0.0767,0.1513,0.0487,MEDIUM
VM_001,1378705200,0.6833,0.6804,0.5869,0.6134,0.6872,0.7566,0.7676,0.704,0.8234,0.0692,0.0592,0.0356,MEDIUM
VM_001,1378705500,0.7,0.6681,0.577,0.5912,0.6834,0.7569,0.7606,0.695,0.818,0.0748,0.0557,0.0356,MEDIUM
VM_001,1378705800,0.6833,0.6613,0.5609,0.582,0.6708,0.7369,0.7398,0.6803,0.7986,0.0709,0.0511,0.0347,MEDIUM
VM_001,1378706100,0.6167,0.6725,0.5833,0.6006,0.7011,0.771,0.7723,0.7078,0.8269,0.0746,0.0494,0.0351,MEDIUM
VM_001,1378706400,0.6,0.6653,0.5665,0.5849,0.6822,0.7463,0.7468,0.6889,0.806,0.0712,0.0488,0.0346,MEDIUM
VM_001,1378706700,0.7333,0.6725,0.5681,0.5817,0.6901,0.7523,0.7385,0.6918,0.8037,0.0711,0.0525,0.0346,MEDIUM
VM_001,1378707000,0.7333,0.688,0.5713,0.584,0.6933,0.7512,0.7638,0.6966,0.8162,0.0728,0.056,0.0361,MEDIUM
VM_001,1378707300,0.6167,0.6804,0.5725,0.5897,0.6935,0.7569,0.7561,0.6995,0.8161,0.0721,0.056,0.036,MEDIUM
VM_001,1378707600,0.6,0.6847,0.5728,0.5691,0.6853,0.7501,0.7401,0.6914,0.818,0.0757,0.0566,0.0367,MEDIUM
VM_001,1378707900,0.6667,0.707,0.6079,0.6084,0.7184,0.7631,0.7405,0.7155,0.8227,0.0637,0.0485,0.0316,MEDIUM
VM_001,1378708200,0.5,0.665,0.5623,0.5764,0.694,0.7351,0.7332,0.6859,0.8009,0.0686,0.0567,0.0355,MEDIUM
VM_001,1378708500,0.7333,0.7083,0.6081,0.606,0.723,0.766,0.746,0.7154,0.818,0.0628,0.0597,0.0327,MEDIUM
VM_001,1378708800,0.7333,0.6948,0.5775,0.576,0.6959,0.7452,0.7233,0.6904,0.7886,0.0649,0.0623,0.0332,MEDIUM
VM_001,1378709100,0.6333,0.6951,0.5932,0.599,0.7158,0.7623,0.7431,0.7083,0.8091,0.0638,0.0616,0.0334,MEDIUM
VM_001,1378709400,0.65,0.6979,0.5868,0.5935,0.7052,0.7499,0.7325,0.7,0.804,0.0633,0.0615,0.0336,MEDIUM
VM_001,1378709700,0.6333,0.6983,0.5993,0.6059,0.72,0.7621,0.7452,0.7122,0.8117,0.0615,0.059,0.0327,MEDIUM
VM_001,1378710000,0.7,0.6986,0.5929,0.5962,0.7089,0.7473,0.7252,0.701,0.7948,0.0589,0.0598,0.0316,MEDIUM
VM_001,1378710300,0.6167,0.7025,0.6021,0.6117,0.7217,0.7523,0.7343,0.7107,0.8067,0.0575,0.0595,0.0318,MEDIUM
VM_001,1378710600,0.7,0.6871,0.5838,0.5934,0.7035,0.7339,0.7055,0.6909,0.7826,0.0561,0.0603,0.0312,MEDIUM
VM_001,1378710900,0.7,0.6979,0.6032,0.6127,0.7187,0.7428,0.7178,0.7058,0.795,0.0529,0.061,0.0305,MEDIUM
VM_001,1378711200,0.6,0.6842,0.5867,0.5972,0.7009,0.7237,0.7035,0.6889,0.7797,0.0527,0.0618,0.0308,MEDIUM
VM_001,1378711500,0.6833,0.6954,0.5994,0.6144,0.7155,0.7271,0.7055,0.699,0.7861,0.0496,0.0567,0.0294,LOW
VM_001,1378711800,0.5667,0.6851,0.5871,0.6019,0.7032,0.714,0.6976,0.6877,0.7763,0.05,0.0595,0.03,MEDIUM
VM_001,1378712100,0.75,0.7001,0.6035,0.6156,0.7159,0.7234,0.6975,0.6981,0.7804,0.0472,0.0625,0.0289,LOW
VM_001,1378712400,0.7167,0.7107,0.6062,0.6156,0.7117,0.727,0.7124,0.7015,0.7925,0.0492,0.0634,0.0302,MEDIUM
VM_001,1378712700,0.65,0.6902,0.64,0.679,0.7552,0.7665,0.812,0.7482,0.8743,0.0608,0.0629,0.0358,MEDIUM
VM_001,1378713000,0.6333,0.6797,0.5788,0.5954,0.6908,0.7045,0.6847,0.6777,0.7629,0.0482,0.0629,0.0299,MEDIUM
VM_001,1378713300,0.6333,0.7069,0.5992,0.6092,0.7032,0.7164,0.6969,0.692,0.7726,0.0465,0.0626,0.0285,LOW
VM_001,1378713600,0.7167,0.6931,0.5891,0.6026,0.6974,0.7031,0.6922,0.6839,0.7699,0.047,0.0624,0.0294,LOW
VM_001,1378713900,0.7333,0.6843,0.6055,0.628,0.729,0.738,0.7265,0.7107,0.7999,0.0511,0.0624,0.031,MEDIUM
VM_001,1378714200,0.7167,0.6825,0.5938,0.6148,0.7059,0.6961,0.6743,0.6833,0.7607,0.0431,0.0617,0.0276,LOW
VM_001,1378714500,0.65,0.6933,0.5989,0.6113,0.698,0.7018,0.6883,0.6858,0.766,0.0432,0.061,0.0276,LOW
VM_001,1378714800,0.6167,0.6909,0.5935,0.6064,0.6966,0.6857,0.6754,0.678,0.7546,0.0421,0.0603,0.0268,LOW
VM_001,1378715100,0.65,0.6924,0.599,0.6138,0.7045,0.6984,0.6921,0.688,0.7688,0.0436,0.0604,0.0278,LOW
VM_001,1378715400,0.6333,0.6744,0.5819,0.5979,0.6894,0.6763,0.6674,0.6692,0.7478,0.0428,0.05,0.026,LOW
VM_001,1378715700,0.7167,0.692,0.6002,0.6137,0.702,0.6805,0.668,0.6796,0.7503,0.0399,0.0491,0.0241,LOW
VM_001,1378716000,0.7167,0.687,0.5941,0.6081,0.6926,0.6721,0.6628,0.6716,0.7433,0.0394,0.0483,0.0238,LOW
VM_001,1378716300,0.7167,0.6921,0.5996,0.6155,0.7041,0.6784,0.665,0.6788,0.7462,0.0395,0.0487,0.0236,LOW
VM_001,1378716600,0.6667,0.6727,0.5793,0.6002,0.6921,0.659,0.6487,0.6623,0.7304,0.0404,0.0485,0.0241,LOW
VM_001,1378716900,0.65,0.6802,0.5883,0.6074,0.6947,0.6613,0.6528,0.667,0.732,0.0391,0.0481,0.0232,LOW
VM_001,1378717200,0.6667,0.6448,0.5515,0.5975,0.6617,0.6192,0.6449,0.634,0.7043,0.039,0.0477,0.0242,LOW
VM_001,1378717500,0.6167,0.6956,0.5942,0.6123,0.6849,0.6643,0.6723,0.6701,0.7464,0.0395,0.0477,0.0241,LOW
VM_001,1378717800,0.7,0.6588,0.5643,0.5946,0.6732,0.6386,0.6386,0.6451,0.7142,0.039,0.0477,0.0239,LOW
VM_001,1378718100,0.6667,0.6974,0.5986,0.6171,0.6869,0.6566,0.6656,0.6684,0.7389,0.0377,0.0473,0.0227,LOW
VM_001,1378718400,0.5833,0.6605,0.6005,0.6414,0.7017,0.6575,0.6935,0.6798,0.7679,0.0446,0.0485,0.026,LOW
VM_001,1378718700,0.6333,0.6758,0.6068,0.6415,0.7061,0.6677,0.6994,0.6843,0.7665,0.0433,0.0489,0.0252,LOW
VM_001,1378719000,0.6,0.6807,0.5889,0.6105,0.6911,0.6445,0.6486,0.6606,0.721,0.0378,0.0463,0.0216,LOW
VM_001,1378719300,0.7,0.669,0.6141,0.6635,0.7148,0.6646,0.7309,0.696,0.795,0.0503,0.0435,0.027,LOW
VM_001,1378719600,0.7,0.6772,0.5901,0.6118,0.6931,0.6428,0.6449,0.6604,0.7209,0.0372,0.0428,0.021,LOW
VM_001,1378719900,0.7167,0.6896,0.5956,0.617,0.7021,0.6523,0.6605,0.6693,0.7303,0.0383,0.0439,0.0216,LOW
VM_001,1378720200,0.5167,0.6509,0.5678,0.597,0.6786,0.6268,0.647,0.646,0.7114,0.039,0.0534,0.0238,LOW
VM_001,1378720500,0.6333,0.6698,0.5858,0.611,0.6956,0.6448,0.6611,0.6628,0.7248,0.0384,0.0534,0.0233,LOW
VM_001,1378720800,0.6333,0.6546,0.5723,0.6045,0.6879,0.6241,0.6372,0.6482,0.7137,0.0389,0.0525,0.0235,LOW
VM_001,1378721100,0.6667,0.7034,0.6343,0.6614,0.7425,0.6683,0.6547,0.694,0.7673,0.038,0.0501,0.0222,LOW
VM_001,1378721400,0.6667,0.6514,0.5779,0.613,0.6986,0.6143,0.6217,0.6472,0.7199,0.0398,0.0485,0.023,LOW
VM_001,1378721700,0.65,0.6786,0.6058,0.6352,0.7127,0.6376,0.6558,0.6702,0.7393,0.0375,0.0485,0.022,LOW
VM_001,1378722000,0.6333,0.6485,0.5735,0.6077,0.6876,0.6085,0.6276,0.6414,0.7109,0.0384,0.0481,0.0224,LOW
VM_001,1378722300,0.65,0.6825,0.6047,0.6377,0.7103,0.6307,0.6523,0.6674,0.7384,0.0382,0.0481,0.022,LOW
VM_001,1378722600,0.6833,0.655,0.5702,0.6082,0.6878,0.6072,0.6314,0.6421,0.7053,0.038,0.0481,0.0222,LOW
VM_001,1378722900,0.7333,0.6807,0.5929,0.6289,0.7006,0.6266,0.6601,0.6623,0.7251,0.0379,0.0491,0.0219,LOW
VM_001,1378723200,0.7,0.6524,0.5762,0.6178,0.6867,0.6007,0.6375,0.6431,0.7113,0.0388,0.0484,0.0222,LOW
VM_001,1378723500,0.7167,0.6762,0.5896,0.6363,0.7044,0.6164,0.6603,0.6607,0.7255,0.0393,0.0484,0.0223,LOW
VM_001,1378723800,0.5667,0.6501,0.566,0.6147,0.6867,0.5899,0.6445,0.6389,0.7061,0.0415,0.0518,0.0232,LOW
VM_001,1378724100,0.5833,0.6557,0.5751,0.6224,0.6929,0.603,0.6617,0.6489,0.7156,0.0412,0.0537,0.0235,LOW
VM_001,1378724400,0.7,0.6474,0.5662,0.6105,0.6785,0.5797,0.641,0.6332,0.6983,0.0408,0.0546,0.0226,LOW
VM_001,1378724700,0.6667,0.663,0.5808,0.6295,0.6943,0.592,0.6586,0.6485,0.713,0.0416,0.0541,0.0226,LOW
VM_001,1378725000,0.65,0.6455,0.5658,0.6163,0.6798,0.5682,0.6354,0.6301,0.697,0.0424,0.0532,0.0224,LOW
VM_001,1378725300,0.5667,0.6563,0.5779,0.6269,0.6882,0.5762,0.6489,0.64,0.7088,0.0432,0.0559,0.0229,LOW
VM_001,1378725600,0.55,0.6371,0.5632,0.6151,0.6784,0.5619,0.6389,0.6274,0.6968,0.0443,0.0579,0.0234,LOW
VM_001,1378725900,0.6167,0.6445,0.5749,0.628,0.684,0.5636,0.6574,0.6361,0.705,0.0465,0.0582,0.0242,LOW
VM_001,1378726200,0.6333,0.6249,0.5603,0.6173,0.6771,0.544,0.6439,0.6219,0.6942,0.0493,0.0575,0.0251,LOW
VM_001,1378726500,0.7,0.6434,0.5747,0.6327,0.6834,0.5568,0.6512,0.634,0.7028,0.0473,0.0575,0.0246,LOW
VM_001,1378726800,0.7167,0.6148,0.5582,0.6268,0.6641,0.5297,0.6283,0.6102,0.6837,0.0505,0.0582,0.0258,LOW
VM_001,1378727100,0.7,0.6304,0.578,0.6404,0.6787,0.5352,0.6406,0.6231,0.6997,0.0529,0.0575,0.0268,LOW
VM_001,1378727400,0.55,0.614,0.5529,0.6202,0.6593,0.5195,0.6229,0.6053,0.6762,0.0501,0.0545,0.0255,LOW
VM_001,1378727700,0.5667,0.6297,0.5638,0.6276,0.6666,0.5237,0.6283,0.6129,0.686,0.0508,0.0569,0.0265,LOW
VM_001,1378728000,0.65,0.6278,0.5527,0.6127,0.6549,0.521,0.6232,0.6058,0.669,0.0472,0.0569,0.0248,LOW
VM_001,1378728300,0.5833,0.63,0.5699,0.6307,0.6711,0.5231,0.643,0.6178,0.6887,0.0531,0.0581,0.027,LOW
VM_001,1378728600,0.65,0.6164,0.5654,0.6307,0.6704,0.514,0.6335,0.6106,0.6847,0.0555,0.0579,0.0276,LOW
VM_001,1378728900,0.55,0.6254,0.563,0.6241,0.6621,0.5143,0.6345,0.6095,0.6789,0.0529,0.0609,0.0273,LOW
VM_001,1378729200,0.5333,0.6064,0.5378,0.603,0.6419,0.5025,0.6248,0.5925,0.6526,0.0502,0.0645,0.026,LOW
VM_001,1378729500,0.5667,0.6075,0.5607,0.6272,0.6593,0.4961,0.6326,0.6022,0.6776,0.0592,0.0659,0.0299,MEDIUM
VM_001,1378729800,0.6833,0.6016,0.5423,0.6111,0.6425,0.4892,0.621,0.5892,0.6542,0.0549,0.0659,0.028,LOW
VM_001,1378730100,0.65,0.6044,0.5484,0.617,0.6456,0.4884,0.6211,0.5918,0.6607,0.0567,0.0623,0.0284,LOW
VM_001,1378730400,0.7,0.6006,0.5387,0.6087,0.636,0.483,0.6152,0.5839,0.6452,0.0542,0.0623,0.0272,LOW
VM_001,1378730700,0.65,0.5977,0.5592,0.6352,0.6445,0.4821,0.645,0.5973,0.6721,0.0663,0.0596,0.0307,MEDIUM
VM_001,1378731000,0.5667,0.5865,0.5328,0.6027,0.633,0.4711,0.607,0.5753,0.639,0.0565,0.0596,0.0275,LOW
VM_001,1378731300,0.7,0.6012,0.546,0.6148,0.6365,0.4725,0.608,0.5817,0.6475,0.0576,0.0608,0.0285,LOW
VM_001,1378731600,0.7167,0.6079,0.5468,0.6129,0.6362,0.4848,0.6226,0.5872,0.6469,0.0546,0.0618,0.0271,LOW
VM_001,1378731900,0.7167,0.622,0.5733,0.6332,0.6533,0.5,0.6315,0.6045,0.6665,0.0562,0.0639,0.0279,LOW
VM_001,1378732200,0.6,0.5792,0.5348,0.6116,0.6051,0.4613,0.6409,0.5729,0.6562,0.0637,0.0641,0.0317,MEDIUM
VM_001,1378732500,0.65,0.5857,0.5483,0.622,0.6072,0.4617,0.64,0.5766,0.6569,0.0642,0.0627,0.0314,MEDIUM
VM_001,1378732800,0.6667,0.6026,0.5346,0.5969,0.6108,0.4622,0.6036,0.5669,0.6211,0.0522,0.0605,0.0266,LOW
VM_001,1378733100,0.5167,0.5998,0.5471,0.6057,0.6189,0.4653,0.6154,0.5748,0.6364,0.0567,0.0653,0.0286,LOW
VM_001,1378733400,0.6,0.579,0.5292,0.5897,0.6041,0.4565,0.6126,0.562,0.6306,0.0556,0.0657,0.029,LOW
VM_001,1378733700,0.7,0.5948,0.5492,0.6066,0.6107,0.4629,0.6189,0.5722,0.6374,0.0562,0.0657,0.0291,LOW
VM_001,1378734000,0.7,0.5911,0.5371,0.5949,0.6014,0.4582,0.6083,0.5632,0.6266,0.0533,0.0648,0.0282,LOW
VM_001,1378734300,0.6,0.593,0.5461,0.6006,0.6107,0.4603,0.6088,0.5682,0.6321,0.0559,0.0634,0.0285,LOW
VM_001,1378734600,0.6167,0.5701,0.5202,0.5823,0.5868,0.4456,0.5996,0.5492,0.6158,0.0537,0.0613,0.028,LOW
VM_001,1378734900,0.5833,0.578,0.5331,0.5902,0.5937,0.4511,0.6084,0.5571,0.6256,0.0552,0.0607,0.0284,LOW
VM_001,1378735200,0.75,0.5845,0.5328,0.5904,0.5998,0.4607,0.6087,0.5614,0.6278,0.0519,0.0653,0.0281,LOW
VM_001,1378735500,0.7333,0.5878,0.5547,0.61,0.6064,0.4661,0.635,0.5743,0.6556,0.0594,0.0672,0.0315,MEDIUM
VM_001,1378735800,0.65,0.5714,0.5271,0.5868,0.5922,0.453,0.5993,0.5533,0.6193,0.052,0.0672,0.0283,LOW
VM_001,1378736100,0.5833,0.577,0.529,0.585,0.5929,0.4552,0.608,0.5558,0.6242,0.0519,0.0656,0.0284,LOW
VM_001,1378736400,0.6833,0.568,0.517,0.5783,0.5882,0.4637,0.6347,0.5563,0.6347,0.0517,0.0617,0.0281,LOW
VM_001,1378736700,0.6,0.6001,0.5769,0.6254,0.6245,0.5061,0.6852,0.6022,0.7024,0.059,0.0601,0.0311,MEDIUM
VM_001,1378737000,0.7167,0.5535,0.5335,0.5904,0.5838,0.456,0.6326,0.5566,0.6402,0.0558,0.0612,0.0296,MEDIUM
VM_001,1378737300,0.7,0.5886,0.5558,0.6081,0.6167,0.4858,0.6346,0.5811,0.6528,0.0496,0.062,0.0277,LOW
VM_001,1378737600,0.6,0.5855,0.5431,0.5902,0.6156,0.4942,0.6476,0.5802,0.6633,0.0509,0.0622,0.028,LOW
VM_001,1378737900,0.5833,0.5965,0.5559,0.5978,0.6216,0.514,0.6698,0.5944,0.6842,0.0513,0.0636,0.0284,LOW
VM_001,1378738200,0.6333,0.5851,0.548,0.5932,0.6141,0.5019,0.6577,0.5844,0.6708,0.0511,0.0614,0.0279,LOW
VM_001,1378738500,0.65,0.5992,0.5681,0.6112,0.6283,0.5161,0.662,0.5993,0.6873,0.0515,0.0605,0.0291,LOW
VM_001,1378738800,0.65,0.5851,0.5511,0.5958,0.6214,0.5095,0.6573,0.5884,0.6756,0.0506,0.0587,0.0276,LOW
VM_001,1378739100,0.7333,0.5979,0.5654,0.6082,0.6352,0.5262,0.6699,0.6029,0.6882,0.0489,0.0596,0.0269,LOW
VM_001,1378739400,0.6333,0.5769,0.5449,0.5934,0.6115,0.5059,0.6543,0.5832,0.6684,0.0492,0.0589,0.0268,LOW
VM_001,1378739700,1.05,0.7195,0.615,0.5913,0.7146,0.5549,0.6035,0.6307,0.7195,0.0537,0.1012,0.0324,MEDIUM
VM_001,1378740000,85.0667,47.9585,23.1248,3.1839,4.8754,7.0091,6.0239,9.7099,47.9585,12.8088,17.229,1.0,HIGH
VM_001,1378740300,92.4,62.5641,31.0338,7.188,8.4284,10.7414,10.4355,14.6458,62.5641,15.9731,24.8865,1.0,HIGH
VM_001,1378740600,92.5667,56.6011,30.2159,12.8586,15.2815,18.3155,20.6675,20.3795,56.6011,12.0144,30.2076,1.0,HIGH
VM_001,1378740900,92.4167,49.3202,33.4047,25.2461,25.8238,28.5481,32.8953,29.8518,49.3202,6.6692,34.2657,1.0,HIGH
VM_001,1378741200,91.5667,55.5478,50.3291,49.7397,49.5019,50.3811,55.6518,51.8424,58.0395,2.8097,37.4159,1.0,HIGH
VM_001,1378741500,90.6667,68.5819,38.5496,19.2835,16.9844,20.8552,17.0849,24.3857,68.5819,14.6238,39.8789,1.0,HIGH
VM_001,1378741800,87.5333,72.8396,34.186,10.5027,10.6585,12.641,2.2037,16.8683,72.8396,18.6854,41.6462,1.0,HIGH
VM_001,1378742100,87.5667,50.6074,20.6878,8.1385,8.3417,4.2816,0.0,10.5554,50.6074,13.2251,43.0254,1.0,HIGH
VM_001,1378742400,87.7,28.4851,14.8556,16.5428,23.5788,10.1613,0.0,15.6485,28.4851,8.6083,44.0643,1.0,HIGH
VM_001,1378742700,89.7833,22.1605,11.7783,14.0532,17.3328,6.2903,0.0,11.6191,22.1605,6.8941,44.8769,1.0,HIGH
VM_001,1378743000,91.95,17.6009,12.3239,14.3448,12.1622,1.6135,0.0,8.8395,17.6009,6.3276,45.4584,1.0,HIGH
VM_001,1378743300,93.05,17.0244,17.0899,20.5,14.3483,4.6956,0.0,11.3922,21.2492,7.4752,45.7498,1.0,HIGH
VM_001,1378743600,89.4167,25.3672,22.8639,24.8171,15.5207,1.8169,0.0,13.3361,26.8357,10.4465,45.5609,1.0,HIGH
VM_001,1378743900,90.4167,19.0918,15.6289,17.9102,13.704,3.2718,0.0,10.7611,19.0918,7.2415,45.0872,1.0,HIGH
VM_001,1378744200,93.2167,16.2811,11.5418,12.5143,13.4954,5.0152,0.0,9.6849,16.2811,5.188,44.3826,1.0,HIGH
VM_001,1378744500,93.8333,18.2177,13.2125,12.0705,13.138,5.3673,0.0,9.8823,18.2177,5.3697,43.3296,1.0,HIGH
VM_001,1378744800,90.8667,17.4363,12.0017,11.7738,9.9139,6.2608,0.0,9.147,17.4363,4.5202,41.7841,1.0,HIGH
VM_001,1378745100,92.8,17.4724,14.2877,14.7198,12.7478,8.0451,2.9479,11.0973,17.4724,4.2637,39.8587,1.0,HIGH
VM_001,1378745400,92.9833,18.2487,14.0362,12.9889,10.6816,7.9303,4.0533,10.404,18.2487,3.7316,37.4348,1.0,HIGH
VM_001,1378745700,94.6833,24.5732,18.8889,14.1894,11.405,9.3961,2.8327,11.8983,24.5732,5.4433,34.4363,1.0,HIGH
VM_001,1378746000,94.9,23.6173,18.1093,14.3613,14.1573,14.5635,9.866,14.7382,23.6173,3.2535,30.6365,1.0,HIGH
VM_001,1378746300,89.6833,28.7081,22.0777,15.865,12.6351,9.7305,0.0,12.7398,28.7081,7.3096,25.6099,1.0,HIGH
VM_001,1378746600,87.0167,34.2197,37.1326,35.802,30.2927,25.1289,16.5165,29.2645,37.1326,7.0697,18.5328,1.0,HIGH
VM_001,1378746900,90.4667,42.8588,41.0963,35.2851,24.9897,20.5434,13.6498,27.3022,42.8588,9.125,2.5783,0.7309,HIGH
VM_001,1378747200,90.35,49.2992,46.8512,40.1938,30.3961,26.9485,16.0908,32.91,49.2992,9.7642,2.2611,0.6902,HIGH
VM_001,1378747500,90.05,47.7588,45.7187,40.3551,26.3876,21.6523,9.6703,29.4424,47.7588,11.9208,2.2559,0.6895,HIGH
VM_001,1378747800,89.5333,46.2039,44.3224,39.5729,23.1885,17.7657,5.8447,27.0111,46.2039,13.0814,2.2529,0.6891,HIGH
VM_001,1378748100,87.6667,50.3515,46.5531,38.4933,21.7191,15.5973,4.2173,26.0904,50.3515,14.4765,2.3246,0.6983,HIGH
VM_001,1378748400,89.1,48.1068,43.3615,35.3837,17.4301,12.161,6.3037,22.904,48.1068,13.4042,2.3408,0.7004,HIGH
VM_001,1378748700,89.7667,47.6263,36.9436,24.5702,15.5575,8.0145,0.0,18.1929,47.6263,13.9204,2.3475,0.7013,HIGH
VM_001,1378749000,87.2833,40.3677,27.6072,14.4555,9.0546,3.1671,0.0,12.4833,40.3677,11.5922,2.3622,0.7031,HIGH
VM_001,1378749300,85.45,42.7932,22.9031,9.4537,9.4754,2.8845,0.0,11.3632,42.7932,11.3532,2.5145,0.7227,HIGH
VM_001,1378749600,82.6,26.7285,16.9136,14.339,11.9041,0.7227,0.0,10.2606,26.7285,8.4926,2.9406,0.7774,HIGH
VM_001,1378749900,73.0167,52.6606,28.1712,17.5706,9.9907,0.0,0.0,12.6393,52.6606,15.3707,4.5928,0.9894,HIGH
VM_001,1378750200,78.85,2.295,3.6346,13.3283,19.7147,4.7392,4.1855,10.534,24.1516,7.2644,5.055,1.0,HIGH
VM_001,1378750500,87.9,3.6212,4.7778,11.3467,16.7816,6.5173,4.0228,9.2277,19.5166,5.6156,4.9863,1.0,HIGH
VM_001,1378750800,91.1,12.2059,18.7713,24.0813,23.7454,9.9946,0.0,15.232,28.5251,9.0026,5.0067,1.0,HIGH
VM_001,1378751100,90.3,24.3119,32.4679,34.4734,27.1717,16.7312,5.2443,22.2078,35.1898,10.1838,5.0053,1.0,HIGH
VM_001,1378751400,86.0833,20.2984,24.5905,26.9003,22.9587,13.4357,5.2435,18.9898,29.7405,7.9658,4.9488,1.0,HIGH
VM_001,1378751700,76.3167,29.8934,21.8499,20.0952,22.634,11.8709,0.8487,17.6141,29.8934,9.1275,5.4126,1.0,HIGH
VM_001,1378752000,76.5167,18.8921,18.7364,24.1981,25.1434,12.7688,7.3265,18.5988,30.5698,7.5625,5.8422,1.0,HIGH
VM_001,1378752300,89.9333,8.5853,9.7937,14.9182,18.747,7.2268,4.3446,11.6639,20.6477,5.3198,5.7528,1.0,HIGH
VM_001,1378752600,91.5167,12.3893,14.0979,17.5746,17.2057,6.6853,0.0,11.9109,21.2873,6.5156,5.6956,1.0,HIGH
VM_001,1378752900,89.8333,17.2049,20.7177,22.8738,19.2551,9.9153,0.4504,15.1333,24.8219,7.5337,5.4969,1.0,HIGH
VM_001,1378753200,85.9667,18.2303,20.9832,23.6604,19.5471,9.8686,1.1085,15.7741,26.1247,7.903,5.2264,1.0,HIGH
VM_001,1378753500,76.1667,27.2027,22.0316,19.7299,16.6206,9.4704,0.0,15.2266,27.2027,8.5254,5.5858,1.0,HIGH
VM_001,1378753800,76.7333,19.0683,20.9029,26.6767,28.7166,16.7591,6.8082,21.3548,33.6268,8.1581,5.8866,1.0,HIGH
VM_001,1378754100,89.95,12.9842,14.6141,18.9814,19.5229,8.6979,0.5458,13.398,22.8276,6.792,5.8687,1.0,HIGH
VM_001,1378754400,92.25,15.388,18.4009,21.3342,18.93,7.6805,0.0,13.832,23.8133,7.6224,5.9492,1.0,HIGH
VM_001,1378754700,92.6833,17.3322,21.0623,23.5248,19.514,9.0961,0.2504,15.1353,24.9659,7.7686,6.0586,1.0,HIGH
VM_001,1378755000,90.95,25.543,29.2325,31.61,26.3148,13.9364,2.939,21.4726,33.2595,9.804,6.1044,1.0,HIGH
VM_001,1378755300,80.8833,26.1144,27.8216,29.6329,27.3818,16.4983,5.9638,22.7005,33.8335,8.9655,6.1683,1.0,HIGH
VM_001,1378755600,72.4833,27.746,30.2135,31.3522,29.8544,23.8037,17.487,26.1577,32.6052,5.0222,6.6558,1.0,HIGH
VM_001,1378755900,92.9333,23.1103,25.0976,22.7225,22.6225,20.4757,17.2657,21.4184,25.0976,1.9435,6.7892,1.0,HIGH
VM_001,1378756200,91.5333,23.6017,23.3781,18.2351,22.2131,18.3732,7.5192,18.7979,23.6017,4.4881,6.9083,1.0,HIGH
VM_001,1378756500,88.2833,22.9962,20.0575,14.8013,20.1119,18.2201,5.284,16.589,22.9962,4.5029,6.9391,1.0,HIGH
VM_001,1378756800,92.9333,25.6231,23.9208,19.9976,21.7648,20.0993,12.4798,20.429,25.6231,3.5917,7.0897,1.0,HIGH
VM_001,1378757100,91.35,43.1986,37.4485,32.2002,38.2566,37.8581,41.9325,38.5742,43.1986,3.4267,6.6454,1.0,HIGH
VM_001,1378757400,91.5833,47.0131,53.9683,57.1939,50.4935,44.4688,45.0204,49.8029,57.1939,4.316,6.5241,1.0,HIGH
VM_001,1378757700,89.7833,54.6131,47.7415,41.4578,31.9054,24.9831,13.9322,32.9276,54.6131,11.6343,6.5476,1.0,HIGH
VM_001,1378758000,83.35,81.7954,52.9392,32.4318,18.2894,8.6343,0.0,23.1515,81.7954,22.8001,6.5278,1.0,HIGH
VM_001,1378758300,86.2167,18.833,13.6741,16.5416,13.4868,1.3289,0.0,9.5221,18.833,7.1249,6.4824,1.0,HIGH
VM_001,1378758600,91.1,12.9731,9.157,10.9383,12.9757,2.1606,0.0,7.5808,15.0574,5.2609,6.5486,1.0,HIGH
VM_001,1378758900,84.9833,17.1516,14.2293,16.1706,12.7782,0.3484,0.0,8.8428,18.3959,7.3952,6.1786,1.0,HIGH
VM_001,1378759200,90.2167,18.8739,16.3968,15.2603,9.6336,1.5775,1.2368,8.0075,18.8739,6.4779,5.7803,1.0,HIGH
VM_001,1378759500,92.85,16.8112,18.6839,19.3867,13.9334,1.3426,1.8613,10.2145,20.3148,7.7116,5.8604,1.0,HIGH
VM_001,1378759800,88.6167,19.1225,15.7841,14.5039,10.6106,0.0112,0.0,8.5295,19.1225,7.0513,5.8096,1.0,HIGH
VM_001,1378760100,91.8333,22.0676,18.584,15.0822,11.6195,4.1716,4.2105,10.4708,22.0676,6.0027,5.8564,1.0,HIGH
VM_001,1378760400,94.4667,16.2649,15.2226,12.8993,9.4071,2.6978,0.0534,8.076,16.2649,5.4256,6.0001,1.0,HIGH
VM_001,1378760700,79.2667,27.5992,26.6425,23.8951,17.4596,10.8181,4.5431,16.2897,27.5992,8.0594,5.7608,1.0,HIGH
VM_001,1378761000,93.2167,20.1107,17.6524,15.0139,12.4512,10.8326,9.5919,12.8779,20.1107,3.1081,5.2959,1.0,HIGH
VM_001,1378761300,91.8667,20.1304,18.2567,14.293,18.0267,13.8958,9.3438,14.995,20.1304,2.9824,5.3267,1.0,HIGH
VM_001,1378761600,88.1667,28.2731,25.2554,21.1469,24.9806,20.4167,10.7645,20.5146,28.2731,4.8581,5.2829,1.0,HIGH
VM_001,1378761900,93.5333,27.3648,26.3347,22.3699,20.9807,19.5429,16.1983,20.7557,27.3648,3.2305,5.3128,1.0,HIGH
VM_001,1378762200,92.2333,35.5454,36.7999,33.8457,32.008,26.135,19.5264,29.5468,36.7999,5.7542,5.3412,1.0,HIGH
VM_001,1378762500,87.9,32.9143,33.0877,30.8926,31.981,26.5692,17.1201,27.7389,33.0877,5.0148,5.0682,1.0,HIGH
VM_001,1378762800,93.4,32.2782,32.5315,30.065,26.7694,24.8544,16.6473,26.4789,32.5315,4.5133,3.6767,0.8718,HIGH
VM_001,1378763100,92.0,33.5598,35.4198,31.6036,28.5823,22.5703,14.754,26.5577,35.4198,6.4137,3.6499,0.8684,HIGH
VM_001,1378763400,86.3667,32.1842,36.6452,35.1021,31.5109,24.2343,17.9451,28.4462,36.6452,6.1241,3.7092,0.876,HIGH
VM_001,1378763700,88.55,36.4189,38.2019,34.049,28.4948,23.6244,12.2181,27.3009,38.2019,7.5583,3.7048,0.8754,HIGH
VM_001,1378764000,89.3667,41.6482,39.5882,31.9791,26.5336,22.3016,9.1748,25.9288,41.6482,9.0271,3.6458,0.8679,HIGH
VM_001,1378764300,90.4833,32.5658,34.9975,35.1516,33.4459,26.1256,20.2191,29.6452,37.2979,5.9041,3.6327,0.8662,HIGH
VM_001,1378764600,55.9833,24.6956,27.0782,29.8308,35.025,24.3775,14.0949,26.6194,35.025,6.862,7.7451,1.0,HIGH
VM_001,1378764900,0.7167,8.0659,9.5605,11.0916,10.9159,6.8295,1.9972,8.3032,11.0916,2.719,19.4402,1.0,HIGH
VM_001,1378765200,0.6833,4.4609,5.1815,4.2211,3.6241,0.5566,0.2715,2.9766,5.1815,1.6697,25.8947,1.0,HIGH
VM_001,1378765500,0.75,5.1173,4.1692,1.4184,2.6447,0.0,4.9992,2.4958,5.1173,1.569,30.5962,1.0,HIGH
VM_001,1378765800,0.7167,6.4102,3.5562,0.0,3.0824,3.6025,12.2042,4.2184,12.2042,3.3206,34.1927,1.0,HIGH
VM_001,1378766100,0.6833,1.7114,0.5567,0.0,1.0905,1.0085,8.6587,2.0044,8.6587,2.5326,37.1799,1.0,HIGH
VM_001,1378766400,0.5667,0.5001,0.0,0.0,1.1914,0.4104,6.1681,1.3013,6.1681,1.8135,39.5079,1.0,HIGH
VM_001,1378766700,0.5667,0.3603,1.1359,0.5296,0.5327,0.4318,3.4551,0.9975,3.4551,1.0352,41.2756,1.0,HIGH
VM_001,1378767000,0.7333,0.4618,1.2962,0.6942,0.7571,0.2442,1.9134,0.9791,1.9134,0.4872,42.7378,0.7974,HIGH
VM_001,1378767300,0.7167,0.0,0.9627,0.8047,0.6588,0.4221,2.7806,0.9145,2.7806,0.761,43.7225,0.9468,HIGH
VM_001,1378767600,0.7,1.0617,1.6283,1.3881,1.0839,1.1154,2.3911,1.3086,2.3911,0.481,44.2402,0.788,HIGH
VM_001,1378767900,0.7,1.2358,1.966,2.005,1.1647,1.2775,3.0474,1.4782,3.0474,0.7308,44.975,0.9022,HIGH
VM_001,1378768200,0.6167,0.4874,1.5621,1.5007,0.4066,0.8452,2.744,0.9839,2.744,0.8092,44.894,0.9359,HIGH
VM_001,1378768500,0.6667,1.3399,1.7755,1.4271,1.3143,0.6803,1.7111,0.9828,1.7755,0.5523,44.5318,0.8084,HIGH
VM_001,1378768800,0.7,0.1483,1.2653,0.8853,0.747,0.0,1.0405,0.4313,1.2653,0.4345,44.0189,0.8165,HIGH
VM_001,1378769100,0.7333,0.0,0.6396,0.3699,0.0,0.0,0.8939,0.1847,0.8939,0.2935,42.8646,0.8484,HIGH
VM_001,1378769400,0.6667,0.0,0.6059,0.6211,0.3208,0.3875,1.2156,0.332,1.2156,0.364,41.3918,0.8507,HIGH
VM_001,1378769700,0.75,0.0,0.3071,0.498,0.2073,0.3547,0.3658,0.22,0.498,0.157,39.7876,0.7158,HIGH
VM_001,1378770000,0.7,0.0,0.3444,0.3263,0.0753,0.372,0.6183,0.2414,0.6183,0.1886,37.3145,0.7102,HIGH
VM_001,1378770300,0.7,0.0,0.4797,0.274,0.0541,0.3769,0.44,0.2586,0.4797,0.1602,34.3466,0.6797,HIGH
VM_001,1378770600,0.7333,0.0,0.4165,0.1722,0.0,0.3086,0.2951,0.1579,0.4165,0.1533,31.2028,0.6814,HIGH
VM_001,1378770900,0.5833,0.0,0.2876,0.1733,0.0,0.1346,0.1265,0.0767,0.2876,0.0894,26.9533,0.7023,HIGH
VM_001,1378771200,0.7,0.0,0.4315,0.2555,0.0,0.0347,0.0,0.0755,0.4315,0.1296,21.1046,0.6839,HIGH
VM_001,1378771500,0.65,0.0,0.2741,0.2177,0.0137,0.256,0.0,0.141,0.5172,0.1531,11.288,0.6996,HIGH
VM_001,1378771800,0.5833,0.0,0.3565,0.2268,0.0118,0.3797,0.0,0.1803,0.6501,0.1976,0.0569,0.1357,MEDIUM
VM_001,1378772100,0.7333,0.1145,0.6395,0.3463,0.2762,0.3361,0.3526,0.3774,0.6395,0.1345,0.0575,0.0695,MEDIUM
VM_001,1378772400,0.7167,0.1828,0.6048,0.329,0.3807,0.1915,0.2138,0.3525,0.6048,0.1275,0.0579,0.0573,MEDIUM
VM_001,1378772700,0.7167,0.3262,0.9267,0.5488,0.4175,0.0396,0.2063,0.4001,0.9267,0.2199,0.0566,0.1122,MEDIUM
VM_001,1378773000,0.7,0.433,1.0458,0.6832,0.2993,0.0,0.2657,0.3377,1.0458,0.2874,0.0562,0.164,MEDIUM
VM_001,1378773300,0.7167,0.4514,0.9647,0.6505,0.3009,0.0,0.2972,0.3319,0.9647,0.2651,0.0567,0.1519,MEDIUM
VM_001,1378773600,0.5833,0.4085,0.9284,0.6486,0.273,0.0,0.3026,0.3088,0.9284,0.2638,0.0554,0.1511,MEDIUM
VM_001,1378773900,0.6167,0.2955,0.7711,0.5362,0.1863,0.0,0.4406,0.2793,0.7711,0.2149,0.0517,0.12,MEDIUM
VM_001,1378774200,0.6667,0.2149,0.6931,0.5125,0.1209,0.0,0.4171,0.2227,0.6931,0.215,0.0507,0.1183,MEDIUM
VM_001,1378774500,0.65,0.4312,0.511,0.4345,0.3769,0.1909,0.3633,0.3468,0.511,0.0952,0.0505,0.0443,MEDIUM
VM_001,1378774800,0.6833,0.6547,0.5966,0.6115,0.6208,0.5206,0.5926,0.5668,0.6547,0.0658,0.0503,0.0343,MEDIUM
VM_001,1378775100,0.7333,0.9236,0.7224,0.6978,0.6978,0.5857,0.6836,0.6556,0.9236,0.1074,0.0514,0.06,MEDIUM
VM_001,1378775400,0.75,0.8364,0.665,0.6678,0.6231,0.5414,0.628,0.607,0.8364,0.0907,0.0515,0.0516,MEDIUM
VM_001,1378775700,0.6833,0.7644,0.5995,0.6466,0.588,0.5635,0.6394,0.5942,0.7644,0.0693,0.0514,0.0413,MEDIUM
VM_001,1378776000,0.7,0.8772,0.6627,0.7205,0.6277,0.6034,0.6938,0.648,0.8772,0.0864,0.0514,0.0482,MEDIUM
VM_001,1378776300,0.7167,0.9673,0.7039,0.7526,0.6894,0.6826,0.7771,0.7046,0.9673,0.0994,0.0508,0.055,MEDIUM
VM_001,1378776600,0.6333,0.9579,0.6833,0.7194,0.6592,0.6706,0.7542,0.6861,0.9579,0.102,0.0518,0.0571,MEDIUM
VM_001,1378776900,0.7167,0.6598,0.5421,0.6378,0.5788,0.5785,0.6357,0.5916,0.6598,0.0448,0.0503,0.0238,LOW
VM_001,1378777200,0.7,0.6945,0.5839,0.7366,0.6326,0.6179,0.6983,0.6443,0.7366,0.0488,0.0503,0.0245,LOW
VM_001,1378777500,0.7,0.7532,0.6133,0.7733,0.6442,0.6496,0.7548,0.676,0.7733,0.061,0.0503,0.0269,LOW
VM_001,1378777800,0.7167,0.7303,0.5792,0.7116,0.6014,0.6279,0.7379,0.6413,0.7379,0.0649,0.0497,0.0278,LOW
VM_001,1378778100,0.7,0.6812,0.5647,0.668,0.6106,0.6004,0.629,0.6173,0.6812,0.0427,0.0452,0.0215,LOW
VM_001,1378778400,0.7,0.6396,0.4613,0.5664,0.5346,0.5643,0.653,0.564,0.653,0.0684,0.0452,0.0301,MEDIUM
VM_001,1378778700,0.5833,0.6695,0.4679,0.6416,0.6385,0.7126,0.5735,0.641,0.8533,0.1055,0.0494,0.0519,MEDIUM
VM_001,1378779000,0.6833,0.9416,0.443,0.7768,1.0137,1.3155,0.0099,0.9086,1.9904,0.598,0.0446,0.2399,HIGH
VM_001,1378779300,0.6,0.9286,0.4387,0.666,0.9994,1.3128,0.0371,0.884,1.9781,0.5878,0.0469,0.2356,HIGH
VM_001,1378779600,0.7,0.7334,0.4224,0.5799,0.7288,0.9443,0.2256,0.6988,1.3533,0.3478,0.0464,0.1393,MEDIUM
VM_001,1378779900,0.7167,0.679,0.4754,0.5006,0.6558,0.7519,0.4792,0.628,0.9388,0.1547,0.0464,0.0633,MEDIUM
VM_001,1378780200,0.6167,0.6249,0.4586,0.5154,0.6414,0.7137,0.3938,0.6055,0.9316,0.1594,0.0481,0.0698,MEDIUM
VM_001,1378780500,0.65,0.509,0.4264,0.4208,0.431,0.5074,0.5183,0.4791,0.5757,0.0599,0.0477,0.0274,LOW
VM_001,1378780800,0.65,0.4877,0.4339,0.4179,0.4005,0.4647,0.5511,0.4622,0.5511,0.0584,0.0439,0.0279,LOW
VM_001,1378781100,0.6167,0.5169,0.4663,0.4494,0.4164,0.4878,0.5721,0.4857,0.5721,0.0569,0.0439,0.0278,LOW
VM_001,1378781400,0.6333,0.5037,0.4592,0.4409,0.4079,0.48,0.5682,0.4787,0.5682,0.0576,0.0448,0.0282,LOW
VM_001,1378781700,0.7333,0.5228,0.4757,0.453,0.425,0.5036,0.5844,0.4957,0.5868,0.0603,0.0458,0.0291,LOW
VM_001,1378782000,0.7167,0.5418,0.5058,0.4832,0.4529,0.5231,0.6067,0.5204,0.6067,0.0573,0.0464,0.0283,LOW
VM_001,1378782300,0.65,0.5679,0.5449,0.5191,0.4825,0.5506,0.635,0.5506,0.6401,0.0582,0.0455,0.0292,LOW
VM_001,1378782600,0.6333,0.5796,0.5623,0.5379,0.4912,0.5722,0.6789,0.5708,0.6789,0.0675,0.0436,0.0325,MEDIUM
VM_001,1378782900,0.5167,0.5997,0.5841,0.5267,0.5136,0.6222,0.6867,0.5867,0.7146,0.0794,0.0539,0.0386,MEDIUM
VM_001,1378783200,0.6667,0.6055,0.5925,0.5298,0.5192,0.6297,0.6893,0.5921,0.7221,0.0802,0.0535,0.0388,MEDIUM
VM_001,1378783500,0.7,0.6262,0.6173,0.5456,0.5459,0.6607,0.7092,0.6139,0.7488,0.083,0.0529,0.0398,MEDIUM
VM_001,1378783800,0.7167,0.5804,0.5697,0.538,0.4877,0.581,0.7021,0.5771,0.7021,0.0758,0.0535,0.0364,MEDIUM
VM_001,1378784100,0.7333,0.5822,0.5743,0.541,0.4901,0.5835,0.7093,0.5805,0.7093,0.0771,0.0543,0.037,MEDIUM
VM_001,1378784400,0.65,0.6018,0.586,0.5749,0.5386,0.647,0.6939,0.6185,0.7038,0.0611,0.0539,0.0287,LOW
VM_001,1378784700,0.7333,0.5469,0.5651,0.5417,0.4814,0.6279,0.666,0.5794,0.6694,0.068,0.0553,0.0299,MEDIUM
VM_001,1378785000,0.65,0.4138,0.4971,0.4778,0.3754,0.5964,0.5396,0.4936,0.5964,0.0728,0.0544,0.0331,MEDIUM
VM_001,1378785300,0.6667,0.6919,0.5807,0.6275,0.6737,0.847,0.5179,0.7119,1.0952,0.1679,0.0538,0.0752,MEDIUM
VM_001,1378785600,0.6833,0.71,0.6195,0.5907,0.6678,0.8032,0.6698,0.7047,0.946,0.1017,0.0534,0.0489,MEDIUM
VM_001,1378785900,0.5833,0.6645,0.6096,0.5878,0.6216,0.746,0.6965,0.6761,0.8541,0.0785,0.0534,0.0392,MEDIUM
VM_001,1378786200,0.7333,0.6544,0.596,0.6015,0.6225,0.7563,0.6357,0.6764,0.901,0.0893,0.0552,0.0432,MEDIUM
VM_001,1378786500,0.6167,0.7036,0.631,0.6051,0.6754,0.8027,0.685,0.7122,0.9488,0.0962,0.0545,0.0476,MEDIUM
VM_001,1378786800,0.7167,0.8002,0.6668,0.6309,0.7985,0.9501,0.6559,0.7937,1.1702,0.1608,0.0551,0.0708,MEDIUM
VM_001,1378787100,0.7,0.7297,0.5294,0.6201,0.879,1.3425,0.0927,0.8351,1.7727,0.4803,0.0545,0.2057,HIGH
VM_001,1378787400,0.7333,0.5106,0.4671,0.5126,0.6479,1.1463,0.1102,0.6692,1.3422,0.3491,0.0552,0.1528,MEDIUM
VM_001,1378787700,0.5833,0.5928,0.4501,0.5251,0.7874,1.366,0.0,0.7588,1.6988,0.4896,0.0578,0.2114,HIGH
VM_001,1378788000,0.5667,0.6061,0.5722,0.5175,0.7115,1.0415,0.5078,0.7086,1.088,0.1892,0.0613,0.0765,MEDIUM
VM_001,1378788300,0.7333,1.1276,1.0739,0.7979,1.4142,1.4424,0.9153,1.1368,1.4519,0.2361,0.062,0.0853,MEDIUM
VM_001,1378788600,0.7,0.283,0.6806,0.5331,0.5898,0.9553,0.9798,0.7082,1.1413,0.2676,0.0619,0.1094,MEDIUM
VM_001,1378788900,0.7167,0.0969,0.7678,0.8216,0.5513,0.7782,0.9177,0.7029,1.1804,0.3183,0.0612,0.136,MEDIUM
VM_001,1378789200,0.7,0.4227,0.5309,0.4435,0.4562,0.6682,0.6486,0.5334,0.7002,0.108,0.0608,0.042,MEDIUM
VM_001,1378789500,0.6667,0.5034,0.5745,0.4918,0.5295,0.6853,0.7272,0.5919,0.7425,0.1,0.0606,0.0399,MEDIUM
VM_001,1378789800,0.65,0.6063,0.6281,0.5329,0.6201,0.7275,0.8066,0.6591,0.8066,0.0997,0.0603,0.0416,MEDIUM
VM_001,1378790100,0.6167,0.6123,0.6337,0.5328,0.6317,0.7422,0.8176,0.6673,0.8176,0.1029,0.052,0.0414,MEDIUM
VM_001,1378790400,0.6167,0.6722,0.6568,0.5336,0.6176,0.6852,0.7927,0.6604,0.7927,0.0851,0.0534,0.0375,MEDIUM
VM_001,1378790700,0.6167,0.6269,0.6373,0.5591,0.6574,0.7282,0.8423,0.6851,0.8423,0.095,0.0543,0.0405,MEDIUM
VM_001,1378791000,0.6167,0.6638,0.6434,0.5333,0.6546,0.7179,0.8228,0.6772,0.8228,0.095,0.0544,0.0412,MEDIUM
VM_001,1378791300,0.5,0.7913,0.6906,0.4596,0.5129,0.5358,0.6415,0.5817,0.7913,0.0958,0.0621,0.0472,MEDIUM
VM_001,1378791600,0.6,0.6789,0.6598,0.538,0.583,0.6373,0.7748,0.6416,0.7748,0.0779,0.0632,0.0361,MEDIUM
VM_001,1378791900,0.65,0.756,0.6958,0.5192,0.5612,0.6086,0.7258,0.6298,0.756,0.0817,0.0609,0.0358,MEDIUM
VM_001,1378792200,0.6167,0.8994,0.7751,0.5108,0.529,0.5351,0.6478,0.6103,0.8994,0.1169,0.0613,0.0538,MEDIUM
VM_001,1378792500,0.5833,0.8239,0.7518,0.5311,0.5458,0.586,0.6967,0.6305,0.8239,0.0939,0.0626,0.0427,MEDIUM
VM_001,1378792800,0.6,0.72,0.7096,0.5847,0.6131,0.6745,0.799,0.6776,0.799,0.0723,0.0627,0.0334,MEDIUM
VM_001,1378793100,0.6167,0.8788,0.7428,0.4707,0.5111,0.5135,0.6012,0.584,0.8788,0.1145,0.0617,0.0562,MEDIUM
VM_001,1378793400,0.6167,0.6777,0.6671,0.5642,0.629,0.6794,0.7916,0.6697,0.7916,0.0703,0.0589,0.0345,MEDIUM
VM_001,1378793700,0.6167,0.6451,0.7237,0.6897,0.7089,0.7677,0.9001,0.7487,0.9001,0.0752,0.0589,0.0377,MEDIUM
VM_001,1378794000,0.6833,0.491,0.7103,0.6308,0.6629,0.8919,0.8793,0.7322,0.9005,0.12,0.0574,0.0558,MEDIUM
VM_001,1378794300,0.7,0.3624,0.6175,0.5947,0.5165,0.7195,0.6612,0.5899,0.7435,0.1034,0.0574,0.0524,MEDIUM
VM_001,1378794600,0.6833,0.3769,0.6258,0.5991,0.5239,0.7226,0.6659,0.5964,0.7452,0.1005,0.0546,0.0506,MEDIUM
VM_001,1378794900,0.5333,0.1802,0.5632,0.4806,0.421,0.8294,0.6388,0.542,0.8294,0.1686,0.0575,0.0842,MEDIUM
VM_001,1378795200,0.65,0.2993,0.5964,0.5555,0.4833,0.7425,0.6381,0.567,0.7425,0.1206,0.0558,0.0596,MEDIUM
VM_001,1378795500,0.6667,0.3968,1.1028,0.8988,0.5545,0.9089,0.8903,0.7364,1.1028,0.1864,0.0524,0.0902,MEDIUM
VM_001,1378795800,0.6833,0.3369,1.0586,0.8851,0.5007,0.9983,0.8548,0.7198,1.0586,0.2002,0.0515,0.092,MEDIUM
VM_001,1378796100,0.6333,0.5655,1.0688,0.9167,0.6631,1.0199,1.0058,0.8325,1.0688,0.1443,0.0484,0.0657,MEDIUM
VM_001,1378796400,0.6,0.7865,1.0777,0.83,0.9731,1.3244,1.2769,1.045,1.3244,0.1663,0.0464,0.0696,MEDIUM
VM_001,1378796700,0.6167,0.9301,1.0123,0.5786,1.2172,1.602,1.2765,1.1183,1.602,0.2842,0.0456,0.1269,MEDIUM
VM_001,1378797000,0.5833,0.6811,0.9305,0.5949,0.9768,1.3021,0.9334,0.9056,1.3021,0.194,0.0459,0.0895,MEDIUM
VM_001,1378797300,0.6333,0.6341,0.8109,0.5265,0.8908,1.2821,1.0079,0.8818,1.2821,0.2077,0.046,0.0953,MEDIUM
VM_001,1378797600,0.7,0.0093,0.8261,0.3074,0.528,1.7071,2.5375,1.1079,2.5375,0.7798,0.0487,0.3052,HIGH
VM_001,1378797900,45.65,11.1395,8.2143,5.636,6.9897,6.9709,7.7624,7.2915,11.1395,1.3364,9.1907,1.0,HIGH
VM_001,1378798200,90.45,39.7986,24.6999,13.668,14.8043,14.0719,17.6866,17.5789,39.7986,7.364,20.1494,1.0,HIGH
VM_001,1378798500,90.9333,59.2874,34.1497,15.7806,16.6032,18.3811,20.953,22.117,59.2874,12.2806,26.4874,1.0,HIGH
VM_001,1378798800,90.8,56.7402,38.6115,26.3478,26.9126,28.7788,27.6875,30.846,56.7402,8.5007,31.0927,1.0,HIGH
VM_001,1378799100,91.0333,49.9658,41.2928,35.5278,36.1753,37.5034,38.1653,38.5738,49.9658,3.9043,34.6989,1.0,HIGH
VM_001,1378799400,85.7333,51.8318,47.7479,45.2249,45.1557,46.8964,44.0976,46.1591,51.8318,2.5886,37.1571,1.0,HIGH
VM_001,1378799700,87.2,85.4331,81.8859,82.1369,81.216,74.4673,80.386,80.9573,88.1994,4.7903,39.2282,1.0,HIGH
VM_001,1378800000,89.0333,64.2655,56.6087,52.7496,54.2926,50.4565,48.2059,53.4694,64.2655,4.3239,40.9809,1.0,HIGH
VM_001,1378800300,88.9667,42.9298,43.6264,46.5545,55.2186,47.3494,42.3255,48.6323,55.3624,4.6078,42.325,1.0,HIGH
VM_001,1378800600,88.7167,47.2493,51.6185,59.5532,61.4551,41.5657,29.9284,50.6415,64.1074,10.9344,43.2889,1.0,HIGH
VM_001,1378800900,88.4667,52.3234,56.2386,65.8036,71.4975,47.3934,30.6268,56.6719,73.6059,13.5821,43.9007,1.0,HIGH
VM_001,1378801200,87.7833,50.7478,55.2372,63.2442,65.3571,40.9661,26.5903,51.9606,67.6982,13.4244,44.1612,1.0,HIGH
VM_001,1378801500,30.2333,48.4237,55.473,64.6738,61.1266,43.8351,44.8803,53.8011,64.6738,7.2467,43.3345,1.0,HIGH
VM_001,1378801800,0.7333,32.8145,37.7092,40.0898,33.2486,24.4758,28.4751,32.1111,40.1419,5.4099,43.3323,1.0,HIGH
VM_001,1378802100,0.7333,15.6527,23.0205,26.9248,27.3803,19.5306,20.9458,23.6436,32.7924,4.9179,43.3235,1.0,HIGH
VM_001,1378802400,0.7167,8.45,11.37,11.1115,13.8736,10.5749,11.4745,11.8759,15.4621,2.339,43.3206,1.0,HIGH
VM_001,1378802700,0.7167,4.1004,4.7601,3.4809,7.9614,10.1478,15.6349,8.6506,15.6349,3.9783,43.3184,1.0,HIGH
VM_001,1378803000,0.75,1.0924,0.0,0.0,1.3823,4.801,10.2203,3.2601,10.2203,3.3946,43.3155,1.0,HIGH
VM_001,1378803300,0.7167,0.8317,0.0,0.0,0.0,0.1784,3.4006,0.6936,3.4006,1.1165,43.3119,1.0,HIGH
VM_001,1378803600,0.65,1.2233,0.0,0.0,0.0,0.8076,3.589,0.8084,3.589,1.158,43.3097,1.0,HIGH
VM_001,1378803900,0.7,1.2377,0.0,0.0,1.2625,5.5021,8.6548,3.0081,8.6548,2.8959,43.306,1.0,HIGH
VM_001,1378804200,0.5833,2.3616,0.0,0.0,2.6401,9.0109,11.9173,4.8683,11.9173,4.0115,43.306,1.0,HIGH
VM_001,1378804500,0.7167,3.526,0.0,0.0,0.0,6.0581,13.0352,3.5594,13.0352,4.227,43.3024,1.0,HIGH
VM_001,1378804800,1.3,0.684,0.0,0.0,0.0,2.3202,7.7913,1.5156,7.7913,2.4087,43.2763,1.0,HIGH
VM_001,1378805100,0.7333,0.0,0.0,0.0,0.0,0.0233,7.309,1.13,7.309,2.2698,44.1774,1.0,HIGH
VM_001,1378805400,0.7,2.637,0.0,0.0,0.0,0.0,9.642,1.5903,9.642,2.872,43.7325,1.0,HIGH
VM_001,1378805700,0.7,3.8839,0.0,0.0,0.0,0.0,9.4628,1.5531,9.4628,2.8291,42.9173,1.0,HIGH
VM_001,1378806000,0.7,2.9105,0.0,0.0,0.0,0.5625,11.1298,1.8925,11.1298,3.275,41.7426,1.0,HIGH
VM_001,1378806300,0.6667,2.7085,0.1274,0.0,0.0,2.6981,13.0378,2.5522,13.0378,3.8297,40.1544,1.0,HIGH
VM_001,1378806600,0.7333,0.0,0.0,0.5094,1.7767,7.4016,11.3078,3.8387,11.3078,3.6384,38.5015,1.0,HIGH
VM_001,1378806900,0.5833,0.0,0.0023,1.9981,1.4601,7.9776,10.2975,3.9124,10.2975,3.3241,36.3042,1.0,HIGH
VM_001,1378807200,0.7,0.0,0.4903,1.4942,1.0611,3.712,2.5066,1.6782,4.4192,1.3095,33.3899,1.0,HIGH
VM_001,1378807500,0.65,0.0,2.1326,3.189,2.8329,3.2968,0.8056,2.1411,3.5392,1.2245,29.732,1.0,HIGH
VM_001,1378807800,0.6167,0.0,1.1425,1.8447,1.0366,1.5398,0.0,0.9709,1.858,0.7387,25.032,1.0,HIGH
VM_001,1378808100,0.7,0.0,1.5115,2.3501,1.8535,2.1131,0.0,1.3784,2.7124,1.0361,18.5163,1.0,HIGH
VM_001,1378808400,0.7333,0.0,1.2486,1.5897,0.6244,0.7502,0.0,0.6783,1.5897,0.5763,6.0261,0.9727,HIGH
VM_001,1378808700,0.6167,0.0,0.8284,0.5809,0.0,0.0,0.0,0.1663,0.8284,0.2687,0.1337,0.3724,HIGH
VM_001,1378809000,0.6167,0.0,0.8641,0.6696,0.0,0.0,0.0,0.166,0.8641,0.2992,0.1351,0.2104,HIGH
VM_001,1378809300,0.6,0.0,1.0939,0.73,0.0,0.0,0.0,0.1573,1.0939,0.346,0.1368,0.4054,HIGH
VM_001,1378809600,0.6667,0.0,0.6488,0.218,0.0,0.0,0.0,0.0722,0.6488,0.1839,0.137,0.2619,HIGH
VM_001,1378809900,0.7333,0.0,0.7175,0.3004,0.0,0.0,0.0,0.0848,0.7175,0.2079,0.1371,0.2413,HIGH
VM_001,1378810200,0.7167,0.0,1.0252,0.5565,0.0,0.0,0.0,0.1327,1.0252,0.3095,0.1368,0.3076,HIGH
VM_001,1378810500,0.65,0.0,1.2819,0.7514,0.0,0.0,0.0,0.1738,1.2819,0.3924,0.1372,0.3577,HIGH
VM_001,1378810800,0.6167,0.0,1.2378,0.6804,0.0,0.0,0.0,0.1666,1.2378,0.3729,0.1378,0.3376,HIGH
VM_001,1378811100,0.6667,0.6471,1.4359,0.7165,0.0,0.0,0.0,0.2714,1.4359,0.4299,0.138,0.3113,HIGH
VM_001,1378811400,0.6667,0.6892,1.0597,0.5125,0.1305,0.0,0.1108,0.2551,1.0597,0.3251,0.1361,0.2045,HIGH
VM_001,1378811700,0.6833,1.3423,1.2368,0.8276,0.7698,0.2789,0.7649,0.6796,1.3423,0.3439,0.1361,0.1432,MEDIUM
VM_001,1378812000,0.7167,1.0613,0.9068,0.6329,0.6096,0.333,0.6566,0.5697,1.0613,0.2324,0.0463,0.0975,MEDIUM
VM_001,1378812300,0.7,1.0157,0.6657,0.3047,0.3156,0.1786,0.3699,0.3536,1.0157,0.2454,0.045,0.1138,MEDIUM
VM_001,1378812600,0.6,1.7973,0.8901,0.0,0.0,0.0,0.0,0.2239,1.7973,0.5339,0.0469,0.2764,HIGH
VM_001,1378812900,0.6333,1.1664,0.7164,0.293,0.349,0.0804,0.2841,0.355,1.1664,0.286,0.0469,0.1344,MEDIUM
VM_001,1378813200,0.7167,1.0468,0.3826,0.1161,0.3434,0.7672,1.2329,0.5747,1.2329,0.3404,0.0475,0.1382,MEDIUM
VM_001,1378813500,0.7167,0.852,0.1835,0.0,0.1651,1.0203,1.6697,0.5923,1.6697,0.5101,0.0486,0.2066,HIGH
VM_001,1378813800,0.6833,0.0099,0.0,0.0,0.0,1.5303,3.0262,0.743,3.0262,1.0187,0.0467,0.406,HIGH
VM_001,1378814100,0.6833,0.0,0.0,0.0,0.0086,3.088,5.6831,1.4819,5.6831,1.9286,0.0434,0.4056,HIGH
VM_001,1378814400,0.5667,0.8842,0.0,0.0,0.0,1.336,3.047,0.7773,3.047,1.001,0.0477,0.4061,HIGH
VM_001,1378814700,0.7167,0.4931,0.0,0.0,0.7016,2.1628,3.6287,1.263,3.6287,1.1167,0.0488,0.4063,HIGH
VM_001,1378815000,0.7167,1.4936,0.7804,0.2014,0.8484,0.4629,0.3576,0.5949,1.4936,0.3329,0.0485,0.159,MEDIUM
VM_001,1378815300,0.7167,1.2831,0.5374,0.0284,0.8469,0.7994,0.6641,0.6441,1.2831,0.3286,0.0491,0.1547,MEDIUM
VM_001,1378815600,0.6,0.5241,0.6445,1.0417,1.8638,1.0499,0.6156,1.0672,1.8638,0.4532,0.0494,0.1717,MEDIUM
VM_001,1378815900,82.95,38.0246,20.1338,5.8625,9.7106,10.837,7.1953,11.5171,38.0246,8.9251,16.7956,1.0,HIGH
VM_001,1378816200,24.4,7.8682,5.6631,4.2295,5.169,5.1711,5.4559,5.0922,7.8682,1.0461,17.2761,1.0,HIGH
VM_001,1378816500,0.6,2.5449,2.152,1.7455,1.9122,2.5388,2.7323,2.1961,2.7451,0.4146,17.2761,0.7531,HIGH
VM_001,1378816800,0.7167,3.4671,2.1916,1.2819,0.9732,2.2317,1.7239,1.7043,3.4671,0.8618,17.2756,0.9459,HIGH
VM_001,1378817100,22.4833,20.6216,10.046,1.4488,7.1657,10.4345,6.3903,7.639,20.6216,4.9926,17.6044,1.0,HIGH
VM_001,1378817400,34.35,27.9998,13.332,0.5286,7.3358,9.5737,5.7582,7.9184,27.9998,6.984,18.4826,1.0,HIGH
VM_001,1378817700,10.3667,4.5533,2.0699,0.4361,1.7336,0.8296,0.3273,1.1667,4.5533,1.1455,18.4347,1.0,HIGH
VM_001,1378818000,0.6667,0.4073,0.2393,0.0722,0.6728,0.8939,1.3432,0.6104,1.3432,0.4603,18.4339,0.7633,HIGH
VM_001,1378818300,0.65,2.5328,3.7662,4.943,4.8371,3.0648,2.8845,3.9395,5.3568,0.9376,18.4342,0.934,HIGH
VM_001,1378818600,0.7167,1.7517,2.3875,2.6617,1.6842,1.8221,1.9515,2.0756,2.7154,0.3764,18.4333,0.7366,HIGH
VM_001,1378818900,0.75,1.3723,1.3605,1.4358,0.9872,0.4767,0.2956,0.9561,1.5451,0.5684,18.4322,0.797,HIGH
VM_001,1378819200,0.6667,0.795,0.4128,0.5487,0.962,0.0,0.0,0.5174,1.2709,0.4234,18.4331,0.7923,HIGH
VM_001,1378819500,0.7,0.0,0.0,0.5302,1.3413,0.6177,0.0,0.7177,2.0084,0.7153,18.4331,0.9553,HIGH
VM_001,1378819800,0.5667,0.1225,0.0,0.1172,0.7771,0.1318,0.0253,0.3589,0.8949,0.3065,18.4336,0.7134,HIGH
VM_001,1378820100,0.6333,0.5052,0.2508,0.0953,0.2701,0.2238,0.4356,0.2963,0.5052,0.108,18.4336,0.6485,HIGH
VM_001,1378820400,0.7333,0.5206,0.51,0.4256,0.331,0.1667,0.3674,0.3414,0.5206,0.1191,18.4333,0.6421,HIGH
VM_001,1378820700,0.7167,0.9458,0.6436,0.3501,0.5344,0.4721,0.4393,0.5434,0.9458,0.2212,18.4333,0.6925,HIGH
VM_001,1378821000,0.7,0.7347,1.0815,1.0341,0.3359,0.2982,1.1929,0.6527,1.1929,0.2966,18.4331,0.7058,HIGH
VM_001,1378821300,0.6167,0.6147,0.7445,0.6942,0.3122,0.1833,0.4053,0.3945,0.7445,0.205,18.4342,0.6793,HIGH
VM_001,1378821600,0.6167,0.9844,1.427,1.3679,0.4155,0.2539,0.6998,0.637,1.427,0.4406,18.4333,0.7756,HIGH
VM_001,1378821900,0.65,0.7929,0.6268,0.4346,0.2365,0.0,0.4675,0.2822,0.7929,0.2384,18.4345,0.701,HIGH
VM_001,1378822200,0.7,1.0956,0.5754,0.1174,0.1203,0.0,0.0,0.1734,1.0956,0.3176,18.4347,0.7724,HIGH
VM_001,1378822500,0.75,0.0,0.0,0.0,0.2089,0.0662,0.075,0.0907,0.2089,0.069,18.4342,0.6473,HIGH
VM_001,1378822800,0.75,0.0939,0.1265,0.1873,0.268,0.1202,0.1987,0.1873,0.268,0.0567,18.4317,0.6206,HIGH
VM_001,1378823100,0.9,0.7681,0.4938,0.4832,0.5515,0.0,0.7532,0.4735,0.7681,0.2087,9.1722,0.6919,HIGH
VM_001,1378823400,0.6167,0.5232,0.4142,0.3926,0.325,0.178,0.5073,0.3636,0.5232,0.091,8.1437,0.6408,HIGH
VM_001,1378823700,0.5333,0.3484,0.224,0.0968,0.2382,0.1386,0.2468,0.1937,0.3484,0.0734,8.1447,0.6297,HIGH
VM_001,1378824000,0.6667,0.3046,0.2529,0.2662,0.375,0.2636,0.3043,0.3053,0.416,0.0526,8.1454,0.624,HIGH
VM_001,1378824300,0.7,0.4877,1.0423,1.1616,0.6655,0.4189,1.5241,0.7771,1.5241,0.346,7.0685,0.7362,HIGH
VM_001,1378824600,1.0667,2.2467,2.8922,2.1019,2.225,1.5819,3.2588,2.1919,3.2588,0.5577,1.9764,0.491,HIGH
VM_001,1378824900,0.6167,0.3808,0.7059,0.6613,0.3012,0.267,1.1124,0.4563,1.1124,0.2621,0.1082,0.1228,MEDIUM
VM_001,1378825200,0.8167,2.0569,1.8857,1.0319,2.0299,1.6085,1.8363,1.718,2.057,0.2856,0.1108,0.1354,MEDIUM
VM_001,1378825500,0.6,0.0,0.0,0.0,6.2865,8.4953,0.0,3.9527,18.0187,5.8968,0.1122,0.4144,HIGH
VM_001,1378825800,0.75,3.0843,0.0,0.0,11.7911,17.8296,0.0,7.7063,32.337,10.5888,0.1127,0.4145,HIGH
VM_001,1378826100,0.75,0.5008,0.0,0.0,14.8897,19.1005,0.0,8.731,38.2964,12.7083,0.1127,0.4145,HIGH
VM_001,1378826400,0.6667,0.0,0.0,0.0,16.2197,18.6857,0.0,9.064,39.1017,13.0722,0.1127,0.4145,HIGH
VM_001,1378826700,0.6,0.0,0.0,0.0,10.7562,10.6386,0.0,5.9457,25.1713,8.4027,0.1145,0.4147,HIGH
VM_001,1378827000,0.75,0.0,0.0,0.0,10.0936,6.0917,0.0,4.633,17.2596,6.1046,0.1116,0.4143,HIGH
VM_001,1378827300,0.6333,0.0,0.0,2.9475,11.1756,2.9482,0.0,4.053,11.1756,4.054,0.1116,0.4143,HIGH
VM_001,1378827600,0.65,0.0,1.0123,5.4463,7.4646,0.0,0.0,2.7373,9.2651,3.5266,0.1119,0.4144,HIGH
VM_001,1378827900,0.7333,0.0,2.5084,3.6006,4.2227,0.0,0.9911,1.9461,5.4694,1.9917,0.1121,0.4144,HIGH
VM_001,1378828200,0.6667,0.4509,0.3698,0.2855,0.3696,0.0887,0.2704,0.2778,0.4509,0.1053,0.1123,0.0572,MEDIUM
VM_001,1378828500,0.6167,0.3613,0.2581,0.2442,0.2016,0.1118,0.2215,0.2043,0.3613,0.0658,0.1123,0.0439,MEDIUM
VM_001,1378828800,0.6667,0.5422,0.4473,0.3788,0.2503,0.139,0.3083,0.286,0.5422,0.1221,0.1111,0.0672,MEDIUM
VM_001,1378829100,0.5833,0.1741,0.4064,0.5274,0.2231,0.0613,0.204,0.2288,0.5274,0.1499,0.1133,0.0845,MEDIUM
VM_001,1378829400,0.7333,0.2005,0.2276,0.26,0.1993,0.0842,0.1749,0.1837,0.26,0.0563,0.1135,0.0354,MEDIUM
VM_001,1378829700,0.7,0.2897,0.2224,0.2248,0.1668,0.1076,0.2,0.1875,0.2897,0.0459,0.113,0.036,MEDIUM
VM_001,1378830000,0.7,0.2912,0.2067,0.2167,0.1792,0.1502,0.2161,0.2018,0.2912,0.0363,0.1125,0.0311,MEDIUM
VM_001,1378830300,0.6167,0.0183,0.0,0.0725,0.1839,0.238,0.9002,0.2538,0.9002,0.2721,0.1048,0.1296,MEDIUM
VM_001,1378830600,0.5833,0.3627,0.2857,0.294,0.2533,0.2397,0.3704,0.2916,0.3704,0.0385,0.106,0.0291,LOW
VM_001,1378830900,0.6667,0.3238,0.3997,0.4032,0.3812,0.1941,0.3112,0.3245,0.4485,0.0742,0.1012,0.0431,MEDIUM
VM_001,1378831200,0.6833,0.2764,0.3783,0.4082,0.4029,0.2119,0.3362,0.335,0.4735,0.0745,0.1011,0.0439,MEDIUM
VM_001,1378831500,0.75,0.1658,0.1066,0.1903,0.2195,0.2158,0.6043,0.242,0.6043,0.1421,0.1018,0.0759,MEDIUM
VM_001,1378831800,0.7,0.0,0.0,0.0,0.0,0.2216,0.661,0.1316,0.661,0.2038,0.0633,0.1161,MEDIUM
VM_001,1378832100,0.6833,0.3218,0.5962,0.6388,0.4135,0.3771,0.5683,0.4406,0.6471,0.1328,0.062,0.0517,MEDIUM
VM_001,1378832400,0.65,0.3406,0.3397,0.4003,0.4327,0.4039,0.4187,0.3944,0.434,0.03,0.0549,0.0182,LOW
VM_001,1378832700,0.5167,0.0,0.0,0.4213,1.4586,0.7783,0.0,0.7478,2.3175,0.8167,0.0618,0.4079,HIGH
VM_001,1378833000,0.75,0.0,0.0,0.0,5.1684,6.7918,0.0,3.0144,12.8377,4.3141,0.0618,0.4079,HIGH
VM_001,1378833300,0.7,0.0,0.0,3.3007,10.6509,3.7182,0.0,4.353,10.6509,4.2487,0.0598,0.4077,HIGH
VM_001,1378833600,0.7167,0.0,0.0,0.0,18.1605,19.4311,0.0,9.6199,37.5187,12.881,0.0607,0.4078,HIGH
VM_001,1378833900,0.6667,0.7945,0.0,0.0,31.3078,33.957,0.0,16.7136,68.6541,23.2442,0.0589,0.4076,HIGH
VM_001,1378834200,0.6667,0.0,0.0,11.6685,38.5553,22.3251,0.0,17.9588,48.4363,18.3071,0.0564,0.4072,HIGH
VM_001,1378834500,0.7167,0.0,0.0,16.0598,51.3979,31.0084,0.0,24.0221,62.2819,23.8317,0.0568,0.4073,HIGH
VM_001,1378834800,0.7,0.0,0.0,3.3217,22.3611,15.2993,0.0,11.0931,35.4148,12.6755,0.0569,0.4073,HIGH
VM_001,1378835100,0.7167,0.0,3.1009,20.2947,31.3518,6.7329,0.0,12.74,31.3518,12.2886,0.0562,0.4072,HIGH
VM_001,1378835400,0.7333,0.0,1.5594,11.4515,17.1713,2.4034,0.0,6.5952,17.1713,6.9001,0.0575,0.4074,HIGH
VM_001,1378835700,0.55,0.0,0.2132,8.1265,13.5009,2.7223,0.0,5.2447,13.5009,5.2349,0.0619,0.4079,HIGH
VM_001,1378836000,0.6,0.0,0.0,2.0205,11.0341,5.4257,0.0,4.8156,13.5224,5.1665,0.0637,0.4082,HIGH
VM_001,1378836300,0.6167,0.0,0.0,0.7705,7.4014,4.8623,0.0,3.5311,11.6262,4.1702,0.0621,0.408,HIGH
VM_001,1378836600,0.6667,0.7424,0.9821,0.9697,0.4344,0.4545,0.5763,0.6011,0.9821,0.213,0.0607,0.0873,MEDIUM
VM_001,1378836900,0.6167,0.4013,0.5424,0.5607,0.1942,0.1982,0.2788,0.2991,0.5607,0.1427,0.0612,0.0626,MEDIUM
VM_001,1378837200,0.6167,0.2694,0.635,0.6028,0.0962,0.311,0.2737,0.2835,0.635,0.1746,0.0615,0.0747,MEDIUM
VM_001,1378837500,0.5167,0.3348,0.573,0.5875,0.1271,0.2062,0.2426,0.2697,0.5875,0.1664,0.0677,0.0718,MEDIUM
VM_001,1378837800,0.6333,0.0955,0.5941,0.5127,0.0194,0.4367,0.2568,0.251,0.5941,0.1727,0.0661,0.0765,MEDIUM
VM_001,1378838100,0.6667,0.0,0.9291,0.7838,0.0,0.5402,0.2208,0.2523,0.9291,0.3201,0.0661,0.1425,MEDIUM
VM_001,1378838400,0.5833,0.1802,0.8176,0.7103,0.1102,0.5712,0.412,0.3743,0.8176,0.2182,0.0677,0.0923,MEDIUM
VM_001,1378838700,0.7167,0.1673,0.6871,0.65,0.1382,0.4938,0.3453,0.3546,0.6871,0.1741,0.066,0.0734,MEDIUM
VM_001,1378839000,0.6833,0.3546,0.8007,0.7023,0.3152,0.6395,0.5079,0.4905,0.8007,0.1543,0.0656,0.0722,MEDIUM
VM_001,1378839300,0.5667,0.1701,0.7369,0.6394,0.2295,0.6423,0.4904,0.4287,0.7369,0.1716,0.0676,0.0757,MEDIUM
VM_001,1378839600,0.6,0.357,0.7749,0.6343,0.3384,0.6973,0.614,0.5188,0.7749,0.1345,0.0683,0.0604,MEDIUM
VM_001,1378839900,0.6833,0.2441,0.5469,0.4454,0.3898,0.6963,0.5609,0.4867,0.6963,0.1096,0.0627,0.0615,MEDIUM
VM_001,1378840200,0.7333,0.3341,0.5334,0.4476,0.3827,0.6167,0.5245,0.4702,0.6167,0.0765,0.0617,0.0413,MEDIUM
VM_001,1378840500,0.7333,0.0677,0.2298,0.2622,0.1826,0.3379,0.1778,0.229,0.3379,0.0631,0.0632,0.0401,MEDIUM
VM_001,1378840800,0.7333,0.3172,0.4342,0.448,0.2869,0.349,0.2725,0.3287,0.448,0.0711,0.064,0.0386,MEDIUM
VM_001,1378841100,0.5667,0.3781,0.4988,0.5383,0.3054,0.303,0.2898,0.3487,0.5383,0.1031,0.0664,0.0534,MEDIUM
VM_001,1378841400,0.6,0.3042,0.4324,0.5097,0.2325,0.2188,0.1886,0.2896,0.5097,0.11,0.0671,0.0502,MEDIUM
VM_001,1378841700,1.1833,0.0,0.0,0.0,3.7399,3.5845,0.0,1.8703,7.3238,2.5103,0.1279,0.4164,HIGH
VM_001,1378842000,0.7167,10.928,0.0,0.0,27.6758,36.2318,0.0,16.8537,57.9118,19.6042,0.1282,0.4164,HIGH
VM_001,1378842300,0.75,9.4252,0.0,0.0,45.1218,54.3439,0.0,25.7059,89.4167,30.7514,0.1289,0.4165,HIGH
VM_001,1378842600,0.6667,7.6021,0.0,0.0,35.1594,40.4446,0.0,19.667,68.8059,23.5126,0.1282,0.4164,HIGH
VM_001,1378842900,0.6833,1.3155,0.0,0.7863,32.2782,32.545,0.0,16.9244,57.4305,20.0061,0.1258,0.4161,HIGH
VM_001,1378843200,0.6167,0.0,0.0,15.4625,35.4884,17.6578,0.0,16.0979,37.1302,14.7073,0.1254,0.4161,HIGH
VM_001,1378843500,0.7167,3.1011,15.4969,23.0716,16.5509,1.5353,0.0,9.7889,26.2667,9.508,0.1251,0.4161,HIGH
VM_001,1378843800,0.7333,6.9572,13.0792,15.039,5.0994,0.0,0.0,5.4302,15.039,5.8905,0.1256,0.4161,HIGH
VM_001,1378844100,0.7333,4.827,8.2906,9.5395,5.5073,0.5799,0.902,4.186,10.3298,3.701,0.1253,0.4161,HIGH
VM_001,1378844400,0.6833,0.8487,0.8178,0.7653,0.8933,0.6954,0.3757,0.6805,0.9269,0.1753,0.1245,0.0812,MEDIUM
VM_001,1378844700,0.5833,0.5808,0.5175,0.4113,0.3848,0.3083,0.229,0.3898,0.5808,0.1016,0.1212,0.0572,MEDIUM
VM_001,1378845000,0.55,0.719,0.7445,0.5289,0.708,0.631,0.2878,0.5455,0.7445,0.1527,0.124,0.0702,MEDIUM
VM_001,1378845300,0.7,0.771,0.8875,0.5253,0.9139,0.9246,0.2084,0.6396,0.9246,0.2256,0.124,0.1006,MEDIUM
VM_001,1378845600,0.7333,0.68,0.8184,0.6413,0.7636,0.6864,0.2796,0.6001,0.8326,0.1688,0.1222,0.0811,MEDIUM
VM_001,1378845900,0.75,0.5496,0.3738,0.2991,0.2624,0.2044,0.156,0.2802,0.5496,0.1021,0.1227,0.0623,MEDIUM
VM_001,1378846200,0.5667,0.6882,0.4189,0.2517,0.3126,0.2867,0.2353,0.3348,0.6882,0.1239,0.1255,0.0697,MEDIUM
VM_001,1378846500,0.6833,0.5309,0.6957,0.4377,0.4705,0.527,0.0275,0.404,0.6957,0.1856,0.1227,0.0948,MEDIUM
VM_001,1378846800,0.6,0.5523,0.7492,0.5164,0.5819,0.5958,0.1756,0.4877,0.7492,0.1706,0.1227,0.0836,MEDIUM
VM_001,1378847100,0.7167,0.5733,0.61,0.5224,0.5516,0.6457,0.4366,0.5566,0.6457,0.0543,0.1227,0.0405,MEDIUM
VM_001,1378847400,0.7167,0.5997,0.6732,0.5312,0.6261,0.6865,0.5113,0.583,0.6865,0.0636,0.1226,0.0385,MEDIUM
VM_001,1378847700,0.6833,1.0659,0.8787,0.2374,0.1588,0.5687,0.3475,0.3807,1.0659,0.3088,0.1223,0.1489,MEDIUM
VM_001,1378848000,0.6333,1.0439,0.7663,0.1962,0.0328,0.451,0.4342,0.3464,1.0439,0.3049,0.1227,0.1571,MEDIUM
VM_001,1378848300,0.6333,0.67,0.6468,0.3728,0.3229,0.5164,0.372,0.4141,0.67,0.1344,0.1205,0.0704,MEDIUM
VM_001,1378848600,0.6667,0.6553,0.6298,0.2609,0.169,0.4774,0.2913,0.3261,0.6553,0.18,0.119,0.0863,MEDIUM
VM_001,1378848900,0.65,0.6833,0.5359,0.0086,0.05,0.4614,0.1726,0.2249,0.6833,0.2244,0.0583,0.1097,MEDIUM
VM_001,1378849200,0.6833,0.0,0.0,0.0,0.0,0.2209,0.0,0.0422,0.2856,0.0953,0.0577,0.1297,MEDIUM
VM_001,1378849500,0.6667,0.0,0.0,0.0,0.0,0.291,0.0,0.0521,0.291,0.1027,0.0552,0.0784,MEDIUM
VM_001,1378849800,0.5667,0.1785,0.1814,0.0,0.095,0.25,0.0,0.1008,0.25,0.0862,0.059,0.0459,MEDIUM
VM_001,1378850100,0.6667,0.3081,0.4186,0.357,0.4103,0.477,0.2866,0.3686,0.477,0.0653,0.0589,0.0364,MEDIUM
VM_001,1378850400,0.7,0.4158,1.7671,2.3791,1.6928,0.5125,0.496,1.1833,2.7954,0.8832,0.0585,0.3096,HIGH
VM_001,1378850700,0.7167,0.1147,0.2914,0.4012,0.3696,0.2645,0.1806,0.2903,0.4355,0.0943,0.0585,0.0454,MEDIUM
VM_001,1378851000,0.8167,0.5421,0.4282,0.3441,0.0181,0.0538,0.0,0.1648,0.5421,0.1827,0.0647,0.0786,MEDIUM
VM_001,1378851300,0.7333,0.3578,0.3249,0.4408,0.4,0.367,0.4339,0.3894,0.4505,0.0423,0.0647,0.0231,LOW
VM_001,1378851600,0.6833,0.2507,0.2518,0.3388,0.4199,0.3871,0.3653,0.3558,0.4337,0.0593,0.0647,0.0299,MEDIUM
VM_001,1378851900,0.5667,0.2355,0.2679,0.3793,0.4147,0.3002,0.1546,0.3164,0.4297,0.0896,0.0658,0.041,MEDIUM
VM_001,1378852200,0.65,0.3642,0.3582,0.4138,0.4234,0.3869,0.3618,0.3828,0.4423,0.0423,0.0608,0.027,LOW
VM_001,1378852500,0.7167,0.2849,0.2772,0.3245,0.3859,0.3532,0.2516,0.3218,0.3972,0.0504,0.0612,0.0271,LOW
VM_001,1378852800,0.7333,0.4481,0.3461,0.3945,0.5297,0.4288,0.3117,0.4201,0.5556,0.0758,0.0612,0.0399,MEDIUM
VM_001,1378853100,0.6333,0.3153,0.3209,0.4051,0.4334,0.2793,0.1762,0.3291,0.4334,0.0847,0.0596,0.0381,MEDIUM
VM_001,1378853400,0.5833,0.4046,0.3926,0.4514,0.5214,0.3892,0.3252,0.4284,0.5362,0.0662,0.0584,0.034,MEDIUM
VM_001,1378853700,0.6167,0.3214,0.3476,0.4317,0.4737,0.3372,0.2569,0.3785,0.4799,0.0773,0.0594,0.0342,MEDIUM
VM_001,1378854000,0.5167,0.4124,0.3661,0.4367,0.5446,0.4372,0.374,0.4475,0.5699,0.0636,0.0656,0.0325,MEDIUM
VM_001,1378854300,0.7167,0.376,0.5472,0.584,0.5731,0.6093,0.6138,0.5707,0.6565,0.0751,0.0656,0.0416,MEDIUM
VM_001,1378854600,0.6667,0.2817,0.3347,0.44,0.4971,0.4647,0.4643,0.4503,0.5649,0.0743,0.0647,0.0418,MEDIUM
VM_001,1378854900,0.6667,0.3222,0.3301,0.4525,0.4945,0.4398,0.4204,0.4394,0.5481,0.0641,0.0645,0.035,MEDIUM
VM_001,1378855200,0.6167,0.5672,0.5442,0.6516,0.7815,0.7395,0.7551,0.7051,0.8016,0.079,0.065,0.0388,MEDIUM
VM_001,1378855500,0.5667,0.1174,0.8537,0.5623,1.207,2.9668,5.1438,2.1046,5.1438,1.6562,0.0676,0.4087,HIGH
VM_001,1378855800,0.6833,0.275,1.9225,1.5,2.6283,4.4222,5.6816,3.2473,5.6816,1.5715,0.0677,0.4087,HIGH
VM_001,1378856100,0.6333,0.3963,0.365,0.4255,0.5391,0.5498,0.5395,0.4917,0.5941,0.0688,0.0679,0.0358,MEDIUM
VM_001,1378856400,1.3167,0.7512,0.575,0.5809,0.3923,0.4497,0.3568,0.4872,0.7512,0.1085,0.1507,0.066,MEDIUM
VM_001,1378856700,0.6833,0.2147,0.2409,0.4228,0.4698,0.3848,0.4332,0.4047,0.5202,0.0885,0.1506,0.0555,MEDIUM
VM_001,1378857000,0.6167,0.5197,0.497,0.6062,0.6166,0.5983,0.5471,0.5878,0.6652,0.0502,0.1493,0.0391,MEDIUM
VM_001,1378857300,0.6,0.4245,0.3924,0.4986,0.5964,0.4864,0.3613,0.4917,0.6257,0.0822,0.1503,0.0505,MEDIUM
VM_001,1378857600,0.7,0.5138,0.5894,0.6391,0.6436,0.4798,0.4315,0.5455,0.6566,0.0891,0.1503,0.0541,MEDIUM
VM_001,1378857900,0.6833,0.4355,0.4787,0.5289,0.6492,0.4605,0.3383,0.4949,0.6492,0.0953,0.1501,0.0585,MEDIUM
VM_001,1378858200,0.7167,0.408,0.4715,0.5355,0.6623,0.492,0.4688,0.5212,0.6679,0.081,0.1476,0.0504,MEDIUM
VM_001,1378858500,0.55,0.4426,0.523,0.597,0.6689,0.5081,0.5067,0.5496,0.6689,0.067,0.1494,0.0459,MEDIUM
VM_001,1378858800,0.5667,0.4471,0.5168,0.5466,0.6181,0.5307,0.5193,0.5444,0.6573,0.059,0.1509,0.0444,MEDIUM
VM_001,1378859100,0.6333,0.3794,0.4301,0.483,0.5572,0.4446,0.4415,0.4668,0.5721,0.0567,0.1496,0.0421,MEDIUM
VM_001,1378859400,0.6833,0.5524,0.6268,0.6516,0.7405,0.5888,0.5414,0.6277,0.7405,0.0654,0.1496,0.046,MEDIUM
VM_001,1378859700,0.7167,0.4744,0.5427,0.5691,0.6147,0.4672,0.4426,0.5211,0.6147,0.0647,0.1496,0.0452,MEDIUM
VM_001,1378860000,0.7167,0.5628,0.6389,0.6506,0.7357,0.5758,0.5438,0.6226,0.7357,0.0662,0.1493,0.0467,MEDIUM
VM_001,1378860300,0.6,0.4149,0.4334,0.447,0.4956,0.4425,0.426,0.4437,0.5414,0.0469,0.1498,0.042,MEDIUM
VM_001,1378860600,0.6333,0.7183,0.5504,0.3564,0.8333,1.3489,1.663,0.9587,1.663,0.4467,0.1489,0.1753,HIGH
VM_001,1378860900,0.7333,0.6275,0.4451,0.4572,0.6315,0.8464,1.164,0.7148,1.164,0.2556,0.149,0.1129,MEDIUM
VM_001,1378861200,0.6333,0.6884,0.4644,0.4995,0.6739,0.6839,0.7414,0.6223,0.7756,0.1183,0.1454,0.061,MEDIUM
VM_001,1378861500,0.65,0.8649,0.6226,0.5573,1.157,2.2212,3.5503,1.6302,3.5503,1.0939,0.1454,0.3837,HIGH
VM_001,1378861800,0.6833,1.1185,0.4845,0.5255,0.9515,1.1789,1.3918,0.9317,1.4018,0.3731,0.1453,0.1506,MEDIUM
VM_001,1378862100,0.6667,0.7297,0.3899,0.486,0.6838,0.7729,0.8888,0.6581,0.9034,0.1914,0.1453,0.0863,MEDIUM
VM_001,1378862400,0.5833,0.7927,0.5794,0.6236,0.7919,0.781,0.8439,0.7289,0.8805,0.1125,0.1461,0.0598,MEDIUM
VM_001,1378862700,0.6167,1.1159,0.6096,0.5964,1.204,1.5438,1.5574,1.1271,1.6417,0.4148,0.1448,0.1653,MEDIUM
VM_001,1378863000,0.75,1.761,1.242,0.9796,1.6363,2.2087,2.0468,1.6467,2.2087,0.4516,0.1455,0.1859,HIGH
VM_001,1378863300,0.6833,0.4798,0.4513,0.457,0.5258,0.4846,0.4599,0.4795,0.5787,0.0492,0.1452,0.0391,MEDIUM
VM_001,1378863600,0.75,1.1565,0.5912,0.5606,0.8986,1.2104,1.3739,0.9439,1.3739,0.3351,0.0573,0.1291,MEDIUM
VM_001,1378863900,0.65,1.0797,0.5161,0.487,0.768,0.944,1.1079,0.7735,1.1079,0.2847,0.0571,0.1094,MEDIUM
VM_001,1378864200,0.6333,0.9427,0.8228,0.8786,0.9167,0.9278,0.9054,0.8856,0.9677,0.0679,0.0567,0.0352,MEDIUM
VM_001,1378864500,0.6333,0.7508,0.8413,0.8887,0.7592,0.7047,0.6135,0.745,0.8887,0.077,0.0555,0.0397,MEDIUM
VM_001,1378864800,0.75,0.8284,0.8065,0.7294,0.7904,0.6935,0.6649,0.7355,0.8284,0.0575,0.0579,0.0319,MEDIUM
VM_001,1378865100,0.6833,0.9607,1.0057,0.9552,0.7884,0.8196,0.4646,0.8218,1.0087,0.1645,0.0579,0.0718,MEDIUM
VM_001,1378865400,0.6,0.674,0.6299,0.5711,0.635,0.6049,0.6018,0.6093,0.674,0.0427,0.0582,0.0238,LOW
VM_001,1378865700,0.6,0.5531,0.4972,0.4718,0.5299,0.5273,0.55,0.5158,0.5876,0.0458,0.0549,0.0245,LOW
VM_001,1378866000,0.5667,0.7034,0.7564,0.7385,0.8044,0.7206,0.7088,0.739,0.8044,0.0285,0.0549,0.0197,LOW
VM_001,1378866300,0.5667,0.6137,0.5296,0.4482,0.4941,0.4971,0.5218,0.4974,0.6137,0.0567,0.0579,0.0324,MEDIUM
VM_001,1378866600,0.7167,0.6298,0.6484,0.6119,0.6804,0.5884,0.5769,0.6201,0.6804,0.037,0.059,0.024,LOW
VM_001,1378866900,0.65,0.6151,0.6182,0.5898,0.6283,0.5553,0.5763,0.5898,0.6299,0.0299,0.0577,0.0199,LOW
VM_001,1378867200,0.6167,0.636,0.6674,0.6521,0.6998,0.6222,0.6286,0.6498,0.6998,0.0262,0.0567,0.0193,LOW
VM_001,1378867500,0.6833,0.5826,0.5497,0.4866,0.5247,0.5086,0.5304,0.5218,0.5826,0.0343,0.056,0.0209,LOW
VM_001,1378867800,0.65,0.5909,0.5326,0.4613,0.4899,0.5127,0.5269,0.5093,0.5909,0.0458,0.0558,0.026,LOW
VM_001,1378868100,0.65,0.6235,0.5972,0.5396,0.5873,0.5574,0.5826,0.5732,0.6235,0.0286,0.0533,0.0179,LOW
VM_001,1378868400,0.6833,0.6495,0.6602,0.6192,0.6549,0.6169,0.639,0.6358,0.6602,0.0161,0.0535,0.0127,LOW
VM_001,1378868700,0.75,0.7147,0.6333,0.5803,0.6584,0.6623,0.6688,0.6453,0.7147,0.0521,0.0569,0.0263,LOW
VM_001,1378869000,0.7,0.7112,0.699,0.6542,0.6979,0.6687,0.6812,0.679,0.7112,0.0223,0.0573,0.0163,LOW
VM_001,1378869300,0.6,0.671,0.6616,0.614,0.6432,0.6259,0.6572,0.6382,0.671,0.0222,0.0585,0.0168,LOW
VM_001,1378869600,0.6833,0.695,0.704,0.6652,0.6854,0.6643,0.695,0.6794,0.704,0.0168,0.0566,0.0145,LOW
VM_001,1378869900,0.6167,0.7052,0.659,0.5885,0.638,0.6589,0.6722,0.6438,0.7052,0.0443,0.0566,0.0243,LOW
VM_001,1378870200,0.7,0.6404,0.5509,0.4801,0.4741,0.545,0.6201,0.5309,0.6404,0.0651,0.0541,0.0335,MEDIUM
VM_001,1378870500,0.7167,0.6626,0.6108,0.545,0.5711,0.5746,0.6255,0.5849,0.6626,0.0419,0.0551,0.0257,LOW
VM_001,1378870800,0.7,0.695,0.644,0.5675,0.5874,0.6403,0.7012,0.6259,0.7012,0.0547,0.0525,0.0276,LOW
VM_001,1378871100,0.65,0.6242,0.5683,0.5025,0.5111,0.5769,0.6622,0.5641,0.6622,0.0594,0.0525,0.0302,MEDIUM
VM_001,1378871400,0.625,0.7716,0.591,0.4985,0.5881,0.8116,1.0778,0.7174,1.0778,0.2037,0.0527,0.0823,MEDIUM
VM_001,1378871700,0.6167,0.874,0.6405,0.4982,0.6758,1.2557,1.912,0.9989,1.912,0.5004,0.0531,0.1849,HIGH
VM_001,1378872000,0.7167,0.7435,0.6092,0.5124,0.6102,0.8175,1.0895,0.7305,1.0895,0.199,0.051,0.0798,MEDIUM
VM_001,1378872300,0.7333,0.7796,0.692,0.5937,0.7246,0.9065,1.1499,0.8137,1.1499,0.1881,0.0531,0.0746,MEDIUM
VM_001,1378872600,0.6333,0.715,0.7271,0.6788,0.6981,0.7112,0.7895,0.7143,0.7895,0.0403,0.052,0.0224,LOW
VM_001,1378872900,0.6333,0.7373,0.7802,0.7239,0.7048,0.7148,0.7753,0.7311,0.7854,0.034,0.0507,0.0195,LOW
VM_001,1378873200,0.5893,0.7097,0.7229,0.661,0.6993,0.7208,0.7937,0.7147,0.7937,0.046,0.0491,0.0232,LOW
VM_001,1378873500,0.6833,0.9408,1.1191,1.0863,0.868,0.8735,1.0032,0.9253,1.1191,0.0945,0.0449,0.0423,MEDIUM
VM_001,1378873800,0.65,0.9394,0.9195,0.736,0.6914,0.6464,0.7123,0.7295,0.9394,0.0932,0.0437,0.0403,MEDIUM
VM_001,1378874100,0.7167,0.7113,0.7568,0.7063,0.736,0.7438,0.8254,0.7456,0.8254,0.0433,0.0449,0.0215,LOW
VM_001,1378874400,0.7167,0.7199,0.7592,0.7119,0.7492,0.7676,0.8706,0.7632,0.8706,0.0554,0.0447,0.0254,LOW
VM_001,1378874700,0.6333,0.6786,0.7366,0.6871,0.6141,0.693,0.8893,0.6946,0.8893,0.0756,0.0452,0.0425,MEDIUM
VM_001,1378875000,0.5833,0.8707,1.0894,1.0423,0.6785,0.7265,1.0435,0.8219,1.0894,0.1494,0.0484,0.0559,MEDIUM
VM_001,1378875300,0.6167,1.1492,1.2341,1.0427,0.522,0.6907,1.0694,0.7995,1.2341,0.2499,0.0493,0.0961,MEDIUM
VM_001,1378875600,0.6667,0.789,0.9575,0.9282,0.693,0.7199,0.9931,0.789,0.9931,0.1044,0.0492,0.0443,MEDIUM
VM_001,1378875900,0.7333,0.6503,0.6769,0.6366,0.6359,0.702,0.8851,0.6903,0.8851,0.0787,0.048,0.0407,MEDIUM
VM_001,1378876200,0.7167,0.6223,0.6337,0.5988,0.6517,0.7101,0.8723,0.6869,0.8723,0.0844,0.0487,0.0391,MEDIUM
VM_001,1378876500,0.7333,0.6147,0.6188,0.5758,0.6343,0.7011,0.8484,0.6716,0.8484,0.0858,0.0487,0.0395,MEDIUM
VM_001,1378876800,0.7,0.6504,0.6837,0.644,0.6811,0.7362,0.8979,0.72,0.8979,0.0778,0.049,0.0363,MEDIUM
VM_001,1378877100,0.7,0.635,0.6657,0.6235,0.6769,0.7283,0.8961,0.7096,0.8961,0.082,0.048,0.0384,MEDIUM
VM_001,1378877400,0.75,0.6488,0.7463,0.7128,0.7572,0.7381,0.9268,0.758,0.9268,0.0703,0.0502,0.0393,MEDIUM
VM_001,1378877700,0.7143,0.6279,0.8304,0.8053,0.871,0.7448,0.9678,0.8119,0.9678,0.0952,0.0501,0.0466,MEDIUM
VM_001,1378878000,0.7143,0.6611,0.7636,0.7325,0.7673,0.7443,0.9261,0.7675,0.9261,0.0655,0.0505,0.0378,MEDIUM
VM_001,1378878300,0.5833,0.6383,0.689,0.6599,0.7097,0.7385,0.9149,0.7316,0.9149,0.0771,0.0538,0.0396,MEDIUM
VM_001,1378878600,0.6667,0.66,0.7065,0.6679,0.7206,0.7472,0.9186,0.7414,0.9186,0.0738,0.0528,0.0374,MEDIUM
VM_001,1378878900,0.65,0.6457,0.7534,0.7224,0.7854,0.7531,0.9449,0.7731,0.9449,0.0725,0.0516,0.042,MEDIUM
VM_001,1378879200,0.7167,0.6953,0.9643,0.9474,0.9248,0.7729,1.0308,0.8745,1.0308,0.1059,0.0516,0.0463,MEDIUM
VM_001,1378879500,0.7167,0.6622,0.7185,0.686,0.7386,0.7559,0.9315,0.7544,0.9315,0.0729,0.0509,0.0384,MEDIUM
VM_001,1378879800,0.6667,0.4894,0.5932,0.6054,0.7105,0.7296,0.8423,0.6869,0.8423,0.0924,0.0502,0.0482,MEDIUM
VM_001,1378880100,0.5833,0.5438,0.7154,0.7314,0.8342,0.74,0.9168,0.7676,0.9168,0.0895,0.053,0.0509,MEDIUM
VM_001,1378880400,0.6333,0.64,0.9297,0.9571,0.9983,0.7676,0.9933,0.8785,1.0114,0.1154,0.0506,0.0504,MEDIUM
VM_001,1378880700,0.7,0.6173,0.9514,0.9946,1.0558,0.7512,0.9721,0.8873,1.0566,0.1399,0.0508,0.0585,MEDIUM
VM_001,1378881000,0.7,0.7637,1.109,1.098,1.0287,0.776,1.075,0.9406,1.1263,0.1462,0.0507,0.0494,MEDIUM
VM_001,1378881300,0.7,0.9036,1.7302,1.7409,1.3587,0.8054,1.3288,1.204,1.7456,0.3853,0.0503,0.124,MEDIUM
VM_001,1378881600,0.7167,0.7772,1.2678,1.262,1.134,0.7905,1.1486,1.0171,1.3188,0.2142,0.0503,0.0733,MEDIUM
VM_001,1378881900,0.6,0.7825,1.0155,0.9834,0.871,0.7749,1.0307,0.8739,1.0307,0.0939,0.052,0.0372,MEDIUM
VM_001,1378882200,9.3,21.1036,8.3729,0.0,2.121,3.0115,0.4488,3.4723,21.1036,5.7595,1.7599,0.6258,HIGH
VM_001,1378882500,14.9167,23.7363,9.3013,0.0,2.4122,3.0562,0.4181,3.7768,23.7363,6.5041,3.3302,0.8274,HIGH
VM_001,1378882800,7.5,14.0697,4.8473,0.0,1.9885,2.1064,0.7338,2.364,14.0697,3.7612,3.5298,0.853,HIGH
VM_001,1378883100,14.4833,21.7959,8.3115,0.0,2.9282,3.5111,0.6982,3.7245,21.7959,5.8914,4.3493,0.9582,HIGH
VM_001,1378883400,9.4833,16.181,5.8564,0.0,2.0846,2.6777,0.8812,2.8407,16.181,4.3163,4.5567,0.9848,HIGH
VM_001,1378883700,0.5833,0.3701,0.065,0.0,0.4052,0.5643,1.9244,0.6034,1.9244,0.5697,4.5599,0.8149,HIGH
VM_001,1378884000,0.55,0.8764,0.8732,0.9528,1.0998,1.452,3.375,1.5042,3.375,0.8831,4.5631,0.907,HIGH
VM_001,1378884300,0.7,0.9851,0.9046,0.9018,1.0174,1.0451,2.2583,1.2487,2.2583,0.4319,4.5631,0.746,HIGH
VM_001,1378884600,0.65,1.1469,1.6097,1.7321,1.4041,0.7495,1.1268,1.3142,1.976,0.3714,4.5651,0.7309,HIGH
VM_001,1378884900,0.6667,1.4613,1.0385,0.9528,1.4131,0.412,0.0384,0.9352,1.5909,0.5149,4.5661,0.7696,HIGH
VM_001,1378885200,0.6833,0.9808,0.7779,0.7715,1.243,0.5361,0.3254,0.8428,1.2858,0.3234,4.5667,0.6996,HIGH
VM_001,1378885500,0.6167,0.8223,0.5288,0.4846,0.8529,0.4172,0.3281,0.6345,0.9165,0.2029,4.566,0.6556,HIGH
VM_001,1378885800,0.6,0.8717,0.5634,0.4637,0.7905,0.4564,0.4467,0.6245,0.8717,0.1614,4.5674,0.639,HIGH
VM_001,1378886100,0.6786,0.5129,0.4023,0.2833,0.4446,0.3661,0.4988,0.4185,0.5129,0.0617,4.5668,0.6132,HIGH
VM_001,1378886400,0.65,0.69,0.6153,0.5186,0.5397,0.4698,0.7288,0.5949,0.7288,0.0701,4.5682,0.6169,HIGH
VM_001,1378886700,0.6333,0.7542,0.7429,0.6532,0.5787,0.4837,0.8617,0.667,0.8617,0.0967,4.5699,0.6312,HIGH
VM_001,1378887000,0.6833,0.3786,0.0,0.0,0.0292,0.0,0.2422,0.0562,0.3786,0.1173,4.5695,0.6767,HIGH
VM_001,1378887300,0.6,0.0,0.0,0.0,0.0,0.0,0.194,0.0162,0.194,0.0536,4.5692,0.6695,HIGH
VM_001,1378887600,0.5667,0.0998,0.0,0.0,0.1731,0.1612,0.5341,0.1561,0.5341,0.1515,4.5706,0.6768,HIGH
VM_001,1378887900,0.65,0.257,0.0,0.0,0.2361,0.2443,1.0243,0.2549,1.0243,0.2891,4.5716,0.7416,HIGH
VM_001,1378888200,0.7167,0.5718,0.1799,0.1739,0.5719,0.4285,0.8453,0.4636,0.8453,0.1776,4.5713,0.666,HIGH
VM_001,1378888500,0.7,0.4686,0.4901,0.4605,0.7494,0.7105,0.7836,0.6376,0.7836,0.1041,4.5713,0.6249,HIGH
VM_001,1378888800,0.6167,0.6945,0.8071,0.7706,0.9285,0.8285,0.7637,0.8171,0.9292,0.0774,4.5733,0.6147,HIGH
VM_001,1378889100,0.6,0.6644,0.7844,0.6994,0.6338,0.5908,0.6187,0.6542,0.7844,0.0673,4.5733,0.6143,HIGH
VM_001,1378889400,0.5667,0.7563,1.2096,1.3751,1.2037,1.0455,2.196,1.2241,2.196,0.3715,4.3792,0.7323,HIGH
VM_001,1378889700,0.7333,1.6085,1.5547,1.4881,1.932,1.754,2.683,1.7737,2.683,0.3396,3.4927,0.6166,HIGH
VM_001,1378890000,0.7333,1.8506,1.5162,1.3202,1.7528,1.5442,2.9868,1.7069,2.9868,0.4633,3.2855,0.6506,HIGH
VM_001,1378890300,0.6667,1.5085,1.4488,1.3437,1.9922,1.8167,2.9957,1.7985,2.9957,0.4843,1.8048,0.4655,HIGH
VM_001,1378890600,0.6667,1.1701,1.2062,1.1237,1.3295,1.0899,2.1752,1.2736,2.1752,0.3064,0.0532,0.1543,MEDIUM
VM_001,1378890900,0.5333,0.335,0.4568,0.4123,0.6579,0.4954,0.448,0.5064,0.6579,0.0863,0.0567,0.0455,MEDIUM
VM_001,1378891200,14.0833,32.7302,13.425,0.0,2.0136,4.4497,0.8834,5.3146,32.7302,8.9866,2.7429,0.752,HIGH
VM_001,1378891500,15.9667,30.5233,11.9632,0.0,2.2552,4.0777,0.5444,4.9259,30.5233,8.3364,4.0694,0.9222,HIGH
VM_001,1378891800,13.7667,19.6755,8.368,0.213,2.5816,2.9605,0.3026,3.4427,19.6755,5.3686,4.7294,1.0,HIGH
VM_001,1378892100,9.0667,13.6237,6.1984,0.2224,2.2096,2.5751,0.3023,2.6423,13.6237,3.7009,4.9038,1.0,HIGH
VM_001,1378892400,0.6333,0.0,0.0,0.0,0.3283,0.4418,1.9936,0.5441,1.9936,0.6621,4.9047,0.8755,HIGH
VM_001,1378892700,0.6667,2.1541,1.7611,0.9876,0.8465,2.4361,3.1818,1.8479,3.1818,0.7886,4.9038,0.8762,HIGH
VM_001,1378893000,0.6167,0.9338,0.7684,0.5537,0.8243,0.6578,1.5752,0.9065,1.5752,0.2586,4.9035,0.7208,HIGH
VM_001,1378893300,0.7167,1.3995,1.4468,1.297,1.4062,0.3677,1.0569,1.1138,1.5696,0.3908,4.9028,0.7421,HIGH
VM_001,1378893600,0.7333,1.3181,1.05,0.9363,1.4461,0.2397,0.0978,0.8928,1.5469,0.5277,4.9013,0.7714,HIGH
VM_001,1378893900,0.6833,1.1626,0.7547,0.6609,1.2215,0.3072,0.1253,0.7577,1.3588,0.4217,4.9004,0.7459,HIGH
VM_001,1378894200,0.6333,0.8083,0.4407,0.231,0.6168,0.1779,0.3258,0.4406,0.8083,0.1926,4.9013,0.6746,HIGH
VM_001,1378894500,0.6,0.4133,0.2351,0.1046,0.4223,0.1083,0.39,0.2943,0.4223,0.1056,4.9013,0.6376,HIGH
VM_001,1378894800,0.6167,0.1572,0.2385,0.2233,0.4142,0.0,0.1423,0.2112,0.4182,0.1358,4.9003,0.6521,HIGH
VM_001,1378895100,0.75,0.4687,0.4157,0.3518,0.4158,0.1112,0.5154,0.3847,0.5154,0.0981,4.8985,0.6478,HIGH
VM_001,1378895400,0.7,0.4251,0.3916,0.3319,0.3813,0.1773,0.4341,0.3604,0.4341,0.0637,4.8988,0.6304,HIGH
VM_001,1378895700,0.7167,0.346,0.4019,0.377,0.4452,0.2992,0.4118,0.3969,0.4628,0.045,4.8985,0.6193,HIGH
VM_001,1378896000,0.6667,0.0,0.0,0.0,0.083,0.1076,0.1944,0.0647,0.1944,0.0649,4.8976,0.6756,HIGH
VM_001,1378896300,0.65,0.5117,0.0,0.0,0.4408,0.3915,0.6534,0.354,0.6534,0.1964,4.8966,0.71,HIGH
VM_001,1378896600,0.6,0.0,0.0,0.0,1.5191,2.3929,2.7298,1.3554,2.7298,0.9395,4.896,0.9462,HIGH
VM_001,1378896900,6.05,4.096,2.2473,0.5575,2.95,3.879,3.4359,2.7768,4.096,1.0009,4.9206,1.0,HIGH
VM_001,1378897200,11.8167,14.0501,5.9855,0.0,0.5169,2.5494,0.8166,2.4457,14.0501,3.8622,5.2121,1.0,HIGH
VM_001,1378897500,27.3167,23.8823,9.6989,0.0,1.2446,3.7934,1.3812,3.9872,23.8823,6.5371,7.0942,1.0,HIGH
VM_001,1378897800,84.3,30.5211,13.7023,0.0,1.7195,3.9031,1.7857,5.054,30.5211,8.4653,17.7062,1.0,HIGH
VM_001,1378898100,89.3833,37.2367,18.3989,1.365,1.9486,5.1703,3.7515,6.8173,37.2367,10.2922,24.1758,1.0,HIGH
VM_001,1378898400,89.55,32.5521,16.4377,3.5521,3.3615,7.1131,7.9097,8.0746,32.5521,8.3885,28.9336,1.0,HIGH
VM_001,1378898700,90.1,32.8668,15.9606,2.7435,4.7273,8.5057,8.5403,8.8087,32.8668,8.1834,32.7586,1.0,HIGH
VM_001,1378899000,88.2167,34.4287,16.7225,3.2257,6.5292,11.3496,12.2246,10.5709,34.4287,8.366,35.733,1.0,HIGH
VM_001,1378899300,90.4,34.2554,17.8582,7.0123,11.9408,15.8572,17.3044,14.764,34.2554,7.0945,38.3087,1.0,HIGH
VM_001,1378899600,90.3167,41.6141,22.4932,7.5335,13.5791,13.3147,9.1267,14.1942,41.6141,9.2315,40.21,1.0,HIGH
VM_001,1378899900,90.5167,40.1701,23.2834,11.0945,19.6363,15.291,8.7076,16.863,40.1701,8.1806,41.6906,1.0,HIGH
VM_001,1378900200,67.2833,30.3174,22.4774,20.1127,29.3759,24.386,18.7863,24.2725,30.3174,3.775,41.7335,1.0,HIGH
VM_001,1378900500,0.7167,13.8103,15.0021,18.7913,25.8647,17.8243,10.3611,18.4329,25.8647,4.6761,41.7335,1.0,HIGH
VM_001,1378900800,0.7333,12.1029,14.3636,16.8383,18.1845,12.8864,10.0244,14.623,18.7705,2.7532,41.7335,1.0,HIGH
VM_001,1378901100,0.6833,9.5035,10.5871,11.3207,9.6877,5.3911,4.2285,8.2477,12.6551,2.7499,41.7335,1.0,HIGH
VM_001,1378901400,0.6,8.5742,9.7368,11.4454,10.736,4.8032,3.1664,8.1163,13.0183,3.2692,41.7347,1.0,HIGH
VM_001,1378901700,0.7,3.1866,4.6651,5.7059,3.7926,1.5543,2.8203,3.5945,6.6232,1.5297,41.7311,1.0,HIGH
VM_001,1378902000,0.6833,1.085,0.9979,0.5703,0.8425,0.5264,1.8351,0.9737,1.8351,0.368,41.7287,0.7548,HIGH
VM_001,1378902300,0.6333,0.3281,0.4921,0.0542,0.3593,0.7456,1.7365,0.7277,1.7365,0.522,41.7329,0.7989,HIGH
VM_001,1378902600,0.7333,0.6358,0.792,0.4229,0.5791,0.9786,2.0352,1.0015,2.0352,0.5129,41.7317,0.7907,HIGH
VM_001,1378902900,0.6333,0.3082,0.2979,0.0,0.3689,0.5836,1.2102,0.5588,1.2102,0.3669,41.7346,0.7454,HIGH
VM_003,1378604100,3.0,2.8693,2.9573,3.0053,3.1242,3.058,2.833,3.0426,3.1635,0.1034,0.1577,0.0593,MEDIUM
VM_003,1378604400,3.3667,2.8966,2.9429,2.9814,3.0472,2.9795,2.7628,2.9838,3.0703,0.0818,0.1628,0.0573,MEDIUM
VM_003,1378604700,3.0,2.8147,2.9221,2.9873,3.0011,2.9929,2.8945,2.9848,3.0914,0.0729,0.1628,0.0536,MEDIUM
VM_003,1378605000,3.7667,3.5999,3.3143,3.0661,2.7842,2.8017,2.6216,2.9598,3.5999,0.2621,0.2059,0.1421,MEDIUM
VM_003,1378605300,3.3,2.8681,2.9063,3.0489,2.9096,2.8834,3.0436,2.9736,3.1591,0.0868,0.2018,0.0603,MEDIUM
VM_003,1378605600,3.0,2.7574,2.8642,2.9376,2.8096,2.8165,2.712,2.8566,3.0033,0.0867,0.2035,0.0606,MEDIUM
VM_003,1378605900,3.0,2.7489,2.8349,2.828,2.9174,2.9057,2.6401,2.879,3.0262,0.1036,0.2035,0.0718,MEDIUM
VM_003,1378606200,3.2667,2.7061,2.8294,2.8676,2.8554,2.9328,2.8265,2.8993,3.0808,0.0957,0.2026,0.0703,MEDIUM
VM_003,1378606500,2.9333,2.6499,2.7725,2.8002,2.863,2.8504,2.7098,2.8432,2.9794,0.095,0.2069,0.0655,MEDIUM
VM_003,1378606800,3.0,2.7714,2.8139,2.7709,2.8935,2.8927,2.7042,2.8727,3.0064,0.0949,0.2069,0.0623,MEDIUM
VM_003,1378607100,3.3,2.7507,2.7916,2.7788,2.841,2.7749,2.5917,2.7929,2.8568,0.0685,0.2042,0.0576,MEDIUM
VM_003,1378607400,2.9667,2.6436,2.7465,2.7846,2.9368,2.924,2.805,2.8735,3.0286,0.1108,0.2054,0.0719,MEDIUM
VM_003,1378607700,3.0333,2.7138,2.7951,2.8057,2.8347,2.8225,2.7272,2.8286,2.9444,0.0647,0.2054,0.0536,MEDIUM
VM_003,1378608000,3.4,2.8004,2.8239,2.7932,2.8668,2.8819,2.807,2.8662,3.0089,0.0648,0.2097,0.0524,MEDIUM
VM_003,1378608300,3.0,2.7318,2.8237,2.8436,2.8185,2.8817,2.9308,2.8728,3.1003,0.0936,0.2105,0.0706,MEDIUM
VM_003,1378608600,3.0,2.7995,2.8603,2.8556,2.8809,2.9218,2.8387,2.9071,3.079,0.0764,0.2105,0.0601,MEDIUM
VM_003,1378608900,3.2333,2.8333,2.8347,2.7883,2.784,2.8288,2.6802,2.824,2.9432,0.0658,0.2062,0.0576,MEDIUM
VM_003,1378609200,3.0,2.7336,2.7663,2.7804,2.8412,2.8765,2.7908,2.8487,3.0178,0.0839,0.2062,0.0601,MEDIUM
VM_003,1378609500,3.0333,2.7617,2.7838,2.7636,2.8736,2.8976,2.7397,2.8613,3.009,0.091,0.2062,0.0583,MEDIUM
VM_003,1378609800,3.4333,2.8386,2.8376,2.7784,2.8025,2.9355,2.8798,2.881,3.086,0.0981,0.2081,0.0644,MEDIUM
VM_003,1378610100,3.1,2.7539,2.8047,2.7748,2.9234,2.9257,2.7492,2.8727,2.9916,0.0877,0.2077,0.0553,MEDIUM
VM_003,1378610400,3.0,2.7989,2.8654,2.8365,2.8891,2.9012,2.7804,2.8876,3.0218,0.0709,0.2077,0.0552,MEDIUM
VM_003,1378610700,3.2667,2.8441,2.8957,2.8942,2.8854,2.848,2.7451,2.8813,2.9608,0.0533,0.2067,0.052,MEDIUM
VM_003,1378611000,3.0,2.7685,2.8766,2.8945,2.8617,2.8964,2.963,2.9112,3.1289,0.0883,0.2067,0.0692,MEDIUM
VM_003,1378611300,3.0,2.8253,2.9085,2.8656,2.8369,2.8632,2.8185,2.8807,3.0444,0.0671,0.2067,0.0544,MEDIUM
VM_003,1378611600,3.3667,2.8799,2.9,2.8542,2.8171,2.8296,2.7376,2.8572,2.9723,0.0635,0.2067,0.0543,MEDIUM
VM_003,1378611900,3.0333,2.7667,2.8268,2.8393,2.7751,2.8418,2.868,2.8464,3.0606,0.0853,0.2058,0.0612,MEDIUM
VM_003,1378612200,3.0333,2.7895,2.8491,2.8345,2.8273,2.8697,2.8538,2.875,3.0736,0.077,0.1581,0.0539,MEDIUM
VM_003,1378612500,3.3,2.8824,2.8518,2.7799,2.7956,2.854,2.7313,2.8441,2.9869,0.0703,0.1581,0.0505,MEDIUM
VM_003,1378612800,3.0,2.7809,2.8071,2.7898,2.8686,2.9027,2.8051,2.8704,3.0345,0.0773,0.1581,0.0503,MEDIUM
VM_003,1378613100,3.0,2.7687,2.799,2.7633,2.8976,2.9105,2.747,2.8685,3.0203,0.0885,0.1581,0.0526,MEDIUM
VM_003,1378613400,3.3333,2.894,2.8958,2.8421,2.8691,2.897,2.7371,2.8913,3.002,0.063,0.1615,0.0521,MEDIUM
VM_003,1378613700,3.0,2.828,2.8555,2.8283,2.8712,2.8956,2.7958,2.8807,3.0339,0.0632,0.1588,0.0485,MEDIUM
VM_003,1378614000,3.0,2.8462,2.9036,2.8641,2.865,2.8856,2.8182,2.8949,3.0595,0.0626,0.1588,0.0489,MEDIUM
VM_003,1378614300,3.2667,2.8635,2.9066,2.8731,2.7778,2.83,2.8404,2.8671,3.0581,0.0713,0.1573,0.0533,MEDIUM
VM_003,1378614600,3.0,2.841,2.9185,2.8826,2.8832,2.9223,2.8211,2.9109,3.07,0.0652,0.156,0.0495,MEDIUM
VM_003,1378614900,3.0,2.8863,2.9244,2.8783,2.8657,2.8836,2.7071,2.8866,2.9914,0.0666,0.157,0.0538,MEDIUM
VM_003,1378615200,3.4,2.8589,2.8927,2.8751,2.8252,2.8412,2.7673,2.8686,3.0084,0.0582,0.157,0.0487,MEDIUM
VM_003,1378615500,3.0,2.8225,2.867,2.8545,2.811,2.8912,2.8887,2.8827,3.1108,0.0832,0.157,0.0571,MEDIUM
VM_003,1378615800,3.0,2.8847,2.9177,2.8756,2.8953,2.9103,2.7746,2.9089,3.0485,0.0633,0.157,0.0525,MEDIUM
VM_003,1378616100,3.3,2.8933,2.8897,2.8493,2.8723,2.8807,2.7366,2.8818,2.9917,0.0583,0.1597,0.0507,MEDIUM
VM_003,1378616400,3.0,2.8146,2.8597,2.8619,2.8691,2.9157,2.8699,2.9009,3.0915,0.0719,0.1597,0.0532,MEDIUM
VM_003,1378616700,3.0,2.8782,2.9268,2.8962,2.917,2.9562,2.8654,2.9426,3.1181,0.068,0.1606,0.0505,MEDIUM
VM_003,1378617000,3.3667,2.9412,2.9579,2.9088,2.8648,2.8943,2.8031,2.914,3.04,0.058,0.1554,0.048,MEDIUM
VM_003,1378617300,3.1,2.8872,2.9359,2.9204,2.8938,2.9546,2.9305,2.9448,3.1423,0.0713,0.1554,0.0521,MEDIUM
VM_003,1378617600,2.9,2.8905,2.9262,2.8753,2.8624,2.8971,2.7361,2.8904,3.0106,0.0635,0.1599,0.053,MEDIUM
VM_003,1378617900,3.3,2.9376,2.9411,2.9054,2.8437,2.8704,2.7453,2.8914,2.9975,0.0633,0.1615,0.0505,MEDIUM
VM_003,1378618200,3.0,2.845,2.8951,2.8902,2.8547,2.8973,2.8572,2.8985,3.0695,0.0609,0.1615,0.0481,MEDIUM
VM_003,1378618500,3.0333,2.9114,2.9418,2.8899,2.8997,2.9344,2.8148,2.9263,3.0714,0.0613,0.1606,0.051,MEDIUM
VM_003,1378618800,3.3667,2.927,2.9487,2.8902,2.8498,2.8975,2.7957,2.9032,3.0342,0.0587,0.1606,0.0488,MEDIUM
VM_003,1378619100,3.0,2.8842,2.9208,2.892,2.9126,2.969,2.8682,2.9378,3.0935,0.0632,0.1615,0.0474,MEDIUM
VM_003,1378619400,3.0333,2.9171,2.9654,2.9233,2.9155,2.9501,2.8196,2.9451,3.0848,0.0621,0.1615,0.0521,MEDIUM
VM_003,1378619700,3.3,2.9719,2.9696,2.9178,2.8772,2.9342,2.8182,2.9333,3.0538,0.0569,0.1615,0.0486,MEDIUM
VM_003,1378620000,3.0,2.9041,2.9461,2.9293,2.9097,2.9719,2.9425,2.9571,3.1479,0.0675,0.1615,0.0515,MEDIUM
VM_003,1378620300,3.0,2.959,2.9958,2.9437,2.9225,2.9734,2.8949,2.9677,3.1323,0.0622,0.1615,0.0494,MEDIUM
VM_003,1378620600,3.4,3.0101,3.0051,2.9483,2.8929,2.9383,2.8231,2.9488,3.0666,0.0638,0.1659,0.0501,MEDIUM
VM_003,1378620900,3.2,2.9565,2.9776,2.9526,2.9166,2.9833,2.9011,2.9674,3.1274,0.0607,0.1649,0.0484,MEDIUM
VM_003,1378621200,3.0333,2.9392,2.9607,2.9112,2.933,2.96,2.7835,2.946,3.0553,0.0634,0.164,0.0532,MEDIUM
VM_003,1378621500,3.3,2.9741,2.9882,2.9526,2.908,2.9175,2.7953,2.9413,3.0329,0.0576,0.1654,0.0493,MEDIUM
VM_003,1378621800,3.0,2.9464,2.9723,2.9526,2.9498,2.9519,2.8327,2.9559,3.0524,0.0499,0.1654,0.0472,MEDIUM
VM_003,1378622100,3.0,2.9439,2.9941,2.9618,2.9994,3.005,2.866,2.9929,3.1078,0.0584,0.1654,0.0498,MEDIUM
VM_003,1378622400,3.3667,2.9988,3.0119,2.9613,2.8921,2.9091,2.7879,2.9375,3.0228,0.066,0.1631,0.0487,MEDIUM
VM_003,1378622700,3.0,2.9547,2.9903,2.9737,2.944,2.9893,2.9032,2.9793,3.1189,0.0535,0.1631,0.0464,MEDIUM
VM_003,1378623000,3.0333,2.9619,3.0101,2.9713,2.919,2.9572,2.8383,2.9618,3.0812,0.0588,0.1621,0.0495,MEDIUM
VM_003,1378623300,3.2667,3.0232,3.0547,3.0231,2.9298,2.9224,2.8183,2.9699,3.0547,0.0718,0.1607,0.0486,MEDIUM
VM_003,1378623600,2.9333,2.9498,2.9703,2.9472,2.9086,2.9254,2.8014,2.9301,3.0178,0.0524,0.1635,0.0466,MEDIUM
VM_003,1378623900,3.0,2.987,3.007,2.9885,2.9544,2.9309,2.7904,2.9557,3.0286,0.0622,0.1635,0.0491,MEDIUM
VM_003,1378624200,3.3667,2.9975,2.9688,2.946,2.8694,2.887,2.8333,2.9182,3.0173,0.0562,0.1635,0.0427,MEDIUM
VM_003,1378624500,3.0667,2.9641,2.9799,2.9641,2.9076,2.9145,2.8475,2.94,3.0557,0.055,0.1638,0.0457,MEDIUM
VM_003,1378624800,3.0,2.944,2.9842,2.9718,2.9284,2.9006,2.8123,2.9318,3.0181,0.0583,0.1592,0.0448,MEDIUM
VM_003,1378625100,3.2333,2.9822,3.018,2.9957,2.8788,2.8441,2.759,2.9083,3.018,0.0836,0.1566,0.0507,MEDIUM
VM_003,1378625400,3.0333,2.9503,3.001,3.0093,2.9459,2.9675,2.9345,2.9785,3.126,0.0565,0.1556,0.0477,MEDIUM
VM_003,1378625700,3.0333,2.9602,2.9996,2.9865,2.9521,2.9374,2.7984,2.9531,3.0225,0.0592,0.1556,0.0465,MEDIUM
VM_003,1378626000,3.4,2.991,3.0162,3.0217,2.9493,2.9479,2.8702,2.9774,3.073,0.0559,0.158,0.0442,MEDIUM
VM_003,1378626300,3.0,2.8876,2.9376,2.9654,2.9211,2.957,2.9227,2.9516,3.1058,0.0563,0.158,0.0473,MEDIUM
VM_003,1378626600,3.0,2.9356,2.9575,2.9417,2.9851,2.9845,2.8082,2.9674,3.0483,0.0597,0.1589,0.0488,MEDIUM
VM_003,1378626900,3.3,2.9296,2.9552,2.964,2.9136,2.8938,2.7847,2.9225,3.005,0.0578,0.1589,0.0465,MEDIUM
VM_003,1378627200,3.0,2.8847,2.9087,2.9359,2.9722,2.936,2.8125,2.9392,3.0196,0.0538,0.1589,0.0449,MEDIUM
VM_003,1378627500,3.0,2.8956,2.9297,2.936,2.9422,2.9041,2.7696,2.9242,3.0091,0.0576,0.1589,0.0487,MEDIUM
VM_003,1378627800,3.2667,2.9791,2.9858,2.9991,2.944,2.863,2.7142,2.9267,3.0459,0.0873,0.151,0.0586,MEDIUM
VM_003,1378628100,3.1,2.8929,2.9446,2.9822,2.9454,2.9069,2.8532,2.94,3.0179,0.0498,0.15,0.0387,MEDIUM
VM_003,1378628400,3.0,2.9416,3.024,3.0387,2.9204,2.8943,2.8742,2.9576,3.0507,0.0715,0.1509,0.0433,MEDIUM
VM_003,1378628700,3.2667,3.0408,3.032,3.0192,2.9063,2.879,2.7968,2.9439,3.0408,0.0815,0.1493,0.048,MEDIUM
VM_003,1378629000,3.0,2.9367,3.011,3.0428,2.9115,2.9566,3.0077,2.9866,3.1582,0.0744,0.1493,0.054,MEDIUM
VM_003,1378629300,2.9,2.9275,3.0349,3.0627,2.9662,2.969,2.9813,3.006,3.1477,0.065,0.1538,0.0488,MEDIUM
VM_003,1378629600,3.3,2.984,3.009,2.9984,2.9069,2.9431,2.9099,2.9717,3.1003,0.0576,0.1495,0.0441,MEDIUM
VM_003,1378629900,3.0,2.9109,2.9568,2.9749,2.9594,2.9975,2.9421,2.9824,3.1256,0.0572,0.1495,0.0446,MEDIUM
VM_003,1378630200,3.0,2.8847,2.9172,2.9331,3.0211,2.9967,2.8592,2.979,3.0754,0.0664,0.1503,0.0449,MEDIUM
VM_003,1378630500,3.3,2.9016,2.923,2.9523,2.9058,2.9072,2.8774,2.9369,3.0527,0.0467,0.1521,0.0402,MEDIUM
VM_003,1378630800,2.9667,2.852,2.9193,2.9648,2.979,2.9796,2.9688,2.9755,3.1248,0.0631,0.1506,0.0516,MEDIUM
VM_003,1378631100,3.0,2.8945,2.9428,2.9536,3.0127,2.9791,2.881,2.9779,3.0712,0.0561,0.1506,0.0418,MEDIUM
VM_003,1378631400,3.2667,2.9574,3.0101,3.0333,2.9527,2.9147,2.8555,2.9715,3.0678,0.0659,0.1443,0.0436,MEDIUM
VM_003,1378631700,3.0333,2.921,3.0001,3.0553,2.9722,2.9858,3.0152,3.0105,3.1649,0.0649,0.1448,0.0482,MEDIUM
VM_003,1378632000,3.0,2.9626,3.0327,3.0583,2.958,2.9284,2.8871,2.9844,3.0737,0.0636,0.1448,0.0407,MEDIUM
VM_003,1378632300,3.2667,3.0238,3.0697,3.0932,2.9476,2.9227,2.916,2.9977,3.0932,0.075,0.1463,0.0422,MEDIUM
VM_003,1378632600,3.0,2.986,3.0081,3.027,2.9318,2.958,2.9669,2.9836,3.1218,0.0593,0.1471,0.0487,MEDIUM
VM_003,1378632900,3.0,2.9647,3.02,3.0417,2.9757,2.9581,2.9356,2.9974,3.1103,0.053,0.1479,0.0426,MEDIUM
VM_003,1378633200,3.3,2.9573,2.99,3.009,2.9055,2.9063,2.9245,2.9571,3.0727,0.0556,0.1403,0.0423,MEDIUM
VM_003,1378633500,3.0,2.8947,2.9617,2.9929,2.941,2.9791,3.0355,2.987,3.175,0.0725,0.1403,0.0522,MEDIUM
VM_003,1378633800,3.0,2.9005,2.9675,2.9708,2.9907,2.9621,2.8735,2.9726,3.0601,0.0511,0.1403,0.0401,MEDIUM
VM_003,1378634100,3.2667,2.979,3.0003,2.9984,2.9444,2.931,2.8951,2.9718,3.0619,0.0478,0.1383,0.0375,MEDIUM
VM_003,1378634400,3.0,2.8848,2.968,3.0069,2.9434,2.9423,2.9844,2.9747,3.13,0.0629,0.1383,0.0472,MEDIUM
VM_003,1378634700,3.0333,2.9192,2.9667,2.9705,2.96,2.9222,2.8781,2.9596,3.0607,0.0494,0.1375,0.0392,MEDIUM
VM_003,1378635000,3.3,3.004,3.0425,3.0645,2.9274,2.8906,2.9254,2.9757,3.0672,0.0742,0.1395,0.041,MEDIUM
VM_003,1378635300,3.0333,2.9284,3.0122,3.0585,2.9244,2.9475,3.0694,2.9972,3.1758,0.0802,0.14,0.0545,MEDIUM
VM_003,1378635600,2.9667,2.9289,3.008,3.0349,2.9417,2.9242,2.958,2.9802,3.1157,0.0614,0.1412,0.0459,MEDIUM
VM_003,1378635900,3.3,3.0171,3.0823,3.1018,2.9264,2.9142,2.9834,3.0031,3.1287,0.0845,0.1431,0.0485,MEDIUM
VM_003,1378636200,3.0333,2.9275,2.9908,3.0035,2.9311,2.9811,3.0468,2.9928,3.1947,0.0777,0.1423,0.0562,MEDIUM
VM_003,1378636500,3.0,2.9002,2.9691,2.9768,2.9462,2.9676,2.9689,2.9802,3.1439,0.0596,0.1378,0.0465,MEDIUM
VM_003,1378636800,3.3,2.9316,2.9599,2.9527,2.8889,2.9184,2.9392,2.9456,3.0948,0.0547,0.1378,0.0451,MEDIUM
VM_003,1378637100,3.0,2.8952,2.9112,2.9015,2.9366,2.98,2.9544,2.9562,3.1233,0.0641,0.1378,0.0447,MEDIUM
VM_003,1378637400,3.0,2.8992,2.923,2.9084,2.9721,2.9585,2.8833,2.9572,3.0762,0.0533,0.1378,0.0405,MEDIUM
VM_003,1378637700,3.3,2.9543,2.9786,2.9863,2.9411,2.9157,2.9232,2.9656,3.0769,0.0461,0.1378,0.038,MEDIUM
VM_003,1378638000,3.0,2.887,2.9628,2.9994,2.9491,2.9418,3.0162,2.9786,3.1474,0.0657,0.1366,0.0483,MEDIUM
VM_003,1378638300,3.0,2.8941,2.9815,2.9939,2.9773,2.9394,2.9349,2.9775,3.0896,0.0518,0.1366,0.0406,MEDIUM
VM_003,1378638600,3.2667,2.9877,3.0284,3.0425,2.9329,2.8809,2.9028,2.9652,3.0493,0.0674,0.1366,0.0383,MEDIUM
VM_003,1378638900,3.0333,2.9284,2.9796,2.9915,2.8966,2.9271,2.9937,2.9628,3.144,0.0715,0.1366,0.0529,MEDIUM
VM_003,1378639200,3.0,2.8911,2.9607,2.9668,2.9108,2.9231,2.9696,2.958,3.126,0.0618,0.1366,0.0479,MEDIUM
VM_003,1378639500,3.4,2.9728,2.98,2.9684,2.8773,2.8847,2.9544,2.9436,3.0916,0.0626,0.146,0.0478,MEDIUM
VM_003,1378639800,3.0,2.8913,2.9275,2.9284,2.9006,2.958,3.0225,2.9564,3.1602,0.0776,0.146,0.0541,MEDIUM
VM_003,1378640100,3.0333,2.8788,2.9319,2.9302,2.9469,2.9388,2.9353,2.9518,3.0931,0.0526,0.1451,0.044,MEDIUM
VM_003,1378640400,3.2333,2.9401,2.9391,2.9409,2.8882,2.8792,2.9058,2.9259,3.0473,0.0461,0.1419,0.0401,MEDIUM
VM_003,1378640700,4.1333,3.4084,3.2091,3.1444,2.8335,2.9388,2.95,3.0304,3.4084,0.1561,0.2518,0.1003,MEDIUM
VM_003,1378641000,3.0667,2.9042,2.9501,2.998,2.9675,2.9885,3.0889,3.0039,3.2299,0.0872,0.2504,0.0728,MEDIUM
VM_003,1378641300,3.3333,3.143,3.0995,3.0715,2.9774,3.02,3.0043,3.0464,3.1935,0.0705,0.252,0.0621,MEDIUM
VM_003,1378641600,3.0,2.9619,2.9532,2.9023,2.9639,3.0567,2.9871,2.9964,3.1968,0.0864,0.252,0.0672,MEDIUM
VM_003,1378641900,2.9333,2.9937,3.0115,2.9849,2.9996,3.0827,3.0296,3.0422,3.2386,0.0741,0.255,0.0636,MEDIUM
VM_003,1378642200,3.2,2.948,2.9532,2.9372,2.8898,2.9316,2.9395,2.9523,3.1211,0.0577,0.2533,0.0599,MEDIUM
VM_003,1378642500,3.1,2.937,2.9184,2.8917,2.9819,3.0095,3.0183,2.9946,3.1968,0.0831,0.2523,0.0685,MEDIUM
VM_003,1378642800,3.0,2.8349,2.8681,2.8607,2.9442,2.9241,2.9116,2.924,3.069,0.062,0.2514,0.0599,MEDIUM
VM_003,1378643100,3.3,2.9341,2.9808,2.9955,3.034,3.0173,3.043,3.0333,3.1896,0.0607,0.2514,0.0625,MEDIUM
VM_003,1378643400,3.0,2.8716,2.8731,2.8561,2.8692,2.9068,2.9864,2.9115,3.1194,0.0789,0.2521,0.0667,MEDIUM
VM_003,1378643700,2.9667,2.8964,2.9256,2.9116,2.9648,2.9457,2.9467,2.9544,3.0706,0.0463,0.2531,0.0531,MEDIUM
VM_003,1378644000,3.3,2.9793,2.9945,2.9752,2.8829,2.867,2.9613,2.9449,3.0893,0.0655,0.2531,0.0615,MEDIUM
VM_003,1378644300,3.0,2.9425,2.9846,2.9766,2.889,2.9708,3.0741,2.9897,3.2218,0.0899,0.2531,0.0731,MEDIUM
VM_003,1378644600,3.0,2.8593,2.9348,2.9207,2.8896,2.9096,2.9791,2.9384,3.1399,0.0748,0.2531,0.067,MEDIUM
VM_003,1378644900,3.4,2.9431,2.9686,2.9523,2.8743,2.9302,2.968,2.9558,3.1469,0.071,0.2565,0.0654,MEDIUM
VM_003,1378645200,3.0,2.8543,2.8848,2.8595,2.8549,2.9532,2.9754,2.9254,3.1614,0.0915,0.2565,0.0701,MEDIUM
VM_003,1378645500,3.0,2.9051,2.9503,2.9136,2.91,3.0297,3.0015,2.9874,3.2043,0.089,0.2565,0.069,MEDIUM
VM_003,1378645800,3.3,2.9015,2.9289,2.912,2.8988,2.9034,2.8532,2.9229,3.0428,0.0443,0.2572,0.0554,MEDIUM
VM_003,1378646100,3.0333,2.8943,2.9461,2.9472,2.9622,3.0008,2.9576,2.9833,3.1479,0.0645,0.2572,0.063,MEDIUM
VM_003,1378646400,3.0,2.8712,2.9259,2.9148,2.9633,2.9429,2.8649,2.9447,3.0455,0.0496,0.2572,0.0544,MEDIUM
VM_003,1378646700,3.3667,2.9547,2.9622,2.9573,2.9588,2.9405,2.8996,2.9678,3.0689,0.0385,0.2559,0.0529,MEDIUM
VM_003,1378647000,3.0667,2.915,2.9484,2.9332,2.875,2.969,3.0273,2.9607,3.1866,0.0856,0.2545,0.07,MEDIUM
VM_003,1378647300,3.0,2.9228,2.9887,2.9583,2.8974,2.9012,2.8787,2.9369,3.0577,0.0498,0.2553,0.0555,MEDIUM
VM_003,1378647600,3.2667,2.9649,2.9618,2.9216,2.8395,2.8732,2.8665,2.9093,3.0428,0.0578,0.2558,0.0569,MEDIUM
VM_003,1378647900,3.0,2.9368,2.9792,2.9537,2.8695,2.9645,3.0456,2.9704,3.2097,0.0928,0.1508,0.0615,MEDIUM
VM_003,1378648200,3.0,2.8806,2.8988,2.8494,2.8927,2.9224,2.8774,2.9142,3.0694,0.0608,0.1523,0.0467,MEDIUM
VM_003,1378648500,3.3667,2.9357,2.96,2.9248,2.8821,2.9291,2.9134,2.9431,3.1057,0.0583,0.1546,0.0463,MEDIUM
VM_003,1378648800,3.0,2.8839,2.8969,2.8445,2.8817,2.9313,2.8797,2.9096,3.0648,0.0629,0.1546,0.0482,MEDIUM
VM_003,1378649100,3.0,2.8932,2.944,2.9036,2.9543,2.9707,2.8949,2.9604,3.1057,0.0645,0.1519,0.0457,MEDIUM
VM_003,1378649400,3.2333,2.9502,2.9814,2.9554,2.8858,2.9087,2.8998,2.943,3.0752,0.0488,0.1529,0.042,MEDIUM
VM_003,1378649700,3.1,2.9344,2.9746,2.9459,2.9512,2.9896,2.9581,2.9844,3.1521,0.0613,0.1529,0.0473,MEDIUM
VM_003,1378650000,3.0667,2.8945,2.9471,2.884,2.9013,2.9358,2.8522,2.925,3.0528,0.0533,0.1513,0.0431,MEDIUM
VM_003,1378650300,3.3,3.0413,3.1084,3.0816,3.0547,3.0236,2.9381,3.0608,3.1491,0.05,0.1513,0.0444,MEDIUM
VM_003,1378650600,3.0,2.9736,2.9859,2.9378,2.8573,2.9408,2.9441,2.9479,3.1424,0.0744,0.1513,0.0531,MEDIUM
VM_003,1378650900,3.0,2.9598,3.0157,2.9592,2.9539,2.9519,2.8724,2.9732,3.08,0.0481,0.15,0.0438,MEDIUM
VM_003,1378651200,3.4,3.0121,2.9869,2.9199,2.8747,2.9063,2.8802,2.9376,3.0742,0.0597,0.1566,0.0437,MEDIUM
VM_003,1378651500,3.0,2.9577,2.989,2.9487,2.8569,2.9251,2.9718,2.952,3.1571,0.0778,0.1566,0.0556,MEDIUM
VM_003,1378651800,3.0,2.9181,2.9658,2.9204,2.8943,2.9414,2.9171,2.948,3.1194,0.0627,0.1566,0.0489,MEDIUM
VM_003,1378652100,3.2,2.9715,2.9503,2.8593,2.8618,2.9518,2.9091,2.9338,3.0994,0.0742,0.1461,0.0501,MEDIUM
VM_003,1378652400,3.0,2.9294,2.9238,2.8453,2.8884,2.9885,2.9276,2.9455,3.1374,0.0856,0.1461,0.0548,MEDIUM
VM_003,1378652700,2.9667,2.8971,2.9217,2.8413,2.8866,2.9317,2.8545,2.9167,3.065,0.066,0.1473,0.0464,MEDIUM
VM_003,1378653000,3.4,2.986,2.9998,2.941,2.8445,2.9129,2.9069,2.94,3.1147,0.0704,0.1542,0.0517,MEDIUM
VM_003,1378653300,3.0667,2.9588,2.9752,2.9009,2.8571,2.9196,2.916,2.928,3.1141,0.074,0.1535,0.0517,MEDIUM
VM_003,1378653600,3.0,2.9317,2.9424,2.8428,2.8928,2.9387,2.8216,2.9167,3.0461,0.0646,0.1535,0.0463,MEDIUM
VM_003,1378653900,3.3,2.997,2.9913,2.9065,2.8613,2.9179,2.872,2.9327,3.0857,0.0687,0.1494,0.0457,MEDIUM
VM_003,1378654200,3.0,2.8922,2.898,2.8215,2.8283,2.911,2.8807,2.8945,3.0827,0.0794,0.1509,0.054,MEDIUM
VM_003,1378654500,3.0,2.8885,2.911,2.8186,2.8585,2.8744,2.7865,2.8788,3.0001,0.061,0.1509,0.0446,MEDIUM
VM_003,1378654800,3.2,2.95,2.9289,2.8513,2.845,2.8505,2.7868,2.8775,2.9731,0.055,0.1485,0.0411,MEDIUM
VM_003,1378655100,3.0,2.9891,3.0086,2.9538,2.8872,2.9159,2.9063,2.9505,3.1104,0.0651,0.1485,0.0463,MEDIUM
VM_003,1378655400,3.0,2.8676,2.8888,2.7836,2.8183,2.8811,2.8151,2.859,2.9953,0.0654,0.1485,0.046,MEDIUM
VM_003,1378655700,3.2667,3.0088,2.9873,2.8988,2.8864,2.9602,2.915,2.9521,3.1071,0.0711,0.1422,0.0464,MEDIUM
VM_003,1378656000,3.0333,2.8925,2.8886,2.7761,2.7582,2.8742,2.8492,2.849,3.0451,0.0875,0.1413,0.0542,MEDIUM
VM_003,1378656300,3.0,2.8866,2.903,2.7929,2.8367,2.9058,2.8094,2.88,3.0304,0.0737,0.1413,0.0476,MEDIUM
VM_003,1378656600,3.3,2.9604,2.9233,2.8024,2.8198,2.8673,2.8231,2.872,3.0166,0.0723,0.1445,0.0466,MEDIUM
VM_003,1378656900,3.1,2.9301,2.9001,2.7995,2.859,2.8931,2.8184,2.8824,3.0194,0.0685,0.1445,0.0469,MEDIUM
VM_003,1378657200,3.0333,2.863,2.868,2.7546,2.8434,2.847,2.7187,2.8357,2.9294,0.063,0.1451,0.0435,MEDIUM
VM_003,1378657500,3.2,2.9502,2.9303,2.8387,2.8524,2.854,2.7727,2.8738,2.9611,0.0558,0.1407,0.0403,MEDIUM
VM_003,1378657800,3.0,2.8637,2.8508,2.7429,2.8154,2.8607,2.7539,2.8321,2.9426,0.0693,0.1407,0.0447,MEDIUM
VM_003,1378658100,3.0,2.8212,2.8637,2.771,2.8391,2.8311,2.6973,2.8259,2.9018,0.0559,0.1407,0.0422,MEDIUM
VM_003,1378658400,3.3,2.8877,2.8748,2.7795,2.8051,2.7944,2.6845,2.8098,2.8877,0.0553,0.1328,0.0411,MEDIUM
VM_003,1378658700,3.0,2.9053,2.907,2.8088,2.8194,2.8741,2.8325,2.8638,3.012,0.067,0.1328,0.0462,MEDIUM
VM_003,1378659000,3.0667,2.9023,2.9177,2.794,2.8213,2.8378,2.7399,2.8376,2.9362,0.06,0.1313,0.0401,MEDIUM
VM_003,1378659300,3.2333,2.9833,2.9311,2.7856,2.7934,2.8549,2.7618,2.8456,2.9833,0.0773,0.1326,0.0444,MEDIUM
VM_003,1378659600,3.0,2.8991,2.8814,2.7272,2.7693,2.8509,2.7432,2.8162,2.9365,0.0786,0.1326,0.0451,MEDIUM
VM_003,1378659900,3.0,2.8952,2.8657,2.7175,2.8166,2.9049,2.7943,2.8493,2.9953,0.0874,0.1313,0.051,MEDIUM
VM_003,1378660200,3.3333,2.8992,2.8554,2.7177,2.8071,2.8253,2.6678,2.8046,2.8992,0.0743,0.1253,0.0434,MEDIUM
VM_003,1378660500,3.0667,2.9648,2.9139,2.7789,2.864,2.9308,2.8444,2.89,3.0522,0.0862,0.1253,0.0542,MEDIUM
VM_003,1378660800,2.9333,2.8388,2.831,2.6705,2.8481,2.8566,2.64,2.8024,2.8865,0.0848,0.1283,0.0456,MEDIUM
VM_003,1378661100,3.3,2.9619,2.9314,2.7975,2.8984,2.9076,2.7179,2.8836,2.9619,0.0714,0.1283,0.0453,MEDIUM
VM_003,1378661400,3.0,2.8645,2.8898,2.7646,2.8367,2.871,2.7148,2.8379,2.9328,0.0647,0.1283,0.0423,MEDIUM
VM_003,1378661700,3.0,2.8541,2.8691,2.7354,2.86,2.8597,2.6465,2.8285,2.9185,0.0753,0.1283,0.0486,MEDIUM
VM_003,1378662000,3.3333,2.9326,2.8867,2.7272,2.8049,2.8244,2.611,2.7976,2.9326,0.0834,0.1356,0.0554,MEDIUM
VM_003,1378662300,3.0,2.9108,2.8978,2.7523,2.8352,2.8846,2.722,2.8407,2.919,0.0727,0.1356,0.0407,MEDIUM
VM_003,1378662600,3.0333,2.9188,2.9171,2.7568,2.8202,2.8377,2.6763,2.8205,2.9188,0.0726,0.1347,0.046,MEDIUM
VM_003,1378662900,3.4333,2.9934,2.9882,2.8625,2.8175,2.885,2.7985,2.8812,2.9934,0.073,0.1471,0.0428,MEDIUM
VM_003,1378663200,2.9667,2.9364,2.9262,2.7813,2.8375,2.9158,2.789,2.8702,3.0004,0.0789,0.1492,0.0505,MEDIUM
VM_003,1378663500,3.0,2.8776,2.864,2.6971,2.8457,2.9116,2.679,2.8333,2.9248,0.0914,0.1492,0.0482,MEDIUM
VM_003,1378663800,3.3667,2.9398,2.8991,2.7393,2.8854,2.9561,2.7378,2.8772,2.9673,0.0921,0.1535,0.0482,MEDIUM
VM_003,1378664100,3.1333,2.8503,2.8007,2.6176,2.8151,2.9216,2.7017,2.8061,2.9294,0.1153,0.1535,0.0588,MEDIUM
VM_003,1378664400,3.0333,2.8829,2.8452,2.6663,2.8219,2.8906,2.6762,2.81,2.8914,0.0927,0.1535,0.0483,MEDIUM
VM_003,1378664700,3.2333,2.973,2.8955,2.7188,2.8163,2.8583,2.647,2.8107,2.973,0.0888,0.1545,0.0584,MEDIUM
VM_003,1378665000,3.0667,3.0257,2.9515,2.7735,2.8398,2.9227,2.7745,2.8697,3.0257,0.091,0.1529,0.0558,MEDIUM
VM_003,1378665300,3.0,2.945,2.951,2.7639,2.8552,2.8934,2.6761,2.847,2.951,0.0788,0.1529,0.0521,MEDIUM
VM_003,1378665600,3.3333,2.9905,2.9186,2.732,2.8369,2.8839,2.6498,2.8363,2.9905,0.0918,0.1548,0.0602,MEDIUM
VM_003,1378665900,3.0,2.9109,2.9062,2.7341,2.8167,2.9129,2.7334,2.8412,2.9338,0.0846,0.1548,0.0475,MEDIUM
VM_003,1378666200,2.9333,2.9087,2.8845,2.7228,2.8479,2.9064,2.7064,2.8453,2.9366,0.0837,0.1591,0.0476,MEDIUM
VM_003,1378666500,3.2333,2.9711,2.8768,2.6855,2.7874,2.8611,2.6686,2.8014,2.9711,0.0945,0.1591,0.0575,MEDIUM
VM_003,1378666800,3.0,2.9707,2.9097,2.7369,2.8401,2.9411,2.767,2.8621,2.9707,0.0894,0.1591,0.0513,MEDIUM
VM_003,1378667100,3.0,2.904,2.8971,2.7234,2.8183,2.8759,2.6742,2.818,2.904,0.0774,0.1591,0.0476,MEDIUM
VM_003,1378667400,3.3,3.0064,2.9746,2.82,2.804,2.8825,2.7243,2.8548,3.0064,0.0791,0.1572,0.0535,MEDIUM
VM_003,1378667700,3.0333,2.9318,2.909,2.7414,2.8358,2.9423,2.7724,2.8557,2.9564,0.0853,0.1578,0.0507,MEDIUM
VM_003,1378668000,3.0667,2.9263,2.8897,2.6961,2.8299,2.9206,2.7202,2.8327,2.9263,0.0926,0.1535,0.0498,MEDIUM
VM_003,1378668300,3.4,3.0081,2.9391,2.7414,2.8133,2.9001,2.7369,2.8407,3.0081,0.0911,0.16,0.057,MEDIUM
VM_003,1378668600,3.0333,2.9644,2.9231,2.7347,2.8136,2.9429,2.8252,2.8605,2.9887,0.099,0.159,0.0565,MEDIUM
VM_003,1378668900,3.0,2.9527,2.9333,2.7544,2.8098,2.8832,2.7561,2.8389,2.9527,0.0776,0.159,0.0485,MEDIUM
VM_003,1378669200,3.3667,2.9937,2.9184,2.7283,2.8245,2.8648,2.6395,2.8148,2.9937,0.0937,0.1611,0.0626,MEDIUM
VM_003,1378669500,3.0,3.0364,2.9756,2.7959,2.8657,2.9925,2.8578,2.9108,3.0364,0.0936,0.1611,0.055,MEDIUM
VM_003,1378669800,3.0,2.9154,2.937,2.7676,2.8775,2.9136,2.6987,2.8526,2.937,0.0774,0.162,0.049,MEDIUM
VM_003,1378670100,3.3,3.0194,2.9601,2.8189,2.9496,2.9602,2.6903,2.9032,3.0194,0.0919,0.1529,0.0585,MEDIUM
VM_003,1378670400,3.0,2.9803,2.9658,2.8277,2.9199,2.9697,2.7803,2.903,2.9803,0.0724,0.1516,0.0431,MEDIUM
VM_003,1378670700,3.0,2.9927,2.9863,2.8649,3.0127,2.9969,2.7285,2.9437,3.0414,0.0871,0.1516,0.0565,MEDIUM
VM_003,1378671000,3.4,3.0273,3.0023,2.8685,2.8667,2.9181,2.7885,2.8944,3.0273,0.0691,0.1541,0.048,MEDIUM
VM_003,1378671300,3.0333,3.0133,2.986,2.8887,2.9113,3.0115,2.9041,2.9506,3.0638,0.0662,0.1551,0.0473,MEDIUM
VM_003,1378671600,3.0,2.912,2.9165,2.7635,2.8599,2.9264,2.7495,2.8599,2.9292,0.0697,0.156,0.0413,MEDIUM
VM_003,1378671900,3.2333,2.9578,2.9065,2.7789,2.8247,2.9254,2.7698,2.8659,2.971,0.0729,0.156,0.0438,MEDIUM
VM_003,1378672200,3.0,2.8632,2.8355,2.6977,2.7812,2.9579,2.8648,2.8421,3.0187,0.1092,0.1575,0.0626,MEDIUM
VM_003,1378672500,3.0,2.9396,2.9178,2.804,2.9236,2.9428,2.7793,2.9023,2.9808,0.0728,0.1575,0.044,MEDIUM
VM_003,1378672800,3.2333,3.0129,2.9575,2.8357,2.8613,2.8692,2.7228,2.8611,3.0129,0.0718,0.1526,0.0539,MEDIUM
VM_003,1378673100,3.0,3.0224,2.9777,2.8803,2.906,2.981,2.9004,2.9389,3.0329,0.0661,0.1526,0.0447,MEDIUM
VM_003,1378673400,3.0,2.9063,2.9452,2.8449,2.8683,2.8802,2.7319,2.8623,2.9452,0.0516,0.1499,0.0445,MEDIUM
VM_003,1378673700,3.3667,2.9938,3.0187,2.9663,2.8798,2.8676,2.6945,2.8947,3.0187,0.0799,0.157,0.0585,MEDIUM
VM_003,1378674000,3.0667,2.9856,2.9774,2.9149,2.8029,2.9694,3.0607,2.9324,3.1728,0.1161,0.1554,0.0649,MEDIUM
VM_003,1378674300,3.0,2.9803,2.9986,2.9064,2.8983,2.9532,2.8699,2.9344,3.0397,0.0556,0.1554,0.0409,MEDIUM
VM_003,1378674600,3.3667,3.0087,2.9282,2.821,2.8285,2.9676,2.8898,2.9065,3.0607,0.0902,0.1594,0.0531,MEDIUM
VM_003,1378674900,3.1,2.946,2.9273,2.8447,2.8216,3.0393,3.0098,2.9428,3.1727,0.1188,0.1583,0.0643,MEDIUM
VM_003,1378675200,3.0,2.8548,2.838,2.7625,2.8947,2.9577,2.7799,2.8839,3.0122,0.089,0.16,0.051,MEDIUM
VM_003,1378675500,3.3,3.0351,2.9656,2.8895,2.8975,2.9696,2.8455,2.9361,3.0351,0.0665,0.1535,0.0428,MEDIUM
VM_003,1378675800,3.1,2.9886,2.9194,2.8716,2.9589,3.0444,2.9836,2.972,3.1134,0.0828,0.1526,0.0549,MEDIUM
VM_003,1378676100,3.1333,2.951,2.9559,2.882,3.0386,3.0208,2.8276,2.9717,3.0678,0.0739,0.1504,0.0477,MEDIUM
VM_003,1378676400,3.3667,2.9831,3.0067,2.9911,2.9461,2.8897,2.7219,2.9283,3.0067,0.0749,0.1504,0.053,MEDIUM
VM_003,1378676700,3.0,2.9193,2.9728,2.9701,2.9177,2.9717,2.9606,2.9568,3.0911,0.0517,0.1504,0.0413,MEDIUM
VM_003,1378677000,3.1667,2.9754,3.0077,2.9626,2.9047,2.9167,2.8434,2.9372,3.0106,0.0498,0.1483,0.0388,MEDIUM
VM_003,1378677300,3.4,3.0818,3.0647,3.0068,2.8801,2.9437,2.8778,2.9613,3.0818,0.0738,0.1545,0.0448,MEDIUM
VM_003,1378677600,3.0,2.994,2.9525,2.9052,2.8721,3.0503,3.0681,2.9783,3.2007,0.1133,0.1545,0.0626,MEDIUM
VM_003,1378677900,3.0,2.9475,2.9597,2.9134,2.9335,3.0275,2.9268,2.9764,3.1161,0.0745,0.1545,0.0482,MEDIUM
VM_003,1378678200,3.3333,3.0103,2.9773,2.9608,2.8814,2.9822,2.9258,2.9631,3.0921,0.0681,0.15,0.0442,MEDIUM
VM_003,1378678500,3.0667,2.9511,2.9163,2.9287,2.9389,3.0908,3.1563,3.011,3.2724,0.1262,0.1492,0.0685,MEDIUM
VM_003,1378678800,3.0,2.9024,2.9014,2.8817,3.0039,3.0537,2.9332,2.9814,3.104,0.0851,0.1492,0.0489,MEDIUM
VM_003,1378679100,3.2667,2.9827,2.9829,2.9786,2.9861,3.0039,2.8804,2.9905,3.0848,0.0483,0.1503,0.0435,MEDIUM
VM_003,1378679400,3.0,2.8837,2.9134,2.9323,2.9877,3.0193,2.9351,2.9726,3.0928,0.0636,0.1503,0.044,MEDIUM
VM_003,1378679700,3.0,2.8988,2.9566,2.9782,3.0289,3.0213,2.9135,3.002,3.1091,0.06,0.1503,0.0442,MEDIUM
VM_003,1378680000,3.4,3.0536,3.0528,3.0946,2.9548,2.9535,2.8614,2.9996,3.0946,0.0653,0.1586,0.0479,MEDIUM
VM_003,1378680300,3.0,3.0099,3.0182,3.0454,3.0291,3.0865,3.0238,3.0546,3.2017,0.0655,0.1586,0.0442,MEDIUM
VM_003,1378680600,3.0,2.9955,3.0271,3.0642,3.0689,3.0608,2.8969,3.0498,3.1211,0.0566,0.1586,0.0469,MEDIUM
VM_003,1378680900,3.2667,3.0662,3.0823,3.1336,2.9873,2.9771,2.8615,3.0272,3.1336,0.0675,0.1538,0.0519,MEDIUM
VM_003,1378681200,3.1,2.9738,2.9927,3.064,2.9613,3.0388,3.0415,3.027,3.1948,0.0658,0.1532,0.0473,MEDIUM
VM_003,1378681500,3.0667,3.0194,3.0154,3.038,3.0567,3.0917,2.9979,3.0592,3.1746,0.0564,0.1512,0.0405,MEDIUM
VM_003,1378681800,3.2667,3.0114,2.9835,3.0156,2.9796,3.0839,3.0098,3.0352,3.1798,0.0648,0.146,0.0438,MEDIUM
VM_003,1378682100,3.0667,2.9423,2.9741,3.0393,3.0109,3.1148,3.156,3.0734,3.3212,0.1066,0.1466,0.0636,MEDIUM
VM_003,1378682400,3.0,2.9581,2.9959,3.0177,3.0251,3.0459,2.9294,3.0244,3.1213,0.0534,0.1466,0.0415,MEDIUM
VM_003,1378682700,3.3,3.0747,3.0758,3.1038,3.0894,3.1142,2.9677,3.1052,3.2032,0.0576,0.1466,0.0467,MEDIUM
VM_003,1378683000,3.1,2.948,2.9861,3.076,2.9726,3.0816,3.1411,3.0603,3.311,0.1022,0.1466,0.0617,MEDIUM
VM_003,1378683300,3.0,2.9954,3.0398,3.0855,3.043,3.0825,3.0081,3.0753,3.2348,0.0609,0.1492,0.0475,MEDIUM
VM_003,1378683600,3.2667,3.1388,3.151,3.1856,3.0965,3.0971,2.958,3.127,3.1918,0.0633,0.1437,0.0461,MEDIUM
VM_003,1378683900,3.0,2.9678,3.0299,3.1294,3.1071,3.1456,3.0954,3.1247,3.3061,0.0839,0.1437,0.0584,MEDIUM
VM_003,1378684200,3.0,2.9122,3.01,3.0749,3.1364,3.1012,2.8387,3.0781,3.1853,0.1021,0.1457,0.0597,MEDIUM
VM_003,1378684500,3.3667,3.0552,3.0884,3.1464,3.0969,3.0704,2.824,3.0869,3.1567,0.0854,0.1431,0.0577,MEDIUM
VM_003,1378684800,3.0333,2.8232,2.9246,3.0436,3.0351,2.998,2.9055,2.9979,3.0829,0.0728,0.142,0.0489,MEDIUM
VM_003,1378685100,3.1,2.8901,3.0014,3.0739,3.0868,3.0361,2.8924,3.0461,3.1102,0.0753,0.1398,0.044,MEDIUM
VM_003,1378685400,3.4,3.1207,3.1476,3.1925,3.0482,3.0101,2.9078,3.0781,3.1925,0.0745,0.1447,0.0522,MEDIUM
VM_003,1378685700,3.1,3.0147,3.0374,3.0921,3.0142,3.0395,2.9522,3.046,3.1439,0.051,0.1442,0.0412,MEDIUM
VM_003,1378686000,3.1333,3.0289,3.042,3.0564,2.9637,3.0155,2.9307,3.0242,3.1196,0.0576,0.1416,0.0405,MEDIUM
VM_003,1378686300,3.2667,3.1459,3.129,3.1517,2.966,2.9691,2.9253,3.0427,3.1517,0.0726,0.1416,0.0449,MEDIUM
VM_003,1378686600,2.9667,3.0121,3.011,3.0482,2.9581,3.0408,3.0827,3.0367,3.217,0.0802,0.1431,0.0514,MEDIUM
VM_003,1378686900,3.0,3.0029,3.0409,3.0576,3.0176,3.0297,3.0041,3.0429,3.1613,0.0528,0.1431,0.0385,MEDIUM
VM_003,1378687200,3.4,3.0244,2.9979,2.9925,2.9761,2.9664,2.8857,2.9891,3.0715,0.047,0.1431,0.0403,MEDIUM
VM_003,1378687500,3.0,2.9303,2.9556,2.986,2.9668,2.9981,2.991,2.997,3.147,0.0657,0.1431,0.044,MEDIUM
VM_003,1378687800,3.0,2.8987,2.9788,3.0138,3.0304,3.0089,2.9403,3.018,3.1143,0.063,0.1431,0.0439,MEDIUM
VM_003,1378688100,3.3333,3.0302,3.0273,3.0289,3.0191,2.9902,2.8871,3.0187,3.0782,0.0492,0.1464,0.0414,MEDIUM
VM_003,1378688400,3.0,2.9037,2.9588,3.0067,2.9681,2.9884,3.0117,2.998,3.1504,0.0652,0.1489,0.0483,MEDIUM
VM_003,1378688700,3.0,2.8952,2.9774,2.9964,3.0328,3.0096,2.9189,3.0101,3.1039,0.0629,0.1508,0.044,MEDIUM
VM_003,1378689000,3.3,2.9706,2.9963,3.0129,2.9013,2.9262,2.897,2.9692,3.0732,0.0508,0.1523,0.0404,MEDIUM
VM_003,1378689300,3.0333,2.8924,2.946,2.9817,2.9035,2.9485,2.9616,2.9637,3.1312,0.0687,0.153,0.0479,MEDIUM
VM_003,1378689600,3.0,2.9146,2.9489,2.9397,2.9531,2.9396,2.8023,2.9499,3.0393,0.0597,0.153,0.0477,MEDIUM
VM_003,1378689900,3.3,3.0066,2.9879,2.9579,2.9202,2.8965,2.7512,2.9364,3.0066,0.0649,0.153,0.0498,MEDIUM
VM_003,1378690200,3.0,2.8839,2.9024,2.9197,2.9092,2.9328,2.8963,2.9367,3.0597,0.0608,0.1552,0.0426,MEDIUM
VM_003,1378690500,2.8667,2.8856,2.9272,2.9294,2.9289,2.9333,2.862,2.9436,3.0557,0.0588,0.1621,0.0437,MEDIUM
VM_003,1378690800,3.2333,2.9309,2.9469,2.9408,2.9132,2.8768,2.7649,2.9155,2.9818,0.0524,0.1609,0.0463,MEDIUM
VM_003,1378691100,3.0,2.843,2.8889,2.8967,2.8685,2.9138,2.8907,2.912,3.0526,0.0658,0.1609,0.0454,MEDIUM
VM_003,1378691400,3.8333,3.4895,3.1676,2.8891,2.7332,2.8072,2.529,2.8722,3.4895,0.2318,0.2151,0.1412,MEDIUM
VM_003,1378691700,3.4,2.9091,2.8935,3.0171,2.8823,2.8059,2.7974,2.8993,3.0171,0.0571,0.2167,0.0538,MEDIUM
VM_003,1378692000,3.0,2.772,2.8815,2.9578,2.765,2.7752,2.7862,2.8408,2.9983,0.0871,0.2176,0.0594,MEDIUM
VM_003,1378692300,2.9667,2.7479,2.8757,2.927,2.9152,2.8931,2.844,2.9167,3.0732,0.0836,0.2207,0.0668,MEDIUM
VM_003,1378692600,3.2,2.865,2.942,2.9431,2.8416,2.8926,2.8096,2.9088,3.055,0.0775,0.2144,0.0583,MEDIUM
VM_003,1378692900,3.1,2.7828,2.8572,2.8593,2.8823,2.8998,2.8359,2.9028,3.0836,0.0834,0.2144,0.0631,MEDIUM
VM_003,1378693200,3.0,2.8056,2.8608,2.8227,2.947,2.9754,2.813,2.944,3.1256,0.1097,0.2162,0.0656,MEDIUM
VM_003,1378693500,3.2333,2.858,2.8782,2.8581,2.9396,2.8942,2.7094,2.9055,3.0018,0.0738,0.2155,0.0622,MEDIUM
VM_003,1378693800,3.0333,2.7737,2.7917,2.7664,3.0053,3.0149,2.821,2.932,3.1109,0.1252,0.2137,0.0682,MEDIUM
VM_003,1378694100,3.0,2.767,2.8187,2.7998,2.9667,2.9374,2.7895,2.9045,3.0377,0.0914,0.2137,0.0594,MEDIUM
VM_003,1378694400,3.2667,2.7896,2.8181,2.8046,2.8982,2.86,2.749,2.8606,2.966,0.0634,0.2081,0.0524,MEDIUM
VM_003,1378694700,3.0,2.7965,2.8943,2.9103,2.8423,2.8542,2.9042,2.8957,3.0836,0.079,0.2081,0.0607,MEDIUM
VM_003,1378695000,3.0,2.8703,2.9501,2.9525,2.9752,2.9219,2.8184,2.9593,3.0559,0.065,0.2081,0.0548,MEDIUM
VM_003,1378695300,3.2667,2.8761,2.923,2.8771,2.8479,2.8556,2.7858,2.8919,3.013,0.0624,0.2057,0.0533,MEDIUM
VM_003,1378695600,3.0,2.8305,2.8867,2.8751,2.8399,2.8692,2.8447,2.8907,3.0597,0.0718,0.2057,0.0535,MEDIUM
VM_003,1378695900,3.0,2.8612,2.911,2.8697,2.8812,2.9021,2.7989,2.9078,3.051,0.069,0.2057,0.0562,MEDIUM
VM_003,1378696200,4.2667,3.5466,3.1745,2.8376,2.5567,2.8847,2.7781,2.8905,3.5466,0.2467,0.3096,0.1568,MEDIUM
VM_003,1378696500,3.1,2.844,2.8347,2.8797,2.8504,2.8705,2.9311,2.8932,3.0865,0.0761,0.3086,0.0711,MEDIUM
VM_003,1378696800,3.0333,2.8604,2.8957,2.8529,2.8418,2.9329,2.7951,2.8967,3.0888,0.0799,0.3079,0.0742,MEDIUM
VM_003,1378697100,3.3333,2.8663,2.8787,2.8345,2.9865,2.9462,2.6562,2.9139,3.0418,0.0977,0.3086,0.0852,MEDIUM
VM_003,1378697400,3.0,2.7825,2.8398,2.8325,2.8867,2.99,2.9407,2.9286,3.1867,0.1186,0.3086,0.0874,MEDIUM
VM_003,1378697700,3.0,2.7917,2.8613,2.8062,2.9139,2.9134,2.7505,2.89,3.0276,0.082,0.304,0.0718,MEDIUM
VM_003,1378698000,3.2667,2.849,2.8919,2.8377,2.8858,2.9283,2.87,2.9253,3.1417,0.0884,0.3044,0.075,MEDIUM
VM_003,1378698300,3.0333,2.7942,2.8693,2.8467,2.8352,2.884,2.885,2.8819,3.1062,0.0899,0.3036,0.0759,MEDIUM
VM_003,1378698600,3.0,2.848,2.8823,2.8112,2.9762,3.0146,2.8874,2.9573,3.159,0.1023,0.2717,0.076,MEDIUM
VM_003,1378698900,3.3,2.8668,2.8878,2.8297,2.8434,2.8833,2.8183,2.8888,3.0751,0.0779,0.2683,0.0648,MEDIUM
VM_003,1378699200,3.0,2.7915,2.8226,2.7933,2.8592,2.8975,2.8499,2.8805,3.0888,0.0865,0.2683,0.0696,MEDIUM
VM_003,1378699500,3.0,2.8335,2.8652,2.7949,2.9061,2.9589,2.822,2.9081,3.0864,0.0905,0.2675,0.0688,MEDIUM
VM_003,1378699800,3.3333,2.9036,2.9289,2.8783,2.9106,2.9286,2.801,2.928,3.0625,0.0641,0.2701,0.0656,MEDIUM
VM_003,1378700100,3.1,2.798,2.8435,2.7853,2.8757,2.8995,2.758,2.8672,3.0168,0.0762,0.2701,0.0653,MEDIUM
VM_003,1378700400,3.0,2.865,2.9084,2.8468,2.8656,2.8965,2.7567,2.889,3.0238,0.0656,0.2701,0.0662,MEDIUM
VM_003,1378700700,3.2,2.8558,2.9046,2.839,2.8388,2.8546,2.7498,2.8682,3.0029,0.0613,0.2697,0.0645,MEDIUM
VM_003,1378701000,2.9667,2.8525,2.9516,2.9108,2.9375,3.0643,3.0587,3.0016,3.2711,0.1174,0.2713,0.0843,MEDIUM
VM_003,1378701300,3.0333,2.877,2.9698,2.9096,2.9338,2.9652,2.8371,2.9506,3.1119,0.0709,0.2706,0.0672,MEDIUM
VM_003,1378701600,3.3333,2.896,2.9578,2.8985,2.8995,2.9306,2.8213,2.9303,3.0879,0.0688,0.2722,0.0665,MEDIUM
VM_003,1378701900,3.0,2.8804,2.9583,2.9278,2.9051,2.9454,2.8654,2.9417,3.1249,0.0747,0.2722,0.066,MEDIUM
VM_003,1378702200,3.0,2.867,2.96,2.9312,2.9717,2.9571,2.8121,2.9574,3.0952,0.0719,0.2722,0.0684,MEDIUM
VM_003,1378702500,3.2143,2.8682,2.9168,2.8637,2.8649,2.8723,2.7663,2.8876,3.0334,0.0648,0.2714,0.0664,MEDIUM
VM_003,1378702800,3.0,2.8394,2.8994,2.8676,2.9126,2.9253,2.8053,2.9098,3.0687,0.0688,0.2714,0.066,MEDIUM
VM_003,1378703100,3.0,2.8529,2.9137,2.8529,2.9248,2.9391,2.7512,2.911,3.0407,0.0724,0.2714,0.0691,MEDIUM
VM_003,1378703400,3.2667,2.8998,2.9568,2.9089,2.8958,2.9063,2.8295,2.9252,3.0683,0.0606,0.1339,0.0454,MEDIUM
VM_003,1378703700,3.1,2.861,2.9278,2.889,2.8938,2.942,2.8685,2.9277,3.1175,0.0728,0.1339,0.0477,MEDIUM
VM_003,1378704000,3.0,2.8912,2.9562,2.9016,2.8915,2.9402,2.8283,2.9291,3.0936,0.0687,0.1349,0.0487,MEDIUM
VM_003,1378704300,3.2667,2.9115,2.9522,2.8841,2.8681,2.8912,2.7523,2.8992,3.0209,0.0655,0.1305,0.0485,MEDIUM
VM_003,1378704600,3.0,2.9024,2.9317,2.8693,2.8732,2.9322,2.7826,2.9097,3.0479,0.0653,0.1305,0.0481,MEDIUM
VM_003,1378704900,3.0,2.8764,2.9206,2.8739,2.8737,2.8978,2.7416,2.8915,3.0051,0.0617,0.1305,0.0479,MEDIUM
VM_003,1378705200,3.3,2.8817,2.9393,2.9088,2.8921,2.8795,2.7845,2.9067,3.0288,0.0599,0.1325,0.0459,MEDIUM
VM_003,1378705500,3.0,2.8634,2.9433,2.9166,2.8845,2.9213,2.8858,2.9251,3.1208,0.0732,0.1335,0.0522,MEDIUM
VM_003,1378705800,3.0667,2.9396,3.0598,3.0229,3.0386,3.0042,2.8402,3.0147,3.1199,0.0743,0.132,0.05,MEDIUM
VM_003,1378706100,3.1667,2.9284,2.9875,2.9505,2.9249,2.9274,2.7837,2.9429,3.0509,0.0667,0.126,0.0478,MEDIUM
VM_003,1378706400,2.9333,2.8824,2.956,2.9421,2.9189,2.9522,2.8514,2.9457,3.0961,0.063,0.129,0.0455,MEDIUM
VM_003,1378706700,2.9333,2.879,2.9443,2.903,2.9075,2.9449,2.8057,2.9284,3.0708,0.0646,0.1318,0.0483,MEDIUM
VM_003,1378707000,3.3667,2.9254,2.9961,2.9651,2.9028,2.9148,2.8417,2.943,3.0836,0.0675,0.1346,0.0459,MEDIUM
VM_003,1378707300,3.1,2.8646,2.9618,2.9547,2.9213,2.9677,2.9433,2.9596,3.1671,0.0787,0.1346,0.0539,MEDIUM
VM_003,1378707600,3.0333,2.8983,2.978,2.9438,2.932,2.9815,2.8592,2.9618,3.1286,0.071,0.1337,0.049,MEDIUM
VM_003,1378707900,3.3333,2.9805,3.0043,2.9503,2.9244,2.9471,2.7872,2.9535,3.0573,0.0686,0.1409,0.05,MEDIUM
VM_003,1378708200,3.0,2.8863,2.9468,2.9302,2.9496,2.9674,2.8181,2.9519,3.0735,0.063,0.1396,0.0481,MEDIUM
VM_003,1378708500,3.0,2.8851,2.9412,2.9093,2.9627,2.9523,2.7775,2.9424,3.0448,0.0664,0.1405,0.0496,MEDIUM
VM_003,1378708800,3.3333,2.9183,2.9825,2.9531,2.9592,2.9369,2.7964,2.9519,3.0465,0.0621,0.1405,0.0476,MEDIUM
VM_003,1378709100,3.0,2.8802,2.9539,2.938,2.977,2.982,2.883,2.9664,3.1137,0.0638,0.1405,0.0456,MEDIUM
VM_003,1378709400,2.9,2.9197,2.9895,2.9564,2.9717,2.9809,2.832,2.9711,3.0949,0.0652,0.145,0.0497,MEDIUM
VM_003,1378709700,3.2667,2.9594,3.025,2.9966,2.9442,2.9533,2.866,2.9786,3.1019,0.0657,0.1473,0.0468,MEDIUM
VM_003,1378710000,3.0333,2.8877,2.9874,2.9858,2.9422,2.9675,2.9096,2.973,3.1343,0.0665,0.1465,0.0484,MEDIUM
VM_003,1378710300,3.0,2.9155,2.9992,2.9716,2.9668,2.9905,2.8682,2.9812,3.1213,0.0636,0.1465,0.0487,MEDIUM
VM_003,1378710600,3.2333,2.9621,2.9903,2.9711,2.9323,2.9698,2.9091,2.9707,3.1177,0.0604,0.145,0.0462,MEDIUM
VM_003,1378710900,3.0667,2.9034,2.9381,2.9162,2.9797,3.0392,2.8966,2.9818,3.1447,0.0739,0.1451,0.048,MEDIUM
VM_003,1378711200,3.0,2.8968,2.9448,2.9189,2.9746,3.0081,2.8478,2.9712,3.1111,0.0691,0.1451,0.0498,MEDIUM
VM_003,1378711500,3.2333,2.9403,2.972,2.9401,2.9699,2.9584,2.7865,2.96,3.0539,0.0639,0.1436,0.05,MEDIUM
VM_003,1378711800,3.0,2.9025,2.9369,2.9149,2.9866,2.9817,2.7975,2.9574,3.0458,0.0649,0.1436,0.0478,MEDIUM
VM_003,1378712100,2.9667,2.9014,2.9747,2.9656,3.0417,2.9913,2.795,2.9868,3.1073,0.0758,0.1447,0.0555,MEDIUM
VM_003,1378712400,3.2667,2.9619,3.0218,3.0171,3.0175,2.9559,2.822,2.9911,3.1149,0.0715,0.1428,0.053,MEDIUM
VM_003,1378712700,3.0333,2.9377,3.0012,2.9943,3.0027,3.0031,2.8876,2.9994,3.1154,0.0594,0.142,0.0452,MEDIUM
VM_003,1378713000,3.1,2.9825,3.0547,3.0327,3.0252,3.0079,2.841,3.0152,3.1125,0.0692,0.1419,0.0503,MEDIUM
VM_003,1378713300,3.2333,3.0023,3.0568,3.0442,2.9873,2.9611,2.8505,3.0008,3.0974,0.0724,0.144,0.0477,MEDIUM
VM_003,1378713600,3.1333,2.9429,2.9867,2.9738,2.9621,2.9591,2.8243,2.9666,3.0571,0.0587,0.1397,0.0455,MEDIUM
VM_003,1378713900,3.0333,2.9498,3.0076,2.9927,3.0231,2.9943,2.8283,2.9977,3.1018,0.0663,0.1357,0.0498,MEDIUM
VM_003,1378714200,3.3667,2.9814,2.9919,2.9688,3.0037,2.954,2.7818,2.9714,3.0824,0.0694,0.1357,0.053,MEDIUM
VM_003,1378714500,3.1,2.9112,2.9892,2.9973,3.0334,3.013,2.8986,3.0087,3.1241,0.0631,0.1357,0.0441,MEDIUM
VM_003,1378714800,3.0,2.9321,3.0055,2.9908,3.0471,3.0097,2.8328,3.0059,3.1162,0.0709,0.1367,0.0511,MEDIUM
VM_003,1378715100,3.2,2.9798,3.0063,3.0043,3.0219,2.9791,2.8282,2.9983,3.1111,0.067,0.1298,0.0501,MEDIUM
VM_003,1378715400,3.0,2.9897,3.0029,2.995,3.0638,3.0452,2.9268,3.0332,3.1462,0.0563,0.1298,0.0426,MEDIUM
VM_003,1378715700,3.0,2.9611,3.0494,3.0617,3.1101,3.0629,2.9598,3.072,3.1921,0.0691,0.1298,0.0441,MEDIUM
VM_003,1378716000,3.3333,3.0076,3.1012,3.104,3.0795,3.045,2.9995,3.0803,3.2154,0.0703,0.1298,0.0422,MEDIUM
VM_003,1378716300,3.0,2.9829,3.0866,3.0929,3.0932,3.1341,3.1009,3.1117,3.3083,0.0794,0.1298,0.0551,MEDIUM
VM_003,1378716600,2.9667,3.0296,3.0718,3.036,3.0887,3.088,2.874,3.0641,3.163,0.0716,0.1259,0.0503,MEDIUM
VM_003,1378716900,3.2333,3.1162,3.0931,3.0569,3.0544,3.0516,2.8717,3.059,3.1344,0.0655,0.1242,0.047,MEDIUM
VM_003,1378717200,3.0,3.008,3.027,3.0128,3.0583,3.0466,2.9048,3.0388,3.1236,0.0532,0.1252,0.0419,MEDIUM
VM_003,1378717500,3.0,2.9976,3.0181,3.0042,3.1508,3.1112,2.8841,3.0763,3.1819,0.0843,0.1252,0.0513,MEDIUM
VM_003,1378717800,3.1667,3.0531,3.0374,3.0133,3.0894,3.0246,2.8134,3.0314,3.1525,0.0759,0.123,0.0559,MEDIUM
VM_003,1378718100,3.0333,3.0144,3.0278,3.0115,3.1085,3.0913,2.9264,3.0628,3.1448,0.0593,0.1236,0.0417,MEDIUM
VM_003,1378718400,3.0,3.0191,3.0823,3.0706,3.0808,3.0541,2.9385,3.0675,3.1559,0.0582,0.1236,0.0416,MEDIUM
VM_003,1378718700,3.3333,3.1154,3.1418,3.1205,3.0622,3.0316,2.937,3.0821,3.1684,0.0699,0.1298,0.044,MEDIUM
VM_003,1378719000,3.0,3.0429,3.0993,3.0783,3.0497,3.0637,3.0009,3.0728,3.1954,0.0549,0.1298,0.0416,MEDIUM
VM_003,1378719300,3.0,3.0388,3.0964,3.0642,3.0726,3.046,2.9396,3.064,3.1528,0.0578,0.1284,0.0417,MEDIUM
VM_003,1378719600,3.3333,3.1042,3.1008,3.0649,3.0045,3.0014,2.9264,3.04,3.1322,0.0643,0.1327,0.0414,MEDIUM
VM_003,1378719900,3.0333,3.0645,3.0657,3.0293,3.0259,3.0438,2.946,3.0433,3.1544,0.0532,0.1327,0.0417,MEDIUM
VM_003,1378720200,3.0333,3.0837,3.073,3.0284,3.0786,3.045,2.8742,3.0516,3.1384,0.0628,0.1336,0.0484,MEDIUM
VM_003,1378720500,3.2,3.0775,3.0992,3.0694,3.0335,3.0172,2.969,3.0557,3.1564,0.0547,0.1324,0.0391,MEDIUM
VM_003,1378720800,3.0,3.0084,3.0538,3.0331,3.0752,3.0708,2.9946,3.0661,3.1884,0.0516,0.1339,0.0401,MEDIUM
VM_003,1378721100,3.0,3.0143,3.0301,2.9928,3.1004,3.0901,2.9282,3.0596,3.1465,0.0606,0.1347,0.0431,MEDIUM
VM_003,1378721400,3.3333,3.0933,3.0748,3.0256,3.0433,3.0342,2.9136,3.0458,3.1222,0.0529,0.132,0.0416,MEDIUM
VM_003,1378721700,3.1,3.0096,3.0264,2.9868,3.0338,3.0524,2.9647,3.037,3.169,0.0527,0.132,0.0411,MEDIUM
VM_003,1378722000,3.0667,3.0257,3.0726,3.0416,3.0491,3.0717,3.0325,3.0709,3.2243,0.0557,0.1306,0.0445,MEDIUM
VM_003,1378722300,3.1333,3.068,3.084,3.0445,3.0253,3.0028,2.9438,3.0386,3.1312,0.0539,0.129,0.0387,MEDIUM
VM_003,1378722600,3.0,3.0391,3.0509,3.0033,3.0101,3.0806,3.0469,3.0553,3.2343,0.0658,0.129,0.0479,MEDIUM
VM_003,1378722900,3.0,3.0224,3.0654,3.0203,3.0268,3.0393,2.9724,3.0424,3.173,0.0519,0.129,0.0414,MEDIUM
VM_003,1378723200,3.3,3.0565,3.0258,2.9566,2.9786,3.0115,2.9201,3.0083,3.1231,0.0514,0.1265,0.0402,MEDIUM
VM_003,1378723500,3.0333,2.9894,3.004,2.9514,2.9966,3.0647,2.9975,3.0258,3.1912,0.0651,0.1256,0.0445,MEDIUM
VM_003,1378723800,2.9333,2.982,2.9866,2.9436,3.072,3.06,2.9284,3.0306,3.1335,0.062,0.1273,0.0406,MEDIUM
VM_003,1378724100,3.2667,3.0344,2.9906,2.9325,2.989,2.9917,2.903,2.9924,3.0999,0.0492,0.129,0.0398,MEDIUM
VM_003,1378724400,3.0,2.9656,2.9907,2.962,3.022,3.0429,2.9881,3.0246,3.1731,0.0574,0.129,0.0415,MEDIUM
VM_003,1378724700,3.0,2.9516,2.9815,2.9437,3.0419,3.0217,2.9376,3.0124,3.1374,0.0571,0.129,0.0402,MEDIUM
VM_003,1378725000,3.2667,3.0626,3.077,3.0245,2.9989,2.9952,2.9624,3.0307,3.1517,0.0557,0.133,0.0416,MEDIUM
VM_003,1378725300,4.5667,3.1166,3.1401,3.0938,3.1257,3.1442,3.0878,3.1372,3.2891,0.0552,0.3267,0.0678,MEDIUM
VM_003,1378725600,3.0,3.0019,3.0396,2.9947,3.0401,3.0513,2.9648,3.0404,3.1724,0.0528,0.3267,0.0665,MEDIUM
VM_003,1378725900,3.2,3.1267,3.1176,3.0776,3.0594,3.063,2.9908,3.0825,3.1936,0.0537,0.3249,0.0657,MEDIUM
VM_003,1378726200,3.0,2.9843,3.0133,2.9797,3.0278,3.0773,3.0333,3.0455,3.2273,0.0684,0.3249,0.071,MEDIUM
VM_003,1378726500,2.9667,3.023,3.0007,2.9381,3.0985,3.077,2.943,3.0515,3.1692,0.0688,0.3256,0.0691,MEDIUM
VM_003,1378726800,3.3,3.045,3.003,2.9467,3.0136,3.0035,2.9169,3.0095,3.1168,0.0494,0.3249,0.0653,MEDIUM
VM_003,1378727100,3.0,2.9707,2.9957,2.9631,3.0775,3.0719,3.0342,3.0519,3.2169,0.0684,0.3255,0.0718,MEDIUM
VM_003,1378727400,3.0,2.9643,2.9675,2.9205,3.0625,3.0268,2.9221,3.0133,3.1278,0.0626,0.3261,0.0664,MEDIUM
VM_003,1378727700,3.2333,3.0526,3.0813,3.0396,3.0403,3.042,3.0284,3.0676,3.2069,0.0541,0.3264,0.0679,MEDIUM
VM_003,1378728000,3.0,2.9611,3.0154,2.9723,3.0193,3.0259,2.9928,3.0235,3.1775,0.0587,0.3264,0.0692,MEDIUM
VM_003,1378728300,3.0,2.9742,3.0205,2.9616,3.0198,3.0266,2.9596,3.0255,3.1654,0.0569,0.3264,0.0662,MEDIUM
VM_003,1378728600,3.2667,3.048,3.0805,3.0314,2.969,2.9788,2.9826,3.0251,3.1711,0.0646,0.3251,0.0711,MEDIUM
VM_003,1378728900,3.0667,3.0034,3.0164,2.9548,2.9821,3.0628,3.058,3.0368,3.2511,0.0806,0.3254,0.0772,MEDIUM
VM_003,1378729200,3.0,2.9616,2.9727,2.9024,2.9906,3.0121,2.9283,2.9915,3.1449,0.0635,0.3264,0.0706,MEDIUM
VM_003,1378729500,3.2667,3.0451,3.0284,2.9604,2.9547,2.9878,2.9494,3.0012,3.1488,0.0578,0.3273,0.068,MEDIUM
VM_003,1378729800,3.0,2.9534,2.9479,2.8631,2.9353,2.9808,2.954,2.9594,3.1628,0.0771,0.3273,0.0774,MEDIUM
VM_003,1378730100,3.0,2.9891,3.0095,2.9593,3.0395,3.0327,2.9394,3.0237,3.1521,0.0546,0.3273,0.0672,MEDIUM
VM_003,1378730400,3.2667,3.0498,3.0644,3.0033,2.9796,3.0014,2.9916,3.0237,3.1821,0.0596,0.3267,0.0714,MEDIUM
VM_003,1378730700,3.0,3.0427,3.0114,2.9349,3.0315,3.0598,2.9693,3.0291,3.1724,0.0621,0.3273,0.0701,MEDIUM
VM_003,1378731000,3.0333,3.0056,3.0284,2.9732,3.0297,3.0528,2.9864,3.0377,3.1838,0.0565,0.3251,0.0666,MEDIUM
VM_003,1378731300,3.6333,3.1127,3.1056,3.032,2.9788,2.9951,2.9556,3.0317,3.1639,0.0649,0.3389,0.0699,MEDIUM
VM_003,1378731600,3.3333,3.0409,3.055,2.9966,2.9867,3.0425,3.0306,3.0394,3.2369,0.0705,0.3385,0.0774,MEDIUM
VM_003,1378731900,3.2,3.0268,3.0647,2.997,3.0336,3.0493,2.9668,3.042,3.187,0.0573,0.3363,0.0692,MEDIUM
VM_003,1378732200,3.5667,3.1099,3.1093,3.0405,3.0029,3.0283,2.9742,3.0489,3.1942,0.0636,0.3446,0.0708,MEDIUM
VM_003,1378732500,3.3333,3.0548,3.128,3.0925,3.0645,3.1161,3.0713,3.1063,3.2979,0.0689,0.1898,0.0566,MEDIUM
VM_003,1378732800,3.4333,3.1238,3.1069,3.0246,3.0991,3.1441,3.0148,3.1068,3.2596,0.0706,0.1952,0.0542,MEDIUM
VM_003,1378733100,3.6333,3.2533,3.1594,3.0655,3.1499,3.1524,3.0085,3.1416,3.2533,0.0727,0.2168,0.0568,MEDIUM
VM_003,1378733400,3.3333,3.1378,3.1361,3.0797,3.1439,3.1861,3.092,3.1536,3.3294,0.0717,0.2149,0.0598,MEDIUM
VM_003,1378733700,3.3667,3.1231,3.1281,3.0629,3.1611,3.1364,3.0072,3.1312,3.2554,0.0633,0.2113,0.0565,MEDIUM
VM_003,1378734000,3.6667,3.2488,3.2414,3.1863,3.1433,3.165,3.1007,3.1869,3.3379,0.0655,0.2298,0.0575,MEDIUM
VM_003,1378734300,3.4667,3.2257,3.2321,3.1702,3.225,3.2273,3.1051,3.215,3.3446,0.0594,0.2288,0.0577,MEDIUM
VM_003,1378734600,3.3333,3.2734,3.2924,3.22,3.2019,3.2372,3.2053,3.2477,3.4556,0.0814,0.2227,0.0669,MEDIUM
VM_003,1378734900,3.6,3.3512,3.3682,3.3123,3.2111,3.2491,3.2324,3.2879,3.4716,0.0821,0.2326,0.0658,MEDIUM
VM_003,1378735200,3.2333,3.299,3.3335,3.2897,3.255,3.3099,3.2731,3.3112,3.5234,0.0776,0.225,0.0651,MEDIUM
VM_003,1378735500,3.3667,3.3066,3.313,3.2162,3.2677,3.2884,3.1529,3.2776,3.4284,0.0722,0.2165,0.0604,MEDIUM
VM_003,1378735800,3.6667,3.3878,3.374,3.3249,3.2877,3.3039,3.2193,3.3273,3.4775,0.0664,0.2283,0.0598,MEDIUM
VM_003,1378736100,3.3,3.2681,3.3016,3.2363,3.2307,3.333,3.286,3.298,3.5378,0.0922,0.2216,0.0702,MEDIUM
VM_003,1378736400,3.2,3.3091,3.3563,3.2986,3.2861,3.3835,3.332,3.3529,3.5867,0.0893,0.2121,0.0662,MEDIUM
VM_003,1378736700,3.5667,3.4163,3.3769,3.2873,3.3024,3.3675,3.2456,3.3469,3.5093,0.0765,0.2162,0.0589,MEDIUM
VM_003,1378737000,3.7333,3.3678,3.3994,3.3276,3.2922,3.4315,3.3518,3.3805,3.6105,0.0931,0.2156,0.0678,MEDIUM
VM_003,1378737300,3.4,3.3467,3.3928,3.3152,3.3265,3.3932,3.2626,3.3642,3.5381,0.0759,0.1993,0.0582,MEDIUM
VM_003,1378737600,3.5667,3.4423,3.4001,3.3089,3.3103,3.3973,3.2576,3.3703,3.5357,0.0823,0.1998,0.0585,MEDIUM
VM_003,1378737900,3.1333,3.3284,3.3317,3.2445,3.2853,3.3684,3.2476,3.3247,3.5059,0.0814,0.1893,0.0567,MEDIUM
VM_003,1378738200,3.2,3.3121,3.3276,3.2489,3.2982,3.3421,3.2166,3.321,3.4837,0.0727,0.1771,0.0543,MEDIUM
VM_003,1378738500,3.5,3.3378,3.3293,3.2443,3.1992,3.2437,3.1627,3.2646,3.4093,0.0691,0.1724,0.0513,MEDIUM
VM_003,1378738800,3.3333,3.2998,3.3192,3.2482,3.2776,3.3387,3.2477,3.3157,3.4778,0.0687,0.1724,0.0493,MEDIUM
VM_003,1378739100,3.3,3.2559,3.2875,3.2016,3.2384,3.2611,3.15,3.2563,3.3905,0.0622,0.168,0.05,MEDIUM
VM_003,1378739400,3.6667,3.3689,3.399,3.3316,3.2367,3.3252,3.2958,3.3377,3.5175,0.0751,0.1728,0.0554,MEDIUM
VM_003,1378739700,3.3667,3.2563,3.2956,3.2153,3.2066,3.3364,3.3011,3.2925,3.5214,0.0985,0.1721,0.0625,MEDIUM
VM_003,1378740000,3.4667,3.3196,3.4052,3.324,3.2393,3.3608,3.3726,3.3493,3.6025,0.1027,0.1722,0.067,MEDIUM
VM_003,1378740300,3.7,3.378,3.3585,3.22,3.2054,3.2982,3.245,3.2894,3.4895,0.0971,0.1761,0.0598,MEDIUM
VM_003,1378740600,3.5,3.3838,3.3682,3.228,3.2778,3.4082,3.3851,3.3607,3.6345,0.1275,0.1751,0.0744,MEDIUM
VM_003,1378740900,3.4667,3.2841,3.2856,3.1248,3.2907,3.2973,3.2083,3.2717,3.4546,0.0961,0.1744,0.0614,MEDIUM
VM_003,1378741200,3.8333,3.381,3.4052,3.3017,3.3818,3.3645,3.3318,3.3853,3.5935,0.0859,0.1865,0.0601,MEDIUM
VM_003,1378741500,3.5,3.26,3.3219,3.1965,3.3368,3.3178,3.3004,3.3149,3.5331,0.0991,0.1867,0.0638,MEDIUM
VM_003,1378741800,3.5,3.3432,3.4357,3.3355,3.5526,3.4424,3.3543,3.4511,3.6069,0.0918,0.185,0.0558,MEDIUM
VM_003,1378742100,3.6667,3.3715,3.4408,3.3436,3.4323,3.3679,3.3762,3.4104,3.6006,0.0818,0.1877,0.0569,MEDIUM
VM_003,1378742400,3.4333,3.3538,3.4926,3.4281,3.4756,3.4258,3.4735,3.47,3.7063,0.0985,0.1812,0.0667,MEDIUM
VM_003,1378742700,3.5,3.3285,3.4645,3.3543,3.434,3.3748,3.3805,3.4139,3.6315,0.0949,0.1799,0.0638,MEDIUM
VM_003,1378743000,4.2,3.5639,3.6636,3.5658,3.4996,3.4541,3.5467,3.5453,3.7911,0.1154,0.23,0.0816,MEDIUM
VM_003,1378743300,3.6,3.4188,3.4934,3.3735,3.4203,3.4419,3.5002,3.4537,3.744,0.1244,0.2267,0.0825,MEDIUM
VM_003,1378743600,3.4333,3.4725,3.564,3.4459,3.5369,3.5358,3.5394,3.5433,3.8052,0.1152,0.2175,0.0739,MEDIUM
VM_003,1378743900,3.8667,3.5152,3.5327,3.3891,3.503,3.4691,3.4251,3.4908,3.6934,0.0983,0.2284,0.0653,MEDIUM
VM_003,1378744200,3.5,3.4518,3.5468,3.4704,3.537,3.543,3.5887,3.5597,3.8546,0.1214,0.2246,0.0772,MEDIUM
VM_003,1378744500,3.5,3.4412,3.5458,3.4478,3.5714,3.4938,3.4814,3.5299,3.741,0.0939,0.223,0.0641,MEDIUM
VM_003,1378744800,3.7,3.5432,3.6147,3.5236,3.6395,3.5515,3.5386,3.5981,3.7871,0.0838,0.2256,0.0604,MEDIUM
VM_003,1378745100,3.5,3.4668,3.5817,3.4798,3.5454,3.5102,3.5531,3.5468,3.7923,0.1031,0.209,0.0714,MEDIUM
VM_003,1378745400,3.4333,3.4503,3.5869,3.4945,3.5738,3.5284,3.5163,3.5608,3.778,0.0932,0.197,0.064,MEDIUM
VM_003,1378745700,3.8,3.525,3.5968,3.4897,3.4785,3.462,3.4811,3.5191,3.7396,0.097,0.2024,0.0681,MEDIUM
VM_003,1378746000,3.5,3.5673,3.7262,3.6492,3.4866,3.5366,3.7225,3.6135,3.9558,0.152,0.1966,0.0944,MEDIUM
VM_003,1378746300,3.5,3.5405,3.6308,3.4791,3.4842,3.5223,3.553,3.5467,3.8223,0.1189,0.1882,0.0757,MEDIUM
VM_003,1378746600,3.6333,3.6751,3.7065,3.5615,3.5171,3.576,3.588,3.6113,3.872,0.1212,0.1877,0.0728,MEDIUM
VM_003,1378746900,3.5333,3.5577,3.6356,3.4993,3.4723,3.5713,3.6239,3.5736,3.8906,0.1347,0.1822,0.0803,MEDIUM
VM_003,1378747200,3.5,3.5091,3.5641,3.429,3.4937,3.5436,3.47,3.5352,3.7803,0.1087,0.1813,0.0663,MEDIUM
VM_003,1378747500,3.8,3.5438,3.5505,3.3968,3.4997,3.5066,3.3829,3.5073,3.6819,0.0935,0.1849,0.0591,MEDIUM
VM_003,1378747800,3.4333,3.4903,3.55,3.4184,3.5778,3.5702,3.4707,3.5506,3.7383,0.0985,0.187,0.0618,MEDIUM
VM_003,1378748100,3.5,3.4037,3.4843,3.3507,3.5263,3.4915,3.3677,3.4793,3.639,0.0953,0.1861,0.058,MEDIUM
VM_003,1378748400,3.7667,3.5068,3.5764,3.4628,3.4943,3.4619,3.4226,3.504,3.6553,0.0715,0.1829,0.0517,MEDIUM
VM_003,1378748700,3.5,3.486,3.5741,3.4419,3.4598,3.483,3.527,3.5035,3.7415,0.1032,0.1829,0.0686,MEDIUM
VM_003,1378749000,3.5,3.5296,3.6614,3.5229,3.4805,3.5109,3.5865,3.5519,3.813,0.118,0.1829,0.0756,MEDIUM
VM_003,1378749300,3.6667,3.5706,3.5999,3.4305,3.4335,3.4765,3.4721,3.5012,3.7099,0.1067,0.1829,0.0631,MEDIUM
VM_003,1378749600,3.8,3.6016,3.6577,3.4984,3.4992,3.6077,3.6365,3.5965,3.8968,0.1384,0.1841,0.0759,MEDIUM
VM_003,1378749900,3.5,3.4538,3.5126,3.3539,3.429,3.5249,3.4904,3.4874,3.7553,0.1284,0.1841,0.0751,MEDIUM
VM_003,1378750200,3.7333,3.5753,3.5827,3.4343,3.4876,3.5552,3.5051,3.5458,3.7854,0.1163,0.1381,0.0641,MEDIUM
VM_003,1378750500,3.5333,3.5009,3.5119,3.3543,3.4601,3.5574,3.5338,3.5057,3.7631,0.1313,0.1385,0.0712,MEDIUM
VM_003,1378750800,3.4333,3.5096,3.5676,3.4358,3.6209,3.6492,3.5035,3.59,3.7743,0.1159,0.1385,0.0602,MEDIUM
VM_003,1378751100,3.6667,3.572,3.599,3.4707,3.5063,3.5583,3.4673,3.5453,3.7228,0.0884,0.1266,0.0512,MEDIUM
VM_003,1378751400,3.4667,3.5376,3.5897,3.4552,3.5513,3.6067,3.5017,3.5657,3.7489,0.0957,0.1277,0.0541,MEDIUM
VM_003,1378751700,3.4333,3.5224,3.5752,3.4283,3.5758,3.6155,3.4504,3.5645,3.7453,0.1048,0.1302,0.0556,MEDIUM
VM_003,1378752000,3.8,3.6527,3.6789,3.5267,3.5015,3.5626,3.5174,3.5763,3.771,0.098,0.1358,0.0521,MEDIUM
VM_003,1378752300,3.3,3.5595,3.5758,3.4217,3.497,3.5578,3.4766,3.5345,3.7369,0.1038,0.1467,0.0597,MEDIUM
VM_003,1378752600,3.4667,3.5905,3.6277,3.4634,3.5412,3.583,3.4551,3.5662,3.7424,0.096,0.1455,0.053,MEDIUM
VM_003,1378752900,4.7667,4.2564,3.8871,3.6101,3.3529,3.3423,3.107,3.4966,4.2564,0.2897,0.2813,0.172,MEDIUM
VM_003,1378753200,3.4667,3.6952,3.6892,3.6421,3.5045,3.5119,3.6706,3.6053,3.8437,0.1126,0.282,0.0837,MEDIUM
VM_003,1378753500,3.4,3.4666,3.4589,3.2718,3.321,3.3826,3.191,3.3582,3.4749,0.0852,0.2844,0.0701,MEDIUM
VM_003,1378753800,3.6333,3.6659,3.627,3.462,3.5629,3.6631,3.4599,3.6087,3.8477,0.12,0.2844,0.0824,MEDIUM
VM_003,1378754100,3.4667,3.5379,3.5398,3.3144,3.4144,3.6291,3.4637,3.5055,3.7333,0.142,0.2855,0.0886,MEDIUM
VM_003,1378754400,3.5,3.5497,3.5369,3.3745,3.5264,3.6003,3.3865,3.5387,3.7109,0.1159,0.2855,0.0764,MEDIUM
VM_003,1378754700,3.6333,3.5833,3.4743,3.2364,3.4038,3.4537,3.2934,3.4243,3.5909,0.1212,0.2826,0.0782,MEDIUM
VM_003,1378755000,3.4667,3.6361,3.5874,3.424,3.5195,3.5692,3.4602,3.5445,3.6889,0.0926,0.2818,0.0714,MEDIUM
VM_003,1378755300,3.3667,3.5121,3.5318,3.3627,3.4927,3.5772,3.447,3.5162,3.7034,0.1036,0.2852,0.0774,MEDIUM
VM_003,1378755600,3.7333,3.6473,3.6123,3.4617,3.4969,3.5365,3.4059,3.5409,3.6627,0.082,0.2844,0.0669,MEDIUM
VM_003,1378755900,3.4,3.4941,3.4786,3.3223,3.4618,3.5304,3.3643,3.4711,3.6453,0.1041,0.2865,0.0769,MEDIUM
VM_003,1378756200,3.4,3.521,3.5273,3.3626,3.4662,3.5275,3.3849,3.4954,3.6609,0.0981,0.2886,0.0732,MEDIUM
VM_003,1378756500,3.9667,3.6371,3.5826,3.4657,3.5216,3.5077,3.3371,3.5268,3.6371,0.0824,0.2986,0.0738,MEDIUM
VM_003,1378756800,3.4,3.5558,3.5131,3.3663,3.4437,3.5546,3.4965,3.5012,3.7015,0.1127,0.298,0.0839,MEDIUM
VM_003,1378757100,3.5,3.5196,3.4516,3.2781,3.4629,3.5071,3.2964,3.4458,3.6206,0.1127,0.298,0.0804,MEDIUM
VM_003,1378757400,3.7333,3.519,3.4172,3.2482,3.3711,3.4811,3.3269,3.4125,3.6061,0.114,0.298,0.0821,MEDIUM
VM_003,1378757700,3.4667,3.4499,3.3551,3.1897,3.3102,3.4744,3.3512,3.3778,3.5803,0.1332,0.2987,0.0889,MEDIUM
VM_003,1378758000,3.3667,3.4282,3.4047,3.2884,3.4312,3.4934,3.3337,3.4314,3.5804,0.1009,0.3004,0.0761,MEDIUM
VM_003,1378758300,3.7667,3.5146,3.4302,3.2819,3.382,3.4262,3.2796,3.4002,3.5502,0.0939,0.3025,0.0735,MEDIUM
VM_003,1378758600,3.4333,3.5003,3.478,3.3616,3.4447,3.5016,3.3913,3.467,3.6223,0.0846,0.3031,0.0727,MEDIUM
VM_003,1378758900,3.4333,3.3542,3.3339,3.1786,3.348,3.4411,3.2985,3.3617,3.565,0.1168,0.3031,0.0846,MEDIUM
VM_003,1378759200,3.6667,3.4633,3.3851,3.2581,3.3246,3.3993,3.2708,3.372,3.5252,0.0894,0.3,0.0714,MEDIUM
VM_003,1378759500,3.4,3.3912,3.3488,3.2181,3.2785,3.399,3.3632,3.3467,3.5388,0.1079,0.2968,0.08,MEDIUM
VM_003,1378759800,3.5,3.4109,3.3589,3.2229,3.3633,3.4202,3.2515,3.3668,3.5316,0.0981,0.2963,0.0758,MEDIUM
VM_003,1378760100,3.7,3.4077,3.3418,3.2153,3.2972,3.3788,3.2911,3.3376,3.5054,0.0905,0.1579,0.0559,MEDIUM
VM_003,1378760400,3.4333,3.4072,3.3483,3.2316,3.309,3.4408,3.3739,3.3703,3.5572,0.1088,0.1586,0.0631,MEDIUM
VM_003,1378760700,3.4667,3.3734,3.3161,3.1897,3.3139,3.3862,3.2361,3.3292,3.5031,0.0952,0.1568,0.0579,MEDIUM
VM_003,1378761000,3.7,3.5145,3.4662,3.3752,3.3043,3.4085,3.4223,3.4107,3.5967,0.0958,0.1592,0.055,MEDIUM
VM_003,1378761300,3.4,3.4452,3.3704,3.2518,3.3244,3.4359,3.3461,3.3788,3.546,0.1018,0.1611,0.0609,MEDIUM
VM_003,1378761600,3.3333,3.4392,3.3984,3.281,3.4266,3.4997,3.3416,3.435,3.6407,0.1032,0.1661,0.0639,MEDIUM
VM_003,1378761900,3.6667,3.4519,3.3916,3.2927,3.3328,3.3972,3.2601,3.3713,3.5041,0.0757,0.1672,0.0503,MEDIUM
VM_003,1378762200,3.3,3.4234,3.4101,3.3432,3.406,3.4752,3.3917,3.4423,3.626,0.0881,0.1733,0.0591,MEDIUM
VM_003,1378762500,3.4,3.4021,3.3898,3.2791,3.4319,3.4675,3.2923,3.4176,3.5898,0.0924,0.1721,0.0588,MEDIUM
VM_003,1378762800,3.6667,3.4845,3.4508,3.3821,3.4488,3.4422,3.2718,3.4391,3.5534,0.0677,0.1691,0.055,MEDIUM
VM_003,1378763100,3.3,3.3051,3.2753,3.2064,3.3027,3.3736,3.2614,3.3215,3.487,0.0877,0.1733,0.0573,MEDIUM
VM_003,1378763400,3.2333,3.3292,3.3558,3.3088,3.349,3.3832,3.2502,3.3694,3.4952,0.0658,0.1814,0.0523,MEDIUM
VM_003,1378763700,3.4667,3.4036,3.3627,3.3359,3.2979,3.3154,3.2366,3.338,3.4444,0.0619,0.1531,0.0442,MEDIUM
VM_003,1378764000,3.3667,3.4258,3.4836,3.4959,3.3172,3.4045,3.5512,3.4431,3.6972,0.1133,0.1541,0.0689,MEDIUM
VM_003,1378764300,3.3667,3.3528,3.3517,3.2948,3.3213,3.4141,3.357,3.3746,3.571,0.0899,0.156,0.0556,MEDIUM
VM_003,1378764600,3.7667,3.5092,3.4155,3.3268,3.3654,3.5066,3.3317,3.4407,3.6603,0.1034,0.1585,0.0598,MEDIUM
VM_003,1378764900,3.4667,3.2375,3.2561,3.2231,3.2753,3.3949,3.2424,3.32,3.5111,0.0972,0.1585,0.0553,MEDIUM
VM_003,1378765200,3.4,3.3018,3.3071,3.2971,3.3858,3.4842,3.2816,3.4139,3.5914,0.1107,0.1576,0.0569,MEDIUM
VM_003,1378765500,3.6667,3.3695,3.2944,3.2376,3.3047,3.3715,3.1901,3.3266,3.4889,0.085,0.151,0.0547,MEDIUM
VM_003,1378765800,3.5,3.3616,3.3536,3.349,3.515,3.5089,3.3176,3.4499,3.6013,0.0942,0.1507,0.0529,MEDIUM
VM_003,1378766100,3.3667,3.3127,3.3564,3.3645,3.3909,3.4179,3.3116,3.3962,3.5475,0.0708,0.1523,0.0474,MEDIUM
VM_003,1378766400,3.5667,3.3827,3.407,3.4379,3.3983,3.3807,3.2291,3.4087,3.4783,0.0656,0.1483,0.0485,MEDIUM
VM_003,1378766700,3.3333,3.3015,3.3218,3.3351,3.3994,3.4418,3.279,3.3952,3.566,0.0832,0.1504,0.0532,MEDIUM
VM_003,1378767000,3.3333,3.3076,3.4233,3.4807,3.4057,3.4295,3.3548,3.4399,3.5847,0.0716,0.1529,0.0524,MEDIUM
VM_003,1378767300,3.5333,3.3764,3.3937,3.4241,3.3463,3.359,3.2234,3.3829,3.4922,0.0652,0.1455,0.0505,MEDIUM
VM_003,1378767600,3.5333,3.3735,3.4234,3.4865,3.4011,3.4951,3.4451,3.4757,3.6808,0.0873,0.1461,0.0551,MEDIUM
VM_003,1378767900,3.2667,3.3018,3.3673,3.3954,3.422,3.448,3.29,3.4216,3.5667,0.0817,0.1515,0.0522,MEDIUM
VM_003,1378768200,3.5667,3.3502,3.3318,3.3644,3.3896,3.5248,3.3406,3.4508,3.6392,0.1041,0.1445,0.0549,MEDIUM
VM_003,1378768500,3.3667,3.2258,3.304,3.3719,3.3895,3.4371,3.3014,3.4033,3.5666,0.0945,0.1451,0.0589,MEDIUM
VM_003,1378768800,3.3333,3.2527,3.3168,3.3724,3.5286,3.5069,3.2421,3.4472,3.5684,0.1188,0.1451,0.0572,MEDIUM
VM_003,1378769100,3.6333,3.3645,3.3928,3.4184,3.455,3.4426,3.2579,3.438,3.548,0.0749,0.1431,0.0527,MEDIUM
VM_003,1378769400,3.3667,3.3222,3.4172,3.4873,3.5294,3.4805,3.3097,3.4757,3.5719,0.0822,0.1407,0.0491,MEDIUM
VM_003,1378769700,3.4333,3.3257,3.3742,3.3907,3.4477,3.463,3.2883,3.4334,3.579,0.0797,0.1404,0.0524,MEDIUM
VM_003,1378770000,3.7333,3.4597,3.5405,3.6052,3.4564,3.4561,3.405,3.5132,3.6273,0.0727,0.1454,0.0449,MEDIUM
VM_003,1378770300,3.4333,3.3879,3.4474,3.4844,3.444,3.4779,3.4045,3.4781,3.6343,0.0697,0.1418,0.0473,MEDIUM
VM_003,1378770600,3.3,3.4447,3.4965,3.5274,3.5165,3.5262,3.3311,3.5214,3.6372,0.0758,0.1377,0.0539,MEDIUM
VM_003,1378770900,3.6333,3.4512,3.4596,3.485,3.4904,3.5219,3.3437,3.5012,3.6144,0.0683,0.1421,0.0502,MEDIUM
VM_003,1378771200,3.3667,3.392,3.4146,3.419,3.4503,3.4828,3.4046,3.4597,3.5608,0.0488,0.1421,0.0382,MEDIUM
VM_003,1378771500,3.4,3.3738,3.429,3.4231,3.5274,3.4809,3.2987,3.4625,3.5325,0.0669,0.1412,0.0458,MEDIUM
VM_003,1378771800,3.6667,3.4591,3.4428,3.4091,3.5398,3.491,3.2682,3.46,3.5398,0.0684,0.1333,0.0492,MEDIUM
VM_003,1378772100,3.3667,3.4,3.3956,3.3882,3.4811,3.4927,3.3914,3.4518,3.5344,0.0563,0.1349,0.0353,MEDIUM
VM_003,1378772400,3.3667,3.4367,3.4796,3.4516,3.5478,3.524,3.3545,3.5022,3.6029,0.0658,0.1357,0.0468,MEDIUM
VM_003,1378772700,3.7,3.5055,3.4802,3.4343,3.4658,3.4855,3.3715,3.4705,3.552,0.047,0.1381,0.0391,MEDIUM
VM_003,1378773000,3.4,3.4456,3.5455,3.5463,3.5064,3.565,3.5814,3.5515,3.7133,0.0687,0.1384,0.0494,MEDIUM
VM_003,1378773300,3.5,3.4727,3.514,3.4835,3.4982,3.5202,3.4009,3.5059,3.5779,0.0475,0.1372,0.0385,MEDIUM
VM_003,1378773600,3.7,3.5153,3.4969,3.4712,3.4616,3.473,3.3332,3.4724,3.5195,0.0461,0.1441,0.0405,MEDIUM
VM_003,1378773900,3.4667,3.4302,3.4318,3.4002,3.4835,3.5067,3.3941,3.4655,3.568,0.0572,0.1412,0.0392,MEDIUM
VM_003,1378774200,3.4333,3.4455,3.4385,3.3971,3.5164,3.518,3.3404,3.4754,3.5624,0.0678,0.1382,0.044,MEDIUM
VM_003,1378774500,3.7,3.5117,3.4776,3.431,3.4631,3.4861,3.3748,3.4694,3.5443,0.0474,0.1451,0.0387,MEDIUM
VM_003,1378774800,3.4667,3.4259,3.4261,3.4009,3.5123,3.5281,3.4312,3.4757,3.5793,0.0644,0.1448,0.0429,MEDIUM
VM_003,1378775100,3.4667,3.4468,3.4677,3.421,3.5531,3.5504,3.3792,3.5,3.5921,0.0677,0.1373,0.0428,MEDIUM
VM_003,1378775400,3.6,3.5001,3.4902,3.453,3.4957,3.4963,3.3674,3.4839,3.5437,0.0427,0.1383,0.0386,MEDIUM
VM_003,1378775700,3.5333,3.4596,3.5624,3.5883,3.5346,3.5183,3.5454,3.5473,3.6528,0.0463,0.1358,0.0403,MEDIUM
VM_003,1378776000,3.4667,3.4241,3.4915,3.4699,3.5026,3.5331,3.446,3.5051,3.6037,0.0546,0.1314,0.0381,MEDIUM
VM_003,1378776300,3.6,3.4814,3.4435,3.3766,3.4275,3.4923,3.3618,3.451,3.5611,0.0572,0.1301,0.0403,MEDIUM
VM_003,1378776600,3.3333,3.441,3.4491,3.4102,3.422,3.4785,3.4004,3.4499,3.5713,0.0552,0.1318,0.0384,MEDIUM
VM_003,1378776900,3.4,3.3796,3.3768,3.3361,3.4374,3.4598,3.2852,3.4139,3.5209,0.0689,0.1328,0.0449,MEDIUM
VM_003,1378777200,3.6333,3.4538,3.4276,3.3705,3.4513,3.4493,3.2939,3.431,3.5114,0.0545,0.1266,0.042,MEDIUM
VM_003,1378777500,3.3667,3.3616,3.4214,3.4137,3.4627,3.4365,3.3598,3.4314,3.5089,0.0434,0.1288,0.0342,MEDIUM
VM_003,1378777800,4.0333,3.8,3.5696,3.3222,3.2407,3.3785,3.0609,3.3592,3.8,0.1743,0.1631,0.1083,MEDIUM
VM_003,1378778100,3.5,3.3249,3.379,3.4288,3.3297,3.3116,3.3927,3.3755,3.4701,0.0495,0.1615,0.0395,MEDIUM
VM_003,1378778400,3.4667,3.283,3.3609,3.3843,3.2221,3.3576,3.354,3.3451,3.5501,0.0841,0.1586,0.0591,MEDIUM
VM_003,1378778700,3.3667,3.2455,3.3375,3.3325,3.3813,3.3984,3.2974,3.3787,3.5104,0.0698,0.1599,0.0518,MEDIUM
VM_003,1378779000,3.6667,3.3812,3.4597,3.432,3.2614,3.408,3.3998,3.4007,3.6041,0.0938,0.1599,0.061,MEDIUM
VM_003,1378779300,3.4333,3.3263,3.3915,3.3355,3.3224,3.404,3.3493,3.3771,3.5181,0.0662,0.1577,0.0446,MEDIUM
VM_003,1378779600,3.4,3.3991,3.3912,3.3052,3.3678,3.4803,3.3334,3.4173,3.5846,0.0894,0.1563,0.0531,MEDIUM
VM_003,1378779900,3.7333,3.3993,3.3793,3.2974,3.3848,3.3989,3.2118,3.3667,3.4619,0.0611,0.1581,0.0499,MEDIUM
VM_003,1378780200,3.4333,3.3411,3.3133,3.2464,3.491,3.5502,3.3865,3.4401,3.6089,0.1233,0.1571,0.063,MEDIUM
VM_003,1378780500,3.3667,3.3087,3.3466,3.3033,3.4352,3.4575,3.3101,3.4004,3.5107,0.076,0.1605,0.0451,MEDIUM
VM_003,1378780800,3.6333,3.3612,3.3906,3.354,3.4776,3.4468,3.2974,3.4177,3.497,0.0575,0.1578,0.0439,MEDIUM
VM_003,1378781100,3.4333,3.3508,3.4682,3.4528,3.4116,3.4332,3.4135,3.4401,3.5627,0.0557,0.1585,0.0454,MEDIUM
VM_003,1378781400,3.3667,3.3607,3.4538,3.4348,3.4889,3.4842,3.388,3.4712,3.5646,0.0577,0.1606,0.0447,MEDIUM
VM_003,1378781700,3.6667,3.4099,3.4433,3.3778,3.3716,3.4168,3.3567,3.4094,3.5177,0.0529,0.1591,0.0394,MEDIUM
VM_003,1378782000,3.3667,3.3893,3.4686,3.4264,3.3967,3.471,3.464,3.4503,3.6132,0.072,0.1617,0.0486,MEDIUM
VM_003,1378782300,3.2,3.364,3.436,3.3785,3.4029,3.4756,3.4054,3.4364,3.5792,0.0675,0.1736,0.0484,MEDIUM
VM_003,1378782600,3.6333,3.4476,3.4628,3.3866,3.3583,3.4742,3.4699,3.4448,3.6175,0.0844,0.1746,0.0531,MEDIUM
VM_003,1378782900,3.4667,3.3265,3.392,3.3513,3.4197,3.4534,3.4064,3.42,3.5601,0.0704,0.1746,0.05,MEDIUM
VM_003,1378783200,3.2667,3.3488,3.3899,3.3128,3.4366,3.4755,3.381,3.4289,3.5863,0.0801,0.1808,0.0555,MEDIUM
VM_003,1378783500,3.5333,3.3445,3.4055,3.3526,3.4025,3.402,3.3224,3.3989,3.4948,0.0485,0.1796,0.0434,MEDIUM
VM_003,1378783800,3.2333,3.2874,3.3564,3.309,3.435,3.4477,3.3364,3.3994,3.5256,0.0719,0.1844,0.0518,MEDIUM
VM_003,1378784100,3.4,3.3212,3.3944,3.3299,3.3968,3.4055,3.296,3.3842,3.4873,0.0541,0.1844,0.0463,MEDIUM
VM_003,1378784400,3.7,3.3816,3.4702,3.4124,3.3876,3.3961,3.3641,3.412,3.4999,0.0496,0.1873,0.0423,MEDIUM
VM_003,1378784700,3.3333,3.3528,3.4379,3.3751,3.3337,3.4104,3.4288,3.399,3.5628,0.0748,0.1883,0.0551,MEDIUM
VM_003,1378785000,3.3,3.4151,3.5091,3.431,3.3583,3.4447,3.4586,3.4405,3.5972,0.0743,0.1513,0.0509,MEDIUM
VM_003,1378785300,3.5667,3.4266,3.4963,3.4159,3.3093,3.3699,3.3909,3.3993,3.5366,0.0755,0.1527,0.0492,MEDIUM
VM_003,1378785600,3.3333,3.3981,3.4813,3.4133,3.3189,3.4335,3.4676,3.4233,3.6216,0.0892,0.1548,0.0565,MEDIUM
VM_003,1378785900,3.4,3.3588,3.4229,3.3097,3.3349,3.4295,3.3311,3.3841,3.5313,0.0729,0.1541,0.0461,MEDIUM
VM_003,1378786200,3.6667,3.3941,3.4353,3.3368,3.3575,3.4032,3.3054,3.3905,3.5037,0.0579,0.1541,0.0432,MEDIUM
VM_003,1378786500,3.3667,3.2931,3.353,3.259,3.3175,3.3891,3.3082,3.3427,3.4909,0.0717,0.1551,0.0473,MEDIUM
VM_003,1378786800,3.4667,3.3423,3.3964,3.3033,3.4121,3.4245,3.2677,3.3883,3.478,0.0632,0.1548,0.0447,MEDIUM
VM_003,1378787100,3.7667,3.3841,3.47,3.39,3.3701,3.3828,3.321,3.3958,3.492,0.0529,0.1575,0.0404,MEDIUM
VM_003,1378787400,3.4333,3.3255,3.4396,3.3815,3.4556,3.451,3.3397,3.4224,3.5104,0.0564,0.1575,0.0421,MEDIUM
VM_003,1378787700,3.3,3.3357,3.4489,3.3688,3.3658,3.4,3.3331,3.3886,3.5106,0.0596,0.1597,0.0448,MEDIUM
VM_003,1378788000,3.6333,3.4116,3.5512,3.4994,3.3828,3.3804,3.3981,3.4335,3.5512,0.0795,0.1597,0.0504,MEDIUM
VM_003,1378788300,3.4,3.3579,3.4678,3.3935,3.3368,3.3861,3.3839,3.3921,3.5464,0.0732,0.16,0.0531,MEDIUM
VM_003,1378788600,3.4333,3.402,3.4931,3.3921,3.3364,3.3859,3.3204,3.3915,3.5182,0.0751,0.1591,0.0492,MEDIUM
VM_003,1378788900,3.6333,3.3816,3.4574,3.3625,3.3175,3.3424,3.2914,3.359,3.4665,0.0653,0.1573,0.0445,MEDIUM
VM_003,1378789200,3.3,3.3505,3.421,3.327,3.3375,3.3988,3.3345,3.3761,3.5228,0.0653,0.1594,0.0472,MEDIUM
VM_003,1378789500,3.1667,3.3405,3.4494,3.3639,3.3713,3.4098,3.348,3.3959,3.5309,0.0612,0.1618,0.0466,MEDIUM
VM_003,1378789800,3.7,3.3694,3.4519,3.3577,3.374,3.387,3.2974,3.3826,3.4828,0.0549,0.1656,0.0432,MEDIUM
VM_003,1378790100,3.4333,3.3231,3.4239,3.3456,3.3479,3.4164,3.3727,3.3871,3.5456,0.0685,0.1656,0.0508,MEDIUM
VM_003,1378790400,3.3333,3.3344,3.458,3.3751,3.3683,3.4279,3.3871,3.4072,3.5639,0.0684,0.163,0.0513,MEDIUM
VM_003,1378790700,3.6667,3.3894,3.5018,3.4297,3.3417,3.3886,3.3988,3.409,3.5525,0.0735,0.1681,0.053,MEDIUM
VM_003,1378791000,3.4,3.3673,3.4897,3.4126,3.354,3.4368,3.4422,3.4222,3.6013,0.0811,0.1618,0.0579,MEDIUM
VM_003,1378791300,3.3667,3.3466,3.4655,3.3898,3.3466,3.4036,3.3643,3.397,3.5504,0.0719,0.1625,0.0523,MEDIUM
VM_003,1378791600,3.6667,3.427,3.4885,3.3971,3.3631,3.3916,3.3284,3.4012,3.5114,0.0659,0.1605,0.0456,MEDIUM
VM_003,1378791900,3.4,3.3601,3.4754,3.4065,3.3774,3.4447,3.4257,3.4286,3.5982,0.0732,0.1588,0.0533,MEDIUM
VM_003,1378792200,3.3,3.4146,3.5263,3.44,3.4302,3.4444,3.3852,3.4507,3.5807,0.063,0.1588,0.0477,MEDIUM
VM_003,1378792500,3.6667,3.4069,3.4839,3.3965,3.3937,3.4251,3.3662,3.4225,3.5478,0.0573,0.1628,0.046,MEDIUM
VM_003,1378792800,3.5,3.3492,3.4589,3.3682,3.3916,3.4612,3.3857,3.4191,3.5698,0.0679,0.1604,0.0495,MEDIUM
VM_003,1378793100,3.4333,3.353,3.4255,3.3184,3.4033,3.4614,3.3187,3.4053,3.5336,0.0674,0.1599,0.046,MEDIUM
VM_003,1378793400,3.6667,3.3518,3.4235,3.3219,3.348,3.4126,3.3345,3.3821,3.5171,0.0605,0.1599,0.0462,MEDIUM
VM_003,1378793700,3.3,3.3233,3.4685,3.4069,3.3713,3.4255,3.4468,3.4201,3.5925,0.076,0.1624,0.0565,MEDIUM
VM_003,1378794000,3.3333,3.3393,3.4781,3.3977,3.3806,3.4346,3.4196,3.4231,3.5936,0.0752,0.1649,0.0567,MEDIUM
VM_003,1378794300,3.7,3.39,3.5123,3.4226,3.3558,3.3884,3.3696,3.4112,3.542,0.0754,0.1602,0.052,MEDIUM
VM_003,1378794600,3.4,3.3788,3.5435,3.4831,3.3946,3.4483,3.4939,3.4618,3.6415,0.09,0.1606,0.0611,MEDIUM
VM_003,1378794900,3.2,3.3648,3.4865,3.3892,3.3706,3.4391,3.3843,3.422,3.5862,0.0731,0.1662,0.0553,MEDIUM
VM_003,1378795200,3.6333,3.4021,3.5072,3.4306,3.3953,3.4099,3.3611,3.4302,3.5476,0.0669,0.1662,0.0479,MEDIUM
VM_003,1378795500,3.3333,3.3138,3.43,3.3465,3.373,3.4304,3.3735,3.3979,3.5512,0.067,0.1678,0.0512,MEDIUM
VM_003,1378795800,3.3,3.3154,3.4405,3.3619,3.3987,3.4421,3.3822,3.4141,3.5715,0.0685,0.1708,0.0522,MEDIUM
VM_003,1378796100,3.6,3.3133,3.4338,3.352,3.3405,3.3733,3.3349,3.3712,3.5029,0.0622,0.1694,0.0499,MEDIUM
VM_003,1378796400,3.3333,3.3061,3.4384,3.3669,3.369,3.4419,3.4144,3.4059,3.5773,0.0748,0.1682,0.0559,MEDIUM
VM_003,1378796700,3.3333,3.3093,3.4957,3.4344,3.412,3.4602,3.4416,3.4446,3.6148,0.0798,0.1592,0.0566,MEDIUM
VM_003,1378797000,3.6333,3.3466,3.4691,3.4104,3.3526,3.4212,3.4707,3.4178,3.6071,0.0859,0.1553,0.0601,MEDIUM
VM_003,1378797300,3.4667,3.2855,3.438,3.3854,3.3775,3.4365,3.4128,3.411,3.5909,0.0814,0.1553,0.056,MEDIUM
VM_003,1378797600,3.1667,3.2896,3.4436,3.3837,3.4057,3.4422,3.3857,3.4169,3.5731,0.0752,0.1645,0.0546,MEDIUM
VM_003,1378797900,3.6333,3.3318,3.4621,3.4043,3.4071,3.3936,3.3443,3.4105,3.5276,0.0654,0.1627,0.0459,MEDIUM
VM_003,1378798200,3.3,3.276,3.4197,3.3728,3.4159,3.4264,3.3717,3.4111,3.5559,0.0716,0.1653,0.0543,MEDIUM
VM_003,1378798500,3.4333,3.2979,3.4251,3.3586,3.455,3.4284,3.3015,3.4098,3.5132,0.068,0.1645,0.0466,MEDIUM
VM_003,1378798800,3.6667,3.3135,3.4198,3.3495,3.4036,3.3794,3.2876,3.383,3.4905,0.061,0.1645,0.0451,MEDIUM
VM_003,1378799100,3.4333,3.2735,3.436,3.3958,3.4124,3.4112,3.3708,3.4092,3.534,0.0697,0.1642,0.0519,MEDIUM
VM_003,1378799400,3.3667,3.297,3.4702,3.4209,3.4506,3.4483,3.3875,3.4406,3.5615,0.072,0.1621,0.0521,MEDIUM
VM_003,1378799700,3.6667,3.3241,3.4839,3.4248,3.384,3.3993,3.407,3.4179,3.557,0.0752,0.1621,0.052,MEDIUM
VM_003,1378800000,4.5,3.7939,3.6463,3.4449,3.0751,3.2962,3.307,3.3541,3.7939,0.2019,0.2686,0.1195,MEDIUM
VM_003,1378800300,3.3,3.3212,3.5336,3.5425,3.4508,3.4854,3.592,3.5041,3.7118,0.1034,0.2713,0.081,MEDIUM
VM_003,1378800600,3.5,3.4615,3.5538,3.4578,3.3321,3.4633,3.4291,3.4485,3.6514,0.102,0.2686,0.0793,MEDIUM
VM_003,1378800900,3.2667,3.3611,3.4975,3.3944,3.4834,3.5639,3.4147,3.4871,3.6423,0.0845,0.2697,0.0679,MEDIUM
VM_003,1378801200,3.3,3.2925,3.4243,3.3366,3.4136,3.4799,3.3485,3.4141,3.5798,0.0829,0.2706,0.0687,MEDIUM
VM_003,1378801500,3.6667,3.3222,3.4062,3.3282,3.4296,3.4069,3.2712,3.3954,3.5007,0.0611,0.2695,0.0617,MEDIUM
VM_003,1378801800,3.4333,3.2563,3.4219,3.368,3.4157,3.4366,3.4205,3.4216,3.6106,0.0828,0.2691,0.0764,MEDIUM
VM_003,1378802100,3.3333,3.2843,3.4535,3.4075,3.5343,3.4793,3.3859,3.4629,3.5928,0.0804,0.2645,0.0704,MEDIUM
VM_003,1378802400,3.6667,3.3091,3.4218,3.3636,3.4946,3.484,3.4004,3.4466,3.5754,0.0743,0.2654,0.0656,MEDIUM
VM_003,1378802700,3.4333,3.2686,3.4601,3.4283,3.4052,3.4308,3.4339,3.4308,3.591,0.0853,0.2637,0.072,MEDIUM
VM_003,1378803000,3.3667,3.2619,3.4465,3.4026,3.4108,3.4371,3.454,3.4285,3.612,0.0857,0.262,0.075,MEDIUM
VM_003,1378803300,3.5667,3.3417,3.4748,3.3971,3.3134,3.3364,3.3323,3.3743,3.5022,0.0779,0.2614,0.0653,MEDIUM
VM_003,1378803600,3.3333,3.2677,3.411,3.3716,3.3975,3.4239,3.4204,3.4117,3.5859,0.0795,0.2614,0.0712,MEDIUM
VM_003,1378803900,3.3667,3.263,3.3877,3.3155,3.3858,3.3962,3.3209,3.3733,3.5121,0.0677,0.2607,0.0629,MEDIUM
VM_003,1378804200,3.7,3.3253,3.4377,3.3791,3.377,3.3762,3.3715,3.3979,3.5356,0.0637,0.2626,0.0613,MEDIUM
VM_003,1378804500,3.4333,3.2601,3.4134,3.3567,3.3754,3.4065,3.3862,3.3903,3.5511,0.0727,0.2628,0.0681,MEDIUM
VM_003,1378804800,3.3667,3.291,3.4136,3.3234,3.4026,3.4698,3.4124,3.4175,3.5949,0.08,0.2551,0.0687,MEDIUM
VM_003,1378805100,3.6333,3.2939,3.4138,3.3482,3.4098,3.3963,3.291,3.3863,3.4777,0.0583,0.2551,0.0548,MEDIUM
VM_003,1378805400,3.3667,3.2684,3.4259,3.3777,3.4168,3.4383,3.402,3.4178,3.5638,0.0708,0.2532,0.0674,MEDIUM
VM_003,1378805700,3.4333,3.244,3.4043,3.3411,3.4205,3.418,3.3606,3.3949,3.5334,0.0709,0.2532,0.0667,MEDIUM
VM_003,1378806000,3.7667,3.3608,3.4855,3.427,3.4096,3.3991,3.3796,3.4206,3.536,0.0631,0.2567,0.0593,MEDIUM
VM_003,1378806300,3.4,3.3159,3.4573,3.3992,3.4069,3.4296,3.4094,3.4204,3.5763,0.0721,0.2573,0.0655,MEDIUM
VM_003,1378806600,3.2,3.319,3.4453,3.3702,3.4206,3.4274,3.341,3.412,3.5273,0.0626,0.2634,0.0584,MEDIUM
VM_003,1378806900,3.5667,3.3361,3.4539,3.3873,3.3831,3.3626,3.3114,3.3883,3.4808,0.0601,0.2614,0.0558,MEDIUM
VM_003,1378807200,3.4333,3.2752,3.4161,3.3488,3.3964,3.4182,3.4223,3.4044,3.5652,0.0712,0.1504,0.0536,MEDIUM
VM_003,1378807500,3.4333,3.2746,3.4158,3.3427,3.4509,3.4267,3.3451,3.4069,3.5243,0.0671,0.1469,0.0484,MEDIUM
VM_003,1378807800,3.6667,3.321,3.4325,3.365,3.4278,3.4151,3.3505,3.4079,3.513,0.0564,0.1529,0.0423,MEDIUM
VM_003,1378808100,3.4333,3.2725,3.426,3.3628,3.4188,3.4462,3.4224,3.419,3.5862,0.0776,0.1472,0.056,MEDIUM
VM_003,1378808400,3.4,3.2807,3.4434,3.378,3.4157,3.4373,3.4232,3.4241,3.5933,0.0757,0.1435,0.0554,MEDIUM
VM_003,1378808700,3.7,3.3572,3.5342,3.482,3.3972,3.4286,3.4892,3.4597,3.6436,0.0852,0.1456,0.0577,MEDIUM
VM_003,1378809000,3.4,3.3265,3.4712,3.4081,3.4289,3.4835,3.4879,3.458,3.6509,0.0822,0.1462,0.0571,MEDIUM
VM_003,1378809300,3.3,3.3095,3.4353,3.3669,3.4527,3.4711,3.4173,3.4419,3.5938,0.0732,0.1478,0.0526,MEDIUM
VM_003,1378809600,3.5667,3.3687,3.4707,3.3885,3.4746,3.4484,3.3665,3.4445,3.534,0.055,0.1434,0.0382,MEDIUM
VM_003,1378809900,3.4667,3.325,3.4669,3.416,3.4327,3.4149,3.4034,3.4326,3.5662,0.0622,0.1432,0.0469,MEDIUM
VM_003,1378810200,3.4667,3.3045,3.4343,3.372,3.4704,3.4141,3.3372,3.4188,3.5066,0.0614,0.1415,0.0421,MEDIUM
VM_003,1378810500,3.6667,3.3888,3.5222,3.4678,3.4581,3.4119,3.3991,3.455,3.5452,0.0616,0.1457,0.0412,MEDIUM
VM_003,1378810800,3.3667,3.3118,3.4701,3.4259,3.4604,3.4604,3.4575,3.4556,3.6069,0.0724,0.1444,0.0534,MEDIUM
VM_003,1378811100,3.3667,3.3199,3.4464,3.3742,3.4472,3.4489,3.3851,3.4323,3.5587,0.0642,0.1444,0.0468,MEDIUM
VM_003,1378811400,3.7667,3.3893,3.5131,3.4565,3.4426,3.4314,3.438,3.4608,3.6005,0.0676,0.1494,0.0499,MEDIUM
VM_003,1378811700,3.5,3.3119,3.5275,3.506,3.431,3.457,3.5428,3.4811,3.6964,0.0979,0.149,0.0646,MEDIUM
VM_003,1378812000,3.4,3.3582,3.4823,3.4013,3.4869,3.4917,3.4311,3.4692,3.6155,0.0702,0.148,0.0494,MEDIUM
VM_003,1378812300,3.6333,3.4234,3.5111,3.4288,3.4724,3.4806,3.4349,3.4753,3.6016,0.0603,0.148,0.0461,MEDIUM
VM_003,1378812600,3.3667,3.3122,3.4844,3.4472,3.4832,3.4728,3.4817,3.4724,3.645,0.08,0.148,0.0583,MEDIUM
VM_003,1378812900,3.4333,3.3121,3.4513,3.3931,3.4758,3.459,3.4033,3.4513,3.5912,0.07,0.148,0.052,MEDIUM
VM_003,1378813200,3.7,3.3734,3.5293,3.4896,3.4954,3.4587,3.4402,3.4854,3.6079,0.0668,0.1431,0.0461,MEDIUM
VM_003,1378813500,3.3667,3.3194,3.4939,3.4604,3.563,3.5214,3.4832,3.5072,3.6502,0.0803,0.1441,0.0576,MEDIUM
VM_003,1378813800,3.3333,3.3294,3.4732,3.4204,3.5495,3.5117,3.4218,3.4911,3.6171,0.0774,0.135,0.0513,MEDIUM
VM_003,1378814100,3.9667,3.4433,3.5578,3.4995,3.5214,3.4943,3.4577,3.5136,3.6332,0.0597,0.1661,0.0483,MEDIUM
VM_003,1378814400,3.5,3.4083,3.5455,3.4946,3.5248,3.4876,3.4653,3.5056,3.6393,0.065,0.1654,0.0512,MEDIUM
VM_003,1378814700,3.3667,3.3785,3.5108,3.4446,3.4986,3.4998,3.4707,3.4926,3.6464,0.0706,0.1673,0.0532,MEDIUM
VM_003,1378815000,3.6,3.4283,3.5862,3.5427,3.4716,3.4408,3.4755,3.4968,3.6304,0.079,0.165,0.0556,MEDIUM
VM_003,1378815300,3.4333,3.359,3.5257,3.4854,3.5029,3.5119,3.5466,3.511,3.7052,0.0864,0.165,0.0621,MEDIUM
VM_003,1378815600,3.4,3.3696,3.5472,3.4971,3.5343,3.5254,3.5118,3.527,3.6944,0.0808,0.165,0.0596,MEDIUM
VM_003,1378815900,3.7,3.448,3.6089,3.5684,3.5411,3.5071,3.5305,3.5507,3.7098,0.0774,0.165,0.0561,MEDIUM
VM_003,1378816200,3.4333,3.3695,3.5261,3.4512,3.4908,3.5048,3.5191,3.5015,3.7044,0.0869,0.1643,0.0612,MEDIUM
VM_003,1378816500,3.3333,3.3697,3.5289,3.4735,3.5792,3.5544,3.4854,3.5366,3.6872,0.0809,0.1626,0.0584,MEDIUM
VM_003,1378816800,3.7,3.4684,3.5883,3.5203,3.5566,3.5009,3.4562,3.5287,3.6405,0.0621,0.167,0.0486,MEDIUM
VM_003,1378817100,3.4333,3.4119,3.573,3.5438,3.5761,3.5311,3.5126,3.5465,3.7022,0.0739,0.1675,0.0558,MEDIUM
VM_003,1378817400,3.5,3.4114,3.5935,3.5596,3.6078,3.5293,3.4973,3.5564,3.6855,0.0761,0.1673,0.0539,MEDIUM
VM_003,1378817700,3.7333,3.4969,3.6473,3.5951,3.5583,3.5103,3.5197,3.5612,3.7054,0.0799,0.1705,0.0579,MEDIUM
VM_003,1378818000,3.3333,3.4349,3.6235,3.5865,3.5949,3.5542,3.5483,3.5736,3.7361,0.0828,0.1719,0.0594,MEDIUM
VM_003,1378818300,3.4,3.4794,3.6332,3.5739,3.6223,3.5471,3.469,3.5731,3.675,0.0704,0.1708,0.0484,MEDIUM
VM_003,1378818600,3.7333,3.5365,3.6455,3.5751,3.5822,3.5087,3.4635,3.5582,3.6539,0.0681,0.1688,0.0487,MEDIUM
VM_003,1378818900,3.5,3.4471,3.6225,3.5822,3.6023,3.5514,3.5434,3.5793,3.7366,0.0769,0.1688,0.0563,MEDIUM
VM_003,1378819200,3.4333,3.4305,3.5499,3.4962,3.5982,3.5454,3.5097,3.5441,3.6988,0.0768,0.1679,0.0544,MEDIUM
VM_003,1378819500,3.7,3.5444,3.6869,3.6315,3.6557,3.5727,3.5429,3.6194,3.7435,0.0738,0.1705,0.0526,MEDIUM
VM_003,1378819800,3.4667,3.467,3.6559,3.6265,3.6868,3.6219,3.6007,3.6347,3.7935,0.0844,0.1679,0.0602,MEDIUM
VM_003,1378820100,3.4333,3.5008,3.6927,3.6524,3.6859,3.6071,3.5559,3.6403,3.769,0.0781,0.1679,0.0533,MEDIUM
VM_003,1378820400,3.7333,3.5786,3.7389,3.6979,3.695,3.5856,3.5391,3.6513,3.7422,0.0789,0.1696,0.0486,MEDIUM
VM_003,1378820700,3.4667,3.5172,3.7521,3.7367,3.6814,3.6339,3.6694,3.6786,3.8627,0.0961,0.1668,0.0642,MEDIUM
VM_003,1378821000,3.4333,3.5463,3.7811,3.7519,3.7415,3.6675,3.6485,3.7087,3.865,0.0888,0.163,0.0586,MEDIUM
VM_003,1378821300,3.6667,3.6819,3.8153,3.7603,3.7372,3.6771,3.6069,3.7209,3.8372,0.0751,0.1376,0.0474,MEDIUM
VM_003,1378821600,3.4333,3.6326,3.7849,3.7226,3.7524,3.7279,3.6776,3.7329,3.9046,0.0815,0.1387,0.0551,MEDIUM
VM_003,1378821900,3.4,3.5961,3.7659,3.7177,3.7582,3.7106,3.6408,3.7277,3.8822,0.077,0.1373,0.0514,MEDIUM
VM_003,1378822200,3.6333,3.6313,3.7783,3.7412,3.7276,3.6696,3.6232,3.7162,3.8562,0.071,0.1383,0.0481,MEDIUM
VM_003,1378822500,3.4667,3.5823,3.7776,3.7487,3.7719,3.7154,3.6927,3.7395,3.9138,0.0851,0.1376,0.0569,MEDIUM
VM_003,1378822800,3.5,3.6116,3.7996,3.7501,3.8573,3.758,3.664,3.7754,3.9025,0.0841,0.1353,0.0518,MEDIUM
VM_003,1378823100,3.7,3.6866,3.8282,3.7757,3.7696,3.7173,3.6715,3.7581,3.8965,0.0723,0.1353,0.0492,MEDIUM
VM_003,1378823400,3.4,3.6329,3.8309,3.8056,3.7908,3.745,3.7514,3.7815,3.9658,0.088,0.1364,0.0574,MEDIUM
VM_003,1378823700,3.4,3.6449,3.8574,3.8251,3.8185,3.7638,3.7674,3.8056,3.9882,0.0883,0.1331,0.0577,MEDIUM
VM_003,1378824000,3.6333,3.7425,3.9198,3.873,3.7925,3.7344,3.743,3.8084,3.9645,0.0884,0.1299,0.0551,MEDIUM
VM_003,1378824300,4.6667,3.9627,4.1091,4.0479,3.844,3.8479,3.9529,3.9385,4.1598,0.1218,0.2659,0.0869,MEDIUM
VM_003,1378824600,8.5333,28.6644,11.9849,0.1869,4.1362,6.2051,3.7048,6.0338,28.6644,7.4875,1.046,0.5342,HIGH
VM_003,1378824900,8.3333,3.6723,3.3971,3.4636,3.5283,2.9816,3.3797,3.382,3.7727,0.2574,1.3985,0.273,HIGH
VM_003,1378825200,9.4667,64.6032,24.5231,0.0,6.9857,12.6807,6.1772,12.2653,64.6032,17.0865,1.7835,0.6289,HIGH
VM_003,1378825500,6.0667,1.6777,0.7342,1.1843,2.4292,1.7749,3.2683,2.0317,3.2683,0.7499,1.8124,0.5323,HIGH
VM_003,1378825800,6.6333,3.1305,2.124,1.8783,3.2176,3.6588,4.7329,3.0828,4.7744,1.0364,1.8659,0.6235,HIGH
VM_003,1378826100,6.5,2.5937,3.4449,3.243,3.0262,4.4981,6.4132,4.0662,7.5406,1.7345,1.8988,0.6437,HIGH
VM_003,1378826400,6.2333,3.0632,3.6344,3.2044,3.2432,3.6996,5.3713,3.9029,5.8915,0.888,1.9108,0.5797,HIGH
VM_003,1378826700,6.8333,4.3214,4.0902,3.7357,3.5653,3.4445,3.4948,3.6042,4.3214,0.2893,1.9459,0.3647,HIGH
VM_003,1378827000,6.4,5.8161,4.0931,3.5101,4.1955,2.4123,1.8056,3.4712,5.8161,1.1088,1.9484,0.65,HIGH
VM_003,1378827300,6.6667,4.4807,3.8246,3.2561,4.0315,3.8956,3.65,3.8116,4.4807,0.3308,1.9503,0.3961,HIGH
VM_003,1378827600,6.4,4.7451,3.7225,3.3307,3.8969,2.5382,1.5056,3.2453,4.7451,0.8662,1.9455,0.6328,HIGH
VM_003,1378827900,6.4,4.463,4.3071,3.8769,4.1196,4.0558,4.2778,4.0948,4.463,0.1786,1.9237,0.3276,HIGH
VM_003,1378828200,6.0,4.1547,3.9245,3.5718,3.7212,3.3868,3.4451,3.6075,4.1547,0.2231,1.8849,0.3369,HIGH
VM_003,1378828500,6.3,5.2149,5.2098,5.1729,4.6981,4.5301,4.9294,4.8444,5.2149,0.2875,1.8541,0.3366,HIGH
VM_003,1378828800,6.0333,4.4539,4.5352,4.2863,3.5857,3.7493,5.3399,4.2482,5.3399,0.5802,1.8007,0.4455,HIGH
VM_003,1378829100,6.0333,4.7899,4.7873,4.4454,4.3326,4.5891,4.7909,4.5595,4.8913,0.2161,1.7367,0.2996,HIGH
VM_003,1378829400,6.2667,4.1203,3.7829,3.4606,3.7365,3.8841,3.6214,3.7552,4.1203,0.218,1.6788,0.3024,HIGH
VM_003,1378829700,6.0667,5.0345,4.9719,4.7176,4.7708,4.9333,4.9964,4.8748,5.1456,0.166,1.599,0.264,HIGH
VM_003,1378830000,6.0,6.0818,3.1201,2.1882,4.1462,4.3844,6.0574,4.2201,6.0818,1.2648,1.5095,0.5937,HIGH
VM_003,1378830300,6.3667,4.445,4.8705,4.9288,5.0032,4.6407,4.479,4.7634,5.032,0.1956,1.4221,0.2519,HIGH
VM_003,1378830600,6.0,4.4351,4.9945,4.9632,5.7169,5.0129,4.5507,5.0289,5.7169,0.3685,1.2933,0.3176,HIGH
VM_003,1378830900,6.0,5.1759,5.8738,6.0417,6.2459,5.3523,4.6384,5.6222,6.3238,0.5389,1.1394,0.3455,HIGH
VM_003,1378831200,6.4,4.9724,5.2152,5.0931,4.976,4.5611,3.9689,4.7511,5.2152,0.3619,0.9743,0.2724,HIGH
VM_003,1378831500,6.0,5.2172,5.2623,5.1339,4.7524,4.7498,4.6285,4.9012,5.2623,0.208,0.8988,0.1903,HIGH
VM_003,1378831800,6.0333,6.7197,7.1457,7.2407,5.7231,5.7775,6.9399,6.3632,7.2407,0.6277,0.8024,0.3199,HIGH
VM_003,1378832100,6.3667,5.3797,5.2262,5.0739,4.5861,4.8909,5.2,4.9748,5.3797,0.2789,0.6981,0.1852,HIGH
VM_003,1378832400,6.0,9.5579,9.5219,9.5407,8.8702,9.3771,13.8358,9.8535,13.8358,1.8061,0.2491,0.432,HIGH
VM_003,1378832700,6.0667,5.2179,4.9211,4.9837,4.7876,6.3391,8.4715,5.7697,8.4715,1.2938,0.2491,0.432,HIGH
VM_003,1378833000,6.3667,5.1984,4.8826,4.9937,4.6146,6.0119,7.8727,5.5465,7.8727,1.104,0.2369,0.4193,HIGH
VM_003,1378833300,6.0667,5.0833,5.0508,5.0519,5.2123,6.1486,7.2187,5.6685,7.2187,0.8069,0.2326,0.3005,HIGH
VM_003,1378833600,6.0,4.9287,4.7751,4.6471,4.7999,5.0891,5.0537,4.8876,5.1718,0.1823,0.2369,0.0925,MEDIUM
VM_003,1378833900,6.6667,5.1481,5.1169,4.9256,5.0341,4.8335,4.5102,4.9063,5.1481,0.1638,0.2196,0.1036,MEDIUM
VM_003,1378834200,6.1,4.6123,4.6871,4.5799,4.5803,3.8043,3.6556,4.238,4.768,0.4114,0.2165,0.1596,MEDIUM
VM_003,1378834500,5.9,5.1589,5.5947,5.6116,5.3123,4.9917,4.8451,5.2295,5.6583,0.2756,0.1993,0.1217,MEDIUM
VM_003,1378834800,5.9,4.3637,4.8127,4.4558,4.3902,3.5693,3.6898,4.1237,4.8127,0.4201,0.1992,0.1726,MEDIUM
VM_003,1378835100,5.1667,5.8827,6.8214,7.088,6.4954,5.5014,5.436,6.1267,7.3797,0.7168,0.274,0.276,HIGH
VM_003,1378835400,5.0667,6.2165,7.0908,7.2197,5.7498,4.6962,4.4702,5.6561,7.2271,1.0687,0.3442,0.3702,HIGH
VM_003,1378835700,5.4333,6.1122,6.3134,6.1744,4.886,4.546,4.385,5.1815,6.3134,0.7306,0.3617,0.2745,HIGH
VM_003,1378836000,5.1333,5.0573,5.2035,5.1369,4.5653,4.471,4.3572,4.7043,5.2035,0.305,0.4036,0.1519,MEDIUM
VM_003,1378836300,5.2667,4.6022,4.69,4.7042,4.7774,4.6672,4.5846,4.6845,4.7774,0.054,0.4284,0.0778,MEDIUM
VM_003,1378836600,5.5,4.4023,4.179,4.0188,4.2725,4.5511,4.3548,4.3068,4.5607,0.2036,0.4318,0.1245,MEDIUM
VM_003,1378836900,5.2333,4.4737,4.5428,4.4966,4.4584,4.5454,4.5683,4.5135,4.7033,0.0926,0.4518,0.0957,MEDIUM
VM_003,1378837200,5.3,4.318,3.8956,3.557,3.4959,3.7947,3.8651,3.7233,4.318,0.2918,0.4658,0.1842,HIGH
VM_003,1378837500,5.4667,4.6347,4.6364,4.4958,4.4518,4.5559,4.396,4.5233,4.6373,0.0875,0.4584,0.0874,MEDIUM
VM_003,1378837800,5.0667,4.3378,4.2971,4.1946,4.3144,4.4988,4.376,4.3541,4.5626,0.1367,0.4806,0.1127,MEDIUM
VM_003,1378838100,5.0333,4.456,4.5222,4.358,4.443,4.4239,4.1626,4.4101,4.5222,0.0885,0.5006,0.1068,MEDIUM
VM_003,1378838400,5.5333,4.4496,4.4451,4.3049,4.3493,4.2773,4.02,4.3058,4.4496,0.1034,0.4811,0.1125,MEDIUM
VM_003,1378838700,5.2333,4.443,4.4352,4.3044,4.3239,4.2923,4.0666,4.3061,4.443,0.0912,0.4854,0.1068,MEDIUM
VM_003,1378839000,5.3,4.1804,3.7208,3.5669,3.9115,4.5357,5.0918,4.1877,5.0918,0.5307,0.4841,0.2425,HIGH
VM_003,1378839300,5.4333,4.5326,4.5754,4.4493,4.3985,4.3129,4.0426,4.3732,4.5754,0.1306,0.4594,0.122,MEDIUM
VM_003,1378839600,5.2,3.5617,2.4641,2.5243,3.3989,4.8873,6.5823,3.9967,6.5823,1.3288,0.4576,0.4587,HIGH
VM_003,1378839900,4.5333,4.3768,4.6677,4.7354,4.7195,4.6747,4.1217,4.5908,4.936,0.2196,0.4896,0.1591,MEDIUM
VM_003,1378840200,3.6333,4.1756,4.3413,4.4085,4.4821,4.8015,4.5208,4.5155,4.8519,0.1924,0.5866,0.1553,MEDIUM
VM_003,1378840500,3.1667,3.9638,4.0078,3.9237,3.9817,4.3328,4.1882,4.1052,4.4345,0.1839,0.7224,0.1562,MEDIUM
VM_003,1378840800,3.0333,3.8427,3.9414,3.8176,3.8599,4.1067,3.9088,3.955,4.2118,0.134,0.8354,0.155,MEDIUM
VM_003,1378841100,3.4333,3.8893,4.0733,3.9936,3.8331,3.8011,3.6467,3.886,4.0733,0.1131,0.8388,0.1581,MEDIUM
VM_003,1378841400,3.1,3.7011,3.8626,3.7934,3.5941,3.5789,3.3895,3.6718,3.8626,0.1175,0.8901,0.1702,MEDIUM
VM_003,1378841700,3.2667,3.7968,4.0135,3.9475,3.8407,3.7002,3.521,3.8166,4.0135,0.1363,0.9204,0.1764,HIGH
VM_003,1378842000,3.4,3.8658,3.9122,3.6553,3.6191,3.6504,3.4706,3.7182,3.9122,0.1141,0.9282,0.1713,MEDIUM
VM_003,1378842300,3.0333,3.8305,4.0467,4.0408,3.6516,3.5169,3.4303,3.7298,4.0467,0.2092,0.9787,0.1985,HIGH
VM_003,1378842600,3.1,3.7132,3.9191,3.8756,3.4849,3.3381,3.1977,3.5615,3.9191,0.2304,1.0173,0.2159,HIGH
VM_003,1378842900,3.5333,3.8378,3.9866,3.9137,3.4871,3.3979,3.3293,3.6155,3.9866,0.2164,1.0149,0.208,HIGH
VM_003,1378843200,3.1,3.6916,3.8618,3.7636,3.4402,3.4419,3.3907,3.5764,3.8618,0.1445,1.0369,0.1888,HIGH
VM_003,1378843500,3.0333,3.614,3.6991,3.5076,3.3793,3.4472,3.2496,3.4799,3.6991,0.1069,1.0492,0.1878,HIGH
VM_003,1378843800,3.4667,3.1922,3.752,3.7303,3.2748,3.3608,3.06,3.4019,3.752,0.2241,1.0245,0.2133,HIGH
VM_003,1378844100,3.1667,3.3575,3.3147,3.1607,3.1971,3.2543,3.0256,3.2275,3.3575,0.0895,1.0165,0.1697,MEDIUM
VM_003,1378844400,3.0333,3.2085,4.2198,4.0218,3.4707,3.7742,3.4563,3.7324,4.2198,0.3112,1.0019,0.2482,HIGH
VM_003,1378844700,3.5667,2.689,2.898,2.8686,2.8458,2.5728,2.395,2.7063,2.898,0.1537,0.9525,0.1817,HIGH
VM_003,1378845000,3.1,2.7924,2.877,2.9384,3.0812,2.8313,2.6871,2.8772,3.0812,0.093,0.9313,0.1661,MEDIUM
VM_003,1378845300,3.1667,2.922,3.0573,2.9527,3.1422,3.0964,2.6558,3.0297,3.2162,0.1456,0.9022,0.1821,HIGH
VM_003,1378845600,3.3667,3.0647,3.1751,3.0642,3.0854,3.0206,2.7185,3.0519,3.1751,0.1111,0.8186,0.1591,MEDIUM
VM_003,1378845900,3.1333,3.1352,3.241,3.1274,3.0645,3.1034,3.0082,3.1248,3.241,0.0576,0.7505,0.1238,MEDIUM
VM_003,1378846200,3.0333,3.1184,3.1036,3.0051,3.0883,2.9795,2.9225,3.0225,3.1184,0.0753,0.6582,0.1112,MEDIUM
VM_003,1378846500,3.3667,3.4783,3.4247,3.2676,3.2083,3.193,3.0793,3.2531,3.4783,0.103,0.5065,0.1122,MEDIUM
VM_003,1378846800,3.1667,2.7766,2.8057,2.6957,2.6587,2.771,2.7031,2.7383,2.8715,0.0797,0.3254,0.0783,MEDIUM
VM_003,1378847100,3.1333,3.2812,3.1998,3.0596,3.1118,3.1922,3.0698,3.1634,3.2812,0.0739,0.1898,0.0506,MEDIUM
VM_003,1378847400,3.5,3.1699,3.0626,2.9087,2.9358,3.016,2.8838,2.9938,3.1699,0.0841,0.1792,0.0568,MEDIUM
VM_003,1378847700,3.1333,3.3169,3.3056,3.2345,3.1986,3.2602,3.0902,3.2484,3.3169,0.0606,0.1798,0.0499,MEDIUM
VM_003,1378848000,3.1,3.3732,3.3017,3.174,3.2296,3.1809,2.9848,3.213,3.3732,0.0896,0.1772,0.0687,MEDIUM
VM_003,1378848300,3.4333,3.5482,3.4777,3.3571,3.2614,3.2123,3.0289,3.2915,3.5482,0.1268,0.1772,0.0842,MEDIUM
VM_003,1378848600,3.2333,3.0071,3.008,2.9086,2.8955,2.9769,2.7732,2.9413,3.039,0.0752,0.1751,0.0539,MEDIUM
VM_003,1378848900,3.1333,3.4328,3.4178,3.3289,3.2184,3.2732,3.1391,3.2941,3.4328,0.0806,0.1761,0.0573,MEDIUM
VM_003,1378849200,3.4667,2.6591,2.6723,2.5574,2.5022,2.4941,2.1053,2.5028,2.6723,0.1483,0.1795,0.0901,MEDIUM
VM_003,1378849500,3.0,3.3327,3.3314,3.2488,3.1587,3.2592,3.0663,3.239,3.3327,0.0746,0.1812,0.0548,MEDIUM
VM_003,1378849800,3.1333,3.3241,3.3551,3.2794,3.2391,3.2256,2.9275,3.2404,3.3551,0.1052,0.1803,0.0737,MEDIUM
VM_003,1378850100,3.5,3.2417,3.2805,3.2572,3.1324,3.1159,2.8834,3.1615,3.2805,0.105,0.1779,0.0698,MEDIUM
VM_003,1378850400,3.2,3.3191,3.3078,3.277,3.2237,3.2208,3.0727,3.2357,3.3191,0.0661,0.176,0.0517,MEDIUM
VM_003,1378850700,3.0333,3.2102,3.2288,3.1951,3.2168,3.195,2.9191,3.1772,3.258,0.0836,0.176,0.0627,MEDIUM
VM_003,1378851000,3.5,2.8479,2.8795,2.8207,2.8553,2.8142,2.4764,2.816,2.9119,0.1142,0.178,0.0743,MEDIUM
VM_003,1378851300,3.1,3.1965,3.2237,3.2356,3.1662,3.1549,2.9712,3.1708,3.2464,0.0686,0.1796,0.0556,MEDIUM
VM_003,1378851600,3.3,2.3892,2.5232,2.5182,2.5131,2.4084,2.1582,2.4343,2.5232,0.1086,0.1751,0.0656,MEDIUM
VM_003,1378851900,3.4,3.0537,3.1212,3.1352,3.0786,3.0628,2.9262,3.0876,3.2067,0.0742,0.1646,0.0543,MEDIUM
VM_003,1378852200,3.1,2.9762,3.0523,3.0591,3.0603,3.109,2.9469,3.0716,3.1838,0.0733,0.1646,0.0491,MEDIUM
VM_003,1378852500,3.3,3.8773,3.5433,3.2179,2.8973,2.9257,2.4954,3.0812,3.8773,0.355,0.1645,0.1845,HIGH
VM_003,1378852800,4.6,3.9878,3.5311,3.4009,3.0459,3.011,2.9429,3.2239,3.9878,0.2977,0.3225,0.1688,MEDIUM
VM_003,1378853100,3.1333,2.8319,3.0011,3.1799,2.9789,3.1146,3.2295,3.0819,3.4186,0.1729,0.3225,0.1108,MEDIUM
VM_003,1378853400,3.2667,2.726,2.7455,2.658,2.7905,2.9848,2.5648,2.7829,2.9848,0.1136,0.3178,0.0905,MEDIUM
VM_003,1378853700,3.4,3.2783,3.3054,3.1759,3.0115,3.2563,3.0813,3.1782,3.3054,0.0991,0.3182,0.0756,MEDIUM
VM_003,1378854000,3.1333,2.3505,2.645,2.4586,2.627,2.9261,2.5744,2.6544,2.9261,0.1625,0.3189,0.109,MEDIUM
VM_003,1378854300,3.2333,2.8586,2.8378,2.7132,2.975,2.9774,2.7123,2.8941,3.0415,0.1159,0.3172,0.0796,MEDIUM
VM_003,1378854600,3.6,2.9758,2.9992,2.9113,2.9082,3.0034,2.8784,2.9546,3.0837,0.0616,0.3205,0.0654,MEDIUM
VM_003,1378854900,3.0667,2.8911,2.9102,2.9558,2.8879,2.9542,2.921,2.9192,3.0507,0.0513,0.3224,0.0656,MEDIUM
VM_003,1378855200,3.0,3.0716,3.0692,3.0053,3.0283,3.2081,3.0741,3.1087,3.2819,0.0879,0.3258,0.0778,MEDIUM
VM_003,1378855500,3.5333,3.35,3.2976,3.3092,3.2091,3.1867,3.0354,3.2405,3.35,0.0921,0.3282,0.0793,MEDIUM
VM_003,1378855800,3.1333,3.2006,3.0945,3.161,3.1351,3.273,3.1883,3.1924,3.3011,0.0629,0.3298,0.0668,MEDIUM
VM_003,1378856100,3.1,3.3136,3.2917,3.3056,3.251,3.2411,3.1172,3.28,3.3526,0.0582,0.3306,0.0703,MEDIUM
VM_003,1378856400,3.4,3.2066,3.0928,3.1556,3.083,3.1255,3.0793,3.1244,3.2066,0.0407,0.3295,0.0573,MEDIUM
VM_003,1378856700,3.0,3.2954,3.307,3.305,3.1818,3.2246,3.1755,3.2417,3.3698,0.0693,0.3295,0.0704,MEDIUM
VM_003,1378857000,3.0667,3.2786,3.3148,3.3109,3.233,3.1434,2.9804,3.2114,3.3148,0.0929,0.3312,0.082,MEDIUM
VM_003,1378857300,3.5333,3.4322,3.4268,3.3908,3.0762,3.2488,3.3275,3.2862,3.4912,0.1338,0.3322,0.0917,MEDIUM
VM_003,1378857600,3.1,3.4564,3.4975,3.4061,3.2344,3.3161,3.3342,3.3332,3.4975,0.0865,0.3341,0.0751,MEDIUM
VM_003,1378857900,3.0333,3.2707,3.3855,3.3273,3.4423,3.3137,3.0094,3.3077,3.4423,0.116,0.3341,0.0941,MEDIUM
VM_003,1378858200,3.4,3.216,3.2123,3.1926,3.1741,3.102,2.8062,3.1099,3.216,0.1205,0.332,0.0911,MEDIUM
VM_003,1378858500,3.2,3.1512,3.3204,3.3626,3.3641,3.2645,3.1379,3.286,3.4203,0.0829,0.3301,0.0758,MEDIUM
VM_003,1378858800,3.2667,2.5181,2.5495,2.6377,2.7899,2.7148,2.4659,2.6527,2.7899,0.0969,0.3302,0.0807,MEDIUM
VM_003,1378859100,3.4,3.3034,3.3902,3.4147,3.2759,3.1778,3.0144,3.2595,3.4218,0.1323,0.3302,0.0905,MEDIUM
VM_003,1378859400,3.0667,3.2036,3.2971,3.3115,3.2823,3.1844,3.0434,3.2287,3.3594,0.0858,0.3311,0.0799,MEDIUM
VM_003,1378859700,3.0,3.1166,3.216,3.2575,3.2389,3.1586,3.0746,3.1937,3.2969,0.0635,0.3363,0.0694,MEDIUM
VM_003,1378860000,3.4333,3.1963,3.316,3.3696,3.2276,3.1765,3.3558,3.2653,3.4454,0.1092,0.1889,0.0719,MEDIUM
VM_003,1378860300,3.3667,3.2071,3.2418,3.286,3.1227,3.3448,3.7158,3.2935,3.7256,0.2195,0.1898,0.1031,MEDIUM
VM_003,1378860600,3.1333,3.1488,3.163,3.2067,3.0298,3.2001,3.4256,3.1683,3.4725,0.1531,0.1909,0.0844,MEDIUM
VM_003,1378860900,3.4,3.2512,3.2081,3.1654,3.1059,3.2963,3.3142,3.2182,3.4449,0.1055,0.1909,0.0646,MEDIUM
VM_003,1378861200,3.1,3.0779,3.0125,2.9849,2.9253,2.9857,2.8518,2.9573,3.0779,0.06,0.1917,0.0513,MEDIUM
VM_003,1378861500,3.0667,3.0971,3.139,3.1154,3.188,3.125,2.9265,3.115,3.188,0.064,0.1947,0.0559,MEDIUM
VM_003,1378861800,3.4333,3.1557,3.1461,3.0884,3.09,3.0635,2.9693,3.0802,3.1557,0.0525,0.1834,0.0456,MEDIUM
VM_003,1378862100,3.1333,3.2051,3.2849,3.2678,3.2945,3.1911,3.1369,3.2198,3.2945,0.054,0.1815,0.0419,MEDIUM
VM_003,1378862400,3.0,3.2305,3.3578,3.3443,3.3408,3.2302,3.1496,3.2683,3.3578,0.068,0.1815,0.0479,MEDIUM
VM_003,1378862700,3.3667,3.2545,3.3764,3.4524,3.204,3.0367,3.0267,3.1943,3.4524,0.159,0.1719,0.0818,MEDIUM
VM_003,1378863000,3.2333,2.3261,2.6053,2.7867,2.3738,2.3361,2.4771,2.4753,2.7867,0.1665,0.1711,0.0822,MEDIUM
VM_003,1378863300,3.0667,2.8709,3.1032,3.2612,2.8667,2.6846,2.8181,2.8989,3.2612,0.1879,0.1722,0.096,MEDIUM
VM_003,1378863600,3.4333,2.5041,2.8217,2.9456,2.4892,2.7853,3.1336,2.7742,3.1336,0.1977,0.1739,0.0985,MEDIUM
VM_003,1378863900,3.0,2.6167,2.6737,2.7615,2.6163,2.6002,3.0128,2.7055,3.0313,0.183,0.1739,0.0933,MEDIUM
VM_003,1378864200,3.8667,3.0541,3.0657,3.0077,2.4276,2.4285,2.5771,2.6804,3.0657,0.273,0.2153,0.1107,MEDIUM
VM_003,1378864500,3.4333,2.7576,2.7643,2.8762,2.5814,2.4958,2.7156,2.6571,2.8762,0.1306,0.2106,0.0726,MEDIUM
VM_003,1378864800,3.1333,2.8203,2.7833,2.8672,2.687,2.6281,2.609,2.7135,2.882,0.1284,0.2097,0.0772,MEDIUM
VM_003,1378865100,3.1333,2.8611,2.9033,2.8988,3.0331,2.9511,2.6979,2.9262,3.0331,0.0861,0.2062,0.0661,MEDIUM
VM_003,1378865400,3.5,2.5453,2.6943,2.7114,2.6202,2.6195,2.3848,2.601,2.7114,0.0904,0.2102,0.0656,MEDIUM
VM_003,1378865700,3.2,2.991,3.0264,3.0267,2.9668,2.9628,2.9398,2.995,3.1055,0.0451,0.2102,0.0466,MEDIUM
VM_003,1378866000,3.1,2.5797,2.6303,2.6192,2.5053,2.5727,2.4285,2.5545,2.6541,0.0623,0.2126,0.054,MEDIUM
VM_003,1378866300,3.3,3.0839,3.1578,3.1489,2.9592,2.9611,3.0215,3.036,3.1578,0.0823,0.2105,0.0561,MEDIUM
VM_003,1378866600,3.0667,2.8683,2.8867,2.8752,2.8456,2.9289,2.8525,2.8798,3.0351,0.0703,0.2105,0.0614,MEDIUM
VM_003,1378866900,3.1,2.8099,2.9986,3.0645,2.9445,2.9607,2.9575,2.9836,3.0987,0.0705,0.2064,0.0606,MEDIUM
VM_003,1378867200,3.4667,3.1267,3.13,3.1405,3.1299,3.1384,3.0766,3.1363,3.2513,0.0486,0.2078,0.0487,MEDIUM
VM_003,1378867500,3.1,3.0387,3.0921,3.0904,2.9694,3.1811,3.2954,3.1213,3.4154,0.137,0.2085,0.0796,MEDIUM
VM_003,1378867800,3.0333,2.851,2.901,2.9261,2.9249,2.926,2.8193,2.9097,2.9967,0.0447,0.2117,0.0482,MEDIUM
VM_003,1378868100,3.3667,2.9289,2.9828,2.9716,2.9729,3.1045,3.1221,3.0391,3.2378,0.0975,0.2107,0.0661,MEDIUM
VM_003,1378868400,3.1333,2.3607,2.3819,2.4964,2.3541,2.3699,2.4999,2.4021,2.5043,0.0641,0.2099,0.0495,MEDIUM
VM_003,1378868700,3.0667,2.8532,3.0085,3.0338,2.9564,2.9269,2.9258,2.9647,3.0367,0.0487,0.2099,0.0486,MEDIUM
VM_003,1378869000,3.5,2.8451,3.0102,3.0104,2.7909,2.8644,2.9828,2.9088,3.0623,0.0885,0.213,0.0598,MEDIUM
VM_003,1378869300,3.0333,2.6655,2.8837,2.95,2.8009,2.8823,2.9157,2.8632,2.9989,0.086,0.2161,0.0672,MEDIUM
VM_003,1378869600,3.0,2.9035,3.0406,3.0322,2.9132,2.985,2.9839,2.9905,3.1265,0.0666,0.2161,0.0541,MEDIUM
VM_003,1378869900,3.4,2.9422,3.0701,3.1086,2.9123,2.9018,2.9158,2.9768,3.1086,0.0648,0.2171,0.0523,MEDIUM
VM_003,1378870200,3.0333,2.6748,2.7788,2.8497,2.767,2.8269,2.7752,2.7899,2.9021,0.0634,0.221,0.0552,MEDIUM
VM_003,1378870500,3.1667,2.8525,2.9874,3.0172,2.9037,2.9121,2.8933,2.9377,3.0172,0.0482,0.2188,0.0476,MEDIUM
VM_003,1378870800,3.4333,2.181,2.1683,2.1959,2.0546,2.1714,2.2482,2.1636,2.2482,0.0526,0.2188,0.051,MEDIUM
VM_003,1378871100,3.1667,2.5731,2.73,2.8597,2.9019,2.8873,2.7737,2.8229,2.9498,0.096,0.2137,0.072,MEDIUM
VM_003,1378871400,3.1,2.5832,2.7621,2.8863,2.9484,2.8851,2.7268,2.8377,2.9859,0.1075,0.1682,0.0692,MEDIUM
VM_003,1378871700,3.6,2.6511,2.7699,2.8286,2.81,2.8391,2.74,2.7935,2.8815,0.0578,0.181,0.0505,MEDIUM
VM_003,1378872000,3.0,2.9225,3.0356,3.0638,2.8549,3.004,3.2005,3.0052,3.2646,0.1295,0.1855,0.0723,MEDIUM
VM_003,1378872300,3.0,2.8339,2.9409,2.8779,2.9149,3.0172,2.9435,2.9523,3.1273,0.1006,0.1898,0.0644,MEDIUM
VM_003,1378872600,3.5,2.8677,2.8843,2.8122,2.8266,2.9078,2.8411,2.8745,3.0044,0.0683,0.1898,0.0538,MEDIUM
VM_003,1378872900,3.1333,2.7588,2.9328,2.9288,2.8612,2.9062,2.8905,2.8996,3.0139,0.0689,0.1903,0.0546,MEDIUM
VM_003,1378873200,3.0333,2.6893,2.7539,2.6698,2.7764,2.7579,2.5328,2.7232,2.8677,0.0808,0.1923,0.0643,MEDIUM
VM_003,1378873500,3.3667,2.6228,2.8845,2.8852,2.7419,2.7939,2.8855,2.8036,2.9249,0.087,0.1944,0.0607,MEDIUM
VM_003,1378873800,3.0667,2.6191,2.9241,2.9563,2.8698,2.9103,2.9804,2.8827,2.9877,0.0964,0.1944,0.0685,MEDIUM
VM_003,1378874100,3.0333,2.6859,2.9042,2.8969,2.8408,2.8863,2.823,2.8552,2.9193,0.0617,0.1963,0.0528,MEDIUM
VM_003,1378874400,3.4333,2.9147,3.0193,2.9706,2.8838,2.9477,2.9527,2.9553,3.0565,0.051,0.1944,0.0454,MEDIUM
VM_003,1378874700,3.1333,2.9421,3.0507,2.9998,2.8752,3.0604,3.1618,3.0207,3.2645,0.1197,0.1938,0.0709,MEDIUM
VM_003,1378875000,3.0,3.079,3.1354,3.0405,2.9561,3.0667,3.1125,3.0569,3.2267,0.0847,0.1952,0.0584,MEDIUM
VM_003,1378875300,3.3,3.1057,3.1215,2.9935,2.9452,3.0745,3.0991,3.0494,3.2192,0.0883,0.1931,0.0589,MEDIUM
VM_003,1378875600,3.0333,3.1428,3.1406,3.034,2.9241,2.978,2.9874,3.0024,3.1428,0.0867,0.1955,0.055,MEDIUM
VM_003,1378875900,3.0333,3.0767,3.1491,3.0731,3.0274,3.0913,3.1222,3.0908,3.2528,0.0711,0.1965,0.0554,MEDIUM
VM_003,1378876200,3.4333,3.169,3.1898,3.0601,2.9947,3.0833,3.1347,3.0901,3.2488,0.0857,0.1924,0.0555,MEDIUM
VM_003,1378876500,3.0333,3.1446,3.2042,3.111,3.0396,3.1486,3.2515,3.1413,3.3736,0.1079,0.1924,0.0669,MEDIUM
VM_003,1378876800,3.0667,3.0869,3.1426,3.0382,3.0809,3.2274,3.232,3.1484,3.3887,0.117,0.19,0.0749,MEDIUM
VM_003,1378877100,3.4,3.1998,3.2409,3.1385,3.0158,3.1261,3.2246,3.1409,3.3433,0.1017,0.19,0.0631,MEDIUM
VM_003,1378877400,3.0667,3.01,3.0858,3.0243,2.8389,2.8562,2.9567,2.9293,3.0858,0.0937,0.189,0.0595,MEDIUM
VM_003,1378877700,3.1,3.1122,3.1835,3.1016,2.9999,3.155,3.2537,3.1279,3.3763,0.1168,0.1898,0.0707,MEDIUM
VM_003,1378878000,3.4,2.723,2.878,2.8474,2.6346,2.612,2.6499,2.708,2.878,0.097,0.188,0.0612,MEDIUM
VM_003,1378878300,3.1,3.077,3.0943,3.0104,2.9407,3.0717,3.0836,3.0393,3.201,0.0867,0.1888,0.0586,MEDIUM
VM_003,1378878600,3.0,3.1418,3.1706,3.0787,3.0167,3.0755,3.0323,3.0695,3.1706,0.0627,0.1918,0.0469,MEDIUM
VM_003,1378878900,3.4,3.2313,3.2141,3.1039,3.0396,3.0805,3.0932,3.1011,3.2313,0.0718,0.1764,0.048,MEDIUM
VM_003,1378879200,3.0,3.171,3.202,3.1003,3.0193,3.1028,3.1812,3.1095,3.2899,0.091,0.1764,0.0589,MEDIUM
VM_003,1378879500,3.0667,3.1839,3.2299,3.1094,3.096,3.1935,3.2043,3.1626,3.3531,0.0868,0.1741,0.0605,MEDIUM
VM_003,1378879800,3.5333,3.1363,3.1249,2.9831,2.975,3.0668,3.0308,3.0437,3.1815,0.0763,0.1769,0.0518,MEDIUM
VM_003,1378880100,3.3,3.1555,3.1862,3.0788,2.9971,3.1326,3.1794,3.1101,3.3108,0.0988,0.1785,0.0614,MEDIUM
VM_003,1378880400,3.2333,3.1116,3.1195,2.994,2.964,3.0955,3.0846,3.0545,3.2328,0.0906,0.176,0.0593,MEDIUM
VM_003,1378880700,3.4333,3.1505,3.1832,3.0763,2.9395,3.0841,3.1558,3.0758,3.2732,0.1046,0.1794,0.0627,MEDIUM
VM_003,1378881000,3.0,3.0814,3.1362,3.0501,2.9128,3.0678,3.1616,3.0466,3.2757,0.116,0.182,0.0689,MEDIUM
VM_003,1378881300,3.1,3.1405,3.1581,3.0449,3.0052,3.1533,3.1511,3.1003,3.2957,0.0978,0.18,0.0628,MEDIUM
VM_003,1378881600,3.4333,3.174,3.1591,3.0511,2.9921,3.0983,3.09,3.0805,3.2158,0.0759,0.18,0.05,MEDIUM
VM_003,1378881900,3.7333,3.125,3.1446,3.052,3.0086,3.136,3.15,3.0962,3.277,0.0877,0.2106,0.0648,MEDIUM
VM_003,1378882200,4.0667,2.897,3.2069,3.1956,2.8805,2.8914,2.8763,2.9467,3.2069,0.1302,0.2677,0.0859,MEDIUM
VM_003,1378882500,4.2333,2.7952,2.9196,2.9066,2.841,3.0056,3.1965,2.9755,3.302,0.1529,0.3333,0.1027,MEDIUM
VM_003,1378882800,3.4667,2.8762,3.2521,3.2856,2.882,2.9361,3.0198,2.9922,3.2856,0.1368,0.33,0.0928,MEDIUM
VM_003,1378883100,3.5,2.7103,2.9469,2.9469,2.7671,3.1812,4.0473,3.1647,4.1447,0.4973,0.3262,0.2115,HIGH
VM_003,1378883400,3.7667,2.6784,2.9567,3.0117,2.6952,3.2269,4.4141,3.2312,4.4894,0.6409,0.3374,0.2575,HIGH
VM_003,1378883700,3.1333,2.7388,2.891,2.9542,2.779,3.0898,3.612,3.0522,3.7179,0.3267,0.3339,0.1586,MEDIUM
VM_003,1378884000,3.2,2.7509,2.8785,2.8402,2.7976,3.1724,3.6392,3.0693,3.7199,0.3377,0.3299,0.1569,MEDIUM
VM_003,1378884300,3.3667,3.0465,3.1019,3.0188,2.99,3.0283,2.8635,3.0055,3.1019,0.0546,0.3298,0.0705,MEDIUM
VM_003,1378884600,3.0333,2.9931,3.1624,3.1859,3.3655,3.544,3.0542,3.3303,3.7868,0.2284,0.3312,0.1364,MEDIUM
VM_003,1378884900,3.0,3.0535,3.108,2.9994,3.0374,3.1243,3.0719,3.0794,3.1844,0.0562,0.3352,0.0649,MEDIUM
VM_003,1378885200,3.4333,2.7461,2.8769,2.9171,3.0587,3.0255,2.6213,2.9408,3.2781,0.1917,0.3355,0.1207,MEDIUM
VM_003,1378885500,3.1,2.9849,3.0496,2.9681,2.9295,2.9739,2.9148,2.9658,3.0496,0.0389,0.3355,0.0596,MEDIUM
VM_003,1378885800,3.1,2.9457,3.0588,2.9843,2.9166,2.9595,2.8735,2.9573,3.0588,0.0491,0.3314,0.0645,MEDIUM
VM_003,1378886100,3.4,2.8633,3.0027,2.9392,2.796,2.8179,2.673,2.8378,3.0027,0.0959,0.3314,0.0815,MEDIUM
VM_003,1378886400,3.0333,2.999,3.1323,3.0741,2.8824,3.0446,3.1705,3.0355,3.2382,0.1059,0.3299,0.0853,MEDIUM
VM_003,1378886700,3.0,2.8776,3.0127,2.9398,2.8303,2.9142,2.8347,2.8945,3.0127,0.0554,0.3328,0.0668,MEDIUM
VM_003,1378887000,3.5333,2.822,2.9309,2.875,2.7113,2.812,2.7731,2.8067,2.9309,0.0596,0.3328,0.0687,MEDIUM
VM_003,1378887300,3.2,2.9016,3.044,2.9878,2.8127,2.9051,2.8104,2.8899,3.044,0.0721,0.3342,0.0722,MEDIUM
VM_003,1378887600,3.1333,2.6041,2.7243,2.731,2.66,2.7252,2.6364,2.6963,2.7685,0.0468,0.3364,0.0626,MEDIUM
VM_003,1378887900,3.4,2.8554,2.9397,2.849,2.7684,2.8275,2.6379,2.8027,2.9397,0.0797,0.3361,0.0788,MEDIUM
VM_003,1378888200,3.0667,2.8366,2.9409,2.8867,2.8815,2.9303,2.7246,2.8694,3.0135,0.074,0.3333,0.0769,MEDIUM
VM_003,1378888500,3.0333,2.8251,2.9209,2.8378,2.8397,2.8613,2.6001,2.8151,2.98,0.0976,0.3358,0.088,MEDIUM
VM_003,1378888800,3.4333,2.8696,2.9858,2.9186,2.8508,2.8476,2.6457,2.848,2.9858,0.0995,0.3358,0.0833,MEDIUM
VM_003,1378889100,3.0333,2.7812,2.9349,2.8808,2.7877,2.8018,2.6235,2.7918,2.9349,0.0909,0.3313,0.0793,MEDIUM
VM_003,1378889400,3.1333,2.6271,2.8479,2.8364,2.6895,2.7037,2.6445,2.7196,2.8479,0.0748,0.2922,0.0636,MEDIUM
VM_003,1378889700,3.4667,2.7846,2.9678,2.9205,2.7585,2.7659,2.627,2.7931,2.9678,0.1024,0.2153,0.0679,MEDIUM
VM_003,1378890000,3.0667,2.6797,2.8011,2.7238,2.5226,2.5257,2.4753,2.5949,2.8011,0.1017,0.2132,0.0659,MEDIUM
VM_003,1378890300,3.0333,2.7241,2.9124,2.8715,2.7811,2.8006,2.6936,2.8032,2.9124,0.072,0.2089,0.0527,MEDIUM
VM_003,1378890600,3.4,2.7967,2.9358,2.8713,2.7918,2.8083,2.6607,2.8141,2.9358,0.0822,0.1777,0.0553,MEDIUM
VM_003,1378890900,3.0333,2.792,2.9123,2.8295,2.7932,2.8224,2.6628,2.7984,2.9123,0.07,0.1804,0.0527,MEDIUM
VM_003,1378891200,3.3,2.8449,2.9086,2.7981,2.9058,2.8534,2.6199,2.8264,2.9395,0.0924,0.1818,0.0611,MEDIUM
VM_003,1378891500,3.7667,2.8413,2.9531,2.891,2.8167,2.7275,2.5556,2.7787,2.9531,0.123,0.2135,0.0744,MEDIUM
VM_003,1378891800,3.4,2.7221,2.8986,2.8777,2.7805,2.7288,2.5791,2.7559,2.8986,0.1007,0.2132,0.0651,MEDIUM
VM_003,1378892100,3.2667,2.8606,3.0434,3.0141,2.9342,2.8914,2.6773,2.8988,3.0434,0.1123,0.2076,0.0699,MEDIUM
VM_003,1378892400,3.4,2.6984,2.8891,2.8908,2.7704,2.7444,2.6013,2.7718,2.9079,0.1008,0.2063,0.0627,MEDIUM
VM_003,1378892700,3.0667,2.8578,2.9815,2.9349,2.8491,2.8544,2.6099,2.8394,2.9815,0.1023,0.2074,0.0706,MEDIUM
VM_003,1378893000,3.1667,2.9087,3.0641,3.0169,2.9258,2.8771,2.6135,2.894,3.0641,0.1273,0.2059,0.0797,MEDIUM
VM_003,1378893300,3.4667,2.9003,2.9599,2.8952,2.8257,2.7547,2.497,2.7882,2.9599,0.1372,0.2086,0.0815,MEDIUM
VM_003,1378893600,3.0,2.8248,2.9616,2.9097,2.8549,2.848,2.6328,2.8356,2.9616,0.0955,0.2102,0.0659,MEDIUM
VM_003,1378893900,3.0,2.8472,2.9568,2.8712,2.9022,2.8747,2.655,2.8569,2.9854,0.0918,0.2102,0.066,MEDIUM
VM_003,1378894200,3.4333,2.988,3.0405,2.9209,2.9357,2.9305,2.7613,2.9251,3.0405,0.0717,0.2051,0.0593,MEDIUM
VM_003,1378894500,3.1667,2.8952,3.0254,2.9445,2.9061,2.9331,2.8161,2.9158,3.0254,0.0538,0.2055,0.0511,MEDIUM
VM_003,1378894800,3.0667,2.9313,2.9885,2.8756,2.9753,3.018,2.9292,2.9698,3.0513,0.0512,0.2074,0.0474,MEDIUM
VM_003,1378895100,3.5,2.9267,3.0595,2.9899,2.8696,2.9258,2.8467,2.9253,3.0595,0.0608,0.2118,0.0533,MEDIUM
VM_003,1378895400,3.0667,2.8869,3.0082,2.9321,2.8801,2.9639,2.8874,2.925,3.0082,0.0483,0.2118,0.0466,MEDIUM
VM_003,1378895700,3.0333,2.9968,3.033,2.913,2.955,3.0296,2.8861,2.9709,3.0347,0.0526,0.2118,0.0448,MEDIUM
VM_003,1378896000,3.4333,3.1033,3.1275,3.0103,2.9442,2.9783,2.8886,2.9911,3.1275,0.0654,0.2118,0.0554,MEDIUM
VM_003,1378896300,3.3,2.9984,3.0555,2.9498,2.9783,3.0267,2.9118,2.9883,3.0882,0.0527,0.2076,0.0475,MEDIUM
VM_003,1378896600,3.9667,2.823,2.936,2.8469,2.8982,2.9385,2.8429,2.9022,3.0018,0.0516,0.2523,0.0535,MEDIUM
VM_003,1378896900,4.2333,3.12,3.1471,3.0159,3.0645,3.0316,2.7974,3.0227,3.1471,0.0921,0.3168,0.082,MEDIUM
VM_003,1378897200,3.6333,2.6382,2.8731,2.8492,2.8036,3.0775,3.5523,3.0181,3.6459,0.3161,0.3186,0.1601,MEDIUM
VM_003,1378897500,3.3667,2.965,3.1129,3.0281,3.0322,3.0439,2.8696,3.0174,3.1362,0.0684,0.3119,0.0716,MEDIUM
VM_003,1378897800,3.8667,2.9992,3.112,3.0343,3.0005,3.0443,2.9394,3.0255,3.112,0.0481,0.3291,0.0626,MEDIUM
VM_003,1378898100,3.5667,2.9948,3.17,3.1263,3.0169,3.0959,3.1613,3.0932,3.2758,0.084,0.3231,0.0803,MEDIUM
VM_003,1378898400,3.5,3.0863,3.1701,3.0715,3.1267,3.1478,3.0799,3.1214,3.2275,0.0526,0.3232,0.0626,MEDIUM
VM_003,1378898700,3.9,3.2545,3.2668,3.1407,3.1077,3.1696,3.1189,3.1574,3.2668,0.0678,0.3308,0.0679,MEDIUM
VM_003,1378899000,3.4667,3.1663,3.21,3.109,3.1595,3.1682,3.0807,3.1455,3.2152,0.0474,0.331,0.0592,MEDIUM
VM_003,1378899300,3.4333,3.1777,3.1821,3.0683,3.1918,3.1944,3.0291,3.15,3.2659,0.0661,0.3295,0.0703,MEDIUM
VM_003,1378899600,3.7333,3.1571,3.1472,3.0358,3.09,3.0641,2.9491,3.0733,3.1571,0.0533,0.3357,0.0677,MEDIUM
VM_003,1378899900,3.4,3.0684,3.1235,3.0419,3.1859,3.136,2.9794,3.106,3.2129,0.0615,0.3267,0.0695,MEDIUM
VM_003,1378900200,3.3333,3.0571,3.1092,2.9959,3.132,3.0953,2.9237,3.0696,3.1817,0.0637,0.3223,0.0719,MEDIUM
VM_003,1378900500,3.4,3.1115,3.1529,3.0516,3.1072,3.0643,2.9243,3.0746,3.1529,0.0567,0.3224,0.0684,MEDIUM
VM_003,1378900800,3.1333,3.0438,3.1661,3.0942,3.0698,3.1495,3.1447,3.1162,3.2596,0.0679,0.3154,0.0711,MEDIUM
VM_003,1378901100,3.0,3.091,3.203,3.1075,3.1245,3.1446,3.0325,3.1283,3.2051,0.0514,0.3154,0.0609,MEDIUM
VM_003,1378901400,3.6,2.5109,2.6221,2.5765,2.3522,2.3627,2.4065,2.4494,2.6221,0.0902,0.3167,0.0726,MEDIUM
VM_003,1378901700,3.2333,2.8749,2.9541,2.8926,2.8385,2.8267,2.6906,2.8329,2.9541,0.0693,0.3143,0.0715,MEDIUM
VM_003,1378902000,3.1,2.4242,2.5731,2.5223,2.3794,2.3902,2.3827,2.4386,2.5731,0.0639,0.3125,0.0659,MEDIUM
VM_003,1378902300,3.4333,2.8077,2.9433,2.8269,3.0336,2.6603,2.5364,2.7887,3.0336,0.1622,0.3125,0.0989,MEDIUM
VM_003,1378902600,3.0667,2.6099,2.8986,2.8804,3.2802,2.6892,2.5323,2.844,3.2802,0.246,0.3125,0.1285,MEDIUM
VM_003,1378902900,3.1667,2.4493,2.7206,2.6995,2.8979,2.4469,2.3598,2.6196,2.9568,0.2043,0.3056,0.1116,MEDIUM
VM_011,1378604100,2.0,1.797,1.8187,1.7272,1.802,2.3324,1.7053,1.9616,2.3324,0.2029,15.0819,0.6742,HIGH
VM_011,1378604400,2.0,1.7036,1.6485,1.6546,1.8719,2.2781,1.6436,1.9184,2.2781,0.2187,15.0776,0.675,HIGH
VM_011,1378604700,2.0,1.7044,1.4743,1.7487,1.8498,1.6272,1.1754,1.6855,2.0648,0.234,15.0776,0.7052,HIGH
VM_011,1378605000,2.0,1.7865,1.6985,1.7795,1.7217,1.5912,1.3962,1.6976,1.9509,0.1387,15.0776,0.6656,HIGH
VM_011,1378605300,1.6667,1.4587,1.4363,1.3755,1.8809,1.9,1.8569,1.7395,2.0022,0.2163,15.083,0.6741,HIGH
VM_011,1378605600,1.6,1.847,1.818,1.4585,1.9103,2.1406,1.9545,1.9136,2.1721,0.1948,15.0896,0.6844,HIGH
VM_011,1378605900,1.5333,1.8282,2.0081,1.4953,1.9625,2.2839,1.6791,1.983,2.3084,0.2457,15.0972,0.6961,HIGH
VM_011,1378606200,1.8,1.7067,2.0295,1.5136,2.1048,2.4151,1.4099,2.0441,2.6197,0.3601,15.0972,0.7431,HIGH
VM_011,1378606500,1.6667,1.9613,2.5856,1.6671,1.988,2.6574,0.9002,2.1245,3.2442,0.5781,15.1026,0.8772,HIGH
VM_011,1378606800,2.0,1.7865,2.3591,1.6302,1.9592,2.384,0.9116,2.0019,2.945,0.486,15.1015,0.8405,HIGH
VM_011,1378607100,1.8,2.6153,1.9698,0.9776,2.0469,1.2842,1.3838,1.7954,2.6153,0.4599,12.762,0.7937,HIGH
VM_011,1378607400,1.8667,3.139,2.1812,0.9708,2.1363,1.1679,1.9205,1.9347,3.139,0.5367,7.7807,0.8564,HIGH
VM_011,1378607700,1.8,2.0811,1.8432,1.8505,2.3155,1.4929,2.6158,2.1018,2.6467,0.3396,0.1541,0.1562,MEDIUM
VM_011,1378608000,2.0,1.3767,1.6117,1.7265,2.0298,1.6733,1.9065,1.6825,2.0298,0.2076,0.1541,0.1125,MEDIUM
VM_011,1378608300,1.8,1.7193,1.7368,2.373,1.9957,2.2387,1.6171,1.9116,2.373,0.2663,0.1531,0.1241,MEDIUM
VM_011,1378608600,2.0,2.2152,1.6624,2.1115,2.2018,2.4159,1.4503,1.9897,2.4159,0.2897,0.1531,0.1338,MEDIUM
VM_011,1378608900,1.9333,2.6317,1.6696,1.8962,2.4469,2.4487,1.8308,2.1154,2.6317,0.3399,0.1514,0.1429,MEDIUM
VM_011,1378609200,2.0,2.7211,1.8781,1.8754,2.3538,2.3305,1.8591,2.1027,2.7211,0.3013,0.1514,0.1465,MEDIUM
VM_011,1378609500,2.0,1.981,1.8896,1.742,1.9217,1.7163,1.5312,1.7584,1.981,0.1232,0.1514,0.0726,MEDIUM
VM_011,1378609800,2.0,1.8029,1.7998,1.7146,1.8565,1.569,1.4672,1.6633,1.8565,0.1089,0.1531,0.0657,MEDIUM
VM_011,1378610100,2.0,1.9628,1.8475,1.8164,1.7986,1.6636,1.6548,1.7337,1.9628,0.1002,0.1482,0.0585,MEDIUM
VM_011,1378610400,2.0,1.739,1.6835,1.7616,1.7227,1.676,1.5845,1.6853,1.8332,0.0763,0.1496,0.049,MEDIUM
VM_011,1378610700,2.0,2.071,1.8039,1.7573,1.8421,1.9097,1.9029,1.87,2.071,0.1254,0.1496,0.0716,MEDIUM
VM_011,1378611000,2.0,2.0183,1.7723,1.7993,1.788,1.8959,1.906,1.8711,2.0183,0.1124,0.1496,0.0626,MEDIUM
VM_011,1378611300,2.0667,1.8976,1.6976,1.8503,1.7998,1.8267,1.6508,1.8152,1.9704,0.1002,0.1523,0.0594,MEDIUM
VM_011,1378611600,2.0,1.9218,1.7201,1.8649,1.9076,1.9159,1.6176,1.8654,2.0702,0.1263,0.1523,0.0731,MEDIUM
VM_011,1378611900,2.0,1.8995,1.6983,1.7498,1.8492,1.8658,1.5824,1.8031,1.9932,0.1158,0.1523,0.0681,MEDIUM
VM_011,1378612200,2.0,1.7295,1.5984,1.6406,1.7616,1.7603,1.4784,1.6889,1.8681,0.1063,0.1523,0.0656,MEDIUM
VM_011,1378612500,2.0,1.8665,1.7226,1.7536,1.8729,1.8918,1.5635,1.8109,1.9784,0.1104,0.1454,0.0677,MEDIUM
VM_011,1378612800,2.0,1.9592,1.7622,1.7652,1.8466,1.9146,1.6387,1.8296,1.9611,0.1021,0.1303,0.0549,MEDIUM
VM_011,1378613100,2.0,1.9149,1.771,1.7792,1.794,1.8116,1.617,1.7834,1.9149,0.0786,0.1002,0.0481,MEDIUM
VM_011,1378613400,2.0,1.8983,1.7984,1.8856,1.8131,1.7984,1.7129,1.8146,1.8983,0.0461,0.0956,0.0342,MEDIUM
VM_011,1378613700,1.8,1.8873,1.9918,2.0269,1.7786,1.8381,1.8147,1.8789,2.0269,0.0911,0.0809,0.0418,MEDIUM
VM_011,1378614000,2.0,1.9717,2.103,2.1599,1.7506,1.925,2.3708,2.0414,2.5302,0.235,0.0809,0.1068,MEDIUM
VM_011,1378614300,2.0,1.0909,1.1422,1.3146,1.8055,3.2643,6.1146,2.6002,6.1146,1.6619,0.0735,0.4094,HIGH
VM_011,1378614600,1.8667,1.2283,1.2434,1.4168,1.9526,3.5631,6.1191,2.7654,6.1191,1.6422,0.0735,0.4094,HIGH
VM_011,1378614900,2.0,1.8983,1.5174,1.6615,2.1932,3.2022,2.9471,2.3932,3.2448,0.6204,0.0642,0.2125,HIGH
VM_011,1378615200,2.0,2.0972,1.5471,1.7211,3.5537,4.0142,2.1163,2.8224,4.6863,1.0021,0.0642,0.3795,HIGH
VM_011,1378615500,2.0,2.0091,1.9411,2.4224,3.9612,3.493,1.4399,2.856,4.4006,0.924,0.0519,0.3568,HIGH
VM_011,1378615800,2.0,1.8204,2.0544,2.7186,3.9577,2.9955,1.092,2.7312,3.9577,0.8859,0.0519,0.3456,HIGH
VM_011,1378616100,2.0,1.5432,2.0239,2.9106,3.9809,2.6946,1.3497,2.6711,3.9809,0.8089,0.0508,0.3177,HIGH
VM_011,1378616400,2.0,1.5615,2.1973,3.0369,3.754,2.437,1.3133,2.5824,3.754,0.764,0.0508,0.2952,HIGH
VM_011,1378616700,2.0,3.2559,3.168,3.304,3.0781,2.1072,1.8632,2.6497,3.3071,0.5696,0.0508,0.1773,HIGH
VM_011,1378617000,2.0,3.8018,3.632,3.3935,2.7409,1.7829,2.0775,2.61,3.8018,0.7517,0.0508,0.251,HIGH
VM_011,1378617300,2.0,4.1335,3.8028,3.4223,2.7015,1.7253,2.2031,2.6404,4.1335,0.837,0.0508,0.3033,HIGH
VM_011,1378617600,9.4667,5.4891,3.6073,2.3448,1.6221,1.2275,1.1464,2.0579,5.4891,1.2592,1.5273,0.596,HIGH
VM_011,1378617900,2.4,2.2461,1.9264,2.271,1.9884,1.7822,2.2077,2.0203,2.271,0.1895,1.5261,0.26,HIGH
VM_011,1378618200,2.0,1.801,1.704,1.7706,1.7497,2.085,1.867,1.8395,2.098,0.1685,1.5261,0.2675,HIGH
VM_011,1378618500,2.0,1.8877,1.7192,1.6778,1.9064,2.2872,1.7528,1.9364,2.2872,0.2014,1.5266,0.268,HIGH
VM_011,1378618800,2.0,1.8441,1.8697,1.7197,1.5915,2.0809,1.9837,1.8022,2.0809,0.1631,1.5266,0.2574,HIGH
VM_011,1378619100,2.0,1.9751,2.0759,1.8781,2.0474,2.0747,1.6493,1.9726,2.1881,0.1356,1.5266,0.2596,HIGH
VM_011,1378619400,1.9333,2.0585,2.1159,1.794,2.2227,2.107,1.8204,2.0604,2.2227,0.1361,1.5273,0.2467,HIGH
VM_011,1378619700,2.0,1.8507,1.7088,1.5782,1.8417,1.7115,1.6057,1.6982,1.8507,0.0775,1.5273,0.2282,HIGH
VM_011,1378620000,2.0,1.7064,1.8742,1.9195,1.9191,1.7215,1.7803,1.8203,1.9473,0.0945,1.5273,0.2264,HIGH
VM_011,1378620300,2.0,1.8331,1.9157,1.97,1.9485,1.7673,1.9393,1.8871,2.102,0.1073,1.5273,0.2428,HIGH
VM_011,1378620600,2.0,1.8808,1.8508,1.8492,1.888,1.7637,1.7525,1.8208,1.9348,0.058,1.5273,0.219,HIGH
VM_011,1378620900,2.0,1.8071,1.8074,1.8372,1.8941,1.7949,1.7038,1.82,1.921,0.0605,1.5249,0.2214,HIGH
VM_011,1378621200,2.0,2.0075,1.91,1.915,1.699,1.7725,2.1024,1.8762,2.1024,0.1402,1.5249,0.2473,HIGH
VM_011,1378621500,1.7333,1.8644,1.7963,1.7959,1.9127,1.8456,1.6069,1.8326,2.0763,0.1048,1.5283,0.2517,HIGH
VM_011,1378621800,1.8,1.8798,1.8164,1.8425,1.9229,1.7967,1.4686,1.8093,2.0393,0.1315,1.5292,0.2637,HIGH
VM_011,1378622100,2.0,1.9083,1.8168,1.8032,1.9601,1.8477,1.5261,1.8329,2.074,0.1287,1.5292,0.261,HIGH
VM_011,1378622400,2.0,1.9239,1.8231,1.7402,1.6121,1.632,1.5471,1.6898,1.9239,0.108,1.5292,0.2408,HIGH
VM_011,1378622700,2.0,1.8445,1.8065,1.7912,1.9704,1.8504,1.4615,1.8066,2.051,0.1552,1.5292,0.266,HIGH
VM_011,1378623000,1.7333,1.8895,1.8764,1.8824,1.984,1.887,1.5651,1.858,2.026,0.1281,1.5325,0.2512,HIGH
VM_011,1378623300,1.9333,1.7184,1.8197,1.9152,1.9587,1.924,1.6349,1.8608,2.072,0.1229,1.5331,0.2484,HIGH
VM_011,1378623600,2.0,1.7074,1.8104,1.8873,1.9121,1.9506,1.6736,1.8626,2.1089,0.114,1.5331,0.2482,HIGH
VM_011,1378623900,2.0,1.6805,1.6677,1.6885,1.6824,1.7361,1.6273,1.6953,1.806,0.0459,1.5331,0.2179,HIGH
VM_011,1378624200,2.0,1.7509,1.7743,1.8097,1.6685,1.7015,1.6281,1.7257,1.8097,0.0529,1.5331,0.2182,HIGH
VM_011,1378624500,1.3333,1.7168,1.7128,1.7351,1.8106,1.7695,1.5574,1.7455,1.9149,0.0788,1.5446,0.2405,HIGH
VM_011,1378624800,1.6,1.8578,1.6672,1.648,1.7069,1.7145,2.1824,1.7803,2.1824,0.1613,0.1931,0.0932,MEDIUM
VM_011,1378625100,2.0,1.6723,1.6431,1.7824,1.6519,1.9088,2.2912,1.8258,2.2912,0.2238,0.1668,0.1004,MEDIUM
VM_011,1378625400,2.0,1.6486,1.7454,1.893,1.7487,1.9427,2.0574,1.8554,2.073,0.1478,0.1668,0.0716,MEDIUM
VM_011,1378625700,2.0,1.8525,1.9059,1.9884,1.8294,2.0975,1.8906,1.9566,2.184,0.1282,0.1668,0.0684,MEDIUM
VM_011,1378626000,2.0,1.8578,1.8159,1.8636,1.8463,2.0661,1.7454,1.8996,2.1175,0.1327,0.1668,0.0676,MEDIUM
VM_011,1378626300,2.0,1.9362,1.7984,1.7731,1.6917,1.7262,1.5651,1.7366,1.9362,0.091,0.1668,0.0653,MEDIUM
VM_011,1378626600,2.0,1.8181,1.7179,1.7199,1.7545,1.6594,1.4551,1.6859,1.8181,0.0905,0.1676,0.0644,MEDIUM
VM_011,1378626900,2.0,1.6619,1.6612,1.6979,1.6722,1.7174,1.5629,1.6719,1.7649,0.0513,0.1676,0.0454,MEDIUM
VM_011,1378627200,2.2,1.7902,1.8195,1.9161,1.7502,1.6661,1.7738,1.7708,1.9161,0.08,0.1764,0.0557,MEDIUM
VM_011,1378627500,1.6667,1.7196,1.7316,1.9447,1.7259,1.6664,1.7503,1.7612,1.9447,0.089,0.1836,0.0566,MEDIUM
VM_011,1378627800,2.0,1.8967,1.928,2.1994,1.9004,1.7755,1.8722,1.9255,2.1994,0.1203,0.1836,0.0737,MEDIUM
VM_011,1378628100,2.0,2.13,2.1389,2.3587,2.0665,1.9891,2.0075,2.1061,2.3587,0.1161,0.1836,0.0697,MEDIUM
VM_011,1378628400,2.0,2.2254,2.2356,2.4108,2.1731,2.1667,2.0906,2.2186,2.4108,0.0947,0.1836,0.064,MEDIUM
VM_011,1378628700,2.0,1.755,1.9164,1.8278,2.0657,2.1336,1.9228,1.992,2.2598,0.1329,0.1801,0.0828,MEDIUM
VM_011,1378629000,2.0,1.7676,1.862,1.7619,2.0288,2.1059,1.8939,1.9538,2.2138,0.1296,0.1785,0.0763,MEDIUM
VM_011,1378629300,1.8667,1.8616,1.745,1.8424,1.9506,2.0512,1.9461,1.9323,2.0633,0.1015,0.1785,0.0606,MEDIUM
VM_011,1378629600,2.0,1.9138,1.8062,1.9242,1.993,2.0965,1.9988,1.9928,2.1538,0.0973,0.1785,0.064,MEDIUM
VM_011,1378629900,2.0,1.9517,1.8206,1.9626,2.0044,2.0963,2.0297,2.0046,2.1399,0.0889,0.1785,0.0607,MEDIUM
VM_011,1378630200,2.0,1.9509,1.8356,1.9601,2.0121,2.0373,1.993,1.9814,2.0772,0.0654,0.174,0.0509,MEDIUM
VM_011,1378630500,2.0,1.9815,1.9239,2.0597,2.0432,2.046,2.0284,2.0216,2.0767,0.0406,0.1744,0.0404,MEDIUM
VM_011,1378630800,2.0,2.0535,1.9211,2.0659,2.0208,2.0496,1.9964,2.0165,2.0668,0.0433,0.1744,0.0396,MEDIUM
VM_011,1378631100,2.0,2.0148,1.9182,2.0647,2.0016,2.0152,1.9566,2.0007,2.0647,0.0385,0.1744,0.0397,MEDIUM
VM_011,1378631400,2.0,1.9241,1.8933,2.0538,1.971,1.9547,1.9879,1.9653,2.0538,0.049,0.1744,0.0424,MEDIUM
VM_011,1378631700,2.0,1.9691,1.9518,2.0943,1.9953,1.9505,1.9126,1.9808,2.0943,0.047,0.1162,0.0364,MEDIUM
VM_011,1378632000,2.0,1.9013,1.8432,1.9966,1.9059,1.943,2.1761,1.9573,2.1761,0.1149,0.0849,0.0575,MEDIUM
VM_011,1378632300,2.0,1.9002,1.8396,1.9723,1.9747,2.0536,2.0361,1.9803,2.0617,0.066,0.0849,0.0372,MEDIUM
VM_011,1378632600,2.0,1.9119,1.8556,1.9662,1.9614,2.0519,2.0391,1.9817,2.0847,0.0641,0.0849,0.038,MEDIUM
VM_011,1378632900,2.0,1.8489,1.7757,1.8567,1.9349,2.0472,2.0047,1.9416,2.0797,0.0964,0.0849,0.0468,MEDIUM
VM_011,1378633200,2.0,1.8765,1.8073,1.8726,1.9749,2.097,2.0441,1.9816,2.1361,0.1065,0.0849,0.0498,MEDIUM
VM_011,1378633500,2.0,1.8871,1.9352,2.015,1.9855,1.9892,2.0456,1.9922,2.0974,0.0527,0.0849,0.0358,MEDIUM
VM_011,1378633800,2.0,1.8781,1.9423,2.0437,1.9906,1.9591,1.9809,1.9854,2.0559,0.0502,0.0849,0.0319,MEDIUM
VM_011,1378634100,2.0,1.9092,1.9239,2.0502,1.968,1.9331,1.9436,1.9652,2.0502,0.0505,0.0849,0.0276,LOW
VM_011,1378634400,2.0,1.9551,1.9443,2.0968,1.9547,1.8773,1.8771,1.9421,2.0968,0.0736,0.0722,0.0378,MEDIUM
VM_011,1378634700,2.0,1.9637,1.92,2.1028,1.9653,1.9027,1.9058,1.9581,2.1028,0.0584,0.0272,0.028,LOW
VM_011,1378635000,2.0,1.9098,1.846,1.9817,1.9234,1.8981,1.8637,1.9088,1.9817,0.0338,0.0272,0.0195,LOW
VM_011,1378635300,2.0,1.8704,1.7987,1.869,1.9137,1.9235,1.8873,1.8912,1.9775,0.0575,0.0272,0.0246,LOW
VM_011,1378635600,2.0,1.9023,1.8439,1.9119,1.9894,1.993,1.9229,1.9482,2.0673,0.0622,0.0272,0.0299,MEDIUM
VM_011,1378635900,2.0,1.9403,1.9359,1.9599,1.9917,2.0413,1.9488,1.9951,2.0916,0.0544,0.0272,0.0229,LOW
VM_011,1378636200,2.0,1.8964,1.9237,1.9601,1.9698,1.9641,1.8664,1.9568,2.0451,0.0438,0.0272,0.0246,LOW
VM_011,1378636500,2.0,1.8509,1.8884,1.9487,1.9407,1.9226,1.8593,1.9277,2.0009,0.0425,0.0,0.0177,LOW
VM_011,1378636800,2.0,1.7388,1.9211,1.9644,1.9754,1.9628,2.0268,1.9652,2.1091,0.088,0.0,0.0438,MEDIUM
VM_011,1378637100,2.0,1.7823,1.8881,1.9903,2.0641,2.0397,2.1522,2.0294,2.253,0.1178,0.0,0.0557,MEDIUM
VM_011,1378637400,2.0,1.831,1.8863,2.025,2.1183,2.1319,2.2697,2.09,2.3674,0.1471,0.0,0.0634,MEDIUM
VM_011,1378637700,2.0,1.9099,1.968,2.1399,2.1647,2.1363,2.2826,2.1329,2.3665,0.1172,0.0,0.054,MEDIUM
VM_011,1378638000,2.0,1.8919,1.97,2.1597,2.1753,2.1398,2.2918,2.1372,2.3787,0.1238,0.0,0.0576,MEDIUM
VM_011,1378638300,2.0,1.8502,1.9467,2.0757,1.8778,1.971,2.2694,1.9997,2.2694,0.113,0.0,0.0496,MEDIUM
VM_011,1378638600,2.0,1.7696,1.8432,1.9587,1.8258,1.9151,2.1837,1.9287,2.1837,0.1116,0.0,0.049,MEDIUM
VM_011,1378638900,2.0,1.8839,1.7577,1.8555,1.8858,1.9074,2.0822,1.8992,2.0822,0.0771,0.0,0.0384,MEDIUM
VM_011,1378639200,2.0,1.7519,1.6928,1.7966,1.8409,1.8622,1.9678,1.837,1.9678,0.0732,0.0,0.0325,MEDIUM
VM_011,1378639500,2.0,1.9298,1.9263,2.0024,1.9398,1.883,2.0442,1.9454,2.0442,0.075,0.0,0.0271,LOW
VM_011,1378639800,2.0,2.1382,2.1124,2.1857,2.0709,1.9511,2.0898,2.0688,2.2145,0.1149,0.0,0.0469,MEDIUM
VM_011,1378640100,2.0,2.273,2.0524,2.0968,2.0846,1.9291,2.0759,2.0491,2.273,0.1218,0.0,0.0606,MEDIUM
VM_011,1378640400,2.0,2.2525,1.9879,2.0332,2.013,1.8903,2.0151,2.0031,2.2525,0.1079,0.0,0.0565,MEDIUM
VM_011,1378640700,2.0,1.9689,1.8768,1.9567,1.9466,1.8519,1.9623,1.9252,2.011,0.0592,0.0,0.0241,LOW
VM_011,1378641000,2.0,1.9741,1.8857,1.9398,1.9428,1.8475,1.9388,1.9177,1.9989,0.0545,0.0,0.0225,LOW
VM_011,1378641300,2.0,2.0581,1.8797,1.8465,1.8896,1.8426,1.9145,1.8874,2.0581,0.0608,0.0,0.0301,MEDIUM
VM_011,1378641600,2.0,2.0176,1.8632,1.8207,1.8337,1.7967,1.861,1.8508,2.0176,0.0629,0.0,0.0313,MEDIUM
VM_011,1378641900,2.0,2.0444,1.8749,1.7866,1.8169,1.8012,1.8561,1.8454,2.0444,0.0721,0.0,0.0331,MEDIUM
VM_011,1378642200,2.0,2.0755,1.8857,1.7906,1.8102,1.7941,1.9275,1.8614,2.0755,0.088,0.0,0.0343,MEDIUM
VM_011,1378642500,2.0,2.0277,1.8918,1.8223,1.8091,1.7998,1.9785,1.8784,2.03,0.0875,0.0,0.0288,LOW
VM_011,1378642800,2.0,2.0024,1.9262,1.8765,1.8743,1.8556,1.9855,1.921,2.0571,0.0636,0.0,0.0252,LOW
VM_011,1378643100,2.0,1.934,1.8778,1.8974,1.8502,1.8616,2.0336,1.9086,2.0613,0.0703,0.0,0.0296,MEDIUM
VM_011,1378643400,2.0,1.9513,1.9114,1.9381,1.8684,1.883,2.1011,1.9462,2.1262,0.0836,0.0,0.0343,MEDIUM
VM_011,1378643700,2.0,1.9439,1.8806,1.8977,1.8315,1.8337,2.0538,1.907,2.074,0.0799,0.0,0.0315,MEDIUM
VM_011,1378644000,2.0,1.9794,2.0311,2.033,1.995,1.8828,2.0083,1.993,2.0874,0.0632,0.0,0.0242,LOW
VM_011,1378644300,2.0,1.8146,1.9347,1.9173,1.9004,1.8472,1.8784,1.9046,2.0333,0.0677,0.0,0.0259,LOW
VM_011,1378644600,2.0,1.7936,1.8662,1.8081,1.8224,1.8846,1.8331,1.8689,1.9851,0.0547,0.0,0.0227,LOW
VM_011,1378644900,2.0,1.8515,1.9821,1.8205,1.9726,2.1155,1.9339,1.9896,2.1344,0.0978,0.0,0.0371,MEDIUM
VM_011,1378645200,2.0,1.7927,1.9232,1.7833,1.8745,1.9913,1.8527,1.9054,2.0264,0.0761,0.0,0.0288,LOW
VM_011,1378645500,2.0,1.5946,1.9148,2.0592,1.8701,1.6231,1.8239,1.8145,2.0592,0.1436,0.0,0.0549,MEDIUM
VM_011,1378645800,2.0,1.5138,1.7854,1.9407,1.7231,1.5294,1.7523,1.6918,1.9407,0.1199,0.0,0.0505,MEDIUM
VM_011,1378646100,2.0,1.557,1.8065,1.9156,1.7653,1.5975,1.7513,1.7162,1.9156,0.1014,0.0,0.0428,MEDIUM
VM_011,1378646400,1.7333,1.5137,1.7327,1.8131,1.6753,1.5562,1.8605,1.6691,1.8605,0.0995,0.0544,0.048,MEDIUM
VM_011,1378646700,1.6667,1.6641,1.8863,1.9551,1.6054,1.6938,1.8777,1.7566,1.9551,0.1252,0.0853,0.0595,MEDIUM
VM_011,1378647000,1.5333,1.8637,2.1035,2.142,1.8393,1.8435,1.9884,1.9353,2.142,0.1197,0.1238,0.0674,MEDIUM
VM_011,1378647300,2.0,2.1193,2.219,2.0893,1.6983,1.8425,1.9137,1.9147,2.219,0.1596,0.1238,0.0821,MEDIUM
VM_011,1378647600,2.0,2.0387,2.1274,2.0299,1.6618,1.7454,1.8339,1.845,2.1274,0.1487,0.1238,0.076,MEDIUM
VM_011,1378647900,1.9333,1.8308,1.9582,1.9391,1.8,1.6917,1.7283,1.8011,1.9582,0.0898,0.1235,0.0519,MEDIUM
VM_011,1378648200,2.0,1.8722,1.9656,1.9354,1.8038,1.7197,1.7506,1.8148,1.9656,0.0814,0.1235,0.0493,MEDIUM
VM_011,1378648500,2.0,1.8649,2.0093,1.9808,1.8503,1.7311,1.7533,1.8367,2.0093,0.0962,0.1235,0.0541,MEDIUM
VM_011,1378648800,2.0,1.8479,1.9582,1.9536,1.8236,1.7534,1.7357,1.8291,1.9582,0.0758,0.1235,0.0453,MEDIUM
VM_011,1378649100,4.8667,2.5979,2.2746,2.0925,1.8432,1.7723,1.6858,1.9375,2.5979,0.2552,0.6078,0.1859,HIGH
VM_011,1378649400,2.0,1.9664,2.0217,2.0183,1.9503,1.8418,1.8335,1.9165,2.0217,0.0778,0.6078,0.1029,MEDIUM
VM_011,1378649700,1.8667,2.0062,1.951,1.8817,1.9682,1.8837,1.7095,1.8803,2.0062,0.0794,0.6091,0.1133,MEDIUM
VM_011,1378650000,1.5333,1.9733,1.9739,1.9339,2.0069,1.8959,1.761,1.9153,2.0069,0.065,0.6187,0.1085,MEDIUM
VM_011,1378650300,2.0,1.9876,2.0132,1.9319,1.9839,1.9551,1.7913,1.9358,2.0132,0.0585,0.6187,0.1056,MEDIUM
VM_011,1378650600,2.0,1.8728,1.8793,1.8424,1.9605,1.8742,1.7123,1.8734,1.9605,0.0686,0.6187,0.1088,MEDIUM
VM_011,1378650900,2.0,1.9277,1.8931,1.8035,1.9824,1.9041,1.7551,1.8988,1.9976,0.0703,0.6187,0.1081,MEDIUM
VM_011,1378651200,2.0,1.8441,1.8494,1.8134,1.8957,1.8107,1.6576,1.823,1.9052,0.0663,0.6187,0.1087,MEDIUM
VM_011,1378651500,2.0,1.8839,1.9088,1.844,1.9356,1.9114,1.8236,1.8956,1.9769,0.0436,0.6187,0.0975,MEDIUM
VM_011,1378651800,2.0,1.9263,1.9299,1.8939,1.9645,1.8718,1.7707,1.8951,1.9645,0.0516,0.6187,0.1023,MEDIUM
VM_011,1378652100,1.8,1.8827,1.8513,1.754,1.835,1.7958,1.7742,1.8018,1.8827,0.0403,0.6207,0.0967,MEDIUM
VM_011,1378652400,2.0,1.9645,1.8999,1.7861,1.8967,1.8567,1.7976,1.8514,1.9645,0.0543,0.6207,0.1015,MEDIUM
VM_011,1378652700,1.8667,1.9196,1.8972,1.8751,1.8154,1.7735,1.834,1.8375,1.9196,0.0453,0.6217,0.0971,MEDIUM
VM_011,1378653000,2.0,1.8775,1.8796,1.8249,1.8001,1.7373,1.6858,1.7791,1.8796,0.0549,0.6217,0.1027,MEDIUM
VM_011,1378653300,2.0,1.9462,1.9498,1.9232,1.9199,1.8773,1.7891,1.887,1.9504,0.0507,0.6217,0.0989,MEDIUM
VM_011,1378653600,1.9333,1.8635,1.8392,1.8344,1.8811,1.8644,1.7472,1.8352,1.9327,0.0563,0.6188,0.1014,MEDIUM
VM_011,1378653900,1.4286,1.8194,1.7846,1.7706,1.9094,1.9894,1.9466,1.8938,2.0133,0.1002,0.6269,0.1158,MEDIUM
VM_011,1378654200,1.6,1.697,1.742,1.7485,1.8191,1.8345,1.6684,1.7722,1.8794,0.0669,0.6248,0.1051,MEDIUM
VM_011,1378654500,1.6,1.6649,1.7287,1.7536,1.7313,1.7441,1.7122,1.7305,1.8104,0.036,0.631,0.0982,MEDIUM
VM_011,1378654800,1.8667,1.7137,1.7825,1.7737,1.7617,1.7774,1.7172,1.7613,1.831,0.0332,0.6318,0.0955,MEDIUM
VM_011,1378655100,1.6667,2.0195,1.9931,1.8768,2.0256,1.9954,1.829,1.9576,2.0256,0.0604,0.6356,0.1048,MEDIUM
VM_011,1378655400,1.4667,2.0343,2.0544,1.9352,1.9854,1.937,1.8598,1.9565,2.0544,0.0503,0.6449,0.1058,MEDIUM
VM_011,1378655700,1.7333,2.0703,2.0675,1.9623,1.9979,1.9479,1.877,1.9731,2.0703,0.057,0.6468,0.1059,MEDIUM
VM_011,1378656000,1.8,1.7395,1.8728,1.8207,1.7678,1.7148,1.916,1.7952,1.9538,0.084,0.6476,0.1162,MEDIUM
VM_011,1378656300,2.0,1.8371,1.9164,1.8986,1.8796,1.7757,1.862,1.8571,1.9164,0.0397,0.1928,0.0414,MEDIUM
VM_011,1378656600,1.7333,1.8416,1.9487,1.9175,1.8251,1.7503,1.7997,1.8306,1.9487,0.0587,0.1909,0.0483,MEDIUM
VM_011,1378656900,2.0,1.8424,1.9458,1.9191,1.8096,1.7532,1.7814,1.8256,1.9458,0.0583,0.1939,0.0485,MEDIUM
VM_011,1378657200,1.2667,1.9915,2.0588,2.0219,1.8265,1.7716,1.7374,1.8536,2.0588,0.1089,0.2181,0.069,MEDIUM
VM_011,1378657500,1.5333,1.7455,1.8352,1.7923,1.7807,1.783,1.7277,1.7763,1.8352,0.0271,0.2224,0.0413,MEDIUM
VM_011,1378657800,1.6667,1.7203,1.8088,1.7314,1.7053,1.7167,1.64,1.7148,1.8088,0.0374,0.22,0.0482,MEDIUM
VM_011,1378658100,1.8667,1.7423,1.8275,1.7582,1.7303,1.7452,1.6537,1.7361,1.8275,0.0379,0.2161,0.0483,MEDIUM
VM_011,1378658400,1.6667,1.6425,1.7666,1.6899,1.6394,1.7428,1.8085,1.7194,1.8676,0.0722,0.2124,0.0542,MEDIUM
VM_011,1378658700,2.0,1.8444,2.02,1.9694,1.8992,1.845,1.7673,1.8808,2.02,0.0649,0.2124,0.0571,MEDIUM
VM_011,1378659000,2.0,1.8118,1.9387,1.9012,1.8095,1.8084,1.7218,1.8219,1.9387,0.0539,0.2124,0.0529,MEDIUM
VM_011,1378659300,2.0,1.8025,1.9439,1.9131,1.8029,1.8177,1.708,1.8214,1.9439,0.0611,0.2174,0.0558,MEDIUM
VM_011,1378659600,2.0,1.791,1.9117,1.8679,1.7609,1.7923,1.6821,1.7892,1.9117,0.0559,0.2174,0.0551,MEDIUM
VM_011,1378659900,2.0,1.84,1.9452,1.8947,1.8184,1.8468,1.6911,1.8313,1.9452,0.0622,0.2214,0.0585,MEDIUM
VM_011,1378660200,2.0,1.7861,1.8645,1.7872,1.7653,1.8585,1.6823,1.7901,1.8864,0.0582,0.2214,0.0526,MEDIUM
VM_011,1378660500,2.0,1.7971,1.8764,1.7979,1.7709,1.8784,1.7073,1.8054,1.899,0.0577,0.2214,0.0511,MEDIUM
VM_011,1378660800,2.0,1.7564,1.8733,1.8035,1.7555,1.8415,1.6799,1.7861,1.8759,0.0554,0.2238,0.0519,MEDIUM
VM_011,1378661100,2.0,1.7628,1.8877,1.8079,1.7595,1.848,1.6985,1.7953,1.8877,0.0525,0.2142,0.0499,MEDIUM
VM_011,1378661400,2.0,1.7691,1.8892,1.8096,1.775,1.8603,1.7004,1.8012,1.8892,0.0545,0.2126,0.0496,MEDIUM
VM_011,1378661700,2.0,1.8073,1.9285,1.8458,1.795,1.8906,1.7488,1.8358,1.9377,0.0551,0.2096,0.0492,MEDIUM
VM_011,1378662000,2.0,1.819,1.9463,1.8636,1.796,1.8983,1.7579,1.8465,1.9538,0.0575,0.212,0.0504,MEDIUM
VM_011,1378662300,2.0,1.8401,1.9666,1.8796,1.8106,1.8958,1.7241,1.85,1.9666,0.0626,0.2103,0.0557,MEDIUM
VM_011,1378662600,2.0,1.8582,1.9696,1.8747,1.8191,1.9451,1.7914,1.8763,1.9907,0.0618,0.1941,0.0485,MEDIUM
VM_011,1378662900,1.9333,1.8506,1.9904,1.8927,1.8091,1.9324,1.7793,1.8761,1.9966,0.0646,0.1915,0.0503,MEDIUM
VM_011,1378663200,2.0,1.8431,1.9476,1.836,1.7692,1.9318,1.7592,1.8472,2.0087,0.0758,0.1916,0.0541,MEDIUM
VM_011,1378663500,2.0,1.9025,2.0502,1.9727,1.8845,1.9768,1.8136,1.9288,2.0574,0.0714,0.1916,0.0534,MEDIUM
VM_011,1378663800,2.0,1.8576,1.977,1.8777,1.8513,1.9934,1.8142,1.8987,2.0548,0.0706,0.1891,0.0527,MEDIUM
VM_011,1378664100,2.0,1.8358,1.9383,1.8531,1.8173,1.9522,1.7815,1.8615,1.9738,0.0629,0.1891,0.0473,MEDIUM
VM_011,1378664400,2.0,1.835,1.9222,1.8293,1.8153,1.9485,1.771,1.8533,1.9738,0.0668,0.1299,0.0426,MEDIUM
VM_011,1378664700,2.0,1.7989,1.8854,1.7806,1.7625,1.9327,1.7686,1.8214,1.9493,0.077,0.0963,0.0425,MEDIUM
VM_011,1378665000,1.8667,1.7646,1.8629,1.7489,1.7227,1.8589,1.7108,1.7731,1.8753,0.0669,0.0759,0.0345,MEDIUM
VM_011,1378665300,2.0,1.7593,1.8657,1.7607,1.7085,1.8454,1.724,1.769,1.8657,0.0638,0.0727,0.0326,MEDIUM
VM_011,1378665600,2.0,1.7761,1.8227,1.6679,1.9581,2.165,1.5847,1.861,2.3199,0.2334,0.0299,0.0908,MEDIUM
VM_011,1378665900,2.0,1.5025,1.8506,1.9457,2.2482,2.016,1.6379,1.9357,2.2482,0.2362,0.0299,0.092,MEDIUM
VM_011,1378666200,2.0,1.5796,1.8897,1.9186,2.0604,1.9475,1.7669,1.8906,2.0604,0.1268,0.0299,0.0607,MEDIUM
VM_011,1378666500,1.8,1.5954,1.9178,1.9599,1.8784,1.8803,2.0474,1.8956,2.0819,0.1209,0.0491,0.0638,MEDIUM
VM_011,1378666800,2.0,1.6675,1.9286,1.9353,1.9088,1.8201,1.925,1.8663,1.9477,0.0827,0.0491,0.0394,MEDIUM
VM_011,1378667100,2.0,1.8061,1.8684,1.7908,1.8027,1.8719,1.7273,1.8115,1.9373,0.0611,0.0491,0.0332,MEDIUM
VM_011,1378667400,2.0,1.7351,1.8382,1.7893,1.7418,1.8018,1.7131,1.7642,1.8382,0.0441,0.0491,0.0233,LOW
VM_011,1378667700,2.0,1.8336,1.9209,1.8392,1.851,1.9099,1.7445,1.8513,1.9757,0.0633,0.0491,0.0336,MEDIUM
VM_011,1378668000,2.0,1.8638,1.937,1.8152,1.8416,1.9476,1.8054,1.8663,1.9808,0.0671,0.0491,0.035,MEDIUM
VM_011,1378668300,1.9333,1.9298,1.9865,1.8734,1.9736,2.0712,1.8917,1.9613,2.1065,0.079,0.05,0.0401,MEDIUM
VM_011,1378668600,2.0,2.0219,2.087,1.9558,2.0801,2.1066,1.8657,2.0281,2.159,0.0846,0.05,0.0411,MEDIUM
VM_011,1378668900,2.0,2.039,2.1024,1.9573,2.086,2.1165,1.8949,2.0364,2.1438,0.0767,0.05,0.0359,MEDIUM
VM_011,1378669200,2.0,2.0557,2.107,1.9645,2.1177,2.1905,1.9399,2.0771,2.2413,0.0966,0.05,0.0421,MEDIUM
VM_011,1378669500,2.0,2.0308,2.1084,1.9913,2.1927,2.1913,1.8796,2.0881,2.2693,0.1152,0.05,0.0525,MEDIUM
VM_011,1378669800,2.0,1.9936,2.0833,2.0533,2.4028,2.3454,1.7911,2.1731,2.5494,0.2342,0.05,0.0961,MEDIUM
VM_011,1378670100,2.0,1.9843,2.1077,2.0549,2.2729,2.1951,1.7815,2.1021,2.334,0.1646,0.0491,0.0716,MEDIUM
VM_011,1378670400,2.0,1.9566,2.0989,2.058,2.1154,2.0771,1.8304,2.0372,2.1612,0.0981,0.0491,0.0454,MEDIUM
VM_011,1378670700,2.0,1.9743,2.1166,2.0526,1.9699,1.9644,1.8933,1.9764,2.1166,0.0578,0.0491,0.0327,MEDIUM
VM_011,1378671000,2.0,2.0412,2.1434,2.0691,2.0092,1.9991,1.8812,2.0007,2.1434,0.0663,0.0491,0.0373,MEDIUM
VM_011,1378671300,2.0,2.0487,2.1274,2.0528,2.0063,1.9638,1.869,1.979,2.1274,0.0714,0.0491,0.0369,MEDIUM
VM_011,1378671600,2.0,2.0042,2.0459,1.9904,1.845,1.9837,2.2417,1.9853,2.2417,0.1447,0.0491,0.0574,MEDIUM
VM_011,1378671900,1.8,1.8777,2.2089,2.1675,1.8971,2.7274,4.1851,2.5966,4.201,0.8433,0.0616,0.2827,HIGH
VM_011,1378672200,2.0,1.8996,2.1969,2.1719,1.7769,2.7989,4.7832,2.6927,4.7832,1.0847,0.0572,0.3629,HIGH
VM_011,1378672500,1.9333,2.046,2.2202,2.1583,2.137,2.3796,2.5879,2.2758,2.6186,0.1923,0.0579,0.0751,MEDIUM
VM_011,1378672800,2.0,2.2635,2.247,2.1765,3.3314,3.2409,2.216,2.7512,3.8178,0.584,0.0579,0.2015,HIGH
VM_011,1378673100,2.0,1.8686,2.1217,2.2714,3.4197,2.8865,1.7278,2.5727,3.5537,0.6379,0.0579,0.2234,HIGH
VM_011,1378673400,2.0,1.8859,2.1244,2.2993,3.3999,2.8909,1.7609,2.5813,3.5776,0.636,0.0579,0.2223,HIGH
VM_011,1378673700,2.0,1.8981,2.1823,2.3623,3.129,2.6241,1.8681,2.476,3.1706,0.4822,0.0439,0.1644,MEDIUM
VM_011,1378674000,2.0,2.1811,2.7148,2.9439,3.2035,2.4836,1.9867,2.6288,3.2035,0.4599,0.0439,0.1582,MEDIUM
VM_011,1378674300,2.0,2.3064,2.4492,2.4202,2.3747,2.3029,2.0627,2.2849,2.4492,0.123,0.0439,0.0513,MEDIUM
VM_011,1378674600,2.0,2.2567,2.4765,2.4605,2.2363,2.2176,2.0636,2.2381,2.4765,0.1245,0.0439,0.0545,MEDIUM
VM_011,1378674900,2.0,2.2941,2.4764,2.4604,2.289,2.2697,2.0534,2.266,2.4764,0.124,0.0439,0.0557,MEDIUM
VM_011,1378675200,9.7333,5.2251,3.0853,1.8644,1.439,1.1992,1.0789,1.8415,5.2251,1.1544,1.5821,0.603,HIGH
VM_011,1378675500,2.0667,2.0374,1.8311,2.4083,2.1494,2.4479,3.9023,2.4652,3.9023,0.6723,1.581,0.4518,HIGH
VM_011,1378675800,1.8667,1.139,1.4876,1.8327,2.0669,3.0075,3.6654,2.3867,3.8664,0.8484,1.5824,0.5256,HIGH
VM_011,1378676100,1.8,1.8159,1.9524,1.8321,2.4617,3.1138,2.9071,2.4997,3.3549,0.5283,1.5846,0.3854,HIGH
VM_011,1378676400,2.0,1.7969,2.1562,2.1294,2.2349,2.8907,3.0428,2.4273,3.0428,0.4047,1.5846,0.3507,HIGH
VM_011,1378676700,2.0,3.9494,2.7502,1.527,2.6751,4.752,1.9389,2.9953,6.4577,1.501,1.5846,0.6034,HIGH
VM_011,1378677000,2.0,3.4045,2.1143,1.2899,3.006,4.5157,1.4124,2.8567,6.6168,1.6348,1.5846,0.6034,HIGH
VM_011,1378677300,1.4667,1.2203,1.8725,2.5959,4.3088,2.9191,1.1484,2.7075,4.3302,1.1583,1.5927,0.5807,HIGH
VM_011,1378677600,2.0,0.8956,2.4444,3.1822,4.2947,2.0669,1.6168,2.646,4.2947,1.0714,1.5927,0.6044,HIGH
VM_011,1378677900,2.0,1.5023,3.4181,4.0274,3.7364,1.8294,2.2837,2.815,4.6911,1.0882,1.5927,0.5815,HIGH
VM_011,1378678200,2.0,1.9035,3.6727,4.0788,3.4346,1.8934,2.5335,2.8352,4.4227,0.9536,1.5927,0.5273,HIGH
VM_011,1378678500,1.8,3.2905,4.3597,4.1786,2.628,1.6444,2.1006,2.6674,4.3597,0.9906,1.5947,0.5501,HIGH
VM_011,1378678800,1.8667,3.8148,3.963,3.5475,2.0395,1.6866,2.4351,2.5047,3.963,0.7969,1.5959,0.4797,HIGH
VM_011,1378679100,1.6,3.0356,2.882,2.5184,1.5824,1.6065,2.206,2.0255,3.0356,0.4963,1.599,0.3771,HIGH
VM_011,1378679400,10.1333,4.0023,2.9943,2.3066,1.6752,1.8793,2.3682,2.184,4.0023,0.6618,2.2655,0.5708,HIGH
VM_011,1378679700,1.9333,2.5865,2.4361,2.4069,1.7422,1.8328,2.3827,2.044,2.5865,0.3057,2.2655,0.3906,HIGH
VM_011,1378680000,1.7333,2.0304,1.9125,1.8633,2.0176,2.0583,2.0407,1.9364,2.066,0.1355,2.2692,0.3431,HIGH
VM_011,1378680300,1.7333,1.7841,1.9385,1.9428,2.2768,2.1653,1.7528,1.9887,2.3259,0.2103,2.2728,0.3682,HIGH
VM_011,1378680600,1.7333,1.5503,1.8717,2.018,2.1228,1.881,1.6049,1.8644,2.1228,0.1956,2.2764,0.3598,HIGH
VM_011,1378680900,2.0,1.5099,1.7938,1.9527,2.11,1.7697,1.5615,1.81,2.11,0.1978,2.2764,0.3642,HIGH
VM_011,1378681200,2.0,1.6929,1.9709,2.1437,2.2726,1.8504,1.5721,1.9596,2.2726,0.2422,2.2764,0.375,HIGH
VM_011,1378681500,1.9333,1.888,2.1109,2.3092,2.0304,1.7494,1.7288,1.9499,2.3092,0.2011,2.2771,0.3661,HIGH
VM_011,1378681800,1.9333,2.2039,2.4486,2.6763,2.0564,1.7617,1.7629,2.09,2.6763,0.3257,2.2779,0.4086,HIGH
VM_011,1378682100,2.0,2.0536,2.2815,2.5436,2.0019,1.7756,1.9264,2.0607,2.5436,0.2395,2.2779,0.3831,HIGH
VM_011,1378682400,1.9333,3.0317,1.9671,1.8267,1.5562,2.7562,6.0227,2.7562,6.0227,1.4177,1.6898,0.6169,HIGH
VM_011,1378682700,1.4667,2.7772,2.4929,2.9935,0.8986,6.8099,18.6888,6.0817,18.6888,6.3248,1.6967,0.6177,HIGH
VM_011,1378683000,1.5333,1.9439,2.7504,3.8711,0.5305,10.4348,30.0672,9.1108,30.0672,10.902,1.701,0.6183,HIGH
VM_011,1378683300,1.9333,0.0433,2.0779,3.4076,0.0,14.829,42.6996,12.1299,43.8221,16.4917,1.6998,0.6181,HIGH
VM_011,1378683600,2.0,0.2467,2.3297,3.4185,0.4801,14.423,38.7424,11.5141,40.1645,14.8956,1.6998,0.6181,HIGH
VM_011,1378683900,1.9333,8.949,1.4168,0.0,18.4183,26.9797,4.8782,13.275,36.2391,11.7475,1.7002,0.6182,HIGH
VM_011,1378684200,1.3333,9.4981,1.5572,0.0,23.3094,29.8069,0.0,14.5081,43.7293,14.7498,1.709,0.6193,HIGH
VM_011,1378684500,1.4,5.0899,1.3995,2.7888,26.3287,27.1259,0.0,14.5596,42.0215,14.4344,1.7102,0.6195,HIGH
VM_011,1378684800,2.0,0.0,4.4221,13.305,27.7973,15.8688,0.0,13.5518,27.7973,10.7114,1.7102,0.6195,HIGH
VM_011,1378685100,2.0,1.6879,17.8247,28.4756,22.1827,6.2187,0.4218,13.8368,32.7413,11.1486,1.7102,0.6195,HIGH
VM_011,1378685400,2.0,12.0916,28.9621,37.1851,16.0443,2.3631,1.4799,14.7449,37.1851,12.9804,1.7102,0.6195,HIGH
VM_011,1378685700,2.0,24.2332,37.0075,40.4358,6.4689,0.0,1.7691,13.8629,40.4358,14.9788,1.7088,0.6193,HIGH
VM_011,1378686000,2.0,22.5461,32.5798,35.0,5.3957,0.0,2.7839,12.3904,35.0,12.8983,1.708,0.6192,HIGH
VM_011,1378686300,49.3333,79.1661,45.5958,16.8558,0.0,1.792,0.0,12.7691,79.1661,23.6654,9.7701,1.0,HIGH
VM_011,1378686600,53.4,48.3681,20.6823,1.998,1.0903,4.0333,2.9909,7.617,48.3681,13.3622,13.9966,1.0,HIGH
VM_011,1378686900,35.0,5.0461,1.5092,1.1815,2.5809,3.1685,2.1435,2.5573,5.0461,0.9406,15.161,1.0,HIGH
VM_011,1378687200,1.4667,0.9776,1.2769,2.5787,1.3487,1.5631,0.8273,1.5676,2.5787,0.5261,15.1654,0.8071,HIGH
VM_011,1378687500,1.4667,1.922,2.3879,2.9914,1.6402,1.692,1.2447,1.8495,2.9914,0.5282,15.1698,0.8169,HIGH
VM_011,1378687800,1.8667,1.7903,2.1287,2.5849,1.5411,2.0614,1.9438,1.9342,2.5849,0.3243,15.1677,0.7455,HIGH
VM_011,1378688100,1.8667,2.173,1.558,1.7526,2.0731,2.1211,2.1894,2.0621,2.5335,0.2686,15.1698,0.7154,HIGH
VM_011,1378688400,1.7333,2.4302,1.6074,1.5833,2.0925,2.161,2.4414,2.1008,2.5467,0.318,15.1739,0.7139,HIGH
VM_011,1378688700,1.5333,1.9485,1.45,1.4476,2.1998,1.8442,1.9569,1.9428,2.2619,0.2768,15.1803,0.6963,HIGH
VM_011,1378689000,1.6667,1.7237,1.5363,1.5427,2.1572,1.7988,1.8344,1.8835,2.1894,0.2183,15.1845,0.6772,HIGH
VM_011,1378689300,2.0,1.6966,1.5989,1.4733,2.07,2.1472,1.9322,1.9179,2.1472,0.217,15.1845,0.6797,HIGH
VM_011,1378689600,2.0,1.9823,2.0228,1.8774,1.7371,2.0257,1.9564,1.9345,2.0612,0.0987,15.1835,0.6383,HIGH
VM_011,1378689900,2.0,1.9619,2.0925,1.8716,1.5958,2.0449,1.5344,1.8656,2.0925,0.1612,15.175,0.666,HIGH
VM_011,1378690200,2.0,1.8897,1.9893,1.7556,1.5381,2.0968,1.6222,1.8394,2.0968,0.1684,15.1676,0.6661,HIGH
VM_011,1378690500,2.0,1.8241,1.7586,1.7087,1.8145,2.3426,1.7212,1.9612,2.3426,0.2097,15.1665,0.675,HIGH
VM_011,1378690800,1.8,1.7363,1.6517,1.6836,1.8874,2.2551,1.6419,1.9212,2.2551,0.2073,15.1697,0.6725,HIGH
VM_011,1378691100,2.0,1.8587,1.3862,1.6372,1.8238,1.7022,1.2214,1.6931,1.971,0.224,15.1686,0.6886,HIGH
VM_011,1378691400,2.0,1.8365,1.6736,1.7498,1.7054,1.5943,1.4269,1.6941,1.9123,0.1254,15.1578,0.6574,HIGH
VM_011,1378691700,2.0,1.6081,1.5293,1.4306,2.0247,2.1553,2.0869,1.9114,2.2678,0.2695,15.148,0.699,HIGH
VM_011,1378692000,2.0,1.9013,1.7733,1.4003,1.8991,2.1202,1.9211,1.8812,2.1318,0.202,15.148,0.6865,HIGH
VM_011,1378692300,1.7333,1.9711,2.0864,1.52,2.0168,2.3508,1.6527,2.0334,2.3629,0.2687,15.1522,0.6997,HIGH
VM_011,1378692600,1.8,1.7819,2.0637,1.5458,2.1213,2.4178,1.4091,2.0593,2.5967,0.3524,15.1554,0.7404,HIGH
VM_011,1378692900,2.0,1.9651,2.5834,1.7174,2.0224,2.6681,0.9192,2.1483,3.2219,0.5659,15.1554,0.8723,HIGH
VM_011,1378693200,2.0,1.7907,2.3434,1.6712,2.0226,2.4085,1.0085,2.0404,2.8815,0.4519,15.1554,0.8215,HIGH
VM_011,1378693500,2.0,2.5579,1.9393,1.1016,2.1812,1.2939,1.4179,1.8474,2.5579,0.4297,12.259,0.7722,HIGH
VM_011,1378693800,2.0,2.5513,1.9,1.1522,2.2708,1.1605,1.8882,1.9106,2.5513,0.4051,6.7657,0.7655,HIGH
VM_011,1378694100,2.0,2.0567,1.8238,1.934,2.2579,1.5259,2.5736,2.0873,2.6368,0.3325,0.1822,0.1548,MEDIUM
VM_011,1378694400,1.6,1.3606,1.5656,1.7751,2.0251,1.6607,1.9222,1.6914,2.0251,0.2131,0.171,0.111,MEDIUM
VM_011,1378694700,2.0,1.9411,1.8212,2.4934,2.1335,2.423,1.6293,2.0353,2.4934,0.2904,0.1484,0.1259,MEDIUM
VM_011,1378695000,2.0,2.3321,1.6807,2.114,2.2166,2.4908,1.4526,2.0253,2.4908,0.3077,0.1496,0.142,MEDIUM
VM_011,1378695300,1.9333,2.7347,1.7286,1.9522,2.4915,2.5128,1.8941,2.173,2.7347,0.3423,0.1495,0.1488,MEDIUM
VM_011,1378695600,2.0,2.7318,1.8673,1.8874,2.333,2.3283,1.8436,2.0972,2.7318,0.3,0.1458,0.1472,MEDIUM
VM_011,1378695900,2.0,1.9075,1.9007,1.7685,1.8898,1.6464,1.4625,1.7242,1.9075,0.1243,0.1211,0.0682,MEDIUM
VM_011,1378696200,2.0,1.8217,1.8176,1.7104,1.8222,1.5362,1.4063,1.643,1.8222,0.1248,0.1067,0.0629,MEDIUM
VM_011,1378696500,2.0,1.979,1.8752,1.8489,1.7975,1.6612,1.677,1.7463,1.979,0.1028,0.1067,0.0553,MEDIUM
VM_011,1378696800,2.0,1.7281,1.6735,1.7495,1.6913,1.6511,1.4996,1.6568,1.7918,0.0837,0.1067,0.0483,MEDIUM
VM_011,1378697100,2.0,2.155,1.9111,1.8761,1.8946,2.0244,2.0424,1.9754,2.155,0.1344,0.1067,0.0641,MEDIUM
VM_011,1378697400,2.0,2.0601,1.8289,1.8466,1.7768,1.9272,1.9434,1.901,2.0682,0.1192,0.1067,0.0594,MEDIUM
VM_011,1378697700,2.0,1.9496,1.7533,1.881,1.8066,1.8538,1.653,1.8375,1.967,0.1014,0.1067,0.0509,MEDIUM
VM_011,1378698000,2.0,1.9504,1.7288,1.8391,1.8813,1.9047,1.6066,1.8511,2.0417,0.125,0.102,0.0645,MEDIUM
VM_011,1378698300,2.0,1.96,1.7642,1.7897,1.8765,1.9088,1.66,1.8472,1.9933,0.1062,0.102,0.0525,MEDIUM
VM_011,1378698600,2.0,1.7499,1.6142,1.6279,1.7648,1.7694,1.4647,1.6906,1.8524,0.1075,0.102,0.0589,MEDIUM
VM_011,1378698900,2.0,1.9046,1.7666,1.7496,1.8862,1.9125,1.5856,1.8281,1.9856,0.109,0.102,0.0604,MEDIUM
VM_011,1378699200,2.0,1.984,1.8431,1.828,1.8874,1.9586,1.7365,1.887,1.984,0.0825,0.102,0.0424,MEDIUM
VM_011,1378699500,2.0,1.8924,1.7644,1.7719,1.79,1.8136,1.6498,1.7833,1.8924,0.0644,0.0899,0.0402,MEDIUM
VM_011,1378699800,2.0,1.839,1.8174,1.9198,1.8153,1.8018,1.7212,1.8236,1.9198,0.0472,0.0822,0.034,MEDIUM
VM_011,1378700100,2.0,1.906,2.035,2.0551,1.7795,1.853,1.9132,1.9126,2.1169,0.1155,0.0822,0.0558,MEDIUM
VM_011,1378700400,2.0,1.9462,2.0829,2.1336,1.7637,1.9458,2.2961,2.0282,2.4787,0.2118,0.0822,0.0994,MEDIUM
VM_011,1378700700,2.0,1.1012,1.1411,1.2747,1.7765,3.4861,6.5837,2.7244,6.5837,1.8476,0.0822,0.4105,HIGH
VM_011,1378701000,2.0,1.2378,1.1992,1.3751,1.9283,3.5191,5.9861,2.7207,5.9861,1.6099,0.0822,0.4105,HIGH
VM_011,1378701300,2.0,1.9301,1.5321,1.6856,2.3664,3.281,2.9211,2.4578,3.3282,0.6323,0.0822,0.2229,HIGH
VM_011,1378701600,5.0,2.6372,1.713,1.5874,3.2184,3.8252,2.0744,2.7263,4.3076,0.8715,0.6131,0.4004,HIGH
VM_011,1378701900,2.0,2.0017,1.9387,2.5866,3.9397,3.4043,1.7416,2.8968,4.1787,0.8135,0.6131,0.3669,HIGH
VM_011,1378702200,2.0,1.8212,1.9936,2.6443,3.7308,2.8454,1.2397,2.6354,3.7308,0.7527,0.6131,0.3733,HIGH
VM_011,1378702500,2.0,1.5247,2.0101,2.8855,3.99,2.6902,1.3307,2.6706,3.99,0.8134,0.6124,0.3931,HIGH
VM_011,1378702800,2.0,1.5376,2.1378,2.9483,3.6956,2.5181,1.443,2.5903,3.6956,0.7091,0.6124,0.345,HIGH
VM_011,1378703100,1.7333,3.2587,3.1455,3.1771,2.9187,2.0099,1.8994,2.5649,3.2587,0.5555,0.6171,0.2413,HIGH
VM_011,1378703400,1.8,3.7857,3.587,3.2866,2.6943,1.8021,2.1569,2.5938,3.7857,0.715,0.6201,0.326,HIGH
VM_011,1378703700,1.8667,4.054,3.7116,3.3378,2.6647,1.7475,2.243,2.6104,4.054,0.7945,0.6217,0.37,HIGH
VM_011,1378704000,8.0,4.4823,3.312,2.4746,1.8059,1.4985,1.3262,2.1351,4.4823,0.9223,1.3544,0.5471,HIGH
VM_011,1378704300,2.0,2.3051,2.0613,2.2944,1.932,1.6762,2.0764,1.9836,2.3051,0.2142,1.3544,0.2482,HIGH
VM_011,1378704600,2.0,1.9533,1.8677,1.8101,1.756,1.9466,1.7606,1.8255,1.974,0.1221,1.3544,0.2292,HIGH
VM_011,1378704900,2.0,1.962,1.7824,1.6577,1.8426,2.1567,1.6962,1.8846,2.1567,0.1635,1.3544,0.2328,HIGH
VM_011,1378705200,2.0,1.8233,1.7794,1.591,1.5211,1.923,1.8632,1.7025,1.923,0.1525,1.3544,0.2268,HIGH
VM_011,1378705500,2.0,1.9341,2.0479,1.8403,2.0535,2.1121,1.6365,1.97,2.221,0.1466,1.3544,0.2429,HIGH
VM_011,1378705800,2.0,1.9662,2.0916,1.8184,2.1782,2.1196,1.7987,2.0415,2.215,0.1281,1.3544,0.223,HIGH
VM_011,1378706100,1.8,1.8617,1.7977,1.7214,1.9156,1.7913,1.7115,1.7859,1.9156,0.0599,1.3572,0.2003,HIGH
VM_011,1378706400,1.9333,1.6845,1.9247,1.9602,1.9338,1.7221,1.7163,1.8279,2.0107,0.12,1.358,0.2162,HIGH
VM_011,1378706700,2.0,1.7999,1.8797,1.9051,2.0517,1.8453,1.8965,1.9065,2.0517,0.082,1.358,0.2061,HIGH
VM_011,1378707000,2.0,1.8376,1.8461,1.8051,1.9546,1.8237,1.7413,1.8399,1.9546,0.0546,1.358,0.1995,HIGH
VM_011,1378707300,2.0,1.7625,1.804,1.7915,1.939,1.8345,1.631,1.8227,2.0003,0.0899,1.358,0.2179,HIGH
VM_011,1378707600,2.0,1.8126,1.8428,1.8246,1.8074,1.8137,1.9194,1.8494,1.9851,0.0705,1.358,0.2037,HIGH
VM_011,1378707900,2.0,1.8246,1.8026,1.7966,1.9977,1.8954,1.5709,1.8555,2.1039,0.1257,1.358,0.2373,HIGH
VM_011,1378708200,2.0,1.8975,1.8741,1.8666,2.0146,1.8465,1.4607,1.8541,2.0803,0.1481,1.358,0.2476,HIGH
VM_011,1378708500,2.0,1.9103,1.8635,1.8352,2.0203,1.8949,1.5145,1.8679,2.1006,0.1391,1.358,0.2436,HIGH
VM_011,1378708800,2.0,1.99,2.0237,1.9587,1.8157,1.7696,1.6935,1.8595,2.0237,0.0999,1.2349,0.1975,HIGH
VM_011,1378709100,2.0,1.8857,1.8737,1.8131,2.0457,1.9496,1.5906,1.8829,2.1243,0.1376,1.2349,0.2216,HIGH
VM_011,1378709400,2.0,1.909,1.887,1.8465,1.9744,1.947,1.6818,1.8879,2.0511,0.0907,1.2349,0.2022,HIGH
VM_011,1378709700,2.0,1.7536,1.831,1.8647,1.9753,2.0089,1.7684,1.9001,2.0992,0.0958,1.2349,0.1994,HIGH
VM_011,1378710000,2.0,1.7701,1.8596,1.8946,1.9698,2.0428,1.8422,1.9332,2.1347,0.0911,1.2349,0.2016,HIGH
VM_011,1378710300,2.0,1.6972,1.7497,1.7621,1.7641,1.8013,1.7032,1.7657,1.8512,0.0457,1.2316,0.1763,HIGH
VM_011,1378710600,2.0,1.765,1.8283,1.8473,1.7931,1.8226,1.7441,1.8141,1.8799,0.0426,1.2293,0.1738,MEDIUM
VM_011,1378710900,2.0,1.8061,1.797,1.7915,1.8629,1.8134,1.6548,1.8051,1.902,0.055,1.2278,0.1868,HIGH
VM_011,1378711200,2.0,1.8074,1.7968,1.8527,1.8451,1.871,2.2205,1.9004,2.2205,0.1421,0.0425,0.0662,MEDIUM
VM_011,1378711500,2.0,1.7242,1.8001,1.9112,1.795,1.9577,2.0403,1.8825,2.0822,0.116,0.0425,0.0478,MEDIUM
VM_011,1378711800,2.0,1.759,1.8539,1.9525,1.865,1.9416,1.8298,1.8866,1.9871,0.0688,0.0425,0.0324,MEDIUM
VM_011,1378712100,2.0,1.944,2.0337,2.0607,1.9525,2.0726,1.697,1.9903,2.1376,0.1115,0.0425,0.0576,MEDIUM
VM_011,1378712400,2.1333,1.9708,1.959,1.9635,1.9551,2.069,1.6685,1.9622,2.1463,0.1171,0.0517,0.0631,MEDIUM
VM_011,1378712700,1.9333,2.0103,1.9212,1.891,1.8588,1.859,1.7072,1.8687,2.0103,0.0724,0.0532,0.0427,MEDIUM
VM_011,1378713000,1.8667,1.9347,1.8493,1.8374,1.902,1.8361,1.6373,1.8367,1.9347,0.0741,0.0589,0.0427,MEDIUM
VM_011,1378713300,1.9333,1.8113,1.8011,1.8265,1.8656,1.9002,1.7025,1.8336,1.9194,0.059,0.0453,0.0315,MEDIUM
VM_011,1378713600,2.0,1.9896,1.9836,2.0444,1.9313,1.9135,1.9129,1.957,2.0621,0.0545,0.0436,0.0298,MEDIUM
VM_011,1378713900,2.0,1.9027,1.8462,1.9939,1.8621,1.8576,1.836,1.8858,2.0125,0.0623,0.0436,0.0301,MEDIUM
VM_011,1378714200,2.0,2.0155,1.9853,2.1911,2.0528,1.9578,1.9683,2.0326,2.1911,0.078,0.0436,0.0335,MEDIUM
VM_011,1378714500,2.2,2.1519,2.1458,2.3426,2.266,2.179,2.1404,2.2236,2.3599,0.0789,0.0605,0.0337,MEDIUM
VM_011,1378714800,2.0,2.164,2.1768,2.3398,2.299,2.2629,2.1591,2.2618,2.4101,0.0769,0.0605,0.0374,MEDIUM
VM_011,1378715100,2.0,1.8797,2.0526,1.9012,2.2317,2.3109,2.0455,2.1295,2.4263,0.1553,0.0605,0.0724,MEDIUM
VM_011,1378715400,2.0,1.8767,1.9825,1.8377,2.1513,2.2017,1.93,2.0453,2.3058,0.1335,0.0605,0.0631,MEDIUM
VM_011,1378715700,2.0,2.0012,1.8966,1.9766,2.1027,2.1865,2.0645,2.0696,2.1865,0.0934,0.0605,0.0421,MEDIUM
VM_011,1378716000,2.0,2.0291,1.9361,2.0151,2.1511,2.2241,2.0795,2.1102,2.2722,0.0968,0.0605,0.0475,MEDIUM
VM_011,1378716300,2.0,2.0621,1.9133,2.0146,2.1558,2.2507,2.132,2.1195,2.2557,0.1061,0.0605,0.0483,MEDIUM
VM_011,1378716600,2.0,2.0588,1.9316,2.0066,2.14,2.1516,2.0237,2.071,2.1516,0.0707,0.0605,0.0338,MEDIUM
VM_011,1378716900,2.0,2.0971,2.0186,2.1063,2.1773,2.1791,2.0722,2.1203,2.1791,0.05,0.0605,0.0267,LOW
VM_011,1378717200,1.8,2.1199,2.0031,2.1092,2.1365,2.1488,2.0387,2.0967,2.1488,0.0445,0.0733,0.0266,LOW
VM_011,1378717500,2.0,2.0971,2.0142,2.1257,2.1336,2.1108,1.9825,2.0883,2.1582,0.0479,0.0733,0.0302,MEDIUM
VM_011,1378717800,2.0,2.0256,1.9944,2.1245,2.1026,2.0514,2.0094,2.0576,2.1245,0.0448,0.0733,0.0248,LOW
VM_011,1378718100,2.0,2.0712,2.0495,2.1562,2.1223,2.0498,1.947,2.0716,2.1562,0.0566,0.0733,0.0341,MEDIUM
VM_011,1378718400,2.0,2.0704,2.0136,2.1154,2.1091,2.0686,2.038,2.0725,2.1163,0.0359,0.0733,0.0217,LOW
VM_011,1378718700,2.0,2.0127,1.9726,2.0473,2.0546,2.084,2.0418,2.0436,2.1018,0.0318,0.0733,0.0247,LOW
VM_011,1378719000,2.0,2.0444,2.0278,2.1051,2.0965,2.1446,2.1038,2.098,2.1767,0.0391,0.0733,0.027,LOW
VM_011,1378719300,2.0,2.0137,1.9691,1.9986,2.0904,2.1371,2.0256,2.0606,2.1435,0.0582,0.0733,0.03,MEDIUM
VM_011,1378719600,2.0,2.0329,1.9773,2.0063,2.1416,2.1769,2.0339,2.0931,2.1938,0.0703,0.0671,0.0342,MEDIUM
VM_011,1378719900,2.0,1.974,2.0034,2.0526,2.1112,2.067,1.9774,2.0556,2.126,0.0489,0.0661,0.0265,LOW
VM_011,1378720200,2.0,1.9827,2.0631,2.1465,2.168,2.1022,2.0617,2.1155,2.1957,0.0594,0.0605,0.033,MEDIUM
VM_011,1378720500,2.0,2.0242,2.0708,2.1812,2.1748,2.1238,2.0796,2.1341,2.2256,0.0581,0.059,0.0314,MEDIUM
VM_011,1378720800,2.0,2.0508,2.018,2.1631,2.1266,2.0103,1.946,2.0544,2.1631,0.0708,0.059,0.0333,MEDIUM
VM_011,1378721100,2.0,2.0473,1.9822,2.1234,2.154,2.0563,1.9708,2.0683,2.154,0.0529,0.059,0.0292,LOW
VM_011,1378721400,2.0,1.997,1.9493,2.0611,2.1262,2.0488,1.9413,2.0404,2.1262,0.0528,0.059,0.0294,LOW
VM_011,1378721700,2.0,1.9864,1.9603,2.0176,2.1591,2.0933,1.9768,2.0597,2.1689,0.0659,0.0408,0.0299,MEDIUM
VM_011,1378722000,2.0,2.0075,2.006,2.0768,2.2234,2.1683,2.0437,2.1235,2.2404,0.0756,0.0408,0.033,MEDIUM
VM_011,1378722300,2.0,2.0383,2.0469,2.063,2.1621,2.1445,2.0164,2.1095,2.1927,0.055,0.0408,0.0261,LOW
VM_011,1378722600,2.0,2.0164,2.0365,2.0584,2.1501,2.1137,1.9831,2.0943,2.175,0.0562,0.0408,0.0279,LOW
VM_011,1378722900,2.0,1.9832,2.0111,2.0434,2.0906,2.0367,1.9263,2.043,2.1095,0.0482,0.0408,0.0269,LOW
VM_011,1378723200,2.0,1.8834,2.0246,2.0423,2.1379,2.1,2.1402,2.0915,2.2424,0.0862,0.0408,0.0477,MEDIUM
VM_011,1378723500,2.0,1.9148,2.0185,2.0988,2.1838,2.143,2.217,2.137,2.3427,0.103,0.0408,0.0559,MEDIUM
VM_011,1378723800,2.0,1.9668,2.0112,2.1331,2.2463,2.245,2.3537,2.2039,2.4705,0.1342,0.0408,0.0648,MEDIUM
VM_011,1378724100,2.0,2.051,2.0903,2.2292,2.2895,2.2445,2.3727,2.2392,2.4759,0.1122,0.0408,0.0555,MEDIUM
VM_011,1378724400,2.0,2.0309,2.0765,2.2242,2.2754,2.2319,2.3538,2.2238,2.4533,0.1113,0.0,0.05,MEDIUM
VM_011,1378724700,1.8667,1.9894,2.1214,2.2145,2.0218,2.1185,2.4476,2.1476,2.4476,0.1246,0.0272,0.0577,MEDIUM
VM_011,1378725000,2.0,1.8817,1.9575,2.0362,1.9304,2.0159,2.2612,2.0254,2.2612,0.1067,0.0272,0.0484,MEDIUM
VM_011,1378725300,2.0,2.0117,1.8658,1.9337,2.0355,2.0306,2.1582,2.0142,2.1582,0.074,0.0272,0.0381,MEDIUM
VM_011,1378725600,3.5333,2.0563,1.9428,1.9665,2.0143,2.0742,2.1314,2.034,2.1773,0.0692,0.3153,0.0682,MEDIUM
VM_011,1378725900,2.0,2.1015,2.114,2.1614,2.0961,2.0145,2.1947,2.0996,2.2272,0.1009,0.3153,0.0791,MEDIUM
VM_011,1378726200,2.0,2.3089,2.302,2.3251,2.2632,2.1599,2.2264,2.2428,2.3824,0.1158,0.3153,0.0878,MEDIUM
VM_011,1378726500,2.4,2.4694,2.2202,2.1952,2.2563,2.1069,2.1438,2.1945,2.4694,0.1229,0.3226,0.1059,MEDIUM
VM_011,1378726800,4.3333,2.6191,2.3505,2.3183,2.438,2.2252,2.2059,2.3336,2.6191,0.126,0.5619,0.134,MEDIUM
VM_011,1378727100,2.0,2.0968,2.0126,2.0436,2.0714,1.9915,2.0258,2.0405,2.1325,0.051,0.5619,0.0933,MEDIUM
VM_011,1378727400,1.8,2.1525,2.1112,2.1262,2.1916,2.0827,2.0822,2.1259,2.2368,0.0555,0.566,0.0959,MEDIUM
VM_011,1378727700,2.0,2.2062,2.0238,1.9287,2.0541,1.9868,1.9507,2.0087,2.2062,0.0708,0.566,0.1055,MEDIUM
VM_011,1378728000,2.0,2.3427,2.2279,2.132,2.1861,2.0607,2.1069,2.1618,2.3427,0.0813,0.566,0.1069,MEDIUM
VM_011,1378728300,2.0,2.2256,2.055,1.914,2.0004,1.9317,1.9512,1.9945,2.2256,0.0837,0.566,0.1109,MEDIUM
VM_011,1378728600,2.0,2.248,2.0994,1.9666,2.0343,1.9591,2.0225,2.0407,2.248,0.0787,0.566,0.1068,MEDIUM
VM_011,1378728900,2.0,2.1421,2.024,1.9354,1.9534,1.9321,2.0387,2.0007,2.1421,0.0713,0.566,0.0993,MEDIUM
VM_011,1378729200,2.0,2.1748,2.147,2.0741,2.0612,2.0598,2.1069,2.1125,2.2156,0.0496,0.566,0.094,MEDIUM
VM_011,1378729500,1.9333,1.9817,1.9508,1.9675,1.9501,1.9619,2.0544,1.986,2.1179,0.0532,0.567,0.0982,MEDIUM
VM_011,1378729800,2.0,2.0577,2.0377,2.0494,1.9556,1.9949,2.1742,2.0498,2.2185,0.0779,0.567,0.1072,MEDIUM
VM_011,1378730100,2.0,2.0359,1.9804,1.9831,1.9061,1.9286,2.1115,1.9915,2.161,0.0771,0.567,0.1061,MEDIUM
VM_011,1378730400,2.0,2.1224,2.1611,2.15,2.1063,2.0741,2.1601,2.1394,2.2613,0.0565,0.567,0.0983,MEDIUM
VM_011,1378730700,1.9333,1.8713,1.9706,1.9392,1.9408,1.9304,1.9156,1.957,2.0766,0.0601,0.568,0.0972,MEDIUM
VM_011,1378731000,2.0,1.8884,1.9545,1.8725,1.9231,2.0048,1.9073,1.9649,2.0791,0.0613,0.568,0.0973,MEDIUM
VM_011,1378731300,2.0,1.9143,2.0459,1.8754,2.032,2.1842,1.9835,2.0519,2.1925,0.0995,0.568,0.1104,MEDIUM
VM_011,1378731600,2.0,1.8796,2.0015,1.8628,1.9406,2.0711,1.9361,1.9888,2.1192,0.0777,0.568,0.1032,MEDIUM
VM_011,1378731900,2.0,1.6657,1.9941,2.1316,1.9526,1.6959,1.8746,1.8896,2.1316,0.1488,0.5657,0.1277,MEDIUM
VM_011,1378732200,2.0,1.6401,1.9245,2.0709,1.8643,1.6585,1.8294,1.8271,2.0709,0.1253,0.5657,0.1235,MEDIUM
VM_011,1378732500,2.0,1.6677,1.9301,2.0369,1.8669,1.6976,1.8334,1.8283,2.0369,0.1048,0.5657,0.1163,MEDIUM
VM_011,1378732800,2.2,1.7096,1.9986,2.1006,1.8892,1.7077,2.0419,1.8816,2.1006,0.1316,0.4851,0.1087,MEDIUM
VM_011,1378733100,2.0,1.7778,2.039,2.0938,1.7075,1.791,2.0199,1.872,2.0938,0.1421,0.4851,0.1135,MEDIUM
VM_011,1378733400,2.0,2.0447,2.3105,2.3161,2.0055,2.0152,2.1427,2.1069,2.3161,0.1247,0.4851,0.114,MEDIUM
VM_011,1378733700,2.0,2.2385,2.3658,2.2132,1.817,1.9611,2.0109,2.0331,2.3658,0.1666,0.4815,0.132,MEDIUM
VM_011,1378734000,2.0,2.1637,2.3094,2.2088,1.8442,1.8988,1.9558,2.0069,2.3094,0.1527,0.0619,0.0732,MEDIUM
VM_011,1378734300,2.0,1.9192,2.0633,2.0446,1.9038,1.7954,1.8144,1.9039,2.0633,0.0919,0.0619,0.043,MEDIUM
VM_011,1378734600,2.0,1.987,2.0877,2.0441,1.9192,1.8476,1.8327,1.9321,2.0877,0.0817,0.046,0.0385,MEDIUM
VM_011,1378734900,2.0667,1.9886,2.1269,2.096,1.9555,1.86,1.8348,1.9526,2.1269,0.0971,0.0478,0.0437,MEDIUM
VM_011,1378735200,2.0667,2.0167,2.1313,2.1162,1.9657,1.9192,1.8949,1.9937,2.1313,0.0772,0.0494,0.0351,MEDIUM
VM_011,1378735500,2.0,2.01,2.1056,2.072,2.0099,1.8856,1.8538,1.9716,2.1056,0.0814,0.0494,0.0361,MEDIUM
VM_011,1378735800,2.0,2.0566,2.1158,2.0655,2.0479,1.9175,1.8952,2.0006,2.1158,0.0716,0.0494,0.0324,MEDIUM
VM_011,1378736100,2.0,2.0426,2.0547,1.9845,2.0393,1.9282,1.8632,1.9769,2.0547,0.0558,0.0494,0.029,LOW
VM_011,1378736400,2.0,2.0381,2.0587,1.9953,2.0549,1.9592,1.8922,1.9961,2.0587,0.0483,0.0494,0.026,LOW
VM_011,1378736700,2.0,2.0271,2.002,1.935,2.0402,1.9654,1.8379,1.9747,2.0402,0.0564,0.0468,0.0299,MEDIUM
VM_011,1378737000,2.0,1.9627,1.9802,1.9491,2.0156,1.961,1.8387,1.9647,2.0446,0.0518,0.0468,0.0304,MEDIUM
VM_011,1378737300,2.0,1.9818,1.9755,1.9198,2.029,1.9775,1.8202,1.9669,2.0388,0.0597,0.0468,0.0319,MEDIUM
VM_011,1378737600,2.0,2.0496,2.0239,1.9596,2.075,1.9803,1.8337,1.9962,2.075,0.0667,0.0468,0.0345,MEDIUM
VM_011,1378737900,2.0,1.9704,1.9415,1.9035,2.0175,1.94,1.8154,1.9397,2.0175,0.0545,0.0439,0.0295,LOW
VM_011,1378738200,2.0,2.0442,2.0046,1.934,2.0491,1.9785,1.8589,1.979,2.0491,0.0515,0.0439,0.0281,LOW
VM_011,1378738500,2.0,1.9814,1.9086,1.8088,1.9315,1.9285,1.8476,1.895,1.9814,0.0548,0.0439,0.0276,LOW
VM_011,1378738800,2.0,2.0867,1.9707,1.8482,2.0059,1.9811,1.8844,1.9496,2.0867,0.0688,0.0439,0.0347,MEDIUM
VM_011,1378739100,2.0,1.8703,1.866,1.8212,1.7921,1.7383,1.7029,1.7771,1.8703,0.0507,0.0439,0.0254,LOW
VM_011,1378739400,2.0,1.9294,1.9739,1.9217,1.8788,1.8127,1.7289,1.8541,1.9739,0.0634,0.0439,0.0346,MEDIUM
VM_011,1378739700,2.0,2.1221,2.1246,2.0287,2.0684,2.03,1.8613,2.0216,2.1246,0.0728,0.0439,0.0368,MEDIUM
VM_011,1378740000,2.0,1.9799,2.0134,1.9828,1.9698,1.9715,1.8304,1.9478,2.0153,0.0582,0.0188,0.0243,LOW
VM_011,1378740300,2.0,1.8649,1.8436,1.8109,1.9095,1.9632,1.8433,1.8811,1.9705,0.069,0.0188,0.0307,MEDIUM
VM_011,1378740600,2.0,1.8053,1.8056,1.7836,1.856,1.8979,1.7541,1.8311,1.9199,0.0591,0.0188,0.0265,LOW
VM_011,1378740900,2.0,1.8028,1.8293,1.8088,1.8031,1.8567,1.7961,1.8192,1.9131,0.0414,0.0188,0.0247,LOW
VM_011,1378741200,2.0,1.9104,1.9025,1.8289,1.8744,1.913,1.817,1.8717,1.9479,0.0478,0.0188,0.0243,LOW
VM_011,1378741500,2.0,2.2483,2.1492,1.9859,2.1278,2.1392,2.0184,2.0961,2.2483,0.0765,0.0188,0.0353,MEDIUM
VM_011,1378741800,2.0,2.2539,2.1989,2.0391,2.1262,2.124,2.0288,2.1095,2.2539,0.0688,0.0188,0.0302,MEDIUM
VM_011,1378742100,2.0,2.2207,2.1645,2.012,2.1086,2.1075,2.0081,2.0876,2.2207,0.0684,0.0136,0.0286,LOW
VM_011,1378742400,2.0,1.9309,2.0262,1.9509,1.923,1.8587,1.9891,1.9281,2.0262,0.054,0.0,0.0204,LOW
VM_011,1378742700,2.0,1.9289,1.9684,1.9092,1.9219,1.8553,1.8401,1.8945,1.9684,0.0376,0.0,0.0162,LOW
VM_011,1378743000,2.0,1.9715,2.0305,1.9767,1.9016,1.853,1.8395,1.9065,2.0305,0.0585,0.0,0.0242,LOW
VM_011,1378743300,2.0,1.9594,2.0217,1.9792,1.883,1.8497,1.8281,1.8997,2.0217,0.0575,0.0,0.0229,LOW
VM_011,1378743600,2.0,2.0963,2.1145,2.06,1.9102,1.8973,1.8276,1.9414,2.1145,0.093,0.0,0.0339,MEDIUM
VM_011,1378743900,2.0,1.8323,1.8867,1.8324,1.8157,1.8675,1.8053,1.8355,1.8867,0.0347,0.0,0.0138,LOW
VM_011,1378744200,2.0,1.837,1.8888,1.8016,1.7954,1.853,1.7684,1.8175,1.8888,0.0408,0.0,0.0165,LOW
VM_011,1378744500,2.0,1.8408,1.8934,1.8172,1.7963,1.8434,1.7505,1.8163,1.8934,0.0367,0.0,0.0169,LOW
VM_011,1378744800,2.0,1.7687,1.8633,1.7814,1.7436,1.867,1.9029,1.8259,1.981,0.0744,0.0,0.0287,LOW
VM_011,1378745100,2.0,1.8259,1.8831,1.804,1.8107,1.8692,1.7753,1.826,1.8831,0.0381,0.0,0.0147,LOW
VM_011,1378745400,2.0,1.8305,1.8899,1.8142,1.8257,1.8816,1.7646,1.8349,1.8911,0.0401,0.0,0.015,LOW
VM_011,1378745700,2.0,1.8063,1.8689,1.8109,1.802,1.8638,1.7317,1.8157,1.8848,0.0431,0.0,0.0181,LOW
VM_011,1378746000,2.0,1.8212,1.8833,1.8287,1.8047,1.8618,1.7381,1.8219,1.8833,0.0395,0.0,0.0172,LOW
VM_011,1378746300,2.0,1.8092,1.8694,1.8094,1.807,1.8777,1.723,1.8198,1.9097,0.0496,0.0,0.0221,LOW
VM_011,1378746600,2.0,1.8125,1.8715,1.8025,1.8063,1.8828,1.7191,1.8196,1.9042,0.0512,0.0,0.0219,LOW
VM_011,1378746900,2.0,1.7948,1.8592,1.798,1.7876,1.864,1.7151,1.8054,1.8772,0.0464,0.0,0.0192,LOW
VM_011,1378747200,2.0,1.8305,1.917,1.8567,1.8207,1.8903,1.7546,1.8461,1.917,0.044,0.0,0.0192,LOW
VM_011,1378747500,2.0,1.7753,1.8623,1.8042,1.7681,1.8386,1.708,1.7937,1.8623,0.0428,0.0,0.0182,LOW
VM_011,1378747800,2.0,1.7942,1.8891,1.833,1.7812,1.852,1.7241,1.8126,1.8891,0.0436,0.0,0.0195,LOW
VM_011,1378748100,2.0,1.8172,1.9503,1.8961,1.8001,1.8722,1.7701,1.8498,1.9503,0.0485,0.0,0.0213,LOW
VM_011,1378748400,2.0,1.8256,1.9602,1.9088,1.822,1.89,1.7748,1.8648,1.9602,0.0498,0.0,0.0219,LOW
VM_011,1378748700,2.0,1.8058,1.9134,1.8509,1.7882,1.8779,1.7576,1.8332,1.9134,0.0464,0.0,0.0184,LOW
VM_011,1378749000,2.0,1.8414,1.929,1.8677,1.82,1.9178,1.7991,1.864,1.944,0.0469,0.0,0.0171,LOW
VM_011,1378749300,2.0,1.8285,1.9383,1.867,1.8237,1.9104,1.7721,1.8608,1.9631,0.0515,0.0,0.0226,LOW
VM_011,1378749600,2.0,1.8618,1.9719,1.8847,1.8608,1.9537,1.7564,1.8865,2.0136,0.0647,0.0,0.0304,MEDIUM
VM_011,1378749900,2.0,1.8263,1.9616,1.9043,1.8398,1.905,1.7804,1.8719,1.9698,0.053,0.0,0.0224,LOW
VM_011,1378750200,5.2,2.5758,2.277,2.0621,1.7033,1.851,1.7442,1.9355,2.5758,0.2447,0.6532,0.187,HIGH
VM_011,1378750500,2.0,1.8813,1.9696,2.0004,1.785,1.9228,2.0557,1.912,2.1277,0.1101,0.6532,0.13,MEDIUM
VM_011,1378750800,2.0,1.7159,1.8001,1.761,1.7864,1.9963,1.8335,1.8331,1.9963,0.0937,0.6532,0.1176,MEDIUM
VM_011,1378751100,2.0,1.793,1.861,1.7408,1.8715,2.0654,1.7657,1.8745,2.0654,0.1164,0.6532,0.1272,MEDIUM
VM_011,1378751400,2.0,1.8021,1.8838,1.7537,1.8491,1.991,1.7583,1.8491,1.991,0.0854,0.6532,0.1176,MEDIUM
VM_011,1378751700,2.0,1.7851,1.8467,1.7415,1.7981,1.8776,1.6619,1.7924,1.886,0.067,0.6532,0.1103,MEDIUM
VM_011,1378752000,2.0,1.8736,1.7825,1.6379,2.1878,2.2051,1.4977,1.9223,2.3952,0.2937,0.6532,0.19,HIGH
VM_011,1378752300,2.0,1.57,1.8278,1.9208,2.3271,2.0292,1.5714,1.9507,2.3271,0.2652,0.6532,0.1734,MEDIUM
VM_011,1378752600,2.0,1.6363,1.9216,1.9484,2.088,1.9547,1.7241,1.9089,2.088,0.1353,0.6532,0.1372,MEDIUM
VM_011,1378752900,2.0,1.6526,1.9903,2.0859,1.8942,1.8754,2.084,1.9463,2.1263,0.1322,0.6532,0.1399,MEDIUM
VM_011,1378753200,2.0,1.6713,1.9312,1.9692,1.848,1.7742,1.9341,1.8547,1.9692,0.0937,0.6532,0.119,MEDIUM
VM_011,1378753500,2.0,1.8705,1.9551,1.9132,1.8545,1.8921,1.7864,1.8734,1.9691,0.0538,0.6532,0.1054,MEDIUM
VM_011,1378753800,2.0,1.898,1.9418,1.9585,1.8211,1.9031,1.9367,1.8961,1.9585,0.0486,0.6532,0.1011,MEDIUM
VM_011,1378754100,2.0,1.9061,1.9579,1.9088,1.8974,1.9427,1.8668,1.9107,1.9877,0.0449,0.6532,0.1044,MEDIUM
VM_011,1378754400,2.0,1.9928,1.9974,1.88,1.9458,2.0179,1.9514,1.9543,2.0179,0.063,0.6532,0.1092,MEDIUM
VM_011,1378754700,2.0,2.0386,2.0263,1.9202,2.0359,2.0859,1.9313,2.0065,2.1247,0.0773,0.6532,0.1158,MEDIUM
VM_011,1378755000,2.0,2.0822,2.0589,1.8811,2.144,2.2407,2.015,2.082,2.288,0.1249,0.6532,0.1344,MEDIUM
VM_011,1378755300,2.0,2.0423,2.1056,1.9558,2.2257,2.208,1.9423,2.0946,2.2486,0.1098,0.6532,0.1201,MEDIUM
VM_011,1378755600,2.0,2.0465,2.0877,1.922,2.2559,2.2537,1.93,2.1079,2.3106,0.1382,0.6532,0.1298,MEDIUM
VM_011,1378755900,2.0,2.0441,2.1253,1.9889,2.2908,2.2446,1.9047,2.1216,2.306,0.1354,0.6532,0.1313,MEDIUM
VM_011,1378756200,2.0,1.9949,2.1425,2.1428,2.4496,2.3853,1.9442,2.2434,2.5838,0.2065,0.6532,0.1595,MEDIUM
VM_011,1378756500,2.0,2.083,2.1946,2.14,2.274,2.2065,1.8854,2.1502,2.3247,0.1303,0.6532,0.1358,MEDIUM
VM_011,1378756800,1.6,2.0652,2.2052,2.178,2.1587,2.0668,1.8734,2.0893,2.2052,0.1077,0.6618,0.1242,MEDIUM
VM_011,1378757100,2.0,2.0227,2.1447,2.1177,2.0209,1.9477,1.8819,2.0014,2.1447,0.0804,0.6618,0.116,MEDIUM
VM_011,1378757400,2.0,2.0538,2.1351,2.118,2.0016,2.1269,2.3743,2.1067,2.3743,0.114,0.0816,0.0571,MEDIUM
VM_011,1378757700,2.0,2.032,2.0813,2.0933,1.9467,2.0829,2.4125,2.0699,2.4125,0.1453,0.0816,0.0694,MEDIUM
VM_011,1378758000,2.0,1.9858,1.9806,2.0048,1.7792,2.1401,2.9155,2.098,2.9155,0.376,0.0816,0.1497,MEDIUM
VM_011,1378758300,2.0,1.8788,2.1247,2.1766,1.7784,2.912,5.0772,2.7413,5.0772,1.1767,0.0816,0.4031,HIGH
VM_011,1378758600,2.0,1.8653,2.1592,2.2481,1.7736,2.9536,5.2913,2.8115,5.2913,1.2495,0.0816,0.4105,HIGH
VM_011,1378758900,2.0,2.1496,2.29,2.2861,2.2039,2.4439,2.6978,2.3633,2.6978,0.1875,0.0816,0.0753,MEDIUM
VM_011,1378759200,2.0,2.2639,2.1698,2.1387,3.4755,3.3952,2.0927,2.7912,4.126,0.7239,0.0816,0.2511,HIGH
VM_011,1378759500,2.0,1.8583,2.1431,2.3641,3.5794,3.0208,1.7345,2.6673,3.7884,0.726,0.0816,0.2534,HIGH
VM_011,1378759800,2.0,1.8302,2.3846,2.7069,3.6988,2.7884,1.6636,2.7018,3.6988,0.7227,0.0816,0.2512,HIGH
VM_011,1378760100,2.0,1.9488,2.4583,2.7785,3.3412,2.5175,1.7327,2.5808,3.3412,0.5826,0.0816,0.2074,HIGH
VM_011,1378760400,2.0,2.2609,3.0273,3.4032,3.3176,2.2858,1.8002,2.6934,3.5647,0.6506,0.0816,0.2266,HIGH
VM_011,1378760700,2.0,2.4393,2.8155,2.9532,2.5867,2.2128,2.0138,2.4518,2.9532,0.3095,0.0816,0.1216,MEDIUM
VM_011,1378761000,2.0,2.4142,2.7984,2.9324,2.4161,2.184,2.1636,2.4198,2.9324,0.2617,0.0816,0.1069,MEDIUM
VM_011,1378761300,2.0,2.3812,2.569,2.5951,2.352,2.2629,2.1043,2.3231,2.5951,0.1502,0.0816,0.0685,MEDIUM
VM_011,1378761600,8.0,3.6801,2.6251,2.0635,1.5574,1.4542,1.3787,1.8654,3.6801,0.6666,1.231,0.4419,HIGH
VM_011,1378761900,2.0,2.1526,2.0264,2.4989,2.091,2.4783,3.8,2.5004,3.8,0.6252,1.231,0.3849,HIGH
VM_011,1378762200,2.0,1.4865,1.7634,2.0012,2.1296,2.8556,3.3276,2.4014,3.5739,0.6392,1.231,0.4048,HIGH
VM_011,1378762500,2.0,2.0202,2.0755,1.9716,2.4259,2.9386,2.8663,2.4949,3.1847,0.4242,1.231,0.3014,HIGH
VM_011,1378762800,2.0,1.9787,2.243,2.2296,2.2635,2.6791,2.7124,2.3843,2.7597,0.2501,1.231,0.2503,HIGH
VM_011,1378763100,2.0,4.1941,2.848,1.5461,2.6973,4.8492,1.8052,3.0435,6.7929,1.6239,1.231,0.558,HIGH
VM_011,1378763400,2.0,3.2883,2.087,1.3654,2.9454,4.4315,1.2857,2.807,6.5596,1.6232,1.231,0.558,HIGH
VM_011,1378763700,2.0,1.1412,2.0105,2.8731,4.4766,2.7861,1.1261,2.7561,4.4766,1.1953,1.231,0.5542,HIGH
VM_011,1378764000,2.0,1.0118,2.5069,3.3255,4.2903,2.0618,1.6393,2.6814,4.2903,1.0702,1.2247,0.5449,HIGH
VM_011,1378764300,2.0,1.573,3.459,4.0967,3.7203,1.7064,2.2372,2.7915,4.7191,1.1215,1.2247,0.532,HIGH
VM_011,1378764600,2.0,1.9978,3.7634,4.2173,3.4125,1.8361,2.5716,2.8586,4.522,0.9952,1.2247,0.4942,HIGH
VM_011,1378764900,2.0,3.299,4.2869,4.1329,2.5498,1.6118,2.1149,2.6305,4.2869,0.9748,1.2247,0.4954,HIGH
VM_011,1378765200,2.0,3.5274,3.8872,3.6204,2.1416,1.7202,2.4514,2.5234,3.8872,0.7509,1.2247,0.4215,HIGH
VM_011,1378765500,2.0,2.8908,2.6928,2.3717,1.6124,1.6366,2.144,1.9773,2.8908,0.427,1.2247,0.3084,HIGH
VM_011,1378765800,10.6,4.8045,3.1872,2.0563,1.4774,1.7003,1.8266,2.0596,4.8045,0.9388,2.0964,0.6636,HIGH
VM_011,1378766100,2.0,2.4772,2.2648,2.4178,1.6832,1.7504,2.4839,1.9914,2.4839,0.3322,2.0964,0.3745,HIGH
VM_011,1378766400,2.0,1.3068,1.5183,1.7234,1.8809,2.0585,2.0848,1.7912,2.0848,0.2259,2.0964,0.361,HIGH
VM_011,1378766700,2.0,1.6202,1.7925,1.8419,2.2414,2.1354,1.5706,1.91,2.2512,0.2486,2.0964,0.3495,HIGH
VM_011,1378767000,2.0,1.3826,1.7472,1.9172,1.9423,1.7404,1.507,1.7148,1.9423,0.1874,2.0964,0.3352,HIGH
VM_011,1378767300,2.0,1.6624,1.8585,2.0091,2.0984,1.7778,1.634,1.8386,2.0984,0.1756,2.0964,0.3376,HIGH
VM_011,1378767600,2.0,1.7474,1.8902,2.0116,2.2103,1.7852,1.5874,1.9022,2.2103,0.2069,2.0964,0.3427,HIGH
VM_011,1378767900,2.0,1.876,2.0278,2.1612,1.9958,1.7325,1.7449,1.8968,2.1612,0.1552,2.0964,0.3271,HIGH
VM_011,1378768200,2.0,1.886,2.0541,2.1998,1.8456,1.7034,1.7586,1.8651,2.1998,0.1732,2.0964,0.3367,HIGH
VM_011,1378768500,2.0,2.0089,2.2419,2.503,1.9374,1.7344,1.924,2.0213,2.503,0.2332,2.0964,0.3599,HIGH
VM_011,1378768800,2.0,2.7443,2.0246,2.0384,1.5766,2.7485,5.7147,2.7336,5.7147,1.309,1.7555,0.6253,HIGH
VM_011,1378769100,2.0,2.3957,2.4472,3.0745,0.811,7.0329,19.4277,6.2635,19.4277,6.7103,1.7555,0.6253,HIGH
VM_011,1378769400,2.0,1.665,2.614,3.6946,0.4588,10.3284,29.5783,8.9303,29.5783,10.8215,1.7555,0.6253,HIGH
VM_011,1378769700,2.0,0.0,2.0124,3.2098,0.0,14.8848,41.9561,12.0282,43.4214,16.2999,1.7555,0.6253,HIGH
VM_011,1378770000,2.0,0.1716,2.2528,3.2463,0.6477,14.2521,37.8689,11.3329,39.4825,14.6145,1.7555,0.6253,HIGH
VM_011,1378770300,2.0,9.156,1.4301,0.0,19.2563,27.4481,3.687,13.4385,37.5867,12.2809,1.7555,0.6253,HIGH
VM_011,1378770600,2.0,9.337,1.4057,0.0,23.3205,29.8215,0.0,14.4754,43.7211,14.7716,1.7555,0.6253,HIGH
VM_011,1378770900,2.0,4.6215,1.729,3.6439,26.6138,26.2815,0.0,14.529,40.6095,13.9839,1.7555,0.6253,HIGH
VM_011,1378771200,2.0,0.0,4.5996,13.0877,27.5749,16.209,0.0,13.5681,27.7984,10.6743,1.7555,0.6253,HIGH
VM_011,1378771500,2.0,2.2897,18.8829,29.5409,22.1552,6.0281,0.4483,14.1187,33.5761,11.4086,1.7555,0.6253,HIGH
VM_011,1378771800,2.0,11.7627,28.6021,36.8377,15.9363,2.4266,1.4357,14.6222,36.8377,12.8239,1.7555,0.6253,HIGH
VM_011,1378772100,2.0,23.7842,36.3228,39.7675,6.395,0.0,2.3845,13.787,39.7675,14.5938,1.7555,0.6253,HIGH
VM_011,1378772400,2.0,21.8445,31.856,34.3651,5.276,0.0,3.1539,12.2301,34.3651,12.5535,1.7555,0.6253,HIGH
VM_011,1378772700,48.4,75.1981,42.971,15.5151,0.0,2.1317,0.3001,12.2271,75.1981,22.348,9.5573,1.0,HIGH
VM_011,1378773000,52.7333,49.5584,21.2844,1.9455,1.0538,4.0427,3.1582,7.7635,49.5584,13.7165,13.7267,1.0,HIGH
VM_011,1378773300,41.0,6.8376,2.2085,1.2341,2.4675,3.2881,2.6461,2.8263,6.8376,1.3436,15.4296,1.0,HIGH
VM_011,1378773600,2.0,1.0119,1.2664,2.627,1.2896,1.7297,1.2766,1.6514,2.627,0.4985,15.4296,0.7923,HIGH
VM_011,1378773900,2.0,1.8331,2.2781,2.9122,1.5262,1.7749,1.5623,1.8466,2.9122,0.4798,15.4296,0.8222,HIGH
VM_011,1378774200,2.0,1.8107,2.1129,2.5244,1.5037,2.1804,2.0829,1.9545,2.5244,0.3308,15.4296,0.7422,HIGH
VM_011,1378774500,2.0,2.1385,1.638,1.8068,2.1132,2.1354,2.18,2.0771,2.5313,0.2456,15.4296,0.7056,HIGH
VM_011,1378774800,2.0,2.4568,1.6223,1.5688,2.0987,2.1256,2.5077,2.099,2.6063,0.3289,15.4296,0.7227,HIGH
VM_011,1378775100,2.0,2.0367,1.4871,1.4669,2.2651,1.9183,2.0645,2.0078,2.3784,0.2908,15.4296,0.7078,HIGH
VM_011,1378775400,2.0,1.7645,1.7445,1.7743,2.3341,1.7651,1.7692,1.9687,2.3862,0.2387,15.4296,0.6836,HIGH
VM_011,1378775700,2.0,1.7624,1.7475,1.5799,2.1521,2.1556,2.0165,1.9874,2.1564,0.1889,15.4296,0.6682,HIGH
VM_011,1378776000,2.0,2.0202,2.0702,1.9028,1.8383,2.0488,1.9452,1.9708,2.0702,0.0678,15.4296,0.6274,HIGH
VM_011,1378776300,2.0,1.9539,2.1349,1.9061,1.6346,2.0322,1.724,1.9011,2.1349,0.1256,15.4296,0.6592,HIGH
VM_011,1378776600,2.0,1.8593,2.0507,1.7802,1.4296,1.9454,1.724,1.7826,2.0507,0.1539,15.4296,0.6735,HIGH
VM_011,1378776900,2.0,1.8189,1.8085,1.7118,1.7206,2.1809,1.679,1.8882,2.1809,0.1487,15.4296,0.6594,HIGH
VM_011,1378777200,2.0,1.7292,1.6508,1.6392,1.7783,2.1084,1.6751,1.8393,2.1084,0.1486,15.4296,0.6555,HIGH
VM_011,1378777500,2.0,1.7949,1.33,1.5475,1.7223,1.5727,1.2459,1.6044,1.8702,0.1849,15.4296,0.6738,HIGH
VM_011,1378777800,2.0,1.771,1.5885,1.6603,1.6687,1.5447,1.4612,1.6438,1.8659,0.1162,15.4296,0.6479,HIGH
VM_011,1378778100,2.0,1.5636,1.5112,1.3941,1.9597,2.0708,2.118,1.8648,2.2163,0.2675,15.4296,0.6972,HIGH
VM_011,1378778400,2.0,1.8993,1.7502,1.3345,1.9026,2.2154,2.0096,1.9054,2.2154,0.2466,15.4296,0.7042,HIGH
VM_011,1378778700,2.0,1.9742,2.0607,1.4361,1.9311,2.2895,1.7119,1.9789,2.2895,0.2568,15.4296,0.7009,HIGH
VM_011,1378779000,2.0,1.8242,2.0503,1.4635,1.9811,2.3413,1.4587,1.9889,2.5287,0.3288,15.4296,0.7265,HIGH
VM_011,1378779300,2.0,2.1001,2.6102,1.5912,1.83,2.6077,0.962,2.074,3.1637,0.5687,15.4296,0.8604,HIGH
VM_011,1378779600,2.0,1.9017,2.3533,1.5536,1.8406,2.3042,1.0148,1.948,2.7866,0.4368,15.4296,0.8095,HIGH
VM_011,1378779900,2.0,2.5836,1.9502,1.0632,2.0249,1.2273,1.2989,1.7631,2.5836,0.4443,12.7848,0.7798,HIGH
VM_011,1378780200,2.0,2.5726,1.8927,1.1238,2.1621,1.0818,1.8626,1.8425,2.5726,0.4066,7.9608,0.7763,HIGH
VM_011,1378780500,2.0,2.1645,1.8485,1.857,2.2796,1.4166,2.6816,2.0891,2.6816,0.3581,0.0,0.1496,MEDIUM
VM_011,1378780800,2.0,1.4242,1.5575,1.9177,2.0128,1.6478,1.95,1.7285,2.0916,0.2359,0.0,0.0897,MEDIUM
VM_011,1378781100,2.0,2.0781,2.0535,2.6419,2.1221,2.4018,1.698,2.0941,2.6419,0.286,0.0,0.1181,MEDIUM
VM_011,1378781400,2.0,2.3744,1.7341,2.1486,2.1655,2.4761,1.4851,2.0216,2.4761,0.2957,0.0,0.1172,MEDIUM
VM_011,1378781700,2.0,2.7252,1.6884,1.9423,2.4634,2.502,1.901,2.1486,2.7252,0.3433,0.0,0.1317,MEDIUM
VM_011,1378782000,2.0,2.7745,1.8852,1.8549,2.2579,2.2808,1.8872,2.0644,2.7745,0.3048,0.0,0.139,MEDIUM
VM_011,1378782300,2.0,1.999,1.9745,1.8146,1.9141,1.7115,1.6048,1.7816,1.999,0.116,0.0,0.0466,MEDIUM
VM_011,1378782600,2.0,1.9004,1.9261,1.7874,1.83,1.59,1.5425,1.7031,1.9261,0.1226,0.0,0.0454,MEDIUM
VM_011,1378782900,2.0,2.0145,1.9913,1.9645,1.8875,1.7198,1.8225,1.828,2.0145,0.1107,0.0,0.0426,MEDIUM
VM_011,1378783200,2.0,1.7634,1.7527,1.8098,1.6969,1.6635,1.5582,1.6838,1.8098,0.0789,0.0,0.0298,MEDIUM
VM_011,1378783500,2.0,2.151,1.9261,1.8636,1.8728,1.9775,2.034,1.9474,2.151,0.1244,0.0,0.0495,MEDIUM
VM_011,1378783800,2.0,2.105,1.8841,1.8701,1.7591,1.9025,1.988,1.8999,2.105,0.1175,0.0,0.0466,MEDIUM
VM_011,1378784100,2.0,1.9583,1.7873,1.8871,1.7995,1.8533,1.6973,1.8386,1.9583,0.0882,0.0,0.0343,MEDIUM
VM_011,1378784400,2.0,1.9785,1.7947,1.8516,1.8739,1.9047,1.6244,1.8487,2.0071,0.1128,0.0,0.0453,MEDIUM
VM_011,1378784700,2.0,1.9968,1.83,1.8305,1.8855,1.9241,1.7404,1.8712,1.9968,0.0882,0.0,0.0341,MEDIUM
VM_011,1378785000,2.0,1.6681,1.5792,1.5654,1.689,1.7131,1.4758,1.6278,1.7572,0.0873,0.0,0.0333,MEDIUM
VM_011,1378785300,2.0,1.8972,1.7873,1.7555,1.8397,1.9057,1.6676,1.8172,1.9094,0.0804,0.0,0.0286,LOW
VM_011,1378785600,2.0,1.904,1.793,1.7421,1.8315,1.9053,1.6672,1.8123,1.9053,0.0795,0.0,0.0282,LOW
VM_011,1378785900,2.0,1.963,1.8575,1.8629,1.832,1.8991,1.8728,1.869,1.963,0.0514,0.0,0.0235,LOW
VM_011,1378786200,2.0,1.8501,1.8721,1.9649,1.8108,1.8462,1.9275,1.872,1.9834,0.0655,0.0,0.026,LOW
VM_011,1378786500,2.0,1.9642,2.1231,2.1062,1.7981,1.8537,2.0025,1.9459,2.1394,0.1389,0.0,0.0492,MEDIUM
VM_011,1378786800,2.0,1.8882,2.0482,2.0874,1.7508,1.9108,2.2411,1.9741,2.3177,0.1858,0.0,0.0747,MEDIUM
VM_011,1378787100,2.0,1.1587,1.2649,1.407,1.8114,3.5488,6.7629,2.8104,6.7629,1.8779,0.0,0.4,HIGH
VM_011,1378787400,2.0,1.2246,1.2861,1.4324,1.9026,3.5676,6.2498,2.7749,6.2498,1.6873,0.0,0.4,HIGH
VM_011,1378787700,2.0,1.975,1.6121,1.7181,2.3703,3.3829,3.3038,2.5474,3.5237,0.6958,0.0,0.2261,HIGH
VM_011,1378788000,2.0,1.9712,1.6846,1.9232,3.258,3.6841,2.402,2.7457,4.0164,0.7452,0.0,0.2758,HIGH
VM_011,1378788300,2.0,2.0381,2.0613,2.5538,3.6621,3.2963,1.7667,2.8099,3.9142,0.6851,0.0,0.254,HIGH
VM_011,1378788600,2.0,2.0003,2.1915,2.786,3.7677,2.8992,1.3594,2.7221,3.7677,0.7019,0.0,0.2848,HIGH
VM_011,1378788900,2.0,1.5919,2.1295,3.0244,3.9502,2.7131,1.5672,2.7221,3.9502,0.7393,0.0,0.2818,HIGH
VM_011,1378789200,2.0,1.5625,2.1933,2.983,3.6152,2.4941,1.4748,2.5794,3.6152,0.6727,0.0,0.2531,HIGH
VM_011,1378789500,2.0,3.3429,3.329,3.4154,3.1167,2.1532,2.0417,2.7272,3.4154,0.5756,0.0,0.1625,MEDIUM
VM_011,1378789800,2.0,3.9045,3.74,3.4355,2.7688,1.8589,2.2417,2.6778,3.9045,0.7494,0.0,0.2568,HIGH
VM_011,1378790100,2.0,4.1746,3.9056,3.5105,2.7284,1.805,2.4611,2.7232,4.1746,0.8322,0.0,0.3046,HIGH
VM_011,1378790400,10.0,6.7183,4.344,2.7135,1.6258,1.1974,1.5729,2.3198,6.7183,1.6126,1.633,0.6096,HIGH
VM_011,1378790700,2.0,2.5564,2.0783,2.4755,2.1784,1.877,2.6175,2.1951,2.6175,0.2727,1.633,0.3111,HIGH
VM_011,1378791000,2.0,1.8902,1.783,1.7986,1.8969,2.3804,2.3639,2.0129,2.4925,0.3141,1.633,0.3283,HIGH
VM_011,1378791300,2.0,1.9991,1.8531,1.7159,2.0391,2.5316,1.8338,2.0637,2.5316,0.2597,1.633,0.306,HIGH
VM_011,1378791600,2.0,1.9009,2.1527,1.9188,1.7058,2.2175,2.1903,1.9455,2.2175,0.1865,1.633,0.2715,HIGH
VM_011,1378791900,2.0,1.9874,2.1528,1.8868,2.0323,2.1169,1.6717,1.9875,2.1939,0.138,1.633,0.2713,HIGH
VM_011,1378792200,2.0,2.109,2.2042,1.813,2.3572,2.2537,1.9671,2.1667,2.3572,0.1566,1.633,0.2739,HIGH
VM_011,1378792500,2.0,1.8063,1.7709,1.5871,1.8503,1.7203,1.6818,1.7065,1.8503,0.0756,1.633,0.2407,HIGH
VM_011,1378792800,2.0,1.6711,1.9949,1.9931,2.0206,1.8152,1.9432,1.907,2.0617,0.1319,1.633,0.2558,HIGH
VM_011,1378793100,2.0,1.7549,2.0276,2.0937,1.9982,1.8361,2.1659,1.9698,2.2703,0.1855,1.633,0.2814,HIGH
VM_011,1378793400,2.0,1.8717,1.9813,1.9846,1.9924,1.8515,1.9959,1.9322,2.1114,0.0985,1.633,0.2535,HIGH
VM_011,1378793700,2.0,1.779,1.9436,1.9453,1.8974,1.8268,1.9308,1.8855,2.0585,0.0909,1.633,0.2521,HIGH
VM_011,1378794000,2.0,2.0482,2.055,2.0188,1.6774,1.7996,2.3612,1.9484,2.3612,0.2234,1.633,0.3013,HIGH
VM_011,1378794300,2.0,1.8537,1.8886,1.855,1.9155,1.9159,1.8895,1.9068,2.0406,0.0766,1.633,0.2376,HIGH
VM_011,1378794600,2.2,1.901,1.9392,1.9262,1.938,1.8754,1.7166,1.8923,2.0264,0.0782,1.6317,0.246,HIGH
VM_011,1378794900,2.0,1.9108,1.915,1.8711,1.9914,1.9347,1.7678,1.9132,2.057,0.0769,1.6317,0.2436,HIGH
VM_011,1378795200,2.0,1.9589,1.9076,1.7213,1.6197,1.6874,1.7348,1.736,1.9589,0.1003,1.6317,0.252,HIGH
VM_011,1378795500,2.0,1.7744,1.9136,1.9162,2.1211,2.0275,1.7276,1.9482,2.1314,0.128,1.6317,0.2572,HIGH
VM_011,1378795800,2.0,1.9843,2.0387,1.9853,2.1515,2.0545,1.7901,2.0074,2.1515,0.1082,1.6317,0.2521,HIGH
VM_011,1378796100,2.0,1.7953,2.0328,2.0967,2.1788,2.1004,1.8226,2.0359,2.204,0.1391,1.6317,0.2577,HIGH
VM_011,1378796400,2.0,1.7659,1.9956,2.0383,2.089,2.1371,1.9148,2.0308,2.2342,0.113,1.6317,0.2648,HIGH
VM_011,1378796700,2.0,1.6718,1.795,1.7801,1.7794,1.837,1.766,1.7885,1.8664,0.0541,1.6317,0.2324,HIGH
VM_011,1378797000,2.0,1.8087,1.9607,1.9422,1.7998,1.8368,1.8214,1.8619,1.9607,0.0668,1.6317,0.2366,HIGH
VM_011,1378797300,2.0,1.7632,1.8544,1.8385,1.8274,1.8323,1.7927,1.8285,1.89,0.0422,1.6317,0.2266,HIGH
VM_011,1378797600,2.0,1.9971,1.8063,1.678,1.7617,1.8476,2.5278,1.9036,2.5278,0.256,0.0408,0.115,MEDIUM
VM_011,1378797900,2.0,1.8287,1.8081,1.8599,1.7371,2.184,2.9494,2.0396,2.9494,0.4092,0.0408,0.157,MEDIUM
VM_011,1378798200,2.0,1.7237,1.8738,1.9626,1.924,2.252,2.4844,2.0596,2.4844,0.2553,0.0408,0.0952,MEDIUM
VM_011,1378798500,2.0,1.9085,2.0027,2.0323,2.0378,2.4548,2.3748,2.1811,2.5799,0.2362,0.0408,0.0861,MEDIUM
VM_011,1378798800,2.0,1.8994,1.9116,1.9085,2.0644,2.336,2.0425,2.0786,2.375,0.1769,0.0408,0.0673,MEDIUM
VM_011,1378799100,2.0,2.0098,1.9416,1.8644,1.9657,1.9946,1.8064,1.9424,2.0583,0.0694,0.0408,0.035,MEDIUM
VM_011,1378799400,2.0,1.9153,1.8995,1.8652,1.9875,1.9028,1.7285,1.8934,1.9875,0.0652,0.0408,0.0359,MEDIUM
VM_011,1378799700,2.0,1.7586,1.8063,1.8137,1.8586,1.8804,1.7331,1.8235,1.909,0.0508,0.0408,0.0261,LOW
VM_011,1378800000,2.0,1.7137,1.8535,1.8818,1.9073,1.7409,1.7029,1.8071,1.9073,0.0719,0.0408,0.0294,LOW
VM_011,1378800300,2.0,1.748,1.813,1.9392,1.8714,1.7486,1.801,1.826,1.9392,0.076,0.0408,0.0309,MEDIUM
VM_011,1378800600,2.0,1.9341,2.0282,2.2343,1.9772,1.8248,1.8952,1.9717,2.2343,0.1254,0.0408,0.0542,MEDIUM
VM_011,1378800900,2.0,2.229,2.3395,2.5101,2.1705,2.0973,2.1246,2.2244,2.5101,0.148,0.0408,0.0599,MEDIUM
VM_011,1378801200,2.0,2.2791,2.3757,2.462,2.2879,2.2673,2.1699,2.305,2.462,0.0998,0.0408,0.042,MEDIUM
VM_011,1378801500,2.0,1.7407,1.9806,1.809,2.1543,2.2233,1.9911,2.0412,2.3092,0.1556,0.0408,0.0725,MEDIUM
VM_011,1378801800,2.0,1.7639,1.92,1.7494,2.1008,2.1728,1.9295,1.991,2.2581,0.1464,0.0,0.0602,MEDIUM
VM_011,1378802100,2.0,1.886,1.8342,1.8627,2.0703,2.1582,2.0589,2.0108,2.1582,0.1131,0.0,0.0383,MEDIUM
VM_011,1378802400,2.0,1.9154,1.8679,1.9101,2.1027,2.1609,2.0073,2.0329,2.1991,0.1023,0.0,0.0392,MEDIUM
VM_011,1378802700,2.0,1.9612,1.8744,1.9509,2.1169,2.1729,2.053,2.0511,2.1729,0.0937,0.0,0.0353,MEDIUM
VM_011,1378803000,2.0,1.9593,1.9019,1.982,2.1546,2.1485,2.0448,2.058,2.1546,0.0799,0.0,0.0299,MEDIUM
VM_011,1378803300,2.0,2.0042,1.9778,2.0622,2.1756,2.1404,2.0402,2.081,2.1756,0.0563,0.0,0.0234,LOW
VM_011,1378803600,2.0,2.0695,1.9761,2.0699,2.1215,2.101,1.9968,2.0553,2.1215,0.0447,0.0,0.0172,LOW
VM_011,1378803900,2.0,1.9979,1.9548,2.0332,2.0954,2.0535,1.9177,2.0204,2.108,0.0546,0.0,0.0225,LOW
VM_011,1378804200,2.0,1.9222,1.9858,2.0738,2.0791,1.995,2.0125,2.0132,2.1,0.0605,0.0,0.0211,LOW
VM_011,1378804500,2.0,1.9403,1.9903,2.0727,2.0672,1.9432,1.8991,1.9855,2.094,0.0694,0.0,0.0231,LOW
VM_011,1378804800,2.0,1.8049,1.7947,1.889,1.9544,1.9703,2.2971,1.9538,2.2971,0.164,0.0,0.0658,MEDIUM
VM_011,1378805100,2.0,1.8494,1.8013,1.8542,2.042,2.072,1.9879,1.9616,2.072,0.0844,0.0,0.032,MEDIUM
VM_011,1378805400,2.0,1.8634,1.8233,1.847,1.9984,2.0434,1.9645,1.9411,2.0434,0.0696,0.0,0.026,LOW
VM_011,1378805700,3.8667,2.3204,1.9814,1.8036,1.8116,2.0379,1.8947,1.9297,2.3204,0.1456,0.381,0.1167,MEDIUM
VM_011,1378806000,3.1333,1.9814,1.9428,1.9743,2.1577,2.3378,2.3673,2.1561,2.3785,0.1687,0.4371,0.1096,MEDIUM
VM_011,1378806300,2.0,1.9322,1.9587,1.9292,1.9751,2.058,2.0068,1.9791,2.064,0.0524,0.4371,0.0762,MEDIUM
VM_011,1378806600,2.0,1.979,2.0177,2.0058,2.1507,2.1583,1.9615,2.0714,2.1583,0.0651,0.4371,0.0794,MEDIUM
VM_011,1378806900,2.0,1.9867,2.047,2.0709,2.1757,2.1814,2.0354,2.1039,2.1814,0.0573,0.4371,0.0791,MEDIUM
VM_011,1378807200,2.0,2.0626,2.0405,2.1133,2.1947,2.0483,1.8919,2.07,2.1947,0.0907,0.4371,0.0919,MEDIUM
VM_011,1378807500,2.2667,2.0899,2.0881,2.1945,2.2128,2.071,1.9952,2.1172,2.2128,0.0702,0.4372,0.0818,MEDIUM
VM_011,1378807800,2.0,1.9903,1.988,2.0611,2.2511,2.057,1.8581,2.0521,2.2511,0.1107,0.4372,0.1026,MEDIUM
VM_011,1378808100,2.2667,2.0249,1.9978,1.9948,2.316,2.2286,2.0003,2.13,2.3214,0.1179,0.4369,0.0947,MEDIUM
VM_011,1378808400,2.0,1.9895,2.0346,2.0661,2.2124,2.1245,1.9913,2.0961,2.2124,0.0738,0.4369,0.0824,MEDIUM
VM_011,1378808700,2.0,2.0515,2.0719,2.0242,2.2315,2.1869,1.9922,2.1239,2.233,0.0765,0.4369,0.0845,MEDIUM
VM_011,1378809000,2.2,2.0422,2.079,2.0265,2.1521,2.0949,1.9358,2.0777,2.1665,0.0583,0.4359,0.0832,MEDIUM
VM_011,1378809300,2.4,2.0214,2.0605,2.0577,2.1814,2.0867,1.9452,2.088,2.1814,0.0637,0.4373,0.084,MEDIUM
VM_011,1378809600,2.2,1.8502,2.0787,2.0323,2.155,2.1153,2.0863,2.0878,2.1853,0.0889,0.4358,0.0956,MEDIUM
VM_011,1378809900,2.2,1.9196,2.024,2.0265,2.2369,2.1824,2.19,2.1396,2.299,0.106,0.4341,0.1006,MEDIUM
VM_011,1378810200,2.1333,1.98,1.9784,2.0353,2.2792,2.3111,2.3332,2.199,2.4392,0.1493,0.4325,0.11,MEDIUM
VM_011,1378810500,2.1333,2.1404,2.17,2.2183,2.3569,2.3438,2.3535,2.2918,2.4528,0.0858,0.4307,0.0922,MEDIUM
VM_011,1378810800,2.1333,1.9949,2.1089,2.2151,2.4116,2.3018,2.2798,2.2616,2.4116,0.1112,0.4289,0.1043,MEDIUM
VM_011,1378811100,2.2667,1.9779,2.125,2.1496,2.0698,2.126,2.3517,2.1318,2.3517,0.0974,0.4268,0.099,MEDIUM
VM_011,1378811400,2.2,1.8442,1.9648,1.986,1.9861,2.0193,2.1798,2.0116,2.1798,0.0906,0.4243,0.0941,MEDIUM
VM_011,1378811700,2.3333,1.9931,1.9117,1.9053,2.0762,2.0584,2.1222,2.0176,2.1222,0.0601,0.4221,0.0798,MEDIUM
VM_011,1378812000,2.1333,1.8246,1.8192,1.8325,1.9686,1.9729,2.0136,1.9234,2.0136,0.0662,0.4196,0.0768,MEDIUM
VM_011,1378812300,2.2667,2.0919,2.0851,2.0304,2.0987,2.0309,2.0713,2.0577,2.1447,0.0593,0.4164,0.0761,MEDIUM
VM_011,1378812600,2.2,2.2945,2.2568,2.1935,2.1898,2.0768,2.0829,2.1548,2.2993,0.1098,0.4131,0.0949,MEDIUM
VM_011,1378812900,2.1333,2.4361,2.2051,2.1297,2.2387,2.0661,2.1332,2.1629,2.4361,0.1241,0.2329,0.0923,MEDIUM
VM_011,1378813200,2.0,2.2821,2.0927,2.0462,2.184,2.0581,2.0914,2.1071,2.2821,0.087,0.1222,0.0576,MEDIUM
VM_011,1378813500,2.0667,2.0578,2.0043,1.9822,2.0731,1.9645,1.9981,2.0095,2.1257,0.0599,0.1195,0.0406,MEDIUM
VM_011,1378813800,2.0667,2.0507,1.9907,1.942,2.051,1.9522,1.9386,1.9837,2.0927,0.0556,0.1167,0.0356,MEDIUM
VM_011,1378814100,2.2,2.1796,2.0341,1.8923,2.036,1.9563,1.9172,1.9829,2.1796,0.0763,0.1126,0.0484,MEDIUM
VM_011,1378814400,2.0667,2.1066,1.9777,1.8188,1.9634,1.8645,1.7884,1.9065,2.1066,0.0834,0.1093,0.0517,MEDIUM
VM_011,1378814700,2.0,2.1944,2.0449,1.8266,2.0204,1.9409,1.8658,1.9637,2.1944,0.0911,0.1116,0.0578,MEDIUM
VM_011,1378815000,2.1333,2.168,2.0178,1.813,1.9773,1.917,1.878,1.9455,2.168,0.0833,0.1071,0.0557,MEDIUM
VM_011,1378815300,2.1333,2.2072,2.1494,1.9892,2.1029,2.0411,2.0136,2.0831,2.2072,0.0588,0.1045,0.0392,MEDIUM
VM_011,1378815600,2.2,2.192,2.2128,2.1017,2.1259,2.0146,1.9957,2.102,2.2128,0.0766,0.0999,0.0385,MEDIUM
VM_011,1378815900,2.0,2.0855,2.0942,2.066,2.0655,2.0256,2.0694,2.0689,2.127,0.0416,0.0999,0.0306,MEDIUM
VM_011,1378816200,2.0,2.0796,2.1046,2.0757,2.0566,2.0311,2.1236,2.0853,2.1785,0.0502,0.1045,0.0375,MEDIUM
VM_011,1378816500,2.0,2.0625,2.0399,1.9951,1.9985,1.9637,2.0406,2.019,2.0899,0.0411,0.0943,0.0302,MEDIUM
VM_011,1378816800,2.0,2.0873,2.132,2.0559,2.1346,2.0361,2.0074,2.0863,2.1866,0.0521,0.0969,0.0336,MEDIUM
VM_011,1378817100,2.0,2.0122,2.1237,2.0132,2.11,2.0693,1.9491,2.0776,2.2372,0.071,0.0988,0.0467,MEDIUM
VM_011,1378817400,2.0,1.9499,2.0437,1.8893,2.0224,2.0828,1.8848,2.0251,2.1547,0.0771,0.1015,0.0449,MEDIUM
VM_011,1378817700,2.0,2.0189,2.1853,1.9354,2.1666,2.2989,1.9887,2.1501,2.2989,0.1118,0.1039,0.0563,MEDIUM
VM_011,1378818000,2.0,1.9152,2.0556,1.8422,2.0244,2.1151,1.8601,2.0117,2.141,0.0898,0.1059,0.0489,MEDIUM
VM_011,1378818300,2.0667,1.725,2.1107,2.196,2.0759,1.7781,1.8681,1.9696,2.2459,0.1719,0.0999,0.0744,MEDIUM
VM_011,1378818600,2.0,1.6867,2.0201,2.1144,1.9576,1.7093,1.8191,1.8843,2.1144,0.1423,0.0988,0.0633,MEDIUM
VM_011,1378818900,2.0,1.7142,1.9998,2.0591,1.9283,1.7459,1.8018,1.869,2.0591,0.1151,0.0845,0.052,MEDIUM
VM_011,1378819200,11.1333,2.8721,2.8108,2.5894,2.379,2.3889,2.3867,2.4773,2.8721,0.1785,1.8526,0.3054,HIGH
VM_011,1378819500,11.6667,3.4337,3.3347,3.0653,2.5359,2.7839,2.7578,2.833,3.4337,0.2937,2.6398,0.445,HIGH
VM_011,1378819800,5.1333,3.2364,3.3845,3.2989,2.8698,3.0739,3.1524,3.0748,3.3845,0.186,2.6767,0.4123,HIGH
VM_011,1378820100,7.0667,3.8047,3.8162,3.5259,2.9674,3.3243,3.3942,3.3267,3.8162,0.2893,2.7973,0.4603,HIGH
VM_011,1378820400,9.9333,4.346,3.9944,3.5867,3.2089,3.8432,3.8812,3.6571,4.346,0.3878,3.1055,0.5456,HIGH
VM_011,1378820700,9.0,4.1437,3.7805,3.5049,3.4886,3.9279,3.7417,3.6999,4.1437,0.2808,3.2843,0.5361,HIGH
VM_011,1378821000,6.8,4.0677,3.7622,3.5533,3.6403,3.8624,3.612,3.7065,4.0677,0.2055,3.3187,0.5164,HIGH
VM_011,1378821300,3.8,3.8158,3.6818,3.6355,3.7957,3.8149,3.4866,3.7059,3.9347,0.1331,3.2973,0.4812,HIGH
VM_011,1378821600,3.0,3.7107,3.7478,3.8669,4.0304,3.7858,3.2721,3.7794,4.0462,0.2117,3.2784,0.5123,HIGH
VM_011,1378821900,3.2,3.7208,3.8192,3.9401,4.0446,3.5589,3.1231,3.7277,4.0605,0.282,3.2543,0.5285,HIGH
VM_011,1378822200,3.1333,3.434,3.6606,3.8345,3.8793,3.2978,3.019,3.5469,3.9215,0.2966,3.2339,0.5217,HIGH
VM_011,1378822500,3.0,3.2934,3.5717,3.7247,3.6481,3.0778,2.8876,3.3887,3.841,0.3074,3.2148,0.5253,HIGH
VM_011,1378822800,3.0,3.5065,3.848,4.045,3.5734,3.0584,3.0567,3.4948,4.1145,0.3667,3.1971,0.5354,HIGH
VM_011,1378823100,3.0,3.6498,3.8856,3.9989,3.4258,3.0555,3.1585,3.4811,4.0439,0.3384,3.173,0.5241,HIGH
VM_011,1378823400,3.2,3.4031,3.5933,3.6624,3.0248,2.8424,2.9917,3.1947,3.6624,0.2866,3.1447,0.5005,HIGH
VM_011,1378823700,3.0,3.2507,3.336,3.3355,2.7462,2.6939,2.9343,2.9823,3.336,0.2358,3.1189,0.4762,HIGH
VM_011,1378824000,3.0,3.1187,3.1034,2.9796,2.6221,2.7389,2.843,2.8564,3.1187,0.147,3.0922,0.4556,HIGH
VM_011,1378824300,3.1333,2.9409,2.9059,2.7645,2.6392,2.7976,2.8029,2.7966,2.9738,0.0959,3.0622,0.4326,HIGH
VM_011,1378824600,3.0,2.7785,2.7603,2.6116,2.5892,2.6818,2.6031,2.6618,2.8482,0.0845,3.0338,0.4226,HIGH
VM_011,1378824900,3.0,2.6419,2.5863,2.4318,2.59,2.6987,2.544,2.5925,2.8183,0.101,3.0045,0.4313,HIGH
VM_011,1378825200,3.0,2.7095,2.6393,2.4639,2.707,2.7961,2.5447,2.6652,2.9297,0.1265,2.9743,0.4368,HIGH
VM_011,1378825500,3.1333,2.4778,2.4998,2.4382,2.5156,2.5784,2.3998,2.5059,2.7577,0.0921,2.9427,0.42,HIGH
VM_011,1378825800,3.0667,2.4864,2.4988,2.4408,2.5165,2.5595,2.3703,2.4964,2.7342,0.0904,2.909,0.4163,HIGH
VM_011,1378826100,3.0,2.5791,2.6231,2.5682,2.5887,2.6013,2.4103,2.5673,2.757,0.0865,2.8759,0.4101,HIGH
VM_011,1378826400,3.0667,2.5489,2.5677,2.5626,2.5455,2.6131,2.4716,2.5653,2.7582,0.0741,2.5469,0.3608,HIGH
VM_011,1378826700,3.2667,2.4801,2.478,2.4405,2.5149,2.6029,2.5023,2.523,2.7504,0.0921,2.0275,0.3052,HIGH
VM_011,1378827000,3.0,2.3912,2.4365,2.4399,2.4815,2.5654,2.4425,2.4853,2.7107,0.0905,2.0242,0.301,HIGH
VM_011,1378827300,3.2,2.4066,2.4643,2.4739,2.4693,2.5391,2.5334,2.4929,2.6101,0.0692,1.9164,0.2745,HIGH
VM_011,1378827600,3.1333,2.353,2.4176,2.4371,2.5002,2.6403,2.7338,2.535,2.7439,0.1335,1.4021,0.2262,HIGH
VM_011,1378827900,3.0667,2.5735,2.576,2.4958,2.6986,2.8484,2.896,2.7026,2.9183,0.1622,0.7733,0.1565,MEDIUM
VM_011,1378828200,3.0,2.5817,2.6531,2.5587,2.697,2.7935,2.7698,2.6948,2.8688,0.1159,0.1714,0.067,MEDIUM
VM_011,1378828500,3.0,2.6586,2.7095,2.5888,2.7437,2.8265,2.7529,2.7283,2.8908,0.1085,0.0857,0.0555,MEDIUM
VM_011,1378828800,3.0,2.3914,2.7839,2.7478,2.7144,2.6236,2.8403,2.7075,2.9434,0.1314,0.0857,0.0763,MEDIUM
VM_011,1378829100,3.0,2.6728,2.8799,2.8652,2.8328,2.508,2.4997,2.6939,2.8799,0.1429,0.0818,0.0555,MEDIUM
VM_011,1378829400,3.0667,2.5739,2.7995,2.7901,2.7333,2.4642,2.4208,2.6243,2.7995,0.1329,0.0803,0.0551,MEDIUM
VM_011,1378829700,3.0667,2.6843,2.8834,2.8908,2.7941,2.4951,2.4322,2.6823,2.8908,0.1632,0.0794,0.0644,MEDIUM
VM_011,1378830000,3.0667,2.7873,2.8997,2.8823,2.6666,2.4335,2.2661,2.6157,2.8997,0.2032,0.0784,0.085,MEDIUM
VM_011,1378830300,3.0,2.5326,2.6235,2.5605,2.4643,2.3408,2.1717,2.4374,2.6235,0.1237,0.0784,0.0635,MEDIUM
VM_011,1378830600,3.2,2.4878,2.5313,2.4076,2.3959,2.2932,2.0575,2.3536,2.5313,0.1253,0.0784,0.0661,MEDIUM
VM_011,1378830900,3.0667,2.4129,2.4295,2.326,2.3342,2.2433,1.9905,2.2815,2.4295,0.1229,0.0773,0.0618,MEDIUM
VM_011,1378831200,3.2,2.1971,2.1874,2.0084,2.1163,2.1954,2.1486,2.1552,2.3395,0.1044,0.0809,0.0515,MEDIUM
VM_011,1378831500,3.0,2.247,2.1758,2.0138,2.1642,2.1653,1.9063,2.1155,2.3187,0.1181,0.0811,0.0592,MEDIUM
VM_011,1378831800,3.0,2.2693,2.2418,2.0949,2.2245,2.2097,1.9401,2.1654,2.3589,0.1123,0.0811,0.0599,MEDIUM
VM_011,1378832100,3.0,2.2582,2.225,2.0811,2.202,2.1894,1.9093,2.1469,2.3449,0.1154,0.0811,0.0619,MEDIUM
VM_011,1378832400,3.0667,2.1976,2.1151,1.9582,2.0673,2.0693,1.8037,2.0285,2.2111,0.1196,0.0798,0.0584,MEDIUM
VM_011,1378832700,3.0,2.2284,2.1646,2.0125,2.1203,2.1331,1.8656,2.086,2.2898,0.1188,0.0798,0.0604,MEDIUM
VM_011,1378833000,3.0,2.2611,2.192,2.0335,2.1719,2.1842,1.8959,2.1225,2.3247,0.1222,0.0809,0.0611,MEDIUM
VM_011,1378833300,3.0,2.2807,2.2384,2.0994,2.1942,2.1972,1.9339,2.1523,2.3262,0.1087,0.0809,0.0568,MEDIUM
VM_011,1378833600,3.0,2.3055,2.2845,2.1397,2.177,2.1827,1.9835,2.1616,2.3055,0.096,0.0818,0.0486,MEDIUM
VM_011,1378833900,3.0,2.2995,2.284,2.1573,2.172,2.2126,2.0659,2.1802,2.3027,0.0803,0.0694,0.0369,MEDIUM
VM_011,1378834200,3.4,2.3821,2.3348,2.1997,2.2898,2.3406,2.1236,2.2659,2.4564,0.1043,0.0992,0.0524,MEDIUM
VM_011,1378834500,3.0667,2.3959,2.3849,2.2594,2.3231,2.4035,2.2201,2.3192,2.5134,0.0939,0.0949,0.0518,MEDIUM
VM_011,1378834800,3.2667,2.347,2.304,2.174,2.314,2.4244,2.2582,2.3012,2.533,0.1151,0.1031,0.0643,MEDIUM
VM_011,1378835100,3.2,2.3266,2.2619,2.129,2.3012,2.4131,2.2453,2.2787,2.5013,0.1208,0.1067,0.0654,MEDIUM
VM_011,1378835400,3.0,2.3753,2.2743,2.1403,2.3486,2.4689,2.3025,2.3196,2.5495,0.1377,0.1067,0.0706,MEDIUM
VM_011,1378835700,3.0,2.3138,2.2234,2.0811,2.2742,2.3989,2.2615,2.2587,2.4812,0.1322,0.1067,0.069,MEDIUM
VM_011,1378836000,3.0,2.2788,2.1651,2.0257,2.2539,2.3464,2.1671,2.2087,2.4621,0.1369,0.1067,0.0722,MEDIUM
VM_011,1378836300,2.9333,2.233,2.1872,2.112,2.304,2.3251,2.2157,2.2335,2.4555,0.1054,0.1095,0.0611,MEDIUM
VM_011,1378836600,3.0,2.2961,2.2717,2.1874,2.3431,2.3569,2.2326,2.282,2.4794,0.0925,0.1103,0.0558,MEDIUM
VM_011,1378836900,3.0,2.2839,2.2654,2.1934,2.2855,2.2951,2.2084,2.2441,2.369,0.0736,0.1111,0.0463,MEDIUM
VM_011,1378837200,3.0,2.2806,2.2361,2.1687,2.2893,2.3322,2.2804,2.2576,2.3779,0.0878,0.1117,0.0494,MEDIUM
VM_011,1378837500,3.0,2.2849,2.2105,2.1131,2.2579,2.3344,2.2565,2.238,2.3763,0.1062,0.1117,0.0547,MEDIUM
VM_011,1378837800,3.0,2.3041,2.2169,2.0945,2.2496,2.3423,2.2315,2.2337,2.3859,0.1144,0.1081,0.0571,MEDIUM
VM_011,1378838100,3.0,2.2933,2.2125,2.0945,2.2265,2.326,2.209,2.2198,2.3772,0.112,0.1085,0.0577,MEDIUM
VM_011,1378838400,3.0,2.3584,2.3121,2.2111,2.4963,2.5462,2.1511,2.3655,2.6942,0.1714,0.1039,0.0776,MEDIUM
VM_011,1378838700,3.2,2.4473,2.4149,2.3497,2.7171,2.6795,2.2475,2.5103,2.8894,0.2021,0.1085,0.0898,MEDIUM
VM_011,1378839000,2.9333,2.3921,2.4556,2.3891,2.4913,2.505,2.3906,2.4417,2.5926,0.0719,0.1106,0.0467,MEDIUM
VM_011,1378839300,3.0,2.3982,2.536,2.5073,2.4536,2.5101,2.6263,2.5035,2.6734,0.0851,0.1106,0.0468,MEDIUM
VM_011,1378839600,3.0,2.4872,2.5959,2.5346,2.526,2.5285,2.4946,2.5252,2.6219,0.0449,0.1109,0.0329,MEDIUM
VM_011,1378839900,3.1333,2.5539,2.6306,2.5622,2.5674,2.5541,2.3894,2.5357,2.6604,0.0751,0.112,0.0464,MEDIUM
VM_011,1378840200,3.0667,2.5061,2.6033,2.5685,2.5042,2.4809,2.3733,2.4892,2.6033,0.0685,0.1116,0.0415,MEDIUM
VM_011,1378840500,2.9333,2.6049,2.6846,2.6122,2.6047,2.5611,2.3817,2.5627,2.6846,0.0896,0.1137,0.0504,MEDIUM
VM_011,1378840800,3.1333,2.6755,2.7007,2.5854,2.6006,2.6005,2.4596,2.5775,2.7007,0.0728,0.1146,0.0432,MEDIUM
VM_011,1378841100,3.0,2.7067,2.7055,2.5968,2.6304,2.6174,2.4225,2.5907,2.7067,0.0924,0.1146,0.0483,MEDIUM
VM_011,1378841400,3.0,2.7262,2.7089,2.5908,2.6444,2.6128,2.414,2.5932,2.7262,0.0954,0.0879,0.0482,MEDIUM
VM_011,1378841700,3.0,2.7297,2.6987,2.5688,2.6421,2.613,2.4057,2.5873,2.7297,0.0986,0.0879,0.0496,MEDIUM
VM_011,1378842000,3.0,2.7133,2.6764,2.5479,2.6726,2.6669,2.4269,2.6095,2.7785,0.1064,0.0727,0.0509,MEDIUM
VM_011,1378842300,3.0,2.7494,2.7273,2.5933,2.713,2.6876,2.4612,2.6445,2.7882,0.0993,0.0621,0.0466,MEDIUM
VM_011,1378842600,3.0667,2.7175,2.6512,2.5386,3.0069,2.9561,2.3565,2.7554,3.2517,0.2698,0.0629,0.114,MEDIUM
VM_011,1378842900,3.0,2.7416,2.6943,2.6233,2.9154,2.8136,2.4277,2.7291,3.0215,0.1773,0.0629,0.0783,MEDIUM
VM_011,1378843200,2.9333,2.7866,2.7565,2.6554,2.7655,2.636,2.4088,2.653,2.7866,0.1217,0.0651,0.053,MEDIUM
VM_011,1378843500,3.0,2.7937,2.7304,2.6023,2.646,2.6032,2.5844,2.6245,2.7937,0.0708,0.0629,0.0387,MEDIUM
VM_011,1378843800,3.0,2.7895,2.7286,2.6045,2.6471,2.5808,2.4633,2.5984,2.7895,0.0955,0.0629,0.0467,MEDIUM
VM_011,1378844100,3.0,2.8405,2.767,2.6445,2.7197,2.5978,2.5079,2.6364,2.8405,0.1003,0.0629,0.0479,MEDIUM
VM_011,1378844400,3.0,2.9194,2.7977,2.7117,2.6788,2.6434,2.8045,2.6992,2.9194,0.1027,0.0629,0.0526,MEDIUM
VM_011,1378844700,2.8667,2.787,2.9457,2.9503,2.6941,3.3466,4.8393,3.3178,4.8393,0.7911,0.07,0.2764,HIGH
VM_011,1378845000,3.0667,2.8074,2.9125,2.8856,2.6325,3.4488,5.1908,3.3751,5.1908,0.9441,0.0708,0.3289,HIGH
VM_011,1378845300,3.0,2.9805,2.9224,2.8172,2.896,3.0933,3.2771,2.9969,3.2837,0.2,0.0708,0.08,MEDIUM
VM_011,1378845600,3.0,3.1001,2.951,2.8297,3.7258,3.6665,2.9747,3.3128,4.1372,0.4326,0.0708,0.1637,MEDIUM
VM_011,1378845900,3.0,3.0419,2.98,2.9269,3.9571,3.677,2.6392,3.3317,4.2262,0.5291,0.0587,0.1952,HIGH
VM_011,1378846200,3.0,2.9777,2.9251,2.9225,3.8362,3.503,2.6139,3.2395,4.0053,0.4725,0.0567,0.1718,MEDIUM
VM_011,1378846500,3.0,3.0256,3.0342,3.086,3.7629,3.3417,2.6515,3.2244,3.7969,0.3829,0.0567,0.1441,MEDIUM
VM_011,1378846800,3.0,3.0837,3.2112,3.2787,3.6093,3.1308,2.6068,3.1808,3.6093,0.3214,0.0567,0.1258,MEDIUM
VM_011,1378847100,3.0,3.0956,3.1049,3.0767,3.1319,2.9548,2.6701,2.9803,3.139,0.1565,0.05,0.0619,MEDIUM
VM_011,1378847400,3.0,3.1047,3.0906,3.0455,3.0292,2.959,2.7517,2.9641,3.1047,0.1134,0.0482,0.0479,MEDIUM
VM_011,1378847700,2.8,3.1097,3.0946,3.0516,2.9973,2.9372,2.7416,2.947,3.1097,0.1161,0.0619,0.0515,MEDIUM
VM_011,1378848000,11.8,8.9896,5.1141,2.4948,1.8301,1.6156,1.2557,2.6491,8.9896,2.1485,1.7995,0.6309,HIGH
VM_011,1378848300,3.0,2.7772,2.3587,3.1131,2.6216,2.772,4.4946,2.9794,4.4946,0.7206,1.7995,0.5071,HIGH
VM_011,1378848600,3.0,1.4386,1.8911,2.4776,2.5287,3.4818,4.3352,2.9091,4.7205,0.9841,1.7995,0.6191,HIGH
VM_011,1378848900,3.0,2.5868,2.5967,2.5838,3.113,3.754,3.6478,3.2025,4.2412,0.5754,1.7995,0.4269,HIGH
VM_011,1378849200,2.8667,2.3785,2.703,2.7153,2.7172,3.3497,3.5524,2.934,3.5524,0.4125,1.8008,0.3699,HIGH
VM_011,1378849500,3.0,4.9059,3.4455,1.9866,3.366,5.5837,2.452,3.6707,7.46,1.6797,1.8008,0.6311,HIGH
VM_011,1378849800,3.0,4.2508,2.6875,1.6329,3.7642,5.3651,2.0879,3.5492,7.5617,1.7706,1.8013,0.6312,HIGH
VM_011,1378850100,3.0,2.1679,2.5523,3.0691,5.1097,3.7101,1.7753,3.4026,5.1518,1.1653,1.8013,0.6305,HIGH
VM_011,1378850400,3.0,1.5572,2.8742,3.4836,4.8244,2.6976,2.2175,3.1666,4.8244,1.0052,1.8007,0.6175,HIGH
VM_011,1378850700,3.0,2.303,4.0818,4.5894,4.3126,2.4443,3.0398,3.4476,5.2257,1.0236,1.8007,0.5767,HIGH
VM_011,1378851000,3.0,2.887,4.3736,4.8104,4.049,2.6413,3.5437,3.5968,5.0821,0.8788,1.8007,0.5283,HIGH
VM_011,1378851300,3.0,4.5246,5.1528,4.8544,3.2357,2.3698,3.1021,3.4381,5.1528,0.9812,1.8007,0.5668,HIGH
VM_011,1378851600,3.6,5.3687,4.809,4.0048,2.0663,1.9282,2.9317,2.9528,5.3687,1.1314,1.7998,0.631,HIGH
VM_011,1378851900,3.0,4.0107,3.4404,3.1246,2.1282,2.2031,3.2613,2.682,4.0107,0.6137,1.7984,0.4613,HIGH
VM_011,1378852200,13.0,5.535,3.6175,2.3666,1.8124,1.9105,2.1489,2.4272,5.535,1.0505,2.6598,0.7413,HIGH
VM_011,1378852500,3.0,2.9985,2.7136,2.9656,2.1983,2.1767,2.8382,2.4702,2.9985,0.3245,2.6598,0.4474,HIGH
VM_011,1378852800,3.0,1.4035,1.6181,1.9689,1.9903,2.0595,2.1412,1.8803,2.1412,0.1964,2.6598,0.4286,HIGH
VM_011,1378853100,3.1333,2.1063,2.4683,2.5751,3.1645,2.9026,2.0961,2.6445,3.1645,0.3614,2.6582,0.4675,HIGH
VM_011,1378853400,3.0,1.9139,2.3116,2.4526,2.5266,2.2728,1.8173,2.2136,2.5266,0.2512,2.6582,0.4317,HIGH
VM_011,1378853700,3.0,2.6205,2.7316,2.7118,3.1234,2.6916,2.2378,2.6791,3.1234,0.2713,2.6582,0.456,HIGH
VM_011,1378854000,2.7333,2.1997,2.2902,2.2885,2.8875,2.3368,2.0214,2.3858,2.8875,0.2619,2.6622,0.4441,HIGH
VM_011,1378854300,2.7333,2.6592,2.6455,2.6204,2.614,2.5061,2.5967,2.5888,2.6645,0.0573,2.6662,0.3634,HIGH
VM_011,1378854600,2.6,2.4459,2.4601,2.4291,2.3236,2.2308,2.3052,2.3186,2.4601,0.0935,2.6725,0.3786,HIGH
VM_011,1378854900,2.6,2.8785,2.8728,3.0053,2.6485,2.6096,3.0787,2.8109,3.0787,0.1495,2.676,0.3989,HIGH
VM_011,1378855200,2.8,3.8259,2.804,2.6805,2.2429,3.2156,6.4318,3.4209,6.4318,1.3223,2.0586,0.6642,HIGH
VM_011,1378855500,2.3333,3.5406,3.4565,4.107,1.8715,8.1896,21.2101,7.441,21.2101,6.9413,2.0684,0.6654,HIGH
VM_011,1378855800,2.9333,2.4466,3.4419,4.5603,1.167,11.1348,31.016,9.8142,31.016,11.052,2.069,0.6655,HIGH
VM_011,1378856100,3.0,0.8352,3.1629,4.5537,0.7941,16.4728,45.0176,13.5329,46.4012,17.0919,2.069,0.6655,HIGH
VM_011,1378856400,2.8,1.1298,3.1406,4.0943,1.7014,15.6327,39.545,12.5079,41.1237,14.8907,2.0697,0.6656,HIGH
VM_011,1378856700,3.0,9.6767,2.2091,0.0,20.1896,28.3951,5.1128,14.3149,38.151,12.2746,2.0697,0.6656,HIGH
VM_011,1378857000,2.8667,10.1186,2.088,0.0,24.0782,30.5766,0.0,15.102,44.2434,14.8283,2.0708,0.6658,HIGH
VM_011,1378857300,3.0,6.5609,2.6069,3.6716,28.352,29.1174,0.0,15.9707,44.2768,14.9838,2.0708,0.6658,HIGH
VM_011,1378857600,2.8,0.0,6.3374,15.0193,29.5435,17.5592,0.0,14.8916,29.5435,11.1109,2.0726,0.666,HIGH
VM_011,1378857900,3.0,4.2784,22.0416,32.9003,23.5272,7.2982,2.356,16.1535,36.5843,11.8172,2.0726,0.666,HIGH
VM_011,1378858200,3.0,12.9624,31.1873,39.9886,17.4331,3.5338,3.3304,16.4744,39.9886,13.433,2.0726,0.666,HIGH
VM_011,1378858500,6.6,27.5321,40.4968,43.4842,7.3575,0.0,3.9168,15.6997,43.4842,15.9107,2.1754,0.6792,HIGH
VM_011,1378858800,3.2,22.1153,32.9612,36.0132,6.5784,0.7822,5.9969,13.6666,36.0132,12.5668,2.176,0.6792,HIGH
VM_011,1378859100,48.9333,65.3148,39.6466,16.8199,0.1963,1.5483,0.3729,11.4551,65.3148,19.6149,9.5286,1.0,HIGH
VM_011,1378859400,51.8,44.3044,19.8511,2.9638,1.3639,3.6828,2.8313,7.1946,44.3044,12.2622,13.3879,1.0,HIGH
VM_011,1378859700,49.4286,8.7554,3.1643,1.449,2.3326,3.0438,2.8801,3.0213,8.7554,1.8095,15.9037,1.0,HIGH
VM_011,1378860000,3.6,0.9908,1.3124,2.6634,1.2983,1.6803,1.4716,1.6401,2.6634,0.4885,15.8944,0.8053,HIGH
VM_011,1378860300,3.0,1.8734,2.4638,3.0049,1.5087,1.4907,1.2196,1.7573,3.0049,0.5968,15.8966,0.8386,HIGH
VM_011,1378860600,3.0,1.9341,2.4262,2.6717,1.417,1.6854,1.6564,1.8038,2.6717,0.4387,15.8966,0.7867,HIGH
VM_011,1378860900,2.9333,2.1102,1.8518,1.8373,1.985,1.7586,1.8689,1.911,2.2702,0.207,15.8977,0.7028,HIGH
VM_011,1378861200,3.0,2.5226,1.7734,1.4103,1.9418,1.6386,1.9297,1.8179,2.5226,0.2946,15.8932,0.7379,HIGH
VM_011,1378861500,3.0,2.2197,1.7755,1.4465,2.0969,1.7254,1.9484,1.9044,2.2197,0.2345,15.8888,0.6914,HIGH
VM_011,1378861800,3.0,1.9527,2.0882,1.9305,2.3136,1.6501,1.6352,1.9631,2.3491,0.2503,15.882,0.6971,HIGH
VM_011,1378862100,3.0,2.146,2.325,2.0757,2.4967,2.2792,2.1411,2.2772,2.5216,0.1366,15.8752,0.6527,HIGH
VM_011,1378862400,2.8667,2.4251,2.7596,2.5234,2.2994,2.6381,3.2324,2.6094,3.2324,0.3132,15.8741,0.7333,HIGH
VM_011,1378862700,3.0,2.4462,2.7354,2.3579,2.0611,2.5291,2.434,2.3797,2.7354,0.1643,15.8625,0.6797,HIGH
VM_011,1378863000,3.0,2.4702,2.6998,2.3971,2.1513,2.7098,2.6516,2.4766,2.7098,0.1679,15.8614,0.6661,HIGH
VM_011,1378863300,2.8667,2.4628,2.501,2.3908,2.5539,3.0497,2.621,2.6778,3.0497,0.1985,15.8636,0.6779,HIGH
VM_011,1378863600,3.0,2.4038,2.3554,2.3147,2.5741,3.0184,2.7082,2.6384,3.0184,0.2172,15.8603,0.6832,HIGH
VM_011,1378863900,3.0,2.6001,2.259,2.3656,2.4686,2.3558,2.1775,2.4058,2.6076,0.1348,15.8603,0.6509,HIGH
VM_011,1378864200,3.0,2.565,2.3792,2.3083,2.3852,2.3516,2.3236,2.3912,2.565,0.0847,15.858,0.6335,HIGH
VM_011,1378864500,3.0,2.3441,2.2757,2.0032,2.6071,2.7272,2.7367,2.5019,2.83,0.2412,15.858,0.6978,HIGH
VM_011,1378864800,3.0,2.715,2.4055,1.8442,2.3244,2.6508,2.6728,2.4075,2.7631,0.2852,15.8547,0.7087,HIGH
VM_011,1378865100,3.0,2.8783,2.742,1.9357,2.3992,2.8857,2.4885,2.5599,2.8857,0.3276,15.8547,0.7123,HIGH
VM_011,1378865400,3.0,2.4373,2.6365,2.0352,2.5863,2.8899,2.172,2.5707,3.0248,0.3067,15.8547,0.717,HIGH
VM_011,1378865700,3.0,2.1837,2.8834,2.2259,2.7507,3.0243,1.6954,2.6535,3.5162,0.4636,15.8958,0.8153,HIGH
VM_011,1378866000,3.0,2.3037,2.7283,2.215,2.6969,2.6852,1.8186,2.5478,3.0958,0.3218,15.899,0.751,HIGH
VM_011,1378866300,3.0,2.8868,2.3613,1.8485,2.8987,1.6849,2.0048,2.3769,2.8987,0.4181,13.4447,0.7435,HIGH
VM_011,1378866600,2.8667,3.018,2.3468,1.9472,2.8986,1.5557,2.6671,2.4494,3.018,0.4002,9.477,0.7729,HIGH
VM_011,1378866900,2.9333,3.027,2.4492,2.3442,2.9507,1.7646,3.418,2.6466,3.418,0.4333,0.1355,0.2129,HIGH
VM_011,1378867200,3.0,2.9648,2.9036,2.6793,2.7643,2.5011,3.4209,2.7056,3.4209,0.2837,0.0468,0.1246,MEDIUM
VM_011,1378867500,3.0,2.9212,2.7141,2.8524,2.6596,2.9524,2.4898,2.6449,2.9524,0.2314,0.0468,0.0871,MEDIUM
VM_011,1378867800,3.0,2.9558,2.3098,2.3834,2.7119,2.9299,2.1692,2.5187,2.9558,0.3,0.0468,0.1136,MEDIUM
VM_011,1378868100,3.0,3.3583,2.3393,2.2893,3.0042,3.0812,2.5644,2.7007,3.3583,0.4144,0.046,0.1686,MEDIUM
VM_011,1378868400,3.0,3.2707,2.545,2.2568,2.8382,2.852,2.5222,2.6255,3.2707,0.334,0.046,0.1471,MEDIUM
VM_011,1378868700,3.0,2.8911,2.6648,2.3512,2.6768,2.5411,2.4033,2.5151,2.8911,0.1881,0.046,0.0866,MEDIUM
VM_011,1378869000,3.0,2.5128,2.4675,2.2478,2.4925,2.2621,2.1726,2.2997,2.5128,0.132,0.046,0.0521,MEDIUM
VM_011,1378869300,3.0,2.7078,2.7101,2.5973,2.7149,2.4093,2.4431,2.5193,2.7149,0.1219,0.046,0.0427,MEDIUM
VM_011,1378869600,3.0,2.5492,2.4569,2.3667,2.3764,2.2746,2.2401,2.315,2.5492,0.1231,0.0392,0.0591,MEDIUM
VM_011,1378869900,3.0,2.8017,2.4032,2.2587,2.4146,2.4836,2.5698,2.4409,2.8017,0.185,0.0392,0.0873,MEDIUM
VM_011,1378870200,3.0,2.7695,2.3976,2.3014,2.348,2.4702,2.5514,2.4357,2.7695,0.1672,0.0392,0.0815,MEDIUM
VM_011,1378870500,3.0,2.5747,2.2672,2.266,2.3854,2.4963,2.275,2.3879,2.6117,0.1627,0.0299,0.0708,MEDIUM
VM_011,1378870800,3.0,2.413,2.1685,2.1382,2.325,2.3943,2.0711,2.2628,2.4856,0.161,0.0299,0.0655,MEDIUM
VM_011,1378871100,3.0,2.4191,2.1832,2.1244,2.305,2.41,2.1177,2.2667,2.4504,0.1505,0.0299,0.0593,MEDIUM
VM_011,1378871400,3.0,2.194,2.0255,1.9061,2.1676,2.2337,1.9454,2.0866,2.2991,0.1497,0.0299,0.0582,MEDIUM
VM_011,1378871700,3.0,2.4692,2.2787,2.1635,2.3316,2.4074,2.2077,2.2938,2.4692,0.1191,0.0299,0.0525,MEDIUM
VM_011,1378872000,3.0,2.599,2.3141,2.1773,2.4139,2.5675,2.3449,2.3968,2.599,0.1681,0.0299,0.068,MEDIUM
VM_011,1378872300,3.0,2.6395,2.4973,2.4208,2.4525,2.6,2.6075,2.5195,2.6395,0.1073,0.0299,0.0449,MEDIUM
VM_011,1378872600,3.0,2.6296,2.607,2.5304,2.4058,2.6178,2.8428,2.5823,2.8459,0.1533,0.0299,0.0565,MEDIUM
VM_011,1378872900,3.0,2.7674,2.7662,2.6193,2.3235,2.8988,3.6341,2.8075,3.6341,0.4212,0.0299,0.1588,MEDIUM
VM_011,1378873200,3.0,2.5491,2.6268,2.6241,2.2954,2.763,3.5856,2.7326,3.5856,0.4304,0.0299,0.1565,MEDIUM
VM_011,1378873500,3.0,1.9012,1.8975,1.8978,2.3998,3.9236,6.6646,3.2317,6.6646,1.6256,0.0299,0.4038,HIGH
VM_011,1378873800,3.0,1.9706,1.9541,1.9448,2.5343,4.1245,6.5703,3.3367,6.5703,1.5943,0.0136,0.4017,HIGH
VM_011,1378874100,3.0,2.5635,2.2317,2.2084,2.8923,3.8811,4.0028,3.0961,4.0616,0.7132,0.0,0.2192,HIGH
VM_011,1378874400,3.0,2.6324,2.2255,2.2741,4.1139,4.5054,2.703,3.3776,5.2326,0.9808,0.0,0.3556,HIGH
VM_011,1378874700,3.0,2.582,2.5753,2.8205,4.3436,3.9891,2.1618,3.3462,4.7633,0.8295,0.0,0.3077,HIGH
VM_011,1378875000,3.0,2.5687,2.7688,3.1945,4.3607,3.4613,1.7777,3.2482,4.3607,0.7681,0.0,0.3055,HIGH
VM_011,1378875300,2.9333,2.2704,2.8143,3.5449,4.6007,3.2921,1.865,3.2862,4.6007,0.808,0.0136,0.3253,HIGH
VM_011,1378875600,3.0,2.2966,2.9305,3.5261,4.0848,2.9758,1.8805,3.1033,4.0848,0.658,0.0136,0.2624,HIGH
VM_011,1378875900,3.0,3.8617,3.8613,3.8493,3.5483,2.6598,2.3084,3.1849,3.8617,0.5769,0.0136,0.1854,HIGH
VM_011,1378876200,3.0,4.3744,4.2117,3.868,3.184,2.4234,2.7674,3.1679,4.3744,0.6975,0.0136,0.2439,HIGH
VM_011,1378876500,3.0,4.6415,4.4032,3.9981,3.1896,2.3966,2.9742,3.2482,4.6415,0.775,0.0136,0.2824,HIGH
VM_011,1378876800,11.8,6.865,4.889,3.2232,2.0548,2.0167,1.827,2.8674,6.865,1.4747,1.7969,0.6306,HIGH
VM_011,1378877100,3.0,2.7981,2.5775,2.9899,2.4394,2.1862,2.8027,2.5414,2.9899,0.2551,1.7969,0.3256,HIGH
VM_011,1378877400,3.0,2.0847,2.3745,2.5119,2.2424,2.7545,2.6869,2.4643,2.8954,0.2774,1.7969,0.3454,HIGH
VM_011,1378877700,3.0,2.5696,2.4593,2.3261,2.4561,2.9158,2.291,2.5435,2.9421,0.2191,1.7969,0.3096,HIGH
VM_011,1378878000,3.2143,2.4356,2.6317,2.3167,2.2327,2.7789,2.6601,2.4542,2.7906,0.23,1.7956,0.3115,HIGH
VM_011,1378878300,2.6667,2.4718,2.6411,2.3483,2.5771,2.6955,2.1597,2.5142,2.7645,0.1643,1.7999,0.3025,HIGH
VM_011,1378878600,3.0,2.5311,2.6266,2.1905,2.8547,2.8091,2.3772,2.6452,2.9352,0.2249,1.7999,0.3191,HIGH
VM_011,1378878900,3.0,2.4988,2.5049,2.2448,2.7327,2.6678,2.4625,2.531,2.7327,0.1271,1.7999,0.2887,HIGH
VM_011,1378879200,3.0,2.1737,2.5675,2.4815,2.5551,2.4025,2.4641,2.4556,2.5935,0.1185,1.7999,0.2806,HIGH
VM_011,1378879500,3.0,2.347,2.5705,2.5553,2.7046,2.4497,2.6422,2.5565,2.7144,0.1195,1.7999,0.2744,HIGH
VM_011,1378879800,3.0,2.3969,2.5082,2.4475,2.6064,2.3863,2.4305,2.4569,2.6064,0.0688,1.7999,0.2605,HIGH
VM_011,1378880100,3.0,2.5662,2.6802,2.5719,2.6052,2.4587,2.4519,2.5425,2.6802,0.0773,1.7999,0.2598,HIGH
VM_011,1378880400,3.0,2.6633,2.653,2.5015,2.1948,2.3341,2.8887,2.4745,2.8887,0.2288,1.7999,0.3205,HIGH
VM_011,1378880700,3.0,2.4888,2.5571,2.4316,2.4673,2.4644,2.4403,2.4733,2.629,0.0902,1.7999,0.269,HIGH
VM_011,1378881000,3.0,2.5473,2.6341,2.5441,2.4693,2.4126,2.2735,2.4662,2.6341,0.1026,1.7999,0.2736,HIGH
VM_011,1378881300,3.0,2.5447,2.5814,2.4709,2.5047,2.4541,2.1681,2.4531,2.6614,0.1257,1.7999,0.2893,HIGH
VM_011,1378881600,2.9333,2.5587,2.5337,2.2551,2.1911,2.326,2.327,2.3315,2.5587,0.1287,1.8005,0.2789,HIGH
VM_011,1378881900,3.0,2.3057,2.4414,2.3677,2.5921,2.4962,2.1621,2.4165,2.6683,0.1401,1.8005,0.2909,HIGH
VM_011,1378882200,3.0,2.4068,2.5136,2.4329,2.6209,2.5203,2.2899,2.4719,2.6571,0.1063,1.8005,0.2745,HIGH
VM_011,1378882500,3.2,2.3556,2.5639,2.5199,2.7344,2.7035,2.4058,2.5766,2.8258,0.1336,1.7986,0.2864,HIGH
VM_011,1378882800,4.2,2.6263,2.5747,2.3907,2.419,2.59,2.229,2.4681,2.7197,0.141,1.8046,0.2896,HIGH
VM_011,1378883100,5.0667,2.4091,2.433,2.3781,2.3696,2.4165,2.276,2.3876,2.5137,0.0568,1.8329,0.2633,HIGH
VM_011,1378883400,3.2,2.4157,2.563,2.5329,2.4398,2.4948,2.4737,2.4842,2.5665,0.0638,1.831,0.2576,HIGH
VM_011,1378883700,3.0,2.4629,2.5637,2.4541,2.5312,2.5818,2.3823,2.5117,2.6351,0.0763,1.831,0.2649,HIGH
VM_011,1378884000,3.1333,2.5753,2.5415,2.4004,2.3435,2.4975,2.968,2.5166,2.968,0.2126,0.4857,0.1502,MEDIUM
VM_011,1378884300,3.0,2.3991,2.4331,2.3902,2.3182,2.7504,3.3216,2.5812,3.3216,0.3543,0.4857,0.1894,HIGH
VM_011,1378884600,2.2667,2.227,2.3817,2.3672,2.3388,2.6403,2.7888,2.476,2.7927,0.2161,0.5176,0.1339,MEDIUM
VM_011,1378884900,2.2667,2.3615,2.4449,2.4338,2.4518,2.7577,2.6429,2.5453,2.8667,0.1871,0.5459,0.1388,MEDIUM
VM_011,1378885200,2.8667,2.3492,2.2532,2.1586,2.5277,2.7851,2.5228,2.4866,2.8141,0.2404,0.547,0.1523,MEDIUM
VM_011,1378885500,2.4667,2.5264,2.515,2.3829,2.5305,2.6513,2.4714,2.5345,2.7191,0.1082,0.555,0.1159,MEDIUM
VM_011,1378885800,2.6667,2.4734,2.55,2.4554,2.6082,2.6204,2.4619,2.5537,2.7109,0.0806,0.5609,0.1057,MEDIUM
VM_011,1378886100,3.0,2.457,2.5508,2.4744,2.4905,2.5743,2.5084,2.5205,2.6513,0.0678,0.5609,0.0994,MEDIUM
VM_011,1378886400,3.0,2.258,2.3014,2.3028,2.1708,2.1567,2.2123,2.2245,2.3028,0.0528,0.5609,0.0893,MEDIUM
VM_011,1378886700,3.0,2.3666,2.4936,2.6224,2.3838,2.2961,2.4001,2.4081,2.6224,0.1038,0.5609,0.1138,MEDIUM
VM_011,1378887000,3.0,2.533,2.6563,2.835,2.4507,2.4036,2.5554,2.5411,2.835,0.1332,0.5609,0.127,MEDIUM
VM_011,1378887300,2.5333,2.7204,2.8446,2.9212,2.5517,2.6127,2.7117,2.6889,2.9212,0.1247,0.5708,0.1216,MEDIUM
VM_011,1378887600,3.0,2.7139,2.7749,2.806,2.5407,2.6029,2.617,2.6421,2.806,0.0977,0.5708,0.1083,MEDIUM
VM_011,1378887900,3.0,2.2056,2.4531,2.2485,2.5284,2.6602,2.4695,2.4711,2.7334,0.1435,0.5708,0.1357,MEDIUM
VM_011,1378888200,2.6667,2.2832,2.3934,2.1624,2.5598,2.6799,2.4334,2.463,2.7405,0.1655,0.5757,0.1422,MEDIUM
VM_011,1378888500,2.6667,2.3639,2.3369,2.2978,2.5124,2.6712,2.5437,2.4895,2.6712,0.1354,0.5802,0.122,MEDIUM
VM_011,1378888800,2.7333,2.2906,2.2827,2.2695,2.4918,2.5876,2.4473,2.433,2.6119,0.1209,0.5827,0.1163,MEDIUM
VM_011,1378889100,2.2667,2.3173,2.2987,2.3585,2.5062,2.5841,2.5148,2.4585,2.5841,0.1057,0.6014,0.1112,MEDIUM
VM_011,1378889400,3.0,2.3301,2.3098,2.3715,2.4899,2.5059,2.4464,2.4244,2.5059,0.0715,0.6014,0.1004,MEDIUM
VM_011,1378889700,2.6,2.3881,2.3389,2.4703,2.5215,2.5379,2.5311,2.4705,2.5379,0.0668,0.6038,0.101,MEDIUM
VM_011,1378890000,2.9333,2.4393,2.3958,2.4976,2.4511,2.4278,2.4684,2.426,2.4976,0.0478,0.5411,0.0934,MEDIUM
VM_011,1378890300,3.0,2.3716,2.4016,2.4885,2.425,2.3938,2.3969,2.4017,2.4885,0.0448,0.2818,0.0583,MEDIUM
VM_011,1378890600,3.0,2.3142,2.4012,2.4705,2.3928,2.3635,2.4399,2.3826,2.4705,0.0611,0.2723,0.0603,MEDIUM
VM_011,1378890900,3.0,2.3337,2.3762,2.4075,2.4048,2.2804,2.2755,2.3294,2.4075,0.0585,0.2723,0.0564,MEDIUM
VM_011,1378891200,3.0,2.2994,2.2224,2.2761,2.3441,2.2948,2.5445,2.3174,2.5445,0.1094,0.2664,0.0849,MEDIUM
VM_011,1378891500,3.0,2.318,2.2947,2.3116,2.4607,2.4874,2.4424,2.3972,2.4874,0.071,0.2664,0.057,MEDIUM
VM_011,1378891800,2.7333,2.3715,2.3151,2.3323,2.5005,2.5183,2.4268,2.4247,2.5183,0.0703,0.2426,0.0552,MEDIUM
VM_011,1378892100,3.0,2.3283,2.2908,2.2534,2.5418,2.6152,2.4846,2.4559,2.6153,0.129,0.2162,0.0705,MEDIUM
VM_011,1378892400,3.0,2.4231,2.3511,2.2653,2.6108,2.7255,2.5935,2.5383,2.7381,0.1578,0.2186,0.084,MEDIUM
VM_011,1378892700,2.8,2.2196,2.3806,2.4059,2.528,2.4915,2.4271,2.443,2.528,0.0802,0.2037,0.0626,MEDIUM
VM_011,1378893000,2.2,2.1897,2.3538,2.39,2.4467,2.3659,2.3045,2.3666,2.4478,0.0682,0.2415,0.0615,MEDIUM
VM_011,1378893300,2.6667,2.3304,2.4712,2.5108,2.5601,2.4947,2.4204,2.4896,2.5699,0.0623,0.2414,0.0593,MEDIUM
VM_011,1378893600,2.7333,2.3032,2.3726,2.4581,2.4217,2.3189,2.2807,2.3595,2.4581,0.0583,0.2391,0.0517,MEDIUM
VM_011,1378893900,5.2,2.6313,2.6056,2.6746,2.5757,2.4713,2.4284,2.5425,2.6746,0.0822,0.5426,0.0993,MEDIUM
VM_011,1378894200,2.8,2.263,2.3139,2.4039,2.4136,2.3767,2.3438,2.3547,2.4136,0.0435,0.5427,0.0875,MEDIUM
VM_011,1378894500,2.6667,2.2786,2.3377,2.3884,2.5778,2.6022,2.4558,2.4729,2.6022,0.1118,0.5395,0.1075,MEDIUM
VM_011,1378894800,3.0,2.3005,2.3668,2.3906,2.5718,2.5931,2.4455,2.4802,2.6228,0.1029,0.5395,0.1073,MEDIUM
VM_011,1378895100,3.0,2.4609,2.4976,2.4205,2.6505,2.7041,2.533,2.5767,2.7069,0.1074,0.5395,0.1035,MEDIUM
VM_011,1378895400,3.0,2.4137,2.4064,2.318,2.6121,2.6341,2.4551,2.5076,2.6641,0.1236,0.5374,0.11,MEDIUM
VM_011,1378895700,3.0,2.3547,2.3899,2.3614,2.6322,2.5993,2.4756,2.5079,2.6419,0.1138,0.535,0.1026,MEDIUM
VM_011,1378896000,2.8667,2.2387,2.5033,2.4846,2.8235,2.7739,2.6069,2.6437,2.8531,0.1658,0.5335,0.1411,MEDIUM
VM_011,1378896300,3.1333,2.438,2.558,2.6491,2.9957,2.9995,2.9049,2.8354,3.0613,0.1986,0.5152,0.1398,MEDIUM
VM_011,1378896600,3.6667,2.5327,2.6895,2.8302,3.0638,2.9994,2.9659,2.9058,3.1091,0.1578,0.5344,0.1368,MEDIUM
VM_011,1378896900,3.1333,2.4928,2.6881,2.8403,2.9873,2.8477,2.7964,2.8145,2.9873,0.1215,0.5281,0.1263,MEDIUM
VM_011,1378897200,2.8667,2.5634,2.8528,3.0553,3.2595,2.984,2.7633,2.976,3.2595,0.1828,0.5288,0.1502,MEDIUM
VM_011,1378897500,2.5333,2.274,2.4678,2.5694,2.4925,2.494,2.7133,2.5167,2.7133,0.1131,0.538,0.121,MEDIUM
VM_011,1378897800,3.0,2.2302,2.4134,2.4566,2.4034,2.4294,2.6057,2.4349,2.6057,0.0944,0.538,0.1134,MEDIUM
VM_011,1378898100,3.0,2.3403,2.3521,2.388,2.4464,2.4608,2.5943,2.4368,2.5943,0.0684,0.538,0.0991,MEDIUM
VM_011,1378898400,3.0,2.3064,2.3549,2.3922,2.4937,2.5304,2.5351,2.4594,2.5691,0.0793,0.538,0.1001,MEDIUM
VM_011,1378898700,2.6667,2.53,2.447,2.3896,2.5166,2.5692,2.6227,2.512,2.6227,0.0691,0.5423,0.0972,MEDIUM
VM_011,1378899000,3.0,2.6521,2.6322,2.5906,2.6995,2.6326,2.6138,2.6295,2.6995,0.0521,0.5396,0.0916,MEDIUM
VM_011,1378899300,3.0,2.8055,2.6762,2.6405,2.7612,2.6174,2.6341,2.6665,2.8055,0.0878,0.5396,0.1096,MEDIUM
VM_011,1378899600,3.0,2.6709,2.6045,2.5969,2.6572,2.5213,2.5561,2.5845,2.6981,0.0821,0.5396,0.1061,MEDIUM
VM_011,1378899900,3.0,2.5289,2.5183,2.4794,2.5521,2.4353,2.4345,2.4793,2.5822,0.0604,0.538,0.0949,MEDIUM
VM_011,1378900200,2.9333,2.5849,2.5592,2.4622,2.605,2.5045,2.4107,2.5147,2.605,0.0574,0.5104,0.0885,MEDIUM
VM_011,1378900500,3.0,2.7288,2.6747,2.5096,2.6924,2.5645,2.4108,2.5813,2.7288,0.0886,0.5044,0.1023,MEDIUM
VM_011,1378900800,3.0,2.7382,2.7506,2.5857,2.7491,2.6292,2.4561,2.641,2.7506,0.0845,0.5,0.099,MEDIUM
VM_011,1378901100,3.0,2.7225,2.6833,2.4967,2.6752,2.6058,2.4492,2.5919,2.7225,0.0759,0.2062,0.0588,MEDIUM
VM_011,1378901400,2.9333,2.7578,2.7825,2.6269,2.7205,2.6749,2.5804,2.684,2.7825,0.0604,0.2032,0.05,MEDIUM
VM_011,1378901700,3.0,2.7034,2.7769,2.6536,2.6868,2.6444,2.6109,2.6768,2.7769,0.0552,0.1923,0.0505,MEDIUM
VM_011,1378902000,3.0,2.6849,2.7902,2.7112,2.7511,2.6699,2.5143,2.6949,2.7902,0.0736,0.1923,0.0573,MEDIUM
VM_011,1378902300,2.7333,2.5891,2.761,2.7613,2.7639,2.6781,2.6202,2.7131,2.8119,0.0682,0.1992,0.0519,MEDIUM
VM_011,1378902600,2.0667,2.5247,2.7145,2.7034,2.7367,2.6117,2.5316,2.6604,2.7924,0.0849,0.2723,0.0666,MEDIUM
VM_011,1378902900,2.3333,2.477,2.674,2.6567,2.7167,2.5788,2.4807,2.6253,2.7768,0.0919,0.2986,0.0738,MEDIUM
VM_012,1378604100,1.0,1.006,1.0252,1.0432,1.022,1.0621,1.0352,1.0507,1.1267,0.0401,0.0,0.0143,LOW
VM_012,1378604400,1.0,1.0031,1.0229,1.0381,1.026,1.0566,1.0106,1.0455,1.109,0.0363,0.0,0.0125,LOW
VM_012,1378604700,1.0,1.0064,1.0284,1.0434,1.0327,1.0659,1.026,1.054,1.1236,0.0385,0.0,0.0139,LOW
VM_012,1378605000,1.0,1.0003,1.0285,1.0392,1.0296,1.0572,1.0097,1.047,1.109,0.0367,0.0,0.0129,LOW
VM_012,1378605300,1.0,1.0026,1.0294,1.0403,1.0287,1.0588,1.0143,1.0481,1.1128,0.037,0.0,0.013,LOW
VM_012,1378605600,1.0,0.9985,1.0272,1.0357,1.0409,1.0897,1.0669,1.0619,1.1532,0.0495,0.0,0.0183,LOW
VM_012,1378605900,1.0,1.0072,1.0426,1.0484,1.0569,1.0951,1.054,1.0699,1.1466,0.0447,0.0,0.0165,LOW
VM_012,1378606200,1.2,1.0121,1.049,1.0543,1.0616,1.0948,1.0407,1.071,1.1408,0.0426,0.0408,0.0205,LOW
VM_012,1378606500,1.0,0.9888,1.0279,1.0336,1.0446,1.0656,1.0037,1.047,1.1069,0.0385,0.0408,0.0192,LOW
VM_012,1378606800,1.0,0.9926,1.0271,1.031,1.0324,1.0701,1.0286,1.0478,1.1225,0.0415,0.0408,0.0206,LOW
VM_012,1378607100,1.0,0.9916,1.0283,1.03,1.0291,1.0658,1.0226,1.0449,1.1162,0.04,0.0408,0.02,LOW
VM_012,1378607400,9.8,2.3362,1.7146,1.2341,1.3616,1.4883,1.4121,1.4914,2.3362,0.3045,1.795,0.3708,HIGH
VM_012,1378607700,1.0,1.159,1.1309,1.1359,1.1051,1.2292,1.2628,1.1718,1.3553,0.0962,1.795,0.2711,HIGH
VM_012,1378608000,1.0,1.2795,1.1838,1.1783,1.1683,1.3374,1.3616,1.2483,1.4316,0.1122,1.795,0.2769,HIGH
VM_012,1378608300,1.0,1.1497,1.1345,1.154,1.1136,1.2125,1.2389,1.1685,1.3089,0.0774,1.795,0.2627,HIGH
VM_012,1378608600,1.0,1.2176,1.2218,1.2121,1.3396,1.4033,1.2547,1.306,1.434,0.0842,1.795,0.2571,HIGH
VM_012,1378608900,1.0,1.035,1.058,1.0501,1.0729,1.1276,1.0802,1.0875,1.1652,0.0487,1.795,0.2458,HIGH
VM_012,1378609200,1.0,1.1474,1.1503,1.1357,1.2748,1.2799,1.1775,1.2228,1.3364,0.0667,1.795,0.2541,HIGH
VM_012,1378609500,1.0,1.0134,1.0486,1.0414,1.0431,1.0843,1.0574,1.0614,1.1391,0.0426,1.795,0.2452,HIGH
VM_012,1378609800,1.0,1.2542,1.3653,1.4134,1.3245,1.2618,1.2022,1.3167,1.4552,0.0718,1.795,0.2603,HIGH
VM_012,1378610100,1.0,1.0352,1.0862,1.09,1.0704,1.0818,1.04,1.0788,1.1321,0.0321,1.795,0.2424,HIGH
VM_012,1378610400,1.0,1.0477,1.1038,1.1105,1.1083,1.1176,1.0528,1.1052,1.1559,0.035,1.795,0.2431,HIGH
VM_012,1378610700,1.0,1.028,1.0849,1.0882,1.0506,1.073,1.053,1.0719,1.1481,0.0366,1.795,0.2475,HIGH
VM_012,1378611000,1.0,1.1475,1.1755,1.1798,1.1314,1.1782,1.212,1.1746,1.2721,0.0481,1.795,0.2516,HIGH
VM_012,1378611300,1.0,1.0131,1.0488,1.0434,1.0146,1.0593,1.0629,1.0466,1.1514,0.0466,1.795,0.252,HIGH
VM_012,1378611600,1.0,1.0364,1.0731,1.0658,1.0448,1.0854,1.0733,1.0699,1.165,0.0429,1.795,0.2502,HIGH
VM_012,1378611900,1.0,1.0063,1.0472,1.0468,1.0066,1.0548,1.0718,1.0443,1.1626,0.0514,1.795,0.2547,HIGH
VM_012,1378612200,1.0,1.0721,1.097,1.0721,1.1011,1.1465,1.0505,1.101,1.1968,0.0427,1.795,0.2477,HIGH
VM_012,1378612500,1.0,1.0515,1.1044,1.1062,1.0351,1.0797,1.0784,1.0763,1.1726,0.0447,1.795,0.2525,HIGH
VM_012,1378612800,1.0,1.0938,1.139,1.1381,1.056,1.112,1.1027,1.1045,1.1881,0.0432,1.795,0.2505,HIGH
VM_012,1378613100,1.0,1.0573,1.1007,1.0993,1.0329,1.0882,1.0824,1.0772,1.1765,0.0453,1.795,0.2526,HIGH
VM_012,1378613400,1.0,1.0528,1.0825,1.0781,1.0195,1.0871,1.0869,1.0682,1.1748,0.0479,1.7963,0.2535,HIGH
VM_012,1378613700,1.0,1.0213,1.0537,1.0524,0.9986,1.0549,1.054,1.0416,1.1528,0.0479,1.7963,0.2542,HIGH
VM_012,1378614000,1.0,1.0388,1.067,1.0647,0.9909,1.0654,1.0681,1.049,1.1607,0.0498,1.7963,0.2547,HIGH
VM_012,1378614300,1.0,1.0267,1.055,1.054,0.9955,1.0563,1.0559,1.0425,1.1551,0.0486,1.7963,0.2546,HIGH
VM_012,1378614600,1.0,1.0382,1.0537,1.0847,0.9656,1.0559,1.1687,1.0562,1.2245,0.0766,0.0,0.0336,MEDIUM
VM_012,1378614900,1.0,1.0266,1.0618,1.0685,1.0098,1.0766,1.0891,1.0576,1.1824,0.0532,0.0,0.0261,LOW
VM_012,1378615200,1.0,1.0242,1.074,1.0892,1.0201,1.0745,1.0936,1.0646,1.1862,0.0521,0.0,0.0261,LOW
VM_012,1378615500,1.0,1.0259,1.0681,1.0825,1.0056,1.068,1.0888,1.058,1.1834,0.0535,0.0,0.0268,LOW
VM_012,1378615800,1.0,1.0339,1.0842,1.0998,1.0256,1.0872,1.0953,1.0729,1.1903,0.0505,0.0,0.0254,LOW
VM_012,1378616100,1.0,1.0226,1.0566,1.0711,0.996,1.0561,1.0595,1.046,1.1591,0.0481,0.0,0.0245,LOW
VM_012,1378616400,1.0,1.0189,1.0648,1.089,1.0197,1.06,1.0587,1.0558,1.1589,0.0441,0.0,0.0226,LOW
VM_012,1378616700,1.0,1.0246,1.0576,1.0765,1.0068,1.0603,1.0549,1.0505,1.1553,0.044,0.0,0.0227,LOW
VM_012,1378617000,1.0,1.021,1.0631,1.0592,0.9838,0.9562,0.9008,1.0016,1.0631,0.0461,0.0,0.0192,LOW
VM_012,1378617300,1.0,1.0567,1.0934,1.1157,1.0336,1.0704,1.0601,1.0741,1.1653,0.0405,0.0,0.0205,LOW
VM_012,1378617600,1.0,1.0748,1.1149,1.1428,1.0537,1.0792,1.0727,1.0922,1.1823,0.041,0.0,0.02,LOW
VM_012,1378617900,1.0,1.0706,1.0993,1.117,1.0391,1.08,1.0559,1.0798,1.1646,0.0378,0.0,0.019,LOW
VM_012,1378618200,1.0,1.0825,1.1253,1.1473,1.0596,1.086,1.0663,1.0982,1.1812,0.0405,0.0,0.0191,LOW
VM_012,1378618500,1.0,1.0408,1.0762,1.1054,1.0291,1.0709,1.0529,1.0673,1.1551,0.0387,0.0,0.0196,LOW
VM_012,1378618800,1.0,1.0496,1.0932,1.1267,1.0467,1.072,1.0587,1.0799,1.1643,0.0392,0.0,0.0189,LOW
VM_012,1378619100,1.0,1.0387,1.0781,1.1116,1.0329,1.0837,1.0751,1.0753,1.174,0.0422,0.0,0.0214,LOW
VM_012,1378619400,1.0,1.0392,1.0828,1.1099,1.0335,1.057,1.0368,1.0677,1.1571,0.04,0.0,0.0192,LOW
VM_012,1378619700,1.0,1.0421,1.0852,1.1159,1.0361,1.084,1.0581,1.076,1.161,0.0386,0.0,0.0189,LOW
VM_012,1378620000,1.0,1.0413,1.0867,1.1183,1.0414,1.0851,1.0532,1.0781,1.1577,0.0373,0.0,0.0177,LOW
VM_012,1378620300,1.0,1.0339,1.0741,1.11,1.0431,1.0896,1.0633,1.0775,1.1635,0.0374,0.0,0.0182,LOW
VM_012,1378620600,1.0,1.0518,1.0947,1.1277,1.0498,1.0813,1.0535,1.0838,1.1583,0.0359,0.0,0.0164,LOW
VM_012,1378620900,1.0,1.0226,1.0569,1.0984,1.0415,1.0836,1.0605,1.0703,1.1564,0.0367,0.0,0.0176,LOW
VM_012,1378621200,1.0,1.0272,1.066,1.1088,1.0485,1.0848,1.0586,1.0751,1.154,0.0354,0.0,0.0166,LOW
VM_012,1378621500,1.0,1.0202,1.0551,1.1022,1.0492,1.0879,1.0631,1.0739,1.1567,0.0363,0.0,0.0168,LOW
VM_012,1378621800,1.0,0.9654,0.9545,0.9918,1.0096,1.0519,1.0572,1.0202,1.1345,0.0503,0.0,0.0213,LOW
VM_012,1378622100,1.0,1.0066,1.0334,1.0836,1.0492,1.0811,1.0575,1.065,1.1476,0.0359,0.0,0.0167,LOW
VM_012,1378622400,1.0,1.0063,1.0282,1.0812,1.0594,1.0867,1.0644,1.0689,1.15,0.0361,0.0,0.017,LOW
VM_012,1378622700,1.0,1.0114,1.0457,1.1069,1.0713,1.0999,1.0964,1.0866,1.1793,0.0411,0.0,0.0198,LOW
VM_012,1378623000,1.0,1.0091,1.038,1.0988,1.079,1.1072,1.0996,1.0881,1.1803,0.0418,0.0,0.0202,LOW
VM_012,1378623300,1.0,1.0142,1.0459,1.1029,1.0656,1.0859,1.0665,1.0767,1.1518,0.0351,0.0,0.0163,LOW
VM_012,1378623600,1.0,1.0073,1.0316,1.0896,1.0737,1.0946,1.0758,1.0778,1.1589,0.0375,0.0,0.0179,LOW
VM_012,1378623900,1.0,1.0231,1.0575,1.1149,1.0826,1.0985,1.0769,1.0895,1.1611,0.035,0.0,0.0163,LOW
VM_012,1378624200,1.0,1.0002,1.0144,1.0711,1.0816,1.0969,1.0795,1.0758,1.1615,0.0407,0.0,0.0191,LOW
VM_012,1378624500,1.0,1.0166,1.045,1.1014,1.0715,1.0778,1.052,1.074,1.1383,0.0331,0.0,0.0144,LOW
VM_012,1378624800,1.0,1.0096,1.0365,1.093,1.0643,1.0699,1.0476,1.0673,1.1354,0.0339,0.0,0.0149,LOW
VM_012,1378625100,1.0,1.0224,1.0495,1.1056,1.0737,1.0827,1.0578,1.0789,1.1454,0.0336,0.0,0.0146,LOW
VM_012,1378625400,1.0,1.01,1.0308,1.0869,1.0635,1.0708,1.048,1.0661,1.1358,0.0337,0.0,0.0149,LOW
VM_012,1378625700,1.0,1.0125,1.0402,1.0974,1.0623,1.0648,1.04,1.0659,1.1279,0.0339,0.0,0.0136,LOW
VM_012,1378626000,1.0,1.0093,1.0366,1.0953,1.0622,1.0617,1.0382,1.064,1.126,0.0345,0.0,0.0138,LOW
VM_012,1378626300,1.0,1.0178,1.0445,1.1044,1.0659,1.0664,1.0486,1.0709,1.1345,0.0349,0.0,0.0138,LOW
VM_012,1378626600,1.0,1.0182,1.0271,1.0882,1.0556,1.0872,1.0656,1.0738,1.1595,0.0377,0.0,0.0167,LOW
VM_012,1378626900,1.0,1.0183,1.0394,1.0946,1.057,1.0583,1.0312,1.0641,1.1271,0.0351,0.0,0.0129,LOW
VM_012,1378627200,1.0,1.0248,1.0444,1.1033,1.0611,1.0602,1.0384,1.0693,1.1326,0.0361,0.0,0.0128,LOW
VM_012,1378627500,1.0,1.0329,1.0447,1.1033,1.0669,1.0693,1.0527,1.0754,1.1443,0.0341,0.0,0.0132,LOW
VM_012,1378627800,1.0,1.0371,1.0438,1.1052,1.0619,1.0655,1.0484,1.0732,1.1384,0.034,0.0,0.012,LOW
VM_012,1378628100,1.0,1.0168,1.0303,1.0919,1.044,1.0314,1.0198,1.0503,1.1095,0.036,0.0,0.0117,LOW
VM_012,1378628400,1.0,1.0179,1.0345,1.0938,1.0432,1.0312,1.0163,1.0507,1.1149,0.0375,0.0,0.0129,LOW
VM_012,1378628700,1.0,1.0235,1.0364,1.0964,1.0456,1.0299,1.027,1.0532,1.1118,0.0365,0.0,0.0121,LOW
VM_012,1378629000,1.0,1.0181,1.0177,1.08,1.0328,1.025,1.0217,1.0443,1.1107,0.0357,0.0,0.0126,LOW
VM_012,1378629300,1.0,1.0158,1.02,1.0791,1.0269,1.0118,1.014,1.0373,1.0972,0.0363,0.0,0.0126,LOW
VM_012,1378629600,1.0,1.0047,1.0051,1.0637,1.0145,1.0024,1.0021,1.0252,1.085,0.0353,0.0,0.0124,LOW
VM_012,1378629900,1.0,1.0128,1.0158,1.0741,1.0254,1.012,1.02,1.0363,1.1001,0.0358,0.0,0.0129,LOW
VM_012,1378630200,1.0,1.0135,1.0047,1.0617,1.0165,1.0065,1.0113,1.0289,1.093,0.0341,0.0,0.0127,LOW
VM_012,1378630500,1.0,1.0061,1.0003,1.0542,1.0122,0.9913,0.9955,1.0185,1.0797,0.0346,0.0,0.0134,LOW
VM_012,1378630800,1.0,1.0038,0.9965,1.0503,1.008,0.986,0.9919,1.0146,1.0772,0.035,0.0,0.0137,LOW
VM_012,1378631100,1.0,1.0076,0.9995,1.0515,1.0175,0.9926,0.9975,1.02,1.0824,0.0339,0.0,0.0136,LOW
VM_012,1378631400,1.0,0.998,1.0001,1.0579,1.0038,0.9815,1.0006,1.0147,1.079,0.0381,0.0,0.0143,LOW
VM_012,1378631700,1.0,0.9976,0.995,1.0477,1.0061,0.9823,1.0005,1.0136,1.079,0.0367,0.0,0.0141,LOW
VM_012,1378632000,1.0,0.9979,0.9925,1.0424,1.0017,0.9754,0.9927,1.0086,1.0752,0.0364,0.0,0.0144,LOW
VM_012,1378632300,1.0,1.0053,1.0009,1.0503,1.0121,0.9823,0.9999,1.0165,1.0845,0.0367,0.0,0.0148,LOW
VM_012,1378632600,1.0,0.9973,0.9909,1.0404,1.006,0.9752,0.9949,1.0088,1.0769,0.0362,0.0,0.0146,LOW
VM_012,1378632900,1.0,0.9915,0.9853,1.0319,1.0055,0.9733,0.9885,1.0046,1.0735,0.0352,0.0,0.0147,LOW
VM_012,1378633200,1.0,0.9851,0.9788,1.027,1.0016,0.9672,0.9853,0.9994,1.0694,0.0355,0.0,0.0147,LOW
VM_012,1378633500,1.0,0.9883,0.9851,1.0336,1.0092,0.9747,0.9986,1.0073,1.077,0.036,0.0,0.0145,LOW
VM_012,1378633800,1.0,0.9825,0.979,1.0285,1.005,0.9682,0.993,1.0019,1.0742,0.0367,0.0,0.0148,LOW
VM_012,1378634100,1.0,0.9781,0.9736,1.0207,1.0043,0.9685,0.9907,0.9989,1.0702,0.0354,0.0,0.0144,LOW
VM_012,1378634400,1.0,0.9701,0.9663,1.0149,1.0011,0.9645,0.9921,0.9949,1.0666,0.0362,0.0,0.0141,LOW
VM_012,1378634700,1.0,0.977,0.9726,1.0201,1.0085,0.969,0.9987,1.0007,1.0719,0.0359,0.0,0.0141,LOW
VM_012,1378635000,1.0,0.9714,0.9669,1.0139,1.0015,0.9627,0.9953,0.9948,1.0642,0.0356,0.0,0.0137,LOW
VM_012,1378635300,1.0,0.9707,0.963,1.009,1.001,0.9613,0.9978,0.9932,1.0599,0.0349,0.0,0.0131,LOW
VM_012,1378635600,1.0,0.969,0.9609,1.0074,0.9978,0.9597,1.0054,0.9927,1.0607,0.0356,0.0,0.013,LOW
VM_012,1378635900,1.0,0.9734,0.9663,1.0136,1.0028,0.9622,1.0112,0.997,1.0642,0.0362,0.0,0.013,LOW
VM_012,1378636200,1.0,0.9699,0.9523,1.0009,0.9932,0.9798,1.0346,0.9966,1.0833,0.0371,0.0,0.0155,LOW
VM_012,1378636500,1.0,0.9637,0.9535,1.0048,0.9891,0.958,1.0193,0.9896,1.0664,0.0369,0.0,0.0134,LOW
VM_012,1378636800,1.0,0.9679,0.9658,1.0179,1.0039,0.9755,1.0266,1.0032,1.0802,0.038,0.0,0.0135,LOW
VM_012,1378637100,1.0,0.9818,0.9821,1.0294,1.0145,0.985,1.0489,1.0171,1.104,0.0412,0.0,0.0152,LOW
VM_012,1378637400,1.0,0.9795,0.9771,1.0204,1.0103,0.9805,1.0333,1.0104,1.0898,0.0373,0.0,0.0138,LOW
VM_012,1378637700,1.0,0.9759,0.9703,1.0162,1.0088,0.9666,1.0257,1.0035,1.0755,0.0371,0.0,0.0129,LOW
VM_012,1378638000,1.0,0.967,0.9654,1.0131,1.0004,0.9621,1.0246,0.9983,1.0743,0.038,0.0,0.0133,LOW
VM_012,1378638300,1.0,0.9796,0.9761,1.0211,1.0127,0.9691,1.0286,1.0074,1.0778,0.0368,0.0,0.0129,LOW
VM_012,1378638600,1.0,0.9693,0.9729,1.0206,0.9985,0.9601,1.0209,0.9974,1.067,0.038,0.0,0.0131,LOW
VM_012,1378638900,1.0,0.9835,0.9853,1.0291,1.0109,0.9696,1.037,1.0111,1.0861,0.0388,0.0,0.0138,LOW
VM_012,1378639200,1.0,0.9935,0.993,1.0334,1.0149,0.9753,1.0381,1.0162,1.0896,0.0374,0.0,0.0135,LOW
VM_012,1378639500,1.0,1.001,0.9969,1.0341,1.0182,0.9768,1.0345,1.0179,1.0851,0.0352,0.0,0.0128,LOW
VM_012,1378639800,1.0,0.994,0.9952,1.0338,1.009,0.9734,1.0368,1.0141,1.0873,0.0369,0.0,0.0135,LOW
VM_012,1378640100,1.0,0.9964,0.991,1.028,1.0094,0.9671,1.0297,1.0109,1.0794,0.0353,0.0,0.0133,LOW
VM_012,1378640400,1.0,0.9936,0.9885,1.0246,1.0038,0.9637,1.0246,1.0069,1.075,0.0346,0.0,0.0132,LOW
VM_012,1378640700,1.0,0.9983,0.996,1.0325,1.0068,0.9663,1.0405,1.0134,1.0894,0.038,0.0,0.0146,LOW
VM_012,1378641000,1.0,0.9884,0.9822,1.0175,0.9938,0.9534,1.0235,0.9985,1.0698,0.0355,0.0,0.0138,LOW
VM_012,1378641300,1.0,0.997,0.9862,1.0173,0.9979,0.957,1.0216,1.002,1.0691,0.0332,0.0,0.0133,LOW
VM_012,1378641600,1.0,0.9909,0.9804,1.009,0.9926,0.9551,1.0264,0.9983,1.0729,0.0344,0.0,0.0139,LOW
VM_012,1378641900,1.0,1.0106,0.9999,1.0241,1.01,0.9728,1.0362,1.0154,1.087,0.0328,0.0,0.0135,LOW
VM_012,1378642200,1.0,1.0053,0.9904,1.0133,0.9982,0.9609,1.0293,1.0054,1.0785,0.033,0.0,0.0139,LOW
VM_012,1378642500,1.0,0.9976,0.9854,1.0095,0.9912,0.9516,1.0253,0.9983,1.0716,0.0337,0.0,0.0142,LOW
VM_012,1378642800,1.0,0.9944,0.9816,1.0047,0.987,0.9452,1.0216,0.9938,1.0675,0.0341,0.0,0.0145,LOW
VM_012,1378643100,1.0,1.0011,0.992,1.0124,0.9919,0.9523,1.0266,1.0006,1.0738,0.0339,0.0,0.0144,LOW
VM_012,1378643400,1.0,0.996,0.9814,1.0007,0.9845,0.9401,1.0173,0.9907,1.0631,0.0337,0.0,0.0145,LOW
VM_012,1378643700,1.0,0.9972,0.9847,1.0027,0.9842,0.9406,1.0182,0.9916,1.0643,0.0337,0.0,0.0146,LOW
VM_012,1378644000,1.0,0.9992,0.985,1.0008,0.9823,0.9393,1.0149,0.9902,1.0614,0.0328,0.0,0.0144,LOW
VM_012,1378644300,1.0,1.0038,0.9932,1.0067,0.9851,0.9447,1.0264,0.9963,1.073,0.0347,0.0,0.0152,LOW
VM_012,1378644600,1.0,0.997,0.9846,0.9974,0.9794,0.9339,1.0151,0.9871,1.0616,0.0341,0.0,0.0151,LOW
VM_012,1378644900,1.0,0.9914,0.9835,0.9965,0.9769,0.9277,1.0137,0.9839,1.0589,0.0353,0.0,0.0155,LOW
VM_012,1378645200,1.0,0.9908,0.9844,0.9965,0.9773,0.9268,1.0104,0.9832,1.0578,0.0352,0.0,0.0155,LOW
VM_012,1378645500,1.0,0.996,0.9906,0.9994,0.9833,0.9301,1.0066,0.9863,1.0555,0.0334,0.0,0.0148,LOW
VM_012,1378645800,1.0,0.9469,0.9682,1.0157,0.9843,0.9219,1.1188,0.9972,1.1215,0.0652,0.0,0.0243,LOW
VM_012,1378646100,1.0,0.9868,0.9712,0.9822,0.9577,0.9136,1.0007,0.97,1.0452,0.0341,0.0,0.0156,LOW
VM_012,1378646400,1.0,0.9833,0.9635,0.9776,0.9497,0.9072,1.0158,0.967,1.0511,0.0381,0.0,0.017,LOW
VM_012,1378646700,1.0,1.0039,0.9906,0.9924,0.9768,0.9318,1.0096,0.9855,1.0561,0.0318,0.0,0.0147,LOW
VM_012,1378647000,1.0,1.0034,0.9918,0.9913,0.9883,0.9451,1.0484,0.997,1.0894,0.0396,0.0,0.0171,LOW
VM_012,1378647300,1.0,0.9953,0.9942,0.989,0.989,0.9322,1.0006,0.9852,1.054,0.0313,0.0,0.0144,LOW
VM_012,1378647600,1.0,0.9903,0.9909,0.9858,0.9851,0.9376,1.0299,0.9889,1.0778,0.0378,0.0,0.0166,LOW
VM_012,1378647900,1.0,0.9995,1.0082,1.0008,1.0011,0.9472,1.0179,0.9981,1.0745,0.0333,0.0,0.0151,LOW
VM_012,1378648200,1.0,0.9864,0.9796,0.9791,0.9845,0.9441,1.0912,0.9959,1.1149,0.0536,0.0,0.0205,LOW
VM_012,1378648500,1.0,0.9897,0.9981,0.988,0.9986,0.9399,1.0169,0.9909,1.0697,0.0343,0.0,0.0154,LOW
VM_012,1378648800,1.0,0.9793,0.9911,0.9829,0.9905,0.933,1.0166,0.9847,1.0697,0.0366,0.0,0.0162,LOW
VM_012,1378649100,1.0,0.9889,1.0002,0.9874,1.0008,0.9433,1.0106,0.9911,1.0672,0.0325,0.0,0.0147,LOW
VM_012,1378649400,1.0,0.9868,0.9972,0.9879,0.9962,0.9359,1.0281,0.9902,1.0778,0.0391,0.0,0.0168,LOW
VM_012,1378649700,1.0,0.9813,0.996,0.9829,0.9928,0.9328,0.991,0.9817,1.0514,0.031,0.0,0.014,LOW
VM_012,1378650000,1.0,0.983,1.0005,0.9858,0.9981,0.9364,0.9999,0.9865,1.0602,0.0329,0.0,0.0146,LOW
VM_012,1378650300,1.0,0.9865,1.0002,0.9821,0.9967,0.9419,0.9916,0.986,1.0543,0.0294,0.0,0.0133,LOW
VM_012,1378650600,1.0,0.9868,1.0092,0.99,1.0077,0.9434,1.0091,0.9939,1.0712,0.0349,0.0,0.0151,LOW
VM_012,1378650900,1.0,0.9878,0.9997,0.9784,0.9941,0.9442,1.0005,0.9871,1.0619,0.0315,0.0,0.0139,LOW
VM_012,1378651200,1.0,0.9886,1.0021,0.9808,0.9957,0.9445,1.0086,0.9894,1.0682,0.0338,0.0,0.0147,LOW
VM_012,1378651500,1.0,0.9908,1.0083,0.9836,0.9996,0.9525,1.0083,0.9941,1.0732,0.0332,0.0,0.0145,LOW
VM_012,1378651800,1.0,0.987,1.0013,0.977,0.9935,0.9435,1.0,0.9869,1.0638,0.033,0.0,0.0142,LOW
VM_012,1378652100,1.0,0.984,0.9991,0.9734,0.9929,0.9449,0.9962,0.9856,1.0628,0.0326,0.0,0.0139,LOW
VM_012,1378652400,1.0,0.9827,0.9977,0.9726,0.9906,0.9426,0.999,0.9846,1.0644,0.034,0.0,0.0144,LOW
VM_012,1378652700,1.0,0.9873,1.0015,0.974,0.9967,0.9532,1.0017,0.9902,1.0694,0.0334,0.0,0.0137,LOW
VM_012,1378653000,1.0,0.9839,0.9876,0.9608,0.9767,0.9377,0.9904,0.9759,1.0531,0.0336,0.0,0.014,LOW
VM_012,1378653300,1.0,0.9823,0.9971,0.9712,0.9854,0.9441,0.9982,0.9835,1.0652,0.035,0.0,0.0143,LOW
VM_012,1378653600,1.0,0.9803,0.9942,0.9687,0.9813,0.9423,0.9974,0.9812,1.0649,0.036,0.0,0.0145,LOW
VM_012,1378653900,1.0,0.986,1.0018,0.9748,0.9874,0.9511,1.001,0.9879,1.0711,0.0356,0.0,0.0145,LOW
VM_012,1378654200,1.0,0.9816,0.9957,0.9705,0.9802,0.944,0.9975,0.9825,1.0671,0.0365,0.0,0.0148,LOW
VM_012,1378654500,1.0,0.9834,0.9995,0.9732,0.9841,0.9495,0.9967,0.9859,1.0697,0.0359,0.0,0.0148,LOW
VM_012,1378654800,1.0,0.9835,1.0005,0.9747,0.9853,0.9503,0.9945,0.9867,1.0699,0.0355,0.0,0.0146,LOW
VM_012,1378655100,1.0,0.9884,1.0125,0.9853,0.9906,0.965,1.008,0.998,1.088,0.0373,0.0,0.0156,LOW
VM_012,1378655400,1.0,0.9797,0.992,0.959,0.9857,0.948,0.9684,0.9778,1.0485,0.0308,0.0,0.0136,LOW
VM_012,1378655700,1.0,0.985,0.9981,0.9711,0.9828,0.958,0.9998,0.989,1.0752,0.0369,0.0,0.0158,LOW
VM_012,1378656000,1.0,0.9883,0.9939,0.9681,0.9787,0.9538,0.9955,0.9867,1.0695,0.0354,0.0,0.0156,LOW
VM_012,1378656300,1.0,0.9961,1.0057,0.9795,0.9911,0.9686,1.0043,0.9993,1.0819,0.0347,0.0,0.0154,LOW
VM_012,1378656600,1.0,0.9919,0.9997,0.9731,0.9806,0.9638,1.0005,0.9928,1.0764,0.0356,0.0,0.0158,LOW
VM_012,1378656900,1.0,0.9891,1.0006,0.9764,0.9785,0.964,0.9996,0.9923,1.0759,0.0354,0.0,0.0155,LOW
VM_012,1378657200,1.0,0.9846,0.9945,0.9711,0.9714,0.9623,0.9977,0.9878,1.0732,0.0365,0.0,0.0161,LOW
VM_012,1378657500,1.0,0.9893,1.0026,0.9798,0.976,0.9704,1.0039,0.9944,1.0793,0.0362,0.0,0.0159,LOW
VM_012,1378657800,1.0,0.9855,0.9963,0.9714,0.969,0.9712,0.9965,0.9898,1.0749,0.037,0.0,0.0165,LOW
VM_012,1378658100,1.0,0.9889,0.9981,0.9747,0.9708,0.9752,1.0035,0.9932,1.0792,0.0378,0.0,0.0167,LOW
VM_012,1378658400,1.0,0.9938,1.0035,0.9777,0.9737,0.9829,1.0058,0.9983,1.0831,0.0378,0.0,0.0166,LOW
VM_012,1378658700,1.0,0.9953,1.0054,0.9787,0.9734,0.9884,1.0071,1.0002,1.0847,0.0384,0.0,0.0169,LOW
VM_012,1378659000,1.0,0.9926,0.9949,0.9671,0.9671,0.9865,1.0006,0.9938,1.0765,0.0395,0.0,0.0173,LOW
VM_012,1378659300,1.0,0.9896,0.9908,0.9636,0.9615,0.9853,0.9954,0.9896,1.0703,0.0395,0.0,0.0171,LOW
VM_012,1378659600,1.0,0.9909,0.9906,0.9643,0.9571,0.9863,0.9945,0.9891,1.07,0.0404,0.0,0.0174,LOW
VM_012,1378659900,1.0,0.9977,0.9991,0.9723,0.9653,0.9988,0.9992,0.9976,1.0771,0.0404,0.0,0.0174,LOW
VM_012,1378660200,1.0,0.9849,0.9872,0.958,0.946,0.987,0.973,0.9806,1.0523,0.0392,0.0,0.0165,LOW
VM_012,1378660500,1.0,0.9902,0.9865,0.9589,0.9438,0.9934,0.9892,0.9854,1.0671,0.0444,0.0,0.0185,LOW
VM_012,1378660800,1.0,0.9835,0.9789,0.9521,0.9328,0.9925,0.9902,0.9808,1.0701,0.0485,0.0,0.0201,LOW
VM_012,1378661100,1.0,0.9958,0.987,0.956,0.9436,1.0062,0.9964,0.9904,1.0758,0.0491,0.0,0.02,LOW
VM_012,1378661400,1.0,0.9823,0.9701,0.9411,0.9311,0.9983,0.9903,0.9791,1.0675,0.0516,0.0,0.0208,LOW
VM_012,1378661700,1.0,0.9799,0.9685,0.9399,0.9309,0.9987,0.9873,0.9777,1.0662,0.0514,0.0,0.0208,LOW
VM_012,1378662000,1.0,0.9722,0.9627,0.9377,0.924,0.9952,0.9858,0.9734,1.0638,0.0523,0.0,0.0211,LOW
VM_012,1378662300,1.0,0.9789,0.9705,0.9445,0.93,1.0053,0.9973,0.982,1.0766,0.0539,0.0,0.0217,LOW
VM_012,1378662600,1.0,0.9653,0.9557,0.9319,0.9174,0.9951,0.982,0.9685,1.0574,0.0533,0.0,0.0211,LOW
VM_012,1378662900,1.0,0.9671,0.9581,0.9326,0.9231,1.002,0.9878,0.9734,1.0638,0.0544,0.0,0.0214,LOW
VM_012,1378663200,1.0,0.972,0.9621,0.9342,0.9292,1.009,0.9853,0.9771,1.0642,0.0537,0.0,0.0211,LOW
VM_012,1378663500,1.0,0.9757,0.965,0.9382,0.9321,1.0127,0.9921,0.9811,1.0695,0.0543,0.0,0.0212,LOW
VM_012,1378663800,1.0,0.966,0.9555,0.9315,0.9201,1.0043,0.9811,0.9713,1.0578,0.0541,0.0,0.021,LOW
VM_012,1378664100,1.0,0.9617,0.9504,0.9291,0.9166,1.0014,0.9799,0.9679,1.0549,0.0545,0.0,0.0212,LOW
VM_012,1378664400,1.0,0.9646,0.9546,0.9326,0.9188,1.0072,0.981,0.9717,1.0587,0.055,0.0,0.0212,LOW
VM_012,1378664700,1.0,0.971,0.9634,0.9397,0.9274,1.0142,0.9844,0.9788,1.0643,0.0537,0.0,0.0208,LOW
VM_012,1378665000,1.0,0.9696,0.957,0.9519,0.8906,0.9858,0.9952,0.9594,1.0317,0.0572,0.0,0.0202,LOW
VM_012,1378665300,1.0,0.9859,0.9727,0.9415,0.949,1.0458,0.9985,0.998,1.0799,0.0569,0.0,0.0212,LOW
VM_012,1378665600,1.0,0.9926,0.9799,0.9448,0.9526,1.0489,1.003,1.0026,1.0801,0.0566,0.0,0.0206,LOW
VM_012,1378665900,1.0,1.0033,0.9885,0.9498,0.9513,1.0637,1.0151,1.0114,1.0971,0.0619,0.0,0.0225,LOW
VM_012,1378666200,1.0,1.0013,0.9739,0.9289,0.9553,1.0602,0.9888,1.0017,1.0924,0.0631,0.0,0.0238,LOW
VM_012,1378666500,1.0,0.9772,0.9567,0.9229,0.939,1.0338,0.9663,0.9816,1.0639,0.0576,0.0,0.0215,LOW
VM_012,1378666800,1.0,1.0126,0.9829,0.9322,0.9642,1.0676,0.9838,1.0068,1.1014,0.0629,0.0,0.0243,LOW
VM_012,1378667100,1.0,0.9985,0.9721,0.9346,0.9499,1.0431,0.9642,0.9918,1.0717,0.057,0.0,0.0213,LOW
VM_012,1378667400,1.0,0.9945,0.9624,0.9266,0.9395,1.0323,0.9564,0.9823,1.0684,0.0565,0.0,0.022,LOW
VM_012,1378667700,1.0,0.997,0.9653,0.9271,0.9409,1.0338,0.9429,0.9819,1.0659,0.0566,0.0,0.0216,LOW
VM_012,1378668000,1.0,1.0,0.9705,0.9299,0.9497,1.0415,0.9424,0.9872,1.0738,0.0565,0.0,0.0217,LOW
VM_012,1378668300,1.0,1.0043,0.9753,0.9359,0.955,1.0442,0.9414,0.991,1.0764,0.0559,0.0,0.0213,LOW
VM_012,1378668600,1.0,1.0087,0.9742,0.928,0.9518,1.049,0.943,0.991,1.0845,0.0595,0.0,0.0231,LOW
VM_012,1378668900,1.0,0.9989,0.9654,0.9246,0.9428,1.0331,0.9247,0.9795,1.0665,0.0564,0.0,0.0215,LOW
VM_012,1378669200,1.0,1.0014,0.9715,0.93,0.9474,1.037,0.9262,0.9839,1.0715,0.0556,0.0,0.0212,LOW
VM_012,1378669500,1.0,1.006,0.976,0.9341,0.9486,1.0398,0.9339,0.9878,1.0747,0.0556,0.0,0.0213,LOW
VM_012,1378669800,1.0,1.0076,0.9768,0.9312,0.9577,1.0463,0.9267,0.9907,1.0828,0.0578,0.0,0.022,LOW
VM_012,1378670100,1.0,1.0016,0.9724,0.9302,0.9541,1.0396,0.9293,0.9866,1.0773,0.0558,0.0,0.0215,LOW
VM_012,1378670400,1.0,1.0104,0.986,0.9422,0.9642,1.05,0.9405,0.9974,1.0864,0.0551,0.0,0.0212,LOW
VM_012,1378670700,1.0,1.0187,0.9918,0.9462,0.9723,1.0573,0.9428,1.0038,1.0949,0.0564,0.0,0.0218,LOW
VM_012,1378671000,1.0,1.008,0.9776,0.9351,0.9586,1.0438,0.9346,0.9908,1.0801,0.0563,0.0,0.0217,LOW
VM_012,1378671300,1.0,1.0074,0.9794,0.9389,0.9601,1.0373,0.9231,0.9888,1.0775,0.054,0.0,0.0209,LOW
VM_012,1378671600,1.0,1.0087,0.9833,0.9454,0.9653,1.0402,0.9273,0.9926,1.0793,0.053,0.0,0.0205,LOW
VM_012,1378671900,1.0,1.016,0.9923,0.9548,0.9762,1.0457,0.9269,0.9999,1.0872,0.0525,0.0,0.0203,LOW
VM_012,1378672200,1.0,1.0097,0.9912,0.9603,0.9724,1.0445,0.9433,1.0002,1.0787,0.05,0.0,0.0193,LOW
VM_012,1378672500,1.0,1.0107,0.9923,0.9617,0.9757,1.0404,0.9269,0.9985,1.0824,0.0497,0.0,0.0194,LOW
VM_012,1378672800,1.0,1.0029,0.9915,0.9667,0.9739,1.0357,0.9271,0.9971,1.0791,0.0473,0.0,0.0186,LOW
VM_012,1378673100,1.0,1.0049,0.9961,0.973,0.9812,1.041,0.931,1.0027,1.0848,0.0471,0.0,0.0184,LOW
VM_012,1378673400,1.0,0.9959,0.99,0.9717,0.9798,1.0327,0.9258,0.9977,1.0789,0.0455,0.0,0.0181,LOW
VM_012,1378673700,1.0,0.9932,0.9941,0.9787,0.9843,1.0299,0.9207,0.999,1.0787,0.0439,0.0,0.0187,LOW
VM_012,1378674000,1.0,0.993,0.9978,0.984,0.9878,1.0292,0.9192,1.0007,1.0799,0.0432,0.0,0.019,LOW
VM_012,1378674300,1.0,1.0022,1.0093,0.9946,1.0006,1.0403,0.9261,1.0116,1.0901,0.0437,0.0,0.0194,LOW
VM_012,1378674600,1.0,0.9857,0.9988,0.9942,0.9946,1.024,0.9098,1.0018,1.0763,0.0427,0.0,0.0197,LOW
VM_012,1378674900,1.0,0.9871,1.0058,1.0017,1.0026,1.0298,0.9188,1.0078,1.0827,0.0417,0.0,0.0194,LOW
VM_012,1378675200,1.0,0.9791,1.0179,1.0222,1.0185,1.0333,0.9242,1.0173,1.0865,0.0401,0.0,0.0192,LOW
VM_012,1378675500,1.0,0.9946,1.0289,1.0312,1.0405,1.0586,0.9474,1.036,1.1077,0.0418,0.0,0.019,LOW
VM_012,1378675800,1.0,0.9836,1.0242,1.0314,1.0377,1.0494,0.9388,1.0308,1.1011,0.0419,0.0,0.0192,LOW
VM_012,1378676100,1.0,0.9819,1.0217,1.0313,1.0336,1.0429,0.9335,1.027,1.0952,0.0413,0.0,0.0191,LOW
VM_012,1378676400,1.0,0.9793,1.0228,1.036,1.0362,1.0404,0.9307,1.0276,1.0931,0.0415,0.0,0.0192,LOW
VM_012,1378676700,1.0,0.9823,1.0264,1.0403,1.0403,1.0485,0.9428,1.0339,1.0977,0.041,0.0,0.0183,LOW
VM_012,1378677000,1.0,0.9753,1.0192,1.0378,1.042,1.0402,0.9332,1.0286,1.0911,0.042,0.0,0.0187,LOW
VM_012,1378677300,1.0,0.9759,1.0196,1.0369,1.0441,1.0462,0.9395,1.0314,1.0965,0.0425,0.0,0.0186,LOW
VM_012,1378677600,1.0,0.9748,1.0223,1.0432,1.0443,1.0483,0.9485,1.0348,1.0957,0.0415,0.0,0.0174,LOW
VM_012,1378677900,1.0,0.9741,1.0196,1.0395,1.0438,1.0482,0.9476,1.0335,1.0951,0.0421,0.0,0.0174,LOW
VM_012,1378678200,1.0,0.9644,1.0071,1.0306,1.0352,1.0383,0.9395,1.0238,1.0838,0.042,0.0,0.0171,LOW
VM_012,1378678500,1.0,0.9625,1.0022,1.0258,1.0319,1.0325,0.933,1.0189,1.0787,0.0422,0.0,0.0172,LOW
VM_012,1378678800,1.0,0.961,0.9993,1.0249,1.0293,1.0324,0.9396,1.0189,1.0757,0.0416,0.0,0.0161,LOW
VM_012,1378679100,1.0,0.9613,0.9973,1.0215,1.032,1.032,0.9357,1.0179,1.0758,0.0427,0.0,0.0166,LOW
VM_012,1378679400,1.0,0.9528,0.9895,1.0175,1.0283,1.0253,0.9328,1.0127,1.0707,0.0427,0.0,0.0163,LOW
VM_012,1378679700,1.0,0.9499,0.9832,1.0117,1.024,1.0219,0.931,1.0084,1.0668,0.0425,0.0,0.0161,LOW
VM_012,1378680000,1.0,0.9474,0.9697,0.9965,1.0102,1.0155,0.9294,0.999,1.0579,0.0423,0.0,0.0152,LOW
VM_012,1378680300,1.0,0.9506,0.9742,1.004,1.0071,1.0222,0.9513,1.0058,1.0592,0.0414,0.0,0.0139,LOW
VM_012,1378680600,1.0,0.9354,0.9572,0.988,1.0043,1.0086,0.9269,0.9918,1.0505,0.0428,0.0,0.0146,LOW
VM_012,1378680900,1.0,0.9315,0.944,0.9736,0.9948,1.0026,0.9256,0.9833,1.0437,0.0438,0.0,0.0151,LOW
VM_012,1378681200,1.0,0.9309,0.94,0.9722,0.9886,0.9969,0.9258,0.9797,1.0406,0.0427,0.0,0.0152,LOW
VM_012,1378681500,1.0,0.9321,0.9396,0.9699,0.9922,1.0011,0.9326,0.9824,1.0459,0.0441,0.0,0.0159,LOW
VM_012,1378681800,1.0,0.9213,0.9281,0.962,0.9794,0.9861,0.9212,0.9699,1.0349,0.0426,0.0,0.0158,LOW
VM_012,1378682100,1.0,0.9192,0.9251,0.962,0.9801,0.9889,0.9304,0.972,1.0406,0.0441,0.0,0.0166,LOW
VM_012,1378682400,1.0,0.9079,0.9195,0.9598,0.9839,0.9844,0.9225,0.9687,1.0375,0.0447,0.0,0.0158,LOW
VM_012,1378682700,1.0,0.9049,0.9123,0.9522,0.9812,0.9861,0.9267,0.9668,1.0415,0.0473,0.0,0.0173,LOW
VM_012,1378683000,1.0,0.8962,0.9027,0.9464,0.9808,0.9807,0.9194,0.9615,1.037,0.0487,0.0,0.0174,LOW
VM_012,1378683300,1.0,0.8983,0.898,0.9404,0.9828,0.9852,0.9234,0.9621,1.0416,0.0512,0.0,0.0185,LOW
VM_012,1378683600,1.0,0.8985,0.9013,0.9471,0.9938,0.9952,0.9306,0.9698,1.0517,0.0531,0.0,0.0187,LOW
VM_012,1378683900,1.0,0.9021,0.897,0.9429,0.9942,1.0003,0.9366,0.971,1.0572,0.0554,0.0,0.02,LOW
VM_012,1378684200,1.0,0.915,0.8842,0.9402,1.2262,1.2406,0.9428,1.088,1.378,0.1756,0.0,0.0584,MEDIUM
VM_012,1378684500,1.0,0.9011,0.924,0.9744,1.0416,1.0345,0.9588,1.0026,1.0895,0.0604,0.0,0.0223,LOW
VM_012,1378684800,1.0,0.9423,0.9548,1.0234,1.1404,1.0444,0.9,1.0323,1.1503,0.0774,0.0,0.0296,MEDIUM
VM_012,1378685100,1.0,0.9408,0.9532,0.9869,1.0814,1.0281,0.9168,1.0117,1.0965,0.0565,0.0,0.0213,LOW
VM_012,1378685400,1.0,0.9898,0.9755,0.9959,1.0539,1.0166,0.928,1.0068,1.0675,0.0385,0.0,0.0165,LOW
VM_012,1378685700,1.0,0.9736,0.9275,0.9603,1.0207,0.9904,0.8966,0.9763,1.0443,0.0423,0.0,0.0175,LOW
VM_012,1378686000,1.0,0.9589,0.9456,1.0065,1.0518,0.9896,0.903,0.9923,1.0581,0.0443,0.0,0.0183,LOW
VM_012,1378686300,1.0,0.9714,0.9425,0.9844,1.0284,0.9871,0.8903,0.9815,1.0433,0.0411,0.0,0.0181,LOW
VM_012,1378686600,1.0,0.9817,0.9459,0.9869,1.0527,1.007,0.916,0.9953,1.065,0.0435,0.0,0.0176,LOW
VM_012,1378686900,1.0,0.9696,0.9465,0.9898,1.0252,0.9842,0.8879,0.9811,1.0392,0.0399,0.0,0.0179,LOW
VM_012,1378687200,1.0,0.9759,0.9586,1.0069,1.0289,0.9921,0.9026,0.9906,1.0432,0.0369,0.0,0.0166,LOW
VM_012,1378687500,1.0,0.9731,0.956,1.0011,1.0169,0.9898,0.8997,0.9862,1.0344,0.0348,0.0,0.0159,LOW
VM_012,1378687800,1.0,0.9819,0.9877,1.0359,1.0586,1.0128,0.9073,1.013,1.0659,0.0431,0.0,0.0188,LOW
VM_012,1378688100,1.0,0.9693,0.9587,0.995,1.0027,0.9809,0.8893,0.9788,1.0174,0.0329,0.0,0.0151,LOW
VM_012,1378688400,1.0,0.9552,0.9622,1.003,1.0052,0.9728,0.8764,0.9768,1.0115,0.0363,0.0,0.016,LOW
VM_012,1378688700,1.0,0.9525,0.9616,0.9964,0.9983,0.9691,0.875,0.9729,1.0024,0.0346,0.0,0.0151,LOW
VM_012,1378689000,1.0,0.9478,0.9567,0.9866,0.9771,0.9554,0.8551,0.9589,0.9866,0.0348,0.0,0.0156,LOW
VM_012,1378689300,1.0,0.9436,0.9649,0.999,1.0004,0.9689,0.8729,0.9734,1.0004,0.0357,0.0,0.0151,LOW
VM_012,1378689600,1.0,0.9534,0.9895,1.0155,1.0149,0.9731,0.8598,0.9823,1.0187,0.044,0.0,0.0188,LOW
VM_012,1378689900,1.0,0.9565,0.9952,1.027,1.0175,0.9781,0.8921,0.9923,1.027,0.0367,0.0,0.016,LOW
VM_012,1378690200,1.0,0.9492,0.9938,1.03,1.0219,0.9838,0.9014,0.9961,1.03,0.0364,0.0,0.0152,LOW
VM_012,1378690500,1.0,0.9393,0.9779,1.0064,1.0035,0.9664,0.8767,0.9775,1.0073,0.0367,0.0,0.0154,LOW
VM_012,1378690800,1.0,0.9352,0.9801,1.0083,1.0075,0.9676,0.8745,0.9788,1.0126,0.0388,0.0,0.0163,LOW
VM_012,1378691100,1.0,0.9384,0.9842,1.0124,1.0142,0.9776,0.8924,0.9871,1.0165,0.0361,0.0,0.0147,LOW
VM_012,1378691400,1.0,0.9384,0.9836,0.9987,1.0268,0.9902,0.885,0.9891,1.0312,0.0398,0.0,0.0173,LOW
VM_012,1378691700,1.0,0.9294,0.981,1.0072,1.0094,0.9738,0.891,0.9831,1.0136,0.0363,0.0,0.0145,LOW
VM_012,1378692000,1.0,0.9288,0.9818,1.0161,1.0219,1.008,0.9558,1.0047,1.0557,0.0342,0.0,0.015,LOW
VM_012,1378692300,1.0,0.9351,0.9928,1.0249,1.029,1.0142,0.9505,1.0106,1.0594,0.0354,0.0,0.0147,LOW
VM_012,1378692600,1.2,0.95,1.0175,1.0501,1.0406,1.0266,0.9647,1.027,1.076,0.0365,0.0408,0.0201,LOW
VM_012,1378692900,1.0,0.9338,0.9926,1.0264,1.0236,1.0219,0.9693,1.0136,1.0699,0.0366,0.0408,0.0213,LOW
VM_012,1378693200,1.0,0.9356,0.9882,1.0197,1.0095,1.0207,0.9842,1.0101,1.0717,0.0369,0.0408,0.0213,LOW
VM_012,1378693500,1.0,0.9389,0.988,1.0147,1.0056,1.0211,0.9824,1.0084,1.0712,0.037,0.0408,0.0209,LOW
VM_012,1378693800,1.0,0.9343,0.9818,1.009,1.0,1.0211,0.9887,1.0058,1.0751,0.0395,0.0408,0.0219,LOW
VM_012,1378694100,1.0,0.9334,0.9781,1.0033,0.9945,1.0205,0.9898,1.0027,1.0758,0.0407,0.0408,0.0221,LOW
VM_012,1378694400,1.0,0.9386,0.9868,1.012,0.9987,1.0193,0.978,1.0053,1.0717,0.0382,0.0408,0.021,LOW
VM_012,1378694700,1.0,0.9494,0.9998,1.0237,1.0004,1.0295,1.0025,1.0154,1.0913,0.0409,0.0408,0.022,LOW
VM_012,1378695000,1.0,0.9559,1.0071,1.0273,1.0067,1.0337,1.0076,1.0202,1.0975,0.0413,0.0408,0.022,LOW
VM_012,1378695300,1.0,0.9446,0.9948,1.0156,0.9924,1.0224,1.0014,1.0086,1.091,0.0427,0.0408,0.0226,LOW
VM_012,1378695600,1.0,0.9446,0.9963,1.0164,0.9926,1.0194,0.9979,1.0073,1.0876,0.0415,0.0408,0.0221,LOW
VM_012,1378695900,1.0,0.9496,1.0024,1.0237,0.9994,1.0296,1.018,1.0161,1.1053,0.0445,0.0408,0.0236,LOW
VM_012,1378696200,1.0,0.9494,1.0033,1.0226,0.9924,1.0246,1.0155,1.0126,1.1048,0.0457,0.0408,0.0245,LOW
VM_012,1378696500,1.0,0.9492,0.9983,1.0154,0.9878,1.0255,1.0209,1.0105,1.1098,0.0481,0.0408,0.0256,LOW
VM_012,1378696800,1.0,0.9572,1.0081,1.0239,0.9972,1.0336,1.0287,1.0189,1.1189,0.0482,0.0408,0.0259,LOW
VM_012,1378697100,1.0,0.9593,1.0089,1.0235,0.998,1.0387,1.0365,1.0215,1.1259,0.05,0.0408,0.0267,LOW
VM_012,1378697400,1.0,0.9629,1.0148,1.0293,1.0012,1.0448,1.0453,1.0266,1.1345,0.0518,0.0408,0.0275,LOW
VM_012,1378697700,1.0,0.9591,1.0076,1.0213,0.9963,1.0446,1.0501,1.0235,1.1381,0.0547,0.0408,0.0285,LOW
VM_012,1378698000,1.0,0.9583,1.0101,1.0266,0.9992,1.0495,1.0614,1.0275,1.1474,0.057,0.0408,0.0295,LOW
VM_012,1378698300,1.0,0.9607,1.0157,1.0345,1.0,1.0569,1.081,1.0342,1.1652,0.0619,0.0408,0.0316,MEDIUM
VM_012,1378698600,1.0,0.962,1.0113,1.02,0.9909,1.0486,1.0602,1.0244,1.1491,0.0589,0.0408,0.0308,MEDIUM
VM_012,1378698900,1.0,0.9611,1.0066,1.0148,0.9875,1.047,1.0611,1.0217,1.1493,0.06,0.0408,0.0313,MEDIUM
VM_012,1378699200,1.0,0.9697,1.0113,1.0192,0.9909,1.0539,1.072,1.0272,1.1606,0.0621,0.0408,0.0324,MEDIUM
VM_012,1378699500,1.0,0.9824,1.0317,1.0387,0.9991,1.0616,1.0799,1.0393,1.1746,0.0616,0.0408,0.0332,MEDIUM
VM_012,1378699800,1.0,0.9861,1.0372,1.0436,0.998,1.059,1.0786,1.0394,1.176,0.0618,0.0,0.0286,LOW
VM_012,1378700100,1.0,0.9798,1.0265,1.0332,0.9936,1.0591,1.0769,1.0346,1.1717,0.0624,0.0,0.0284,LOW
VM_012,1378700400,1.0,0.9808,1.0264,1.0335,0.994,1.0618,1.0795,1.0357,1.1741,0.0628,0.0,0.0285,LOW
VM_012,1378700700,1.0,0.9872,1.0368,1.0453,0.9993,1.0654,1.0826,1.0422,1.1785,0.0615,0.0,0.0285,LOW
VM_012,1378701000,1.0,0.9871,1.0313,1.0378,0.9968,1.0692,1.0856,1.0409,1.1817,0.0634,0.0,0.029,LOW
VM_012,1378701300,1.0,0.9874,1.0319,1.0387,0.9959,1.0685,1.0827,1.0404,1.1798,0.0625,0.0,0.0289,LOW
VM_012,1378701600,1.0,0.9899,1.0363,1.0445,0.9985,1.0671,1.0817,1.0419,1.1808,0.0615,0.0,0.0291,LOW
VM_012,1378701900,1.0,0.9946,1.0434,1.0535,1.0032,1.075,1.0945,1.0494,1.1933,0.0634,0.0,0.0299,MEDIUM
VM_012,1378702200,1.0,1.0002,1.0468,1.053,1.0052,1.0779,1.0917,1.0512,1.1935,0.0622,0.0,0.0297,MEDIUM
VM_012,1378702500,1.0,0.9972,1.0427,1.0509,1.0039,1.0767,1.088,1.0491,1.189,0.0611,0.0,0.0292,LOW
VM_012,1378702800,1.0,0.9994,1.0445,1.0546,1.0085,1.0797,1.0892,1.0522,1.1899,0.0598,0.0,0.0288,LOW
VM_012,1378703100,1.0,1.0035,1.053,1.067,1.0197,1.0894,1.101,1.0621,1.2,0.0599,0.0,0.0288,LOW
VM_012,1378703400,1.0,0.9999,1.0472,1.0605,1.0174,1.0861,1.0959,1.058,1.195,0.0592,0.0,0.0286,LOW
VM_012,1378703700,1.0,0.9997,1.0437,1.0575,1.018,1.0875,1.0949,1.0578,1.1937,0.0585,0.0,0.0282,LOW
VM_012,1378704000,1.0,1.0135,1.0532,1.0685,1.0245,1.1028,1.1107,1.0702,1.2079,0.059,0.0,0.0282,LOW
VM_012,1378704300,1.0,1.0242,1.0644,1.0813,1.04,1.1182,1.1234,1.0844,1.22,0.0579,0.0,0.0275,LOW
VM_012,1378704600,1.0,1.0254,1.0679,1.0867,1.0453,1.1236,1.1278,1.0891,1.2218,0.0569,0.0,0.027,LOW
VM_012,1378704900,1.0,1.0166,1.0598,1.0831,1.0475,1.1206,1.1247,1.0859,1.2186,0.0569,0.0,0.0267,LOW
VM_012,1378705200,1.0,1.0106,1.0585,1.0882,1.0528,1.1231,1.1283,1.0885,1.2212,0.0575,0.0,0.0266,LOW
VM_012,1378705500,1.0,1.0147,1.0617,1.0927,1.0609,1.1282,1.1313,1.0938,1.2237,0.0563,0.0,0.0259,LOW
VM_012,1378705800,1.0,1.0169,1.0561,1.0812,1.0542,1.1236,1.1166,1.0869,1.21,0.0529,0.0,0.0246,LOW
VM_012,1378706100,1.0,1.0173,1.0518,1.0758,1.0557,1.1232,1.1122,1.0851,1.2041,0.0511,0.0,0.0236,LOW
VM_012,1378706400,1.0,1.0184,1.0541,1.0794,1.0602,1.1302,1.1179,1.0895,1.2085,0.0515,0.0,0.0235,LOW
VM_012,1378706700,1.0,1.0248,1.0589,1.0824,1.0657,1.1331,1.1178,1.0933,1.2087,0.0498,0.0,0.0229,LOW
VM_012,1378707000,1.0,1.024,1.0563,1.0775,1.0623,1.1299,1.1094,1.0892,1.2003,0.048,0.0,0.0221,LOW
VM_012,1378707300,1.0,1.0263,1.0538,1.0736,1.0632,1.1293,1.1054,1.0878,1.1957,0.0465,0.0,0.0214,LOW
VM_012,1378707600,1.0,1.0292,1.0537,1.0722,1.0648,1.1288,1.1014,1.0874,1.1909,0.0447,0.0,0.0205,LOW
VM_012,1378707900,1.0,1.0375,1.0614,1.0796,1.0716,1.1333,1.1038,1.0932,1.1935,0.0432,0.0,0.0201,LOW
VM_012,1378708200,1.0,1.0327,1.0559,1.0738,1.0664,1.1286,1.1,1.0883,1.1892,0.0434,0.0,0.0202,LOW
VM_012,1378708500,1.0,1.033,1.0559,1.0748,1.0691,1.1291,1.1008,1.0895,1.1896,0.0431,0.0,0.02,LOW
VM_012,1378708800,1.0,1.0319,1.0562,1.0763,1.0725,1.1276,1.0956,1.0895,1.1843,0.0416,0.0,0.0191,LOW
VM_012,1378709100,1.0,1.0369,1.064,1.0856,1.082,1.1374,1.1095,1.0991,1.1981,0.0433,0.0,0.0197,LOW
VM_012,1378709400,1.0,1.0394,1.0577,1.0736,1.0729,1.1261,1.0926,1.0897,1.1826,0.04,0.0,0.0185,LOW
VM_012,1378709700,1.0,1.0403,1.0565,1.0722,1.0718,1.124,1.0903,1.0882,1.1787,0.039,0.0,0.0181,LOW
VM_012,1378710000,1.0,1.0417,1.0574,1.073,1.0724,1.1228,1.0901,1.0885,1.1781,0.0385,0.0,0.0179,LOW
VM_012,1378710300,1.0,1.0455,1.0606,1.0757,1.0779,1.1275,1.0933,1.0927,1.1817,0.0384,0.0,0.0176,LOW
VM_012,1378710600,1.0,1.0376,1.054,1.0711,1.073,1.1187,1.0871,1.0862,1.1749,0.0384,0.0,0.0176,LOW
VM_012,1378710900,1.0,1.0379,1.0486,1.0629,1.067,1.1125,1.0775,1.0802,1.1661,0.037,0.0,0.0171,LOW
VM_012,1378711200,1.0,1.0377,1.0466,1.0606,1.0647,1.108,1.0728,1.0775,1.162,0.0364,0.0,0.0168,LOW
VM_012,1378711500,1.0,1.0411,1.0494,1.0638,1.0678,1.1108,1.0751,1.0806,1.1646,0.0363,0.0,0.0167,LOW
VM_012,1378711800,1.0,1.0352,1.0418,1.0562,1.0605,1.0982,1.0634,1.0718,1.1534,0.0354,0.0,0.0163,LOW
VM_012,1378712100,1.0,1.0321,1.0381,1.0523,1.0557,1.0912,1.0552,1.0665,1.1464,0.0349,0.0,0.016,LOW
VM_012,1378712400,1.0,1.0245,1.036,1.0556,1.0582,1.0889,1.0562,1.0664,1.1473,0.0363,0.0,0.0161,LOW
VM_012,1378712700,1.0,1.0265,1.0392,1.0613,1.0608,1.0905,1.0617,1.0697,1.1524,0.0369,0.0,0.0165,LOW
VM_012,1378713000,1.0,1.0261,1.0268,1.0419,1.0446,1.0708,1.0325,1.0521,1.1244,0.0332,0.0,0.0147,LOW
VM_012,1378713300,1.0,1.0221,1.0208,1.037,1.0396,1.0632,1.0264,1.0464,1.1179,0.033,0.0,0.0144,LOW
VM_012,1378713600,1.0,1.0193,1.0121,1.027,1.0376,1.0614,1.0216,1.0423,1.1162,0.0332,0.0,0.0141,LOW
VM_012,1378713900,1.0,1.0313,1.0181,1.0327,1.0444,1.0657,1.0226,1.0477,1.1171,0.032,0.0,0.0132,LOW
VM_012,1378714200,1.0,1.025,1.0081,1.0223,1.0303,1.0487,1.0042,1.0345,1.1023,0.0318,0.0,0.0128,LOW
VM_012,1378714500,1.0,1.0227,1.0064,1.0217,1.028,1.0388,0.9956,1.0296,1.0928,0.032,0.0,0.0123,LOW
VM_012,1378714800,1.0,1.0191,1.0037,1.0203,1.0255,1.032,0.9879,1.0254,1.087,0.0325,0.0,0.0119,LOW
VM_012,1378715100,1.0,1.0262,1.0088,1.0254,1.0296,1.0337,0.9887,1.0288,1.0921,0.0328,0.0,0.0122,LOW
VM_012,1378715400,1.0,1.0152,0.9957,1.0108,1.0142,1.016,0.9724,1.0138,1.0777,0.0328,0.0,0.0125,LOW
VM_012,1378715700,1.0,1.012,0.9904,1.0052,1.0085,1.0082,0.9656,1.0077,1.073,0.0332,0.0,0.0127,LOW
VM_012,1378716000,1.0,1.0069,0.9838,0.9993,1.004,1.001,0.9572,1.0014,1.0688,0.0336,0.0,0.0132,LOW
VM_012,1378716300,1.0,1.0098,0.9869,1.0016,1.0065,1.0023,0.9591,1.0033,1.0719,0.0341,0.0,0.0133,LOW
VM_012,1378716600,1.0,1.0047,0.9764,0.9864,0.9938,0.9912,0.9465,0.9916,1.0587,0.0337,0.0,0.0133,LOW
VM_012,1378716900,1.0,1.0007,0.9709,0.979,0.9877,0.9843,0.9401,0.9852,1.053,0.0339,0.0,0.0134,LOW
VM_012,1378717200,1.0,1.0012,0.9693,0.9749,0.9857,0.9817,0.9382,0.9827,1.0508,0.0341,0.0,0.0133,LOW
VM_012,1378717500,1.0,1.0039,0.9704,0.9756,0.9891,0.9841,0.9403,0.9849,1.0534,0.0339,0.0,0.0134,LOW
VM_012,1378717800,1.0,0.9909,0.9544,0.9546,0.9693,0.9665,0.925,0.9673,1.0341,0.034,0.0,0.0129,LOW
VM_012,1378718100,1.0,0.9869,0.9481,0.9457,0.9611,0.9583,0.918,0.9597,1.0262,0.0342,0.0,0.0128,LOW
VM_012,1378718400,1.0,0.9843,0.9461,0.944,0.9602,0.9574,0.9226,0.9594,1.0258,0.0343,0.0,0.0125,LOW
VM_012,1378718700,1.0,0.9899,0.9463,0.9401,0.9556,0.9533,0.9181,0.9564,1.0209,0.0344,0.0,0.0122,LOW
VM_012,1378719000,1.0,0.9754,0.9287,0.9201,0.9415,0.9396,0.9018,0.941,1.0054,0.0341,0.0,0.0122,LOW
VM_012,1378719300,1.0,0.9718,0.9265,0.9185,0.941,0.9368,0.903,0.9396,1.0049,0.0343,0.0,0.0121,LOW
VM_012,1378719600,1.0,0.9662,0.9212,0.914,0.9394,0.9343,0.9024,0.9367,1.0025,0.034,0.0,0.0118,LOW
VM_012,1378719900,1.0,0.9698,0.931,0.9293,0.9508,0.9446,0.9248,0.9492,1.0184,0.0346,0.0,0.0124,LOW
VM_012,1378720200,1.0,0.9627,0.912,0.9039,0.9349,0.9284,0.8984,0.9302,0.994,0.0336,0.0,0.0113,LOW
VM_012,1378720500,1.0,0.9612,0.9058,0.8963,0.9326,0.9272,0.899,0.9275,0.991,0.0332,0.0,0.0112,LOW
VM_012,1378720800,1.0,0.9546,0.899,0.8906,0.9307,0.9253,0.9012,0.9248,0.9923,0.0334,0.0,0.012,LOW
VM_012,1378721100,1.0,0.9613,0.9042,0.8945,0.939,0.9319,0.909,0.9314,0.9979,0.0331,0.0,0.0122,LOW
VM_012,1378721400,1.0,0.9521,0.8915,0.8816,0.9276,0.9203,0.8988,0.9198,0.9865,0.033,0.0,0.0124,LOW
VM_012,1378721700,1.0,0.9526,0.8894,0.8789,0.9265,0.9194,0.9038,0.9195,0.9884,0.033,0.0,0.0129,LOW
VM_012,1378722000,1.0,0.9534,0.889,0.8785,0.9273,0.9189,0.9068,0.92,0.9894,0.0331,0.0,0.0131,LOW
VM_012,1378722300,1.0,0.9603,0.8963,0.8865,0.9332,0.9247,0.9191,0.9275,0.9987,0.0331,0.0,0.0133,LOW
VM_012,1378722600,1.0,0.9489,0.8807,0.8696,0.9203,0.9136,0.9083,0.9147,0.9877,0.0337,0.0,0.014,LOW
VM_012,1378722900,1.0,0.9488,0.8785,0.8668,0.9182,0.9128,0.9121,0.914,0.9897,0.0343,0.0,0.0145,LOW
VM_012,1378723200,1.0,0.957,0.8912,0.8816,0.9287,0.922,0.9289,0.9268,1.0047,0.0347,0.0,0.0146,LOW
VM_012,1378723500,1.0,0.963,0.8971,0.886,0.9365,0.9287,0.9438,0.935,1.0198,0.0369,0.0,0.0158,LOW
VM_012,1378723800,1.0,0.9584,0.8864,0.8718,0.9266,0.9249,0.9394,0.9275,1.016,0.0384,0.0,0.0171,LOW
VM_012,1378724100,1.0,0.9545,0.8838,0.873,0.9241,0.9174,0.937,0.9239,1.0095,0.0372,0.0,0.0161,LOW
VM_012,1378724400,1.0,0.951,0.884,0.8755,0.9241,0.9167,0.9407,0.9243,1.0123,0.0375,0.0,0.0162,LOW
VM_012,1378724700,1.0,0.9561,0.8908,0.8828,0.932,0.9223,0.9449,0.9305,1.017,0.0369,0.0,0.0159,LOW
VM_012,1378725000,1.0,0.95,0.8839,0.8748,0.921,0.9148,0.9491,0.9243,1.0175,0.039,0.0,0.0169,LOW
VM_012,1378725300,1.0,0.9471,0.8787,0.8695,0.9176,0.9102,0.9428,0.9196,1.0103,0.0384,0.0,0.0167,LOW
VM_012,1378725600,1.0,0.9492,0.8802,0.8708,0.9199,0.9092,0.9434,0.9205,1.0097,0.0381,0.0,0.0164,LOW
VM_012,1378725900,1.0,0.9507,0.8818,0.8712,0.9213,0.9126,0.9481,0.9229,1.014,0.0387,0.0,0.0169,LOW
VM_012,1378726200,1.0,0.948,0.8769,0.8666,0.9172,0.908,0.9483,0.9191,1.0104,0.0392,0.0,0.017,LOW
VM_012,1378726500,1.0,0.9441,0.8756,0.8679,0.9158,0.9033,0.9492,0.9173,1.0095,0.0393,0.0,0.0167,LOW
VM_012,1378726800,1.0,0.9388,0.8729,0.8666,0.9133,0.8998,0.9491,0.9147,1.0086,0.0397,0.0,0.0168,LOW
VM_012,1378727100,1.0,0.9437,0.8772,0.8687,0.9172,0.904,0.9507,0.9183,1.0109,0.0393,0.0,0.0168,LOW
VM_012,1378727400,1.0,0.9376,0.8696,0.8616,0.9114,0.8974,0.9426,0.9115,1.0018,0.0387,0.0,0.0166,LOW
VM_012,1378727700,1.0,0.9362,0.8686,0.8607,0.9114,0.8965,0.9438,0.9112,1.0023,0.039,0.0,0.0167,LOW
VM_012,1378728000,1.0,0.9376,0.8713,0.864,0.9147,0.8974,0.9548,0.9146,1.0097,0.0407,0.0,0.0172,LOW
VM_012,1378728300,1.0,0.9434,0.8762,0.8659,0.9218,0.9054,0.957,0.9202,1.0134,0.0403,0.0,0.0174,LOW
VM_012,1378728600,1.0,0.9395,0.8703,0.8599,0.9172,0.8994,0.9514,0.9145,1.0057,0.04,0.0,0.0172,LOW
VM_012,1378728900,1.0,0.9314,0.8649,0.8566,0.9122,0.8918,0.9445,0.9085,0.999,0.0394,0.0,0.0168,LOW
VM_012,1378729200,1.0,0.9293,0.8644,0.8566,0.9118,0.8892,0.9445,0.9074,0.9977,0.0393,0.0,0.0167,LOW
VM_012,1378729500,1.0,0.93,0.8679,0.8602,0.9143,0.8913,0.9444,0.9097,0.9993,0.0388,0.0,0.0164,LOW
VM_012,1378729800,1.0,0.9246,0.864,0.857,0.9124,0.8854,0.9419,0.9057,0.9946,0.0387,0.0,0.0163,LOW
VM_012,1378730100,1.0,0.9205,0.8604,0.8539,0.9096,0.88,0.9371,0.9017,0.9894,0.0383,0.0,0.016,LOW
VM_012,1378730400,1.0,0.9234,0.8627,0.8544,0.9133,0.8839,0.9381,0.9045,0.9904,0.038,0.0,0.0161,LOW
VM_012,1378730700,1.0,0.9227,0.8691,0.8631,0.9141,0.8866,0.9547,0.9104,1.0069,0.0412,0.0,0.017,LOW
VM_012,1378731000,1.0,0.9231,0.8655,0.8562,0.917,0.8854,0.9419,0.9071,0.9946,0.0387,0.0,0.0164,LOW
VM_012,1378731300,1.0,0.9206,0.8625,0.8531,0.9163,0.8799,0.9338,0.9032,0.9853,0.0371,0.0,0.0156,LOW
VM_012,1378731600,1.0,0.9161,0.8614,0.8528,0.914,0.8758,0.9316,0.9009,0.9835,0.037,0.0,0.0154,LOW
VM_012,1378731900,1.0,0.9167,0.8641,0.8552,0.9176,0.8791,0.9328,0.9036,0.985,0.0366,0.0,0.0153,LOW
VM_012,1378732200,1.0,0.9105,0.8576,0.8499,0.9094,0.8685,0.9234,0.8952,0.9732,0.0354,0.0,0.0146,LOW
VM_012,1378732500,1.0,0.9074,0.8574,0.8505,0.9068,0.8629,0.9189,0.8922,0.9678,0.0344,0.0,0.0139,LOW
VM_012,1378732800,1.0667,0.9112,0.8633,0.8556,0.9104,0.8643,0.9198,0.8952,0.9687,0.0335,0.0136,0.0151,LOW
VM_012,1378733100,1.0,0.9133,0.8674,0.8562,0.9131,0.8681,0.9195,0.8977,0.9692,0.033,0.0136,0.0151,LOW
VM_012,1378733400,1.0,0.9145,0.8696,0.8553,0.915,0.8674,0.9166,0.8975,0.9663,0.0324,0.0136,0.0149,LOW
VM_012,1378733700,1.0,0.9112,0.8674,0.8523,0.9112,0.8623,0.9112,0.8933,0.961,0.032,0.0136,0.0146,LOW
VM_012,1378734000,1.0,0.9114,0.87,0.8532,0.9135,0.8641,0.9132,0.8949,0.9628,0.0321,0.0136,0.0147,LOW
VM_012,1378734300,1.0667,0.9195,0.8809,0.8613,0.92,0.8752,0.9257,0.9044,0.9762,0.0331,0.0188,0.016,LOW
VM_012,1378734600,1.0,0.9167,0.8769,0.8554,0.9179,0.8693,0.9136,0.8986,0.9649,0.032,0.0188,0.0154,LOW
VM_012,1378734900,1.0,0.9191,0.8775,0.8546,0.919,0.8694,0.9132,0.8988,0.9636,0.032,0.0188,0.0153,LOW
VM_012,1378735200,1.0,0.9207,0.8817,0.8564,0.9207,0.8727,0.9165,0.9015,0.9683,0.0326,0.0188,0.0156,LOW
VM_012,1378735500,1.0,0.9257,0.8866,0.859,0.9267,0.8812,0.9215,0.9073,0.9739,0.033,0.0188,0.016,LOW
VM_012,1378735800,1.0,0.9257,0.8886,0.8613,0.9252,0.878,0.9196,0.9064,0.9727,0.0326,0.0188,0.0156,LOW
VM_012,1378736100,1.0,0.9251,0.8905,0.8635,0.9251,0.8777,0.9195,0.9066,0.9726,0.0323,0.0188,0.0153,LOW
VM_012,1378736400,1.0,0.9269,0.894,0.8664,0.9264,0.8792,0.9202,0.9085,0.9739,0.0321,0.0188,0.0151,LOW
VM_012,1378736700,1.0,0.9283,0.897,0.8684,0.928,0.8848,0.9241,0.9116,0.9775,0.0322,0.0188,0.0153,LOW
VM_012,1378737000,1.0,0.9264,0.8966,0.8686,0.9261,0.8803,0.9201,0.9091,0.9742,0.032,0.0188,0.015,LOW
VM_012,1378737300,1.0,0.9267,0.8974,0.8688,0.9255,0.8801,0.9191,0.9089,0.9734,0.032,0.0188,0.015,LOW
VM_012,1378737600,1.0667,0.9318,0.9055,0.8761,0.9325,0.8887,0.923,0.9161,0.9795,0.0315,0.0225,0.0154,LOW
VM_012,1378737900,1.2,0.9435,0.9179,0.8859,0.9407,0.904,0.9343,0.927,0.9898,0.0319,0.045,0.019,LOW
VM_012,1378738200,1.0,0.9367,0.9062,0.8766,0.9281,0.8884,0.9225,0.9142,0.9751,0.0319,0.045,0.0189,LOW
VM_012,1378738500,1.0,0.939,0.9086,0.8793,0.93,0.8893,0.9248,0.9158,0.9765,0.0322,0.045,0.019,LOW
VM_012,1378738800,1.0,0.9381,0.9082,0.8789,0.9298,0.8891,0.9265,0.9162,0.9785,0.033,0.045,0.0191,LOW
VM_012,1378739100,1.0,0.9413,0.9143,0.8839,0.9378,0.8999,0.9388,0.9245,0.9903,0.0343,0.045,0.0198,LOW
VM_012,1378739400,1.0,0.933,0.9069,0.8767,0.9255,0.8888,0.9361,0.9158,0.986,0.0361,0.045,0.0203,LOW
VM_012,1378739700,1.0,0.9339,0.9052,0.8761,0.9253,0.8906,0.9368,0.9159,0.9851,0.0365,0.045,0.0205,LOW
VM_012,1378740000,1.0,0.935,0.9061,0.8768,0.9257,0.8933,0.9404,0.9176,0.988,0.0373,0.0439,0.0208,LOW
VM_012,1378740300,1.0,0.9381,0.9112,0.8817,0.9302,0.9021,0.9469,0.9236,0.9945,0.0374,0.0439,0.021,LOW
VM_012,1378740600,1.0,0.9374,0.9026,0.8754,0.9253,0.8978,0.9415,0.9183,0.9869,0.038,0.0439,0.0211,LOW
VM_012,1378740900,1.0,0.9392,0.9052,0.878,0.926,0.9015,0.9444,0.9209,0.9905,0.0384,0.0439,0.0214,LOW
VM_012,1378741200,1.0,0.9419,0.9075,0.8807,0.9257,0.9039,0.9439,0.9225,0.993,0.0383,0.0439,0.0215,LOW
VM_012,1378741500,1.1333,0.9574,0.9288,0.8991,0.9411,0.9277,0.9628,0.9418,1.0141,0.0393,0.0491,0.023,LOW
VM_012,1378741800,1.0,0.9458,0.9089,0.8843,0.9258,0.9117,0.9466,0.9253,0.9979,0.0391,0.0491,0.0231,LOW
VM_012,1378742100,1.0,0.9504,0.9091,0.8839,0.9289,0.919,0.9537,0.9292,1.0042,0.0408,0.0491,0.0239,LOW
VM_012,1378742400,1.0,0.9527,0.9107,0.8879,0.9289,0.9162,0.9525,0.9303,1.0008,0.0389,0.0491,0.0229,LOW
VM_012,1378742700,1.0,0.9613,0.916,0.8917,0.9389,0.9295,0.9603,0.9398,1.0119,0.0402,0.0491,0.0236,LOW
VM_012,1378743000,1.0,0.9574,0.9126,0.8908,0.9268,0.9216,0.956,0.9339,1.0063,0.0398,0.0491,0.0233,LOW
VM_012,1378743300,1.0,0.9551,0.911,0.8899,0.9251,0.9235,0.9562,0.9329,1.0077,0.0408,0.0491,0.0238,LOW
VM_012,1378743600,1.0,0.9538,0.9105,0.8909,0.922,0.9231,0.9538,0.9319,1.0066,0.0404,0.0491,0.0237,LOW
VM_012,1378743900,1.0,0.9609,0.9201,0.8991,0.9291,0.9359,0.9606,0.9411,1.0171,0.0408,0.0491,0.0241,LOW
VM_012,1378744200,1.0,0.9526,0.908,0.8919,0.9208,0.9265,0.9536,0.9327,1.0087,0.0411,0.0491,0.0241,LOW
VM_012,1378744500,1.0,0.9518,0.9054,0.8899,0.9171,0.9275,0.9512,0.9312,1.0092,0.0421,0.0491,0.0246,LOW
VM_012,1378744800,1.0,0.9526,0.9055,0.8909,0.9151,0.9293,0.9496,0.9316,1.01,0.0422,0.0481,0.0245,LOW
VM_012,1378745100,1.0667,0.9619,0.9225,0.9045,0.9201,0.9468,0.9699,0.9455,1.0266,0.0454,0.0299,0.0229,LOW
VM_012,1378745400,1.0,0.9514,0.8989,0.8854,0.9108,0.9338,0.9499,0.93,1.0135,0.0458,0.0299,0.0237,LOW
VM_012,1378745700,1.0,0.9535,0.8983,0.8846,0.9139,0.9418,0.9575,0.9337,1.0206,0.0485,0.0299,0.0246,LOW
VM_012,1378746000,1.0,0.9489,0.8939,0.8834,0.9051,0.9359,0.9486,0.928,1.0152,0.048,0.0299,0.0246,LOW
VM_012,1378746300,1.0,0.9566,0.904,0.8923,0.9154,0.9495,0.9626,0.9394,1.0279,0.0495,0.0299,0.025,LOW
VM_012,1378746600,1.0,0.947,0.8903,0.8828,0.8993,0.9387,0.9492,0.9269,1.0166,0.0503,0.0299,0.0253,LOW
VM_012,1378746900,1.0,0.9505,0.8956,0.8875,0.902,0.9464,0.9568,0.9322,1.024,0.0519,0.0299,0.0258,LOW
VM_012,1378747200,1.0,0.9485,0.894,0.8884,0.8988,0.9461,0.9521,0.9305,1.0219,0.0516,0.0299,0.0257,LOW
VM_012,1378747500,1.0,0.9602,0.9087,0.9015,0.9128,0.9613,0.9647,0.9441,1.0351,0.0514,0.0299,0.0257,LOW
VM_012,1378747800,1.0,0.9529,0.9037,0.8993,0.9033,0.9563,0.9585,0.9385,1.0289,0.0514,0.0299,0.0255,LOW
VM_012,1378748100,1.0,0.9501,0.905,0.9024,0.9005,0.9572,0.9645,0.9394,1.0305,0.0525,0.0299,0.0256,LOW
VM_012,1378748400,1.0667,0.9521,0.9064,0.9059,0.9028,0.96,0.9626,0.9414,1.0316,0.052,0.0321,0.0257,LOW
VM_012,1378748700,1.0667,0.9593,0.9176,0.9148,0.9107,0.9726,0.9772,0.9523,1.0431,0.0537,0.0225,0.0248,LOW
VM_012,1378749000,1.0,0.948,0.9044,0.9056,0.9035,0.9615,0.9614,0.9414,1.0308,0.0521,0.0225,0.0244,LOW
VM_012,1378749300,1.0,0.9456,0.9031,0.9053,0.9063,0.9651,0.966,0.9435,1.0345,0.0534,0.0225,0.0247,LOW
VM_012,1378749600,1.0,0.9518,0.9113,0.912,0.9108,0.9695,0.9634,0.9484,1.037,0.0518,0.0225,0.0242,LOW
VM_012,1378749900,1.0,0.96,0.9236,0.9246,0.9266,0.9825,0.9752,0.9615,1.0486,0.0508,0.0225,0.0238,LOW
VM_012,1378750200,1.0,0.9503,0.9109,0.9115,0.9105,0.9715,0.9589,0.9485,1.0353,0.052,0.0225,0.0242,LOW
VM_012,1378750500,1.0,0.9472,0.9119,0.9147,0.9112,0.9724,0.9608,0.9494,1.0357,0.0516,0.0225,0.0239,LOW
VM_012,1378750800,1.0,0.9451,0.9085,0.911,0.9101,0.9709,0.9528,0.9466,1.0316,0.0512,0.0225,0.0238,LOW
VM_012,1378751100,1.0,0.9521,0.9209,0.9235,0.9227,0.9803,0.9627,0.9573,1.041,0.0495,0.0225,0.0232,LOW
VM_012,1378751400,1.0,0.9397,0.9065,0.9106,0.907,0.9689,0.9478,0.9441,1.027,0.0503,0.0225,0.0233,LOW
VM_012,1378751700,1.0,0.9369,0.9059,0.9107,0.9077,0.9686,0.9464,0.9438,1.026,0.0498,0.0225,0.023,LOW
VM_012,1378752000,1.0667,0.9343,0.8996,0.906,0.9074,0.9673,0.9357,0.94,1.0216,0.05,0.0254,0.0235,LOW
VM_012,1378752300,1.1333,0.9455,0.9158,0.9211,0.9182,0.9825,0.9573,0.9552,1.0385,0.0508,0.0339,0.0247,LOW
VM_012,1378752600,1.0,0.9334,0.9011,0.9065,0.9119,0.9724,0.9333,0.9423,1.0213,0.0496,0.0339,0.0242,LOW
VM_012,1378752900,1.0,0.9301,0.9025,0.9106,0.9113,0.9719,0.9379,0.9433,1.0221,0.0485,0.0339,0.0237,LOW
VM_012,1378753200,1.0,0.9291,0.8993,0.9082,0.912,0.9687,0.9256,0.9401,1.0168,0.0472,0.0339,0.0232,LOW
VM_012,1378753500,1.0,0.9353,0.907,0.9149,0.9266,0.982,0.9373,0.9514,1.0296,0.0478,0.0339,0.0233,LOW
VM_012,1378753800,1.0,0.9258,0.8961,0.9058,0.915,0.9693,0.9187,0.9391,1.0141,0.0465,0.0339,0.0227,LOW
VM_012,1378754100,1.0,0.9275,0.9003,0.9119,0.9179,0.9701,0.9204,0.9418,1.0148,0.045,0.0339,0.0221,LOW
VM_012,1378754400,1.0,0.9307,0.9011,0.9102,0.9204,0.9715,0.9148,0.9417,1.0117,0.0448,0.0339,0.0218,LOW
VM_012,1378754700,1.0,0.9411,0.9149,0.9218,0.9291,0.9796,0.9287,0.9519,1.0203,0.0431,0.0339,0.0214,LOW
VM_012,1378755000,1.0,0.933,0.9021,0.9094,0.9155,0.9687,0.9165,0.9399,1.0065,0.0441,0.0339,0.0215,LOW
VM_012,1378755300,1.0,0.9366,0.906,0.9123,0.9163,0.9691,0.9202,0.9416,1.0065,0.0432,0.0339,0.0212,LOW
VM_012,1378755600,1.0,0.9424,0.9078,0.9126,0.9157,0.9709,0.9225,0.943,1.0076,0.0441,0.0321,0.0213,LOW
VM_012,1378755900,1.0,0.9516,0.9152,0.9188,0.9229,0.9769,0.9347,0.9503,1.0156,0.0438,0.0299,0.0212,LOW
VM_012,1378756200,1.0,0.941,0.903,0.9083,0.9119,0.9621,0.9125,0.9363,0.9983,0.0425,0.0299,0.0205,LOW
VM_012,1378756500,1.0,0.9415,0.9071,0.9124,0.9147,0.959,0.9094,0.9363,0.9957,0.0397,0.0299,0.0197,LOW
VM_012,1378756800,1.0,0.9524,0.9101,0.9126,0.9185,0.9663,0.9119,0.9404,1.0024,0.0425,0.0299,0.0208,LOW
VM_012,1378757100,1.0667,0.9683,0.9227,0.9217,0.9315,0.9793,0.9223,0.9518,1.0121,0.0433,0.0321,0.0213,LOW
VM_012,1378757400,1.0,0.9525,0.9081,0.9132,0.9133,0.9561,0.9039,0.9341,0.9937,0.0401,0.0321,0.0206,LOW
VM_012,1378757700,1.0,0.9601,0.9179,0.9247,0.9154,0.9597,0.9184,0.9411,0.9937,0.0379,0.0321,0.0195,LOW
VM_012,1378758000,1.0,0.958,0.9117,0.9164,0.9194,0.9576,0.8984,0.9359,0.9964,0.0398,0.0321,0.0206,LOW
VM_012,1378758300,1.0,0.9711,0.9237,0.9254,0.9375,0.9746,0.9079,0.9498,1.01,0.041,0.0321,0.0207,LOW
VM_012,1378758600,1.0,0.9594,0.9151,0.923,0.9252,0.9587,0.8943,0.9383,0.9969,0.0383,0.0321,0.0198,LOW
VM_012,1378758900,1.0,0.9621,0.9211,0.9279,0.9346,0.9616,0.8865,0.9416,1.001,0.0384,0.0321,0.0195,LOW
VM_012,1378759200,1.0667,0.9595,0.9229,0.933,0.9403,0.9615,0.8782,0.9424,1.0026,0.0386,0.0321,0.019,LOW
VM_012,1378759500,1.1333,0.9766,0.9447,0.9544,0.9602,0.9797,0.8923,0.9613,1.0187,0.0382,0.0321,0.0191,LOW
VM_012,1378759800,1.0,0.9577,0.9323,0.9474,0.9553,0.9645,0.8697,0.9487,1.0058,0.0385,0.0321,0.0202,LOW
VM_012,1378760100,1.0,0.9589,0.9379,0.9547,0.9637,0.9698,0.8701,0.9541,1.0134,0.0391,0.0321,0.0211,LOW
VM_012,1378760400,1.0,0.9545,0.9423,0.9632,0.9717,0.9688,0.8657,0.9569,1.0164,0.0391,0.0321,0.0219,LOW
VM_012,1378760700,1.0,0.9664,0.9567,0.9767,0.9862,0.9834,0.8804,0.9711,1.0299,0.0385,0.0321,0.0218,LOW
VM_012,1378761000,1.0,0.9465,0.9449,0.9723,0.9767,0.9629,0.8596,0.9573,1.0166,0.0393,0.0321,0.0227,LOW
VM_012,1378761300,1.0,0.9481,0.951,0.9806,0.982,0.9639,0.8607,0.9612,1.0202,0.0395,0.0321,0.023,LOW
VM_012,1378761600,1.0,0.9529,0.9731,1.0068,1.0026,0.9721,0.871,0.9768,1.0302,0.0401,0.0321,0.023,LOW
VM_012,1378761900,1.0,0.962,0.9816,1.0185,1.0152,0.9826,0.8871,0.9884,1.0414,0.0389,0.0321,0.0224,LOW
VM_012,1378762200,1.0,0.9519,0.9762,1.0176,1.02,0.984,0.8857,0.9879,1.0432,0.0408,0.0321,0.0227,LOW
VM_012,1378762500,1.0,0.9469,0.9796,1.0236,1.0165,0.974,0.8771,0.9847,1.0368,0.0424,0.0321,0.023,LOW
VM_012,1378762800,1.0,0.9405,0.9845,1.0334,1.0179,0.9694,0.8749,0.9858,1.0353,0.0448,0.0321,0.0231,LOW
VM_012,1378763100,1.0667,0.9474,0.9974,1.0501,1.0236,0.9791,0.8962,0.9981,1.0501,0.0428,0.0339,0.0226,LOW
VM_012,1378763400,1.0,0.9381,0.9846,1.0355,1.023,0.9719,0.8807,0.9887,1.0387,0.0447,0.0339,0.023,LOW
VM_012,1378763700,1.0,0.9305,0.9803,1.0337,1.0232,0.965,0.8718,0.9843,1.036,0.0474,0.0339,0.0238,LOW
VM_012,1378764000,1.0,0.9222,0.9737,1.0307,1.022,0.9561,0.8614,0.9781,1.0344,0.0498,0.0339,0.0248,LOW
VM_012,1378764300,1.0,0.9291,0.9829,1.0403,1.0331,0.9634,0.8702,0.9873,1.0473,0.0508,0.0321,0.0251,LOW
VM_012,1378764600,1.0,0.9163,0.9733,1.0352,1.0186,0.946,0.8574,0.9745,1.0369,0.0515,0.0321,0.0253,LOW
VM_012,1378764900,1.0,0.9123,0.9741,1.039,1.0131,0.9376,0.856,0.9715,1.039,0.0524,0.0321,0.0258,LOW
VM_012,1378765200,1.0,0.9011,0.9612,1.0259,1.0057,0.9262,0.8415,0.9601,1.0259,0.0534,0.0321,0.0259,LOW
VM_012,1378765500,1.0,0.9044,0.9622,1.0252,1.01,0.9287,0.8427,0.9619,1.0271,0.0534,0.0321,0.0259,LOW
VM_012,1378765800,1.0,0.8902,0.9498,1.0171,1.0003,0.9117,0.825,0.9489,1.0184,0.0563,0.0321,0.027,LOW
VM_012,1378766100,1.0,0.8878,0.9466,1.0169,1.0011,0.9092,0.8248,0.9478,1.0182,0.0568,0.0321,0.027,LOW
VM_012,1378766400,1.0667,0.8848,0.9399,1.0141,0.9988,0.9073,0.8224,0.9449,1.0141,0.0564,0.0321,0.0268,LOW
VM_012,1378766700,1.0,0.8893,0.9463,1.0264,1.0046,0.9169,0.8466,0.9557,1.0264,0.0538,0.0188,0.0237,LOW
VM_012,1378767000,1.0,0.8697,0.9244,1.0054,0.9961,0.8982,0.8183,0.9369,1.0054,0.0572,0.0188,0.0245,LOW
VM_012,1378767300,1.0,0.8665,0.9149,0.9958,0.9922,0.8968,0.8186,0.9324,0.9995,0.0556,0.0188,0.0238,LOW
VM_012,1378767600,1.0,0.856,0.9023,0.9876,0.9897,0.8889,0.8066,0.9243,0.9947,0.0581,0.0188,0.0247,LOW
VM_012,1378767900,1.0,0.8574,0.9041,0.9891,0.9965,0.897,0.817,0.9302,1.001,0.0577,0.0188,0.0242,LOW
VM_012,1378768200,1.0,0.8427,0.8883,0.978,0.9831,0.8793,0.7991,0.9148,0.9844,0.0587,0.0188,0.0243,LOW
VM_012,1378768500,1.0,0.8434,0.8859,0.9743,0.9799,0.8791,0.8016,0.9134,0.9799,0.0569,0.0188,0.0235,LOW
VM_012,1378768800,1.0,0.839,0.882,0.9678,0.9804,0.8796,0.7996,0.9114,0.9804,0.057,0.0188,0.0238,LOW
VM_012,1378769100,1.0,0.8496,0.8853,0.9641,0.9857,0.8915,0.8103,0.9173,0.9857,0.0541,0.0188,0.0232,LOW
VM_012,1378769400,1.0,0.8395,0.871,0.9496,0.9809,0.8854,0.8004,0.9081,0.9809,0.055,0.0188,0.0238,LOW
VM_012,1378769700,1.0,0.8441,0.8723,0.9472,0.9853,0.8905,0.8048,0.911,0.9853,0.0545,0.0188,0.0238,LOW
VM_012,1378770000,1.0667,0.8496,0.8744,0.9461,0.9923,0.8978,0.8059,0.9148,0.9923,0.0553,0.0225,0.0249,LOW
VM_012,1378770300,1.1333,0.8705,0.8875,0.952,1.004,0.9167,0.8247,0.9286,1.0056,0.0527,0.0321,0.0255,LOW
VM_012,1378770600,1.0,0.8611,0.8777,0.9401,0.9923,0.9032,0.812,0.9162,0.9923,0.052,0.0321,0.0254,LOW
VM_012,1378770900,1.0,0.8671,0.879,0.9372,0.9939,0.9079,0.8156,0.9183,0.9939,0.0512,0.0321,0.0252,LOW
VM_012,1378771200,1.0,0.8639,0.8604,0.8944,1.0175,0.8825,0.7685,0.887,1.0175,0.0733,0.0321,0.036,MEDIUM
VM_012,1378771500,1.0,0.8057,0.8282,0.8666,1.0071,0.8807,0.7905,0.8778,1.0071,0.0688,0.0321,0.0328,MEDIUM
VM_012,1378771800,1.0,0.8327,0.8636,0.8873,0.9942,0.8905,0.8136,0.8873,0.9942,0.0545,0.0321,0.0282,LOW
VM_012,1378772100,1.0,0.8926,0.9013,0.9139,1.0132,0.9247,0.8372,0.919,1.0132,0.0497,0.0321,0.0256,LOW
VM_012,1378772400,1.0,0.8811,0.8996,0.9216,1.0144,0.9238,0.858,0.9227,1.0144,0.0455,0.0321,0.0237,LOW
VM_012,1378772700,1.0,0.9014,0.9234,0.9422,1.0244,0.9394,0.8741,0.9396,1.0244,0.043,0.0321,0.0228,LOW
VM_012,1378773000,1.0,0.8869,0.9083,0.9276,1.0133,0.9319,0.8682,0.9295,1.0133,0.0423,0.0321,0.022,LOW
VM_012,1378773300,1.0,0.8908,0.9141,0.9327,1.0162,0.9385,0.8769,0.9357,1.0162,0.0411,0.0321,0.0212,LOW
VM_012,1378773600,1.0,0.8673,0.8965,0.9246,1.0049,0.9291,0.8727,0.9262,1.0049,0.0412,0.0299,0.0201,LOW
VM_012,1378773900,1.0,0.8613,0.898,0.933,1.0028,0.9311,0.8827,0.9292,1.0028,0.0397,0.0299,0.0206,LOW
VM_012,1378774200,1.0,0.8595,0.9011,0.9284,0.9996,0.9316,0.8805,0.9283,0.9996,0.0392,0.0299,0.0204,LOW
VM_012,1378774500,1.0,0.8764,0.9151,0.9293,1.0033,0.9421,0.885,0.9359,1.0033,0.0373,0.0299,0.0188,LOW
VM_012,1378774800,1.0,0.8699,0.9111,0.9265,0.9925,0.9304,0.8702,0.9277,0.9925,0.0375,0.0299,0.0183,LOW
VM_012,1378775100,1.0,0.8783,0.9234,0.9379,0.9997,0.9374,0.8771,0.936,0.9997,0.0374,0.0299,0.0183,LOW
VM_012,1378775400,1.0,0.8727,0.9181,0.9361,0.9942,0.9342,0.8745,0.9317,0.9942,0.0368,0.0299,0.0182,LOW
VM_012,1378775700,1.0,0.8905,0.9329,0.9471,1.0002,0.9436,0.8859,0.9412,1.0002,0.0338,0.0299,0.0174,LOW
VM_012,1378776000,1.0,0.9051,0.9466,0.963,1.0005,0.9499,0.9048,0.9504,1.0005,0.0284,0.0299,0.0151,LOW
VM_012,1378776300,1.0,0.9104,0.9573,0.9714,1.0033,0.9519,0.9119,0.9557,1.0033,0.028,0.0299,0.0148,LOW
VM_012,1378776600,1.0,0.9045,0.9518,0.9692,0.9983,0.9533,0.9182,0.954,0.9983,0.0268,0.0299,0.0149,LOW
VM_012,1378776900,1.0,0.9089,0.9632,0.9837,1.006,0.9665,0.9392,0.9666,1.006,0.027,0.0299,0.0153,LOW
VM_012,1378777200,1.0,0.9044,0.9643,0.9937,1.0014,0.9658,0.9466,0.9683,1.0092,0.0281,0.0272,0.0159,LOW
VM_012,1378777500,1.0667,0.9214,0.9847,1.0163,1.0153,0.988,0.9752,0.9898,1.0294,0.0287,0.0136,0.0145,LOW
VM_012,1378777800,1.0,0.9181,0.9807,1.0139,1.0063,0.9845,0.9795,0.9864,1.027,0.029,0.0136,0.0146,LOW
VM_012,1378778100,1.0,0.9255,0.9917,1.0251,1.0124,0.998,0.9998,0.998,1.0438,0.0308,0.0136,0.0157,LOW
VM_012,1378778400,1.0,0.936,1.0091,1.044,1.0134,0.9869,0.9872,1.0004,1.044,0.0306,0.0136,0.0145,LOW
VM_012,1378778700,1.0,0.9406,1.0117,1.0421,1.0167,0.999,0.9935,1.0055,1.0452,0.0295,0.0136,0.0141,LOW
VM_012,1378779000,1.2,0.956,1.0243,1.0498,1.0241,1.0053,0.9912,1.0119,1.0498,0.0281,0.0425,0.0166,LOW
VM_012,1378779300,1.1333,0.9528,1.0311,1.0678,1.0386,1.0223,1.014,1.026,1.0678,0.0319,0.0491,0.0199,LOW
VM_012,1378779600,1.0667,0.9559,1.0344,1.0692,1.036,1.0256,1.0273,1.0287,1.0723,0.0333,0.05,0.0202,LOW
VM_012,1378779900,1.0,0.9662,1.0457,1.07,1.0408,1.0302,1.0308,1.0345,1.0791,0.0333,0.05,0.0198,LOW
VM_012,1378780200,1.0,0.96,1.0352,1.0572,1.0325,1.028,1.0328,1.0281,1.0787,0.0344,0.05,0.0205,LOW
VM_012,1378780500,1.0,0.965,1.0401,1.0619,1.042,1.0403,1.0493,1.0374,1.0925,0.0367,0.05,0.0215,LOW
VM_012,1378780800,1.0667,0.9735,1.0431,1.0665,1.0483,1.0666,1.0852,1.0513,1.1243,0.045,0.0508,0.0244,LOW
VM_012,1378781100,1.0,0.9819,1.0509,1.0702,1.0405,1.0715,1.1006,1.0549,1.1353,0.0493,0.0508,0.0247,LOW
VM_012,1378781400,1.0,0.9912,1.0559,1.0685,1.0428,1.0801,1.1083,1.0603,1.1446,0.0509,0.0508,0.0252,LOW
VM_012,1378781700,1.0,1.004,1.0675,1.0774,1.0498,1.0888,1.1198,1.0699,1.1553,0.0512,0.0508,0.0256,LOW
VM_012,1378782000,1.0,1.0085,1.0681,1.076,1.0526,1.0951,1.1243,1.0731,1.1596,0.0519,0.0508,0.0255,LOW
VM_012,1378782300,1.0,1.0141,1.0738,1.079,1.0533,1.1009,1.1321,1.0775,1.168,0.0538,0.0508,0.0263,LOW
VM_012,1378782600,1.0,1.0112,1.069,1.0748,1.0444,1.0986,1.1389,1.0741,1.1732,0.0578,0.0508,0.0279,LOW
VM_012,1378782900,1.0,1.017,1.0743,1.0761,1.0429,1.0997,1.1389,1.0755,1.1746,0.0578,0.0508,0.0281,LOW
VM_012,1378783200,1.0,1.0215,1.0825,1.0873,1.0495,1.1051,1.1498,1.0826,1.1827,0.0581,0.0508,0.0285,LOW
VM_012,1378783500,1.0,1.0277,1.085,1.0835,1.0474,1.1056,1.1474,1.0825,1.1837,0.0584,0.0508,0.0288,LOW
VM_012,1378783800,1.0,1.0301,1.0887,1.0844,1.0481,1.1066,1.1499,1.084,1.1873,0.0588,0.0508,0.0294,LOW
VM_012,1378784100,1.0,1.0395,1.1023,1.0949,1.0566,1.1143,1.1552,1.0928,1.1967,0.0581,0.0508,0.0298,MEDIUM
VM_012,1378784400,1.0667,1.0419,1.1085,1.1025,1.0683,1.1264,1.168,1.102,1.2105,0.0597,0.0513,0.0306,MEDIUM
VM_012,1378784700,1.1333,1.0543,1.1257,1.119,1.0784,1.138,1.182,1.1149,1.2292,0.0614,0.0553,0.0324,MEDIUM
VM_012,1378785000,1.0,1.047,1.1175,1.1055,1.0656,1.1299,1.1739,1.1055,1.2238,0.063,0.0553,0.0333,MEDIUM
VM_012,1378785300,1.0,1.0559,1.1301,1.1152,1.074,1.1386,1.183,1.1146,1.2353,0.0635,0.0553,0.0339,MEDIUM
VM_012,1378785600,1.0,1.0717,1.1493,1.1302,1.0835,1.1486,1.1978,1.127,1.2568,0.0666,0.0553,0.0362,MEDIUM
VM_012,1378785900,1.0,1.0806,1.1595,1.1376,1.0939,1.1598,1.2053,1.1368,1.2659,0.0661,0.0553,0.0361,MEDIUM
VM_012,1378786200,1.0,1.0778,1.1639,1.1456,1.0939,1.1551,1.2065,1.1367,1.2656,0.0662,0.0416,0.0348,MEDIUM
VM_012,1378786500,1.0,1.086,1.1722,1.1491,1.0987,1.1612,1.2068,1.1417,1.2682,0.0652,0.0339,0.0336,MEDIUM
VM_012,1378786800,1.0,1.0902,1.1749,1.1499,1.1031,1.1664,1.2103,1.1454,1.2727,0.0653,0.0321,0.0335,MEDIUM
VM_012,1378787100,1.0,1.0995,1.1872,1.1644,1.1209,1.178,1.2177,1.1579,1.279,0.0625,0.0321,0.0323,MEDIUM
VM_012,1378787400,1.0,1.0949,1.182,1.1574,1.1129,1.1731,1.2171,1.1525,1.2784,0.0645,0.0321,0.0333,MEDIUM
VM_012,1378787700,1.0,1.0988,1.1853,1.1597,1.115,1.1766,1.2204,1.1554,1.2818,0.0647,0.0321,0.0335,MEDIUM
VM_012,1378788000,1.0,1.0973,1.1849,1.1592,1.1175,1.1789,1.2216,1.1565,1.283,0.0647,0.0299,0.0331,MEDIUM
VM_012,1378788300,1.0,1.0998,1.1891,1.1646,1.1267,1.188,1.2308,1.1636,1.291,0.0652,0.0299,0.0331,MEDIUM
VM_012,1378788600,1.0,1.0976,1.1856,1.1575,1.1208,1.1843,1.227,1.1593,1.2885,0.0658,0.0299,0.0335,MEDIUM
VM_012,1378788900,1.0,1.0997,1.1894,1.162,1.1245,1.1864,1.2287,1.1621,1.2899,0.0651,0.0299,0.0333,MEDIUM
VM_012,1378789200,1.0,1.0992,1.1967,1.1759,1.1362,1.1933,1.2406,1.1708,1.2989,0.0654,0.0299,0.0334,MEDIUM
VM_012,1378789500,1.0,1.1064,1.2034,1.179,1.1464,1.2004,1.2395,1.177,1.2987,0.0624,0.0299,0.0321,MEDIUM
VM_012,1378789800,1.0,1.0965,1.1915,1.1634,1.1346,1.1919,1.2297,1.1664,1.2902,0.0632,0.0299,0.0324,MEDIUM
VM_012,1378790100,1.0,1.0963,1.1941,1.1662,1.1407,1.193,1.2252,1.1681,1.2854,0.0602,0.0299,0.0313,MEDIUM
VM_012,1378790400,1.0,1.107,1.217,1.191,1.1588,1.2134,1.2421,1.1875,1.3006,0.0596,0.0299,0.031,MEDIUM
VM_012,1378790700,1.0,1.1131,1.2191,1.1927,1.1687,1.222,1.2444,1.1941,1.3059,0.0579,0.0299,0.0301,MEDIUM
VM_012,1378791000,1.0,1.1115,1.2181,1.1923,1.169,1.2206,1.2425,1.1935,1.3032,0.0568,0.0299,0.0297,MEDIUM
VM_012,1378791300,1.0,1.1113,1.2212,1.2005,1.1824,1.2271,1.2487,1.2008,1.3074,0.0556,0.0299,0.0289,LOW
VM_012,1378791600,1.0667,1.1105,1.2222,1.2014,1.1907,1.2304,1.2417,1.2034,1.304,0.0531,0.0299,0.0276,LOW
VM_012,1378791900,1.1333,1.1192,1.2345,1.2163,1.2066,1.2434,1.2553,1.2166,1.3167,0.0532,0.0299,0.0275,LOW
VM_012,1378792200,1.0,1.1074,1.2201,1.2001,1.1927,1.2341,1.2467,1.2051,1.3093,0.0546,0.0299,0.0281,LOW
VM_012,1378792500,1.0,1.1069,1.2168,1.1963,1.1964,1.2376,1.246,1.2064,1.3089,0.0539,0.0299,0.0277,LOW
VM_012,1378792800,1.0,1.1006,1.2086,1.1914,1.1974,1.2357,1.2407,1.2037,1.3047,0.0532,0.0299,0.028,LOW
VM_012,1378793100,1.0,1.1019,1.2075,1.1914,1.2069,1.2439,1.2452,1.2092,1.309,0.0532,0.0299,0.0283,LOW
VM_012,1378793400,1.0,1.0927,1.205,1.1959,1.2075,1.241,1.2466,1.2082,1.3085,0.0543,0.0299,0.0294,LOW
VM_012,1378793700,1.0,1.0912,1.2011,1.1923,1.2069,1.2386,1.2409,1.2057,1.3023,0.053,0.0299,0.0288,LOW
VM_012,1378794000,1.0,1.0957,1.2014,1.1906,1.2058,1.2367,1.2359,1.2045,1.2964,0.0507,0.0299,0.0276,LOW
VM_012,1378794300,1.0,1.1002,1.2057,1.1964,1.2189,1.245,1.2405,1.2121,1.3004,0.05,0.0299,0.0275,LOW
VM_012,1378794600,1.0,1.0949,1.2006,1.1914,1.2148,1.2407,1.2367,1.2074,1.2955,0.0501,0.0299,0.0276,LOW
VM_012,1378794900,1.0,1.0986,1.197,1.1836,1.2127,1.2385,1.2296,1.2044,1.289,0.048,0.0299,0.0264,LOW
VM_012,1378795200,1.0667,1.0986,1.1974,1.1848,1.2154,1.2372,1.2249,1.2042,1.2839,0.0466,0.0321,0.026,LOW
VM_012,1378795500,1.1333,1.1067,1.2044,1.1892,1.2276,1.2472,1.2312,1.2124,1.291,0.0465,0.0405,0.027,LOW
VM_012,1378795800,1.0,1.1034,1.1969,1.1805,1.2214,1.2403,1.2246,1.2061,1.2826,0.0456,0.0405,0.0264,LOW
VM_012,1378796100,1.0,1.1082,1.1987,1.1808,1.223,1.2395,1.224,1.2068,1.2809,0.0443,0.0405,0.0256,LOW
VM_012,1378796400,1.0,1.1084,1.1986,1.18,1.2261,1.2399,1.2232,1.2074,1.2789,0.044,0.0405,0.0254,LOW
VM_012,1378796700,1.0,1.1158,1.2055,1.1864,1.2376,1.2486,1.2302,1.2159,1.2846,0.0438,0.0405,0.0252,LOW
VM_012,1378797000,1.0,1.1104,1.1995,1.1808,1.2338,1.2446,1.2264,1.2112,1.2797,0.044,0.0405,0.0252,LOW
VM_012,1378797300,1.0,1.1137,1.1941,1.1694,1.227,1.2399,1.2181,1.2055,1.2718,0.0423,0.0405,0.0239,LOW
VM_012,1378797600,1.0,1.1138,1.19,1.1639,1.227,1.2382,1.214,1.2031,1.2662,0.0416,0.0405,0.0232,LOW
VM_012,1378797900,1.0,1.1171,1.1907,1.1632,1.2345,1.2435,1.2133,1.2063,1.2653,0.0417,0.0405,0.0227,LOW
VM_012,1378798200,1.0,1.1139,1.1872,1.1601,1.2308,1.238,1.2078,1.202,1.2585,0.0412,0.0405,0.0223,LOW
VM_012,1378798500,1.0,1.114,1.187,1.1597,1.2301,1.2357,1.2045,1.2008,1.2561,0.0408,0.0405,0.022,LOW
VM_012,1378798800,1.0,1.1114,1.185,1.16,1.2325,1.2349,1.2015,1.2004,1.2531,0.0411,0.0392,0.0218,LOW
VM_012,1378799100,1.0,1.1119,1.1845,1.1583,1.2352,1.2353,1.1978,1.2004,1.2499,0.0411,0.0299,0.0202,LOW
VM_012,1378799400,1.0,1.1091,1.1763,1.1472,1.2252,1.2253,1.1859,1.1908,1.2367,0.0398,0.0299,0.0189,LOW
VM_012,1378799700,1.0,1.1067,1.1706,1.1394,1.2175,1.218,1.1794,1.1841,1.2298,0.039,0.0299,0.0184,LOW
VM_012,1378800000,1.0,1.1038,1.1635,1.1307,1.2114,1.2128,1.1697,1.1778,1.2222,0.0389,0.0299,0.0178,LOW
VM_012,1378800300,1.0,1.1053,1.1621,1.128,1.2117,1.2108,1.165,1.1763,1.2206,0.0387,0.0299,0.0175,LOW
VM_012,1378800600,1.0,1.0976,1.1519,1.1179,1.2002,1.2016,1.1577,1.1667,1.2104,0.0382,0.0299,0.0172,LOW
VM_012,1378800900,1.0,1.0972,1.1445,1.1086,1.191,1.196,1.1533,1.1602,1.2057,0.0374,0.0299,0.0167,LOW
VM_012,1378801200,1.0,1.0923,1.1365,1.0999,1.1826,1.1872,1.1452,1.1521,1.1965,0.037,0.0299,0.0162,LOW
VM_012,1378801500,1.0,1.0935,1.1328,1.0954,1.18,1.1836,1.1398,1.1487,1.1908,0.0364,0.0299,0.0153,LOW
VM_012,1378801800,1.0,1.086,1.123,1.0867,1.17,1.1717,1.1276,1.1383,1.1802,0.0358,0.0299,0.015,LOW
VM_012,1378802100,1.0,1.0813,1.1144,1.0778,1.1595,1.1614,1.1186,1.1288,1.1713,0.035,0.0299,0.0149,LOW
VM_012,1378802400,1.0,1.0723,1.1061,1.0718,1.1514,1.1525,1.1134,1.1213,1.1656,0.035,0.0272,0.0146,LOW
VM_012,1378802700,1.0667,1.0739,1.1092,1.0756,1.1513,1.1507,1.1136,1.1215,1.1677,0.0345,0.0136,0.0128,LOW
VM_012,1378803000,1.0,1.0629,1.0945,1.0622,1.1376,1.137,1.104,1.1089,1.1562,0.0343,0.0136,0.0129,LOW
VM_012,1378803300,1.0,1.0611,1.087,1.0524,1.1263,1.1258,1.0937,1.0994,1.1464,0.033,0.0136,0.0129,LOW
VM_012,1378803600,1.0,1.0527,1.0787,1.0456,1.1176,1.1161,1.0889,1.0916,1.1405,0.0331,0.0136,0.013,LOW
VM_012,1378803900,1.0,1.0545,1.0786,1.0432,1.1184,1.1174,1.0898,1.0919,1.1409,0.0334,0.0136,0.0133,LOW
VM_012,1378804200,1.0,1.0447,1.067,1.0334,1.1067,1.1018,1.0782,1.0801,1.1321,0.0332,0.0136,0.0134,LOW
VM_012,1378804500,1.0,1.0394,1.0589,1.0248,1.0965,1.0918,1.0721,1.0715,1.1241,0.033,0.0136,0.0135,LOW
VM_012,1378804800,1.0,1.0305,1.0508,1.0206,1.0928,1.0852,1.0687,1.0663,1.123,0.034,0.0136,0.0139,LOW
VM_012,1378805100,1.0,1.0384,1.0526,1.0184,1.095,1.0886,1.0673,1.0681,1.1242,0.0334,0.0136,0.0143,LOW
VM_012,1378805400,1.0,1.0281,1.0393,1.007,1.0806,1.0695,1.0526,1.0541,1.1127,0.033,0.0136,0.0142,LOW
VM_012,1378805700,1.0,1.0226,1.0315,0.9987,1.0729,1.0595,1.0445,1.0461,1.1064,0.033,0.0136,0.0145,LOW
VM_012,1378806000,1.0,1.0132,1.0249,0.996,1.0696,1.0519,1.0404,1.0411,1.1051,0.034,0.0136,0.015,LOW
VM_012,1378806300,1.0667,1.0226,1.0347,1.0043,1.0773,1.0588,1.0456,1.0482,1.113,0.0338,0.0188,0.0159,LOW
VM_012,1378806600,1.0,1.0059,1.0148,0.9873,1.0569,1.0329,1.0243,1.0281,1.0967,0.0342,0.0188,0.0168,LOW
VM_012,1378806900,1.0,1.0039,1.0075,0.977,1.0487,1.0235,1.0147,1.0199,1.0886,0.0337,0.0188,0.0167,LOW
VM_012,1378807200,1.0,0.9973,0.9997,0.9699,1.042,1.0149,1.0093,1.0131,1.0838,0.0343,0.0188,0.0171,LOW
VM_012,1378807500,1.0,1.004,1.0042,0.9729,1.0487,1.0217,1.0167,1.0193,1.0893,0.0341,0.0188,0.0168,LOW
VM_012,1378807800,1.2857,1.0254,1.0257,0.9938,1.0625,1.0301,1.0201,1.0323,1.1064,0.0347,0.0601,0.0235,LOW
VM_012,1378808100,1.0667,1.0022,1.0031,0.9718,1.0401,1.0087,1.0044,1.0113,1.0869,0.0351,0.0608,0.0236,LOW
VM_012,1378808400,1.0,1.0009,0.9996,0.9659,1.0339,1.0025,1.0006,1.0064,1.0817,0.0349,0.0608,0.0235,LOW
VM_012,1378808700,1.0,1.0103,1.0035,0.9639,1.0355,1.0089,1.0059,1.0106,1.0824,0.0338,0.0608,0.0227,LOW
VM_012,1378809000,1.0,1.002,0.9933,0.9525,1.0227,0.998,0.9973,0.9999,1.0706,0.0333,0.0608,0.0225,LOW
VM_012,1378809300,1.0,1.0005,0.9887,0.9425,1.0117,0.9898,0.994,0.9926,1.0605,0.0332,0.0608,0.0218,LOW
VM_012,1378809600,1.0,0.9952,0.9796,0.9368,0.9969,0.9709,0.9972,0.9835,1.0502,0.0342,0.0608,0.022,LOW
VM_012,1378809900,1.0,0.9898,0.9805,0.9404,0.9972,0.971,1.0023,0.9846,1.0552,0.0358,0.0601,0.0225,LOW
VM_012,1378810200,1.0,1.0022,0.9829,0.937,0.9924,0.9728,1.0012,0.985,1.0518,0.0348,0.0601,0.0218,LOW
VM_012,1378810500,1.0,1.0052,0.9848,0.9314,0.9845,0.9688,1.0004,0.9823,1.0468,0.0353,0.0601,0.0214,LOW
VM_012,1378810800,1.0,0.9989,0.9787,0.9231,0.9768,0.9615,0.9915,0.9745,1.0387,0.0353,0.0601,0.0214,LOW
VM_012,1378811100,1.0,1.008,0.9875,0.9291,0.9852,0.9705,1.0015,0.9831,1.0473,0.0356,0.0601,0.0217,LOW
VM_012,1378811400,1.0,0.9954,0.9743,0.9153,0.9706,0.9538,0.9806,0.9674,1.0338,0.0355,0.0601,0.0217,LOW
VM_012,1378811700,1.0,0.9888,0.9718,0.9122,0.9655,0.948,0.9735,0.9624,1.0317,0.036,0.0601,0.0219,LOW
VM_012,1378812000,1.0,0.9785,0.9606,0.9022,0.9546,0.9355,0.9573,0.9504,1.0218,0.0361,0.0601,0.0219,LOW
VM_012,1378812300,1.0,0.9781,0.9626,0.9051,0.9549,0.9358,0.9603,0.9517,1.0245,0.0366,0.0601,0.0219,LOW
VM_012,1378812600,1.0,0.9811,0.9727,0.9212,0.9639,0.9408,0.9696,0.96,1.0375,0.0383,0.0601,0.0232,LOW
VM_012,1378812900,1.0,0.9718,0.9566,0.9007,0.9525,0.9311,0.9617,0.9477,1.0216,0.0375,0.0601,0.0226,LOW
VM_012,1378813200,1.0,0.9636,0.9456,0.8908,0.9435,0.9222,0.9567,0.9391,1.0117,0.0375,0.0601,0.0225,LOW
VM_012,1378813500,1.0,0.964,0.9428,0.885,0.9379,0.9186,0.9595,0.9362,1.0051,0.038,0.0593,0.0221,LOW
VM_012,1378813800,1.0,0.9588,0.9352,0.8784,0.9321,0.9134,0.956,0.9307,0.9989,0.0381,0.0593,0.0222,LOW
VM_012,1378814100,1.0,0.9559,0.9306,0.8731,0.9272,0.9102,0.959,0.9273,0.9922,0.0386,0.0593,0.0219,LOW
VM_012,1378814400,1.0667,0.9625,0.9354,0.8768,0.9312,0.9142,0.9643,0.9315,0.9947,0.0386,0.0601,0.0218,LOW
VM_012,1378814700,1.0,0.9628,0.9377,0.8801,0.9344,0.9172,0.9672,0.9345,0.9979,0.0383,0.0601,0.0217,LOW
VM_012,1378815000,1.0,0.9599,0.9365,0.881,0.9332,0.9173,0.9707,0.9343,0.9982,0.0392,0.0188,0.0167,LOW
VM_012,1378815300,1.0,0.959,0.931,0.8751,0.9333,0.9196,0.9718,0.9336,0.9955,0.0391,0.0136,0.016,LOW
VM_012,1378815600,1.0,0.9588,0.9264,0.8711,0.9277,0.9171,0.9723,0.9306,0.9941,0.0397,0.0136,0.0163,LOW
VM_012,1378815900,1.0,0.9656,0.9313,0.8759,0.9342,0.9249,0.9792,0.9372,1.0012,0.0395,0.0136,0.0166,LOW
VM_012,1378816200,1.0,0.9599,0.9219,0.8682,0.9293,0.9234,0.978,0.9327,0.9992,0.0397,0.0136,0.0172,LOW
VM_012,1378816500,1.0,0.9606,0.921,0.8668,0.9292,0.9248,0.9781,0.9326,0.9995,0.0394,0.0136,0.0174,LOW
VM_012,1378816800,1.0,0.9572,0.9148,0.8615,0.9262,0.9242,0.9767,0.9298,0.9978,0.0394,0.0136,0.0179,LOW
VM_012,1378817100,1.0,0.9583,0.9165,0.8642,0.9279,0.9238,0.973,0.9305,0.9957,0.0381,0.0136,0.0173,LOW
VM_012,1378817400,1.0,0.9698,0.9291,0.877,0.9369,0.9314,0.9807,0.9401,1.0023,0.0369,0.0136,0.0166,LOW
VM_012,1378817700,1.0,0.9662,0.92,0.8676,0.9306,0.9294,0.9772,0.9346,0.9982,0.0373,0.0136,0.0172,LOW
VM_012,1378818000,1.0,0.9647,0.9185,0.8675,0.9293,0.9279,0.9721,0.933,0.9946,0.0362,0.0136,0.0168,LOW
VM_012,1378818300,1.0,0.9684,0.9195,0.8663,0.9328,0.934,0.9679,0.9355,0.9939,0.0351,0.0136,0.0168,LOW
VM_012,1378818600,1.0,0.9665,0.9194,0.8677,0.9291,0.9287,0.9628,0.9324,0.9879,0.0337,0.0136,0.016,LOW
VM_012,1378818900,1.0,0.9664,0.9199,0.8674,0.9305,0.931,0.9606,0.933,0.9867,0.033,0.0136,0.0159,LOW
VM_012,1378819200,1.0,0.9707,0.9241,0.8708,0.9361,0.9366,0.9619,0.9374,0.9889,0.0324,0.0136,0.0157,LOW
VM_012,1378819500,1.0,0.9727,0.926,0.8717,0.9393,0.9393,0.9609,0.9392,0.9882,0.0319,0.0136,0.0155,LOW
VM_012,1378819800,1.0,0.9729,0.93,0.8758,0.9419,0.9421,0.9647,0.9422,0.9916,0.0314,0.0136,0.0154,LOW
VM_012,1378820100,1.0,0.968,0.9288,0.8747,0.9431,0.9436,0.9625,0.9415,0.99,0.0309,0.0136,0.0154,LOW
VM_012,1378820400,1.0,0.9678,0.9276,0.8726,0.941,0.9446,0.9639,0.9408,0.9901,0.0314,0.0136,0.0156,LOW
VM_012,1378820700,1.0,0.9719,0.9323,0.8751,0.9458,0.9497,0.9659,0.9449,0.993,0.0314,0.0136,0.0157,LOW
VM_012,1378821000,1.0,0.9731,0.9306,0.8713,0.9405,0.9477,0.9657,0.9422,0.9906,0.0321,0.0136,0.0159,LOW
VM_012,1378821300,1.0,0.9757,0.9325,0.8708,0.9415,0.9505,0.971,0.9441,0.9942,0.0332,0.0136,0.0163,LOW
VM_012,1378821600,1.6667,1.0264,0.9721,0.8953,0.9716,0.9841,0.9779,0.9716,1.0264,0.0337,0.1361,0.033,MEDIUM
VM_012,1378821900,1.4667,1.0197,0.9691,0.8928,0.9781,0.991,0.972,0.9719,1.0197,0.0341,0.1627,0.0359,MEDIUM
VM_012,1378822200,1.0,0.994,0.963,0.8943,0.9749,0.9829,0.9821,0.9673,1.0058,0.0315,0.1627,0.0341,MEDIUM
VM_012,1378822500,1.0,0.9892,0.9611,0.8938,0.9719,0.9775,0.9805,0.9645,1.0038,0.0307,0.1627,0.0339,MEDIUM
VM_012,1378822800,1.0667,0.9868,0.9604,0.8918,0.971,0.9833,0.9952,0.968,1.0143,0.0335,0.1624,0.0353,MEDIUM
VM_012,1378823100,1.0,0.9791,0.9514,0.8838,0.965,0.9806,0.9949,0.9639,1.0144,0.0353,0.1624,0.0363,MEDIUM
VM_012,1378823400,1.2667,0.9956,0.9659,0.8945,0.9769,0.9885,0.9948,0.9726,1.015,0.0333,0.1679,0.0358,MEDIUM
VM_012,1378823700,1.0,0.9737,0.9542,0.8907,0.966,0.9754,0.981,0.9616,1.0052,0.0305,0.1679,0.0351,MEDIUM
VM_012,1378824000,1.0,0.9751,0.9615,0.8986,0.9718,0.9896,0.9961,0.9711,1.0174,0.032,0.1679,0.0356,MEDIUM
VM_012,1378824300,1.0,0.9822,0.9674,0.9036,0.9735,0.9902,0.9906,0.9732,1.0165,0.0302,0.1679,0.0349,MEDIUM
VM_012,1378824600,1.0,0.9726,0.9554,0.8943,0.9664,0.982,0.9885,0.9653,1.0123,0.0317,0.1679,0.0355,MEDIUM
VM_012,1378824900,1.0,0.9752,0.9569,0.896,0.9633,0.9777,0.981,0.9632,1.0087,0.0302,0.1679,0.0349,MEDIUM
VM_012,1378825200,1.0,0.9754,0.9554,0.8971,0.9626,0.9763,0.9796,0.9623,1.0053,0.0293,0.1679,0.0343,MEDIUM
VM_012,1378825500,1.0,0.9834,0.9606,0.9004,0.9654,0.9824,0.9811,0.9665,1.0085,0.0298,0.1679,0.0343,MEDIUM
VM_012,1378825800,1.0,0.9726,0.9553,0.9007,0.9566,0.9707,0.9764,0.9592,1.003,0.0278,0.1679,0.0336,MEDIUM
VM_012,1378826100,1.1333,0.9783,0.959,0.9054,0.9593,0.9725,0.9752,0.9615,1.0014,0.0267,0.168,0.0329,MEDIUM
VM_012,1378826400,1.0,0.9709,0.9589,0.9092,0.9601,0.9781,0.9804,0.9639,1.0066,0.0264,0.168,0.0331,MEDIUM
VM_012,1378826700,1.2,0.9862,0.9725,0.9209,0.9742,0.9929,0.9861,0.9759,1.0121,0.0258,0.1695,0.0325,MEDIUM
VM_012,1378827000,1.0667,0.9828,0.9648,0.9161,0.964,0.984,0.9779,0.9685,1.0037,0.0251,0.1687,0.032,MEDIUM
VM_012,1378827300,1.0,0.9822,0.9619,0.9149,0.962,0.9792,0.9751,0.9657,0.9997,0.0245,0.1687,0.0317,MEDIUM
VM_012,1378827600,1.0,0.9784,0.9583,0.9148,0.9581,0.9741,0.9737,0.9632,0.9987,0.0236,0.1687,0.0316,MEDIUM
VM_012,1378827900,1.0,0.9852,0.962,0.9164,0.9614,0.9762,0.9724,0.9659,0.9975,0.0236,0.1687,0.0312,MEDIUM
VM_012,1378828200,1.0667,0.9813,0.9571,0.915,0.9571,0.9755,0.9707,0.9634,0.9964,0.0241,0.1679,0.0312,MEDIUM
VM_012,1378828500,1.1333,0.9879,0.9598,0.9174,0.9558,0.9723,0.9632,0.9623,0.9899,0.0237,0.1674,0.0301,MEDIUM
VM_012,1378828800,1.0667,0.9879,0.9683,0.9313,0.954,0.9724,0.9717,0.9645,0.9919,0.0207,0.1128,0.0222,LOW
VM_012,1378829100,1.0,0.9911,0.9609,0.9242,0.9519,0.9697,0.9641,0.9605,0.9911,0.0219,0.0731,0.018,LOW
VM_012,1378829400,1.0,0.9876,0.9561,0.9211,0.9428,0.9639,0.9616,0.9559,0.9876,0.0221,0.0731,0.0181,LOW
VM_012,1378829700,1.0,0.9885,0.9505,0.9142,0.9391,0.9617,0.9551,0.9529,0.9885,0.024,0.0731,0.0188,LOW
VM_012,1378830000,1.0,0.9847,0.947,0.9126,0.9323,0.9552,0.9506,0.9485,0.9847,0.0234,0.0733,0.0186,LOW
VM_012,1378830300,1.0,0.9895,0.947,0.9133,0.9306,0.953,0.9458,0.9475,0.9895,0.0239,0.0733,0.0193,LOW
VM_012,1378830600,1.0,0.9824,0.9385,0.9098,0.9215,0.9446,0.9384,0.94,0.9824,0.0233,0.0553,0.0169,LOW
VM_012,1378830900,1.0,0.9831,0.9361,0.9103,0.9206,0.9431,0.9351,0.9388,0.9831,0.0232,0.0553,0.017,LOW
VM_012,1378831200,1.0,0.9816,0.9404,0.9184,0.9261,0.9474,0.9404,0.9437,0.9816,0.0213,0.0553,0.0159,LOW
VM_012,1378831500,1.0,0.9923,0.9564,0.9366,0.9345,0.9593,0.9464,0.9551,0.9923,0.0202,0.0553,0.0155,LOW
VM_012,1378831800,1.0,0.9814,0.9387,0.9193,0.9273,0.9456,0.9332,0.9417,0.9814,0.0199,0.0553,0.0156,LOW
VM_012,1378832100,1.0,0.9773,0.933,0.9155,0.9277,0.9448,0.9336,0.94,0.9773,0.0199,0.0553,0.0153,LOW
VM_012,1378832400,1.0,0.9755,0.931,0.9181,0.9251,0.9411,0.9276,0.9374,0.9755,0.0192,0.0553,0.0152,LOW
VM_012,1378832700,1.0,0.9735,0.93,0.9206,0.927,0.942,0.9272,0.9382,0.9735,0.0187,0.0553,0.0147,LOW
VM_012,1378833000,1.0667,0.9778,0.9345,0.9264,0.9288,0.9466,0.9272,0.941,0.9778,0.0191,0.0555,0.0149,LOW
VM_012,1378833300,1.0,0.9763,0.9359,0.9316,0.9283,0.9443,0.9205,0.9401,0.9763,0.0177,0.0513,0.0138,LOW
VM_012,1378833600,1.0,0.9778,0.936,0.9318,0.9341,0.9484,0.9223,0.9428,0.9778,0.0178,0.0513,0.0138,LOW
VM_012,1378833900,1.0,0.979,0.9394,0.9366,0.9403,0.9537,0.9233,0.9472,0.979,0.0175,0.0354,0.0111,LOW
VM_012,1378834200,1.1333,0.9903,0.9491,0.9471,0.9464,0.9623,0.9251,0.9545,0.9903,0.0193,0.0416,0.013,LOW
VM_012,1378834500,1.0667,0.9917,0.95,0.949,0.9482,0.9616,0.9181,0.9544,0.9917,0.0201,0.0425,0.0142,LOW
VM_012,1378834800,1.0,0.9889,0.9509,0.9541,0.9461,0.9598,0.916,0.9539,0.9889,0.0193,0.0425,0.0141,LOW
VM_012,1378835100,1.0,0.997,0.9627,0.965,0.9517,0.9713,0.9233,0.9635,0.9975,0.0201,0.0425,0.0142,LOW
VM_012,1378835400,1.0,0.9865,0.9554,0.9588,0.9528,0.97,0.9232,0.961,0.9954,0.0186,0.0416,0.0139,LOW
VM_012,1378835700,1.0,0.9819,0.9546,0.9567,0.9566,0.9737,0.9282,0.9633,1.0001,0.018,0.0339,0.0129,LOW
VM_012,1378836000,1.0,0.9899,0.9609,0.9631,0.9585,0.9728,0.9288,0.9661,0.9992,0.0177,0.0321,0.0124,LOW
VM_012,1378836300,1.0,0.9965,0.9702,0.973,0.97,0.9819,0.934,0.9753,1.0094,0.0181,0.0321,0.013,LOW
VM_012,1378836600,1.0,0.998,0.972,0.9768,0.9697,0.9838,0.9332,0.9765,1.0109,0.0187,0.0321,0.0133,LOW
VM_012,1378836900,1.0,1.0004,0.976,0.9803,0.9748,0.9894,0.9352,0.981,1.0172,0.0194,0.0321,0.0138,LOW
VM_012,1378837200,1.0,1.0,0.9761,0.9809,0.9734,0.9883,0.9346,0.9805,1.0165,0.0194,0.0321,0.0138,LOW
VM_012,1378837500,1.0,1.0003,0.9772,0.9829,0.9745,0.9918,0.9394,0.9828,1.019,0.0189,0.0321,0.0135,LOW
VM_012,1378837800,1.0,0.998,0.9736,0.9824,0.9715,0.9884,0.9427,0.981,1.0143,0.0173,0.0321,0.0126,LOW
VM_012,1378838100,1.0,0.9991,0.972,0.9817,0.9735,0.9933,0.9485,0.9836,1.0181,0.0176,0.0321,0.0124,LOW
VM_012,1378838400,1.0,1.0038,0.9717,0.9832,0.977,1.0017,0.9628,0.9893,1.0235,0.0181,0.0321,0.0113,LOW
VM_012,1378838700,1.3333,1.0313,1.0014,1.0107,0.9934,1.0337,0.9967,1.016,1.057,0.0219,0.0731,0.0186,LOW
VM_012,1378839000,1.0,1.0063,0.9795,0.9963,0.983,1.0169,0.9919,1.002,1.0305,0.0188,0.0731,0.0165,LOW
VM_012,1378839300,1.0,1.0013,0.9782,0.9969,0.9856,1.0263,1.005,1.0066,1.0376,0.0217,0.0731,0.0172,LOW
VM_012,1378839600,1.0,1.0003,0.9753,0.998,0.9832,1.0226,1.0076,1.0061,1.0372,0.0216,0.0731,0.0171,LOW
VM_012,1378839900,1.0,1.0049,0.9832,1.0029,0.9918,1.0384,1.0244,1.0169,1.051,0.0254,0.0731,0.0181,LOW
VM_012,1378840200,1.0,0.9941,0.9676,0.9936,0.9768,1.0214,1.0215,1.0047,1.0482,0.0259,0.0727,0.0189,LOW
VM_012,1378840500,1.2,1.0057,0.9826,1.0068,0.9824,1.0308,1.0324,1.014,1.0557,0.0261,0.081,0.0201,LOW
VM_012,1378840800,1.0,1.0024,0.9762,1.007,0.9764,1.0229,1.0395,1.0112,1.0656,0.028,0.081,0.0214,LOW
VM_012,1378841100,1.0,1.0113,0.9895,1.0167,0.9848,1.0354,1.0532,1.0218,1.0753,0.0287,0.081,0.0215,LOW
VM_012,1378841400,1.0,1.0033,0.9797,1.012,0.9756,1.0257,1.0509,1.0144,1.0752,0.0305,0.0782,0.0218,LOW
VM_012,1378841700,1.0,1.0057,0.9822,1.0107,0.9808,1.0332,1.0527,1.0178,1.0761,0.0309,0.0778,0.0219,LOW
VM_012,1378842000,1.0,1.0011,0.975,1.0092,0.9737,1.0252,1.0519,1.0128,1.0766,0.0322,0.0778,0.0222,LOW
VM_012,1378842300,1.2667,1.0231,0.9968,1.028,0.9857,1.0429,1.0719,1.03,1.0946,0.0338,0.0922,0.0251,LOW
VM_012,1378842600,1.0,1.0061,0.9799,1.0147,0.9737,1.0239,1.0556,1.014,1.0791,0.0326,0.0922,0.0246,LOW
VM_012,1378842900,1.0,1.0039,0.9819,1.0139,0.975,1.0295,1.0655,1.0173,1.0857,0.0354,0.0922,0.0254,LOW
VM_012,1378843200,1.0,1.0073,0.9835,1.0169,0.9751,1.0333,1.0813,1.022,1.1047,0.0411,0.0922,0.0273,LOW
VM_012,1378843500,1.0,1.0149,0.9898,1.0152,0.9905,1.0488,1.083,1.0305,1.1055,0.0399,0.0922,0.027,LOW
VM_012,1378843800,1.0,0.9965,0.9732,1.0029,0.9695,1.0237,1.0681,1.0115,1.0897,0.0398,0.0922,0.0267,LOW
VM_012,1378844100,1.0,0.9972,0.9746,1.001,0.968,1.0239,1.0719,1.0113,1.0909,0.0413,0.0922,0.0272,LOW
VM_012,1378844400,1.0,0.9935,0.9705,0.997,0.9671,1.0182,1.0618,1.0064,1.0816,0.0388,0.0922,0.0264,LOW
VM_012,1378844700,1.0,1.0094,0.9873,1.0061,0.9865,1.035,1.0682,1.0206,1.0879,0.0362,0.0922,0.0258,LOW
VM_012,1378845000,1.0,0.9937,0.9719,0.9947,0.9708,1.0198,1.0609,1.0069,1.0802,0.0386,0.0922,0.0265,LOW
VM_012,1378845300,1.0,0.9921,0.9713,0.9909,0.9712,1.0179,1.0557,1.0045,1.0731,0.037,0.0922,0.0259,LOW
VM_012,1378845600,1.0,0.9867,0.9673,0.9878,0.9675,1.0146,1.0574,1.0018,1.0755,0.0393,0.0922,0.0266,LOW
VM_012,1378845900,1.1333,1.0083,0.9881,1.0018,0.9819,1.0347,1.0815,1.0202,1.0977,0.0423,0.0704,0.0251,LOW
VM_012,1378846200,1.0,0.9903,0.9746,0.9907,0.9775,1.0303,1.0884,1.0148,1.1048,0.0484,0.0704,0.0268,LOW
VM_012,1378846500,1.0,0.9905,0.9766,0.9879,0.9832,1.0268,1.0647,1.0101,1.0778,0.0393,0.0704,0.0237,LOW
VM_012,1378846800,1.1333,0.9954,0.9843,0.9934,0.9942,1.0282,1.0568,1.0136,1.0715,0.035,0.0735,0.0227,LOW
VM_012,1378847100,1.0,0.9953,0.9939,0.9991,1.0101,1.0361,1.0514,1.0199,1.0661,0.0302,0.0735,0.0206,LOW
VM_012,1378847400,1.0,0.9803,0.9811,0.9897,0.9941,1.0176,1.0423,1.0059,1.0547,0.0303,0.0735,0.0206,LOW
VM_012,1378847700,1.0,0.9777,0.9853,0.9921,0.998,1.0153,1.0326,1.0054,1.0474,0.0262,0.0642,0.0179,LOW
VM_012,1378848000,1.0,0.9654,0.9883,0.9979,1.0027,0.994,0.9849,0.9935,1.0133,0.0132,0.0642,0.0139,LOW
VM_012,1378848300,1.0667,0.9766,0.9949,0.9992,1.0092,0.9947,0.9792,0.9957,1.0154,0.0121,0.0646,0.0129,LOW
VM_012,1378848600,1.0,0.9597,0.9859,0.9938,1.014,1.0019,0.9927,0.9974,1.0258,0.0179,0.0646,0.0161,LOW
VM_012,1378848900,1.1333,0.9676,0.9989,1.0082,1.0341,1.0168,0.9886,1.0092,1.0376,0.0201,0.068,0.017,LOW
VM_012,1378849200,1.1333,0.9603,0.9973,1.0109,1.0387,1.0107,0.9692,1.005,1.0403,0.0238,0.0708,0.0185,LOW
VM_012,1378849500,1.0,0.9598,1.0023,1.0188,1.0473,1.0154,0.97,1.0098,1.0488,0.0264,0.0513,0.0171,LOW
VM_012,1378849800,1.2,0.9557,0.9994,1.0179,1.0556,1.0219,0.9713,1.0125,1.0568,0.03,0.0622,0.0199,LOW
VM_012,1378850100,1.0,0.9438,0.9925,1.0122,1.0531,1.01,0.9569,1.0037,1.0531,0.0321,0.0622,0.0209,LOW
VM_012,1378850400,1.0,0.9408,0.9893,1.0124,1.0609,1.0099,0.9461,1.0032,1.0609,0.0373,0.0622,0.0222,LOW
VM_012,1378850700,1.0,0.9434,0.9939,1.0171,1.0665,1.0089,0.9433,1.0059,1.0665,0.039,0.0622,0.0225,LOW
VM_012,1378851000,1.0,0.9291,0.9785,1.0051,1.0593,1.0012,0.9398,0.9971,1.0593,0.0393,0.0622,0.0234,LOW
VM_012,1378851300,1.0,0.9131,0.9639,0.9962,1.0504,0.9745,0.8953,0.977,1.0504,0.0474,0.0622,0.0263,LOW
VM_012,1378851600,1.0,0.9035,0.9575,0.9945,1.0493,0.9638,0.8797,0.97,1.0493,0.0519,0.0622,0.028,LOW
VM_012,1378851900,1.0,0.8985,0.9601,1.001,1.053,0.9552,0.8648,0.9673,1.053,0.0578,0.0622,0.0302,MEDIUM
VM_012,1378852200,1.0,0.8839,0.9509,0.9972,1.051,0.9479,0.8556,0.9609,1.051,0.0608,0.0622,0.0311,MEDIUM
VM_012,1378852500,1.0,0.8775,0.9497,1.0043,1.0531,0.9422,0.8497,0.9597,1.0531,0.0645,0.0622,0.032,MEDIUM
VM_012,1378852800,1.2,0.8833,0.9596,1.0141,1.0682,0.9486,0.8437,0.9675,1.0682,0.0703,0.0704,0.0356,MEDIUM
VM_012,1378853100,1.0,0.874,0.9516,1.0129,1.0622,0.9434,0.85,0.9636,1.0622,0.0682,0.068,0.0338,MEDIUM
VM_012,1378853400,1.0,0.8727,0.9484,1.007,1.0681,0.9487,0.8502,0.9646,1.0681,0.069,0.068,0.0345,MEDIUM
VM_012,1378853700,1.0,0.8664,0.9407,0.9984,1.0591,0.935,0.8366,0.9542,1.0591,0.0697,0.068,0.035,MEDIUM
VM_012,1378854000,1.0,0.8623,0.934,0.9901,1.0572,0.9345,0.8342,0.9506,1.0572,0.0696,0.0651,0.0347,MEDIUM
VM_012,1378854300,1.0,0.8615,0.9362,0.9916,1.0547,0.9322,0.8379,0.9507,1.0547,0.0684,0.0651,0.034,MEDIUM
VM_012,1378854600,1.0,0.8562,0.9291,0.9848,1.0497,0.9284,0.8352,0.9456,1.0497,0.0673,0.0651,0.0337,MEDIUM
VM_012,1378854900,1.0,0.8558,0.9276,0.9817,1.0451,0.9253,0.8346,0.9425,1.0451,0.0656,0.0651,0.0333,MEDIUM
VM_012,1378855200,1.0,0.8626,0.9239,0.9696,1.0437,0.9307,0.8375,0.9416,1.0437,0.0624,0.0651,0.0328,MEDIUM
VM_012,1378855500,1.0,0.8783,0.9388,0.9879,1.0528,0.9489,0.869,0.9589,1.0528,0.057,0.065,0.0301,MEDIUM
VM_012,1378855800,1.0,0.8846,0.9336,0.9731,1.0527,0.9529,0.865,0.9563,1.0527,0.0558,0.065,0.0305,MEDIUM
VM_012,1378856100,1.0,0.8873,0.9332,0.9762,1.0513,0.9548,0.8759,0.9587,1.0513,0.0526,0.0611,0.0286,LOW
VM_012,1378856400,1.0,0.8908,0.9277,0.9657,1.0512,0.9537,0.866,0.9546,1.0512,0.0538,0.0565,0.0291,LOW
VM_012,1378856700,1.0,0.9015,0.9286,0.9669,1.0496,0.9558,0.879,0.9574,1.0496,0.0499,0.0565,0.0274,LOW
VM_012,1378857000,1.5333,0.9898,0.9925,1.0098,1.1091,1.0139,0.9078,1.0102,1.1091,0.0554,0.1146,0.0385,MEDIUM
VM_012,1378857300,1.2667,1.0033,1.003,1.0237,1.1156,1.0304,0.9385,1.0245,1.1156,0.0501,0.124,0.0369,MEDIUM
VM_012,1378857600,1.0,0.987,1.0285,1.0053,1.1558,1.0019,0.8655,1.0058,1.1558,0.0868,0.124,0.0526,MEDIUM
VM_012,1378857900,1.0,0.9162,0.9922,1.0053,1.139,0.9667,0.8426,0.9838,1.139,0.0926,0.124,0.0545,MEDIUM
VM_012,1378858200,1.0,0.8856,0.9667,0.9872,1.1338,0.9717,0.8551,0.9797,1.1338,0.0896,0.124,0.0522,MEDIUM
VM_012,1378858500,1.0,0.9453,0.9927,0.9923,1.1232,0.9912,0.8855,0.994,1.1232,0.071,0.124,0.0461,MEDIUM
VM_012,1378858800,1.0,0.9589,0.9962,0.9778,1.0994,0.9906,0.8893,0.9875,1.0994,0.0599,0.124,0.0416,MEDIUM
VM_012,1378859100,1.0,0.966,1.003,0.9836,1.0943,0.9845,0.8833,0.9864,1.0943,0.0594,0.124,0.0412,MEDIUM
VM_012,1378859400,1.0,0.9832,1.026,1.0014,1.1016,0.9942,0.8856,0.9973,1.1016,0.0612,0.124,0.0416,MEDIUM
VM_012,1378859700,1.0,1.0058,1.044,1.0164,1.1211,1.0128,0.9039,1.0154,1.1211,0.0625,0.124,0.0424,MEDIUM
VM_012,1378860000,1.0,0.9678,1.0171,0.9941,1.0926,0.9828,0.8735,0.9882,1.0926,0.0615,0.1196,0.0413,MEDIUM
VM_012,1378860300,1.0,0.9648,1.0078,0.9846,1.0788,0.9739,0.8684,0.9801,1.0788,0.058,0.1196,0.0402,MEDIUM
VM_012,1378860600,1.0,0.9692,1.0062,0.9842,1.0776,0.9747,0.8707,0.9801,1.0776,0.0566,0.1196,0.0398,MEDIUM
VM_012,1378860900,1.0,1.0018,1.0282,1.0045,1.1033,1.0055,0.9059,1.0056,1.1033,0.0553,0.1196,0.0392,MEDIUM
VM_012,1378861200,1.0,0.9874,1.0226,1.0074,1.0869,0.9944,0.9071,0.9984,1.0869,0.0498,0.1196,0.0366,MEDIUM
VM_012,1378861500,1.0,0.9901,1.0243,1.004,1.08,0.9969,0.9163,0.9987,1.08,0.0445,0.1196,0.0347,MEDIUM
VM_012,1378861800,1.0,1.0034,1.0389,1.0126,1.0871,1.0125,0.9359,1.0118,1.0871,0.0407,0.1196,0.0332,MEDIUM
VM_012,1378862100,1.0,1.0162,1.0496,1.0262,1.0995,1.033,0.966,1.0287,1.0995,0.0367,0.1196,0.0316,MEDIUM
VM_012,1378862400,1.0,1.0159,1.035,1.0118,1.0751,1.0462,1.0083,1.027,1.0751,0.0235,0.1196,0.0252,LOW
VM_012,1378862700,1.0,1.0065,1.0271,1.0032,1.0646,1.0403,1.0135,1.021,1.0646,0.0219,0.1196,0.025,LOW
VM_012,1378863000,1.0,0.9967,1.03,1.0038,1.0596,1.0262,0.9929,1.0144,1.0596,0.0214,0.1196,0.0243,LOW
VM_012,1378863300,1.0,1.0104,1.0534,1.0325,1.0862,1.0538,1.0295,1.0407,1.0862,0.0223,0.1196,0.0249,LOW
VM_012,1378863600,1.0,1.0075,1.057,1.0329,1.0886,1.0485,1.0204,1.0397,1.0886,0.0241,0.1196,0.0252,LOW
VM_012,1378863900,1.0,1.0153,1.0721,1.0565,1.0954,1.0596,1.0421,1.0528,1.0954,0.0217,0.1196,0.0248,LOW
VM_012,1378864200,1.0,1.012,1.0778,1.0523,1.1017,1.0582,1.0404,1.0545,1.1017,0.0251,0.0544,0.0176,LOW
VM_012,1378864500,1.0,1.0187,1.0874,1.0612,1.1111,1.0684,1.0588,1.0646,1.1111,0.0259,0.0,0.0109,LOW
VM_012,1378864800,1.2,1.0223,1.0893,1.0571,1.1037,1.0291,0.9861,1.0439,1.1037,0.0339,0.0408,0.0191,LOW
VM_012,1378865100,1.0,1.0146,1.0859,1.0581,1.0984,1.0288,0.9945,1.043,1.0984,0.0312,0.0408,0.0175,LOW
VM_012,1378865400,1.0,1.0078,1.0796,1.0509,1.0879,1.0289,1.0079,1.04,1.0879,0.0263,0.0408,0.0147,LOW
VM_012,1378865700,1.0,1.0184,1.0896,1.0538,1.0948,1.0523,1.0466,1.0551,1.0948,0.025,0.0408,0.0147,LOW
VM_012,1378866000,1.3571,1.045,1.1098,1.0674,1.1178,1.0716,1.0512,1.0717,1.1178,0.0261,0.082,0.0209,LOW
VM_012,1378866300,1.0,1.0232,1.1017,1.0673,1.1009,1.0601,1.0571,1.0638,1.1017,0.0257,0.082,0.0198,LOW
VM_012,1378866600,1.0,1.0445,1.1211,1.0784,1.1114,1.0779,1.0807,1.0802,1.1211,0.0272,0.082,0.021,LOW
VM_012,1378866900,1.4286,1.0784,1.1501,1.0983,1.1354,1.0994,1.0891,1.1008,1.1501,0.028,0.1162,0.0267,LOW
VM_012,1378867200,1.0,1.0305,1.1057,1.0678,1.1086,1.0923,1.1036,1.0798,1.1227,0.0345,0.1162,0.0273,LOW
VM_012,1378867500,1.0,1.0216,1.1037,1.0654,1.0855,1.0804,1.1053,1.0707,1.114,0.0368,0.1162,0.0275,LOW
VM_012,1378867800,1.0,1.0188,1.099,1.0515,1.0736,1.0624,1.0784,1.0576,1.099,0.0335,0.1162,0.0269,LOW
VM_012,1378868100,1.0,1.0255,1.1092,1.0622,1.0813,1.0652,1.0796,1.064,1.1092,0.0327,0.1162,0.027,LOW
VM_012,1378868400,1.0,1.023,1.1029,1.0549,1.0748,1.0669,1.086,1.0618,1.1029,0.0347,0.1162,0.0271,LOW
VM_012,1378868700,1.0,1.0235,1.1066,1.0596,1.0742,1.0681,1.0839,1.0629,1.1066,0.0344,0.1162,0.0272,LOW
VM_012,1378869000,1.0,1.0213,1.1047,1.0572,1.0666,1.0632,1.0769,1.0588,1.1047,0.0341,0.1162,0.0272,LOW
VM_012,1378869300,1.0,1.0349,1.1194,1.071,1.0762,1.0707,1.081,1.0687,1.1194,0.0331,0.1162,0.0276,LOW
VM_012,1378869600,1.0,1.0248,1.1024,1.0548,1.0585,1.0611,1.0795,1.0563,1.1032,0.0355,0.1162,0.0277,LOW
VM_012,1378869900,1.0,1.0299,1.1072,1.0595,1.0521,1.0601,1.0818,1.0568,1.1079,0.0371,0.1162,0.0286,LOW
VM_012,1378870200,1.0,1.0241,1.1019,1.0545,1.0434,1.0589,1.0855,1.0531,1.1136,0.0399,0.1162,0.0302,MEDIUM
VM_012,1378870500,1.0,1.0325,1.1109,1.0623,1.0457,1.0666,1.0955,1.0601,1.1282,0.0425,0.1162,0.0316,MEDIUM
VM_012,1378870800,1.0,1.0341,1.1135,1.0663,1.0439,1.066,1.0947,1.0605,1.1281,0.0422,0.1162,0.0316,MEDIUM
VM_012,1378871100,1.0,1.0305,1.1085,1.0647,1.0343,1.068,1.109,1.0594,1.1407,0.0474,0.1162,0.0338,MEDIUM
VM_012,1378871400,1.0,1.0478,1.1268,1.0816,1.0417,1.075,1.1146,1.0697,1.1451,0.0464,0.1162,0.0333,MEDIUM
VM_012,1378871700,1.0,1.0646,1.1436,1.0955,1.051,1.0823,1.1146,1.0797,1.1462,0.0441,0.1162,0.032,MEDIUM
VM_012,1378872000,1.0714,1.0561,1.1393,1.0926,1.0508,1.0752,1.1161,1.076,1.15,0.0455,0.1115,0.033,MEDIUM
VM_012,1378872300,1.0,1.0564,1.1412,1.0925,1.053,1.0773,1.118,1.0779,1.1517,0.0452,0.1115,0.0331,MEDIUM
VM_012,1378872600,1.0,1.0498,1.1396,1.1002,1.0503,1.0773,1.1339,1.0793,1.1647,0.0495,0.1115,0.0352,MEDIUM
VM_012,1378872900,1.0,1.057,1.1487,1.103,1.0538,1.0756,1.1247,1.0811,1.1587,0.0472,0.1115,0.0341,MEDIUM
VM_012,1378873200,1.0,1.0551,1.149,1.0999,1.0521,1.0725,1.1211,1.0794,1.1574,0.0475,0.0881,0.0314,MEDIUM
VM_012,1378873500,1.0714,1.0621,1.1587,1.1087,1.0623,1.0759,1.1196,1.0856,1.1587,0.0456,0.0885,0.0307,MEDIUM
VM_012,1378873800,1.0667,1.0573,1.1577,1.1087,1.0657,1.077,1.1232,1.0867,1.1611,0.0458,0.0888,0.031,MEDIUM
VM_012,1378874100,1.0,1.0561,1.1603,1.1129,1.0648,1.0775,1.128,1.0881,1.165,0.0473,0.0236,0.0233,LOW
VM_012,1378874400,1.2,1.0626,1.1636,1.1106,1.0719,1.0873,1.1302,1.0932,1.1738,0.047,0.0455,0.0264,LOW
VM_012,1378874700,1.0,1.053,1.1592,1.1098,1.0654,1.0868,1.1392,1.0915,1.1788,0.0497,0.0455,0.0277,LOW
VM_012,1378875000,1.0,1.0535,1.1622,1.1151,1.0735,1.0904,1.143,1.0958,1.1802,0.0486,0.0455,0.0272,LOW
VM_012,1378875300,1.0,1.0558,1.167,1.1176,1.0778,1.0924,1.1413,1.0983,1.1764,0.047,0.0455,0.0263,LOW
VM_012,1378875600,1.0,1.058,1.1699,1.1212,1.0857,1.0964,1.1459,1.1028,1.1784,0.0459,0.0455,0.0257,LOW
VM_012,1378875900,1.0,1.0542,1.166,1.1172,1.089,1.0966,1.1429,1.1018,1.1745,0.0442,0.0455,0.025,LOW
VM_012,1378876200,1.0,1.059,1.1722,1.1232,1.0983,1.1031,1.1475,1.1083,1.1762,0.0428,0.0455,0.0243,LOW
VM_012,1378876500,1.0,1.0607,1.1778,1.1296,1.1059,1.1095,1.153,1.1147,1.1821,0.0427,0.0455,0.0242,LOW
VM_012,1378876800,1.0,1.0595,1.1893,1.1464,1.1164,1.106,1.1543,1.1193,1.1893,0.0437,0.0455,0.0248,LOW
VM_012,1378877100,1.0,1.0628,1.1859,1.1412,1.1184,1.1088,1.1529,1.1196,1.1859,0.0423,0.0455,0.0241,LOW
VM_012,1378877400,1.0,1.0582,1.1849,1.1393,1.1175,1.1049,1.1499,1.117,1.1849,0.0425,0.0455,0.0244,LOW
VM_012,1378877700,1.3333,1.0802,1.2017,1.1519,1.1365,1.1243,1.1644,1.1331,1.2017,0.0414,0.0788,0.0285,LOW
VM_012,1378878000,1.0,1.0592,1.1852,1.1397,1.1242,1.1143,1.1625,1.1226,1.1852,0.0428,0.0788,0.0279,LOW
VM_012,1378878300,1.0,1.0624,1.1904,1.1493,1.1268,1.1181,1.1774,1.128,1.1948,0.0456,0.0788,0.0289,LOW
VM_012,1378878600,1.0,1.0575,1.1832,1.1361,1.1241,1.1119,1.1639,1.1209,1.1832,0.0428,0.0788,0.0279,LOW
VM_012,1378878900,1.0667,1.0653,1.185,1.1322,1.1319,1.1156,1.1626,1.1239,1.185,0.0402,0.0788,0.0272,LOW
VM_012,1378879200,1.0,1.0521,1.1768,1.1281,1.1304,1.106,1.1499,1.1168,1.1768,0.039,0.0787,0.0266,LOW
VM_012,1378879500,1.0,1.0507,1.1745,1.1261,1.1344,1.1066,1.153,1.1178,1.1745,0.0389,0.0787,0.026,LOW
VM_012,1378879800,1.0,1.0427,1.1706,1.1246,1.1347,1.1025,1.1478,1.1144,1.1706,0.0392,0.0787,0.0258,LOW
VM_012,1378880100,1.0,1.0499,1.1761,1.1296,1.1451,1.1116,1.1519,1.122,1.1761,0.0376,0.0787,0.0251,LOW
VM_012,1378880400,1.0,1.0415,1.1695,1.1257,1.1437,1.1062,1.1467,1.1176,1.1695,0.0377,0.0787,0.0252,LOW
VM_012,1378880700,1.0,1.0414,1.1689,1.1277,1.1508,1.1096,1.1442,1.1203,1.1689,0.0367,0.0784,0.0251,LOW
VM_012,1378881000,1.0,1.0368,1.1669,1.1279,1.1519,1.1075,1.1451,1.1196,1.1669,0.0375,0.0782,0.0254,LOW
VM_012,1378881300,1.0,1.0362,1.1661,1.1289,1.159,1.1137,1.1489,1.1236,1.1661,0.0374,0.0782,0.0254,LOW
VM_012,1378881600,1.0,1.0264,1.1662,1.136,1.16,1.1113,1.147,1.1232,1.1662,0.0399,0.0688,0.0254,LOW
VM_012,1378881900,1.0,1.0229,1.168,1.1462,1.1672,1.1187,1.1619,1.1294,1.168,0.0422,0.0688,0.026,LOW
VM_012,1378882200,1.0,1.0241,1.1562,1.1235,1.156,1.1063,1.137,1.1164,1.1562,0.0377,0.0688,0.0244,LOW
VM_012,1378882500,1.0,1.0346,1.1623,1.1259,1.1601,1.1148,1.1413,1.1223,1.1623,0.036,0.0688,0.0239,LOW
VM_012,1378882800,1.5333,1.0617,1.1817,1.1326,1.1876,1.1341,1.1321,1.1372,1.1876,0.0339,0.1258,0.031,MEDIUM
VM_012,1378883100,1.0,1.0359,1.1663,1.1265,1.1725,1.124,1.1433,1.1284,1.1725,0.0371,0.1258,0.0323,MEDIUM
VM_012,1378883400,1.0,1.029,1.1608,1.1219,1.1619,1.11,1.1359,1.1194,1.1619,0.0379,0.1258,0.0318,MEDIUM
VM_012,1378883700,1.0,1.0279,1.1587,1.1198,1.1628,1.1109,1.1321,1.1182,1.1628,0.0375,0.1258,0.0321,MEDIUM
VM_012,1378884000,1.0,1.0304,1.1518,1.1088,1.1606,1.1127,1.1312,1.1156,1.1606,0.0352,0.1258,0.0315,MEDIUM
VM_012,1378884300,1.0,1.0299,1.1456,1.101,1.1583,1.1137,1.1186,1.1116,1.1583,0.034,0.1258,0.0313,MEDIUM
VM_012,1378884600,1.0,1.0286,1.1448,1.0988,1.1536,1.1075,1.116,1.1081,1.1536,0.0339,0.1258,0.0309,MEDIUM
VM_012,1378884900,1.0,1.0251,1.1417,1.0949,1.1524,1.1075,1.1137,1.106,1.1524,0.0342,0.1091,0.0291,LOW
VM_012,1378885200,1.0,1.0311,1.1442,1.0935,1.1595,1.1216,1.1228,1.1133,1.1595,0.0344,0.1091,0.0292,LOW
VM_012,1378885500,1.0667,1.0259,1.1412,1.0918,1.1548,1.114,1.1136,1.1073,1.1548,0.0345,0.1093,0.0293,LOW
VM_012,1378885800,1.0,1.0184,1.1321,1.0821,1.1442,1.1086,1.1049,1.0994,1.1442,0.0339,0.1093,0.0289,LOW
VM_012,1378886100,1.0,1.0155,1.1251,1.0732,1.1359,1.1049,1.0995,1.0936,1.1359,0.0332,0.1091,0.0282,LOW
VM_012,1378886400,1.0,1.0051,1.1199,1.0657,1.1332,1.1018,1.0949,1.0894,1.1333,0.0352,0.1091,0.0292,LOW
VM_012,1378886700,1.0,1.0013,1.1191,1.0642,1.1279,1.0959,1.0955,1.086,1.1279,0.0354,0.1091,0.029,LOW
VM_012,1378887000,1.0,0.9875,1.1078,1.0538,1.1173,1.0826,1.0842,1.0744,1.1173,0.0359,0.1091,0.0293,LOW
VM_012,1378887300,1.0,0.9892,1.1068,1.054,1.1134,1.0839,1.0912,1.075,1.1134,0.0351,0.1091,0.0287,LOW
VM_012,1378887600,1.0,0.9914,1.1032,1.0479,1.1112,1.0846,1.0928,1.0738,1.1115,0.0343,0.1091,0.0282,LOW
VM_012,1378887900,1.0,0.9847,1.0941,1.0388,1.103,1.078,1.0881,1.0671,1.1041,0.0341,0.1091,0.0281,LOW
VM_012,1378888200,1.2,0.993,1.0961,1.0351,1.1089,1.0808,1.0805,1.0681,1.1089,0.033,0.1146,0.0284,LOW
VM_012,1378888500,1.0,0.9741,1.0824,1.0262,1.0946,1.0659,1.0754,1.0564,1.0946,0.0342,0.1146,0.029,LOW
VM_012,1378888800,1.1333,0.9775,1.0822,1.0229,1.0982,1.066,1.0699,1.0558,1.0982,0.0338,0.1162,0.0292,LOW
VM_012,1378889100,1.0,0.9634,1.0689,1.0119,1.0879,1.0555,1.0662,1.0462,1.0879,0.0347,0.1162,0.0296,MEDIUM
VM_012,1378889400,1.0,0.9609,1.0615,1.0026,1.0815,1.0494,1.0633,1.0407,1.0815,0.0342,0.1162,0.0292,LOW
VM_012,1378889700,1.0,0.9507,1.0514,0.9934,1.0717,1.0393,1.0528,1.0314,1.0717,0.0343,0.1162,0.0292,LOW
VM_012,1378890000,1.0,0.9498,1.0524,0.9966,1.0723,1.0351,1.0542,1.0317,1.0723,0.0344,0.0491,0.0208,LOW
VM_012,1378890300,2.0667,1.0297,1.0988,1.0078,1.1198,1.0806,1.0463,1.0645,1.1198,0.0335,0.2197,0.0414,MEDIUM
VM_012,1378890600,1.0,0.9547,1.0499,0.9909,1.0778,1.0399,1.0446,1.0308,1.0778,0.0339,0.2197,0.0428,MEDIUM
VM_012,1378890900,1.0,0.9564,1.0499,0.9894,1.0702,1.0284,1.0384,1.0245,1.0702,0.0324,0.2197,0.0417,MEDIUM
VM_012,1378891200,1.0,0.9477,1.0385,0.9778,1.068,1.0283,1.0376,1.0211,1.068,0.0334,0.2197,0.0424,MEDIUM
VM_012,1378891500,1.0,0.9534,1.0308,0.9623,1.0599,1.0275,1.0486,1.019,1.0599,0.033,0.2197,0.0408,MEDIUM
VM_012,1378891800,1.0,0.9366,1.017,0.9524,1.05,1.0148,1.0349,1.0074,1.05,0.0335,0.2197,0.0416,MEDIUM
VM_012,1378892100,1.0,0.9356,1.0109,0.945,1.0417,1.0046,1.0318,1.0004,1.0417,0.0326,0.2197,0.0408,MEDIUM
VM_012,1378892400,1.0,0.9279,1.009,0.9466,1.0448,0.9993,1.0241,0.9987,1.0448,0.0337,0.2197,0.042,MEDIUM
VM_012,1378892700,1.0,0.9412,1.0147,0.9464,1.0583,1.0253,1.0533,1.0142,1.0583,0.0369,0.2201,0.0421,MEDIUM
VM_012,1378893000,1.0,0.9244,0.9987,0.9374,1.0366,0.9904,1.0212,0.9912,1.0366,0.0331,0.2201,0.0415,MEDIUM
VM_012,1378893300,1.0,0.9169,0.9886,0.9286,1.0335,0.9856,1.0154,0.9853,1.0335,0.034,0.2201,0.042,MEDIUM
VM_012,1378893600,1.0,0.9196,0.993,0.9315,1.0312,0.9794,1.0101,0.9839,1.0312,0.0326,0.2201,0.0414,MEDIUM
VM_012,1378893900,1.0,0.9176,0.9868,0.9206,1.0261,0.9742,1.0051,0.979,1.0261,0.0327,0.2201,0.0411,MEDIUM
VM_012,1378894200,1.0,0.9156,0.9818,0.9141,1.0146,0.9622,0.9924,0.9695,1.0146,0.031,0.2201,0.0401,MEDIUM
VM_012,1378894500,1.0,0.9108,0.974,0.9082,1.0095,0.958,0.9905,0.9652,1.0095,0.0315,0.2201,0.0402,MEDIUM
VM_012,1378894800,1.0,0.9104,0.9729,0.9063,1.0035,0.9543,0.9882,0.9624,1.0035,0.0309,0.2201,0.0397,MEDIUM
VM_012,1378895100,1.0,0.9287,1.0002,0.9405,1.0252,0.9708,1.0165,0.9863,1.0269,0.0318,0.2201,0.0399,MEDIUM
VM_012,1378895400,1.0,0.9312,0.99,0.9218,1.0182,0.9772,1.0169,0.9842,1.0224,0.0319,0.2182,0.0399,MEDIUM
VM_012,1378895700,1.0,0.9356,0.9916,0.9228,1.0207,0.9818,1.0195,0.9873,1.0253,0.0319,0.2182,0.0401,MEDIUM
VM_012,1378896000,1.0,0.9166,0.9703,0.9092,0.9928,0.9494,1.0062,0.9646,1.0062,0.0314,0.2177,0.0394,MEDIUM
VM_012,1378896300,1.0,0.9091,0.9745,0.9194,1.0034,0.953,1.0119,0.9691,1.0134,0.0333,0.2177,0.0403,MEDIUM
VM_012,1378896600,1.0,0.9051,0.9505,0.8907,0.9812,0.9349,0.9832,0.9484,0.9924,0.0303,0.2177,0.04,MEDIUM
VM_012,1378896900,1.0,0.9169,0.9595,0.8966,0.9857,0.9494,0.9952,0.9585,0.9997,0.03,0.2177,0.0401,MEDIUM
VM_012,1378897200,1.0,0.9071,0.9483,0.8864,0.9735,0.9325,0.9808,0.9459,0.9909,0.0297,0.2177,0.0403,MEDIUM
VM_012,1378897500,1.0,0.9242,0.9749,0.9167,0.9947,0.9526,1.0068,0.97,1.0164,0.0306,0.0,0.0118,LOW
VM_012,1378897800,1.2,0.9291,0.9692,0.902,0.9915,0.9498,0.9933,0.9625,1.0081,0.0291,0.0408,0.0178,LOW
VM_012,1378898100,1.0,0.9152,0.9586,0.8975,0.9854,0.9477,0.9943,0.9585,1.0068,0.031,0.0408,0.0182,LOW
VM_012,1378898400,1.0,0.9137,0.9611,0.9027,0.9972,0.9515,0.9834,0.9611,1.017,0.0313,0.0408,0.0188,LOW
VM_012,1378898700,1.0,0.9184,0.9639,0.905,0.9959,0.9538,0.9832,0.9628,1.0181,0.0302,0.0408,0.0186,LOW
VM_012,1378899000,1.0,0.9119,0.9455,0.883,0.9769,0.9403,0.9755,0.9478,0.9938,0.0289,0.0408,0.0183,LOW
VM_012,1378899300,1.0,0.9204,0.949,0.8856,0.978,0.9424,0.9774,0.9506,0.9954,0.028,0.0408,0.0182,LOW
VM_012,1378899600,1.0,0.9167,0.9514,0.8923,0.9846,0.9445,0.9794,0.9533,0.9993,0.028,0.0408,0.0179,LOW
VM_012,1378899900,1.0,0.9286,0.959,0.8931,0.9866,0.9495,0.9844,0.9588,1.0007,0.0274,0.0408,0.018,LOW
VM_012,1378900200,1.0,0.9414,0.9584,0.8931,0.9866,0.9552,0.9881,0.9615,0.9996,0.0265,0.0408,0.0178,LOW
VM_012,1378900500,1.0,0.9423,0.953,0.8868,0.9818,0.9529,0.9897,0.9584,0.9923,0.0275,0.0408,0.0177,LOW
VM_012,1378900800,1.0,0.9454,0.9587,0.8913,0.9846,0.9531,0.9893,0.9615,0.9953,0.0269,0.0408,0.0175,LOW
VM_012,1378901100,1.0,0.951,0.9607,0.8908,0.9822,0.9487,0.9776,0.9588,0.9934,0.0253,0.0408,0.0174,LOW
VM_012,1378901400,1.0,0.9477,0.9468,0.8753,0.9662,0.9383,0.9689,0.9463,0.9741,0.0255,0.0408,0.0169,LOW
VM_012,1378901700,1.0,0.9569,0.9565,0.8844,0.9741,0.9473,0.9758,0.9546,0.9822,0.0255,0.0408,0.0168,LOW
VM_012,1378902000,1.0,0.9589,0.9549,0.8811,0.9691,0.9504,0.9797,0.9542,0.9844,0.0266,0.0408,0.0175,LOW
VM_012,1378902300,1.0667,0.9745,0.9713,0.8936,0.9787,0.9529,0.9755,0.9614,0.9866,0.0242,0.0425,0.0164,LOW
VM_012,1378902600,1.2,0.9874,0.9817,0.9028,0.9908,0.9678,0.9762,0.9712,0.9967,0.0239,0.0572,0.0185,LOW
VM_012,1378902900,1.0,0.9729,0.9755,0.9002,0.9837,0.964,0.9727,0.9652,0.9906,0.023,0.0572,0.018,LOW
VM_013,1378604100,0.0,0.0506,0.0238,0.0532,0.0,0.0189,0.0806,0.0429,0.139,0.0445,0.0,0.024,LOW
VM_013,1378604400,0.0,0.0519,0.0219,0.0529,0.0,0.0175,0.0798,0.0424,0.136,0.0438,0.0,0.0234,LOW
VM_013,1378604700,0.0,0.0466,0.0173,0.0522,0.0,0.0159,0.0779,0.0406,0.1336,0.0432,0.0,0.0231,LOW
VM_013,1378605000,0.0,0.0492,0.0167,0.0511,0.0,0.014,0.0791,0.0404,0.1347,0.0435,0.0,0.0235,LOW
VM_013,1378605300,0.0,0.0481,0.0152,0.0516,0.0,0.0115,0.0792,0.0399,0.1353,0.0437,0.0,0.0234,LOW
VM_013,1378605600,0.0,0.0572,0.0141,0.05,0.0,0.0069,0.0787,0.04,0.1331,0.0436,0.0,0.0225,LOW
VM_013,1378605900,0.0,0.0543,0.0124,0.0515,0.0,0.0072,0.0821,0.0402,0.136,0.0444,0.0,0.0228,LOW
VM_013,1378606200,0.0,0.0518,0.008,0.047,0.0,0.0039,0.0747,0.0366,0.1292,0.0423,0.0,0.0227,LOW
VM_013,1378606500,0.0,0.0463,0.0072,0.05,0.0,0.0057,0.0799,0.0376,0.1347,0.0438,0.0,0.0233,LOW
VM_013,1378606800,0.2,0.0536,0.0106,0.0556,0.0,0.0093,0.0794,0.0405,0.1364,0.0444,0.0408,0.0278,LOW
VM_013,1378607100,0.0,0.0472,0.0034,0.048,0.0,0.0023,0.0754,0.0355,0.1286,0.0423,0.0408,0.0278,LOW
VM_013,1378607400,0.0,0.0549,0.0051,0.0479,0.0,0.0023,0.0778,0.0367,0.1308,0.0432,0.0408,0.0279,LOW
VM_013,1378607700,0.0,0.0502,0.0028,0.0472,0.0,0.0015,0.0808,0.0363,0.1331,0.0439,0.0408,0.0286,LOW
VM_013,1378608000,0.0,0.0548,0.0001,0.0463,0.0,0.0,0.0798,0.0364,0.1299,0.0436,0.0408,0.0274,LOW
VM_013,1378608300,0.0,0.043,0.0,0.0426,0.0,0.0,0.0777,0.0336,0.1279,0.0424,0.0408,0.0282,LOW
VM_013,1378608600,0.0,0.0452,0.0,0.0433,0.0,0.0,0.08,0.0342,0.1296,0.043,0.0408,0.0283,LOW
VM_013,1378608900,0.0,0.0426,0.0,0.0435,0.0,0.0,0.0775,0.0332,0.1288,0.0424,0.0408,0.0285,LOW
VM_013,1378609200,0.0,0.0492,0.0022,0.0544,0.0,0.0,0.0914,0.0381,0.1413,0.0468,0.0408,0.0289,LOW
VM_013,1378609500,0.0,0.0455,0.0,0.0516,0.0,0.0,0.0843,0.0355,0.1359,0.0448,0.0408,0.0286,LOW
VM_013,1378609800,0.0,0.0402,0.0,0.0447,0.0,0.0,0.0714,0.0322,0.1253,0.0411,0.0408,0.0271,LOW
VM_013,1378610100,0.0,0.0351,0.0,0.0485,0.0,0.0,0.0736,0.0322,0.1291,0.0421,0.0408,0.0274,LOW
VM_013,1378610400,0.0,0.0408,0.0,0.0525,0.0,0.0,0.0819,0.0352,0.1369,0.0447,0.0408,0.0276,LOW
VM_013,1378610700,0.0,0.0387,0.0,0.0494,0.0,0.0,0.0724,0.0325,0.1296,0.042,0.0408,0.0271,LOW
VM_013,1378611000,0.0,0.0358,0.0,0.0464,0.0,0.0,0.0686,0.0312,0.127,0.0411,0.0408,0.0267,LOW
VM_013,1378611300,0.0,0.0323,0.0,0.0474,0.0,0.0,0.0693,0.0308,0.128,0.0415,0.0408,0.0268,LOW
VM_013,1378611600,0.0,0.0329,0.0,0.0513,0.0,0.0,0.0722,0.0324,0.131,0.0425,0.0408,0.0265,LOW
VM_013,1378611900,0.0,0.032,0.0,0.0543,0.0,0.0,0.0756,0.0329,0.1348,0.0436,0.0408,0.027,LOW
VM_013,1378612200,0.0,0.035,0.0,0.0518,0.0,0.0,0.0719,0.0317,0.1326,0.0428,0.0408,0.027,LOW
VM_013,1378612500,0.0,0.0323,0.0,0.0504,0.0,0.0,0.0677,0.0305,0.13,0.0418,0.0408,0.0266,LOW
VM_013,1378612800,0.0,0.038,0.0,0.0562,0.0,0.0,0.075,0.0339,0.1363,0.0438,0.0408,0.0265,LOW
VM_013,1378613100,0.0,0.0343,0.0,0.0556,0.0,0.0,0.0723,0.0325,0.1349,0.0433,0.0408,0.0266,LOW
VM_013,1378613400,0.0667,0.0406,0.0022,0.0579,0.0,0.0,0.0712,0.0337,0.135,0.0431,0.0425,0.0265,LOW
VM_013,1378613700,0.0,0.0383,0.0022,0.0589,0.0,0.0,0.0745,0.034,0.1386,0.044,0.0425,0.0272,LOW
VM_013,1378614000,0.2667,0.0514,0.019,0.0744,0.0,0.0001,0.0823,0.0426,0.1498,0.0466,0.0555,0.0282,LOW
VM_013,1378614300,0.0,0.0419,0.0081,0.0644,0.0,0.0,0.0708,0.0357,0.1369,0.043,0.0555,0.0277,LOW
VM_013,1378614600,0.0,0.0453,0.0137,0.0691,0.0,0.0,0.0728,0.0382,0.1389,0.0434,0.0555,0.0271,LOW
VM_013,1378614900,0.0,0.0439,0.0108,0.0646,0.0,0.0,0.0715,0.0365,0.1383,0.043,0.0555,0.0276,LOW
VM_013,1378615200,0.0,0.0433,0.0217,0.09,0.005,0.0213,0.099,0.056,0.1573,0.0459,0.0555,0.0251,LOW
VM_013,1378615500,0.0,0.047,0.0227,0.0885,0.0,0.018,0.1042,0.0534,0.163,0.0491,0.0555,0.0276,LOW
VM_013,1378615800,0.0,0.0598,0.0238,0.0684,0.0,0.0003,0.0798,0.0421,0.1446,0.0446,0.0555,0.0276,LOW
VM_013,1378616100,0.0,0.0515,0.0177,0.0673,0.0,0.0,0.0735,0.0396,0.1398,0.0428,0.0555,0.0271,LOW
VM_013,1378616400,0.0,0.0233,0.0046,0.0704,0.0,0.0131,0.08,0.0431,0.1483,0.0447,0.0555,0.0258,LOW
VM_013,1378616700,0.0,0.0303,0.0052,0.063,0.0,0.0,0.0657,0.0359,0.1368,0.0413,0.0555,0.026,LOW
VM_013,1378617000,0.0,0.0349,0.011,0.0692,0.0,0.0089,0.0744,0.0421,0.1435,0.0422,0.0555,0.0257,LOW
VM_013,1378617300,0.0,0.0308,0.0049,0.0582,0.0,0.0,0.0557,0.0328,0.1301,0.0387,0.0555,0.0258,LOW
VM_013,1378617600,0.0,0.0157,0.0007,0.0705,0.0,0.0115,0.0688,0.0419,0.1419,0.0421,0.0555,0.0241,LOW
VM_013,1378617900,0.0,0.0262,0.0046,0.0612,0.0,0.0,0.0546,0.0346,0.13,0.0381,0.0555,0.025,LOW
VM_013,1378618200,0.0,0.0289,0.0092,0.0663,0.0,0.0042,0.0644,0.0391,0.138,0.0399,0.0555,0.0254,LOW
VM_013,1378618500,0.0,0.0374,0.0142,0.0644,0.0,0.0015,0.0617,0.0381,0.1353,0.0389,0.0555,0.0259,LOW
VM_013,1378618800,0.0,0.0313,0.0132,0.0711,0.0,0.0088,0.0689,0.0435,0.1424,0.0404,0.0555,0.0251,LOW
VM_013,1378619100,0.0667,0.0369,0.0195,0.0718,0.0,0.0063,0.0685,0.0433,0.143,0.0403,0.0565,0.0261,LOW
VM_013,1378619400,0.0,0.0366,0.0188,0.0695,0.0,0.0049,0.0658,0.0421,0.1399,0.0394,0.0565,0.0258,LOW
VM_013,1378619700,0.0,0.039,0.0194,0.066,0.0,0.0038,0.06,0.0402,0.1346,0.0378,0.0565,0.0256,LOW
VM_013,1378620000,0.0,0.0327,0.0169,0.0709,0.0011,0.0093,0.0669,0.0448,0.1405,0.0392,0.0565,0.0247,LOW
VM_013,1378620300,0.0,0.0354,0.018,0.0667,0.0,0.006,0.0616,0.0417,0.1362,0.0379,0.0565,0.025,LOW
VM_013,1378620600,0.0,0.0397,0.0207,0.0673,0.0,0.0053,0.0626,0.0427,0.1367,0.038,0.0555,0.0249,LOW
VM_013,1378620900,0.0667,0.0422,0.0253,0.0701,0.0,0.0064,0.0641,0.044,0.1393,0.0384,0.0565,0.0255,LOW
VM_013,1378621200,0.1333,0.0521,0.0294,0.0712,0.0,0.0081,0.0571,0.045,0.1347,0.0369,0.0321,0.0213,LOW
VM_013,1378621500,0.0,0.0466,0.0256,0.0678,0.0,0.0053,0.0553,0.0424,0.131,0.0362,0.0321,0.0213,LOW
VM_013,1378621800,0.0,0.0479,0.0264,0.0682,0.0,0.0049,0.0551,0.0429,0.1311,0.0363,0.0321,0.0211,LOW
VM_013,1378622100,0.0,0.0486,0.0259,0.066,0.0,0.0025,0.0526,0.0415,0.1286,0.0358,0.0321,0.0211,LOW
VM_013,1378622400,0.0,0.0485,0.026,0.0706,0.0072,0.007,0.0579,0.0464,0.1327,0.0362,0.0321,0.0202,LOW
VM_013,1378622700,0.0,0.0486,0.0246,0.0648,0.0,0.0015,0.0516,0.0416,0.1272,0.0356,0.0321,0.0206,LOW
VM_013,1378623000,0.0,0.0503,0.0259,0.0663,0.002,0.0014,0.0527,0.0428,0.1282,0.036,0.0321,0.0205,LOW
VM_013,1378623300,0.0,0.0501,0.027,0.0666,0.0,0.0,0.0522,0.0419,0.1275,0.0363,0.0321,0.0209,LOW
VM_013,1378623600,0.0,0.0552,0.0307,0.0706,0.0048,0.0007,0.0569,0.0456,0.1311,0.0373,0.0321,0.0207,LOW
VM_013,1378623900,0.0,0.0525,0.027,0.067,0.0026,0.0,0.0467,0.0416,0.1224,0.0356,0.0321,0.0201,LOW
VM_013,1378624200,0.0,0.053,0.025,0.0635,0.0008,0.0,0.0411,0.0393,0.1173,0.0346,0.0321,0.0197,LOW
VM_013,1378624500,0.0,0.0542,0.0267,0.0655,0.0025,0.0,0.0417,0.0402,0.1173,0.0351,0.0321,0.0198,LOW
VM_013,1378624800,0.0,0.0529,0.025,0.066,0.0078,0.0,0.0398,0.041,0.1153,0.0346,0.0321,0.0189,LOW
VM_013,1378625100,0.0,0.0525,0.0261,0.0672,0.0065,0.0,0.0398,0.0405,0.1146,0.0353,0.0321,0.0193,LOW
VM_013,1378625400,0.0,0.0527,0.028,0.0695,0.0061,0.0,0.0449,0.042,0.119,0.0366,0.0321,0.02,LOW
VM_013,1378625700,0.0,0.0557,0.0302,0.0703,0.0056,0.0,0.0442,0.0421,0.1174,0.0366,0.0321,0.02,LOW
VM_013,1378626000,0.0,0.0549,0.0317,0.0757,0.014,0.0,0.0493,0.0458,0.1212,0.0382,0.0321,0.0201,LOW
VM_013,1378626300,0.0,0.0565,0.031,0.0718,0.0088,0.0,0.0436,0.0428,0.1151,0.0368,0.0299,0.0196,LOW
VM_013,1378626600,0.0,0.0579,0.0298,0.0691,0.0089,0.0,0.0389,0.0413,0.1097,0.0357,0.0299,0.0193,LOW
VM_013,1378626900,0.0,0.0569,0.0311,0.0718,0.0093,0.0,0.0426,0.0425,0.1121,0.0367,0.0299,0.0197,LOW
VM_013,1378627200,0.0,0.0545,0.0295,0.0707,0.0097,0.0,0.0408,0.0417,0.11,0.0364,0.0299,0.0197,LOW
VM_013,1378627500,0.0,0.0558,0.0294,0.0686,0.0062,0.0,0.0367,0.0398,0.1054,0.0356,0.0299,0.0196,LOW
VM_013,1378627800,0.0,0.0575,0.0313,0.071,0.0087,0.0,0.0409,0.0416,0.1078,0.0366,0.0299,0.0201,LOW
VM_013,1378628100,0.0667,0.0529,0.0341,0.0788,0.0129,0.0,0.0426,0.0443,0.1105,0.0389,0.0299,0.0205,LOW
VM_013,1378628400,0.0,0.0618,0.0364,0.0761,0.0111,0.0,0.0469,0.0447,0.1114,0.0385,0.0136,0.0187,LOW
VM_013,1378628700,0.0,0.0582,0.0318,0.0709,0.0113,0.0,0.0369,0.0409,0.1014,0.0362,0.0136,0.0179,LOW
VM_013,1378629000,0.0,0.0564,0.0314,0.0707,0.01,0.0,0.039,0.0408,0.1026,0.0366,0.0136,0.0184,LOW
VM_013,1378629300,0.0,0.0536,0.0305,0.0705,0.0107,0.0,0.0397,0.0407,0.103,0.0366,0.0136,0.0186,LOW
VM_013,1378629600,0.0,0.0564,0.0311,0.0703,0.0136,0.0,0.0386,0.0409,0.1039,0.0363,0.0136,0.0189,LOW
VM_013,1378629900,0.0,0.0527,0.0297,0.0693,0.0112,0.0,0.0391,0.0399,0.1037,0.0364,0.0136,0.0193,LOW
VM_013,1378630200,0.0,0.0538,0.0313,0.0707,0.0112,0.0,0.0416,0.0408,0.106,0.0371,0.0136,0.0198,LOW
VM_013,1378630500,0.0,0.0491,0.0303,0.0723,0.0134,0.0,0.0419,0.0411,0.1089,0.0375,0.0136,0.0203,LOW
VM_013,1378630800,0.0,0.052,0.0319,0.0731,0.0142,0.0,0.0413,0.0414,0.1108,0.0378,0.0136,0.0209,LOW
VM_013,1378631100,0.0,0.0443,0.0278,0.0717,0.0136,0.0,0.0384,0.0395,0.1106,0.0376,0.0136,0.0213,LOW
VM_013,1378631400,0.0,0.0423,0.0257,0.0704,0.0163,0.0,0.0346,0.0384,0.1105,0.0369,0.0136,0.0215,LOW
VM_013,1378631700,0.0,0.0388,0.0239,0.07,0.0168,0.0,0.0336,0.0377,0.1111,0.0369,0.0136,0.0219,LOW
VM_013,1378632000,0.0,0.0346,0.0224,0.0713,0.0185,0.0,0.0351,0.0381,0.1144,0.0378,0.0136,0.0226,LOW
VM_013,1378632300,0.0,0.0287,0.019,0.0697,0.0186,0.0,0.0316,0.0364,0.1136,0.0372,0.0136,0.0228,LOW
VM_013,1378632600,0.0,0.0241,0.017,0.0711,0.0208,0.0,0.0329,0.0368,0.1168,0.0382,0.0136,0.0233,LOW
VM_013,1378632900,0.0,0.0191,0.017,0.0754,0.0222,0.0,0.0399,0.0387,0.1224,0.0405,0.0136,0.0241,LOW
VM_013,1378633200,0.0,0.017,0.0149,0.0749,0.0248,0.0,0.0379,0.0383,0.1238,0.0406,0.0136,0.0247,LOW
VM_013,1378633500,0.0,0.0088,0.0121,0.0762,0.0259,0.0,0.038,0.0379,0.1257,0.0417,0.0136,0.025,LOW
VM_013,1378633800,0.0,0.0034,0.0095,0.0767,0.0268,0.0,0.0387,0.0376,0.1277,0.0426,0.0136,0.0256,LOW
VM_013,1378634100,0.0,0.0,0.0074,0.0776,0.0296,0.0,0.0389,0.0377,0.1295,0.0433,0.0136,0.0258,LOW
VM_013,1378634400,0.0,0.0,0.0,0.0794,0.0352,0.0,0.0417,0.0393,0.1356,0.0459,0.0136,0.0265,LOW
VM_013,1378634700,0.0,0.0,0.0082,0.0821,0.0335,0.0,0.0441,0.0399,0.1354,0.0452,0.0136,0.0265,LOW
VM_013,1378635000,0.0,0.0,0.0115,0.0834,0.0349,0.0,0.0447,0.0406,0.1367,0.0453,0.0136,0.0268,LOW
VM_013,1378635300,0.0,0.0,0.0061,0.0814,0.035,0.0,0.0434,0.0395,0.1356,0.045,0.0,0.025,LOW
VM_013,1378635600,0.1333,0.0,0.0,0.0872,0.0454,0.0,0.0431,0.042,0.1432,0.0483,0.0272,0.029,LOW
VM_013,1378635900,0.0,0.0,0.0,0.0816,0.0385,0.0,0.04,0.039,0.1368,0.0455,0.0272,0.0288,LOW
VM_013,1378636200,0.0,0.0,0.0,0.0824,0.042,0.0,0.0405,0.0394,0.1369,0.0456,0.0272,0.0286,LOW
VM_013,1378636500,0.0,0.0,0.0,0.0825,0.0345,0.0,0.0464,0.0394,0.1368,0.0457,0.0272,0.0293,LOW
VM_013,1378636800,0.0,0.0,0.0072,0.0927,0.0441,0.0,0.0581,0.0451,0.1459,0.0489,0.0272,0.0292,LOW
VM_013,1378637100,0.0,0.0,0.0073,0.094,0.04,0.0,0.0629,0.0453,0.1466,0.0495,0.0272,0.0297,MEDIUM
VM_013,1378637400,0.0,0.0,0.0049,0.0923,0.0407,0.0,0.0649,0.045,0.1444,0.049,0.0272,0.0294,LOW
VM_013,1378637700,0.0,0.0,0.0036,0.0889,0.0402,0.0,0.0598,0.0426,0.1397,0.0471,0.0272,0.029,LOW
VM_013,1378638000,0.0,0.0,0.0025,0.0875,0.04,0.0,0.0609,0.0421,0.138,0.0465,0.0272,0.029,LOW
VM_013,1378638300,0.0,0.0,0.003,0.0872,0.0348,0.0,0.064,0.0413,0.1358,0.0461,0.0272,0.0292,LOW
VM_013,1378638600,0.0,0.0,0.0029,0.086,0.0312,0.0,0.0634,0.0403,0.1337,0.0453,0.0272,0.0294,LOW
VM_013,1378638900,0.0,0.0,0.0015,0.0843,0.029,0.0,0.0626,0.039,0.1307,0.0443,0.0272,0.0293,LOW
VM_013,1378639200,0.0,0.0,0.0004,0.0829,0.0308,0.0,0.0612,0.0383,0.1292,0.0436,0.0272,0.0293,LOW
VM_013,1378639500,0.0,0.0,0.0,0.0828,0.0285,0.0,0.0628,0.0379,0.1281,0.0433,0.0272,0.0294,LOW
VM_013,1378639800,0.0,0.0,0.0,0.0831,0.0267,0.0,0.0652,0.0378,0.1274,0.0434,0.0272,0.0296,MEDIUM
VM_013,1378640100,0.0,0.0,0.0,0.0815,0.0238,0.0,0.0654,0.0368,0.1246,0.0425,0.0272,0.0296,MEDIUM
VM_013,1378640400,0.0,0.0,0.0,0.0802,0.0232,0.0,0.0657,0.0362,0.1227,0.0419,0.0272,0.0297,MEDIUM
VM_013,1378640700,0.0,0.0,0.0,0.0808,0.0202,0.0,0.0687,0.0361,0.1219,0.0421,0.0272,0.0298,MEDIUM
VM_013,1378641000,0.0,0.0,0.0,0.0791,0.0197,0.0,0.0682,0.0353,0.1195,0.0412,0.0272,0.0296,MEDIUM
VM_013,1378641300,1.8,0.2408,0.1281,0.1933,0.0,0.0,0.0,0.059,0.2408,0.0828,0.3672,0.094,MEDIUM
VM_013,1378641600,0.0,0.0,0.0,0.097,0.027,0.0,0.0517,0.0383,0.1411,0.046,0.3672,0.0795,MEDIUM
VM_013,1378641900,0.0,0.0246,0.0,0.1061,0.0375,0.0,0.0094,0.0283,0.1061,0.0378,0.3672,0.0711,MEDIUM
VM_013,1378642200,0.0,0.0,0.0,0.0691,0.0114,0.0,0.0633,0.031,0.1136,0.0378,0.3672,0.0756,MEDIUM
VM_013,1378642500,0.0,0.0,0.0309,0.1135,0.0463,0.0,0.0946,0.0509,0.1308,0.0455,0.3672,0.0696,MEDIUM
VM_013,1378642800,0.1333,0.0,0.0,0.0832,0.0167,0.0,0.0895,0.0373,0.1168,0.0435,0.3672,0.0731,MEDIUM
VM_013,1378643100,0.0,0.0,0.0126,0.0836,0.0449,0.0,0.0925,0.0428,0.1054,0.0396,0.3672,0.068,MEDIUM
VM_013,1378643400,0.0,0.0,0.0,0.0771,0.011,0.0,0.0837,0.0328,0.1035,0.0398,0.3672,0.0717,MEDIUM
VM_013,1378643700,0.0,0.0058,0.036,0.0917,0.0404,0.0,0.1344,0.0551,0.1344,0.0466,0.3672,0.0689,MEDIUM
VM_013,1378644000,0.0,0.0,0.0,0.0736,0.0062,0.0,0.0845,0.0309,0.0984,0.0389,0.3672,0.0715,MEDIUM
VM_013,1378644300,0.0,0.0,0.0035,0.0827,0.0153,0.0,0.0941,0.0359,0.1017,0.0409,0.3672,0.0704,MEDIUM
VM_013,1378644600,0.0,0.0,0.0,0.0674,0.0,0.0,0.0723,0.0261,0.0884,0.035,0.3672,0.0716,MEDIUM
VM_013,1378644900,0.0,0.0,0.0129,0.0887,0.0173,0.0,0.0959,0.038,0.1019,0.0412,0.3672,0.07,MEDIUM
VM_013,1378645200,0.0,0.0,0.0,0.0713,0.0,0.0,0.0761,0.0268,0.0885,0.0361,0.3672,0.0715,MEDIUM
VM_013,1378645500,0.0,0.0,0.0,0.0806,0.0051,0.0,0.0875,0.0314,0.0935,0.0394,0.3672,0.0707,MEDIUM
VM_013,1378645800,0.0,0.0,0.0,0.0738,0.0,0.0,0.0784,0.027,0.0871,0.0369,0.3672,0.0718,MEDIUM
VM_013,1378646100,0.0,0.0,0.0101,0.0862,0.0072,0.0,0.0974,0.0351,0.0974,0.0411,0.3672,0.071,MEDIUM
VM_013,1378646400,0.0,0.0,0.0,0.0631,0.0,0.0,0.0639,0.0217,0.075,0.0309,0.3672,0.0714,MEDIUM
VM_013,1378646700,0.0,0.0,0.0,0.0748,0.0,0.0,0.0827,0.0268,0.0827,0.037,0.3672,0.0711,MEDIUM
VM_013,1378647000,0.0,0.0,0.0,0.0667,0.0,0.0,0.071,0.0231,0.0724,0.0326,0.3672,0.071,MEDIUM
VM_013,1378647300,0.0,0.0,0.0043,0.0747,0.0,0.0,0.0826,0.0266,0.0826,0.036,0.3672,0.0713,MEDIUM
VM_013,1378647600,0.0,0.0,0.0,0.0665,0.0,0.0,0.0697,0.0225,0.0697,0.0318,0.3672,0.0709,MEDIUM
VM_013,1378647900,0.0,0.0,0.0,0.0676,0.0,0.0,0.0738,0.0232,0.0738,0.0325,0.3672,0.071,MEDIUM
VM_013,1378648200,0.0,0.0,0.0,0.0653,0.0,0.0,0.0686,0.0216,0.0686,0.0306,0.3672,0.0709,MEDIUM
VM_013,1378648500,0.0,0.0,0.0,0.0652,0.0,0.0,0.0772,0.0238,0.0772,0.0324,0.0272,0.027,LOW
VM_013,1378648800,0.0,0.0,0.0,0.066,0.0,0.0,0.0706,0.0221,0.0706,0.0309,0.0272,0.0274,LOW
VM_013,1378649100,0.0,0.0,0.0,0.0629,0.0,0.0,0.0735,0.0227,0.0735,0.0308,0.0272,0.0269,LOW
VM_013,1378649400,0.0,0.0,0.0,0.062,0.0,0.0,0.0666,0.0201,0.0666,0.0285,0.0272,0.0273,LOW
VM_013,1378649700,0.0,0.0,0.0,0.0596,0.0,0.0,0.0724,0.0216,0.0724,0.0294,0.0272,0.0268,LOW
VM_013,1378650000,0.0667,0.0,0.0,0.0659,0.0,0.0,0.0732,0.0224,0.0732,0.0303,0.0136,0.0258,LOW
VM_013,1378650300,0.0,0.0,0.0,0.0612,0.0,0.0,0.0713,0.0209,0.0713,0.0288,0.0136,0.0256,LOW
VM_013,1378650600,0.0,0.0,0.0,0.0601,0.0,0.0,0.0678,0.0198,0.0678,0.0275,0.0136,0.0256,LOW
VM_013,1378650900,0.0,0.0,0.0,0.0607,0.0,0.0,0.0789,0.022,0.0789,0.0299,0.0136,0.0263,LOW
VM_013,1378651200,0.0,0.0,0.0,0.0545,0.0,0.0,0.0654,0.018,0.0654,0.0256,0.0136,0.0257,LOW
VM_013,1378651500,0.0,0.0,0.0,0.0491,0.0,0.0,0.0624,0.0169,0.0624,0.0242,0.0136,0.0253,LOW
VM_013,1378651800,0.0,0.0,0.0,0.0552,0.0,0.0,0.0676,0.0191,0.0676,0.0265,0.0136,0.0256,LOW
VM_013,1378652100,0.0,0.0,0.0,0.0478,0.0,0.0,0.0629,0.0172,0.0629,0.0243,0.0136,0.025,LOW
VM_013,1378652400,0.0,0.0,0.0,0.0537,0.0,0.0,0.0649,0.0185,0.0649,0.0255,0.0136,0.0252,LOW
VM_013,1378652700,0.0,0.0,0.0,0.0478,0.0,0.0,0.0616,0.017,0.0616,0.0241,0.0136,0.0248,LOW
VM_013,1378653000,0.0,0.0,0.0,0.0485,0.0,0.0,0.0601,0.0167,0.0603,0.0237,0.0136,0.0246,LOW
VM_013,1378653300,0.0,0.0,0.0,0.0542,0.0,0.0,0.0653,0.0191,0.0677,0.0263,0.0136,0.0247,LOW
VM_013,1378653600,0.0,0.0,0.0147,0.0955,0.0,0.0,0.0851,0.0315,0.0955,0.037,0.0136,0.026,LOW
VM_013,1378653900,0.0,0.0,0.0025,0.0714,0.0,0.0,0.071,0.0243,0.0772,0.0309,0.0136,0.0244,LOW
VM_013,1378654200,0.0,0.0,0.0,0.0733,0.0,0.0,0.0658,0.0246,0.0783,0.0311,0.0136,0.0238,LOW
VM_013,1378654500,0.0,0.0,0.0,0.068,0.0,0.0,0.0634,0.0229,0.0778,0.0297,0.0136,0.0236,LOW
VM_013,1378654800,0.1333,0.0,0.0,0.0741,0.0,0.0,0.0611,0.025,0.0794,0.0313,0.0299,0.0244,LOW
VM_013,1378655100,0.0,0.0,0.0,0.0596,0.0,0.0,0.0542,0.0197,0.0702,0.0264,0.0299,0.0243,LOW
VM_013,1378655400,0.0,0.0,0.0,0.0612,0.0,0.0,0.054,0.0201,0.0711,0.0269,0.0299,0.0237,LOW
VM_013,1378655700,0.0,0.0099,0.0075,0.0682,0.0,0.0,0.0625,0.0246,0.0808,0.0296,0.0299,0.0241,LOW
VM_013,1378656000,0.0,0.0064,0.0025,0.0648,0.0,0.0,0.061,0.0224,0.0742,0.0286,0.0299,0.023,LOW
VM_013,1378656300,0.0,0.0,0.0,0.0546,0.0,0.0,0.0518,0.0191,0.0718,0.0266,0.0299,0.0228,LOW
VM_013,1378656600,0.0667,0.0,0.0,0.0597,0.0,0.0,0.0507,0.0207,0.0777,0.0285,0.0321,0.0228,LOW
VM_013,1378656900,0.0,0.0055,0.0021,0.0639,0.0,0.0,0.0549,0.0227,0.0807,0.0295,0.0321,0.0229,LOW
VM_013,1378657200,0.0667,0.0077,0.0051,0.0673,0.0,0.0,0.0582,0.025,0.0865,0.0316,0.0321,0.0222,LOW
VM_013,1378657500,0.0,0.0034,0.0,0.0615,0.0,0.0,0.0538,0.0224,0.082,0.0301,0.0321,0.0219,LOW
VM_013,1378657800,0.0,0.0002,0.0,0.0601,0.0,0.0,0.0551,0.0227,0.0848,0.0313,0.0321,0.022,LOW
VM_013,1378658100,0.0,0.0065,0.0003,0.0606,0.0,0.0,0.0581,0.0239,0.0887,0.0321,0.0321,0.0228,LOW
VM_013,1378658400,0.0,0.003,0.0032,0.0682,0.0,0.0,0.0618,0.0278,0.0946,0.0344,0.0321,0.0219,LOW
VM_013,1378658700,0.0,0.0,0.0,0.0586,0.0,0.0,0.0555,0.0233,0.0888,0.0326,0.0321,0.0225,LOW
VM_013,1378659000,0.0,0.0,0.0,0.0643,0.0,0.0,0.0586,0.0271,0.096,0.0344,0.0321,0.0226,LOW
VM_013,1378659300,0.0,0.0,0.0,0.055,0.0,0.0,0.0541,0.0236,0.0886,0.0321,0.0321,0.023,LOW
VM_013,1378659600,0.0,0.0,0.0,0.058,0.0,0.0,0.0575,0.0271,0.0947,0.0336,0.0321,0.0231,LOW
VM_013,1378659900,0.0,0.0011,0.0,0.0608,0.0,0.0,0.0577,0.0277,0.0977,0.0344,0.0321,0.0232,LOW
VM_013,1378660200,0.0,0.0,0.0,0.0523,0.0,0.0,0.0538,0.0258,0.0944,0.0332,0.0321,0.0239,LOW
VM_013,1378660500,0.0,0.0146,0.0,0.0597,0.0,0.0,0.0652,0.0342,0.1001,0.0348,0.0321,0.023,LOW
VM_013,1378660800,0.0,0.0134,0.0174,0.083,0.0,0.0,0.0755,0.0428,0.1132,0.0388,0.0321,0.022,LOW
VM_013,1378661100,0.0,0.0089,0.0086,0.0684,0.0,0.0,0.0662,0.0356,0.1078,0.0365,0.0321,0.0232,LOW
VM_013,1378661400,0.0,0.0066,0.0113,0.0706,0.0,0.0,0.066,0.0368,0.1118,0.0375,0.0321,0.0236,LOW
VM_013,1378661700,0.0,0.0012,0.004,0.0629,0.0,0.0,0.0606,0.0335,0.1089,0.0369,0.0321,0.024,LOW
VM_013,1378662000,0.0,0.0,0.0,0.0585,0.0,0.0,0.0549,0.0311,0.1051,0.0358,0.0188,0.0218,LOW
VM_013,1378662300,0.0,0.0,0.0053,0.0643,0.0,0.0,0.0606,0.0349,0.1111,0.0375,0.0188,0.022,LOW
VM_013,1378662600,0.0,0.0,0.0059,0.0563,0.0,0.0,0.0468,0.03,0.1064,0.0352,0.0188,0.0224,LOW
VM_013,1378662900,0.0,0.0013,0.0065,0.0617,0.0,0.0,0.0585,0.0347,0.1083,0.0365,0.0188,0.0219,LOW
VM_013,1378663200,0.0,0.0,0.0042,0.0595,0.0,0.0,0.0528,0.032,0.1054,0.0355,0.0188,0.0219,LOW
VM_013,1378663500,0.0,0.0,0.013,0.0649,0.0,0.0,0.0546,0.035,0.1118,0.0368,0.0188,0.0223,LOW
VM_013,1378663800,0.0,0.0,0.0109,0.0626,0.0,0.0,0.0534,0.0342,0.1086,0.0361,0.0136,0.0213,LOW
VM_013,1378664100,0.0,0.0,0.0145,0.0641,0.0,0.0,0.0521,0.0355,0.1103,0.0363,0.0136,0.0212,LOW
VM_013,1378664400,0.1429,0.004,0.0212,0.0691,0.0,0.0038,0.0523,0.0389,0.1137,0.0368,0.0292,0.0233,LOW
VM_013,1378664700,0.0,0.0018,0.02,0.0657,0.0,0.0,0.0482,0.0362,0.1096,0.0357,0.0292,0.023,LOW
VM_013,1378665000,0.0,0.001,0.0202,0.0646,0.0,0.0014,0.0462,0.0355,0.1079,0.0352,0.0292,0.0228,LOW
VM_013,1378665300,0.0,0.0035,0.0208,0.0631,0.0,0.0,0.046,0.0358,0.1073,0.0349,0.0292,0.0228,LOW
VM_013,1378665600,0.0,0.0026,0.0197,0.0575,0.0,0.0,0.0415,0.0324,0.1031,0.0335,0.0292,0.0231,LOW
VM_013,1378665900,0.0,0.0045,0.0244,0.0605,0.0,0.0,0.0426,0.0342,0.1063,0.0341,0.0292,0.0233,LOW
VM_013,1378666200,0.0,0.0046,0.023,0.0575,0.0,0.0,0.0394,0.0321,0.1022,0.0329,0.0292,0.0232,LOW
VM_013,1378666500,0.0,0.0023,0.024,0.0597,0.0,0.0,0.0408,0.0335,0.1043,0.0337,0.0292,0.0231,LOW
VM_013,1378666800,0.0,0.0024,0.0259,0.0599,0.0,0.0,0.0399,0.0331,0.1046,0.0336,0.0292,0.0235,LOW
VM_013,1378667100,0.0,0.0036,0.0278,0.0595,0.0,0.0,0.0381,0.0327,0.1044,0.0333,0.0292,0.0238,LOW
VM_013,1378667400,0.0,0.005,0.0269,0.0567,0.0,0.0,0.0355,0.0307,0.1015,0.0324,0.0292,0.0239,LOW
VM_013,1378667700,0.0,0.005,0.0273,0.057,0.0,0.0,0.0332,0.0312,0.1001,0.0321,0.0292,0.0235,LOW
VM_013,1378668000,0.0,0.0041,0.0271,0.0559,0.0,0.0,0.0296,0.0295,0.0978,0.0317,0.0292,0.0236,LOW
VM_013,1378668300,0.0,0.0066,0.0306,0.0583,0.0,0.0,0.0282,0.0305,0.0979,0.0317,0.0292,0.0236,LOW
VM_013,1378668600,0.0,0.0059,0.0333,0.0613,0.0,0.0,0.0244,0.0296,0.0971,0.0317,0.0292,0.0239,LOW
VM_013,1378668900,0.0,0.0063,0.0312,0.0582,0.0,0.0,0.0239,0.0297,0.0947,0.0312,0.0292,0.0232,LOW
VM_013,1378669200,0.0,0.0076,0.0307,0.0565,0.0,0.0,0.0209,0.0285,0.0911,0.0306,0.0292,0.0228,LOW
VM_013,1378669500,0.0,0.0075,0.0328,0.057,0.0,0.0,0.0178,0.0279,0.0907,0.0306,0.0292,0.0232,LOW
VM_013,1378669800,0.0,0.0089,0.0358,0.0593,0.0,0.0,0.0153,0.0277,0.0902,0.0308,0.0292,0.0235,LOW
VM_013,1378670100,0.0,0.0212,0.0403,0.0607,0.0,0.0,0.0146,0.0309,0.0884,0.0299,0.0292,0.0223,LOW
VM_013,1378670400,0.0,0.0096,0.0373,0.0606,0.0,0.0,0.0092,0.0273,0.0848,0.0302,0.0292,0.0225,LOW
VM_013,1378670700,0.0,0.0126,0.0418,0.0633,0.0,0.0,0.0089,0.0286,0.0871,0.0309,0.0292,0.0229,LOW
VM_013,1378671000,0.0,0.0122,0.0444,0.0671,0.0,0.0,0.0093,0.0295,0.0878,0.0315,0.0292,0.0229,LOW
VM_013,1378671300,0.0,0.0183,0.0503,0.0746,0.0,0.0005,0.016,0.0344,0.0976,0.0334,0.0292,0.0237,LOW
VM_013,1378671600,0.0667,0.0152,0.0515,0.0776,0.0,0.0045,0.0133,0.0346,0.0974,0.0338,0.0136,0.0217,LOW
VM_013,1378671900,0.0,0.0182,0.0516,0.0764,0.0,0.0043,0.0134,0.0352,0.0959,0.0332,0.0136,0.0211,LOW
VM_013,1378672200,0.0,0.0143,0.0521,0.079,0.0,0.0071,0.0138,0.0355,0.0968,0.0338,0.0136,0.0213,LOW
VM_013,1378672500,0.0,0.0231,0.0572,0.0817,0.0,0.007,0.0175,0.039,0.1001,0.0342,0.0136,0.0211,LOW
VM_013,1378672800,0.0,0.0158,0.0542,0.0792,0.0,0.0077,0.0115,0.0356,0.0944,0.0336,0.0136,0.0207,LOW
VM_013,1378673100,0.0,0.0204,0.0564,0.0796,0.0,0.0073,0.0118,0.0366,0.0949,0.0338,0.0136,0.0207,LOW
VM_013,1378673400,0.0,0.0213,0.0617,0.0858,0.0,0.0088,0.0158,0.0386,0.0997,0.0352,0.0136,0.0214,LOW
VM_013,1378673700,0.0,0.0279,0.0673,0.0906,0.0,0.0114,0.0223,0.0431,0.106,0.0363,0.0136,0.0216,LOW
VM_013,1378674000,0.0,0.0234,0.0659,0.091,0.0,0.0136,0.0201,0.0427,0.1029,0.036,0.0136,0.0208,LOW
VM_013,1378674300,0.0,0.0275,0.069,0.092,0.0,0.0134,0.0226,0.0437,0.107,0.0367,0.0136,0.0216,LOW
VM_013,1378674600,0.0,0.0254,0.0677,0.0903,0.0,0.0136,0.0187,0.0425,0.1025,0.036,0.0136,0.0208,LOW
VM_013,1378674900,0.0,0.0291,0.0673,0.0887,0.0,0.0141,0.0175,0.0434,0.1018,0.0356,0.0136,0.0202,LOW
VM_013,1378675200,0.0,0.0103,0.0613,0.0934,0.0,0.0224,0.0229,0.044,0.1057,0.0371,0.0136,0.0205,LOW
VM_013,1378675500,0.0,0.0168,0.0657,0.0956,0.0,0.024,0.0258,0.0463,0.1088,0.0375,0.0136,0.0207,LOW
VM_013,1378675800,0.0,0.015,0.0672,0.0989,0.0,0.0263,0.0287,0.0479,0.1116,0.0384,0.0136,0.0208,LOW
VM_013,1378676100,0.0,0.016,0.0677,0.0996,0.0,0.0289,0.0304,0.0496,0.1126,0.0387,0.0136,0.0204,LOW
VM_013,1378676400,0.0,0.011,0.0657,0.1004,0.0,0.0309,0.0312,0.0499,0.1129,0.0392,0.0136,0.0201,LOW
VM_013,1378676700,0.0,0.0115,0.0651,0.098,0.0,0.0325,0.0307,0.0498,0.1146,0.039,0.0136,0.0202,LOW
VM_013,1378677000,0.0,0.0113,0.0704,0.1071,0.0,0.0384,0.0422,0.0552,0.1236,0.0417,0.0136,0.0208,LOW
VM_013,1378677300,0.0,0.0132,0.0675,0.1013,0.0,0.0378,0.0381,0.0537,0.1212,0.0404,0.0136,0.0203,LOW
VM_013,1378677600,0.0,0.0106,0.0718,0.1076,0.0,0.0409,0.0474,0.057,0.1294,0.043,0.0136,0.0213,LOW
VM_013,1378677900,0.0,0.0101,0.0667,0.1012,0.0,0.043,0.0445,0.0558,0.1274,0.0417,0.0136,0.0205,LOW
VM_013,1378678200,0.0,0.0076,0.0704,0.1089,0.0,0.05,0.0554,0.0611,0.1349,0.0445,0.0136,0.0207,LOW
VM_013,1378678500,0.0,0.008,0.0679,0.1048,0.0,0.0488,0.0553,0.0598,0.1352,0.0442,0.0136,0.021,LOW
VM_013,1378678800,0.0,0.0081,0.0723,0.1101,0.0,0.055,0.063,0.0648,0.1412,0.0456,0.0,0.0193,LOW
VM_013,1378679100,0.0,0.0068,0.0684,0.1056,0.0,0.0539,0.0613,0.0628,0.141,0.0452,0.0,0.0194,LOW
VM_013,1378679400,0.0,0.0068,0.0698,0.1088,0.0,0.0584,0.0627,0.0653,0.1432,0.0452,0.0,0.0192,LOW
VM_013,1378679700,0.0,0.0,0.0589,0.1183,0.0096,0.0688,0.072,0.0761,0.158,0.0465,0.0,0.0212,LOW
VM_013,1378680000,0.0,0.0075,0.0746,0.1137,0.0,0.0692,0.0804,0.0738,0.1576,0.0483,0.0,0.0197,LOW
VM_013,1378680300,0.0,0.0176,0.071,0.0951,0.0,0.0488,0.0536,0.0599,0.1386,0.0423,0.0,0.0194,LOW
VM_013,1378680600,0.0,0.0095,0.0721,0.1079,0.0,0.0684,0.0792,0.0723,0.1574,0.0476,0.0,0.0198,LOW
VM_013,1378680900,0.0,0.0078,0.0656,0.0983,0.0,0.0601,0.066,0.0669,0.1512,0.0448,0.0,0.0191,LOW
VM_013,1378681200,0.0,0.008,0.0688,0.105,0.0,0.0708,0.0821,0.0738,0.1608,0.0479,0.0,0.0197,LOW
VM_013,1378681500,0.0,0.0111,0.0679,0.1009,0.0,0.0679,0.0794,0.0723,0.1594,0.0468,0.0,0.0196,LOW
VM_013,1378681800,0.0,0.0137,0.0686,0.1013,0.0,0.0711,0.0836,0.0742,0.163,0.0475,0.0,0.0198,LOW
VM_013,1378682100,0.0,0.0,0.0606,0.1043,0.0082,0.0761,0.0876,0.0785,0.1697,0.0491,0.0,0.0202,LOW
VM_013,1378682400,0.0,0.0127,0.065,0.0991,0.0,0.0739,0.0868,0.0748,0.1666,0.0483,0.0,0.0199,LOW
VM_013,1378682700,0.0,0.0113,0.0602,0.0954,0.0016,0.0742,0.0847,0.0741,0.1673,0.0478,0.0,0.0196,LOW
VM_013,1378683000,0.0,0.0211,0.0638,0.0931,0.0,0.0721,0.0887,0.0732,0.1657,0.0479,0.0,0.0205,LOW
VM_013,1378683300,0.0,0.0158,0.0599,0.0955,0.001,0.0752,0.0927,0.0762,0.1699,0.0489,0.0,0.02,LOW
VM_013,1378683600,0.0,0.0294,0.0665,0.0961,0.0,0.0751,0.0988,0.0772,0.1694,0.0488,0.0,0.0206,LOW
VM_013,1378683900,0.0,0.0284,0.0614,0.0898,0.0,0.0727,0.0931,0.0737,0.1663,0.048,0.0,0.0205,LOW
VM_013,1378684200,0.0,0.035,0.0652,0.0921,0.0,0.0713,0.1,0.0747,0.1659,0.049,0.0,0.0212,LOW
VM_013,1378684500,0.0,0.0338,0.0623,0.0925,0.0,0.0707,0.0971,0.075,0.1654,0.0479,0.0,0.0204,LOW
VM_013,1378684800,0.0,0.0335,0.0324,0.0904,0.0032,0.029,0.0484,0.0516,0.1308,0.0366,0.0,0.0151,LOW
VM_013,1378685100,0.0,0.0314,0.0409,0.0943,0.0024,0.0401,0.0732,0.0604,0.1466,0.0412,0.0,0.0171,LOW
VM_013,1378685400,0.0,0.0464,0.0522,0.1027,0.0021,0.0383,0.0577,0.0608,0.1375,0.0379,0.0,0.016,LOW
VM_013,1378685700,0.0,0.0327,0.0316,0.0889,0.0,0.0234,0.0555,0.0504,0.1294,0.0388,0.0,0.0159,LOW
VM_013,1378686000,0.2,0.0413,0.0367,0.1004,0.0067,0.029,0.0603,0.0585,0.1361,0.039,0.0408,0.0205,LOW
VM_013,1378686300,0.0,0.0336,0.0232,0.083,0.0,0.0125,0.0492,0.0438,0.1185,0.0383,0.0408,0.0207,LOW
VM_013,1378686600,0.0,0.0367,0.0255,0.0857,0.0,0.0177,0.0538,0.0468,0.124,0.0391,0.0408,0.021,LOW
VM_013,1378686900,0.0,0.0297,0.0163,0.0792,0.0,0.0091,0.0485,0.0413,0.1171,0.0388,0.0408,0.0206,LOW
VM_013,1378687200,0.0,0.0378,0.0218,0.0818,0.0,0.0195,0.0573,0.0467,0.1238,0.0388,0.0408,0.021,LOW
VM_013,1378687500,0.0,0.0299,0.0086,0.0696,0.0,0.0067,0.0432,0.0364,0.1112,0.0375,0.0408,0.0206,LOW
VM_013,1378687800,0.0,0.0344,0.0101,0.0678,0.0,0.0125,0.0512,0.0385,0.117,0.0388,0.0408,0.0215,LOW
VM_013,1378688100,0.0,0.031,0.0027,0.0624,0.0,0.0028,0.0437,0.0329,0.1076,0.0376,0.0408,0.0208,LOW
VM_013,1378688400,0.0,0.0317,0.0049,0.0653,0.0,0.01,0.0532,0.0365,0.1144,0.0394,0.0408,0.0214,LOW
VM_013,1378688700,0.0,0.0275,0.0,0.0572,0.0,0.0,0.0443,0.0307,0.1036,0.0371,0.0408,0.0211,LOW
VM_013,1378689000,0.0,0.03,0.0,0.0516,0.0,0.001,0.0416,0.0295,0.1026,0.0361,0.0408,0.0213,LOW
VM_013,1378689300,0.0,0.0251,0.0,0.0533,0.0,0.0,0.0422,0.0292,0.0993,0.0359,0.0408,0.0209,LOW
VM_013,1378689600,0.0667,0.036,0.0,0.0512,0.0,0.0001,0.0415,0.0295,0.1,0.0359,0.0425,0.0214,LOW
VM_013,1378689900,0.0,0.0299,0.0,0.0443,0.0,0.0,0.0376,0.0266,0.0931,0.0335,0.0425,0.0214,LOW
VM_013,1378690200,0.0,0.0385,0.0,0.0427,0.0,0.0,0.0386,0.0271,0.0946,0.0341,0.0425,0.0218,LOW
VM_013,1378690500,0.0,0.0343,0.0,0.0435,0.0,0.0,0.0397,0.0267,0.0946,0.0337,0.0425,0.022,LOW
VM_013,1378690800,0.1333,0.047,0.0,0.0533,0.0,0.0043,0.046,0.0311,0.1014,0.0366,0.0491,0.0226,LOW
VM_013,1378691100,0.0,0.0377,0.0,0.0448,0.0,0.0,0.0424,0.0269,0.0964,0.0342,0.0491,0.0234,LOW
VM_013,1378691400,0.0,0.0477,0.0,0.0434,0.0,0.0,0.0421,0.0272,0.0962,0.0346,0.0491,0.0234,LOW
VM_013,1378691700,0.0,0.0397,0.0,0.0419,0.0,0.0,0.0426,0.0261,0.0954,0.0339,0.0491,0.0236,LOW
VM_013,1378692000,0.0,0.0451,0.0,0.0438,0.0,0.0023,0.0484,0.028,0.1004,0.0358,0.0491,0.0241,LOW
VM_013,1378692300,0.0,0.0399,0.0,0.042,0.0,0.0,0.0486,0.0266,0.1005,0.0355,0.0491,0.0246,LOW
VM_013,1378692600,0.1333,0.0536,0.0,0.0445,0.0,0.0067,0.0512,0.0295,0.1044,0.0374,0.0544,0.0254,LOW
VM_013,1378692900,0.0,0.045,0.0,0.0412,0.0,0.0,0.0501,0.027,0.101,0.0356,0.0544,0.0256,LOW
VM_013,1378693200,0.0,0.0524,0.0,0.0447,0.0,0.0069,0.0581,0.0303,0.1068,0.0378,0.0392,0.024,LOW
VM_013,1378693500,0.0,0.0445,0.0,0.0371,0.0,0.0,0.0521,0.0267,0.101,0.0354,0.0392,0.0242,LOW
VM_013,1378693800,0.0,0.0476,0.0,0.0361,0.0,0.0021,0.0554,0.0277,0.104,0.0364,0.0392,0.0247,LOW
VM_013,1378694100,0.0,0.0403,0.0,0.0321,0.0,0.0,0.0558,0.0263,0.1023,0.0355,0.0392,0.0248,LOW
VM_013,1378694400,0.0,0.0378,0.0,0.033,0.0,0.0029,0.059,0.0273,0.1064,0.0366,0.0392,0.0254,LOW
VM_013,1378694700,0.0,0.0361,0.0,0.0278,0.0,0.0,0.0558,0.0254,0.1033,0.0352,0.0392,0.0258,LOW
VM_013,1378695000,0.0,0.0393,0.0,0.0238,0.0,0.0036,0.0592,0.0272,0.1077,0.0367,0.0392,0.0262,LOW
VM_013,1378695300,0.0,0.0402,0.0,0.0241,0.0,0.0,0.0581,0.0261,0.1063,0.0363,0.0392,0.0264,LOW
VM_013,1378695600,0.0,0.0488,0.0,0.0285,0.0,0.0047,0.0664,0.0298,0.1146,0.0391,0.0392,0.0267,LOW
VM_013,1378695900,0.0,0.047,0.0,0.0269,0.0,0.0032,0.0647,0.0288,0.1136,0.0384,0.0392,0.0269,LOW
VM_013,1378696200,0.0,0.0504,0.0,0.0228,0.0,0.0061,0.0655,0.0298,0.1164,0.0392,0.0392,0.0271,LOW
VM_013,1378696500,0.0,0.0504,0.0,0.0246,0.0,0.0063,0.0684,0.0303,0.1192,0.04,0.0392,0.0274,LOW
VM_013,1378696800,0.0,0.057,0.0,0.0204,0.0,0.0094,0.0696,0.0317,0.1224,0.0411,0.0376,0.0274,LOW
VM_013,1378697100,0.0,0.0557,0.0,0.0217,0.0,0.0105,0.0729,0.0323,0.1251,0.0418,0.0376,0.0278,LOW
VM_013,1378697400,0.0,0.0609,0.0,0.0249,0.0,0.0134,0.0779,0.0344,0.1307,0.0436,0.0376,0.0279,LOW
VM_013,1378697700,0.0,0.0604,0.0,0.0249,0.0,0.0165,0.0817,0.0356,0.1341,0.0445,0.0376,0.0283,LOW
VM_013,1378698000,0.0667,0.0657,0.0,0.0293,0.0,0.0231,0.0859,0.0388,0.1401,0.0464,0.0299,0.0271,LOW
VM_013,1378698300,0.0,0.0629,0.0,0.0228,0.0,0.0231,0.0873,0.0381,0.1414,0.0467,0.0299,0.0279,LOW
VM_013,1378698600,0.0,0.0689,0.0,0.0237,0.0,0.0272,0.0907,0.0401,0.1449,0.0481,0.0299,0.0278,LOW
VM_013,1378698900,0.0,0.0512,0.0,0.0253,0.0,0.0321,0.0934,0.0403,0.148,0.0483,0.0299,0.0275,LOW
VM_013,1378699200,0.0,0.0717,0.0046,0.0272,0.0,0.0351,0.1014,0.0443,0.155,0.051,0.0299,0.0283,LOW
VM_013,1378699500,0.0,0.0705,0.0038,0.0235,0.0,0.0352,0.0999,0.0437,0.1545,0.0508,0.0299,0.0284,LOW
VM_013,1378699800,0.0,0.0759,0.0083,0.0255,0.0,0.0403,0.1068,0.0469,0.1607,0.0529,0.0136,0.0265,LOW
VM_013,1378700100,0.0,0.0709,0.0068,0.0247,0.0,0.0417,0.1074,0.0467,0.162,0.0532,0.0136,0.0265,LOW
VM_013,1378700400,0.2,0.0834,0.0176,0.0291,0.0,0.0487,0.1063,0.0507,0.1645,0.0537,0.0425,0.0295,LOW
VM_013,1378700700,0.0,0.0748,0.0112,0.0249,0.0,0.0455,0.109,0.0485,0.1653,0.054,0.0425,0.0301,MEDIUM
VM_013,1378701000,0.0,0.0818,0.0127,0.0217,0.0,0.0499,0.108,0.0499,0.1652,0.0544,0.0425,0.0299,MEDIUM
VM_013,1378701300,0.0,0.0769,0.0092,0.0185,0.0,0.0496,0.1065,0.0487,0.1644,0.054,0.0425,0.0299,MEDIUM
VM_013,1378701600,0.0,0.0833,0.0121,0.0161,0.0,0.0541,0.1093,0.0507,0.1678,0.0554,0.0425,0.03,MEDIUM
VM_013,1378701900,0.0,0.079,0.0115,0.0172,0.0,0.0538,0.1112,0.0505,0.1702,0.0557,0.0425,0.03,MEDIUM
VM_013,1378702200,0.0,0.0853,0.0129,0.0146,0.0,0.0568,0.1114,0.0518,0.1705,0.0562,0.0425,0.03,MEDIUM
VM_013,1378702500,0.0,0.0775,0.0099,0.0159,0.0,0.0569,0.1101,0.0507,0.1701,0.0556,0.0425,0.0295,LOW
VM_013,1378702800,0.0,0.0819,0.0107,0.0143,0.0,0.06,0.1115,0.0521,0.1719,0.0566,0.0425,0.0295,LOW
VM_013,1378703100,0.0,0.0771,0.0078,0.0119,0.0,0.0588,0.1076,0.0503,0.1698,0.0556,0.0425,0.0291,LOW
VM_013,1378703400,0.0,0.0802,0.0082,0.0102,0.0,0.0577,0.1057,0.0499,0.1688,0.0552,0.0425,0.029,LOW
VM_013,1378703700,0.0,0.0777,0.0094,0.0131,0.0,0.0596,0.1084,0.0506,0.1716,0.0557,0.0425,0.029,LOW
VM_013,1378704000,0.0,0.084,0.0122,0.0118,0.0,0.0585,0.106,0.0504,0.1706,0.0552,0.0425,0.0292,LOW
VM_013,1378704300,0.0,0.0806,0.011,0.0114,0.0,0.0602,0.1067,0.0502,0.1719,0.0555,0.0425,0.0291,LOW
VM_013,1378704600,0.0,0.0832,0.0106,0.0094,0.0,0.0587,0.1045,0.0496,0.1704,0.055,0.0425,0.0288,LOW
VM_013,1378704900,0.0,0.0839,0.0121,0.0108,0.0,0.0626,0.1081,0.0512,0.1734,0.056,0.0425,0.0287,LOW
VM_013,1378705200,0.0,0.0915,0.0157,0.0117,0.0,0.0613,0.1094,0.0521,0.1745,0.0563,0.0408,0.0284,LOW
VM_013,1378705500,0.0,0.0906,0.0136,0.0071,0.0,0.0611,0.106,0.0507,0.172,0.0557,0.0408,0.0283,LOW
VM_013,1378705800,0.0,0.0956,0.0151,0.0058,0.0,0.0614,0.1061,0.0511,0.1714,0.0558,0.0408,0.028,LOW
VM_013,1378706100,0.0,0.0961,0.0147,0.0039,0.0,0.0629,0.1067,0.0513,0.1718,0.0562,0.0408,0.028,LOW
VM_013,1378706400,0.0,0.1005,0.018,0.0054,0.0,0.0625,0.1094,0.0524,0.1736,0.0565,0.0408,0.0279,LOW
VM_013,1378706700,0.0,0.0984,0.0171,0.0043,0.0,0.0618,0.1079,0.0516,0.1729,0.056,0.0408,0.0278,LOW
VM_013,1378707000,0.1333,0.1074,0.0218,0.005,0.0,0.0644,0.1023,0.053,0.1694,0.0549,0.0481,0.0276,LOW
VM_013,1378707300,0.0,0.1032,0.0211,0.0061,0.0,0.0617,0.1078,0.0527,0.1726,0.0552,0.0481,0.0282,LOW
VM_013,1378707600,0.0,0.1059,0.022,0.0054,0.0,0.0623,0.1072,0.0534,0.1721,0.0549,0.0272,0.0251,LOW
VM_013,1378707900,0.0,0.1057,0.0187,0.0,0.0,0.0594,0.1017,0.0508,0.1675,0.054,0.0272,0.0248,LOW
VM_013,1378708200,0.0,0.1071,0.0192,0.0,0.0,0.0588,0.1026,0.0512,0.1678,0.0539,0.0272,0.0247,LOW
VM_013,1378708500,0.0,0.1012,0.015,0.0,0.0,0.058,0.1022,0.0505,0.1676,0.0532,0.0272,0.0246,LOW
VM_013,1378708800,0.0,0.1109,0.0183,0.0,0.0,0.0562,0.1009,0.0507,0.1655,0.0533,0.0272,0.0244,LOW
VM_013,1378709100,0.0,0.1022,0.0157,0.0,0.0,0.0522,0.0969,0.0491,0.1619,0.0506,0.0272,0.0242,LOW
VM_013,1378709400,0.0,0.1091,0.0182,0.0,0.0,0.052,0.1014,0.0501,0.1654,0.0524,0.0272,0.0247,LOW
VM_013,1378709700,0.0,0.1056,0.0158,0.0,0.0,0.0502,0.0992,0.0495,0.1636,0.0511,0.0272,0.0245,LOW
VM_013,1378710000,0.0,0.1112,0.0192,0.0,0.0,0.049,0.1008,0.0507,0.1641,0.0513,0.0272,0.0243,LOW
VM_013,1378710300,0.0,0.1088,0.0139,0.0,0.0,0.0446,0.0929,0.0474,0.1573,0.0494,0.0272,0.0239,LOW
VM_013,1378710600,0.0,0.1113,0.0148,0.0,0.0,0.0425,0.0913,0.0472,0.1554,0.049,0.0272,0.0236,LOW
VM_013,1378710900,0.0,0.1077,0.013,0.0,0.0,0.0399,0.0898,0.0461,0.154,0.0481,0.0272,0.0237,LOW
VM_013,1378711200,0.0,0.1125,0.0144,0.0,0.0,0.0376,0.088,0.0458,0.1515,0.0479,0.0272,0.0234,LOW
VM_013,1378711500,0.0,0.1104,0.0145,0.0,0.0,0.0337,0.086,0.0446,0.1499,0.0472,0.0272,0.0236,LOW
VM_013,1378711800,0.0,0.1118,0.0163,0.0,0.0,0.0317,0.0855,0.045,0.149,0.0469,0.0272,0.0234,LOW
VM_013,1378712100,0.0,0.1068,0.015,0.0,0.0,0.0293,0.0826,0.0441,0.147,0.0457,0.0272,0.0232,LOW
VM_013,1378712400,0.0,0.1084,0.0132,0.0,0.0,0.0272,0.0784,0.0432,0.1427,0.0448,0.0272,0.0226,LOW
VM_013,1378712700,0.0,0.1051,0.0127,0.0,0.0,0.0226,0.075,0.0413,0.1401,0.0441,0.0272,0.0228,LOW
VM_013,1378713000,0.0,0.1066,0.0134,0.0,0.0,0.0186,0.0735,0.0406,0.138,0.044,0.0272,0.0226,LOW
VM_013,1378713300,0.0,0.0996,0.0119,0.0,0.0009,0.0166,0.0721,0.0401,0.1371,0.0429,0.0272,0.0226,LOW
VM_013,1378713600,0.0,0.0968,0.0119,0.0,0.0,0.0122,0.0695,0.0389,0.1351,0.0422,0.0272,0.0229,LOW
VM_013,1378713900,0.0,0.0914,0.0088,0.0,0.0,0.0088,0.0655,0.037,0.1313,0.041,0.0272,0.0227,LOW
VM_013,1378714200,0.1333,0.0967,0.0129,0.0,0.0039,0.0076,0.0578,0.0374,0.1262,0.0399,0.0272,0.0215,LOW
VM_013,1378714500,0.0,0.0854,0.0075,0.0,0.0,0.0007,0.0587,0.0348,0.1256,0.0396,0.0272,0.0224,LOW
VM_013,1378714800,0.0,0.0879,0.01,0.0004,0.0039,0.0,0.0584,0.036,0.1245,0.0395,0.0272,0.0219,LOW
VM_013,1378715100,0.0,0.0809,0.0075,0.0002,0.0014,0.0,0.0549,0.0341,0.1217,0.0385,0.0272,0.0222,LOW
VM_013,1378715400,0.0,0.0826,0.0071,0.0,0.0025,0.0,0.0544,0.0341,0.1198,0.0383,0.0272,0.0219,LOW
VM_013,1378715700,0.0,0.076,0.0031,0.0,0.0,0.0,0.0502,0.0317,0.116,0.0371,0.0272,0.022,LOW
VM_013,1378716000,0.0,0.0763,0.0061,0.0019,0.0031,0.0,0.0539,0.0339,0.1184,0.0379,0.0272,0.0222,LOW
VM_013,1378716300,0.0,0.0733,0.0021,0.0,0.0,0.0,0.0453,0.0302,0.1104,0.036,0.0272,0.0219,LOW
VM_013,1378716600,0.0,0.0716,0.0041,0.0029,0.0034,0.0,0.0471,0.0321,0.1116,0.0365,0.0272,0.022,LOW
VM_013,1378716900,0.0,0.0675,0.0006,0.0003,0.0001,0.0,0.041,0.029,0.1056,0.0354,0.0272,0.0219,LOW
VM_013,1378717200,0.0,0.0693,0.0017,0.0019,0.0029,0.0,0.0402,0.0298,0.1038,0.0353,0.0272,0.0217,LOW
VM_013,1378717500,0.0,0.0624,0.0,0.0011,0.0002,0.0,0.0363,0.0276,0.1,0.0344,0.0272,0.0221,LOW
VM_013,1378717800,0.0,0.0618,0.0,0.0019,0.0014,0.0,0.0348,0.0275,0.098,0.0343,0.0272,0.0222,LOW
VM_013,1378718100,0.0,0.0209,0.0033,0.0615,0.0665,0.0073,0.1019,0.0604,0.1478,0.052,0.0272,0.0219,LOW
VM_013,1378718400,0.0,0.0444,0.0,0.0145,0.0168,0.0,0.0426,0.0326,0.1031,0.0359,0.0272,0.0224,LOW
VM_013,1378718700,0.0,0.03,0.0,0.0282,0.0296,0.0,0.0573,0.0389,0.1143,0.0402,0.0272,0.0231,LOW
VM_013,1378719000,0.0,0.0424,0.0,0.0142,0.0156,0.0,0.0346,0.0304,0.0956,0.0351,0.0272,0.0227,LOW
VM_013,1378719300,0.0,0.0313,0.0,0.0256,0.03,0.0,0.051,0.0365,0.1063,0.0381,0.0272,0.0223,LOW
VM_013,1378719600,0.0,0.0385,0.0,0.0182,0.022,0.0,0.0365,0.0318,0.1008,0.0356,0.0272,0.0233,LOW
VM_013,1378719900,1.8667,0.3109,0.1124,0.0833,0.0,0.0,0.0,0.0487,0.3109,0.0873,0.3808,0.1084,MEDIUM
VM_013,1378720200,0.0,0.0231,0.0,0.0363,0.0291,0.0,0.0112,0.0321,0.1249,0.0401,0.3808,0.0775,MEDIUM
VM_013,1378720500,0.0,0.1126,0.0095,0.0398,0.045,0.0,0.0108,0.0353,0.1126,0.0369,0.3808,0.0691,MEDIUM
VM_013,1378720800,0.0,0.0151,0.0,0.0229,0.0341,0.0,0.0084,0.0281,0.1128,0.0363,0.3808,0.0738,MEDIUM
VM_013,1378721100,0.0,0.0557,0.0407,0.0674,0.0807,0.0145,0.0887,0.0687,0.1353,0.041,0.3808,0.0661,MEDIUM
VM_013,1378721400,0.2,0.0254,0.0048,0.0441,0.0506,0.0,0.0264,0.0384,0.1267,0.0409,0.3814,0.0718,MEDIUM
VM_013,1378721700,0.0,0.0601,0.0234,0.047,0.085,0.0,0.0702,0.059,0.1198,0.0399,0.3814,0.0643,MEDIUM
VM_013,1378722000,0.1333,0.0209,0.0054,0.0473,0.0594,0.0,0.033,0.0406,0.1277,0.0419,0.3811,0.0708,MEDIUM
VM_013,1378722300,0.0,0.0554,0.0439,0.0673,0.0807,0.0,0.0902,0.0678,0.1395,0.0433,0.3811,0.0657,MEDIUM
VM_013,1378722600,0.0,0.0124,0.0019,0.0458,0.0582,0.0,0.0444,0.0407,0.1267,0.042,0.3811,0.0707,MEDIUM
VM_013,1378722900,0.0,0.0195,0.0168,0.0629,0.0782,0.0,0.0648,0.0551,0.1427,0.0453,0.3811,0.0693,MEDIUM
VM_013,1378723200,0.0,0.0121,0.0011,0.0429,0.048,0.0,0.0404,0.037,0.1229,0.0403,0.3811,0.0723,MEDIUM
VM_013,1378723500,0.0,0.0199,0.017,0.0611,0.0776,0.0,0.0552,0.0527,0.1414,0.0441,0.3811,0.0701,MEDIUM
VM_013,1378723800,0.0,0.0022,0.0,0.0478,0.0573,0.0,0.0446,0.0393,0.1288,0.0428,0.3811,0.0721,MEDIUM
VM_013,1378724100,0.0,0.0181,0.0129,0.0592,0.0718,0.0,0.0552,0.0491,0.1384,0.0436,0.3811,0.0708,MEDIUM
VM_013,1378724400,0.0,0.0,0.0,0.0515,0.0577,0.0,0.0483,0.0398,0.131,0.0435,0.3811,0.0728,MEDIUM
VM_013,1378724700,0.0,0.0128,0.0062,0.0584,0.0714,0.0,0.057,0.0478,0.1388,0.0447,0.3811,0.0718,MEDIUM
VM_013,1378725000,0.0,0.0,0.0,0.0458,0.0549,0.0,0.0396,0.0356,0.1239,0.0408,0.3811,0.0723,MEDIUM
VM_013,1378725300,0.0,0.0067,0.0014,0.0582,0.067,0.0,0.0558,0.0437,0.1364,0.0448,0.3811,0.0728,MEDIUM
VM_013,1378725600,0.0,0.0,0.0,0.0464,0.053,0.0,0.0422,0.0351,0.1228,0.0402,0.3811,0.0727,MEDIUM
VM_013,1378725900,0.0,0.0046,0.0004,0.059,0.0588,0.0,0.0592,0.0417,0.133,0.0437,0.3811,0.0738,MEDIUM
VM_013,1378726200,0.0,0.0,0.0,0.0453,0.0486,0.0,0.0404,0.0333,0.1188,0.0384,0.3811,0.0731,MEDIUM
VM_013,1378726500,0.0,0.0,0.0,0.0512,0.0499,0.0,0.0483,0.0355,0.1231,0.0402,0.3811,0.0738,MEDIUM
VM_013,1378726800,0.0667,0.0,0.0,0.0513,0.0478,0.0,0.0436,0.0342,0.1212,0.0391,0.3807,0.0737,MEDIUM
VM_013,1378727100,0.0,0.0,0.0,0.0426,0.0432,0.0,0.0417,0.0317,0.1137,0.0366,0.0491,0.031,MEDIUM
VM_013,1378727400,0.0,0.0,0.0,0.0436,0.0422,0.0,0.0372,0.0302,0.1116,0.0351,0.0491,0.0308,MEDIUM
VM_013,1378727700,0.0,0.0,0.0,0.0387,0.0329,0.0,0.0394,0.0287,0.1068,0.0338,0.0491,0.0315,MEDIUM
VM_013,1378728000,0.0,0.0,0.0,0.0466,0.0372,0.0,0.0433,0.0304,0.1111,0.035,0.0491,0.0315,MEDIUM
VM_013,1378728300,0.0,0.0,0.0,0.041,0.0325,0.0,0.0429,0.03,0.1081,0.0349,0.0491,0.032,MEDIUM
VM_013,1378728600,0.2,0.0,0.0,0.0463,0.0356,0.0,0.0353,0.0279,0.1046,0.0325,0.0491,0.0306,MEDIUM
VM_013,1378728900,0.0,0.0,0.0,0.0437,0.0279,0.0,0.0448,0.0283,0.1046,0.033,0.0491,0.0322,MEDIUM
VM_013,1378729200,0.0,0.0,0.0,0.0463,0.0341,0.0,0.0452,0.0288,0.1049,0.0329,0.0425,0.0304,MEDIUM
VM_013,1378729500,0.0,0.0,0.0,0.0419,0.0322,0.0,0.0477,0.0279,0.1015,0.0319,0.0425,0.0303,MEDIUM
VM_013,1378729800,0.0,0.0,0.0,0.0419,0.0269,0.0,0.0478,0.0268,0.0987,0.031,0.0425,0.0304,MEDIUM
VM_013,1378730100,0.0,0.0,0.0,0.0305,0.0227,0.0,0.0404,0.0228,0.0881,0.0272,0.0425,0.0291,LOW
VM_013,1378730400,0.0,0.0,0.0,0.0362,0.0203,0.0,0.0484,0.0239,0.0895,0.0283,0.0425,0.0296,MEDIUM
VM_013,1378730700,0.0,0.0,0.0,0.0312,0.0244,0.0,0.0455,0.0243,0.0883,0.0284,0.0425,0.0286,LOW
VM_013,1378731000,0.0,0.0,0.0,0.0307,0.0161,0.0,0.0454,0.0212,0.0819,0.0257,0.0425,0.029,LOW
VM_013,1378731300,0.0,0.0,0.0,0.024,0.0164,0.0,0.0379,0.0192,0.0768,0.0236,0.0425,0.0281,LOW
VM_013,1378731600,0.0,0.0,0.0,0.0266,0.0076,0.0,0.0452,0.0185,0.075,0.0239,0.0425,0.0291,LOW
VM_013,1378731900,0.0,0.0,0.0,0.0253,0.0093,0.0,0.0429,0.0185,0.0734,0.0236,0.0425,0.0282,LOW
VM_013,1378732200,0.0,0.0,0.0,0.0213,0.0004,0.0,0.0392,0.0146,0.0656,0.0209,0.0425,0.0287,LOW
VM_013,1378732500,0.0,0.0,0.0,0.0203,0.0,0.0,0.0402,0.014,0.062,0.0205,0.0425,0.0284,LOW
VM_013,1378732800,0.0,0.0,0.0,0.0176,0.0,0.0,0.039,0.0124,0.0574,0.0193,0.0425,0.0285,LOW
VM_013,1378733100,0.0,0.0,0.0,0.0193,0.0,0.0,0.043,0.0128,0.0561,0.0197,0.0425,0.0285,LOW
VM_013,1378733400,0.0,0.0,0.0,0.0179,0.0,0.0,0.0452,0.0127,0.053,0.0195,0.0425,0.0285,LOW
VM_013,1378733700,0.0,0.0,0.0,0.0143,0.0,0.0,0.0424,0.0113,0.0465,0.0175,0.0425,0.0282,LOW
VM_013,1378734000,0.1333,0.0,0.0,0.022,0.0,0.0,0.0461,0.0129,0.0502,0.0193,0.0481,0.0289,LOW
VM_013,1378734300,0.0,0.0,0.0,0.0188,0.0,0.0,0.0499,0.0122,0.0499,0.0186,0.0481,0.0294,LOW
VM_013,1378734600,0.0,0.0,0.0,0.0108,0.0,0.0,0.0404,0.0093,0.0404,0.0146,0.0481,0.0283,LOW
VM_013,1378734900,0.0,0.0,0.0,0.0085,0.0,0.0,0.0436,0.009,0.0436,0.0147,0.0481,0.029,LOW
VM_013,1378735200,0.0,0.0,0.0,0.0062,0.0,0.0,0.0453,0.0087,0.0453,0.0147,0.0481,0.0289,LOW
VM_013,1378735500,0.0,0.0,0.0,0.0112,0.0,0.0,0.0523,0.0103,0.0523,0.0169,0.0481,0.0297,MEDIUM
VM_013,1378735800,0.0667,0.0,0.0,0.0109,0.0,0.0,0.0492,0.0095,0.0492,0.0157,0.0299,0.0267,LOW
VM_013,1378736100,0.0,0.0,0.0,0.0128,0.0,0.0,0.0529,0.0103,0.0529,0.017,0.0299,0.0271,LOW
VM_013,1378736400,0.0,0.0,0.0,0.0095,0.0,0.0,0.0494,0.009,0.0494,0.0154,0.0299,0.0266,LOW
VM_013,1378736700,0.0,0.0,0.0,0.0093,0.0,0.0,0.0503,0.0087,0.0503,0.0154,0.0299,0.0269,LOW
VM_013,1378737000,0.0,0.0,0.0,0.0063,0.0,0.0,0.0491,0.0079,0.0491,0.015,0.0299,0.0268,LOW
VM_013,1378737300,0.0,0.0,0.0,0.0079,0.0,0.0,0.0523,0.0084,0.0523,0.0161,0.0299,0.0271,LOW
VM_013,1378737600,0.0,0.0,0.0,0.0071,0.0,0.0,0.0511,0.0079,0.0511,0.0158,0.0299,0.0268,LOW
VM_013,1378737900,0.0,0.0,0.0,0.0077,0.0,0.0,0.0531,0.0079,0.0531,0.0163,0.0299,0.0271,LOW
VM_013,1378738200,0.0,0.0,0.0,0.0066,0.0,0.0,0.0517,0.0076,0.0517,0.016,0.0299,0.0268,LOW
VM_013,1378738500,0.0,0.0,0.0,0.0057,0.0,0.0,0.0502,0.0072,0.0502,0.0155,0.0299,0.0267,LOW
VM_013,1378738800,0.0,0.0,0.0,0.0067,0.0,0.0,0.051,0.0076,0.051,0.016,0.0299,0.0264,LOW
VM_013,1378739100,0.0,0.0,0.0,0.0077,0.0,0.0,0.056,0.0087,0.056,0.0172,0.0299,0.0266,LOW
VM_013,1378739400,0.0,0.0,0.0,0.0059,0.0,0.0,0.0482,0.0073,0.0482,0.0151,0.0299,0.0256,LOW
VM_013,1378739700,0.0,0.0,0.0,0.0072,0.0,0.0,0.0477,0.0075,0.0477,0.015,0.0299,0.0253,LOW
VM_013,1378740000,0.0,0.0,0.0,0.009,0.0,0.0,0.0487,0.0086,0.0487,0.0157,0.0299,0.0246,LOW
VM_013,1378740300,0.0,0.0,0.0,0.0092,0.0,0.0,0.0493,0.0089,0.0493,0.0159,0.0299,0.0244,LOW
VM_013,1378740600,0.0,0.0,0.0,0.0078,0.0,0.0,0.0434,0.0077,0.0434,0.014,0.0299,0.0237,LOW
VM_013,1378740900,0.0,0.0,0.0,0.0096,0.0,0.0,0.0433,0.0082,0.0433,0.0143,0.0299,0.0233,LOW
VM_013,1378741200,0.0,0.0,0.0,0.0108,0.0,0.0,0.0415,0.0084,0.0415,0.0142,0.0136,0.0205,LOW
VM_013,1378741500,0.0,0.0,0.0,0.0148,0.0,0.0,0.0432,0.0095,0.0432,0.0152,0.0136,0.0202,LOW
VM_013,1378741800,0.0,0.0,0.0,0.0157,0.0,0.0,0.0377,0.0091,0.0381,0.0142,0.0136,0.0192,LOW
VM_013,1378742100,0.0,0.0,0.0,0.0136,0.0,0.0,0.0346,0.0081,0.0346,0.0128,0.0136,0.0189,LOW
VM_013,1378742400,0.0,0.0,0.0,0.0172,0.0,0.0,0.0357,0.0091,0.037,0.0139,0.0136,0.0186,LOW
VM_013,1378742700,0.0,0.0,0.0,0.0179,0.0,0.0,0.0361,0.0095,0.038,0.0143,0.0136,0.0184,LOW
VM_013,1378743000,0.0,0.0,0.0,0.0187,0.0,0.0,0.0317,0.0093,0.0384,0.0139,0.0,0.0162,LOW
VM_013,1378743300,0.0,0.0,0.0,0.0208,0.0,0.0,0.0306,0.0097,0.04,0.0143,0.0,0.016,LOW
VM_013,1378743600,0.0,0.0,0.0,0.0225,0.0,0.0,0.0284,0.0099,0.041,0.0146,0.0,0.0157,LOW
VM_013,1378743900,0.0,0.0,0.0,0.0198,0.0,0.0,0.0266,0.0093,0.0381,0.0137,0.0,0.0152,LOW
VM_013,1378744200,0.0,0.0,0.0,0.0211,0.0,0.0,0.0242,0.0094,0.0391,0.0139,0.0,0.015,LOW
VM_013,1378744500,0.0,0.0,0.0,0.0185,0.0,0.0,0.021,0.0088,0.0373,0.0131,0.0,0.0146,LOW
VM_013,1378744800,0.0,0.0,0.0,0.0212,0.0,0.0,0.0195,0.0093,0.0394,0.0139,0.0,0.0144,LOW
VM_013,1378745100,0.0,0.0,0.0,0.0213,0.0,0.0,0.0187,0.0094,0.0399,0.0142,0.0,0.0142,LOW
VM_013,1378745400,0.0,0.0,0.0,0.0212,0.0,0.0,0.0174,0.0094,0.0399,0.0143,0.0,0.0139,LOW
VM_013,1378745700,0.0,0.0,0.0,0.02,0.0,0.0,0.0162,0.0094,0.0407,0.0145,0.0,0.0137,LOW
VM_013,1378746000,0.0,0.0,0.0,0.023,0.0,0.0,0.0143,0.0096,0.0418,0.0149,0.0,0.0135,LOW
VM_013,1378746300,0.0,0.0,0.0,0.0197,0.0,0.0,0.0157,0.0099,0.0437,0.0156,0.0,0.0134,LOW
VM_013,1378746600,0.0,0.0,0.0,0.0189,0.0,0.0,0.0137,0.0095,0.043,0.0153,0.0,0.0135,LOW
VM_013,1378746900,0.0,0.0,0.0,0.0172,0.0,0.0,0.0118,0.0091,0.0422,0.015,0.0,0.0135,LOW
VM_013,1378747200,0.0,0.0,0.0,0.0183,0.0,0.0,0.0104,0.0092,0.0433,0.0152,0.0,0.0135,LOW
VM_013,1378747500,0.0,0.0,0.0,0.0184,0.0,0.0,0.0113,0.0095,0.0445,0.0156,0.0,0.0137,LOW
VM_013,1378747800,0.0,0.0,0.0,0.0168,0.0,0.0,0.0073,0.0087,0.0424,0.0148,0.0,0.0136,LOW
VM_013,1378748100,0.0,0.0,0.0,0.0164,0.0,0.0,0.0059,0.0086,0.0435,0.015,0.0,0.014,LOW
VM_013,1378748400,0.0,0.0,0.0,0.0129,0.0,0.0,0.0002,0.0074,0.038,0.014,0.0,0.0135,LOW
VM_013,1378748700,0.0,0.0,0.0,0.0152,0.0,0.0,0.0037,0.0087,0.0422,0.0151,0.0,0.0137,LOW
VM_013,1378749000,0.0,0.0,0.0,0.0122,0.0,0.0,0.0,0.0073,0.0388,0.0139,0.0,0.0139,LOW
VM_013,1378749300,0.0,0.0,0.0,0.0124,0.0,0.0,0.0,0.0073,0.0382,0.014,0.0,0.0138,LOW
VM_013,1378749600,0.0,0.0,0.0,0.0135,0.0,0.0,0.0,0.0074,0.0397,0.014,0.0,0.014,LOW
VM_013,1378749900,0.0,0.0,0.0,0.016,0.0,0.0,0.0,0.0077,0.0381,0.0143,0.0,0.0133,LOW
VM_013,1378750200,0.0,0.0,0.0,0.0106,0.0,0.0,0.0,0.0067,0.0355,0.013,0.0,0.0136,LOW
VM_013,1378750500,0.0,0.0,0.0,0.0186,0.0,0.0,0.0,0.0088,0.0468,0.0163,0.0,0.0143,LOW
VM_013,1378750800,0.0667,0.0,0.0,0.0163,0.0,0.0,0.0,0.0084,0.0436,0.0157,0.0136,0.016,LOW
VM_013,1378751100,0.0,0.0,0.0,0.0141,0.0,0.0,0.0,0.0082,0.0417,0.0153,0.0136,0.0155,LOW
VM_013,1378751400,0.0,0.0,0.0,0.014,0.0,0.0,0.0,0.0079,0.0408,0.015,0.0136,0.0156,LOW
VM_013,1378751700,0.0,0.0,0.0,0.0124,0.0,0.0,0.0,0.008,0.0425,0.0154,0.0136,0.0158,LOW
VM_013,1378752000,0.0,0.0,0.0,0.0126,0.0,0.0,0.0,0.0082,0.043,0.0158,0.0136,0.0159,LOW
VM_013,1378752300,0.0,0.0,0.0,0.0168,0.0,0.0,0.0,0.0087,0.0441,0.0164,0.0136,0.0159,LOW
VM_013,1378752600,0.0,0.0,0.0,0.0151,0.0,0.0,0.0,0.0082,0.0443,0.0155,0.0136,0.016,LOW
VM_013,1378752900,0.0,0.0,0.0,0.0185,0.0,0.0,0.0,0.0088,0.0467,0.0162,0.0136,0.0161,LOW
VM_013,1378753200,0.0,0.0,0.0,0.0247,0.0,0.0,0.0,0.0098,0.0486,0.0174,0.0136,0.0159,LOW
VM_013,1378753500,0.0,0.0,0.0,0.029,0.0,0.0,0.0,0.0106,0.0503,0.0181,0.0136,0.0157,LOW
VM_013,1378753800,0.0,0.0,0.0,0.0272,0.0,0.0,0.0,0.0097,0.0491,0.0168,0.0136,0.0158,LOW
VM_013,1378754100,0.0,0.0,0.0,0.0293,0.0,0.0,0.0,0.01,0.05,0.017,0.0136,0.0158,LOW
VM_013,1378754400,0.0,0.0,0.0,0.0353,0.0,0.0,0.0,0.0108,0.0511,0.0181,0.0136,0.0155,LOW
VM_013,1378754700,0.0,0.0,0.0,0.0379,0.0,0.0,0.0,0.0114,0.0522,0.0183,0.0136,0.0154,LOW
VM_013,1378755000,0.0,0.0,0.0,0.0438,0.0,0.0,0.0,0.0126,0.0525,0.0191,0.0136,0.015,LOW
VM_013,1378755300,0.0,0.0,0.0,0.0453,0.0,0.0,0.0,0.0129,0.0536,0.0193,0.0136,0.015,LOW
VM_013,1378755600,0.0,0.0,0.0,0.0507,0.0,0.0,0.0,0.0146,0.0563,0.0208,0.0136,0.0147,LOW
VM_013,1378755900,0.0,0.0,0.0,0.0477,0.0,0.0,0.0,0.0139,0.0566,0.02,0.0136,0.0149,LOW
VM_013,1378756200,0.0,0.0,0.0006,0.0524,0.0,0.0,0.0,0.0148,0.0572,0.0209,0.0136,0.0146,LOW
VM_013,1378756500,0.0,0.0,0.0025,0.0545,0.0,0.0,0.0,0.0152,0.0573,0.0211,0.0136,0.0146,LOW
VM_013,1378756800,0.0,0.0,0.0049,0.0575,0.0,0.0,0.0,0.0162,0.0593,0.0218,0.0136,0.0145,LOW
VM_013,1378757100,0.0,0.0,0.0034,0.0559,0.0,0.0,0.0,0.0154,0.0589,0.0212,0.0136,0.0146,LOW
VM_013,1378757400,0.0,0.0,0.0075,0.0613,0.0,0.0,0.0,0.017,0.0613,0.0225,0.0136,0.0144,LOW
VM_013,1378757700,0.0,0.0,0.0101,0.0656,0.0,0.0,0.0,0.0182,0.0656,0.0237,0.0136,0.0149,LOW
VM_013,1378758000,0.0667,0.0031,0.0198,0.079,0.0,0.0,0.0,0.0237,0.079,0.0278,0.0136,0.0158,LOW
VM_013,1378758300,0.0,0.0,0.004,0.076,0.0,0.0,0.0,0.0215,0.076,0.0264,0.0136,0.0147,LOW
VM_013,1378758600,0.0,0.0057,0.0225,0.081,0.0,0.0,0.0,0.024,0.081,0.028,0.0136,0.0158,LOW
VM_013,1378758900,0.0,0.0036,0.0173,0.0707,0.0,0.0,0.0,0.0186,0.0707,0.0234,0.0136,0.0157,LOW
VM_013,1378759200,0.0,0.0074,0.0282,0.0876,0.0,0.0,0.0,0.0271,0.0876,0.0304,0.0136,0.0161,LOW
VM_013,1378759500,0.0,0.0,0.0146,0.0819,0.0,0.0,0.0,0.0242,0.0819,0.0287,0.0136,0.0147,LOW
VM_013,1378759800,0.0,0.0,0.021,0.0829,0.0,0.0,0.0,0.0245,0.0829,0.0291,0.0136,0.0149,LOW
VM_013,1378760100,0.0,0.0,0.0209,0.0858,0.0,0.0,0.0,0.0255,0.0858,0.0299,0.0136,0.0149,LOW
VM_013,1378760400,0.0,0.0027,0.0269,0.0899,0.0,0.0,0.0,0.0278,0.0899,0.0313,0.0136,0.0152,LOW
VM_013,1378760700,0.0,0.0,0.018,0.093,0.0,0.0,0.0,0.0287,0.093,0.033,0.0136,0.0153,LOW
VM_013,1378761000,0.0,0.0,0.025,0.09,0.0,0.0,0.0,0.0267,0.09,0.0317,0.0136,0.0152,LOW
VM_013,1378761300,0.0,0.0,0.0225,0.0967,0.0,0.0,0.0,0.0289,0.0967,0.0343,0.0136,0.0154,LOW
VM_013,1378761600,0.0,0.0,0.0324,0.1065,0.0,0.0,0.0,0.0347,0.1065,0.0385,0.0136,0.0155,LOW
VM_013,1378761900,0.0,0.0,0.02,0.1006,0.0,0.0,0.0,0.0339,0.1006,0.0374,0.0136,0.0158,LOW
VM_013,1378762200,0.0,0.0,0.0261,0.1027,0.0,0.0,0.0,0.0338,0.1027,0.0378,0.0136,0.0151,LOW
VM_013,1378762500,0.0,0.0,0.0244,0.1048,0.0,0.0005,0.0,0.0357,0.1048,0.0391,0.0136,0.0158,LOW
VM_013,1378762800,0.0,0.0,0.0311,0.1107,0.0,0.0031,0.0012,0.0387,0.1107,0.0407,0.0136,0.0156,LOW
VM_013,1378763100,0.0,0.0,0.0254,0.1101,0.0037,0.0046,0.0029,0.0402,0.1101,0.0409,0.0136,0.0167,LOW
VM_013,1378763400,0.0,0.0,0.0275,0.109,0.0,0.0044,0.0045,0.0393,0.109,0.0406,0.0136,0.0163,LOW
VM_013,1378763700,0.0,0.0,0.0261,0.1095,0.0015,0.0063,0.008,0.0411,0.1095,0.0411,0.0136,0.0168,LOW
VM_013,1378764000,0.0,0.0,0.0242,0.1057,0.0015,0.0075,0.0079,0.0402,0.1061,0.0403,0.0136,0.0164,LOW
VM_013,1378764300,0.0,0.0,0.0186,0.0999,0.0035,0.0073,0.005,0.0385,0.1062,0.0393,0.0136,0.0169,LOW
VM_013,1378764600,0.2,0.0,0.0266,0.1088,0.0108,0.0169,0.0084,0.0449,0.1153,0.0402,0.0425,0.0206,LOW
VM_013,1378764900,0.0,0.0,0.0247,0.1096,0.0022,0.0114,0.0139,0.0429,0.1107,0.0413,0.0425,0.0209,LOW
VM_013,1378765200,0.0667,0.0,0.0269,0.112,0.0093,0.0187,0.0146,0.0465,0.1171,0.0413,0.0425,0.0213,LOW
VM_013,1378765500,0.0,0.0,0.0212,0.1087,0.0086,0.0163,0.0183,0.0459,0.1171,0.0416,0.0425,0.0224,LOW
VM_013,1378765800,0.0,0.0,0.0191,0.1059,0.0023,0.0152,0.016,0.0433,0.1123,0.0409,0.0425,0.0219,LOW
VM_013,1378766100,0.0,0.0,0.0146,0.1018,0.0085,0.0185,0.0251,0.0463,0.1214,0.0417,0.0425,0.0239,LOW
VM_013,1378766400,0.0,0.0,0.0096,0.0928,0.0083,0.0208,0.023,0.044,0.1225,0.0404,0.0425,0.0243,LOW
VM_013,1378766700,0.0,0.0,0.0094,0.0958,0.0089,0.0204,0.0274,0.0457,0.1244,0.0415,0.0425,0.0249,LOW
VM_013,1378767000,0.0,0.0,0.0129,0.0994,0.0084,0.024,0.0338,0.0481,0.1282,0.0424,0.0425,0.0252,LOW
VM_013,1378767300,0.0,0.0,0.0114,0.0975,0.0076,0.0246,0.0354,0.0478,0.1296,0.0425,0.0425,0.0255,LOW
VM_013,1378767600,0.0,0.0,0.014,0.1004,0.01,0.028,0.0404,0.0505,0.1335,0.0432,0.0425,0.0256,LOW
VM_013,1378767900,0.0,0.0,0.0095,0.0957,0.0099,0.0271,0.0339,0.0478,0.1311,0.0421,0.0425,0.0259,LOW
VM_013,1378768200,0.0,0.0,0.0119,0.0992,0.012,0.0305,0.0391,0.0509,0.1348,0.043,0.0425,0.0261,LOW
VM_013,1378768500,0.0,0.0,0.0102,0.0965,0.0069,0.0305,0.0422,0.0494,0.1352,0.0436,0.0425,0.0262,LOW
VM_013,1378768800,0.0,0.0,0.0162,0.1006,0.01,0.0334,0.0461,0.0524,0.1372,0.0433,0.0425,0.0253,LOW
VM_013,1378769100,0.0,0.0,0.0125,0.0963,0.0059,0.0313,0.0438,0.0493,0.135,0.0431,0.0425,0.0253,LOW
VM_013,1378769400,0.0,0.0,0.0166,0.0995,0.0059,0.0339,0.0519,0.0521,0.1383,0.0441,0.0425,0.025,LOW
VM_013,1378769700,0.0,0.0,0.0102,0.0913,0.0004,0.0306,0.0444,0.0466,0.1328,0.0428,0.0425,0.0246,LOW
VM_013,1378770000,0.1333,0.0,0.0182,0.1003,0.0076,0.0367,0.0492,0.0529,0.1392,0.0432,0.0491,0.025,LOW
VM_013,1378770300,0.0,0.0,0.0106,0.0909,0.0,0.0294,0.0473,0.0458,0.1309,0.0428,0.0491,0.0246,LOW
VM_013,1378770600,0.0,0.0,0.0153,0.0945,0.0,0.0316,0.052,0.0482,0.1328,0.0432,0.0491,0.024,LOW
VM_013,1378770900,0.0,0.0,0.0081,0.0869,0.0,0.0264,0.0461,0.0426,0.1265,0.0422,0.0491,0.0238,LOW
VM_013,1378771200,0.0,0.0,0.0,0.0811,0.0081,0.0,0.0398,0.023,0.0811,0.0299,0.0491,0.0197,LOW
VM_013,1378771500,0.0,0.0,0.0,0.0737,0.0,0.0,0.0496,0.0221,0.0737,0.0289,0.0491,0.0197,LOW
VM_013,1378771800,0.0667,0.0,0.0057,0.0865,0.0045,0.0,0.0469,0.025,0.0865,0.0303,0.0321,0.0172,LOW
VM_013,1378772100,0.0,0.0,0.0,0.0725,0.0,0.0,0.0494,0.0207,0.0725,0.027,0.0321,0.0164,LOW
VM_013,1378772400,0.0,0.0,0.0,0.0739,0.0,0.0,0.0602,0.0238,0.0739,0.0299,0.0299,0.0168,LOW
VM_013,1378772700,0.0,0.0,0.0,0.0675,0.0,0.0,0.0559,0.0212,0.0675,0.0268,0.0299,0.0164,LOW
VM_013,1378773000,0.0,0.0,0.0,0.0752,0.0,0.0,0.0567,0.0225,0.0752,0.0286,0.0299,0.0168,LOW
VM_013,1378773300,0.0,0.0,0.0,0.0735,0.0,0.0,0.0508,0.0207,0.0735,0.0267,0.0299,0.0171,LOW
VM_013,1378773600,0.0,0.0,0.0,0.0776,0.0,0.0,0.0623,0.0239,0.0776,0.0298,0.0299,0.0168,LOW
VM_013,1378773900,0.0,0.0,0.0,0.0751,0.0,0.0,0.0569,0.0224,0.0751,0.028,0.0299,0.0171,LOW
VM_013,1378774200,0.0,0.0,0.0,0.0781,0.0,0.0,0.0623,0.0242,0.0781,0.0299,0.0299,0.0168,LOW
VM_013,1378774500,0.0,0.0,0.0,0.0772,0.0,0.0,0.0599,0.023,0.0772,0.0286,0.0299,0.0173,LOW
VM_013,1378774800,0.0,0.0,0.0,0.0751,0.0,0.0,0.0605,0.0232,0.0751,0.0286,0.0299,0.0173,LOW
VM_013,1378775100,0.0,0.0,0.0,0.072,0.0,0.0,0.0572,0.0216,0.072,0.0269,0.0299,0.0177,LOW
VM_013,1378775400,0.0,0.0,0.0,0.0761,0.0,0.0,0.0608,0.0229,0.0761,0.0284,0.0299,0.0181,LOW
VM_013,1378775700,0.0,0.0,0.0,0.0771,0.0,0.0,0.0617,0.023,0.0771,0.0286,0.0299,0.0186,LOW
VM_013,1378776000,0.0,0.0,0.0077,0.0812,0.0,0.0,0.0679,0.0258,0.0812,0.0307,0.0299,0.0189,LOW
VM_013,1378776300,0.0,0.0,0.0054,0.077,0.0,0.0,0.0658,0.0245,0.077,0.0296,0.0299,0.0191,LOW
VM_013,1378776600,0.0,0.0,0.0082,0.0764,0.0,0.0,0.0687,0.0255,0.0764,0.0305,0.0299,0.0192,LOW
VM_013,1378776900,0.0,0.0,0.0083,0.0759,0.0,0.0,0.0699,0.0254,0.0759,0.0306,0.0299,0.0196,LOW
VM_013,1378777200,0.0,0.0072,0.0142,0.0798,0.0,0.0029,0.0766,0.0286,0.0798,0.0322,0.0136,0.0178,LOW
VM_013,1378777500,0.0,0.0025,0.0141,0.0816,0.0,0.005,0.0776,0.0289,0.0816,0.0331,0.0136,0.0181,LOW
VM_013,1378777800,0.0,0.0163,0.0224,0.0846,0.0,0.0077,0.0832,0.0324,0.0846,0.034,0.0136,0.0186,LOW
VM_013,1378778100,0.0,0.0132,0.0217,0.0844,0.0,0.0098,0.0841,0.0328,0.0844,0.0344,0.0136,0.0188,LOW
VM_013,1378778400,0.0,0.0209,0.025,0.0847,0.0,0.0159,0.0893,0.0362,0.0893,0.0353,0.0136,0.0194,LOW
VM_013,1378778700,0.0,0.0184,0.0267,0.0891,0.0,0.0196,0.0935,0.0381,0.0935,0.0368,0.0136,0.0196,LOW
VM_013,1378779000,0.0,0.0252,0.0281,0.0842,0.0,0.0235,0.0952,0.0395,0.0952,0.0367,0.0,0.0185,LOW
VM_013,1378779300,0.0,0.0268,0.033,0.0899,0.0,0.0303,0.1041,0.044,0.1041,0.0392,0.0,0.019,LOW
VM_013,1378779600,0.0,0.0339,0.035,0.0864,0.0,0.0348,0.1085,0.0462,0.1085,0.0401,0.0,0.0199,LOW
VM_013,1378779900,0.0,0.0332,0.038,0.0898,0.0,0.042,0.1167,0.05,0.1167,0.0427,0.0,0.0204,LOW
VM_013,1378780200,0.0,0.0402,0.0402,0.0868,0.0,0.0456,0.1199,0.0517,0.1199,0.0438,0.0,0.0211,LOW
VM_013,1378780500,0.0,0.0431,0.0442,0.0884,0.0,0.0516,0.1275,0.0552,0.1275,0.0461,0.0,0.0218,LOW
VM_013,1378780800,0.0,0.0443,0.044,0.0874,0.0,0.0554,0.13,0.0566,0.13,0.0472,0.0,0.022,LOW
VM_013,1378781100,0.0,0.0466,0.0484,0.0905,0.0,0.0627,0.1397,0.0613,0.1397,0.0498,0.0,0.0228,LOW
VM_013,1378781400,0.0,0.0535,0.0498,0.0869,0.0,0.0654,0.1413,0.0627,0.1413,0.0507,0.0,0.0231,LOW
VM_013,1378781700,0.0,0.0565,0.0518,0.0862,0.0,0.0702,0.1468,0.0655,0.1468,0.0523,0.0,0.0237,LOW
VM_013,1378782000,0.0,0.0614,0.0526,0.084,0.0,0.0736,0.1501,0.0674,0.1501,0.0534,0.0,0.024,LOW
VM_013,1378782300,0.0,0.062,0.0554,0.0874,0.0,0.0795,0.1584,0.071,0.1584,0.0557,0.0,0.0247,LOW
VM_013,1378782600,0.0,0.0664,0.0552,0.0822,0.0,0.0814,0.1595,0.0712,0.1595,0.057,0.0,0.0252,LOW
VM_013,1378782900,0.0,0.0686,0.0588,0.0862,0.0,0.0865,0.1678,0.0748,0.1678,0.0594,0.0,0.0259,LOW
VM_013,1378783200,0.0,0.0729,0.0588,0.0825,0.0,0.0885,0.1697,0.0758,0.1697,0.0605,0.0,0.0262,LOW
VM_013,1378783500,0.0,0.0727,0.0589,0.0823,0.0,0.0929,0.1741,0.0778,0.1741,0.062,0.0,0.0266,LOW
VM_013,1378783800,0.0,0.0767,0.0594,0.0817,0.0,0.096,0.1787,0.0799,0.1787,0.0635,0.0,0.027,LOW
VM_013,1378784100,0.0,0.0786,0.0568,0.0746,0.0,0.0965,0.177,0.0787,0.177,0.0641,0.0,0.0273,LOW
VM_013,1378784400,0.0,0.0817,0.057,0.0748,0.0,0.0994,0.1812,0.0806,0.1812,0.0653,0.0,0.0275,LOW
VM_013,1378784700,0.0,0.0832,0.0561,0.0706,0.0,0.1017,0.1834,0.0806,0.1834,0.0668,0.0,0.0282,LOW
VM_013,1378785000,0.0,0.0871,0.0565,0.0679,0.0,0.1044,0.1859,0.0818,0.1859,0.0679,0.0,0.0287,LOW
VM_013,1378785300,0.0,0.0897,0.0581,0.0654,0.0,0.1043,0.1864,0.0817,0.1864,0.0685,0.0,0.0288,LOW
VM_013,1378785600,0.0,0.0931,0.0588,0.0616,0.0,0.1053,0.1869,0.0821,0.1875,0.0691,0.0,0.0289,LOW
VM_013,1378785900,0.0,0.0949,0.06,0.0597,0.0,0.1057,0.1854,0.082,0.1883,0.069,0.0,0.0288,LOW
VM_013,1378786200,0.0,0.0981,0.065,0.063,0.0,0.1091,0.1921,0.0847,0.1942,0.0707,0.0,0.0289,LOW
VM_013,1378786500,0.0,0.0986,0.0673,0.0639,0.0,0.1108,0.1944,0.0857,0.1983,0.0716,0.0,0.029,LOW
VM_013,1378786800,0.0,0.1013,0.0712,0.066,0.0,0.1128,0.1995,0.088,0.2037,0.0729,0.0,0.0291,LOW
VM_013,1378787100,0.0,0.1002,0.0679,0.0583,0.0,0.1137,0.1963,0.0864,0.2033,0.0732,0.0,0.0294,LOW
VM_013,1378787400,0.0,0.1079,0.0698,0.053,0.0,0.1146,0.1964,0.087,0.204,0.0737,0.0,0.0296,MEDIUM
VM_013,1378787700,0.0,0.1093,0.0686,0.0468,0.0,0.1151,0.1941,0.0861,0.2032,0.0736,0.0,0.0297,MEDIUM
VM_013,1378788000,0.0,0.1155,0.0723,0.0452,0.0,0.1166,0.1965,0.0876,0.2056,0.0745,0.0,0.0297,MEDIUM
VM_013,1378788300,0.0,0.113,0.0719,0.0435,0.0,0.1171,0.1964,0.087,0.207,0.0748,0.0,0.0297,MEDIUM
VM_013,1378788600,0.0,0.1178,0.0754,0.0429,0.0,0.1179,0.2,0.0882,0.2105,0.076,0.0,0.03,MEDIUM
VM_013,1378788900,0.0,0.116,0.0736,0.0395,0.0,0.1179,0.1989,0.0875,0.2112,0.0762,0.0,0.03,MEDIUM
VM_013,1378789200,0.0,0.1197,0.0755,0.0382,0.0,0.1182,0.2007,0.0883,0.2133,0.0768,0.0,0.0299,MEDIUM
VM_013,1378789500,0.0,0.1171,0.0737,0.035,0.0,0.118,0.1985,0.087,0.2128,0.0765,0.0,0.0298,MEDIUM
VM_013,1378789800,0.0,0.1232,0.0745,0.0294,0.0,0.1162,0.1961,0.0862,0.2116,0.0765,0.0,0.0299,MEDIUM
VM_013,1378790100,0.0,0.1226,0.072,0.0243,0.0,0.1151,0.1931,0.0846,0.2101,0.0762,0.0,0.0299,MEDIUM
VM_013,1378790400,0.0,0.1194,0.0732,0.0278,0.0,0.1151,0.1948,0.0848,0.2114,0.076,0.0,0.0292,LOW
VM_013,1378790700,0.0,0.122,0.0751,0.0253,0.0,0.117,0.1984,0.0854,0.2157,0.0776,0.0,0.0298,MEDIUM
VM_013,1378791000,0.0,0.1261,0.0762,0.024,0.0,0.1181,0.2001,0.0865,0.2173,0.0783,0.0,0.0299,MEDIUM
VM_013,1378791300,0.0,0.1284,0.0745,0.0175,0.0,0.1163,0.1934,0.0843,0.2123,0.077,0.0,0.0295,LOW
VM_013,1378791600,0.0,0.1326,0.0726,0.0106,0.0,0.1149,0.1876,0.0828,0.2073,0.0759,0.0,0.0292,LOW
VM_013,1378791900,0.0,0.1334,0.0758,0.0139,0.0,0.1178,0.191,0.0843,0.2097,0.0762,0.0,0.0287,LOW
VM_013,1378792200,0.0,0.1387,0.0744,0.0054,0.0,0.1144,0.1835,0.0818,0.2038,0.0752,0.0,0.0285,LOW
VM_013,1378792500,0.0,0.1411,0.0758,0.0046,0.0,0.1143,0.1824,0.0815,0.2026,0.0749,0.0,0.0282,LOW
VM_013,1378792800,0.0,0.1437,0.079,0.0081,0.0,0.1132,0.1855,0.0823,0.2042,0.075,0.0,0.0278,LOW
VM_013,1378793100,0.0,0.1457,0.0761,0.0,0.0,0.1125,0.1781,0.0802,0.1986,0.074,0.0,0.0275,LOW
VM_013,1378793400,0.0,0.1519,0.0776,0.0,0.0,0.1099,0.1755,0.0797,0.1948,0.0732,0.0,0.0269,LOW
VM_013,1378793700,0.0,0.1538,0.0785,0.0,0.0,0.1093,0.1744,0.0791,0.1928,0.0727,0.0,0.0264,LOW
VM_013,1378794000,0.0,0.1591,0.0787,0.0,0.0,0.107,0.1686,0.0781,0.1866,0.0712,0.0,0.0256,LOW
VM_013,1378794300,0.0,0.1582,0.0788,0.0,0.0,0.1051,0.1672,0.0769,0.1849,0.0705,0.0,0.0252,LOW
VM_013,1378794600,0.0,0.1619,0.08,0.0,0.0,0.1032,0.1662,0.0764,0.1823,0.0701,0.0,0.0247,LOW
VM_013,1378794900,0.0,0.1668,0.0776,0.0,0.0,0.0994,0.1564,0.0741,0.1727,0.0678,0.0,0.0238,LOW
VM_013,1378795200,0.0,0.1701,0.0775,0.0,0.0,0.0973,0.1545,0.0734,0.1701,0.0671,0.0,0.0232,LOW
VM_013,1378795500,0.0,0.1734,0.0775,0.0,0.0,0.0941,0.1499,0.0718,0.1734,0.066,0.0,0.0234,LOW
VM_013,1378795800,0.0,0.1752,0.0784,0.0,0.0,0.0923,0.1492,0.0714,0.1752,0.0655,0.0,0.0231,LOW
VM_013,1378796100,0.0,0.1764,0.0779,0.0,0.0,0.0897,0.1467,0.0702,0.1764,0.0648,0.0,0.023,LOW
VM_013,1378796400,0.0,0.1772,0.0778,0.0,0.0,0.09,0.1474,0.0706,0.1772,0.0645,0.0,0.0225,LOW
VM_013,1378796700,0.0,0.1436,0.0797,0.0411,0.0628,0.1432,0.2127,0.113,0.2127,0.0583,0.0,0.0203,LOW
VM_013,1378797000,1.8,0.3805,0.1344,0.0,0.0,0.0,0.0346,0.0504,0.3805,0.1067,0.3674,0.1143,MEDIUM
VM_013,1378797300,0.0667,0.1288,0.0458,0.029,0.0444,0.0714,0.1519,0.0699,0.1519,0.0444,0.3671,0.0626,MEDIUM
VM_013,1378797600,0.0,0.2093,0.0176,0.0,0.0,0.0492,0.0985,0.0431,0.2093,0.061,0.3671,0.0802,MEDIUM
VM_013,1378797900,0.0,0.1598,0.039,0.0,0.0452,0.0625,0.0941,0.0582,0.1598,0.0403,0.3671,0.0662,MEDIUM
VM_013,1378798200,0.0,0.1853,0.0677,0.0,0.0298,0.1258,0.1654,0.0874,0.1853,0.0638,0.3671,0.0706,MEDIUM
VM_013,1378798500,0.0,0.1797,0.0707,0.0,0.046,0.0896,0.1306,0.0786,0.1797,0.0489,0.3671,0.0689,MEDIUM
VM_013,1378798800,0.0,0.2027,0.0776,0.0,0.0326,0.0982,0.1482,0.0815,0.2027,0.0602,0.3671,0.0738,MEDIUM
VM_013,1378799100,0.0,0.1796,0.0822,0.0064,0.0474,0.0995,0.1666,0.0894,0.1796,0.0537,0.3671,0.0676,MEDIUM
VM_013,1378799400,0.0,0.2136,0.0934,0.0,0.0323,0.0935,0.1572,0.0858,0.2136,0.0621,0.3671,0.0741,MEDIUM
VM_013,1378799700,0.0,0.1801,0.0705,0.0,0.0268,0.0762,0.149,0.0734,0.1801,0.0555,0.3671,0.0704,MEDIUM
VM_013,1378800000,0.0,0.1858,0.0715,0.0,0.0206,0.0618,0.1257,0.0662,0.1858,0.0535,0.3671,0.0717,MEDIUM
VM_013,1378800300,0.0,0.1653,0.0659,0.0,0.0286,0.0662,0.1439,0.07,0.1653,0.0513,0.3671,0.0682,MEDIUM
VM_013,1378800600,0.0,0.1714,0.0658,0.0,0.0312,0.055,0.1206,0.0661,0.1714,0.0473,0.3671,0.0695,MEDIUM
VM_013,1378800900,0.0667,0.1585,0.0661,0.0,0.0355,0.0583,0.1289,0.0681,0.1585,0.0456,0.3667,0.0666,MEDIUM
VM_013,1378801200,0.1333,0.1646,0.0661,0.0,0.0348,0.0481,0.1104,0.0634,0.1646,0.0438,0.3665,0.068,MEDIUM
VM_013,1378801500,0.0,0.1538,0.0605,0.0,0.0407,0.0504,0.1173,0.0656,0.1538,0.0418,0.3665,0.0665,MEDIUM
VM_013,1378801800,0.0,0.1613,0.0528,0.0,0.0343,0.0381,0.1032,0.0585,0.1613,0.0424,0.3665,0.0693,MEDIUM
VM_013,1378802100,0.0,0.1434,0.0498,0.0,0.0334,0.0319,0.1038,0.055,0.1434,0.0402,0.3665,0.0668,MEDIUM
VM_013,1378802400,0.0,0.1465,0.0482,0.0,0.0293,0.0242,0.1003,0.0513,0.1465,0.0416,0.3665,0.0677,MEDIUM
VM_013,1378802700,0.0,0.135,0.0446,0.0,0.0312,0.0216,0.0985,0.0499,0.135,0.0396,0.3665,0.0661,MEDIUM
VM_013,1378803000,0.0,0.1448,0.0468,0.0,0.0268,0.0171,0.0964,0.0482,0.1448,0.0422,0.3665,0.0677,MEDIUM
VM_013,1378803300,0.0,0.1295,0.0399,0.0,0.028,0.0142,0.0943,0.0458,0.1295,0.0396,0.3665,0.0659,MEDIUM
VM_013,1378803600,0.0,0.1252,0.0387,0.0,0.0271,0.0106,0.0948,0.0445,0.1252,0.0398,0.3665,0.0653,MEDIUM
VM_013,1378803900,0.0,0.121,0.0344,0.0,0.0325,0.0118,0.0959,0.0459,0.121,0.0383,0.3665,0.0646,MEDIUM
VM_013,1378804200,0.0,0.1285,0.0303,0.0,0.0221,0.0023,0.0834,0.0393,0.1285,0.0399,0.0321,0.024,LOW
VM_013,1378804500,0.0,0.1112,0.0274,0.0,0.0256,0.0004,0.0878,0.0389,0.1112,0.0377,0.0299,0.0208,LOW
VM_013,1378804800,0.0,0.1133,0.022,0.0,0.0183,0.0,0.0753,0.0345,0.1133,0.0364,0.0299,0.0222,LOW
VM_013,1378805100,0.0,0.1001,0.0222,0.0,0.0214,0.0,0.08,0.0349,0.1001,0.0353,0.0299,0.0197,LOW
VM_013,1378805400,0.0,0.1093,0.0203,0.0,0.0209,0.0,0.0712,0.0346,0.1093,0.0354,0.0299,0.0216,LOW
VM_013,1378805700,0.0,0.0979,0.0157,0.0,0.016,0.0,0.0681,0.0304,0.0979,0.0332,0.0299,0.0202,LOW
VM_013,1378806000,0.1333,0.1023,0.022,0.0,0.0227,0.0,0.0633,0.0323,0.1023,0.0337,0.0392,0.021,LOW
VM_013,1378806300,0.0,0.0914,0.0132,0.0,0.0137,0.0,0.0595,0.0278,0.0914,0.0311,0.0392,0.0206,LOW
VM_013,1378806600,0.0,0.0909,0.0151,0.0,0.0265,0.0,0.066,0.0315,0.0909,0.0327,0.0392,0.0196,LOW
VM_013,1378806900,0.0,0.0818,0.0101,0.0,0.017,0.0,0.0609,0.0277,0.0818,0.0302,0.0392,0.0191,LOW
VM_013,1378807200,0.1333,0.0782,0.0084,0.0,0.0242,0.0,0.0504,0.027,0.0782,0.0288,0.046,0.0196,LOW
VM_013,1378807500,0.0667,0.0727,0.0067,0.0,0.0197,0.0,0.0544,0.0263,0.0731,0.0285,0.0468,0.0197,LOW
VM_013,1378807800,0.2,0.0766,0.0157,0.0,0.0354,0.0,0.0497,0.0309,0.087,0.0311,0.0589,0.022,LOW
VM_013,1378808100,0.0667,0.0611,0.0082,0.0,0.0303,0.0,0.0549,0.0286,0.0868,0.0298,0.0589,0.0229,LOW
VM_013,1378808400,0.2667,0.0778,0.0236,0.0,0.0444,0.0,0.0478,0.0335,0.0977,0.0331,0.0735,0.0252,LOW
VM_013,1378808700,0.0667,0.0587,0.0088,0.0,0.035,0.0,0.0543,0.0293,0.0912,0.0304,0.0733,0.0252,LOW
VM_013,1378809000,0.1333,0.0778,0.0243,0.0,0.0458,0.0,0.0597,0.0356,0.0997,0.0341,0.0753,0.0255,LOW
VM_013,1378809300,0.0,0.0519,0.0046,0.0,0.0299,0.0,0.0612,0.0278,0.0881,0.0298,0.0753,0.0257,LOW
VM_013,1378809600,0.1333,0.0727,0.0229,0.0,0.0356,0.0,0.0607,0.0325,0.0947,0.0322,0.0768,0.0264,LOW
VM_013,1378809900,0.1333,0.0546,0.0122,0.0,0.0321,0.0,0.0581,0.0291,0.0944,0.0305,0.0778,0.0274,LOW
VM_013,1378810200,0.1333,0.0647,0.0233,0.0,0.0426,0.0,0.068,0.0345,0.103,0.0341,0.0784,0.0275,LOW
VM_013,1378810500,0.1333,0.0518,0.0131,0.0,0.0345,0.0,0.0612,0.0297,0.0975,0.0312,0.0786,0.028,LOW
VM_013,1378810800,0.0667,0.0482,0.0142,0.0,0.04,0.0,0.0741,0.0325,0.1022,0.0337,0.0773,0.0276,LOW
VM_013,1378811100,0.2,0.0503,0.0134,0.0,0.0341,0.0,0.0615,0.0293,0.0977,0.031,0.0803,0.0285,LOW
VM_013,1378811400,0.0,0.0453,0.0062,0.0,0.0287,0.0,0.075,0.0284,0.092,0.0313,0.0803,0.0281,LOW
VM_013,1378811700,0.2,0.046,0.0081,0.0,0.028,0.0,0.0634,0.0268,0.0914,0.0294,0.0822,0.0287,LOW
VM_013,1378812000,0.2,0.0444,0.0052,0.0,0.0267,0.0,0.0647,0.0259,0.0893,0.029,0.0832,0.0288,LOW
VM_013,1378812300,0.1333,0.0377,0.0044,0.0,0.0252,0.0,0.0701,0.0258,0.0908,0.0297,0.0811,0.0289,LOW
VM_013,1378812600,0.1333,0.0426,0.0084,0.0,0.0288,0.0,0.0751,0.0283,0.0962,0.0315,0.0784,0.0293,LOW
VM_013,1378812900,0.2,0.0414,0.0096,0.0034,0.0303,0.0,0.0702,0.0281,0.0967,0.0306,0.0773,0.0293,LOW
VM_013,1378813200,0.2667,0.0483,0.0132,0.0067,0.0301,0.0,0.0677,0.029,0.0985,0.0306,0.0834,0.0305,MEDIUM
VM_013,1378813500,0.0,0.03,0.0,0.0,0.0238,0.0,0.0757,0.0249,0.0906,0.0304,0.0834,0.0301,MEDIUM
VM_013,1378813800,0.0,0.0318,0.0,0.0,0.0238,0.0,0.0775,0.0252,0.0908,0.0307,0.0834,0.0305,MEDIUM
VM_013,1378814100,0.0,0.0207,0.0,0.0,0.012,0.0,0.0798,0.0216,0.0813,0.0291,0.0834,0.03,MEDIUM
VM_013,1378814400,0.2,0.0312,0.0,0.0,0.0128,0.0,0.0771,0.0223,0.083,0.0289,0.0849,0.0302,MEDIUM
VM_013,1378814700,0.2,0.0241,0.0,0.0,0.0082,0.0,0.0731,0.0197,0.0781,0.0272,0.0855,0.0304,MEDIUM
VM_013,1378815000,0.1333,0.0251,0.0,0.0,0.0136,0.0,0.0741,0.0212,0.0826,0.0281,0.0841,0.0306,MEDIUM
VM_013,1378815300,0.0667,0.0127,0.0,0.0,0.0129,0.0,0.0732,0.0197,0.0818,0.0278,0.0841,0.031,MEDIUM
VM_013,1378815600,0.1333,0.0174,0.0,0.0027,0.0177,0.0,0.0737,0.0218,0.0867,0.0287,0.0786,0.0304,MEDIUM
VM_013,1378815900,0.0,0.0008,0.0,0.0,0.0129,0.0,0.0724,0.0184,0.08,0.0277,0.0816,0.0309,MEDIUM
VM_013,1378816200,0.0,0.0038,0.0,0.0,0.0155,0.0,0.0806,0.0197,0.0806,0.0287,0.0849,0.0311,MEDIUM
VM_013,1378816500,0.0,0.0,0.0,0.0,0.0087,0.0,0.0817,0.0182,0.0817,0.0286,0.0849,0.0317,MEDIUM
VM_013,1378816800,0.0,0.0,0.0,0.0,0.0061,0.0,0.0848,0.0183,0.0848,0.0291,0.0877,0.0321,MEDIUM
VM_013,1378817100,0.1333,0.0,0.0,0.0,0.0084,0.0,0.0839,0.0186,0.0839,0.0293,0.0877,0.0322,MEDIUM
VM_013,1378817400,0.0,0.0,0.0,0.0,0.0088,0.0,0.0839,0.0183,0.0839,0.0288,0.0901,0.0326,MEDIUM
VM_013,1378817700,0.0,0.0,0.0,0.0,0.0076,0.0,0.0813,0.0175,0.0813,0.028,0.092,0.0329,MEDIUM
VM_013,1378818000,0.0,0.0,0.0,0.0,0.0083,0.0,0.0856,0.018,0.0856,0.0288,0.0939,0.0334,MEDIUM
VM_013,1378818300,0.0,0.0,0.0,0.0,0.0041,0.0,0.0793,0.0161,0.0793,0.0269,0.0927,0.0332,MEDIUM
VM_013,1378818600,0.0,0.0,0.0,0.0,0.0078,0.0,0.0834,0.0172,0.0834,0.0279,0.0927,0.0337,MEDIUM
VM_013,1378818900,0.0,0.0,0.0,0.0,0.0029,0.0,0.073,0.0148,0.073,0.0253,0.0908,0.0327,MEDIUM
VM_013,1378819200,0.0,0.0,0.0,0.0,0.0048,0.0,0.0758,0.0155,0.0758,0.0259,0.0879,0.0325,MEDIUM
VM_013,1378819500,0.0,0.0,0.0,0.0,0.002,0.0,0.0757,0.0147,0.0757,0.0255,0.0877,0.0325,MEDIUM
VM_013,1378819800,0.0,0.0,0.0,0.0,0.0044,0.0,0.0766,0.0151,0.0766,0.0257,0.0872,0.0327,MEDIUM
VM_013,1378820100,0.0,0.0,0.0,0.0,0.0014,0.0,0.0764,0.0141,0.0764,0.0252,0.0822,0.0319,MEDIUM
VM_013,1378820400,0.2,0.0,0.0,0.0068,0.0098,0.0,0.0765,0.0162,0.0765,0.0253,0.0753,0.0301,MEDIUM
VM_013,1378820700,0.0667,0.0,0.0,0.0034,0.0061,0.0,0.0751,0.0145,0.0751,0.0245,0.0748,0.0302,MEDIUM
VM_013,1378821000,0.0,0.0,0.0,0.005,0.0078,0.0,0.0765,0.015,0.0765,0.0245,0.0748,0.0303,MEDIUM
VM_013,1378821300,0.0,0.0,0.0,0.0026,0.0051,0.0,0.078,0.0142,0.078,0.0245,0.0748,0.0304,MEDIUM
VM_013,1378821600,0.0,0.0007,0.0,0.0052,0.0069,0.0,0.0831,0.0159,0.0831,0.0255,0.0679,0.0296,MEDIUM
VM_013,1378821900,0.0,0.0,0.0,0.0035,0.0051,0.0,0.0818,0.0151,0.0818,0.025,0.0589,0.0283,LOW
VM_013,1378822200,0.2,0.009,0.0,0.0159,0.0171,0.0,0.08,0.0195,0.08,0.0244,0.0652,0.0277,LOW
VM_013,1378822500,0.0,0.003,0.0,0.0114,0.0097,0.0,0.0754,0.016,0.0754,0.0233,0.0651,0.0276,LOW
VM_013,1378822800,0.0667,0.0148,0.0,0.0266,0.0195,0.0,0.0748,0.0216,0.0748,0.0236,0.0619,0.0258,LOW
VM_013,1378823100,0.0,0.0096,0.0,0.0234,0.0144,0.0,0.0707,0.0189,0.0707,0.0226,0.0619,0.0258,LOW
VM_013,1378823400,0.0,0.016,0.0,0.0334,0.0232,0.0,0.0743,0.0236,0.0743,0.0241,0.0619,0.0251,LOW
VM_013,1378823700,0.0,0.0125,0.0,0.0328,0.0179,0.0,0.0691,0.0215,0.0691,0.0231,0.0619,0.0248,LOW
VM_013,1378824000,0.0,0.0199,0.0,0.0368,0.0231,0.0,0.0764,0.0253,0.0764,0.0244,0.0619,0.0247,LOW
VM_013,1378824300,0.2,0.0234,0.0,0.043,0.0277,0.0,0.07,0.0266,0.07,0.0234,0.068,0.0241,LOW
VM_013,1378824600,0.4667,0.8388,0.3953,0.0,0.2579,0.2199,0.0,0.2071,0.8388,0.2198,0.1116,0.1193,MEDIUM
VM_013,1378824900,0.0667,0.0,0.0,0.0359,0.0404,0.0,0.0732,0.0267,0.0896,0.0291,0.1112,0.0351,MEDIUM
VM_013,1378825200,0.6,1.0258,0.4626,0.0,0.3065,0.3081,0.0,0.2521,1.0258,0.27,0.1569,0.1461,MEDIUM
VM_013,1378825500,0.0,0.0,0.0,0.0,0.0,0.0,0.0681,0.0119,0.0681,0.0207,0.1569,0.0402,MEDIUM
VM_013,1378825800,0.2667,0.0779,0.0624,0.0694,0.0843,0.0605,0.1977,0.0972,0.1977,0.0452,0.1605,0.0407,MEDIUM
VM_013,1378826100,0.0,0.0,0.0,0.0209,0.0024,0.0,0.0684,0.0174,0.0684,0.0228,0.1605,0.0367,MEDIUM
VM_013,1378826400,0.0,0.0961,0.1088,0.1263,0.1195,0.0297,0.1681,0.1127,0.1681,0.0319,0.1605,0.037,MEDIUM
VM_013,1378826700,0.1333,0.0138,0.0,0.0446,0.0228,0.0,0.036,0.0202,0.0643,0.0187,0.1596,0.035,MEDIUM
VM_013,1378827000,0.0,0.1379,0.0952,0.1226,0.1194,0.0453,0.1199,0.1134,0.1714,0.0332,0.1596,0.0354,MEDIUM
VM_013,1378827300,0.0,0.0061,0.0,0.0335,0.0133,0.0,0.0475,0.0182,0.0542,0.0181,0.1596,0.033,MEDIUM
VM_013,1378827600,0.0,0.0792,0.0647,0.1033,0.0746,0.0446,0.138,0.0939,0.138,0.03,0.1591,0.0315,MEDIUM
VM_013,1378827900,0.0,0.0084,0.0,0.0327,0.0062,0.0,0.0522,0.0183,0.0522,0.0184,0.16,0.0319,MEDIUM
VM_013,1378828200,0.0,0.0491,0.0177,0.0687,0.0482,0.0,0.0927,0.0556,0.0927,0.0273,0.16,0.0315,MEDIUM
VM_013,1378828500,0.0,0.0104,0.0,0.0384,0.0051,0.0,0.0512,0.0204,0.0512,0.0186,0.16,0.0309,MEDIUM
VM_013,1378828800,0.0,0.0679,0.0355,0.0799,0.0438,0.0098,0.0938,0.0615,0.0938,0.0254,0.16,0.0305,MEDIUM
VM_013,1378829100,0.0,0.0274,0.0003,0.0508,0.0074,0.0,0.0589,0.0266,0.0589,0.0215,0.16,0.0308,MEDIUM
VM_013,1378829400,0.0,0.0135,0.0,0.056,0.0436,0.0,0.0721,0.0445,0.0757,0.0277,0.1589,0.0312,MEDIUM
VM_013,1378829700,0.0,0.0243,0.0013,0.0527,0.0087,0.0,0.0605,0.028,0.0605,0.0221,0.1589,0.0303,MEDIUM
VM_013,1378830000,0.2,0.0097,0.0,0.0513,0.0408,0.0029,0.0682,0.042,0.0693,0.026,0.1609,0.0316,MEDIUM
VM_013,1378830300,0.1333,0.0249,0.0067,0.0598,0.0184,0.0,0.0603,0.0336,0.0641,0.0219,0.1603,0.0296,MEDIUM
VM_013,1378830600,0.0,0.0651,0.0294,0.0787,0.0238,0.0,0.0763,0.0478,0.0787,0.0254,0.1603,0.0302,MEDIUM
VM_013,1378830900,0.0,0.016,0.0044,0.0626,0.0157,0.0,0.0547,0.032,0.0673,0.0225,0.1603,0.0298,MEDIUM
VM_013,1378831200,0.1333,0.0572,0.0341,0.0898,0.0281,0.0025,0.068,0.0503,0.0902,0.025,0.1595,0.0308,MEDIUM
VM_013,1378831500,0.1333,0.0203,0.0151,0.0772,0.0239,0.0,0.0492,0.0381,0.0791,0.0234,0.1581,0.03,MEDIUM
VM_013,1378831800,0.0,0.0373,0.0128,0.0677,0.0075,0.0213,0.0616,0.0405,0.0729,0.0233,0.1369,0.0253,LOW
VM_013,1378832100,0.0,0.0111,0.0087,0.0751,0.02,0.0,0.0504,0.0352,0.0793,0.0247,0.1376,0.028,LOW
VM_013,1378832400,0.0,0.0366,0.0141,0.0683,0.0044,0.0257,0.0663,0.0416,0.0751,0.0249,0.0782,0.0184,LOW
VM_013,1378832700,0.0,0.0081,0.0112,0.0794,0.0183,0.0,0.051,0.0355,0.0835,0.0261,0.0782,0.0211,LOW
VM_013,1378833000,0.0667,0.0161,0.0064,0.0773,0.0189,0.0094,0.0538,0.0398,0.0851,0.0255,0.0622,0.0173,LOW
VM_013,1378833300,0.1333,0.0164,0.0219,0.0907,0.0196,0.0,0.0428,0.0379,0.0915,0.027,0.065,0.0201,LOW
VM_013,1378833600,0.0,0.0175,0.0073,0.0787,0.0121,0.0038,0.0502,0.0364,0.0854,0.0264,0.065,0.018,LOW
VM_013,1378833900,0.0667,0.0148,0.0203,0.0914,0.0165,0.0,0.042,0.0367,0.0935,0.0279,0.0621,0.0202,LOW
VM_013,1378834200,0.0,0.1587,0.0947,0.1192,0.0428,0.026,0.0837,0.0848,0.1587,0.0361,0.0621,0.0237,LOW
VM_013,1378834500,0.0,0.0081,0.0164,0.0902,0.0121,0.0,0.0357,0.0331,0.0943,0.0289,0.0621,0.0209,LOW
VM_013,1378834800,0.0667,0.1988,0.1218,0.135,0.0547,0.0288,0.086,0.0977,0.1988,0.0442,0.0619,0.0281,LOW
VM_013,1378835100,0.0,0.0064,0.0155,0.0896,0.0068,0.0,0.0256,0.0291,0.0939,0.0296,0.0619,0.0213,LOW
VM_013,1378835400,0.0,0.0242,0.0101,0.0772,0.0038,0.0,0.0158,0.0265,0.0862,0.0267,0.0619,0.0206,LOW
VM_013,1378835700,0.0,0.0181,0.0218,0.0908,0.0008,0.0,0.0272,0.0289,0.0943,0.0302,0.0619,0.0216,LOW
VM_013,1378836000,0.0,0.028,0.0095,0.0722,0.0,0.0,0.0123,0.0226,0.0826,0.0264,0.0619,0.0208,LOW
VM_013,1378836300,0.0667,0.0198,0.022,0.091,0.0,0.0,0.0214,0.0268,0.0944,0.0309,0.0616,0.022,LOW
VM_013,1378836600,0.2,0.0386,0.0315,0.1044,0.0211,0.0,0.0242,0.0411,0.1139,0.0325,0.0688,0.0236,LOW
VM_013,1378836900,0.0,0.0118,0.0241,0.1013,0.0025,0.0,0.0096,0.0271,0.1055,0.035,0.0688,0.0246,LOW
VM_013,1378837200,0.2,0.0398,0.036,0.1106,0.0224,0.0,0.0274,0.0425,0.1183,0.0341,0.0688,0.024,LOW
VM_013,1378837500,0.0,0.0065,0.0206,0.1003,0.0019,0.0,0.0052,0.0252,0.1073,0.0358,0.0671,0.025,LOW
VM_013,1378837800,0.0,0.0201,0.029,0.1081,0.0131,0.0,0.0197,0.0347,0.1183,0.0365,0.0671,0.0251,LOW
VM_013,1378838100,0.0,0.0028,0.0177,0.0964,0.0,0.0,0.0022,0.0218,0.104,0.0355,0.0671,0.0252,LOW
VM_013,1378838400,0.0667,0.0253,0.0327,0.1065,0.0025,0.0,0.0131,0.0307,0.1131,0.0367,0.0646,0.025,LOW
VM_013,1378838700,0.0,0.0001,0.0154,0.0938,0.0,0.0,0.0,0.0193,0.1021,0.0356,0.0621,0.0249,LOW
VM_013,1378839000,0.0,0.0461,0.048,0.1129,0.0,0.0,0.0241,0.0349,0.1189,0.0395,0.0621,0.0259,LOW
VM_013,1378839300,0.0,0.0,0.0149,0.0947,0.0,0.0,0.0,0.0192,0.1048,0.0364,0.0621,0.0258,LOW
VM_013,1378839600,0.0,0.0672,0.0657,0.1233,0.0,0.0,0.029,0.0394,0.126,0.0443,0.0621,0.0274,LOW
VM_013,1378839900,0.0,0.0,0.0178,0.0982,0.0,0.0,0.0,0.0193,0.1079,0.0379,0.0621,0.0267,LOW
VM_013,1378840200,0.1333,0.0203,0.0364,0.1114,0.0,0.0,0.0056,0.028,0.1213,0.0408,0.065,0.0274,LOW
VM_013,1378840500,0.0,0.0,0.0209,0.0986,0.0,0.0,0.0,0.0191,0.108,0.0382,0.0622,0.027,LOW
VM_013,1378840800,0.0,0.019,0.0342,0.106,0.0,0.0,0.0052,0.0249,0.1148,0.0395,0.0622,0.0271,LOW
VM_013,1378841100,0.0,0.0,0.0156,0.0928,0.0,0.0,0.0,0.0178,0.1045,0.0365,0.0621,0.0267,LOW
VM_013,1378841400,0.0,0.0168,0.0333,0.104,0.0,0.0,0.0061,0.0242,0.1139,0.0391,0.0621,0.0273,LOW
VM_013,1378841700,0.1333,0.0005,0.0292,0.1066,0.0,0.0,0.0,0.0211,0.114,0.0407,0.0651,0.0278,LOW
VM_013,1378842000,0.1333,0.0246,0.0443,0.1156,0.0,0.0,0.0017,0.0269,0.1205,0.0427,0.0679,0.0284,LOW
VM_013,1378842300,0.0,0.0,0.0239,0.1013,0.0,0.0,0.0,0.0193,0.1067,0.0384,0.0679,0.0282,LOW
VM_013,1378842600,0.1333,0.0077,0.0372,0.1145,0.0,0.0,0.0,0.0241,0.12,0.0428,0.07,0.0287,LOW
VM_013,1378842900,0.0,0.0,0.0221,0.097,0.0,0.0,0.0,0.0185,0.1025,0.0369,0.07,0.0286,LOW
VM_013,1378843200,0.0,0.0,0.0354,0.1116,0.0,0.0,0.0,0.022,0.1167,0.0424,0.07,0.0299,MEDIUM
VM_013,1378843500,0.2,0.0,0.0357,0.1089,0.0,0.0,0.0,0.0213,0.1106,0.0408,0.0768,0.0298,MEDIUM
VM_013,1378843800,0.2667,0.1164,0.0949,0.1428,0.0216,0.0,0.0276,0.0541,0.1466,0.0525,0.0834,0.0329,MEDIUM
VM_013,1378844100,0.0,0.0,0.0368,0.1142,0.0,0.0,0.0,0.0219,0.1142,0.042,0.0834,0.0318,MEDIUM
VM_013,1378844400,0.2,0.1516,0.1167,0.1643,0.0301,0.0,0.0472,0.0688,0.1643,0.059,0.0834,0.0338,MEDIUM
VM_013,1378844700,0.1333,0.0,0.0405,0.1179,0.0,0.0,0.0,0.0227,0.1179,0.0432,0.0841,0.0319,MEDIUM
VM_013,1378845000,0.0,0.0033,0.0442,0.1228,0.0,0.0,0.0,0.026,0.1245,0.0453,0.0841,0.0311,MEDIUM
VM_013,1378845300,0.0,0.0,0.0346,0.1113,0.0,0.0,0.0,0.0216,0.1136,0.0417,0.0841,0.033,MEDIUM
VM_013,1378845600,0.0,0.0,0.0318,0.1079,0.0,0.0,0.0,0.0225,0.118,0.0415,0.0849,0.0307,MEDIUM
VM_013,1378845900,0.0,0.0,0.0238,0.0969,0.0,0.0,0.0,0.019,0.1075,0.0378,0.0849,0.0323,MEDIUM
VM_013,1378846200,0.0,0.0,0.0287,0.1041,0.0,0.0,0.0024,0.0225,0.1199,0.041,0.0849,0.0311,MEDIUM
VM_013,1378846500,0.0,0.0,0.0226,0.0961,0.0,0.0,0.0,0.019,0.1092,0.038,0.0849,0.0333,MEDIUM
VM_013,1378846800,0.0,0.0,0.028,0.104,0.0,0.0,0.0,0.0221,0.1209,0.0413,0.0849,0.032,MEDIUM
VM_013,1378847100,0.0,0.0,0.0196,0.0933,0.0,0.0,0.0,0.0184,0.108,0.0373,0.0849,0.0337,MEDIUM
VM_013,1378847400,0.0,0.0,0.0231,0.0981,0.0,0.0,0.0,0.0201,0.1157,0.0395,0.084,0.0335,MEDIUM
VM_013,1378847700,0.0,0.0,0.0124,0.086,0.0,0.0,0.0,0.0169,0.1042,0.0353,0.084,0.0336,MEDIUM
VM_013,1378848000,0.0,0.0,0.0244,0.1019,0.0,0.0,0.0,0.0224,0.1265,0.042,0.084,0.0346,MEDIUM
VM_013,1378848300,0.0,0.0,0.0177,0.0947,0.0,0.0,0.0,0.0195,0.1182,0.0395,0.084,0.0354,MEDIUM
VM_013,1378848600,0.0,0.0,0.024,0.1009,0.0,0.0,0.0,0.0219,0.1262,0.0419,0.084,0.0355,MEDIUM
VM_013,1378848900,0.0667,0.0,0.0197,0.0973,0.0,0.0,0.0,0.02,0.1204,0.0404,0.0822,0.0356,MEDIUM
VM_013,1378849200,0.2,0.0,0.0359,0.1144,0.0003,0.0,0.0,0.0262,0.1357,0.0456,0.0863,0.0358,MEDIUM
VM_013,1378849500,0.0,0.0,0.0149,0.0948,0.0,0.0,0.0,0.0193,0.1179,0.0394,0.0863,0.0358,MEDIUM
VM_013,1378849800,0.0,0.0,0.0179,0.1,0.0,0.0,0.0,0.0214,0.1245,0.0413,0.0849,0.0357,MEDIUM
VM_013,1378850100,0.0,0.0,0.0115,0.0953,0.0,0.0,0.0,0.0195,0.1203,0.04,0.0849,0.0359,MEDIUM
VM_013,1378850400,0.0667,0.0,0.0173,0.1015,0.0,0.0,0.0,0.0231,0.1289,0.0421,0.0845,0.0353,MEDIUM
VM_013,1378850700,0.0,0.0,0.0056,0.0891,0.0,0.0,0.0,0.0191,0.1186,0.0386,0.0784,0.0343,MEDIUM
VM_013,1378851000,0.1333,0.0,0.023,0.1091,0.0098,0.0,0.0,0.0269,0.1345,0.0438,0.0652,0.0321,MEDIUM
VM_013,1378851300,0.0,0.0,0.0109,0.1007,0.0,0.0,0.0,0.0223,0.1267,0.0416,0.0652,0.0328,MEDIUM
VM_013,1378851600,0.0667,0.0,0.0213,0.11,0.0158,0.0,0.0082,0.0292,0.1368,0.0439,0.0553,0.0303,MEDIUM
VM_013,1378851900,0.4667,0.1396,0.0879,0.1102,0.0,0.0,0.0,0.0349,0.1396,0.0511,0.1037,0.061,MEDIUM
VM_013,1378852200,0.1333,0.0,0.0,0.0603,0.0,0.0,0.0,0.0123,0.0868,0.0279,0.1049,0.0396,MEDIUM
VM_013,1378852500,0.0,0.0,0.0,0.0606,0.0092,0.0,0.0189,0.0218,0.118,0.0342,0.1049,0.0416,MEDIUM
VM_013,1378852800,0.0,0.0,0.0,0.0813,0.0244,0.0,0.0,0.0255,0.1172,0.0364,0.1049,0.0405,MEDIUM
VM_013,1378853100,0.0,0.0,0.0398,0.1511,0.0398,0.0,0.0078,0.0428,0.1665,0.055,0.1049,0.0427,MEDIUM
VM_013,1378853400,0.1333,0.0,0.0193,0.1173,0.074,0.0,0.0488,0.0516,0.1571,0.047,0.1058,0.0361,MEDIUM
VM_013,1378853700,0.0,0.0,0.0065,0.0938,0.0578,0.0,0.0,0.0343,0.1258,0.0407,0.1058,0.0334,MEDIUM
VM_013,1378854000,0.0,0.0,0.0207,0.106,0.0698,0.0,0.0553,0.0488,0.1427,0.0424,0.1058,0.0329,MEDIUM
VM_013,1378854300,0.0,0.0,0.0134,0.0917,0.0322,0.0131,0.0642,0.0424,0.1193,0.0366,0.1058,0.0357,MEDIUM
VM_013,1378854600,0.0,0.0,0.0033,0.0921,0.0265,0.0,0.034,0.0295,0.1198,0.0373,0.1058,0.0348,MEDIUM
VM_013,1378854900,0.0,0.0,0.0064,0.0956,0.0183,0.0,0.0375,0.0304,0.1169,0.0373,0.1058,0.0362,MEDIUM
VM_013,1378855200,0.1333,0.0,0.0219,0.1175,0.0426,0.0,0.0478,0.0428,0.137,0.0423,0.1064,0.0358,MEDIUM
VM_013,1378855500,0.0,0.0,0.0039,0.1036,0.0326,0.0,0.0437,0.0374,0.1232,0.0388,0.1064,0.0382,MEDIUM
VM_013,1378855800,0.0,0.0,0.0119,0.1087,0.0389,0.0,0.0553,0.0406,0.1294,0.0404,0.1064,0.0353,MEDIUM
VM_013,1378856100,0.0,0.0,0.0008,0.0967,0.0178,0.0,0.0423,0.03,0.113,0.0373,0.1071,0.0356,MEDIUM
VM_013,1378856400,0.0667,0.0,0.0092,0.1063,0.0352,0.0,0.0571,0.039,0.1213,0.0391,0.1026,0.0338,MEDIUM
VM_013,1378856700,0.0,0.0,0.0186,0.1145,0.029,0.0,0.0622,0.0405,0.1203,0.0398,0.1026,0.0326,MEDIUM
VM_013,1378857000,0.0,0.0,0.0146,0.1086,0.0223,0.0,0.0612,0.0356,0.1137,0.0388,0.1026,0.0318,MEDIUM
VM_013,1378857300,0.0,0.0,0.009,0.1021,0.0117,0.0,0.0569,0.0303,0.1047,0.0377,0.1026,0.0314,MEDIUM
VM_013,1378857600,0.0,0.0018,0.1193,0.1493,0.0738,0.0101,0.0239,0.0586,0.1493,0.0498,0.1031,0.0323,MEDIUM
VM_013,1378857900,0.0667,0.0,0.1028,0.1423,0.0641,0.0027,0.0104,0.0496,0.1423,0.0479,0.1026,0.0326,MEDIUM
VM_013,1378858200,0.0667,0.0,0.0881,0.1214,0.0591,0.0049,0.0284,0.0464,0.1214,0.0404,0.1012,0.0303,MEDIUM
VM_013,1378858500,0.0,0.0,0.0785,0.1139,0.0469,0.0,0.0203,0.0387,0.1139,0.0383,0.1012,0.0304,MEDIUM
VM_013,1378858800,0.1333,0.0,0.0879,0.1207,0.0582,0.0108,0.0408,0.0492,0.1207,0.0394,0.1026,0.0299,MEDIUM
VM_013,1378859100,0.0,0.0,0.0922,0.1211,0.0486,0.0126,0.0527,0.049,0.1211,0.0384,0.0519,0.0218,LOW
VM_013,1378859400,0.0,0.0,0.0829,0.1246,0.0458,0.0009,0.0367,0.0432,0.1246,0.0401,0.0474,0.024,LOW
VM_013,1378859700,0.0,0.0,0.0824,0.1179,0.0352,0.005,0.0388,0.0401,0.1179,0.0374,0.0474,0.0223,LOW
VM_013,1378860000,0.0,0.0,0.0784,0.1132,0.0415,0.0069,0.0528,0.0444,0.1132,0.0356,0.0474,0.0221,LOW
VM_013,1378860300,0.0,0.0,0.0848,0.1154,0.0331,0.0077,0.0576,0.0434,0.1154,0.036,0.0474,0.0211,LOW
VM_013,1378860600,0.0,0.0,0.0832,0.1187,0.037,0.003,0.056,0.0435,0.1187,0.037,0.0416,0.0209,LOW
VM_013,1378860900,0.0,0.0,0.081,0.1097,0.0272,0.0,0.0521,0.0383,0.1097,0.0351,0.0416,0.0207,LOW
VM_013,1378861200,0.0,0.0,0.0798,0.1104,0.0333,0.0009,0.0574,0.0413,0.1104,0.0349,0.0416,0.0205,LOW
VM_013,1378861500,0.0,0.0,0.0622,0.0989,0.0292,0.0028,0.0505,0.0369,0.0989,0.0305,0.0416,0.0198,LOW
VM_013,1378861800,0.0,0.0,0.071,0.1053,0.0294,0.0,0.0539,0.0378,0.1053,0.033,0.0416,0.0206,LOW
VM_013,1378862100,0.0,0.0,0.0584,0.092,0.0202,0.0,0.0465,0.0318,0.092,0.0286,0.0416,0.0201,LOW
VM_013,1378862400,0.0,0.0,0.0668,0.0978,0.0233,0.0,0.055,0.0356,0.0978,0.0306,0.0339,0.0195,LOW
VM_013,1378862700,0.0,0.0,0.063,0.094,0.0194,0.001,0.054,0.0339,0.094,0.0292,0.0339,0.0194,LOW
VM_013,1378863000,0.0,0.0213,0.1019,0.1546,0.0985,0.0317,0.1054,0.0844,0.1546,0.0393,0.0339,0.0201,LOW
VM_013,1378863300,0.0,0.0196,0.0782,0.0977,0.0125,0.0,0.0606,0.0362,0.0977,0.0305,0.0339,0.0206,LOW
VM_013,1378863600,0.0,0.0255,0.1059,0.1558,0.1086,0.0432,0.1319,0.0962,0.1558,0.0387,0.0321,0.0195,LOW
VM_013,1378863900,0.0,0.0266,0.0758,0.0895,0.0023,0.0015,0.0602,0.0335,0.0895,0.029,0.0321,0.0206,LOW
VM_013,1378864200,0.0,0.022,0.0822,0.1076,0.0294,0.0098,0.0712,0.0462,0.1076,0.031,0.0321,0.0197,LOW
VM_013,1378864500,0.0,0.0281,0.0759,0.0851,0.0,0.0,0.0576,0.0312,0.0851,0.0286,0.0321,0.0209,LOW
VM_013,1378864800,0.0,0.035,0.0841,0.1033,0.0249,0.0132,0.0777,0.048,0.1033,0.0298,0.0321,0.0199,LOW
VM_013,1378865100,0.0,0.0324,0.0779,0.0881,0.0,0.0028,0.0659,0.0341,0.0881,0.0292,0.0299,0.0211,LOW
VM_013,1378865400,0.0,0.0254,0.0812,0.1068,0.0284,0.0131,0.0754,0.0487,0.1068,0.0302,0.0272,0.0192,LOW
VM_013,1378865700,0.0667,0.0313,0.0742,0.0797,0.0,0.0015,0.062,0.0314,0.0797,0.0278,0.0299,0.0211,LOW
VM_013,1378866000,0.2,0.0356,0.0857,0.1035,0.0261,0.0165,0.0737,0.0496,0.1035,0.029,0.0425,0.0214,LOW
VM_013,1378866300,0.0,0.0606,0.0886,0.0782,0.0,0.0027,0.074,0.0362,0.0886,0.032,0.0425,0.0247,LOW
VM_013,1378866600,0.0,0.0392,0.0804,0.0857,0.0,0.0068,0.0749,0.0387,0.0857,0.0296,0.0425,0.0227,LOW
VM_013,1378866900,0.0,0.0476,0.0803,0.0756,0.0,0.0,0.0703,0.0326,0.0803,0.0303,0.0425,0.0243,LOW
VM_013,1378867200,0.0,0.0514,0.0853,0.0917,0.0,0.0121,0.0865,0.0445,0.0917,0.0316,0.0425,0.0228,LOW
VM_013,1378867500,0.0,0.055,0.0809,0.0742,0.0,0.005,0.0768,0.0362,0.0809,0.0309,0.0425,0.0243,LOW
VM_013,1378867800,0.0,0.0464,0.0795,0.085,0.0,0.0111,0.0846,0.0422,0.085,0.0306,0.0425,0.0228,LOW
VM_013,1378868100,0.0,0.0458,0.0751,0.0733,0.0,0.0029,0.0762,0.0341,0.0762,0.0303,0.0425,0.0241,LOW
VM_013,1378868400,0.1333,0.0575,0.0864,0.0857,0.0,0.0174,0.0885,0.047,0.0885,0.0321,0.0491,0.0239,LOW
VM_013,1378868700,0.0,0.0556,0.0823,0.079,0.0,0.0047,0.0843,0.0379,0.0843,0.0329,0.0491,0.0257,LOW
VM_013,1378869000,0.0,0.051,0.0806,0.0787,0.0,0.0111,0.0859,0.0413,0.0859,0.0318,0.0491,0.0252,LOW
VM_013,1378869300,0.0,0.0536,0.0782,0.0731,0.0,0.0066,0.0837,0.0376,0.0837,0.0319,0.0491,0.0259,LOW
VM_013,1378869600,0.0,0.0555,0.0823,0.0814,0.0,0.0164,0.0954,0.0453,0.0954,0.0334,0.0491,0.0258,LOW
VM_013,1378869900,0.0,0.0588,0.0794,0.0712,0.0,0.0124,0.0914,0.0412,0.0914,0.033,0.0491,0.0265,LOW
VM_013,1378870200,0.0667,0.0613,0.0826,0.0773,0.0,0.0219,0.0987,0.0481,0.0987,0.0341,0.05,0.0259,LOW
VM_013,1378870500,0.0,0.06,0.0769,0.0639,0.0,0.0155,0.0935,0.0418,0.0935,0.0329,0.05,0.0274,LOW
VM_013,1378870800,0.2,0.073,0.0882,0.0742,0.0,0.0304,0.1017,0.0529,0.1017,0.0361,0.0619,0.0277,LOW
VM_013,1378871100,2.0,0.3379,0.1985,0.077,0.0,0.0,0.0,0.0518,0.3379,0.103,0.407,0.1115,MEDIUM
VM_013,1378871400,0.0714,0.0491,0.041,0.1319,0.0322,0.0095,0.0898,0.0432,0.1319,0.0363,0.4064,0.0683,MEDIUM
VM_013,1378871700,0.3333,0.0542,0.0548,0.0805,0.0,0.005,0.0923,0.0348,0.0923,0.0339,0.4081,0.0692,MEDIUM
VM_013,1378872000,0.0,0.0357,0.0289,0.071,0.0031,0.0,0.0636,0.0275,0.071,0.0232,0.4081,0.0658,MEDIUM
VM_013,1378872300,0.0,0.0289,0.0951,0.1078,0.0193,0.078,0.1806,0.0832,0.1806,0.0544,0.4081,0.0765,MEDIUM
VM_013,1378872600,0.1333,0.0497,0.0761,0.0924,0.0266,0.0492,0.1206,0.066,0.1206,0.0354,0.4071,0.0693,MEDIUM
VM_013,1378872900,0.0,0.0798,0.0842,0.0577,0.0,0.0746,0.1536,0.0728,0.1536,0.0495,0.4079,0.0775,MEDIUM
VM_013,1378873200,0.1429,0.0604,0.0862,0.0845,0.0078,0.0607,0.1521,0.0708,0.1521,0.0454,0.4076,0.0752,MEDIUM
VM_013,1378873500,0.0,0.091,0.0975,0.055,0.0,0.1077,0.2019,0.0904,0.2019,0.0649,0.4076,0.0834,MEDIUM
VM_013,1378873800,0.0,0.056,0.083,0.0718,0.0,0.0684,0.1695,0.0712,0.1695,0.0515,0.4076,0.0779,MEDIUM
VM_013,1378874100,0.0,0.0528,0.074,0.0542,0.0,0.0744,0.1594,0.069,0.1594,0.0509,0.4076,0.0781,MEDIUM
VM_013,1378874400,0.0,0.0564,0.0728,0.0573,0.0,0.0555,0.1532,0.062,0.1532,0.0466,0.4076,0.0771,MEDIUM
VM_013,1378874700,0.0,0.0372,0.0582,0.0451,0.0,0.0673,0.1425,0.062,0.1425,0.0474,0.4076,0.0761,MEDIUM
VM_013,1378875000,0.0,0.0436,0.0617,0.0463,0.0,0.0526,0.1376,0.0564,0.1376,0.0431,0.4076,0.0758,MEDIUM
VM_013,1378875300,0.0,0.0387,0.0523,0.0374,0.0,0.0422,0.1244,0.0495,0.1244,0.0397,0.4076,0.0754,MEDIUM
VM_013,1378875600,0.0,0.0458,0.0602,0.0394,0.0,0.0483,0.1351,0.0532,0.1351,0.0422,0.4084,0.0761,MEDIUM
VM_013,1378875900,0.0,0.0585,0.0617,0.0439,0.0,0.0381,0.1327,0.0529,0.1327,0.0412,0.4084,0.0758,MEDIUM
VM_013,1378876200,0.1333,0.0437,0.0651,0.0486,0.0,0.0378,0.1275,0.05,0.1275,0.0391,0.4076,0.0745,MEDIUM
VM_013,1378876500,0.0,0.0479,0.0574,0.0379,0.0,0.0262,0.1221,0.0437,0.1221,0.0381,0.4076,0.0751,MEDIUM
VM_013,1378876800,0.0,0.0489,0.0572,0.0366,0.0,0.0314,0.126,0.047,0.126,0.0389,0.4076,0.0749,MEDIUM
VM_013,1378877100,0.0,0.0661,0.0623,0.0326,0.0,0.0278,0.1268,0.0464,0.1268,0.0399,0.4076,0.0755,MEDIUM
VM_013,1378877400,0.0,0.0641,0.0659,0.0337,0.0,0.0344,0.1307,0.0487,0.1307,0.0403,0.4083,0.0756,MEDIUM
VM_013,1378877700,0.0,0.0631,0.0623,0.0269,0.0,0.0331,0.1294,0.0462,0.1294,0.0403,0.4083,0.0756,MEDIUM
VM_013,1378878000,0.1429,0.0729,0.0748,0.0379,0.0,0.0393,0.1341,0.0523,0.1341,0.0414,0.408,0.0748,MEDIUM
VM_013,1378878300,0.0,0.0815,0.0642,0.0182,0.0,0.0331,0.1286,0.0471,0.1286,0.0417,0.0819,0.0335,MEDIUM
VM_013,1378878600,0.0,0.068,0.0674,0.0231,0.0,0.0292,0.1238,0.0445,0.1238,0.0393,0.082,0.0326,MEDIUM
VM_013,1378878900,0.0,0.0684,0.0596,0.0119,0.0,0.0271,0.1183,0.0406,0.1183,0.038,0.0526,0.0287,LOW
VM_013,1378879200,0.0,0.0643,0.0618,0.0132,0.0,0.0239,0.115,0.0394,0.115,0.0367,0.0526,0.0281,LOW
VM_013,1378879500,0.0,0.0722,0.0526,0.0,0.0,0.0201,0.1068,0.0356,0.1068,0.0356,0.0526,0.0283,LOW
VM_013,1378879800,0.2,0.0747,0.0631,0.006,0.0,0.022,0.1025,0.0375,0.1025,0.0352,0.0599,0.0275,LOW
VM_013,1378880100,0.0667,0.071,0.0602,0.0029,0.0,0.0161,0.1045,0.035,0.1045,0.035,0.0602,0.028,LOW
VM_013,1378880400,0.1333,0.0749,0.0691,0.0113,0.0,0.0218,0.1071,0.0386,0.1071,0.036,0.0595,0.0268,LOW
VM_013,1378880700,0.0,0.0712,0.0518,0.0,0.0,0.0058,0.0973,0.0316,0.0973,0.0333,0.0595,0.0268,LOW
VM_013,1378881000,0.0,0.0519,0.0662,0.0264,0.0,0.0276,0.1265,0.0414,0.1265,0.0379,0.0595,0.0277,LOW
VM_013,1378881300,0.0,0.0505,0.0467,0.0,0.0,0.0048,0.1014,0.0286,0.1014,0.032,0.0595,0.0276,LOW
VM_013,1378881600,0.0,0.0596,0.0603,0.0086,0.0,0.0155,0.1211,0.0367,0.1211,0.0375,0.0595,0.0287,LOW
VM_013,1378881900,0.0,0.06,0.0489,0.0,0.0,0.0011,0.1036,0.0288,0.1036,0.0333,0.0595,0.0281,LOW
VM_013,1378882200,0.0,0.0429,0.0538,0.0084,0.0,0.0128,0.1173,0.0332,0.1173,0.0353,0.0595,0.0274,LOW
VM_013,1378882500,0.0,0.067,0.0551,0.0,0.0,0.0,0.1015,0.0281,0.1015,0.0334,0.0595,0.0278,LOW
VM_013,1378882800,0.0,0.0457,0.0514,0.0027,0.0,0.0052,0.112,0.0302,0.112,0.0343,0.0595,0.0268,LOW
VM_013,1378883100,0.0,0.0772,0.0573,0.0,0.0,0.0,0.0986,0.0276,0.0986,0.034,0.0595,0.0276,LOW
VM_013,1378883400,0.0,0.0572,0.0497,0.0,0.0,0.0,0.0911,0.0233,0.0911,0.0299,0.0553,0.0266,LOW
VM_013,1378883700,0.0,0.0694,0.0605,0.0,0.0,0.0,0.0951,0.0244,0.0951,0.0331,0.0553,0.0265,LOW
VM_013,1378884000,0.0,0.0592,0.0548,0.0,0.0,0.0,0.0968,0.0242,0.0968,0.0317,0.0553,0.0261,LOW
VM_013,1378884300,0.0,0.0689,0.0552,0.0,0.0,0.0,0.0908,0.0228,0.0908,0.0317,0.0553,0.0262,LOW
VM_013,1378884600,0.0,0.0564,0.0511,0.0,0.0,0.0,0.0952,0.0228,0.0952,0.031,0.0553,0.0259,LOW
VM_013,1378884900,0.0,0.0574,0.0505,0.0,0.0,0.0,0.0898,0.0209,0.0898,0.0299,0.0553,0.0259,LOW
VM_013,1378885200,0.1333,0.0613,0.0574,0.0,0.0,0.0,0.0922,0.0232,0.0922,0.0313,0.0544,0.0241,LOW
VM_013,1378885500,0.0,0.0675,0.0607,0.0,0.0,0.0,0.0951,0.023,0.0951,0.0331,0.0544,0.0253,LOW
VM_013,1378885800,0.0,0.0468,0.0531,0.0,0.0,0.0,0.0955,0.0208,0.0955,0.0306,0.0544,0.0243,LOW
VM_013,1378886100,0.0,0.0535,0.0535,0.0,0.0,0.0,0.0911,0.0202,0.0911,0.0302,0.0544,0.0249,LOW
VM_013,1378886400,0.0,0.0457,0.047,0.0,0.0,0.0,0.0959,0.0202,0.0959,0.0298,0.0544,0.0243,LOW
VM_013,1378886700,0.0,0.0552,0.0553,0.0,0.0,0.0,0.0976,0.0216,0.0976,0.0317,0.0544,0.0245,LOW
VM_013,1378887000,0.1333,0.0459,0.0484,0.0,0.0,0.0,0.0884,0.0191,0.0884,0.0281,0.046,0.022,LOW
VM_013,1378887300,0.0667,0.0435,0.0477,0.0,0.0,0.0,0.0867,0.0182,0.0867,0.0275,0.046,0.0219,LOW
VM_013,1378887600,0.0667,0.0447,0.0541,0.0,0.0,0.0,0.0931,0.0214,0.0931,0.029,0.0405,0.0202,LOW
VM_013,1378887900,0.0,0.0433,0.0509,0.0,0.0,0.0,0.0933,0.0203,0.0933,0.0288,0.0405,0.021,LOW
VM_013,1378888200,0.0,0.03,0.0385,0.0,0.0,0.0,0.0854,0.0164,0.0854,0.0252,0.0405,0.0204,LOW
VM_013,1378888500,0.0,0.0285,0.0374,0.0,0.0,0.0,0.0896,0.0169,0.0896,0.026,0.0405,0.0209,LOW
VM_013,1378888800,0.0,0.0226,0.0315,0.0,0.0,0.0,0.0888,0.016,0.0888,0.0252,0.0405,0.0205,LOW
VM_013,1378889100,0.0,0.0242,0.033,0.0,0.0,0.0,0.0889,0.016,0.0889,0.0254,0.0405,0.0209,LOW
VM_013,1378889400,0.0,0.016,0.0247,0.0,0.0,0.0,0.0847,0.014,0.0847,0.0237,0.0405,0.0206,LOW
VM_013,1378889700,0.0,0.0115,0.0228,0.0,0.0,0.0,0.0848,0.0133,0.0848,0.0237,0.0405,0.0208,LOW
VM_013,1378890000,0.0,0.0094,0.0219,0.0,0.0,0.0,0.0862,0.0142,0.0862,0.024,0.0405,0.0208,LOW
VM_013,1378890300,0.0,0.0251,0.0169,0.0,0.0,0.0,0.073,0.0114,0.073,0.0204,0.0405,0.0214,LOW
VM_013,1378890600,0.0,0.0,0.0127,0.0,0.0,0.0,0.0817,0.0116,0.0817,0.0228,0.0405,0.0209,LOW
VM_013,1378890900,0.0,0.0016,0.0072,0.0,0.0,0.0,0.0654,0.0078,0.0654,0.0178,0.0405,0.0208,LOW
VM_013,1378891200,0.0,0.0,0.0084,0.0,0.0,0.0,0.0784,0.0112,0.0784,0.0221,0.0405,0.0209,LOW
VM_013,1378891500,0.0,0.0,0.0041,0.0,0.0,0.0,0.069,0.0091,0.069,0.0193,0.0405,0.0208,LOW
VM_013,1378891800,0.0,0.0,0.0,0.0,0.0,0.0,0.0717,0.0098,0.0717,0.0206,0.0405,0.0204,LOW
VM_013,1378892100,0.0,0.0,0.0,0.0,0.0,0.0,0.0767,0.0103,0.0767,0.0219,0.0405,0.0212,LOW
VM_013,1378892400,0.0,0.0,0.0,0.0,0.0043,0.0,0.0754,0.0114,0.0754,0.0217,0.0321,0.0196,LOW
VM_013,1378892700,0.0,0.0,0.0,0.0,0.0037,0.0,0.072,0.01,0.072,0.0206,0.0321,0.0203,LOW
VM_013,1378893000,0.0,0.0,0.0,0.0,0.0,0.0,0.0686,0.0091,0.0686,0.0196,0.0321,0.0198,LOW
VM_013,1378893300,0.0,0.0,0.0,0.0,0.0032,0.0,0.0684,0.0097,0.0684,0.0199,0.0321,0.0202,LOW
VM_013,1378893600,0.0,0.0,0.0,0.0,0.0081,0.0,0.0718,0.0112,0.0718,0.0211,0.0321,0.0202,LOW
VM_013,1378893900,0.0,0.0,0.0,0.0,0.0198,0.0,0.0761,0.0138,0.0761,0.0232,0.0321,0.0205,LOW
VM_013,1378894200,0.0667,0.0,0.0,0.0,0.0151,0.0,0.0665,0.0112,0.0665,0.0203,0.0225,0.0184,LOW
VM_013,1378894500,0.0,0.0,0.0,0.0,0.0121,0.0,0.0678,0.0109,0.0678,0.0202,0.0188,0.0185,LOW
VM_013,1378894800,0.0,0.0,0.0,0.0,0.018,0.0,0.0721,0.0128,0.0721,0.0218,0.0136,0.0186,LOW
VM_013,1378895100,0.0,0.0,0.0,0.0,0.0216,0.0,0.0737,0.0136,0.0737,0.0224,0.0136,0.0192,LOW
VM_013,1378895400,0.0,0.0,0.0,0.0,0.0145,0.0,0.07,0.0118,0.07,0.0208,0.0136,0.0191,LOW
VM_013,1378895700,0.0,0.0,0.0,0.0,0.0122,0.0,0.0705,0.0116,0.0705,0.0206,0.0136,0.0192,LOW
VM_013,1378896000,0.0,0.0,0.0,0.0,0.0091,0.0,0.0653,0.01,0.0653,0.0189,0.0136,0.0183,LOW
VM_013,1378896300,0.0,0.0,0.0,0.0,0.0118,0.0,0.0688,0.0112,0.0688,0.02,0.0136,0.0186,LOW
VM_013,1378896600,0.0,0.0,0.0,0.0,0.0063,0.0,0.0662,0.0098,0.0662,0.0189,0.0136,0.0185,LOW
VM_013,1378896900,0.0,0.0,0.0,0.0,0.0054,0.0,0.0663,0.0097,0.0663,0.0188,0.0136,0.0186,LOW
VM_013,1378897200,0.0,0.0,0.0,0.0,0.0192,0.0,0.0737,0.0136,0.0737,0.0218,0.0136,0.0196,LOW
VM_013,1378897500,0.0,0.0,0.0,0.0,0.0181,0.0,0.0696,0.0123,0.0696,0.0205,0.0136,0.019,LOW
VM_013,1378897800,0.0,0.0,0.0,0.0,0.0152,0.0,0.0668,0.0117,0.0668,0.0196,0.0136,0.0193,LOW
VM_013,1378898100,0.0,0.0,0.0,0.0,0.0098,0.0,0.0657,0.0103,0.0657,0.0185,0.0136,0.0187,LOW
VM_013,1378898400,0.0,0.0,0.0,0.0,0.0096,0.0,0.0663,0.0105,0.0663,0.0187,0.0136,0.0187,LOW
VM_013,1378898700,0.0,0.0,0.0,0.0,0.0081,0.0,0.0663,0.01,0.0663,0.0185,0.0136,0.0187,LOW
VM_013,1378899000,0.0,0.0,0.0,0.0,0.0073,0.0,0.067,0.0101,0.067,0.0186,0.0136,0.0187,LOW
VM_013,1378899300,0.0,0.0,0.0,0.0,0.0,0.0,0.0636,0.008,0.0636,0.0175,0.0136,0.0187,LOW
VM_013,1378899600,0.0,0.0,0.0,0.0,0.0014,0.0,0.0681,0.0092,0.0681,0.0187,0.0136,0.0191,LOW
VM_013,1378899900,0.0,0.0,0.0,0.0,0.0056,0.0,0.0706,0.0103,0.0706,0.0194,0.0136,0.0194,LOW
VM_013,1378900200,0.0,0.0,0.0,0.0,0.0005,0.0,0.0654,0.0084,0.0654,0.018,0.0136,0.0192,LOW
VM_013,1378900500,0.0,0.0,0.0,0.0,0.0,0.0,0.0647,0.008,0.0647,0.0177,0.0136,0.0193,LOW
VM_013,1378900800,0.0,0.0,0.0,0.0,0.0,0.0,0.0623,0.0073,0.0623,0.017,0.0136,0.0193,LOW
VM_013,1378901100,0.0,0.0,0.0,0.0,0.0029,0.0,0.067,0.0094,0.067,0.0185,0.0136,0.0195,LOW
VM_013,1378901400,0.1333,0.0,0.0,0.0,0.0376,0.0,0.0699,0.0184,0.0699,0.0238,0.0272,0.0197,LOW
VM_013,1378901700,0.0667,0.0,0.0,0.0,0.0,0.0,0.0528,0.0066,0.0528,0.0146,0.0299,0.0202,LOW
VM_013,1378902000,0.0,0.0,0.0,0.0,0.0449,0.0,0.0711,0.0216,0.0711,0.0259,0.0299,0.0208,LOW
VM_013,1378902300,0.0667,0.0,0.0,0.0,0.0024,0.0,0.0551,0.0079,0.0551,0.0154,0.0321,0.0205,LOW
VM_013,1378902600,0.0,0.0,0.0,0.0,0.0094,0.0,0.0591,0.0109,0.0591,0.0174,0.0321,0.0206,LOW
VM_013,1378902900,0.0,0.0,0.0,0.0,0.0,0.0,0.0502,0.006,0.0502,0.0137,0.0321,0.0206,LOW
VM_023,1378613700,4.8333,4.8097,4.9927,5.1276,5.5868,5.1308,4.4693,5.1325,5.5894,0.3135,1.2178,0.2887,HIGH
VM_023,1378614000,4.6,4.4686,4.7135,4.8557,5.3081,4.847,4.2604,4.8544,5.3081,0.3023,1.2178,0.2802,HIGH
VM_023,1378614300,5.8,5.0937,5.3819,5.528,5.172,4.7851,4.5131,5.0877,5.5406,0.3192,1.2247,0.2787,HIGH
VM_023,1378614600,7.6,5.2926,5.3775,5.3669,5.05,4.7274,4.6028,5.0052,5.3775,0.2736,1.3192,0.2609,HIGH
VM_023,1378614900,6.8333,5.5374,5.5275,5.4015,4.9701,4.9845,5.1085,5.1587,5.5374,0.2292,1.3564,0.2553,HIGH
VM_023,1378615200,4.6667,5.3586,5.3671,5.2193,4.7364,4.8243,4.8939,4.9735,5.3671,0.2325,1.3549,0.2562,HIGH
VM_023,1378615500,8.6667,5.7474,5.5019,5.2637,5.0234,5.5741,5.782,5.4062,5.9405,0.3268,1.4733,0.3005,HIGH
VM_023,1378615800,4.7667,5.1713,5.059,4.9162,4.7132,5.3871,5.6697,5.1325,5.8475,0.382,1.4699,0.3341,HIGH
VM_023,1378616100,4.7333,5.1818,5.0638,4.8884,5.1923,5.7295,5.4633,5.3329,5.8386,0.3385,1.4699,0.3114,HIGH
VM_023,1378616400,4.7333,4.7376,4.5961,4.4831,4.9678,5.3859,4.9392,4.9657,5.4147,0.3352,1.4692,0.3005,HIGH
VM_023,1378616700,5.8,4.9222,4.9682,5.0167,5.6446,5.7061,5.17,5.3905,5.8776,0.3337,1.4682,0.3014,HIGH
VM_023,1378617000,4.6667,4.7347,4.7815,4.7742,5.3397,5.3184,4.7272,5.0915,5.5748,0.2898,1.4674,0.2886,HIGH
VM_023,1378617300,5.5667,5.04,5.0994,5.1224,5.6736,5.3778,4.7139,5.2781,5.6736,0.2605,1.4609,0.301,HIGH
VM_023,1378617600,7.8667,4.9816,5.0792,5.1068,5.6107,5.3088,4.6589,5.2221,5.6107,0.2586,1.527,0.3085,HIGH
VM_023,1378617900,4.7333,5.1684,5.4875,5.6887,5.4437,5.0014,4.5762,5.266,5.7168,0.3498,1.5261,0.3307,HIGH
VM_023,1378618200,4.7333,5.239,5.4478,5.5232,5.1479,4.8644,4.6826,5.116,5.5232,0.271,1.5206,0.2946,HIGH
VM_023,1378618500,5.8,5.489,5.5439,5.4838,5.1945,5.0931,4.9707,5.2387,5.5439,0.1908,1.5135,0.262,HIGH
VM_023,1378618800,5.0333,5.3627,5.3442,5.2317,4.9294,4.969,4.9078,5.071,5.3627,0.1614,1.516,0.2505,HIGH
VM_023,1378619100,6.5333,5.2565,5.3219,5.2325,4.8096,5.2613,5.573,5.197,5.7091,0.2653,1.179,0.2577,HIGH
VM_023,1378619400,4.7,5.039,5.0588,4.932,4.7085,5.3014,5.6381,5.0957,5.7983,0.35,1.1736,0.2795,HIGH
VM_023,1378619700,4.7333,5.0862,5.0912,4.8961,4.9806,5.5124,5.3147,5.2083,5.6969,0.2695,1.1736,0.2526,HIGH
VM_023,1378620000,4.7,4.6806,4.6617,4.5495,4.9496,5.4204,4.95,5.0043,5.4727,0.3293,1.1763,0.2601,HIGH
VM_023,1378620300,4.8333,4.6387,4.6952,4.7495,5.4462,5.5769,4.8757,5.1888,5.7923,0.389,1.1779,0.2876,HIGH
VM_023,1378620600,4.7333,4.5952,4.6128,4.639,5.3026,5.2308,4.4687,4.9739,5.5976,0.3543,1.1759,0.2844,HIGH
VM_023,1378620900,8.8333,5.3781,5.2755,5.1303,5.6669,5.3876,4.7935,5.3107,5.6669,0.2248,1.35,0.2765,HIGH
VM_023,1378621200,9.5333,5.4521,5.3229,5.1314,5.4817,5.1704,4.7411,5.1925,5.4817,0.1936,1.5443,0.2858,HIGH
VM_023,1378621500,4.9667,5.1532,5.4306,5.529,5.3567,4.97,4.7331,5.1859,5.529,0.2607,1.555,0.2937,HIGH
VM_023,1378621800,4.7,5.0317,5.2785,5.3858,4.9372,4.7676,4.8214,4.9884,5.3858,0.2177,1.5233,0.2776,HIGH
VM_023,1378622100,4.8333,5.2288,5.4295,5.4563,5.0548,5.0703,5.1653,5.1959,5.4563,0.1562,1.5134,0.2515,HIGH
VM_023,1378622400,4.6667,5.2892,5.297,5.1646,4.8805,5.0553,4.9549,5.0715,5.297,0.1359,1.5134,0.2435,HIGH
VM_023,1378622700,9.2333,5.6182,5.4435,5.2423,5.0256,5.4093,5.4079,5.301,5.6931,0.2255,1.5665,0.28,HIGH
VM_023,1378623000,4.5667,4.912,4.9561,4.9376,4.8085,5.3367,5.5054,5.0929,5.7578,0.3114,1.5719,0.3283,HIGH
VM_023,1378623300,4.7,5.2257,5.1975,5.0375,5.217,5.6217,5.2451,5.3299,5.7178,0.2312,1.5728,0.2899,HIGH
VM_023,1378623600,4.8333,4.7787,4.7586,4.7073,5.1862,5.5115,4.9428,5.1189,5.5115,0.3014,1.5704,0.2966,HIGH
VM_023,1378623900,5.5,4.7958,4.842,4.9289,5.7761,5.6911,4.7892,5.3387,5.9741,0.4262,1.5703,0.3416,HIGH
VM_023,1378624200,6.2,4.8503,4.8866,4.9418,5.6667,5.4749,4.5089,5.2383,5.925,0.4148,1.5607,0.3678,HIGH
VM_023,1378624500,6.8667,5.386,5.4561,5.4253,5.8585,5.4925,4.8226,5.4616,5.8585,0.2684,1.5788,0.3251,HIGH
VM_023,1378624800,4.7,5.0502,5.3018,5.3941,5.5367,5.1196,4.715,5.2158,5.5804,0.2447,1.525,0.2981,HIGH
VM_023,1378625100,5.5,5.4631,5.8119,5.8867,5.3915,5.1074,5.1523,5.4091,5.8867,0.2905,1.5138,0.2896,HIGH
VM_023,1378625400,9.0333,5.9901,5.9779,5.8034,5.1677,5.132,5.2776,5.4009,5.9901,0.3513,1.6498,0.3401,HIGH
VM_023,1378625700,9.3333,6.3151,6.1191,5.7977,5.3631,5.6039,5.6187,5.6625,6.3151,0.3044,1.7987,0.3509,HIGH
VM_023,1378626000,7.8333,6.0124,5.8172,5.5078,5.1843,5.5293,5.369,5.4749,6.0124,0.2546,1.8259,0.3322,HIGH
VM_023,1378626300,7.8333,5.7815,5.5813,5.4253,5.2134,5.7266,5.776,5.5382,6.0285,0.2702,1.8587,0.3437,HIGH
VM_023,1378626600,5.2,5.2955,5.1732,5.0602,5.1723,5.7656,5.7529,5.4064,6.0319,0.3459,1.8446,0.3776,HIGH
VM_023,1378626900,4.8667,5.4652,5.2876,5.0946,5.6576,6.0145,5.4275,5.5934,6.0145,0.3131,1.8403,0.345,HIGH
VM_023,1378627200,5.6333,5.1465,4.9839,4.9044,5.6074,5.8312,5.0907,5.4054,5.8585,0.346,1.8177,0.3461,HIGH
VM_023,1378627500,7.1333,5.1447,5.1167,5.1397,5.9618,5.8595,4.9345,5.5371,6.2034,0.4086,1.8028,0.3814,HIGH
VM_023,1378627800,4.8,4.9517,5.1334,5.2951,5.8211,5.5097,4.7125,5.3953,5.9126,0.3741,1.8003,0.373,HIGH
VM_023,1378628100,4.8333,5.257,5.5548,5.677,5.8658,5.4515,5.0103,5.5329,5.95,0.2705,1.7402,0.3344,HIGH
VM_023,1378628400,4.6,5.0277,5.3521,5.5183,5.5888,5.0765,4.6299,5.2458,5.7103,0.3216,1.6079,0.3341,HIGH
VM_023,1378628700,4.7,5.2607,5.6485,5.8368,5.2592,4.9175,4.8098,5.2656,5.8368,0.3536,1.6158,0.3288,HIGH
VM_023,1378629000,4.7333,5.1889,5.5307,5.6842,4.8649,4.7281,4.8661,5.0783,5.6842,0.335,1.6147,0.3203,HIGH
VM_023,1378629300,5.0667,5.4815,5.6404,5.6078,4.8561,5.0519,5.4251,5.2483,5.6404,0.284,1.6086,0.3045,HIGH
VM_023,1378629600,4.6,5.3488,5.4097,5.2732,4.6232,4.9209,5.1571,5.0323,5.4097,0.2668,1.6109,0.3001,HIGH
VM_023,1378629900,7.0333,5.204,5.1897,5.1028,4.8518,5.4131,5.6079,5.2194,5.809,0.2936,1.4712,0.302,HIGH
VM_023,1378630200,4.6,4.707,4.8044,4.8188,4.7364,5.4481,5.6405,5.0892,5.8871,0.4137,1.47,0.3398,HIGH
VM_023,1378630500,4.7,4.8728,4.8701,4.8401,5.244,5.7208,5.2485,5.2859,5.7234,0.3534,1.47,0.2933,HIGH
VM_023,1378630800,4.8,4.6871,4.7004,4.7007,5.1568,5.5192,4.999,5.1115,5.5192,0.3266,1.471,0.2872,HIGH
VM_023,1378631100,5.2667,4.7636,4.7795,4.8351,5.6041,5.5724,4.7362,5.2331,5.8936,0.401,1.4741,0.3261,HIGH
VM_023,1378631400,5.7,4.6755,4.7015,4.788,5.4165,5.2388,4.414,5.041,5.6688,0.3748,1.4722,0.3373,HIGH
VM_023,1378631700,5.5333,4.9184,5.1412,5.2521,5.5404,5.1442,4.6259,5.1833,5.5789,0.2745,1.4555,0.2995,HIGH
VM_023,1378632000,4.6667,4.7081,5.0089,5.1752,5.3351,4.8684,4.4469,4.9861,5.4202,0.2899,1.4566,0.302,HIGH
VM_023,1378632300,4.7,5.1215,5.5369,5.6674,5.1317,4.7617,4.6554,5.1104,5.6674,0.353,1.4716,0.3085,HIGH
VM_023,1378632600,4.6667,5.0395,5.4117,5.5482,4.9019,4.6288,4.6992,4.9736,5.5482,0.3286,1.3041,0.2764,HIGH
VM_023,1378632900,4.8333,5.2152,5.4976,5.5156,4.8116,4.8428,5.0572,5.0796,5.5156,0.2661,1.0286,0.2271,HIGH
VM_023,1378633200,6.8,5.4651,5.4781,5.2978,4.6881,4.8836,4.9742,5.027,5.4781,0.2719,0.9376,0.2173,HIGH
VM_023,1378633500,6.6333,5.0584,5.0746,5.0086,4.6911,5.1634,5.3199,5.0261,5.559,0.2522,0.8217,0.2081,HIGH
VM_023,1378633800,4.8333,4.75,4.7842,4.7718,4.6316,5.2195,5.4053,4.9545,5.661,0.3445,0.8262,0.2412,HIGH
VM_023,1378634100,6.1,5.0599,4.9535,4.817,5.1711,5.5137,5.1035,5.1867,5.5412,0.2611,0.8403,0.2007,HIGH
VM_023,1378634400,4.8667,4.6342,4.5933,4.5775,5.0377,5.2825,4.8371,4.9534,5.2825,0.2855,0.8412,0.1919,HIGH
VM_023,1378634700,4.7333,4.6742,4.8191,4.9563,5.4928,5.351,4.7594,5.1639,5.6106,0.3123,0.7459,0.2065,HIGH
VM_023,1378635000,4.6333,4.6227,4.8173,4.9629,5.4107,5.1428,4.5622,5.0657,5.4596,0.3029,0.7501,0.2024,HIGH
VM_023,1378635300,4.6333,4.8367,5.1609,5.3365,5.442,5.0685,4.789,5.1787,5.5869,0.2329,0.7549,0.1912,HIGH
VM_023,1378635600,4.5667,4.6712,4.9864,5.151,5.2523,4.8668,4.5201,4.9816,5.4003,0.2483,0.756,0.2011,HIGH
VM_023,1378635900,4.6333,4.9554,5.3318,5.5078,5.0043,4.7717,4.7015,5.0479,5.5078,0.284,0.7578,0.1926,HIGH
VM_023,1378636200,4.7,4.8592,5.1873,5.3393,4.7181,4.5763,4.6287,4.8579,5.3393,0.2738,0.7586,0.1884,HIGH
VM_023,1378636500,4.7667,5.1371,5.3035,5.3181,4.7346,4.8676,5.0561,5.0244,5.3187,0.2155,0.7623,0.1707,MEDIUM
VM_023,1378636800,4.7667,5.1726,5.2057,5.1185,4.5952,4.7685,4.86,4.8914,5.2057,0.2125,0.758,0.1698,MEDIUM
VM_023,1378637100,7.5667,5.0908,5.0334,4.9441,4.699,5.1118,5.2299,4.9955,5.493,0.228,0.8214,0.1993,HIGH
VM_023,1378637400,6.8333,5.022,4.9153,4.7797,4.6352,5.2152,5.3414,4.9727,5.6234,0.3222,0.8803,0.2457,HIGH
VM_023,1378637700,4.8,4.9448,4.8943,4.7875,4.9395,5.3402,5.1233,5.057,5.4648,0.2312,0.8778,0.2072,HIGH
VM_023,1378638000,4.8667,4.6084,4.5669,4.485,4.8062,5.2091,4.9595,4.8538,5.295,0.2934,0.8764,0.2188,HIGH
VM_023,1378638300,4.8333,4.6086,4.7021,4.7434,5.2611,5.3074,4.7632,5.0384,5.491,0.2921,0.8806,0.2174,HIGH
VM_023,1378638600,5.6667,4.6512,4.6801,4.6728,5.1948,5.1652,4.5277,4.9483,5.4175,0.2801,0.8799,0.2181,HIGH
VM_023,1378638900,9.1667,5.4855,5.3611,5.2223,5.4729,5.2699,4.8284,5.2688,5.4855,0.1679,1.191,0.2306,HIGH
VM_023,1378639200,9.0667,5.5023,5.3742,5.2352,5.4015,5.1626,4.7668,5.2058,5.5023,0.1854,1.3964,0.2662,HIGH
VM_023,1378639500,6.3,5.5244,5.5781,5.5596,5.1809,4.9957,4.9331,5.2164,5.5781,0.2384,1.3913,0.2548,HIGH
VM_023,1378639800,4.8667,5.2978,5.3485,5.3956,5.0032,4.8834,4.8777,5.0625,5.3956,0.2013,1.3858,0.2467,HIGH
VM_023,1378640100,4.8333,5.3893,5.3175,5.3105,4.9945,5.1833,5.3121,5.1992,5.4742,0.1531,1.3858,0.2356,HIGH
VM_023,1378640400,4.7333,5.3735,5.2378,5.1579,4.9264,5.1276,5.1114,5.1145,5.3735,0.1369,1.375,0.2293,HIGH
VM_023,1378640700,6.5,5.2106,5.0855,5.0268,4.922,5.4739,5.7321,5.2372,5.9212,0.336,1.3708,0.3079,HIGH
VM_023,1378641000,4.7667,4.9021,4.8326,4.7769,4.7677,5.3308,5.5116,5.0478,5.7702,0.3562,1.3724,0.3181,HIGH
VM_023,1378641300,4.6,4.9929,4.897,4.7904,5.1593,5.569,5.184,5.2041,5.6139,0.2867,1.3804,0.2745,HIGH
VM_023,1378641600,5.0667,4.7654,4.674,4.611,4.9834,5.3738,4.9475,5.0044,5.3753,0.2849,1.377,0.2671,HIGH
VM_023,1378641900,4.8,4.7261,4.7746,4.8766,5.4097,5.4187,4.8213,5.1645,5.6674,0.3121,1.3755,0.2878,HIGH
VM_023,1378642200,4.8,4.5662,4.6023,4.6598,5.1532,5.0971,4.4793,4.905,5.3825,0.2834,1.3714,0.2828,HIGH
VM_023,1378642500,4.6,4.8146,4.957,5.0859,5.3276,5.0077,4.655,5.0432,5.3656,0.1953,1.3723,0.2602,HIGH
VM_023,1378642800,4.7667,4.7284,4.8921,5.0072,5.158,4.8551,4.5358,4.9166,5.2113,0.182,1.367,0.2553,HIGH
VM_023,1378643100,4.7,5.0147,5.3432,5.535,4.8868,4.6286,4.6309,4.9709,5.535,0.317,1.3652,0.2824,HIGH
VM_023,1378643400,4.7667,4.9957,5.2219,5.3348,4.6827,4.5481,4.6934,4.8404,5.3348,0.2801,1.3635,0.275,HIGH
VM_023,1378643700,4.8333,5.1731,5.2677,5.2228,4.6457,4.8801,5.2046,4.9887,5.3941,0.253,1.362,0.2698,HIGH
VM_023,1378644000,4.8,5.0716,5.0733,4.9457,4.5545,4.8619,4.9418,4.8593,5.2229,0.203,1.3612,0.2537,HIGH
VM_023,1378644300,6.5,4.9544,4.8185,4.6999,4.6609,5.2618,5.3566,4.9824,5.6425,0.3302,1.3079,0.2967,HIGH
VM_023,1378644600,4.7,4.6784,4.6252,4.5785,4.5529,5.1872,5.2841,4.8696,5.6235,0.3713,1.284,0.3156,HIGH
VM_023,1378644900,4.5667,4.8034,4.6602,4.5685,4.9575,5.3493,4.9434,4.9905,5.3989,0.2981,1.2896,0.2681,HIGH
VM_023,1378645200,4.9,4.6714,4.4907,4.3761,4.8546,5.1836,4.7483,4.8243,5.1836,0.2925,1.289,0.2615,HIGH
VM_023,1378645500,4.8333,4.6017,4.6819,4.7607,5.3177,5.2063,4.5803,4.9984,5.4644,0.301,1.289,0.27,HIGH
VM_023,1378645800,4.9,4.5701,4.6658,4.7564,5.1646,4.9749,4.3632,4.8725,5.2987,0.2733,1.2911,0.2763,HIGH
VM_023,1378646100,4.6667,4.7772,5.011,5.1459,5.2523,4.8747,4.5338,4.9777,5.3259,0.2183,1.0083,0.2231,HIGH
VM_023,1378646400,4.7,4.7273,4.9987,5.1423,5.1634,4.7985,4.5609,4.9286,5.2545,0.2006,0.5729,0.1556,MEDIUM
VM_023,1378646700,4.6333,4.9761,5.2614,5.3952,4.9316,4.6797,4.623,4.9507,5.3952,0.2634,0.5025,0.1558,MEDIUM
VM_023,1378647000,4.8,4.9669,5.119,5.1997,4.7909,4.6754,4.6386,4.8661,5.1997,0.2069,0.5029,0.1387,MEDIUM
VM_023,1378647300,4.6,4.985,4.9801,4.961,4.7307,4.8516,4.7572,4.8623,5.0703,0.113,0.5067,0.1086,MEDIUM
VM_023,1378647600,4.8333,4.8692,4.8388,4.8237,4.5797,4.7226,4.6164,4.731,4.931,0.1081,0.5057,0.1064,MEDIUM
VM_023,1378647900,6.4667,4.7721,4.7052,4.6977,4.5508,4.9969,5.2163,4.8183,5.3939,0.2757,0.5011,0.1759,HIGH
VM_023,1378648200,4.7333,4.742,4.6948,4.6548,4.4996,4.949,5.3523,4.7944,5.521,0.345,0.5015,0.2009,HIGH
VM_023,1378648500,4.5333,4.8204,4.7678,4.6433,4.9275,5.1781,4.9963,4.9411,5.3401,0.2199,0.5034,0.1527,MEDIUM
VM_023,1378648800,5.0,4.6529,4.5766,4.5073,4.8944,5.1156,4.7413,4.842,5.1742,0.2331,0.5026,0.1434,MEDIUM
VM_023,1378649100,4.9333,4.5971,4.7179,4.7938,5.1477,5.1509,4.6339,4.9696,5.3084,0.2389,0.5023,0.1486,MEDIUM
VM_023,1378649400,4.8333,4.5521,4.6271,4.6966,5.0404,5.0177,4.4558,4.867,5.2735,0.2453,0.5021,0.1611,MEDIUM
VM_023,1378649700,4.7667,4.8816,4.9148,4.9495,5.2285,4.9845,4.5692,4.9786,5.2285,0.1647,0.4989,0.142,MEDIUM
VM_023,1378650000,6.3333,4.9724,4.9427,4.9363,5.2152,4.8897,4.4446,4.9241,5.2152,0.1847,0.5762,0.1651,MEDIUM
VM_023,1378650300,4.5,4.9766,5.1626,5.3157,4.9723,4.6628,4.5253,4.919,5.3157,0.2487,0.5818,0.1681,MEDIUM
VM_023,1378650600,4.7667,5.06,5.2335,5.355,4.8559,4.601,4.6594,4.8987,5.355,0.262,0.5818,0.1639,MEDIUM
VM_023,1378650900,4.7333,5.1421,5.1325,5.0898,4.7707,4.7447,4.8801,4.8848,5.1421,0.1738,0.5831,0.1367,MEDIUM
VM_023,1378651200,7.3333,5.5272,5.3095,5.0603,4.8186,4.9342,4.9251,4.9922,5.5272,0.2238,0.7565,0.1906,HIGH
VM_023,1378651500,9.3333,5.5638,5.2631,4.9962,4.7719,5.2461,5.5205,5.1253,5.645,0.334,1.1226,0.2562,HIGH
VM_023,1378651800,4.7,4.9709,4.8047,4.6666,4.5625,5.1648,5.4771,4.9099,5.6404,0.3918,1.1226,0.2949,HIGH
VM_023,1378652100,4.5,5.0544,4.8419,4.6427,4.8678,5.3408,5.2784,5.0216,5.5621,0.323,1.1243,0.2716,HIGH
VM_023,1378652400,6.6333,5.1025,4.8206,4.6471,5.0173,5.444,5.2344,5.0872,5.5667,0.3248,1.1605,0.2724,HIGH
VM_023,1378652700,8.9667,5.4742,5.1319,4.9143,5.5043,5.7889,5.2717,5.4126,5.8575,0.3281,1.3813,0.3031,HIGH
VM_023,1378653000,4.9333,5.074,5.0034,4.9841,5.4613,5.5,4.9391,5.2574,5.666,0.2518,1.3808,0.2658,HIGH
VM_023,1378653300,4.5333,5.3627,5.3229,5.3402,5.7466,5.4906,4.942,5.416,5.7466,0.2019,1.3842,0.2728,HIGH
VM_023,1378653600,4.7,5.1635,5.2277,5.3159,5.6057,5.2862,4.7642,5.2821,5.6057,0.2146,1.3842,0.2772,HIGH
VM_023,1378653900,4.5333,5.2502,5.4691,5.6693,5.4354,5.0512,4.7642,5.2857,5.6693,0.2651,1.3868,0.285,HIGH
VM_023,1378654200,4.8333,5.1613,5.2886,5.4403,5.1175,4.8402,4.7447,5.0704,5.4403,0.2155,1.3862,0.2602,HIGH
VM_023,1378654500,4.7333,5.3031,5.3825,5.4665,5.0278,5.0198,5.25,5.1858,5.5018,0.2061,1.383,0.2544,HIGH
VM_023,1378654800,6.5667,5.433,5.3498,5.2455,4.9174,5.0781,5.1564,5.1315,5.4461,0.2054,1.3961,0.2549,HIGH
VM_023,1378655100,6.4,5.3756,5.251,5.1562,4.7848,5.3541,5.5657,5.2133,5.8276,0.3168,1.3941,0.3022,HIGH
VM_023,1378655400,4.8333,4.9304,4.8391,4.7902,4.5867,5.3168,5.6215,5.0254,5.8886,0.4315,1.3919,0.3401,HIGH
VM_023,1378655700,4.5667,5.073,4.8552,4.7129,4.9131,5.4602,5.2199,5.1134,5.6647,0.3193,1.3909,0.3015,HIGH
VM_023,1378656000,5.0,4.9883,4.7404,4.6188,5.0057,5.4779,5.1392,5.0876,5.5689,0.3344,1.3909,0.2946,HIGH
VM_023,1378656300,5.9667,4.8126,4.6882,4.6682,5.3099,5.4411,4.888,5.1055,5.5923,0.326,1.3886,0.2875,HIGH
VM_023,1378656600,8.8,5.2508,4.9441,4.7784,5.4179,5.4292,4.772,5.1894,5.6751,0.2933,1.5296,0.3031,HIGH
VM_023,1378656900,7.6333,5.3652,5.2985,5.2251,5.4768,5.3191,5.0041,5.286,5.4768,0.1188,1.5645,0.2567,HIGH
VM_023,1378657200,4.7333,5.0346,5.1962,5.2664,5.5064,5.2002,4.8897,5.2196,5.5064,0.1574,1.576,0.2752,HIGH
VM_023,1378657500,7.6333,5.7189,5.7848,5.7286,5.499,5.2512,5.0723,5.4412,5.7848,0.2203,1.5968,0.2892,HIGH
VM_023,1378657800,5.0667,5.3349,5.5261,5.652,5.3106,5.0521,4.9035,5.2633,5.652,0.2203,1.5887,0.2924,HIGH
VM_023,1378658100,9.0333,6.1879,5.9404,5.7244,5.4107,5.6563,5.8286,5.6783,6.1879,0.2726,1.6903,0.3159,HIGH
VM_023,1378658400,7.7,6.0797,5.7582,5.4233,5.2256,5.5081,5.5366,5.4792,6.0797,0.2764,1.7037,0.3288,HIGH
VM_023,1378658700,7.4333,5.9225,5.5525,5.3453,5.4316,6.0099,5.9545,5.6784,6.1971,0.3291,1.587,0.3268,HIGH
VM_023,1378659000,5.4667,5.3609,5.1428,5.0141,5.0155,5.6795,5.8543,5.3402,6.0901,0.4103,1.5669,0.3626,HIGH
VM_023,1378659300,5.3667,5.5243,5.2657,5.1537,5.6369,6.0011,5.4831,5.6068,6.0499,0.3191,1.5393,0.3124,HIGH
VM_023,1378659600,9.4333,5.9737,5.4219,5.088,5.7052,6.1393,5.7339,5.7099,6.1491,0.3773,1.6821,0.348,HIGH
VM_023,1378659900,7.4333,5.5313,5.4039,5.3861,6.1801,5.9853,5.1998,5.7348,6.254,0.3438,1.5997,0.33,HIGH
VM_023,1378660200,5.5,5.3056,5.3076,5.389,5.9584,5.7347,5.033,5.5765,6.0488,0.3076,1.5852,0.3236,HIGH
VM_023,1378660500,9.0333,6.0797,5.9967,5.9128,6.0242,5.6985,5.3361,5.8076,6.0797,0.2023,1.649,0.2996,HIGH
VM_023,1378660800,9.3,6.2822,6.086,5.924,6.1821,5.8217,5.2961,5.893,6.2822,0.2539,1.7149,0.3367,HIGH
VM_023,1378661100,8.0667,6.4224,6.4,6.33,5.8393,5.6051,5.465,5.8983,6.4224,0.3258,1.6864,0.3296,HIGH
VM_023,1378661400,4.9333,5.6408,5.7907,5.9208,5.5982,5.3378,5.1397,5.5416,5.9208,0.2201,1.6817,0.3082,HIGH
VM_023,1378661700,9.0667,6.442,6.1921,6.0235,5.654,5.9223,6.1113,5.9473,6.442,0.2666,1.6947,0.3151,HIGH
VM_023,1378662000,9.2333,6.6936,6.3849,6.1052,5.7058,5.8418,5.8606,5.9572,6.6936,0.3038,1.7599,0.3521,HIGH
VM_023,1378662300,10.7667,6.8569,6.3254,5.9333,6.0009,6.5248,6.5656,6.2732,6.8569,0.3739,1.9157,0.3803,HIGH
VM_023,1378662600,5.4,5.7934,5.5792,5.4623,5.3969,6.0697,6.2659,5.7483,6.4881,0.4068,1.889,0.3987,HIGH
VM_023,1378662900,4.5333,5.8481,5.6725,5.5368,6.0978,6.4254,5.7188,6.0019,6.4927,0.331,1.891,0.3559,HIGH
VM_023,1378663200,5.4667,5.5743,5.3604,5.246,5.8262,6.1949,5.5341,5.7574,6.222,0.3461,1.8698,0.3554,HIGH
VM_023,1378663500,6.3333,5.4379,5.4291,5.5091,6.3195,6.0555,5.0196,5.8083,6.5109,0.4435,1.8607,0.4151,HIGH
VM_023,1378663800,4.8667,5.208,5.2087,5.3044,5.9098,5.6488,4.8994,5.5122,6.0925,0.3477,1.8888,0.3835,HIGH
VM_023,1378664100,4.6333,5.5255,5.797,6.0209,5.9862,5.4351,5.096,5.6747,6.1007,0.3189,1.9475,0.3687,HIGH
VM_023,1378664400,4.8667,5.2853,5.6097,5.7734,5.8063,5.3122,5.0433,5.5047,5.8571,0.2668,1.9412,0.3454,HIGH
VM_023,1378664700,4.6,5.5643,6.0296,6.2344,5.3234,5.0053,5.0674,5.4735,6.2344,0.4331,1.9922,0.401,HIGH
VM_023,1378665000,5.7333,5.4898,5.7539,5.8666,5.1272,4.9144,5.022,5.2893,5.8666,0.3338,1.9713,0.3656,HIGH
VM_023,1378665300,10.7333,6.5283,6.0681,5.6465,5.3064,5.6518,5.8821,5.6952,6.5283,0.3661,2.0809,0.4181,HIGH
VM_023,1378665600,5.0667,5.6288,5.5482,5.4223,5.0384,5.352,5.511,5.3556,5.688,0.2152,2.1069,0.3472,HIGH
VM_023,1378665900,7.2667,5.5893,5.4798,5.3971,5.167,5.8087,6.4343,5.6025,6.4867,0.4723,2.105,0.4353,HIGH
VM_023,1378666200,4.7333,5.3374,5.189,5.0623,4.9602,5.6618,6.0979,5.3738,6.2717,0.4675,2.1303,0.4485,HIGH
VM_023,1378666500,4.7,5.3346,5.1653,5.03,5.6788,6.1779,5.7146,5.6621,6.2354,0.4267,2.1535,0.4189,HIGH
VM_023,1378666800,9.2333,5.5984,5.1753,4.8619,5.5738,6.1287,5.6097,5.5863,6.1709,0.4403,2.143,0.4298,HIGH
VM_023,1378667100,9.1333,5.6562,5.4754,5.3864,6.2174,6.183,5.2793,5.8545,6.6201,0.4148,2.1948,0.4402,HIGH
VM_023,1378667400,7.7,5.6947,5.5125,5.4219,6.1169,5.9708,5.2448,5.7595,6.3029,0.3232,2.184,0.4054,HIGH
VM_023,1378667700,4.6667,5.7067,5.8565,5.97,6.254,5.7139,5.1897,5.8143,6.254,0.2879,2.1797,0.4056,HIGH
VM_023,1378668000,7.1333,5.8678,5.7993,5.7643,6.2692,5.7672,5.0807,5.7904,6.2692,0.3019,2.1116,0.4115,HIGH
VM_023,1378668300,4.5,5.6074,5.8767,6.0731,5.7382,5.3107,4.9793,5.5984,6.0731,0.3299,2.1307,0.4028,HIGH
VM_023,1378668600,5.0,5.612,5.7784,5.9347,5.611,5.2388,4.9484,5.5089,5.9347,0.2916,2.1287,0.3898,HIGH
VM_023,1378668900,5.1667,5.6796,5.6807,5.6861,5.2984,5.3635,5.4581,5.4811,5.6861,0.153,2.0702,0.3158,HIGH
VM_023,1378669200,4.8,5.629,5.6575,5.6408,5.347,5.3383,5.3535,5.4639,5.6575,0.1337,1.9945,0.3012,HIGH
VM_023,1378669500,9.4333,5.8986,5.581,5.3172,5.2729,5.7389,6.0592,5.5827,6.164,0.3491,1.8746,0.3582,HIGH
VM_023,1378669800,6.7,5.5841,5.3625,5.2274,5.1423,5.7059,5.9957,5.4814,6.1437,0.3614,1.8732,0.3725,HIGH
VM_023,1378670100,4.5,5.3643,5.2614,5.1491,5.5342,5.8858,5.6315,5.5476,5.9506,0.2894,1.8744,0.3387,HIGH
VM_023,1378670400,4.9,5.3486,5.2327,5.142,5.4392,5.7457,5.4853,5.4737,5.8305,0.242,1.8866,0.3262,HIGH
VM_023,1378670700,4.6667,5.0939,5.2183,5.2913,5.8158,5.7407,5.176,5.5462,6.059,0.3067,1.9082,0.359,HIGH
VM_023,1378671000,4.8667,5.012,5.0331,5.0455,5.5418,5.5059,4.9463,5.3201,5.7909,0.2698,1.9082,0.3448,HIGH
VM_023,1378671300,7.2667,5.5953,5.5538,5.5001,5.9169,5.519,4.9167,5.5505,5.9169,0.2546,1.9,0.3621,HIGH
VM_023,1378671600,7.2667,5.5514,5.5352,5.4846,5.866,5.4898,4.9533,5.5238,5.866,0.2346,1.8932,0.3509,HIGH
VM_023,1378671900,4.6,5.5011,5.8455,6.0392,5.4928,5.0827,4.9221,5.4592,6.0392,0.3654,1.8932,0.3751,HIGH
VM_023,1378672200,4.9333,5.6048,5.8132,5.8724,5.3119,5.047,5.0431,5.3782,5.8724,0.3023,1.9095,0.3441,HIGH
VM_023,1378672500,4.8,5.6501,5.6928,5.6392,5.2093,5.3437,5.4999,5.4498,5.7281,0.1871,1.6666,0.2799,HIGH
VM_023,1378672800,5.3333,5.4866,5.4734,5.3232,5.0448,5.2752,5.2328,5.2842,5.5539,0.1553,1.6613,0.2734,HIGH
VM_023,1378673100,11.3667,6.2176,5.6757,5.2574,5.2461,5.879,5.9897,5.6419,6.2176,0.4002,1.9805,0.3865,HIGH
VM_023,1378673400,9.2,5.9032,5.4233,5.0886,5.1484,5.8987,6.0281,5.5431,6.283,0.4512,2.051,0.4346,HIGH
VM_023,1378673700,6.7667,5.9329,5.498,5.13,5.7046,6.2205,5.7159,5.7494,6.2205,0.3881,2.0229,0.3969,HIGH
VM_023,1378674000,4.9,5.485,5.2179,5.0374,5.564,6.0228,5.5284,5.5601,6.0228,0.3507,1.9525,0.374,HIGH
VM_023,1378674300,4.6667,5.2485,5.1848,5.185,5.9684,5.9617,5.0781,5.6072,6.2732,0.404,1.8754,0.382,HIGH
VM_023,1378674600,4.9,5.184,5.1187,5.1326,5.8829,5.7466,4.8237,5.488,6.1517,0.3998,1.8551,0.3951,HIGH
VM_023,1378674900,4.6667,5.2685,5.3791,5.4746,6.0006,5.4869,4.5925,5.4861,6.0006,0.3972,1.8551,0.4046,HIGH
VM_023,1378675200,4.8667,5.1008,5.2395,5.391,5.9636,5.4077,4.545,5.4041,5.9636,0.4133,1.8489,0.405,HIGH
VM_023,1378675500,4.5333,5.3007,5.6639,5.9555,5.5481,5.0034,4.6535,5.3747,5.9754,0.4166,1.8478,0.3935,HIGH
VM_023,1378675800,4.9,5.3829,5.6538,5.8795,5.3208,4.8631,4.8474,5.2803,5.8795,0.3588,1.8499,0.3595,HIGH
VM_023,1378676100,4.6667,5.5732,5.7386,5.7821,4.9438,4.9905,5.4479,5.3066,5.7821,0.3231,1.8605,0.3498,HIGH
VM_023,1378676400,5.9667,5.7796,5.7209,5.5759,4.8713,5.0296,5.3649,5.2686,5.7796,0.3224,1.8481,0.3506,HIGH
VM_023,1378676700,6.4,5.6172,5.3667,5.2269,4.7827,5.4125,5.9046,5.3272,6.0284,0.3961,1.6902,0.3642,HIGH
VM_023,1378677000,4.8667,5.2586,5.0901,5.004,4.7659,5.4523,5.6698,5.2244,5.9322,0.3649,1.6861,0.3543,HIGH
VM_023,1378677300,4.6,5.236,5.024,4.8838,5.2239,5.7689,5.406,5.3749,5.8606,0.3428,1.6832,0.3315,HIGH
VM_023,1378677600,4.8,5.0089,4.7889,4.7053,5.2303,5.6115,5.1611,5.2153,5.623,0.3379,1.6853,0.3248,HIGH
VM_023,1378677900,4.7,4.894,4.9425,5.0117,5.6691,5.5935,4.8968,5.3439,5.8969,0.3552,1.6845,0.3348,HIGH
VM_023,1378678200,4.8667,4.9147,4.9663,4.96,5.6047,5.4096,4.6404,5.231,5.7443,0.3328,1.6845,0.3467,HIGH
VM_023,1378678500,4.5,4.9904,5.2188,5.3054,5.6863,5.2313,4.5395,5.2588,5.6863,0.3262,1.6642,0.3492,HIGH
VM_023,1378678800,4.8333,4.9022,5.1646,5.2867,5.6172,5.1212,4.4251,5.1851,5.6416,0.3493,1.6285,0.3528,HIGH
VM_023,1378679100,4.6,5.163,5.5575,5.7578,5.2931,4.7958,4.4799,5.1779,5.7751,0.4167,1.6285,0.3622,HIGH
VM_023,1378679400,4.9,5.2915,5.5146,5.5931,5.1158,4.773,4.6612,5.1127,5.5931,0.3174,1.629,0.3193,HIGH
VM_023,1378679700,4.7667,5.4784,5.5418,5.4764,4.9227,4.9562,5.1262,5.1736,5.5418,0.2361,1.6296,0.2883,HIGH
VM_023,1378680000,5.0,5.528,5.4821,5.3416,4.866,4.9898,5.0248,5.1326,5.528,0.2232,1.6319,0.2877,HIGH
VM_023,1378680300,9.7333,5.8568,5.4485,5.1269,4.86,5.4598,5.8278,5.3288,5.9868,0.4059,1.3895,0.3116,HIGH
VM_023,1378680600,6.9333,5.5272,5.2387,4.9951,4.7297,5.5262,5.9764,5.2688,6.1466,0.4761,1.1779,0.323,HIGH
VM_023,1378680900,5.9667,5.6038,5.2485,4.9291,5.4156,6.0675,5.7972,5.5721,6.1743,0.432,1.1444,0.3018,HIGH
VM_023,1378681200,7.9667,5.7651,5.215,4.8809,5.61,6.2573,5.8407,5.6686,6.3033,0.494,1.2702,0.3376,HIGH
VM_023,1378681500,6.1333,5.4306,5.1672,5.0958,5.9782,6.2021,5.4096,5.7104,6.4051,0.4505,1.2707,0.3212,HIGH
VM_023,1378681800,6.1667,5.5786,5.2903,5.1456,6.022,5.9945,5.064,5.6527,6.2854,0.4023,1.2745,0.308,HIGH
VM_023,1378682100,4.6,5.528,5.4613,5.4637,6.0981,5.6756,4.785,5.5889,6.0981,0.3602,1.2764,0.3191,HIGH
VM_023,1378682400,4.7,5.4014,5.3951,5.4893,6.0955,5.5591,4.6541,5.5327,6.0955,0.401,1.2803,0.3348,HIGH
VM_023,1378682700,4.5333,5.4888,5.7965,6.0746,5.7594,5.1148,4.7215,5.5004,6.114,0.4445,1.2803,0.329,HIGH
VM_023,1378683000,6.4667,5.816,5.9645,6.1482,5.6269,5.0564,4.999,5.5224,6.1482,0.4156,1.2903,0.3015,HIGH
VM_023,1378683300,5.0333,5.7268,5.9008,5.9905,5.25,5.0789,5.3323,5.449,5.9905,0.3293,1.2818,0.2803,HIGH
VM_023,1378683600,4.9,5.8071,5.8353,5.8113,5.1857,5.1958,5.2626,5.4359,5.8353,0.2781,1.2849,0.2561,HIGH
VM_023,1378683900,8.8333,5.9633,5.6218,5.4179,4.9916,5.5455,5.9301,5.4873,6.0781,0.3772,1.4452,0.3139,HIGH
VM_023,1378684200,8.5333,5.9236,5.5683,5.3244,4.8743,5.705,6.2404,5.5235,6.3999,0.5013,1.554,0.3798,HIGH
VM_023,1378684500,4.5333,5.5555,5.1844,4.9254,5.1886,5.9324,5.6994,5.4718,6.0964,0.414,1.5562,0.3483,HIGH
VM_023,1378684800,12.2667,7.0231,6.259,5.4573,5.5277,6.3408,6.4624,5.973,7.0231,0.6306,2.0317,0.4718,HIGH
VM_023,1378685100,5.5,5.076,5.0206,5.0355,5.6785,5.9034,5.2646,5.5163,6.0518,0.3794,2.0149,0.3805,HIGH
VM_023,1378685400,6.9667,5.5757,5.3032,5.2092,6.0739,6.4987,5.3079,5.9013,6.6062,0.5113,2.0048,0.4225,HIGH
VM_023,1378685700,4.5,4.9424,5.1948,5.5036,5.8739,5.6231,4.7874,5.4975,5.9713,0.3622,2.0048,0.3973,HIGH
VM_023,1378686000,5.5,5.3541,5.2736,5.4017,6.2859,5.8174,4.2755,5.6365,6.5272,0.6377,1.9899,0.5216,HIGH
VM_023,1378686300,4.5,5.2624,5.5332,5.8108,5.7529,5.1656,4.2958,5.3943,5.9577,0.4956,1.9935,0.4524,HIGH
VM_023,1378686600,6.4333,5.5396,5.7983,6.0963,6.001,5.0616,4.4354,5.5016,6.1941,0.5682,1.9744,0.4614,HIGH
VM_023,1378686900,6.4333,5.7309,5.7679,5.8244,5.3721,5.0566,4.9248,5.3795,5.8244,0.303,1.9483,0.3564,HIGH
VM_023,1378687200,4.8667,5.873,6.148,6.2918,5.391,5.0057,5.1261,5.5253,6.2918,0.4527,1.9525,0.4027,HIGH
VM_023,1378687500,7.7,5.679,5.6052,5.5653,4.9345,5.3211,5.8298,5.3806,5.8759,0.3395,1.8394,0.3517,HIGH
VM_023,1378687800,9.2333,6.361,6.0695,5.8172,4.9449,5.7767,6.5402,5.759,6.5513,0.5517,1.9341,0.4382,HIGH
VM_023,1378688100,7.6,5.9488,5.5688,5.2858,5.2598,6.0487,6.0731,5.6817,6.3432,0.4289,1.9489,0.4012,HIGH
VM_023,1378688400,4.8333,5.6887,5.2745,5.0721,5.3602,6.1628,6.0517,5.6584,6.3685,0.4795,1.9452,0.4176,HIGH
VM_023,1378688700,4.5667,5.1175,4.969,4.9869,5.8256,6.2071,5.5881,5.6368,6.3529,0.5046,1.9765,0.419,HIGH
VM_023,1378689000,4.8667,5.1005,4.9534,4.9836,5.8755,6.0877,5.4039,5.6012,6.378,0.4864,1.9956,0.4246,HIGH
VM_023,1378689300,4.5,5.0765,5.0926,5.2165,5.9305,5.5597,4.8851,5.4276,5.9305,0.3332,1.9991,0.3802,HIGH
VM_023,1378689600,4.7333,5.09,5.2679,5.4111,6.2333,5.6774,4.9698,5.5933,6.2333,0.4051,1.9981,0.4058,HIGH
VM_023,1378689900,4.5,5.1888,5.5908,5.9035,5.8582,5.1211,4.7961,5.4531,6.0021,0.4062,1.9993,0.3992,HIGH
VM_023,1378690200,4.7667,5.1161,5.6693,6.0611,5.8552,5.0575,4.7375,5.4538,6.1675,0.4736,2.0179,0.4281,HIGH
VM_023,1378690500,4.6333,5.3767,5.8175,6.0805,5.3469,5.0555,5.3548,5.4598,6.0805,0.3374,2.0286,0.3849,HIGH
VM_023,1378690800,4.8,5.5963,5.8428,5.9307,5.0638,4.9979,5.128,5.3562,5.9307,0.3416,2.0312,0.3745,HIGH
VM_023,1378691100,6.9667,5.5417,5.5662,5.5928,5.0202,5.3185,5.5797,5.3975,5.8319,0.254,1.955,0.3478,HIGH
VM_023,1378691400,5.0667,5.444,5.4586,5.4826,4.7568,5.3373,5.7701,5.3488,6.0259,0.3408,1.8856,0.3921,HIGH
VM_023,1378691700,4.6667,5.236,5.1149,5.0397,5.1752,5.628,5.2768,5.3501,5.7446,0.2493,1.8818,0.3253,HIGH
VM_023,1378692000,4.9333,4.7713,4.8211,4.907,5.1895,5.6403,5.4685,5.2776,5.8292,0.3549,1.3,0.2919,HIGH
VM_023,1378692300,4.7333,4.7082,4.7738,4.8677,5.5864,5.616,4.9345,5.2802,5.8349,0.3819,1.3106,0.3014,HIGH
VM_023,1378692600,4.9,4.8061,4.8655,4.9268,5.6554,5.6505,4.9173,5.3438,5.9813,0.3956,1.2784,0.303,HIGH
VM_023,1378692900,4.6333,4.7842,5.0932,5.266,5.6966,5.2398,4.6554,5.2493,5.6966,0.3186,1.2744,0.2867,HIGH
VM_023,1378693200,4.8333,4.8468,5.1545,5.2946,5.7682,5.1531,4.5249,5.2403,5.7682,0.363,1.2801,0.3113,HIGH
VM_023,1378693500,4.5,5.1708,5.581,5.7322,5.3669,4.8789,4.672,5.2291,5.7342,0.3531,1.2801,0.2899,HIGH
VM_023,1378693800,4.8333,5.0776,5.5199,5.7139,5.3137,4.7668,4.6693,5.1581,5.7261,0.3678,1.2658,0.2874,HIGH
VM_023,1378694100,4.7,5.1989,5.479,5.5308,4.8331,4.724,5.0504,5.0581,5.5308,0.2929,1.2499,0.2672,HIGH
VM_023,1378694400,9.2,6.3378,6.2831,6.0376,5.2242,5.0945,5.2982,5.5213,6.3378,0.4543,1.4814,0.3494,HIGH
VM_023,1378694700,8.4333,5.6547,5.535,5.4078,4.8196,5.1685,5.6091,5.2425,5.7851,0.3566,1.5364,0.3169,HIGH
VM_023,1378695000,4.7333,5.503,5.5499,5.4716,4.768,5.3204,6.1084,5.366,6.2742,0.4794,1.3169,0.3471,HIGH
VM_023,1378695300,4.5667,5.3172,5.1987,5.0594,5.1699,5.6491,5.5259,5.3713,5.9552,0.3087,1.228,0.2811,HIGH
VM_023,1378695600,4.9333,4.9365,4.7181,4.6617,5.2137,5.8369,5.3862,5.2967,5.9937,0.4637,1.227,0.315,HIGH
VM_023,1378695900,4.6333,4.7948,4.7159,4.762,5.7112,5.7269,4.8103,5.3168,6.0175,0.4684,1.2257,0.3112,HIGH
VM_023,1378696200,4.8667,4.8966,4.7868,4.807,5.7723,5.6759,4.7582,5.3433,6.1282,0.47,1.2257,0.3193,HIGH
VM_023,1378696500,4.5,4.9275,5.1042,5.237,5.788,5.2884,4.7774,5.305,5.788,0.2967,1.2257,0.2768,HIGH
VM_023,1378696800,4.7,4.9386,5.2438,5.4014,5.9396,5.247,4.7828,5.3657,5.9396,0.3404,1.2262,0.2942,HIGH
VM_023,1378697100,4.5333,5.1444,5.5682,5.7993,5.4299,4.888,4.8115,5.2741,5.8256,0.3489,1.2255,0.2772,HIGH
VM_023,1378697400,6.0667,5.344,5.7149,5.9067,5.3209,4.8582,4.8524,5.2978,5.9067,0.3767,1.2356,0.2832,HIGH
VM_023,1378697700,9.1,6.0419,5.9827,5.8206,5.2007,5.22,5.4011,5.4943,6.0419,0.3082,1.459,0.2953,HIGH
VM_023,1378698000,9.4,6.6207,6.3068,5.9696,5.2706,5.4287,5.6422,5.6973,6.6207,0.417,1.6633,0.3743,HIGH
VM_023,1378698300,7.6,5.7918,5.7293,5.6442,4.9594,5.5385,6.4172,5.5623,6.4847,0.5223,1.6907,0.3973,HIGH
VM_023,1378698600,4.7333,5.6787,5.5965,5.4276,4.8622,5.6542,6.5182,5.5413,6.6648,0.5964,1.6968,0.4309,HIGH
VM_023,1378698900,4.5,5.4375,5.1372,4.9398,5.3564,6.0765,5.8264,5.5734,6.3282,0.4735,1.7012,0.3858,HIGH
VM_023,1378699200,4.8667,5.1588,4.8564,4.7306,5.4492,6.2271,5.7039,5.5522,6.3982,0.5712,1.7024,0.4157,HIGH
VM_023,1378699500,4.6333,5.1189,4.8985,4.9052,6.0252,6.0509,5.0421,5.5924,6.494,0.5429,1.7048,0.4075,HIGH
VM_023,1378699800,4.8667,5.0826,4.8925,4.9006,6.0162,5.9156,4.9136,5.5293,6.4554,0.5315,1.7054,0.4037,HIGH
VM_023,1378700100,4.5,5.2116,5.379,5.5239,6.2019,5.546,4.9218,5.5879,6.2019,0.3765,1.7089,0.3707,HIGH
VM_023,1378700400,4.7,5.1066,5.3808,5.5371,6.1172,5.3704,4.8098,5.4973,6.1175,0.3873,1.7116,0.3743,HIGH
VM_023,1378700700,4.5,5.2079,5.7861,6.1221,5.4442,4.8244,4.8369,5.3559,6.1555,0.4799,1.7116,0.3771,HIGH
VM_023,1378701000,4.7667,5.3152,5.8544,6.1233,5.3021,4.8581,5.0075,5.3686,6.1233,0.4424,1.713,0.3695,HIGH
VM_023,1378701300,4.6,5.4968,5.7404,5.7403,4.9721,5.0103,5.1826,5.3017,5.7404,0.2857,1.7153,0.3157,HIGH
VM_023,1378701600,4.8,5.6207,5.7123,5.6036,4.9147,5.042,5.1688,5.278,5.7123,0.2653,1.5376,0.2916,HIGH
VM_023,1378701900,7.5333,5.4226,5.4059,5.3177,4.8725,5.3856,5.7769,5.3245,5.9556,0.3217,1.4698,0.3167,HIGH
VM_023,1378702200,4.7667,5.3378,5.2678,5.1115,4.8227,5.5717,6.0187,5.3495,6.2332,0.45,1.4692,0.3553,HIGH
VM_023,1378702500,4.5,5.1463,5.0644,4.887,5.208,5.8855,5.6641,5.4219,6.1021,0.4203,1.4709,0.3352,HIGH
VM_023,1378702800,4.9667,4.9111,4.8364,4.7304,5.2718,5.8274,5.3774,5.3213,5.9205,0.4245,1.4704,0.3294,HIGH
VM_023,1378703100,8.9333,5.407,5.1981,5.0653,5.9849,6.0822,5.1598,5.6678,6.4379,0.451,1.6313,0.3717,HIGH
VM_023,1378703400,6.9,5.3332,5.2708,5.2196,5.9413,5.8682,5.1578,5.6177,6.229,0.3524,1.6476,0.3381,HIGH
VM_023,1378703700,4.6,5.3599,5.4978,5.5683,6.0874,5.5855,5.076,5.6067,6.0874,0.2679,1.6447,0.3307,HIGH
VM_023,1378704000,4.7667,5.3858,5.6127,5.6785,6.1148,5.6874,5.2315,5.7104,6.1148,0.2486,1.6431,0.3153,HIGH
VM_023,1378704300,4.6,5.4672,5.8399,6.0146,5.7178,5.322,5.143,5.6041,6.0251,0.2859,1.6413,0.3149,HIGH
VM_023,1378704600,5.7333,5.5928,5.8557,5.9825,5.6354,5.3417,5.1737,5.6039,5.9855,0.2641,1.6388,0.3063,HIGH
VM_023,1378704900,9.0,6.3052,6.1969,6.0061,5.6475,5.6058,5.4945,5.7946,6.3052,0.2471,1.6297,0.305,HIGH
VM_023,1378705200,4.8333,5.9066,5.9047,5.7934,5.4711,5.3911,5.2754,5.5661,5.9066,0.2023,1.422,0.2571,HIGH
VM_023,1378705500,8.1667,5.8973,5.78,5.6999,5.4521,5.9304,6.254,5.791,6.4408,0.3296,1.4637,0.3075,HIGH
VM_023,1378705800,7.7,5.9179,5.811,5.6722,5.3641,5.9856,6.5616,5.8191,6.7238,0.4627,1.5247,0.3599,HIGH
VM_023,1378706100,5.8667,5.8764,5.6083,5.4006,5.7591,6.3057,6.0423,5.8932,6.4652,0.3707,1.5083,0.3316,HIGH
VM_023,1378706400,5.0,5.4054,5.2376,5.1158,5.5985,6.1177,5.6704,5.6597,6.2531,0.389,1.5057,0.3285,HIGH
VM_023,1378706700,7.3667,5.6918,5.4653,5.4003,6.3629,6.3968,5.4077,5.9857,6.7224,0.4614,1.5298,0.3527,HIGH
VM_023,1378707000,4.8667,5.4709,5.3397,5.3396,6.1769,6.0888,5.2168,5.8004,6.5331,0.4241,1.5298,0.352,HIGH
VM_023,1378707300,4.6,5.5723,5.6893,5.7961,6.4211,5.9114,5.2611,5.9007,6.4211,0.3297,1.5264,0.3331,HIGH
VM_023,1378707600,8.8,6.0916,6.0008,5.8918,6.4023,5.8894,5.32,5.963,6.4023,0.267,1.6294,0.3371,HIGH
VM_023,1378707900,7.1667,6.2154,6.4703,6.6061,6.1755,5.651,5.5011,6.0629,6.6061,0.3781,1.619,0.3384,HIGH
VM_023,1378708200,8.4667,6.4513,6.6281,6.6735,6.0267,5.7052,5.7845,6.1155,6.6735,0.3635,1.6684,0.3376,HIGH
VM_023,1378708500,12.3667,7.3466,7.0595,6.7235,5.9992,6.1194,6.3209,6.395,7.3466,0.4389,2.0552,0.4378,HIGH
VM_023,1378708800,6.9667,6.6176,6.4646,6.2697,5.8237,6.0322,6.0832,6.1279,6.6176,0.2496,2.0241,0.3542,HIGH
VM_023,1378709100,7.5667,6.346,6.2592,6.1821,5.6916,6.4359,7.0902,6.2762,7.2407,0.5024,2.0247,0.443,HIGH
VM_023,1378709400,5.0,6.0938,6.0378,5.9295,5.6157,6.417,6.9358,6.1549,7.1942,0.5095,2.0161,0.4456,HIGH
VM_023,1378709700,4.6667,5.9317,5.7011,5.5354,6.0605,6.8338,6.2342,6.2175,6.9048,0.4834,2.0087,0.4197,HIGH
VM_023,1378710000,5.0667,5.6429,5.4321,5.3249,6.0581,6.6037,5.8717,6.0212,6.644,0.4522,2.0053,0.4133,HIGH
VM_023,1378710300,9.0,5.9592,5.7122,5.6878,6.7992,6.7443,5.5414,6.3108,7.2358,0.5433,2.0086,0.4582,HIGH
VM_023,1378710600,8.2667,5.8697,5.78,5.8254,6.6865,6.4599,5.433,6.2128,7.0135,0.4619,2.0359,0.4482,HIGH
VM_023,1378710900,4.7,5.8388,6.1306,6.3101,6.8824,6.1598,5.3752,6.2249,6.8824,0.4252,2.0315,0.439,HIGH
VM_023,1378711200,4.8,5.6882,5.9935,6.1676,6.535,5.8935,5.3059,6.0155,6.535,0.3494,2.0302,0.4059,HIGH
VM_023,1378711500,4.5667,5.9098,6.4434,6.7486,6.1479,5.6238,5.4342,6.06,6.7777,0.4399,2.0317,0.4196,HIGH
VM_023,1378711800,4.9667,5.8675,6.2962,6.5355,5.739,5.439,5.4482,5.8649,6.5355,0.3898,2.0533,0.3932,HIGH
VM_023,1378712100,4.6667,6.0058,6.1848,6.2015,5.507,5.5483,5.6939,5.81,6.2015,0.2587,2.0286,0.3475,HIGH
VM_023,1378712400,10.25,6.7706,6.4867,6.1666,5.7315,5.9358,5.9381,6.0572,6.7706,0.2999,2.1364,0.398,HIGH
VM_023,1378712700,8.8,6.2822,6.1752,6.0406,5.5496,6.1321,6.5953,6.0522,6.7161,0.3716,2.159,0.415,HIGH
VM_023,1378713000,5.1,5.9089,5.9714,5.9384,5.5518,6.2494,6.9051,6.061,7.0155,0.4876,2.1733,0.452,HIGH
VM_023,1378713300,4.9333,5.7292,5.7138,5.5769,5.7522,6.4099,6.3193,5.9912,6.6817,0.4006,2.1956,0.4288,HIGH
VM_023,1378713600,5.1333,5.4926,5.4079,5.3828,5.8429,6.4471,6.0671,5.9384,6.5311,0.4394,2.1916,0.4184,HIGH
VM_023,1378713900,5.1667,5.2848,5.3497,5.4122,6.2316,6.3607,5.565,5.9371,6.7164,0.4673,2.2036,0.4521,HIGH
VM_023,1378714200,6.3667,5.5081,5.4743,5.5126,6.422,6.2949,5.305,5.9799,6.7995,0.4727,2.1765,0.4561,HIGH
VM_023,1378714500,5.1,5.5212,5.676,5.808,6.4453,5.9775,5.179,5.9149,6.4453,0.3766,2.1593,0.4269,HIGH
VM_023,1378714800,4.8333,5.4918,5.7304,5.902,6.46,5.8426,5.1213,5.8874,6.4651,0.3865,2.1335,0.4327,HIGH
VM_023,1378715100,4.9333,5.7024,6.1294,6.3437,6.0845,5.5195,5.268,5.8629,6.4302,0.3799,2.1478,0.4131,HIGH
VM_023,1378715400,4.9667,5.7419,6.2403,6.4431,5.8616,5.4035,5.3298,5.8181,6.4601,0.4002,2.1143,0.405,HIGH
VM_023,1378715700,5.0333,5.8173,6.2466,6.3494,5.6822,5.513,5.6684,5.843,6.3494,0.2923,1.662,0.3131,HIGH
VM_023,1378716000,4.9333,5.8223,6.1148,6.1233,5.4287,5.5031,5.6285,5.7276,6.1233,0.2498,1.6554,0.3022,HIGH
VM_023,1378716300,6.6667,5.6135,5.8279,5.8162,5.267,5.7384,6.1258,5.716,6.3313,0.2998,1.6232,0.3342,HIGH
VM_023,1378716600,4.8,5.4243,5.5909,5.5826,5.1196,5.7668,6.3156,5.6357,6.5185,0.4227,1.6277,0.3743,HIGH
VM_023,1378716900,4.9,5.3911,5.4341,5.3473,5.3846,5.9159,5.7768,5.6336,6.2296,0.2989,1.6217,0.321,HIGH
VM_023,1378717200,4.9333,5.2847,5.2873,5.2025,5.568,5.9936,5.6595,5.6382,6.1394,0.3234,1.6244,0.3193,HIGH
VM_023,1378717500,6.7,5.3429,5.423,5.3998,6.0433,6.0667,5.4007,5.7932,6.3455,0.3447,1.4857,0.3092,HIGH
VM_023,1378717800,4.9333,5.2845,5.4063,5.4666,6.1028,5.943,5.195,5.7588,6.3575,0.3668,1.3824,0.3149,HIGH
VM_023,1378718100,4.8333,5.5211,5.808,5.899,6.2371,5.8615,5.3247,5.8848,6.2942,0.2693,1.3792,0.2916,HIGH
VM_023,1378718400,4.6,5.3181,5.6493,5.7803,6.1042,5.6031,5.0682,5.6903,6.1939,0.3129,1.3843,0.3108,HIGH
VM_023,1378718700,4.9,5.4929,5.8988,6.1116,5.8053,5.3445,5.2081,5.6708,6.188,0.3291,1.3762,0.2925,HIGH
VM_023,1378719000,4.7,5.5096,5.9741,6.1771,5.5253,5.1976,5.2399,5.5843,6.1771,0.3629,1.3819,0.2932,HIGH
VM_023,1378719300,5.1333,5.6931,5.9693,6.0076,5.3719,5.3409,5.5473,5.6103,6.0076,0.2571,1.3728,0.2647,HIGH
VM_023,1378719600,5.5333,5.8014,5.9505,5.8619,5.2594,5.3608,5.4455,5.5605,5.9505,0.2414,0.9351,0.2059,HIGH
VM_023,1378719900,9.2333,5.9819,5.8839,5.7181,5.3029,5.7671,5.9659,5.7123,6.2436,0.287,1.0065,0.2404,HIGH
VM_023,1378720200,5.4,5.5392,5.5664,5.4979,5.1504,5.7132,6.0608,5.5785,6.3432,0.3563,1.0051,0.27,HIGH
VM_023,1378720500,4.8333,5.5465,5.4794,5.3415,5.4825,5.9851,5.8061,5.6749,6.2211,0.3049,1.0071,0.2496,HIGH
VM_023,1378720800,5.0333,5.2552,5.1691,5.0635,5.3939,5.8027,5.5213,5.4651,5.9338,0.3059,1.0083,0.2399,HIGH
VM_023,1378721100,5.2333,5.2172,5.3268,5.3712,5.8263,5.9413,5.5781,5.6946,6.1271,0.3016,1.0079,0.237,HIGH
VM_023,1378721400,5.9,5.2476,5.307,5.2992,5.733,5.7312,5.1954,5.5592,5.9952,0.2575,0.9919,0.2219,HIGH
VM_023,1378721700,5.9,5.4304,5.5004,5.4875,5.8763,5.7413,5.1997,5.6388,5.8763,0.1943,0.997,0.208,HIGH
VM_023,1378722000,4.8,5.3752,5.4912,5.5015,5.8944,5.5586,4.9897,5.5562,5.9011,0.2377,0.9978,0.2358,HIGH
VM_023,1378722300,4.7667,5.6323,5.8745,6.0247,5.7849,5.3835,5.1623,5.6671,6.0624,0.2887,1.0016,0.235,HIGH
VM_023,1378722600,4.5667,5.6368,5.8693,6.0087,5.5869,5.2385,5.2651,5.577,6.0087,0.269,1.0117,0.2209,HIGH
VM_023,1378722900,7.3667,6.2232,6.1469,6.0464,5.7035,5.5863,5.6796,5.814,6.2232,0.2164,1.0896,0.2189,HIGH
VM_023,1378723200,4.9333,5.9696,5.9837,5.9466,5.4599,5.4303,5.5858,5.6546,5.9837,0.2231,1.0896,0.2141,HIGH
VM_023,1378723500,11.5,6.5191,6.1297,5.823,5.4142,5.9442,6.1853,5.8847,6.5191,0.3741,1.6357,0.343,HIGH
VM_023,1378723800,7.7667,6.0795,5.8127,5.6086,5.2222,5.8854,6.3264,5.7363,6.4975,0.4359,1.6807,0.3695,HIGH
VM_023,1378724100,4.8667,5.7779,5.6154,5.4567,5.4545,6.009,5.9893,5.7391,6.2868,0.3151,1.6815,0.3394,HIGH
VM_023,1378724400,4.7333,5.3889,5.2386,5.1189,5.2752,5.8145,5.782,5.4876,6.0868,0.3484,1.6862,0.3524,HIGH
VM_023,1378724700,4.9667,5.3674,5.4164,5.443,5.879,6.1313,5.8119,5.8204,6.2866,0.3317,1.6812,0.3256,HIGH
VM_023,1378725000,4.8667,5.2388,5.1837,5.1457,5.6959,5.93,5.3963,5.6011,6.1594,0.3424,1.6826,0.3358,HIGH
VM_023,1378725300,4.9333,5.3956,5.4475,5.4333,5.8941,5.8847,5.3555,5.6998,5.9492,0.2253,1.6805,0.2859,HIGH
VM_023,1378725600,4.6667,5.2632,5.2877,5.2947,5.7992,5.5874,4.9959,5.4939,5.8111,0.2492,1.6787,0.3118,HIGH
VM_023,1378725900,4.7,5.552,5.8295,5.9863,5.7453,5.3888,5.0857,5.6406,6.0462,0.2975,1.6832,0.3296,HIGH
VM_023,1378726200,4.9667,5.6165,5.8723,6.0398,5.6599,5.2658,5.1794,5.5903,6.0398,0.2925,1.6774,0.317,HIGH
VM_023,1378726500,5.3667,5.7582,5.9268,5.9926,5.5076,5.3862,5.5797,5.6368,5.9926,0.2238,1.6747,0.2927,HIGH
VM_023,1378726800,6.0,5.9921,5.9549,5.8339,5.2875,5.4488,5.6616,5.6053,5.9921,0.2598,1.6753,0.3063,HIGH
VM_023,1378727100,9.8667,6.3642,6.2101,6.079,5.2314,5.8994,6.6776,5.9343,6.7865,0.5084,1.7369,0.4068,HIGH
VM_023,1378727400,5.1,5.8476,5.7105,5.5644,4.9873,5.8069,6.3847,5.6571,6.6246,0.4985,1.7406,0.417,HIGH
VM_023,1378727700,4.8667,5.867,5.6034,5.3951,5.4818,6.2614,6.0151,5.8457,6.515,0.3954,1.7399,0.372,HIGH
VM_023,1378728000,4.9,5.4296,5.2082,5.0398,5.4155,6.045,5.608,5.5727,6.1368,0.3845,1.7424,0.3593,HIGH
VM_023,1378728300,5.0667,5.3633,5.1726,5.1232,5.9708,6.1941,5.3303,5.7376,6.5586,0.4671,1.7448,0.3937,HIGH
VM_023,1378728600,4.7,5.2004,5.157,5.1601,5.7564,5.8396,5.1877,5.5598,6.1794,0.3475,1.7567,0.3463,HIGH
VM_023,1378728900,4.7,5.3424,5.4661,5.5471,6.0484,5.6454,5.0084,5.6219,6.0484,0.2989,1.767,0.3498,HIGH
VM_023,1378729200,4.6333,5.2347,5.4122,5.5,5.8469,5.4509,4.9142,5.4859,5.9026,0.2693,1.7707,0.3441,HIGH
VM_023,1378729500,4.7,5.4612,6.0252,6.3008,5.8083,5.2885,5.1373,5.6868,6.3383,0.4142,1.7722,0.3695,HIGH
VM_023,1378729800,4.8333,5.42,5.8044,6.0151,5.5296,5.1452,5.1004,5.4887,6.0151,0.323,1.7661,0.3348,HIGH
VM_023,1378730100,6.6667,5.9217,6.1853,6.2047,5.3288,5.3403,5.7217,5.6678,6.2047,0.3499,1.7417,0.3462,HIGH
VM_023,1378730400,4.6667,5.7335,5.8589,5.7759,5.0734,5.2245,5.4176,5.4218,5.8589,0.2831,1.747,0.3258,HIGH
VM_023,1378730700,6.7333,5.7585,5.6833,5.5961,5.0098,5.5283,5.9044,5.517,6.1387,0.336,1.2437,0.2931,HIGH
VM_023,1378731000,4.7333,5.3883,5.3766,5.314,4.768,5.4796,5.9935,5.3604,6.2675,0.4381,1.1412,0.3238,HIGH
VM_023,1378731300,4.7333,5.3202,5.1502,4.988,5.148,5.7535,5.4977,5.4009,5.985,0.3371,1.1435,0.2752,HIGH
VM_023,1378731600,4.8667,5.149,4.9722,4.7934,5.2027,5.7634,5.4326,5.3364,5.8878,0.3746,1.1412,0.2759,HIGH
VM_023,1378731900,4.8333,5.0833,5.0218,4.9942,5.7881,5.8968,5.2263,5.5132,6.1769,0.3997,1.143,0.2866,HIGH
VM_023,1378732200,4.6,5.0021,5.0019,5.0019,5.5817,5.6042,4.9498,5.3574,5.9699,0.3342,1.1482,0.268,HIGH
VM_023,1378732500,4.7667,5.1264,5.3639,5.4477,5.7508,5.432,4.9592,5.4438,5.8022,0.236,1.1507,0.2474,HIGH
VM_023,1378732800,4.5333,5.0923,5.3004,5.3776,5.6486,5.2683,4.8219,5.3276,5.7075,0.2339,1.1539,0.2528,HIGH
VM_023,1378733100,6.0,5.4765,5.8254,5.9431,5.4317,5.0789,4.9874,5.4374,5.9431,0.3297,1.1584,0.2617,HIGH
VM_023,1378733400,4.7667,5.4429,5.8324,6.0305,5.3723,5.0261,5.1827,5.431,6.0305,0.3418,1.1615,0.2678,HIGH
VM_023,1378733700,5.9,5.9958,6.0746,6.0061,5.2019,5.2605,5.6446,5.5617,6.0746,0.3484,1.1684,0.2695,HIGH
VM_023,1378734000,5.8,5.9524,5.9235,5.7911,5.0755,5.2424,5.4867,5.4464,5.9524,0.3241,1.1638,0.2624,HIGH
VM_023,1378734300,7.0,5.7563,5.7042,5.6908,5.0685,5.6886,6.4145,5.6389,6.5649,0.4755,0.7458,0.2727,HIGH
VM_023,1378734600,7.4667,5.813,5.5656,5.3884,4.8992,5.7268,6.3217,5.5404,6.5872,0.5456,0.8803,0.3126,HIGH
VM_023,1378734900,8.1,6.0858,5.6261,5.2886,5.6471,6.4127,6.0055,5.8983,6.5309,0.4536,1.0475,0.2977,HIGH
VM_023,1378735200,4.7667,5.3435,5.0554,4.888,5.4752,6.1345,5.5058,5.5387,6.1616,0.46,1.0507,0.2919,HIGH
VM_023,1378735500,4.8667,5.3216,5.1566,5.148,6.0076,6.0562,5.0544,5.6484,6.448,0.4536,1.0542,0.3001,HIGH
VM_023,1378735800,4.7333,5.2073,5.1662,5.2279,5.895,5.8037,5.0273,5.5564,6.242,0.3762,1.0533,0.2788,HIGH
VM_023,1378736100,4.9,5.3984,5.5682,5.7543,6.1283,5.5273,4.951,5.6386,6.1283,0.3314,1.0483,0.2738,HIGH
VM_023,1378736400,4.6,5.2503,5.4753,5.6804,6.0183,5.3908,4.7918,5.526,6.0496,0.3565,1.0494,0.2834,HIGH
VM_023,1378736700,5.9,5.7809,6.2035,6.503,5.8145,5.2429,5.1817,5.7532,6.503,0.4653,1.0433,0.2901,HIGH
VM_023,1378737000,5.6333,5.7363,6.1093,6.3812,5.4776,5.0335,5.1678,5.5714,6.3812,0.4592,1.0355,0.2923,HIGH
VM_023,1378737300,5.8667,6.2064,6.3361,6.3811,5.4351,5.4195,5.8216,5.8024,6.3811,0.3766,1.0082,0.26,HIGH
VM_023,1378737600,4.8333,6.001,6.0534,6.0113,5.1784,5.2743,5.607,5.5533,6.0534,0.3421,1.0032,0.2468,HIGH
VM_023,1378737900,10.6333,6.4343,6.0555,5.7891,5.3071,6.0144,6.5665,5.8962,6.6772,0.4955,1.4399,0.3541,HIGH
VM_023,1378738200,4.7,5.6025,5.3693,5.2454,4.849,5.6349,6.251,5.4348,6.3732,0.514,1.4408,0.3658,HIGH
VM_023,1378738500,5.4333,5.6654,5.3758,5.2057,5.5507,6.2633,6.1864,5.7842,6.5249,0.4804,1.4292,0.3554,HIGH
VM_023,1378738800,4.8667,5.1874,5.0094,4.9034,5.3681,5.962,5.6886,5.4779,6.0942,0.4392,1.4292,0.3313,HIGH
VM_023,1378739100,4.9667,5.2422,5.1772,5.2126,6.1169,6.1827,5.2982,5.7587,6.619,0.4799,1.4262,0.3535,HIGH
VM_023,1378739400,4.6667,4.9767,4.9808,5.0358,5.7649,5.7051,4.9501,5.4186,6.132,0.3889,1.4241,0.3225,HIGH
VM_023,1378739700,4.7333,5.2704,5.4946,5.6821,6.0783,5.5045,4.8837,5.5902,6.0783,0.3533,1.425,0.3242,HIGH
VM_023,1378740000,4.6,5.0712,5.3611,5.5509,5.701,5.1379,4.7536,5.3249,5.7567,0.2965,1.4228,0.3012,HIGH
VM_023,1378740300,4.9333,5.5408,5.9939,6.2636,5.5185,4.9834,5.0615,5.5114,6.2636,0.4502,1.4282,0.3347,HIGH
VM_023,1378740600,4.7,5.4376,5.7804,5.997,5.2334,4.8385,5.041,5.3138,5.997,0.3914,1.43,0.3205,HIGH
VM_023,1378740900,8.7,6.2823,6.2441,6.1204,5.2964,5.3954,5.7336,5.6917,6.2823,0.3713,1.5629,0.3313,HIGH
VM_023,1378741200,4.6333,5.6606,5.6568,5.5866,4.9239,5.1397,5.4059,5.2959,5.6606,0.2826,1.5785,0.2951,HIGH
VM_023,1378741500,7.8667,5.9723,5.6793,5.5298,5.1812,5.9831,6.5614,5.7489,6.6658,0.5144,1.6195,0.3895,HIGH
VM_023,1378741800,5.9333,5.5914,5.3286,5.2128,4.8938,5.8108,6.55,5.5104,6.6733,0.6233,1.577,0.4256,HIGH
VM_023,1378742100,5.4,5.6561,5.3836,5.214,5.6428,6.4308,6.2732,5.8691,6.6684,0.5261,1.4883,0.3772,HIGH
VM_023,1378742400,6.1667,5.4327,5.0906,4.9032,5.4918,6.1459,5.7455,5.5894,6.2845,0.4789,1.4843,0.3577,HIGH
VM_023,1378742700,7.4,5.5693,5.4262,5.4008,6.2568,6.2683,5.3411,5.8872,6.6824,0.441,1.5199,0.3537,HIGH
VM_023,1378743000,4.6667,5.1179,5.1214,5.2426,5.9329,5.8024,5.0421,5.5638,6.2798,0.3966,1.5218,0.3417,HIGH
VM_023,1378743300,6.6667,5.7666,5.9121,6.051,6.4623,5.8015,5.19,5.9278,6.4623,0.3389,1.5243,0.3461,HIGH
VM_023,1378743600,4.5667,5.3037,5.5638,5.7603,6.1096,5.4361,4.9151,5.5894,6.1096,0.3436,1.5254,0.337,HIGH
VM_023,1378743900,5.9333,5.8548,6.2556,6.5431,5.973,5.3812,5.3259,5.8592,6.5431,0.4184,1.5256,0.3397,HIGH
VM_023,1378744200,8.7667,6.3696,6.5318,6.6454,5.8573,5.3934,5.5215,5.9262,6.6454,0.4486,1.6429,0.3589,HIGH
VM_023,1378744500,6.4667,6.4438,6.5059,6.5128,5.6859,5.6712,5.9973,6.0058,6.5128,0.3439,1.6469,0.3274,HIGH
VM_023,1378744800,4.6333,6.0909,6.0826,6.0293,5.3852,5.5167,5.7465,5.7118,6.0909,0.2693,1.6531,0.3039,HIGH
VM_023,1378745100,8.2667,6.1559,5.8807,5.7363,5.4657,6.0733,6.4896,5.9029,6.5999,0.4054,1.4127,0.3258,HIGH
VM_023,1378745400,8.3667,6.1047,5.6791,5.4644,5.3482,6.1705,6.6204,5.8476,6.7645,0.5394,1.4829,0.3866,HIGH
VM_023,1378745700,4.8,5.7079,5.507,5.4104,5.8515,6.3333,6.1761,5.9185,6.4757,0.4001,1.4985,0.33,HIGH
VM_023,1378746000,4.9,5.4578,5.2108,5.1233,5.7081,6.116,5.863,5.6893,6.2602,0.4018,1.4975,0.3304,HIGH
VM_023,1378746300,5.0667,5.4709,5.5374,5.6267,6.354,6.2208,5.5527,5.9708,6.5874,0.3745,1.4948,0.3239,HIGH
VM_023,1378746600,4.8,5.3568,5.4971,5.6436,6.2377,5.977,5.3234,5.8434,6.4208,0.3506,1.49,0.321,HIGH
VM_023,1378746900,4.9,5.524,5.8131,6.0279,6.2788,5.7418,5.3009,5.8719,6.3175,0.3,1.4844,0.3107,HIGH
VM_023,1378747200,7.0333,5.6714,5.8746,6.0002,6.1636,5.6444,5.2989,5.8132,6.1636,0.2526,1.4703,0.2909,HIGH
VM_023,1378747500,5.6333,5.914,6.2914,6.5256,5.8869,5.4329,5.4522,5.8738,6.5256,0.3866,1.4537,0.3158,HIGH
VM_023,1378747800,4.7,5.8921,6.2015,6.4334,5.6019,5.281,5.4151,5.7335,6.4334,0.3857,1.4537,0.3228,HIGH
VM_023,1378748100,6.4333,6.1873,6.2493,6.2158,5.5321,5.6169,5.9121,5.8458,6.2493,0.2825,1.3467,0.2703,HIGH
VM_023,1378748400,5.9667,6.0262,5.9853,5.9156,5.3331,5.5639,5.7702,5.6825,6.0262,0.245,1.315,0.2507,HIGH
VM_023,1378748700,6.7,5.8091,5.6861,5.6057,5.2392,5.9183,6.5058,5.7508,6.6113,0.4556,1.2658,0.3247,HIGH
VM_023,1378749000,4.6667,5.5219,5.3317,5.2742,5.0897,6.0021,6.7467,5.6581,6.8206,0.6282,1.2951,0.3839,HIGH
VM_023,1378749300,4.8,5.4397,5.208,5.0489,5.5181,6.2007,6.0282,5.6908,6.4013,0.4849,1.3119,0.3335,HIGH
VM_023,1378749600,4.7667,5.0888,4.9412,4.8752,5.4131,5.9625,5.6024,5.4734,6.0875,0.434,1.3319,0.3143,HIGH
VM_023,1378749900,4.9333,5.0261,5.1081,5.1869,5.9486,5.9087,5.037,5.5819,6.273,0.4189,1.3036,0.3148,HIGH
VM_023,1378750200,5.7333,5.0572,5.1496,5.2463,5.9353,5.8141,4.9979,5.5664,6.2905,0.4038,1.2825,0.3174,HIGH
VM_023,1378750500,4.7667,5.1723,5.4532,5.6289,5.9617,5.4459,4.9134,5.527,5.9617,0.3117,1.2861,0.289,HIGH
VM_023,1378750800,4.5667,5.1366,5.3723,5.5402,5.8113,5.2645,4.8625,5.3984,5.8113,0.282,1.2861,0.2773,HIGH
VM_023,1378751100,4.7333,5.4127,5.7723,5.9832,5.4904,4.9816,4.9691,5.4018,5.9832,0.3584,1.3012,0.2869,HIGH
VM_023,1378751400,4.7333,5.4051,5.7617,5.9967,5.3171,4.8401,4.9674,5.315,5.9967,0.3887,1.1356,0.2825,HIGH
VM_023,1378751700,4.8333,5.5697,5.7134,5.7322,4.9919,4.9659,5.3712,5.2847,5.7322,0.2998,1.125,0.2453,HIGH
VM_023,1378752000,4.7,5.5119,5.5707,5.4951,4.8221,4.9441,5.3109,5.1738,5.5707,0.2795,1.123,0.2377,HIGH
VM_023,1378752300,10.2667,6.0524,5.6469,5.3243,5.119,5.6883,6.1886,5.5657,6.2616,0.4482,1.3848,0.329,HIGH
VM_023,1378752600,9.0,5.8928,5.4514,5.1429,5.1165,5.8983,6.4219,5.589,6.514,0.5632,1.4458,0.3876,HIGH
VM_023,1378752900,8.8,6.2472,5.6794,5.2559,5.7978,6.3993,6.1944,5.9399,6.6048,0.492,1.5788,0.3849,HIGH
VM_023,1378753200,4.8,5.4443,5.1865,5.0561,5.604,6.1303,5.9597,5.6548,6.3018,0.4683,1.5813,0.3703,HIGH
VM_023,1378753500,4.8667,5.4536,5.4476,5.4609,6.1228,6.1366,5.5314,5.8376,6.3982,0.3508,1.5854,0.3244,HIGH
VM_023,1378753800,4.7,5.4139,5.4366,5.4683,6.1061,5.9782,5.2885,5.7691,6.3164,0.3352,1.588,0.3254,HIGH
VM_023,1378754100,4.7667,5.396,5.5337,5.6768,6.2058,5.7451,5.0209,5.7217,6.2058,0.337,1.5912,0.3443,HIGH
VM_023,1378754400,4.6667,5.1591,5.3781,5.574,5.9368,5.4056,4.7472,5.4791,5.9545,0.349,1.5785,0.3454,HIGH
VM_023,1378754700,4.8333,5.4304,5.7863,6.0498,5.6895,5.1468,4.8985,5.5207,6.102,0.3838,1.5863,0.3459,HIGH
VM_023,1378755000,4.6667,5.4917,5.824,6.0743,5.5227,5.0453,5.016,5.4701,6.0743,0.3743,1.5872,0.3288,HIGH
VM_023,1378755300,4.8333,5.7368,5.8876,5.9646,5.2297,5.1987,5.5343,5.5121,5.9646,0.2906,1.5829,0.3038,HIGH
VM_023,1378755600,4.7333,5.5034,5.5767,5.5666,4.9367,5.0863,5.3651,5.2779,5.5767,0.2488,1.5873,0.283,HIGH
VM_023,1378755900,6.7,5.5613,5.4641,5.4171,4.8124,5.4865,6.0907,5.4307,6.2477,0.4323,1.5873,0.3734,HIGH
VM_023,1378756200,4.6333,5.2945,5.1654,5.1039,4.5361,5.4372,6.2214,5.2685,6.3819,0.5732,1.588,0.4221,HIGH
VM_023,1378756500,6.7667,5.5411,5.1696,4.9073,5.14,5.9638,5.9425,5.5102,6.3076,0.491,1.6036,0.3812,HIGH
VM_023,1378756800,8.3333,5.6891,5.1477,4.7982,5.2978,6.0721,5.7311,5.5288,6.2669,0.4942,1.6923,0.3949,HIGH
VM_023,1378757100,4.8667,5.1821,5.1111,5.094,5.8035,5.9749,5.2292,5.5788,6.2243,0.4019,1.6936,0.3516,HIGH
VM_023,1378757400,4.7333,5.1948,5.1759,5.2047,5.8663,5.8148,5.0242,5.5532,6.2307,0.3782,1.7045,0.3614,HIGH
VM_023,1378757700,4.7667,5.466,5.5619,5.6146,6.1133,5.6738,4.8941,5.6497,6.1133,0.3375,1.7045,0.3629,HIGH
VM_023,1378758000,4.5667,5.2816,5.4762,5.6317,6.0955,5.4599,4.6817,5.5373,6.0955,0.4014,1.7045,0.3859,HIGH
VM_023,1378758300,4.7667,5.3787,5.776,6.0486,5.6416,5.0505,4.7792,5.4496,6.0536,0.4199,1.7038,0.3694,HIGH
VM_023,1378758600,4.7333,5.3939,5.7899,6.0783,5.469,4.9011,4.7827,5.3678,6.0783,0.4359,1.7038,0.3719,HIGH
VM_023,1378758900,4.8333,5.5635,5.713,5.7886,5.1704,5.0629,5.1642,5.3382,5.7886,0.2665,1.7038,0.3087,HIGH
VM_023,1378759200,4.6,5.4496,5.5626,5.5822,4.9046,4.9513,5.1406,5.1901,5.5822,0.259,1.7063,0.3064,HIGH
VM_023,1378759500,6.5667,5.3348,5.2664,5.2384,4.7211,5.2583,5.822,5.2184,5.9371,0.3722,1.4112,0.3249,HIGH
VM_023,1378759800,4.6333,5.2215,5.04,4.9596,4.6131,5.388,5.9561,5.1804,6.12,0.4828,1.204,0.3327,HIGH
VM_023,1378760100,5.0,5.1819,4.9571,4.8214,5.1981,5.8702,5.7784,5.4058,6.1221,0.454,0.9457,0.2765,HIGH
VM_023,1378760400,4.8,4.7888,4.5988,4.5355,5.0264,5.6659,5.3906,5.1458,5.7931,0.4559,0.9457,0.2701,HIGH
VM_023,1378760700,4.8333,4.7632,4.7584,4.8246,5.4933,5.6858,5.1241,5.3068,5.9105,0.4023,0.9461,0.2577,HIGH
VM_023,1378761000,4.7,4.7568,4.7949,4.8749,5.5763,5.5721,4.9423,5.2857,5.9191,0.3872,0.9461,0.2589,HIGH
VM_023,1378761300,4.7667,5.0001,5.1429,5.2552,5.7977,5.4015,4.7852,5.3505,5.7977,0.2957,0.9461,0.2412,HIGH
VM_023,1378761600,4.6,4.8109,5.1071,5.3022,5.7881,5.3036,4.6627,5.2953,5.7881,0.3444,0.9477,0.2547,HIGH
VM_023,1378761900,4.7667,5.2246,5.5666,5.7865,5.5109,5.0561,4.7813,5.3467,5.8181,0.322,0.9487,0.2444,HIGH
VM_023,1378762200,4.5667,5.2293,5.57,5.7865,5.3307,4.9411,4.7994,5.2674,5.7865,0.3211,0.951,0.2388,HIGH
VM_023,1378762500,7.3333,5.9963,5.9255,5.8115,5.3498,5.3335,5.3261,5.5347,5.9963,0.2406,1.0491,0.2159,HIGH
VM_023,1378762800,9.1,6.434,5.993,5.6436,5.2083,5.3415,5.3782,5.5004,6.434,0.3587,1.3058,0.3145,HIGH
VM_023,1378763100,10.2,6.4485,5.9132,5.569,5.2404,5.8096,6.275,5.7229,6.4485,0.4631,1.6145,0.365,HIGH
VM_023,1378763400,4.6667,5.7535,5.4247,5.2427,4.9599,5.7363,6.3183,5.502,6.4231,0.5153,1.6137,0.3916,HIGH
VM_023,1378763700,4.7,5.7389,5.3278,5.0636,5.4971,6.1957,5.9423,5.6905,6.3284,0.4621,1.6017,0.3706,HIGH
VM_023,1378764000,6.1667,5.4092,5.0035,4.8231,5.5023,6.1347,5.6569,5.5497,6.1901,0.4803,1.4909,0.3531,HIGH
VM_023,1378764300,5.6667,5.2867,5.1031,5.0964,5.9242,6.1299,5.3574,5.6759,6.4398,0.4565,1.4878,0.3498,HIGH
VM_023,1378764600,4.7333,5.3216,5.2247,5.2373,6.1078,6.0338,5.1733,5.7062,6.4613,0.4358,1.4878,0.3433,HIGH
VM_023,1378764900,5.5667,5.6673,5.7197,5.7911,6.3785,5.8949,5.1686,5.8601,6.3785,0.3275,1.4814,0.3332,HIGH
VM_023,1378765200,7.0333,5.7595,5.8491,5.9113,6.2656,5.7308,5.1605,5.8216,6.2656,0.2932,1.5027,0.3235,HIGH
VM_023,1378765500,4.7333,5.8323,6.1874,6.4733,5.9091,5.3419,5.2079,5.794,6.4733,0.428,1.5035,0.3426,HIGH
VM_023,1378765800,4.7333,5.868,6.0998,6.3301,5.748,5.2795,5.2431,5.6986,6.3301,0.3757,1.5035,0.3215,HIGH
VM_023,1378766100,5.8667,6.1788,6.1773,6.1989,5.6453,5.5213,5.5755,5.7922,6.1989,0.2662,1.4967,0.2786,HIGH
VM_023,1378766400,4.6667,5.9325,5.9114,5.9122,5.4601,5.4533,5.4169,5.6367,5.9325,0.1935,1.4949,0.2528,HIGH
VM_023,1378766700,8.0333,5.9734,5.6477,5.5128,5.1131,5.7265,6.2481,5.6257,6.3203,0.4113,1.5645,0.3435,HIGH
VM_023,1378767000,4.5667,5.5167,5.3026,5.244,4.8835,5.6052,6.2348,5.4287,6.3159,0.4659,1.5664,0.3704,HIGH
VM_023,1378767300,4.7,5.4526,5.2153,5.0368,5.3755,6.0481,5.88,5.5902,6.2253,0.4197,1.5731,0.3446,HIGH
VM_023,1378767600,4.8667,4.9802,4.8664,4.8264,5.3877,5.8925,5.4441,5.3976,5.9939,0.4083,1.5716,0.3398,HIGH
VM_023,1378767900,4.9333,4.8956,4.9716,5.066,5.743,5.8585,5.1731,5.4969,6.1747,0.4082,1.5695,0.3527,HIGH
VM_023,1378768200,4.6333,4.8872,4.9579,4.998,5.6367,5.6766,4.8675,5.3753,6.1344,0.4005,1.5713,0.3515,HIGH
VM_023,1378768500,4.7667,5.2216,5.3444,5.4258,5.906,5.5476,4.8895,5.5002,5.906,0.2915,1.5713,0.3218,HIGH
VM_023,1378768800,4.6,4.9199,5.155,5.2896,5.7438,5.2204,4.4944,5.2471,5.7438,0.3618,1.5713,0.3494,HIGH
VM_023,1378769100,4.7,5.193,5.6108,5.9106,5.4094,4.9116,4.632,5.2894,5.9109,0.4093,1.573,0.3531,HIGH
VM_023,1378769400,4.9,5.3214,5.6726,5.8858,5.184,4.7712,4.7814,5.2063,5.8858,0.3851,1.5645,0.3326,HIGH
VM_023,1378769700,5.3,5.5543,5.6704,5.6789,5.1408,5.049,5.1097,5.2893,5.6789,0.2408,1.5245,0.2737,HIGH
VM_023,1378770000,6.6333,5.7156,5.6247,5.4904,5.0533,5.1794,5.2811,5.3002,5.7156,0.226,1.3498,0.2567,HIGH
VM_023,1378770300,8.4333,5.5579,5.3157,5.184,4.9117,5.4488,5.824,5.3053,5.9068,0.3508,1.1072,0.2675,HIGH
VM_023,1378770600,5.9667,5.3466,5.0992,4.9897,4.8231,5.5883,6.0447,5.2925,6.1849,0.4853,1.1015,0.3187,HIGH
VM_023,1378770900,4.7667,5.2846,5.1012,4.9603,5.2076,5.8288,5.7739,5.4177,6.0768,0.4056,1.0996,0.2891,HIGH
VM_023,1378771200,9.4667,6.6696,6.0944,5.405,5.4563,6.2057,6.5138,5.8611,6.7028,0.5817,1.3662,0.3541,HIGH
VM_023,1378771500,4.8667,4.9737,4.9712,5.065,5.6443,5.9564,5.5862,5.5423,6.0851,0.4125,1.3741,0.3081,HIGH
VM_023,1378771800,4.7,4.9742,4.9708,5.0641,5.894,6.1837,5.2559,5.6606,6.3644,0.5061,1.375,0.3413,HIGH
VM_023,1378772100,4.7,4.9222,5.151,5.4281,6.0554,5.7574,4.9543,5.5844,6.087,0.3966,1.3861,0.3156,HIGH
VM_023,1378772400,4.5333,5.0861,5.1751,5.41,6.1531,5.648,4.6082,5.5697,6.2494,0.5103,1.3615,0.3688,HIGH
VM_023,1378772700,4.7,5.2493,5.5893,5.8572,5.908,5.2425,4.6586,5.5038,6.0768,0.4351,1.3622,0.3425,HIGH
VM_023,1378773000,8.4333,5.9861,6.0274,6.123,6.0206,5.2038,4.9428,5.6495,6.1628,0.4439,1.4852,0.3349,HIGH
VM_023,1378773300,9.2667,6.4679,6.3246,6.1474,5.8061,5.4809,5.5493,5.8124,6.4679,0.3294,1.6657,0.3318,HIGH
VM_023,1378773600,9.1667,6.7666,6.6681,6.4768,5.6666,5.4121,5.6476,5.8903,6.7666,0.4893,1.7912,0.4051,HIGH
VM_023,1378773900,8.0333,6.0892,5.9324,5.7989,5.1901,5.6566,6.3111,5.6845,6.3237,0.4351,1.7912,0.3689,HIGH
VM_023,1378774200,4.5667,5.8396,5.7121,5.5891,4.9031,5.7791,6.5624,5.6449,6.6036,0.5496,1.7912,0.431,HIGH
VM_023,1378774500,4.7333,5.6575,5.4558,5.2621,5.3636,6.2064,6.142,5.7509,6.4975,0.4536,1.7903,0.3899,HIGH
VM_023,1378774800,4.7667,5.2669,5.0504,4.925,5.5662,6.2455,5.7492,5.6518,6.3793,0.4881,1.7929,0.4021,HIGH
VM_023,1378775100,4.8333,5.0536,4.9363,4.9691,6.0355,6.1569,5.1484,5.6327,6.452,0.5303,1.7953,0.4096,HIGH
VM_023,1378775400,4.7667,4.9522,4.9462,5.0071,6.0447,5.9034,4.9664,5.5468,6.3569,0.5015,1.7915,0.3967,HIGH
VM_023,1378775700,5.2667,5.2919,5.4286,5.5081,6.2014,5.6492,4.9949,5.6335,6.2014,0.3527,1.7806,0.3712,HIGH
VM_023,1378776000,4.6333,5.0891,5.4025,5.4842,6.2164,5.5619,4.9436,5.5703,6.2164,0.3889,1.7795,0.3789,HIGH
VM_023,1378776300,4.7,5.3385,5.8349,6.1087,5.7886,5.029,4.7944,5.4807,6.2176,0.4717,1.7795,0.3967,HIGH
VM_023,1378776600,4.7333,5.1846,5.8179,6.1581,5.519,4.8336,4.798,5.3554,6.181,0.5,1.784,0.3925,HIGH
VM_023,1378776900,5.0,5.594,6.0093,6.1372,5.152,4.9743,5.4166,5.4411,6.1372,0.412,1.7896,0.377,HIGH
VM_023,1378777200,4.6667,5.6706,5.7723,5.6604,4.7984,4.9766,5.2817,5.2486,5.7723,0.3401,1.7996,0.3461,HIGH
VM_023,1378777500,6.6667,5.4413,5.3553,5.2744,4.7497,5.2878,5.7065,5.2495,5.8485,0.339,1.7226,0.351,HIGH
VM_023,1378777800,4.7,5.2566,5.1819,5.1496,4.5363,5.3272,5.9268,5.1896,6.0781,0.4627,1.735,0.405,HIGH
VM_023,1378778100,4.8,5.1267,4.9774,4.8005,4.984,5.7201,5.6069,5.2935,5.9666,0.4125,1.7342,0.3678,HIGH
VM_023,1378778400,5.1667,4.6504,4.6048,4.5953,5.0976,5.8237,5.7047,5.2363,5.9911,0.5373,1.5388,0.3626,HIGH
VM_023,1378778700,9.2667,5.2792,5.059,4.8916,5.7992,6.0058,5.3051,5.5436,6.174,0.4302,1.7105,0.3712,HIGH
VM_023,1378779000,6.9667,5.1842,5.1007,5.0665,5.8605,5.8567,5.1598,5.5342,6.1912,0.3909,1.7155,0.3532,HIGH
VM_023,1378779300,4.7333,5.2983,5.4594,5.4908,6.0849,5.7185,5.152,5.6286,6.0849,0.2674,1.7146,0.3304,HIGH
VM_023,1378779600,4.6,5.1303,5.3513,5.4141,5.9779,5.4157,4.7482,5.4265,5.9779,0.3273,1.7125,0.3652,HIGH
VM_023,1378779900,4.8,5.4375,5.726,5.8742,5.8349,5.3364,4.9854,5.5647,5.9234,0.292,1.7098,0.3303,HIGH
VM_023,1378780200,4.6333,5.2925,5.6644,5.8844,5.566,5.0888,4.9656,5.4163,5.8886,0.305,1.6297,0.3183,HIGH
VM_023,1378780500,4.8667,5.6397,5.7689,5.7809,5.4246,5.2829,5.3115,5.4963,5.7809,0.178,1.4411,0.2438,HIGH
VM_023,1378780800,4.7,5.728,5.9189,5.9518,5.3356,5.1101,5.164,5.4554,5.9518,0.3076,1.2119,0.2551,HIGH
VM_023,1378781100,6.7333,5.4533,5.5653,5.6295,5.1034,5.3963,5.9189,5.4613,5.9969,0.2929,1.1078,0.2514,HIGH
VM_023,1378781400,4.5667,5.2765,5.3103,5.2748,4.6832,5.29,5.9927,5.2505,6.0705,0.4375,1.1078,0.3062,HIGH
VM_023,1378781700,4.6333,5.1467,5.0735,4.9644,5.1269,5.7717,5.7688,5.3944,6.0574,0.3946,1.1099,0.2774,HIGH
VM_023,1378782000,4.9,4.7769,4.6847,4.6373,4.9594,5.5303,5.3766,5.1166,5.7388,0.3963,1.1079,0.2736,HIGH
VM_023,1378782300,5.6667,5.0612,5.0016,5.0046,5.6605,5.851,5.2958,5.4868,6.0381,0.3726,1.1083,0.2648,HIGH
VM_023,1378782600,4.7333,5.0155,5.0115,5.0236,5.7202,5.7499,5.1028,5.4569,6.0558,0.3648,1.1089,0.2658,HIGH
VM_023,1378782900,4.6667,5.2397,5.4011,5.4153,5.8577,5.5621,5.1527,5.5256,5.8577,0.2038,1.1154,0.2265,HIGH
VM_023,1378783200,4.6333,5.1115,5.4101,5.465,5.7612,5.33,4.9686,5.4094,5.7877,0.2361,1.1154,0.24,HIGH
VM_023,1378783500,6.1667,5.6217,5.986,6.06,5.709,5.294,5.2997,5.6337,6.0823,0.2947,1.1252,0.2376,HIGH
VM_023,1378783800,6.3333,5.6877,5.9713,6.0155,5.5167,5.1415,5.2183,5.52,6.0155,0.3288,1.138,0.2559,HIGH
VM_023,1378784100,6.4333,5.9587,6.0728,5.9576,5.4414,5.3642,5.5896,5.6289,6.0728,0.2679,1.1559,0.2481,HIGH
VM_023,1378784400,4.7333,5.7096,5.821,5.6639,5.1554,5.2547,5.4425,5.4268,5.821,0.2358,1.1541,0.2351,HIGH
VM_023,1378784700,9.8,6.1271,5.9913,5.7695,5.417,5.9221,6.3528,5.8511,6.5709,0.3858,1.4424,0.3246,HIGH
VM_023,1378785000,6.9,5.8098,5.7276,5.5753,5.1664,5.9521,6.6317,5.7488,6.7991,0.5402,1.4557,0.3799,HIGH
VM_023,1378785300,4.7,5.6463,5.5352,5.3433,5.725,6.4191,6.1616,5.9134,6.6433,0.4479,1.4584,0.3475,HIGH
VM_023,1378785600,4.8333,5.308,5.0663,4.9022,5.4332,6.2952,5.8463,5.6302,6.3926,0.5278,1.4647,0.3642,HIGH
VM_023,1378785900,4.8333,5.37,5.2629,5.2511,6.3146,6.3539,5.3582,5.8848,6.709,0.5096,1.2491,0.3327,HIGH
VM_023,1378786200,4.7667,5.2407,5.1127,5.1233,6.1496,6.0611,5.1575,5.6962,6.5382,0.4879,1.2124,0.3242,HIGH
VM_023,1378786500,4.8,5.4016,5.6049,5.7112,6.2136,5.7385,5.3373,5.7601,6.2136,0.262,1.211,0.259,HIGH
VM_023,1378786800,4.7333,5.1462,5.4342,5.5307,5.9224,5.3491,4.9955,5.4604,5.9224,0.2677,1.2077,0.2646,HIGH
VM_023,1378787100,8.0667,5.941,6.2419,6.2656,5.9124,5.5126,5.4252,5.8429,6.3275,0.3155,1.321,0.2762,HIGH
VM_023,1378787400,4.8333,5.4582,5.943,6.1735,5.5052,5.1129,5.1677,5.5189,6.1735,0.3791,1.316,0.2988,HIGH
VM_023,1378787700,4.7333,5.781,6.0097,6.0227,5.3452,5.4022,5.6663,5.6385,6.0227,0.2524,1.319,0.2594,HIGH
VM_023,1378788000,4.8333,5.7246,5.801,5.6641,5.021,5.1642,5.4407,5.3697,5.801,0.2732,1.3158,0.2669,HIGH
VM_023,1378788300,6.4,5.566,5.5438,5.4708,5.3491,5.7262,5.9148,5.5968,6.0692,0.2434,1.3039,0.255,HIGH
VM_023,1378788600,4.7333,5.2614,5.221,5.1255,4.8654,5.5221,6.0515,5.3268,6.1542,0.4372,1.2993,0.3195,HIGH
VM_023,1378788900,4.7,5.2119,5.1881,5.0712,5.2503,5.7876,5.7631,5.455,6.0449,0.3402,1.2974,0.2893,HIGH
VM_023,1378789200,4.9333,4.978,4.9251,4.8223,5.1337,5.6956,5.5216,5.2926,5.8766,0.3725,1.2968,0.2915,HIGH
VM_023,1378789500,4.7,5.075,5.2097,5.2346,5.8734,5.9199,5.4091,5.6228,6.135,0.3355,1.3063,0.293,HIGH
VM_023,1378789800,4.8667,5.0099,5.0596,5.0463,5.808,5.7503,5.0818,5.4699,6.0999,0.369,1.3034,0.2962,HIGH
VM_023,1378790100,4.6333,5.0922,5.3129,5.3448,5.7722,5.5464,5.114,5.4719,5.7722,0.2218,1.3043,0.2478,HIGH
VM_023,1378790400,4.7333,5.0203,5.2409,5.2835,5.7685,5.451,5.0637,5.4125,5.7685,0.2302,1.3017,0.2555,HIGH
VM_023,1378790700,4.6,5.3723,5.6898,5.7532,5.4325,5.1885,5.1785,5.4381,5.7743,0.2188,1.3043,0.2378,HIGH
VM_023,1378791000,4.8,5.302,5.6704,5.758,5.3383,5.0607,5.061,5.3516,5.758,0.2677,1.2942,0.2486,HIGH
VM_023,1378791300,4.6667,5.5718,5.7984,5.7635,5.2024,5.2429,5.5037,5.4493,5.7984,0.2321,1.2793,0.2459,HIGH
VM_023,1378791600,4.8333,5.5041,5.6243,5.4993,5.029,5.104,5.2445,5.2653,5.6243,0.2127,1.2777,0.2441,HIGH
VM_023,1378791900,6.4,5.2836,5.4401,5.4672,5.1859,5.6114,5.8665,5.4825,6.0572,0.2683,0.8799,0.216,HIGH
VM_023,1378792200,4.8667,5.1439,5.2317,5.2078,4.9443,5.5751,6.0287,5.3653,6.21,0.4137,0.7955,0.2518,HIGH
VM_023,1378792500,4.9,5.1896,5.1568,5.0386,5.3472,5.8523,5.6526,5.4822,6.0455,0.3508,0.7928,0.2263,HIGH
VM_023,1378792800,6.0667,5.1115,4.9933,4.8666,5.2976,5.7858,5.5155,5.383,5.916,0.3678,0.8178,0.229,HIGH
VM_023,1378793100,6.0667,5.1918,5.3172,5.3585,5.8983,5.8349,5.3938,5.6455,6.0522,0.2852,0.8387,0.2094,HIGH
VM_023,1378793400,6.3,5.3576,5.3669,5.3003,5.9686,5.8683,5.2656,5.6652,6.1558,0.3068,0.8659,0.2164,HIGH
VM_023,1378793700,4.8667,5.3529,5.586,5.6328,5.9977,5.7483,5.4171,5.7091,5.9977,0.1859,0.8647,0.1872,HIGH
VM_023,1378794000,6.5,5.4522,5.586,5.5781,6.0335,5.6725,5.1326,5.6494,6.0335,0.225,0.8961,0.2215,HIGH
VM_023,1378794300,4.6,5.5743,5.8627,5.9697,5.8292,5.4913,5.3059,5.692,5.9764,0.2158,0.6838,0.167,MEDIUM
VM_023,1378794600,6.2333,5.7852,5.9781,6.0722,5.8476,5.4503,5.3356,5.7193,6.0722,0.2389,0.7148,0.1788,HIGH
VM_023,1378794900,8.9667,6.4526,6.3092,6.1443,5.9077,5.713,5.7812,5.9416,6.4526,0.2373,1.0408,0.2267,HIGH
VM_023,1378795200,5.4333,6.0936,6.0774,5.9951,5.7251,5.647,5.8046,5.8169,6.0936,0.182,1.0342,0.1984,HIGH
VM_023,1378795500,10.8,6.3744,6.2682,6.1031,5.753,6.1261,6.7298,6.1195,6.8846,0.4174,1.5019,0.3453,HIGH
VM_023,1378795800,9.2,6.4331,6.2448,6.0326,5.6989,6.336,7.043,6.1941,7.217,0.5443,1.6594,0.4033,HIGH
VM_023,1378796100,5.5667,6.1838,5.9075,5.7065,6.1296,6.7321,6.4548,6.267,6.9213,0.4316,1.6443,0.37,HIGH
VM_023,1378796400,5.0333,5.6916,5.4392,5.3225,5.9513,6.5236,6.0157,5.9793,6.6419,0.4514,1.6421,0.3668,HIGH
VM_023,1378796700,5.1,5.685,5.651,5.7195,6.6063,6.6474,5.8673,6.2486,6.9622,0.4538,1.6322,0.3645,HIGH
VM_023,1378797000,4.8,5.5434,5.4583,5.4747,6.4378,6.3264,5.4468,6.0045,6.7951,0.4631,1.634,0.3692,HIGH
VM_023,1378797300,4.5667,5.5991,5.7452,5.8624,6.5045,6.0765,5.3933,6.0126,6.5045,0.3356,1.6362,0.3414,HIGH
VM_023,1378797600,4.7,5.4152,5.6252,5.7601,6.4032,5.7955,5.1296,5.826,6.4032,0.3727,1.6372,0.3607,HIGH
VM_023,1378797900,4.5,5.6704,6.1497,6.4115,6.0934,5.5217,5.2636,5.9041,6.5665,0.4032,1.6406,0.3646,HIGH
VM_023,1378798200,4.8667,5.6554,6.1979,6.4632,5.7668,5.3068,5.3265,5.775,6.5243,0.4262,1.6388,0.3543,HIGH
VM_023,1378798500,5.5,5.9015,6.2287,6.2854,5.6513,5.5348,5.7499,5.8458,6.2854,0.2724,1.6219,0.3022,HIGH
VM_023,1378798800,9.3,6.5019,6.4223,6.1397,5.561,5.6565,5.843,5.8918,6.5019,0.3211,1.7501,0.3476,HIGH
VM_023,1378799100,10.8,6.6194,6.4109,6.1085,5.4323,5.9737,6.5636,6.0355,6.664,0.4492,2.0011,0.4025,HIGH
VM_023,1378799400,5.3667,5.9881,5.9414,5.8138,5.3206,6.0086,6.699,5.8983,6.8135,0.4867,1.9888,0.4318,HIGH
VM_023,1378799700,4.7,5.9241,5.8151,5.6362,5.6917,6.3993,6.4566,6.0382,6.7802,0.4142,1.9952,0.4116,HIGH
VM_023,1378800000,6.7667,5.8175,5.6275,5.4716,5.7919,6.462,6.2388,5.9989,6.6526,0.4185,1.9976,0.4066,HIGH
VM_023,1378800300,4.9333,5.5236,5.6224,5.6649,6.4399,6.609,5.9435,6.1823,6.9103,0.449,2.016,0.4227,HIGH
VM_023,1378800600,4.8667,5.5466,5.6184,5.6606,6.5729,6.5265,5.6605,6.1561,6.9724,0.4696,2.0348,0.4297,HIGH
VM_023,1378800900,4.7333,5.5828,5.7185,5.8021,6.5396,6.2155,5.4498,6.0461,6.5396,0.3606,2.0387,0.3905,HIGH
VM_023,1378801200,4.8,5.477,5.7251,5.9191,6.6045,6.0028,5.2651,5.9909,6.6045,0.4084,2.0558,0.4222,HIGH
VM_023,1378801500,4.7333,5.6137,6.079,6.3551,6.3082,5.7036,5.3793,5.9887,6.5548,0.377,2.0518,0.4023,HIGH
VM_023,1378801800,4.9,5.6268,6.0822,6.3293,6.0182,5.5157,5.4158,5.8554,6.4021,0.3342,2.0658,0.3818,HIGH
VM_023,1378802100,4.6667,5.67,6.0567,6.1953,5.7162,5.5602,5.724,5.8049,6.1953,0.2311,1.9858,0.3354,HIGH
VM_023,1378802400,4.8667,5.8042,6.0797,6.1128,5.4929,5.5396,5.7327,5.7529,6.1128,0.2384,1.9944,0.3421,HIGH
VM_023,1378802700,7.2667,5.7869,5.9166,5.9217,5.3195,5.8001,6.2979,5.806,6.4386,0.3262,1.7242,0.3536,HIGH
VM_023,1378803000,4.7333,5.5045,5.6215,5.6254,5.2765,5.8361,6.2761,5.7107,6.4673,0.3619,1.5622,0.3413,HIGH
VM_023,1378803300,4.7333,5.5752,5.571,5.509,5.6569,6.058,5.8647,5.7997,6.2495,0.2591,1.5699,0.2951,HIGH
VM_023,1378803600,5.1,5.4303,5.4216,5.3622,5.7317,6.0216,5.7557,5.7415,6.1297,0.2734,1.5692,0.2921,HIGH
VM_023,1378803900,4.7667,5.2808,5.4906,5.6332,6.2546,6.3309,5.9865,6.0238,6.5679,0.3942,1.5741,0.3542,HIGH
VM_023,1378804200,4.8333,5.3681,5.5425,5.5706,6.1661,6.1228,5.5993,5.9049,6.4509,0.3291,1.5735,0.33,HIGH
VM_023,1378804500,4.7333,5.4041,5.6934,5.7848,6.244,5.9985,5.4859,5.9104,6.2632,0.2657,1.5697,0.3031,HIGH
VM_023,1378804800,4.7,5.2787,5.5868,5.6651,6.1033,5.7514,5.2444,5.7314,6.1485,0.273,1.5697,0.3084,HIGH
VM_023,1378805100,4.8333,5.5603,5.9781,6.163,6.0017,5.4837,5.183,5.784,6.3352,0.3615,1.5623,0.3368,HIGH
VM_023,1378805400,8.2333,6.1286,6.384,6.3943,5.94,5.554,5.5087,5.9217,6.3943,0.3301,1.6534,0.3169,HIGH
VM_023,1378805700,4.7333,5.9231,6.2148,6.2474,5.7765,5.4789,5.6086,5.8101,6.2474,0.2758,1.6632,0.3043,HIGH
VM_023,1378806000,4.8,5.9289,6.1426,6.0923,5.5705,5.5535,5.7683,5.7749,6.1426,0.2342,1.4687,0.276,HIGH
VM_023,1378806300,10.1,6.4714,6.4082,6.2284,5.5967,5.964,6.5015,6.0668,6.6746,0.3838,1.3597,0.3091,HIGH
VM_023,1378806600,7.2333,6.128,6.0693,5.9499,5.5742,6.0988,6.5206,6.004,6.7783,0.3788,1.4119,0.3236,HIGH
VM_023,1378806900,4.6667,5.8195,5.8172,5.7021,5.8593,6.2978,6.0628,6.0048,6.5315,0.2916,1.4127,0.2962,HIGH
VM_023,1378807200,5.0,5.4399,5.4286,5.384,5.8435,6.1747,5.7821,5.8086,6.2676,0.3333,1.3867,0.286,HIGH
VM_023,1378807500,4.6667,5.38,5.4035,5.4449,6.1892,6.3299,5.672,5.9313,6.5796,0.416,1.3915,0.3204,HIGH
VM_023,1378807800,5.2667,5.4126,5.4811,5.5141,6.2219,6.1103,5.3708,5.8765,6.4879,0.3666,1.3877,0.3102,HIGH
VM_023,1378808100,4.6333,5.3709,5.4926,5.532,6.1361,5.8521,5.2371,5.7411,6.1361,0.2814,1.3898,0.2847,HIGH
VM_023,1378808400,5.4,5.485,5.6971,5.7782,6.2316,5.7034,5.1593,5.7823,6.2546,0.3049,1.3844,0.3072,HIGH
VM_023,1378808700,4.5333,5.5555,6.1003,6.3901,6.063,5.4361,5.2704,5.8435,6.4904,0.4138,1.3892,0.3226,HIGH
VM_023,1378809000,4.9333,5.7773,6.2244,6.4227,5.8136,5.3893,5.4808,5.8175,6.4227,0.3625,1.3887,0.3004,HIGH
VM_023,1378809300,5.2667,5.7855,6.0929,6.207,5.6194,5.4728,5.7342,5.7695,6.207,0.2597,1.3804,0.2714,HIGH
VM_023,1378809600,4.9333,5.8795,6.0753,6.0898,5.3787,5.4252,5.7186,5.6977,6.0898,0.2745,1.3793,0.2705,HIGH
VM_023,1378809900,7.2,5.9122,5.8897,5.8362,5.149,5.7619,6.3896,5.7624,6.5226,0.411,1.3755,0.339,HIGH
VM_023,1378810200,5.0,5.7636,5.7461,5.6939,5.1715,5.9059,6.5381,5.7742,6.7118,0.4749,1.3708,0.3581,HIGH
VM_023,1378810500,6.3333,5.8598,5.6615,5.4365,5.4741,6.1881,6.1223,5.8385,6.5097,0.3853,1.3744,0.322,HIGH
VM_023,1378810800,5.0,5.3549,5.2286,5.0924,5.4551,6.0979,5.9045,5.6379,6.2866,0.4203,1.3758,0.3207,HIGH
VM_023,1378811100,5.4333,5.3199,5.2421,5.1756,6.0195,6.2644,5.5739,5.7924,6.5299,0.4489,1.3672,0.3356,HIGH
VM_023,1378811400,4.9,5.2206,5.2472,5.2593,6.0368,6.0447,5.3099,5.7247,6.4733,0.41,1.3659,0.3234,HIGH
VM_023,1378811700,4.6,5.3261,5.5444,5.6607,6.1763,5.7938,5.2372,5.7531,6.1763,0.2948,1.3695,0.2868,HIGH
VM_023,1378812000,4.7,5.3316,5.5726,5.6993,6.0734,5.5453,5.0481,5.6449,6.1035,0.3045,1.3695,0.3006,HIGH
VM_023,1378812300,4.6333,5.4743,5.9616,6.2041,5.8613,5.2743,5.1628,5.6761,6.2827,0.3828,1.3744,0.3088,HIGH
VM_023,1378812600,4.9333,5.5863,6.0044,6.1884,5.6922,5.2514,5.3198,5.6491,6.1884,0.338,1.2493,0.2711,HIGH
VM_023,1378812900,4.7,5.7523,6.0405,6.0991,5.4226,5.3682,5.7256,5.6662,6.0991,0.2821,1.2501,0.2617,HIGH
VM_023,1378813200,4.8333,5.7665,5.9671,5.917,5.2109,5.3688,5.6749,5.5752,5.9671,0.2774,1.2494,0.2598,HIGH
VM_023,1378813500,6.4667,5.7215,5.8355,5.8704,5.1546,5.6848,6.3831,5.7126,6.5058,0.4146,0.7855,0.2606,HIGH
VM_023,1378813800,6.0667,5.6091,5.6271,5.5774,5.1395,5.8682,6.4504,5.6921,6.6565,0.4779,0.6851,0.2673,HIGH
VM_023,1378814100,4.5667,5.4079,5.3407,5.2241,5.4333,6.1351,5.976,5.6989,6.3913,0.4144,0.6886,0.2347,HIGH
VM_023,1378814400,5.0,5.2508,5.1234,4.983,5.4655,6.0462,5.73,5.569,6.1651,0.4182,0.6886,0.2282,HIGH
VM_023,1378814700,4.7,5.156,5.1385,5.1275,6.0006,6.1739,5.4349,5.7287,6.5268,0.469,0.6876,0.2537,HIGH
VM_023,1378815000,4.9333,5.2967,5.3675,5.391,6.087,6.0074,5.267,5.769,6.46,0.3853,0.6889,0.2295,HIGH
VM_023,1378815300,4.7667,5.348,5.5713,5.666,6.1747,5.7484,5.1577,5.7371,6.1747,0.3074,0.685,0.2082,HIGH
VM_023,1378815600,4.7667,5.3166,5.5715,5.6878,6.0687,5.5343,4.9993,5.6313,6.1291,0.3179,0.6876,0.2218,HIGH
VM_023,1378815900,4.5333,5.4517,6.0286,6.2591,5.7855,5.2804,5.2634,5.6834,6.3057,0.3868,0.6876,0.214,HIGH
VM_023,1378816200,4.8667,5.5781,6.1042,6.3186,5.5582,5.1914,5.4509,5.648,6.3186,0.3945,0.6885,0.2228,HIGH
VM_023,1378816500,4.6333,5.6862,5.9575,5.961,5.1806,5.2426,5.511,5.5139,5.961,0.3041,0.6952,0.1947,HIGH
VM_023,1378816800,5.2667,5.7412,5.84,5.7373,5.0435,5.3132,5.4711,5.4565,5.84,0.2686,0.695,0.1834,HIGH
VM_023,1378817100,7.4,5.6553,5.6192,5.5376,5.0031,5.557,5.9257,5.5049,6.1613,0.3328,0.7217,0.2296,HIGH
VM_023,1378817400,4.9333,5.4489,5.404,5.334,4.969,5.6066,5.9724,5.4541,6.2529,0.3822,0.7223,0.2445,HIGH
VM_023,1378817700,4.5667,5.2705,5.2561,5.1503,5.3298,5.8205,5.6664,5.5009,6.0735,0.32,0.6826,0.2081,HIGH
VM_023,1378818000,4.6167,5.1062,5.054,4.9667,5.3148,5.7457,5.5461,5.3946,5.9331,0.3369,0.6883,0.2084,HIGH
VM_023,1378818300,4.6667,5.0883,5.2205,5.258,5.7332,5.8345,5.3431,5.5708,6.0891,0.3105,0.6868,0.2065,HIGH
VM_023,1378818600,4.9,5.0659,5.29,5.3315,5.7364,5.7316,5.1493,5.5468,6.0414,0.2854,0.6868,0.2035,HIGH
VM_023,1378818900,4.7667,5.1501,5.4401,5.5067,5.8494,5.5531,4.9722,5.5268,5.8917,0.2591,0.6834,0.1964,HIGH
VM_023,1378819200,4.9333,5.1902,5.4503,5.4958,5.7758,5.4278,4.8648,5.4638,5.855,0.2638,0.6804,0.2044,HIGH
VM_023,1378819500,4.5,5.2819,5.6711,5.8309,5.5219,5.1542,4.9636,5.433,5.9022,0.299,0.6842,0.1988,HIGH
VM_023,1378819800,4.8667,5.4201,5.7385,5.8536,5.4273,5.0623,5.0048,5.3973,5.8586,0.3062,0.6847,0.1888,HIGH
VM_023,1378820100,4.8333,5.5578,5.8038,5.8408,5.3219,5.139,5.2527,5.4317,5.8408,0.2533,0.6826,0.1719,MEDIUM
VM_023,1378820400,4.9333,5.5768,5.7474,5.6994,5.0772,5.0584,5.253,5.3238,5.7474,0.2667,0.6818,0.1826,HIGH
VM_023,1378820700,6.4333,5.4661,5.5231,5.4765,4.9863,5.4265,5.8567,5.4133,6.003,0.3026,0.6787,0.2073,HIGH
VM_023,1378821000,5.0,5.355,5.4073,5.3441,4.9656,5.578,6.0993,5.4454,6.2815,0.4118,0.641,0.2379,HIGH
VM_023,1378821300,4.5333,5.1693,5.1992,5.0768,5.1671,5.69,5.6314,5.3976,5.9819,0.3148,0.6419,0.1994,HIGH
VM_023,1378821600,5.0667,5.0495,5.0273,4.8763,5.169,5.6747,5.4754,5.3162,5.8572,0.338,0.6422,0.1998,HIGH
VM_023,1378821900,4.7,5.0374,5.1913,5.2159,5.4884,5.7085,5.5375,5.4789,5.9164,0.2688,0.6422,0.1864,HIGH
VM_023,1378822200,4.8667,5.0621,5.1693,5.1543,5.5583,5.6529,5.1745,5.4323,5.8703,0.2587,0.6425,0.178,HIGH
VM_023,1378822500,5.1,5.1769,5.3716,5.3929,5.6205,5.517,5.1341,5.4509,5.6385,0.1518,0.6415,0.142,MEDIUM
VM_023,1378822800,4.7667,5.1031,5.2938,5.3318,5.5751,5.2739,4.82,5.3029,5.6053,0.2034,0.6415,0.1752,HIGH
VM_023,1378823100,4.5667,5.3054,5.5653,5.7018,5.5116,5.1763,4.9119,5.4047,5.7626,0.2542,0.6405,0.1828,HIGH
VM_023,1378823400,4.9,5.2928,5.5561,5.7111,5.3941,5.0231,4.9676,5.3217,5.7111,0.2533,0.6403,0.1701,MEDIUM
VM_023,1378823700,4.6333,5.3941,5.5616,5.6506,5.3383,5.1126,5.2002,5.3452,5.6506,0.1824,0.6403,0.1458,MEDIUM
VM_023,1378824000,4.8667,5.4349,5.5538,5.534,5.0523,5.0388,5.1994,5.237,5.5538,0.2095,0.6379,0.1584,MEDIUM
VM_023,1378824300,6.3,5.2691,5.3197,5.3023,4.9087,5.2795,5.6522,5.2565,5.7989,0.2716,0.4746,0.1677,MEDIUM
VM_023,1378824600,4.7333,5.1798,5.1518,5.0859,4.7288,5.3188,5.8159,5.1928,5.9913,0.3992,0.4762,0.2104,HIGH
VM_023,1378824900,4.6,5.115,5.1307,5.0089,4.9525,5.4364,5.4041,5.2231,5.7326,0.2621,0.4752,0.16,MEDIUM
VM_023,1378825200,5.0667,4.9362,4.9012,4.7934,4.9848,5.4555,5.3445,5.1522,5.6735,0.3057,0.4716,0.1708,MEDIUM
VM_023,1378825500,4.7333,4.9978,5.022,5.016,5.4103,5.5857,5.3265,5.338,5.7088,0.2661,0.4701,0.1485,MEDIUM
VM_023,1378825800,4.8667,5.0233,5.0699,5.0803,5.5036,5.4615,4.9648,5.3042,5.7246,0.2395,0.4703,0.1502,MEDIUM
VM_023,1378826100,4.6333,4.9881,5.146,5.2002,5.4027,5.2189,4.9578,5.216,5.4027,0.1292,0.4732,0.1133,MEDIUM
VM_023,1378826400,4.8667,4.9546,5.155,5.2186,5.4015,5.0412,4.68,5.1333,5.4307,0.1992,0.4734,0.1495,MEDIUM
VM_023,1378826700,4.6,5.0264,5.3536,5.4963,5.2762,4.9338,4.808,5.1698,5.4963,0.2292,0.4699,0.1417,MEDIUM
VM_023,1378827000,4.9333,5.2083,5.5059,5.6553,5.2601,4.8478,4.8744,5.1876,5.6553,0.2853,0.4696,0.1558,MEDIUM
VM_023,1378827300,7.2,5.6167,5.743,5.7415,5.2829,5.1448,5.4021,5.3912,5.743,0.2368,0.6574,0.1667,MEDIUM
VM_023,1378827600,6.8333,5.8516,5.7957,5.6586,5.1926,5.2455,5.4441,5.4137,5.8516,0.2606,0.7519,0.1928,HIGH
VM_023,1378827900,6.8333,5.6567,5.5546,5.481,5.1373,5.5757,5.9178,5.4961,6.1047,0.3136,0.786,0.2153,HIGH
VM_023,1378828200,4.8,5.4295,5.3188,5.2467,4.8828,5.5427,6.026,5.3774,6.2582,0.4378,0.7886,0.2639,HIGH
VM_023,1378828500,4.5333,5.3864,5.2252,5.0721,5.1862,5.7306,5.3797,5.4064,5.8515,0.2916,0.7886,0.2078,HIGH
VM_023,1378828800,4.9667,5.1189,4.9276,4.7838,5.1706,5.7067,5.2724,5.2818,5.7619,0.3526,0.7892,0.2183,HIGH
VM_023,1378829100,4.6333,4.9927,4.9634,4.9903,5.6315,5.6748,5.0663,5.3782,5.9164,0.3291,0.7908,0.2142,HIGH
VM_023,1378829400,4.9667,4.9378,4.9914,5.0697,5.657,5.558,4.9293,5.3596,5.9186,0.3252,0.7897,0.2183,HIGH
VM_023,1378829700,4.6,5.0033,5.2777,5.4436,5.7128,5.3439,4.9407,5.3859,5.7332,0.2375,0.7969,0.196,HIGH
VM_023,1378830000,4.9667,4.9323,5.2533,5.4247,5.6243,5.1924,4.7917,5.2895,5.6683,0.2562,0.7943,0.2056,HIGH
VM_023,1378830300,7.0,5.4841,5.7777,5.8948,5.4059,5.1005,5.0169,5.42,5.8948,0.2885,0.8733,0.2159,HIGH
VM_023,1378830600,4.9667,5.3622,5.7018,5.8871,5.2583,4.9541,4.9774,5.3206,5.8871,0.321,0.8724,0.2223,HIGH
VM_023,1378830900,5.7333,5.6308,5.7263,5.7162,5.1397,5.2047,5.5312,5.4048,5.7263,0.2468,0.8694,0.1952,HIGH
VM_023,1378831200,4.9333,5.5646,5.5538,5.4649,4.9207,5.0742,5.2767,5.2278,5.5646,0.2363,0.8682,0.1922,HIGH
VM_023,1378831500,7.0333,5.5438,5.4201,5.3484,5.0589,5.4693,5.7227,5.395,5.9147,0.2716,0.9178,0.219,HIGH
VM_023,1378831800,4.8667,5.2483,5.0983,5.032,4.7758,5.3755,5.849,5.214,6.0035,0.4035,0.9147,0.2626,HIGH
VM_023,1378832100,4.7,5.2351,5.144,5.0566,5.2803,5.6256,5.4314,5.3755,5.7747,0.2549,0.9116,0.2083,HIGH
VM_023,1378832400,5.2667,4.9807,4.9129,4.8329,5.1149,5.5207,5.331,5.2076,5.6599,0.3003,0.9103,0.2193,HIGH
VM_023,1378832700,4.8667,4.9036,5.0586,5.1366,5.5864,5.5233,5.0773,5.3458,5.7807,0.2609,0.907,0.2201,HIGH
VM_023,1378833000,4.9,4.8904,4.9946,5.059,5.5142,5.4932,5.0006,5.2979,5.8009,0.2772,0.9063,0.224,HIGH
VM_023,1378833300,4.6333,5.0144,5.2765,5.4036,5.5145,5.3252,4.9967,5.3358,5.5614,0.1694,0.9063,0.1831,HIGH
VM_023,1378833600,4.8667,4.951,5.2237,5.3501,5.5245,5.2349,4.8314,5.2665,5.5521,0.2092,0.9063,0.2015,HIGH
VM_023,1378833900,4.5333,5.2467,5.5588,5.7139,5.1947,5.0007,4.8995,5.2691,5.7139,0.2618,0.9087,0.2129,HIGH
VM_023,1378834200,4.9333,5.2989,5.5479,5.7138,5.2335,4.9896,4.9727,5.2731,5.7138,0.2535,0.9087,0.2043,HIGH
VM_023,1378834500,4.7,5.3543,5.4764,5.5329,4.9998,5.0979,5.4152,5.2583,5.5974,0.2182,0.8224,0.1857,HIGH
VM_023,1378834800,4.9,5.2842,5.3685,5.3576,4.9462,5.0478,5.1569,5.1551,5.3952,0.166,0.7479,0.1559,MEDIUM
VM_023,1378835100,6.4,5.0858,5.0953,5.0938,4.9072,5.3954,5.6361,5.2199,5.8208,0.2985,0.7093,0.1991,HIGH
VM_023,1378835400,4.8333,4.9034,4.853,4.8289,4.7251,5.3237,5.612,5.0767,5.8033,0.3742,0.7087,0.2256,HIGH
VM_023,1378835700,4.5,4.8542,4.8326,4.7882,5.0308,5.4475,5.2038,5.1377,5.5487,0.2982,0.7099,0.1856,HIGH
VM_023,1378836000,4.9667,4.7441,4.7095,4.6501,4.9394,5.3297,5.1542,5.0216,5.4545,0.3032,0.7099,0.1896,HIGH
VM_023,1378836300,4.7333,4.7027,4.7988,4.8642,5.3253,5.2988,4.9018,5.1075,5.5587,0.264,0.7072,0.192,HIGH
VM_023,1378836600,4.8667,4.7436,4.8575,4.917,5.3005,5.2872,4.9454,5.1316,5.5253,0.2342,0.7085,0.1834,HIGH
VM_023,1378836900,4.6333,4.8741,5.1162,5.2123,5.2715,5.0705,4.7926,5.116,5.3028,0.1482,0.7074,0.1511,MEDIUM
VM_023,1378837200,4.8333,4.8809,5.117,5.2077,5.295,5.0661,4.7968,5.1208,5.3239,0.1513,0.7092,0.1533,MEDIUM
VM_023,1378837500,4.5667,5.0742,5.3577,5.507,5.1189,4.8491,4.7846,5.1178,5.507,0.238,0.5911,0.1613,MEDIUM
VM_023,1378837800,4.9,5.096,5.2889,5.4174,5.105,4.8118,4.7746,5.065,5.4174,0.2159,0.5914,0.1519,MEDIUM
VM_023,1378838100,4.6333,5.1789,5.2887,5.3353,4.9212,4.8568,5.115,5.0573,5.3353,0.1793,0.5749,0.1367,MEDIUM
VM_023,1378838400,4.8667,5.1252,5.1487,5.0953,4.8014,4.8191,4.9226,4.9368,5.1487,0.1397,0.5751,0.1217,MEDIUM
VM_023,1378838700,6.5,5.0402,5.0151,5.0184,4.7139,5.1528,5.6288,5.0676,5.7403,0.3369,0.4963,0.1851,HIGH
VM_023,1378839000,4.8,4.8837,4.8,4.7447,4.5566,5.0897,5.4755,4.9192,5.6267,0.36,0.4968,0.1947,HIGH
VM_023,1378839300,4.5667,4.8878,4.8456,4.7641,5.0026,5.4417,5.1812,5.127,5.5728,0.2964,0.5003,0.1627,MEDIUM
VM_023,1378839600,4.9667,4.73,4.7025,4.6348,4.993,5.3797,5.123,5.0423,5.4944,0.3128,0.4951,0.1652,MEDIUM
VM_023,1378839900,4.6333,4.7342,4.8187,4.9155,5.4966,5.4237,4.77,5.1938,5.7393,0.3305,0.4983,0.1828,HIGH
VM_023,1378840200,4.8,4.7201,4.7643,4.8086,5.3348,5.3077,4.7382,5.0937,5.5858,0.2918,0.4987,0.1664,MEDIUM
VM_023,1378840500,4.5,4.8206,5.039,5.1783,5.373,4.9688,4.5087,5.0488,5.373,0.2504,0.5026,0.1667,MEDIUM
VM_023,1378840800,4.8,4.7913,4.9624,5.0632,5.3057,4.9248,4.5024,4.988,5.3057,0.2238,0.5029,0.1595,MEDIUM
VM_023,1378841100,4.5333,4.9812,5.322,5.5259,5.0872,4.7199,4.6993,5.0497,5.5259,0.2808,0.5029,0.1623,MEDIUM
VM_023,1378841400,5.0667,5.0425,5.2268,5.3257,5.0646,4.7098,4.6684,4.9756,5.3257,0.2213,0.5041,0.1424,MEDIUM
VM_023,1378841700,4.7333,5.2699,5.3667,5.4011,4.7621,4.9201,5.4367,5.1048,5.5266,0.2824,0.5036,0.1618,MEDIUM
VM_023,1378842000,4.8333,5.1058,5.192,5.1274,4.7401,4.8848,5.1106,4.9771,5.2778,0.1883,0.5038,0.1344,MEDIUM
VM_023,1378842300,6.3,5.1674,5.0594,4.9849,4.7051,5.346,5.6496,5.1505,5.8546,0.3645,0.491,0.199,HIGH
VM_023,1378842600,4.7,4.9044,4.8173,4.7491,4.5191,5.2277,5.6215,4.9854,5.8128,0.4252,0.4925,0.2162,HIGH
VM_023,1378842900,4.5,4.8714,4.7869,4.7114,4.9529,5.4944,5.1462,5.1191,5.5943,0.3246,0.4925,0.1677,MEDIUM
VM_023,1378843200,4.9667,4.7478,4.623,4.5232,4.8498,5.3367,5.0382,4.9631,5.4455,0.3225,0.4925,0.1723,MEDIUM
VM_023,1378843500,4.6,4.6339,4.6895,4.7693,5.4277,5.2719,4.5548,5.0526,5.6104,0.3456,0.495,0.1884,HIGH
VM_023,1378843800,4.8667,4.6521,4.6724,4.7481,5.293,5.2191,4.6558,5.0227,5.5317,0.2996,0.495,0.1675,MEDIUM
VM_023,1378844100,4.6,4.7326,5.0467,5.2603,5.3064,4.8149,4.3957,4.9857,5.3497,0.2985,0.4957,0.1764,HIGH
VM_023,1378844400,4.8,4.7611,4.9591,5.0999,5.2508,4.8426,4.5089,4.9489,5.2508,0.2171,0.4959,0.1514,MEDIUM
VM_023,1378844700,4.5,5.0436,5.3362,5.4907,4.9181,4.6301,4.6467,4.9753,5.4907,0.2973,0.4979,0.1657,MEDIUM
VM_023,1378845000,4.7667,4.9924,5.2153,5.3861,4.9258,4.6731,4.7495,4.9583,5.3861,0.2387,0.4984,0.1483,MEDIUM
VM_023,1378845300,4.6333,5.1725,5.1621,5.1212,4.5649,4.8156,5.1261,4.9208,5.2682,0.2393,0.4984,0.1471,MEDIUM
VM_023,1378845600,4.8333,5.1006,5.0965,5.0441,4.6085,4.8146,4.9238,4.8827,5.1194,0.1769,0.4984,0.1244,MEDIUM
VM_023,1378845900,6.6,4.9936,4.8589,4.8627,4.4915,5.1483,5.7199,4.977,5.7753,0.4249,0.5129,0.2176,HIGH
VM_023,1378846200,4.8,4.9205,4.7773,4.7227,4.4972,5.1403,5.5473,4.9294,5.7046,0.3985,0.5129,0.2086,HIGH
VM_023,1378846500,4.5667,4.8329,4.7217,4.6083,5.0214,5.5337,5.2049,5.1095,5.6218,0.3623,0.5129,0.1857,HIGH
VM_023,1378846800,4.9333,4.7161,4.6141,4.546,5.0471,5.4242,5.0076,5.0223,5.4518,0.3309,0.5126,0.1729,MEDIUM
VM_023,1378847100,4.7333,4.5916,4.6505,4.767,5.5057,5.3366,4.4855,5.0798,5.7817,0.4184,0.511,0.2189,HIGH
VM_023,1378847400,4.9,4.7685,4.8145,4.8601,5.4877,5.3207,4.6318,5.1276,5.7089,0.3372,0.5108,0.1929,HIGH
VM_023,1378847700,4.5,4.8771,5.0831,5.2397,5.5118,4.9523,4.4343,5.0687,5.5118,0.314,0.5108,0.193,HIGH
VM_023,1378848000,4.7,4.8214,5.0269,5.1474,5.4853,5.0354,4.542,5.0728,5.4853,0.2686,0.5119,0.1773,HIGH
VM_023,1378848300,4.5,5.1605,5.5363,5.76,5.0759,4.5963,4.5996,5.0588,5.76,0.4179,0.5129,0.2034,HIGH
VM_023,1378848600,4.8333,5.1309,5.3834,5.5205,5.0204,4.6769,4.6832,5.0123,5.5205,0.3039,0.5113,0.1654,MEDIUM
VM_023,1378848900,4.6333,5.2604,5.2917,5.2764,4.7042,4.8266,5.0252,4.9856,5.2917,0.2217,0.5128,0.1385,MEDIUM
VM_023,1378849200,4.9333,5.1436,5.1512,5.1028,4.6985,4.791,4.8753,4.9024,5.1512,0.1678,0.513,0.1214,MEDIUM
VM_023,1378849500,6.4,5.0091,4.8403,4.7815,4.5247,5.1317,5.502,4.9353,5.5913,0.356,0.5254,0.1948,HIGH
VM_023,1378849800,4.8,4.9414,4.8081,4.7401,4.6306,5.241,5.5707,4.9931,5.7176,0.3751,0.5244,0.2029,HIGH
VM_023,1378850100,4.5333,4.7773,4.6948,4.6198,5.0046,5.4737,5.2741,5.0804,5.5766,0.3452,0.5234,0.1803,HIGH
VM_023,1378850400,4.8667,4.6329,4.5878,4.585,5.1429,5.454,5.0062,5.0515,5.4631,0.3398,0.523,0.171,MEDIUM
VM_023,1378850700,4.9,4.5799,4.7121,4.8286,5.4853,5.373,4.5865,5.1099,5.7565,0.3878,0.5199,0.2059,HIGH
VM_023,1378851000,6.6333,4.98,4.9445,4.925,5.5206,5.4514,4.8218,5.2296,5.7647,0.2984,0.6311,0.1925,HIGH
VM_023,1378851300,4.6333,5.0261,5.222,5.3509,5.5808,5.098,4.5514,5.1863,5.5808,0.2931,0.6303,0.2026,HIGH
VM_023,1378851600,5.4,5.148,5.2295,5.2383,5.5138,5.1587,4.6965,5.1922,5.5138,0.2043,0.6357,0.1782,HIGH
VM_023,1378851900,6.8,5.695,5.8002,5.8252,5.3436,4.925,4.6989,5.2917,5.8252,0.3818,0.7269,0.2265,HIGH
VM_023,1378852200,4.7667,5.471,5.6031,5.7158,5.3089,4.9566,4.8203,5.2566,5.7158,0.2892,0.7269,0.1992,HIGH
VM_023,1378852500,4.6667,5.585,5.5537,5.52,5.0447,5.0508,5.2039,5.2317,5.585,0.2127,0.7261,0.1647,MEDIUM
VM_023,1378852800,4.8333,5.4557,5.3634,5.2662,5.0447,5.1026,5.1004,5.1692,5.4557,0.136,0.7261,0.145,MEDIUM
VM_023,1378853100,6.6333,5.1422,4.9569,4.8912,4.849,5.452,5.7076,5.1687,5.7979,0.358,0.7292,0.2181,HIGH
VM_023,1378853400,4.8333,4.9936,4.8949,4.883,4.7889,5.3504,5.7089,5.1241,5.8353,0.3669,0.7286,0.223,HIGH
VM_023,1378853700,4.6,4.7981,4.6829,4.6047,5.091,5.5856,5.368,5.1486,5.6756,0.3903,0.7276,0.22,HIGH
VM_023,1378854000,4.9,4.6688,4.6453,4.6605,5.0826,5.4331,5.1606,5.0764,5.4989,0.3205,0.728,0.1944,HIGH
VM_023,1378854300,4.8,4.622,4.7924,4.9154,5.4155,5.3745,4.8895,5.1607,5.6322,0.3011,0.7267,0.2127,HIGH
VM_023,1378854600,4.7667,4.7416,4.8439,4.9038,5.4105,5.3586,4.8092,5.1571,5.6247,0.2808,0.7287,0.1979,HIGH
VM_023,1378854900,4.6,4.7799,5.014,5.1621,5.4499,5.0531,4.525,5.0873,5.4499,0.269,0.7255,0.2025,HIGH
VM_023,1378855200,4.8,4.7383,4.9776,5.125,5.3713,4.9795,4.5435,5.0369,5.3713,0.2457,0.7235,0.1907,HIGH
VM_023,1378855500,4.5667,5.0756,5.4273,5.6551,5.1166,4.745,4.6603,5.1025,5.6551,0.3284,0.7213,0.2102,HIGH
VM_023,1378855800,4.7667,5.0756,5.3659,5.5264,5.1016,4.7747,4.6907,5.0672,5.5264,0.2718,0.7224,0.1915,HIGH
VM_023,1378856100,4.6,5.1257,5.254,5.2831,4.7694,4.8351,4.9781,4.9901,5.2831,0.1873,0.7234,0.1586,MEDIUM
VM_023,1378856400,4.8333,5.064,5.1718,5.1765,4.7668,4.8525,4.9086,4.9563,5.1765,0.1488,0.7246,0.1436,MEDIUM
VM_023,1378856700,6.4667,4.8979,4.8371,4.8248,4.6315,5.1345,5.2949,4.9455,5.4647,0.2661,0.73,0.1924,HIGH
VM_023,1378857000,4.7667,4.7933,4.7497,4.7537,4.5599,5.1177,5.3692,4.9103,5.5493,0.3151,0.7306,0.2108,HIGH
VM_023,1378857300,4.7,4.7132,4.6531,4.569,4.8652,5.2852,5.0269,4.9453,5.3665,0.2908,0.7259,0.1894,HIGH
VM_023,1378857600,9.1333,6.3608,5.9703,5.323,5.0365,5.593,6.0163,5.4758,6.3608,0.5377,1.0968,0.3294,HIGH
VM_023,1378857900,4.8667,4.9515,5.084,5.232,5.3359,5.4451,5.3824,5.3104,5.6681,0.2082,1.0973,0.2256,HIGH
VM_023,1378858200,4.7667,4.8828,4.9203,4.9559,5.565,5.859,5.1441,5.4227,5.8885,0.3948,1.0617,0.2552,HIGH
VM_023,1378858500,4.7,4.7451,4.9131,5.0487,5.5097,5.4371,4.6709,5.2132,5.602,0.2971,1.0603,0.2462,HIGH
VM_023,1378858800,4.5667,4.835,4.7793,4.9074,5.601,5.4007,4.382,5.184,5.911,0.4483,1.0667,0.3177,HIGH
VM_023,1378859100,4.6333,4.8802,5.0577,5.3204,5.4475,5.0223,4.3683,5.1286,5.5426,0.3584,1.0118,0.2687,HIGH
VM_023,1378859400,4.8333,4.9248,5.1322,5.3639,5.591,4.8127,4.3324,5.0741,5.5949,0.4083,1.011,0.2791,HIGH
VM_023,1378859700,4.8,5.0413,5.1615,5.2894,5.3658,4.9201,4.7296,5.0861,5.3658,0.2082,1.0091,0.2047,HIGH
VM_023,1378860000,4.8333,5.0201,5.3838,5.571,5.1009,4.7141,4.7363,5.0587,5.5789,0.3128,1.0091,0.2318,HIGH
VM_023,1378860300,6.5,5.0087,5.2041,5.3873,4.8361,5.0701,5.5186,5.1399,5.5811,0.2538,1.0005,0.2195,HIGH
VM_023,1378860600,4.7,5.0867,5.164,5.1554,4.6021,5.1153,5.5071,5.0725,5.6342,0.2996,1.0022,0.2507,HIGH
VM_023,1378860900,4.6667,4.9664,4.9554,4.8468,4.9913,5.4642,5.1901,5.1507,5.5241,0.2487,1.0009,0.2086,HIGH
VM_023,1378861200,4.8667,4.8346,4.7557,4.6394,4.7973,5.2703,5.0701,4.9723,5.3789,0.2626,1.0012,0.217,HIGH
VM_023,1378861500,4.9,4.7591,4.8248,4.8659,5.2977,5.4219,5.0186,5.1663,5.6017,0.2778,1.0003,0.228,HIGH
VM_023,1378861800,4.7,4.6589,4.6818,4.6468,5.2516,5.3521,4.9589,5.0576,5.4631,0.3009,1.0012,0.225,HIGH
VM_023,1378862100,4.7,4.7853,4.9258,4.9395,5.2725,5.0849,4.8324,5.0257,5.2725,0.1322,0.9994,0.1859,HIGH
VM_023,1378862400,4.6333,4.5697,4.8347,4.8678,5.4039,5.2026,4.7733,5.0566,5.4196,0.2576,1.0019,0.2291,HIGH
VM_023,1378862700,4.7,4.7409,5.1507,5.296,5.19,4.8515,4.5896,5.0134,5.3664,0.2443,0.9994,0.2201,HIGH
VM_023,1378863000,4.6667,4.642,5.0903,5.2983,5.2346,4.7384,4.4716,4.9493,5.3632,0.2974,1.001,0.2339,HIGH
VM_023,1378863300,4.8333,4.9601,5.2444,5.3946,5.0174,4.8783,5.0137,5.0573,5.3946,0.1613,0.9974,0.1893,HIGH
VM_023,1378863600,4.7333,5.0294,5.1733,5.1196,4.7544,4.7699,4.7743,4.8971,5.1733,0.1607,0.9986,0.1847,HIGH
VM_023,1378863900,7.3333,5.1866,5.2603,5.2903,4.8207,5.227,5.5905,5.1859,5.7444,0.2835,1.0648,0.2459,HIGH
VM_023,1378864200,4.6667,4.9813,5.0298,5.0375,4.5283,5.0503,5.2874,4.9662,5.5462,0.2794,1.0664,0.2572,HIGH
VM_023,1378864500,4.7333,4.9192,4.8432,4.7596,4.9693,5.4403,5.0315,5.0977,5.4577,0.2672,1.0659,0.2199,HIGH
VM_023,1378864800,5.0,4.4924,4.5319,4.5976,4.9355,5.394,5.1543,4.9835,5.4506,0.3522,0.6319,0.1944,HIGH
VM_023,1378865100,4.8667,4.5872,4.5879,4.7184,5.445,5.5104,4.9889,5.1587,5.7919,0.4021,0.6319,0.2236,HIGH
VM_023,1378865400,4.6667,4.5323,4.5267,4.5345,5.1995,5.3675,4.9013,5.0068,5.5709,0.3659,0.6334,0.2048,HIGH
VM_023,1378865700,4.8,4.6888,4.8958,5.0167,5.4535,5.114,4.7193,5.0726,5.4535,0.2262,0.6321,0.1716,MEDIUM
VM_023,1378866000,4.6333,4.5835,4.7877,4.8912,5.2902,4.9488,4.572,4.9325,5.2902,0.2161,0.6306,0.1659,MEDIUM
VM_023,1378866300,4.7667,4.9642,5.2811,5.4483,5.0871,4.8347,4.8076,5.0691,5.4483,0.2099,0.6284,0.1564,MEDIUM
VM_023,1378866600,4.8,4.8684,5.1365,5.2529,4.9506,4.7306,4.774,4.9308,5.2529,0.1741,0.6287,0.1424,MEDIUM
VM_023,1378866900,4.9667,5.1388,5.2842,5.3386,4.7786,4.9234,5.2665,5.0541,5.3509,0.2145,0.6281,0.1497,MEDIUM
VM_023,1378867200,4.7333,5.2677,5.4684,5.5321,4.7885,4.7849,5.0606,5.0532,5.5321,0.2807,0.6292,0.1849,HIGH
VM_023,1378867500,6.6667,5.0314,5.036,5.1203,4.736,5.1831,5.5827,5.0939,5.6994,0.3092,0.6478,0.1971,HIGH
VM_023,1378867800,4.7,4.8689,4.8855,4.9306,4.4418,5.0138,5.4196,4.9081,5.6005,0.3495,0.6478,0.2202,HIGH
VM_023,1378868100,4.7333,4.8391,4.7313,4.6478,4.8808,5.3956,5.1281,5.0313,5.4828,0.3168,0.6467,0.1905,HIGH
VM_023,1378868400,6.9,4.826,4.58,4.4516,4.833,5.3829,5.0827,4.9492,5.4781,0.3685,0.7587,0.2262,HIGH
VM_023,1378868700,4.9,4.6947,4.7087,4.8135,5.4914,5.4621,4.9361,5.1772,5.7461,0.3596,0.7587,0.2217,HIGH
VM_023,1378869000,4.6667,4.7598,4.6908,4.6406,5.3348,5.3903,4.8341,5.086,5.667,0.343,0.7594,0.2188,HIGH
VM_023,1378869300,4.8333,4.8018,4.9984,5.0953,5.3834,5.1895,4.9039,5.1346,5.3834,0.1612,0.7574,0.166,MEDIUM
VM_023,1378869600,4.6667,4.7132,4.9315,5.0605,5.4034,5.0842,4.6474,5.0614,5.4034,0.2254,0.7566,0.1865,HIGH
VM_023,1378869900,4.8,5.1007,5.4049,5.5654,5.1076,4.8872,4.7473,5.1321,5.5654,0.2466,0.7549,0.1936,HIGH
VM_023,1378870200,4.7667,4.9965,5.2651,5.3907,5.0117,4.7808,4.6689,5.0093,5.3907,0.2209,0.753,0.182,HIGH
VM_023,1378870500,4.8667,5.1169,5.2019,5.1842,4.8502,4.8853,4.912,4.9916,5.2019,0.1251,0.7526,0.1393,MEDIUM
VM_023,1378870800,4.8667,5.1709,5.2647,5.1936,4.7085,4.7977,4.9449,4.9528,5.2647,0.1911,0.7507,0.1639,MEDIUM
VM_023,1378871100,7.9333,5.3485,5.395,5.5032,4.8296,5.3863,6.3586,5.3705,6.3586,0.5193,0.8351,0.2881,HIGH
VM_023,1378871400,4.7333,5.2156,5.2127,5.1564,4.5977,5.3027,6.0397,5.1777,6.1462,0.5088,0.8338,0.2901,HIGH
VM_023,1378871700,4.8667,5.0741,4.9596,4.8851,5.1492,5.8977,5.756,5.4011,6.1102,0.452,0.8318,0.2568,HIGH
VM_023,1378872000,5.7667,4.9412,4.6728,4.5436,4.9308,5.8116,5.5638,5.1957,5.9571,0.5207,0.8429,0.2848,HIGH
VM_023,1378872300,6.3667,5.2028,4.9718,4.9783,5.8987,6.1494,5.2435,5.6333,6.5538,0.53,0.8781,0.2998,HIGH
VM_023,1378872600,4.7333,5.0159,4.8671,4.8522,5.6745,5.8674,5.0986,5.4197,6.2141,0.4558,0.8765,0.2735,HIGH
VM_023,1378872900,4.8,5.2074,5.226,5.2703,5.9361,5.5471,4.9721,5.442,5.9361,0.2767,0.8765,0.2265,HIGH
VM_023,1378873200,4.6333,4.8981,4.9915,5.0497,5.6162,5.2878,4.7809,5.1891,5.6162,0.2488,0.8765,0.2113,HIGH
VM_023,1378873500,4.8333,5.1855,5.7119,6.0638,5.4412,4.9562,4.9104,5.3733,6.0638,0.3959,0.8752,0.2487,HIGH
VM_023,1378873800,4.6667,4.8979,5.3754,5.6601,5.037,4.7007,4.8309,5.0585,5.6601,0.3167,0.8782,0.2262,HIGH
VM_023,1378874100,5.2,5.2204,5.4721,5.5349,4.8791,4.8826,5.1542,5.1285,5.5349,0.2404,0.877,0.2006,HIGH
VM_023,1378874400,4.6667,5.1609,5.3127,5.2815,4.6675,4.7616,4.9747,4.9568,5.3127,0.2302,0.8786,0.193,HIGH
VM_023,1378874700,6.7,5.2176,5.2421,5.2721,4.6469,5.2829,5.9302,5.2109,5.9841,0.4253,0.8811,0.2712,HIGH
VM_023,1378875000,4.5667,5.153,5.1478,5.1549,4.5062,5.2635,6.002,5.1409,6.0861,0.5045,0.8847,0.3004,HIGH
VM_023,1378875300,4.8,5.1288,5.0133,4.8432,4.8428,5.556,5.5578,5.1982,5.8821,0.3838,0.8833,0.2546,HIGH
VM_023,1378875600,4.8667,4.8265,4.749,4.6894,4.9033,5.5481,5.3464,5.1129,5.7111,0.379,0.8062,0.2317,HIGH
VM_023,1378875900,4.9667,4.8957,4.8833,4.9317,5.768,5.8792,5.1564,5.4548,6.2089,0.4537,0.8056,0.2602,HIGH
VM_023,1378876200,4.7,4.8574,4.7772,4.7747,5.5637,5.601,4.8753,5.2541,5.9894,0.4092,0.8048,0.2469,HIGH
VM_023,1378876500,4.8333,4.932,5.0607,5.1136,5.6965,5.3575,4.7601,5.2541,5.6965,0.2809,0.8048,0.214,HIGH
VM_023,1378876800,4.5667,4.8039,4.9907,5.0832,5.6905,5.3036,4.9228,5.241,5.6905,0.2648,0.8075,0.2085,HIGH
VM_023,1378877100,4.8,5.0605,5.4984,5.6963,5.3705,4.9627,4.8812,5.256,5.6963,0.2829,0.8075,0.2,HIGH
VM_023,1378877400,4.6667,4.9289,5.4408,5.6725,5.0799,4.7726,4.9335,5.1149,5.6725,0.3083,0.8095,0.2105,HIGH
VM_023,1378877700,4.8333,5.2514,5.5816,5.6377,4.8813,4.8988,5.2225,5.1662,5.6377,0.281,0.81,0.2064,HIGH
VM_023,1378878000,4.6,5.1914,5.3847,5.3497,4.6576,4.7699,5.0689,4.9887,5.3847,0.2611,0.8151,0.1951,HIGH
VM_023,1378878300,6.7,5.1311,5.1596,5.183,4.7608,5.3782,5.7799,5.2111,5.9059,0.3583,0.6501,0.2188,HIGH
VM_023,1378878600,4.6,4.9348,4.9487,4.966,4.5964,5.2601,5.6753,5.0552,5.8374,0.397,0.6533,0.2306,HIGH
VM_023,1378878900,4.7667,4.986,4.8948,4.8005,4.9501,5.5048,5.3606,5.1536,5.6763,0.3217,0.6547,0.203,HIGH
VM_023,1378879200,4.8333,4.7672,4.6609,4.5825,4.8629,5.3757,5.2022,4.9952,5.5075,0.3379,0.6363,0.2009,HIGH
VM_023,1378879500,5.0333,4.821,4.8193,4.8597,5.6023,5.6071,5.0891,5.293,5.8589,0.3691,0.5649,0.1954,HIGH
VM_023,1378879800,4.6333,4.6957,4.6859,4.6937,5.4376,5.3678,4.7904,5.1049,5.7108,0.3552,0.5668,0.1939,HIGH
VM_023,1378880100,4.7,4.792,4.9666,5.0479,5.5229,5.2339,4.8323,5.1612,5.5229,0.2248,0.5681,0.1594,MEDIUM
VM_023,1378880400,4.5333,4.6573,4.86,4.9363,5.3409,4.9789,4.596,4.9706,5.3409,0.2153,0.5707,0.1613,MEDIUM
VM_023,1378880700,4.7,5.1092,5.5077,5.7268,5.3563,4.9353,4.9636,5.2589,5.7268,0.2746,0.5722,0.167,MEDIUM
VM_023,1378881000,4.9,5.0084,5.353,5.5018,4.9865,4.7309,4.8932,5.0376,5.5018,0.2481,0.5698,0.1643,MEDIUM
VM_023,1378881300,4.8667,5.2632,5.4131,5.3923,4.8335,4.8703,5.1578,5.0789,5.4131,0.2258,0.5668,0.1521,MEDIUM
VM_023,1378881600,4.6667,5.2018,5.2867,5.2014,4.6753,4.796,5.0375,4.9578,5.2867,0.2207,0.5668,0.1496,MEDIUM
VM_023,1378881900,6.8333,5.1499,5.2091,5.2226,4.6803,5.1949,5.7676,5.148,5.865,0.3737,0.5855,0.2152,HIGH
VM_023,1378882200,4.5667,5.0479,5.1021,5.1404,4.6981,5.3513,6.0113,5.1905,6.1244,0.4735,0.5855,0.2438,HIGH
VM_023,1378882500,4.7,5.0517,4.9734,4.8518,5.0181,5.6316,5.5441,5.2505,5.889,0.3721,0.5867,0.2141,HIGH
VM_023,1378882800,4.7333,4.7618,4.6534,4.6126,5.0017,5.5561,5.2885,5.0992,5.677,0.3903,0.5878,0.2062,HIGH
VM_023,1378883100,4.8333,5.0235,4.9823,5.0061,5.7925,5.8356,5.0695,5.4718,6.1296,0.4111,0.5878,0.2111,HIGH
VM_023,1378883400,4.6,4.8962,4.8439,4.8919,5.6401,5.5808,4.8395,5.2931,5.9519,0.3855,0.5896,0.2072,HIGH
VM_023,1378883700,4.8333,5.0211,5.1039,5.1451,5.7017,5.3626,4.7979,5.2849,5.7017,0.2609,0.5896,0.1826,HIGH
VM_023,1378884000,4.5333,4.8464,4.9888,5.0549,5.5718,5.1111,4.614,5.1144,5.5718,0.2645,0.5905,0.189,HIGH
VM_023,1378884300,4.7,5.1112,5.5296,5.7334,5.4427,4.9484,4.8699,5.2791,5.7586,0.3098,0.5915,0.181,HIGH
VM_023,1378884600,4.6667,5.0097,5.4877,5.7316,5.1298,4.7697,4.9559,5.149,5.7316,0.3234,0.5915,0.1897,HIGH
VM_023,1378884900,4.7667,5.205,5.4818,5.5092,4.9865,4.8732,5.0586,5.1342,5.5092,0.2264,0.592,0.1567,MEDIUM
VM_023,1378885200,4.6333,5.1101,5.2419,5.1767,4.7211,4.7846,4.9678,4.9487,5.2419,0.1896,0.5913,0.1455,MEDIUM
VM_023,1378885500,8.1333,5.3125,5.2927,5.197,4.7914,5.3342,5.844,5.2467,5.9492,0.3682,0.813,0.2413,HIGH
VM_023,1378885800,6.5,5.3391,5.2797,5.1907,4.8097,5.5009,6.2026,5.3335,6.3026,0.5022,0.8682,0.288,HIGH
VM_023,1378886100,6.5333,5.5372,5.3058,5.048,5.2214,5.8808,5.9661,5.5122,6.276,0.4346,0.9185,0.2856,HIGH
VM_023,1378886400,5.1,4.9855,4.8248,4.7252,5.1014,5.8031,5.7176,5.297,6.072,0.4842,0.9168,0.2903,HIGH
VM_023,1378886700,5.4667,5.1218,5.0952,5.1353,5.8944,6.1459,5.523,5.6799,6.3008,0.448,0.9194,0.2606,HIGH
VM_023,1378887000,5.0,5.0868,5.055,5.1061,5.8806,5.9725,5.2351,5.5895,6.3178,0.4319,0.9138,0.2666,HIGH
VM_023,1378887300,4.8333,5.2782,5.3116,5.3914,6.0964,5.8358,5.1003,5.6455,6.0964,0.3339,0.9114,0.2348,HIGH
VM_023,1378887600,4.7333,5.1099,5.1658,5.2655,5.9825,5.5107,4.7514,5.4246,5.9825,0.354,0.9064,0.2619,HIGH
VM_023,1378887900,4.8667,5.3168,5.644,5.9329,5.923,5.3621,5.0231,5.6003,6.0556,0.318,0.9033,0.238,HIGH
VM_023,1378888200,4.8667,5.2091,5.5985,5.8685,5.5611,5.0933,4.9504,5.4062,5.8786,0.3063,0.9038,0.2258,HIGH
VM_023,1378888500,4.8667,5.3861,5.6795,5.8645,5.445,5.2528,5.3262,5.491,5.8645,0.2021,0.9038,0.1883,HIGH
VM_023,1378888800,4.7,5.2908,5.5161,5.5956,5.1297,5.0713,5.1751,5.2725,5.5956,0.1856,0.903,0.1839,HIGH
VM_023,1378889100,9.2,5.7675,5.7256,5.6788,5.1725,5.6968,6.2065,5.6497,6.3102,0.3533,1.1798,0.2859,HIGH
VM_023,1378889400,5.2,5.3281,5.3586,5.3892,4.9564,5.6757,6.3353,5.4874,6.4288,0.4841,1.1705,0.3243,HIGH
VM_023,1378889700,4.7333,5.4129,5.3074,5.234,5.3202,6.0119,6.0578,5.6243,6.3586,0.4175,1.1698,0.3008,HIGH
VM_023,1378890000,4.9333,5.1009,4.9289,4.8485,5.2368,5.8984,5.7157,5.4067,6.0597,0.4417,1.1663,0.296,HIGH
VM_023,1378890300,5.0667,5.2701,5.1576,5.1652,6.0647,6.2453,5.5259,5.7867,6.5005,0.4656,1.1632,0.3081,HIGH
VM_023,1378890600,4.7333,5.0562,5.0632,5.1684,5.9632,5.9692,5.2856,5.6318,6.385,0.4369,1.16,0.306,HIGH
VM_023,1378890900,4.7667,5.2148,5.3443,5.4618,6.1939,5.7762,5.0549,5.6648,6.1939,0.3681,1.1613,0.2837,HIGH
VM_023,1378891200,4.6,4.9834,5.2038,5.3801,6.0069,5.4925,4.8446,5.4561,6.0069,0.3552,1.1594,0.2862,HIGH
VM_023,1378891500,5.9333,5.4606,5.9251,6.1699,6.0087,5.3926,5.0677,5.7098,6.2678,0.3851,1.1582,0.2906,HIGH
VM_023,1378891800,8.2333,5.8361,6.1009,6.2183,5.8107,5.3571,5.2205,5.7144,6.2183,0.3309,1.2861,0.2831,HIGH
VM_023,1378892100,5.0333,5.7125,6.0664,6.1807,5.4746,5.3414,5.6323,5.6597,6.1807,0.2915,1.2805,0.2719,HIGH
VM_023,1378892400,4.9667,5.7683,5.9441,5.9337,5.3569,5.3465,5.5441,5.5688,5.9441,0.2401,1.2721,0.2502,HIGH
VM_023,1378892700,8.9333,6.1364,5.962,5.797,5.3831,5.9243,6.269,5.8308,6.4313,0.3449,1.351,0.2973,HIGH
VM_023,1378893000,4.9333,5.4827,5.4631,5.4756,5.274,5.892,6.2674,5.6523,6.4333,0.3977,1.3422,0.3176,HIGH
VM_023,1378893300,4.7333,5.421,5.3414,5.3001,5.546,6.093,5.9547,5.7048,6.3146,0.3695,1.3328,0.3052,HIGH
VM_023,1378893600,4.9667,5.1643,5.0743,5.0776,5.4538,5.9498,5.7781,5.5362,6.1047,0.3863,1.3345,0.3007,HIGH
VM_023,1378893900,4.8,5.1414,5.2709,5.4515,6.0898,6.1965,5.7287,5.8377,6.4241,0.4064,1.3406,0.3237,HIGH
VM_023,1378894200,4.6667,5.1025,5.22,5.3277,6.0513,5.9612,5.2662,5.6872,6.3238,0.3907,1.3467,0.3172,HIGH
VM_023,1378894500,4.7667,5.1505,5.3101,5.4295,6.1274,5.7739,5.0019,5.6269,6.1274,0.3593,1.3479,0.3061,HIGH
VM_023,1378894800,4.5667,4.9706,5.1972,5.3523,5.9309,5.4644,4.8181,5.4278,5.9309,0.3421,1.3519,0.3051,HIGH
VM_023,1378895100,4.8,5.2921,5.741,6.0224,5.8512,5.2799,4.9577,5.5847,6.0947,0.3712,1.353,0.3081,HIGH
VM_023,1378895400,4.7667,5.3973,5.8014,6.0257,5.5728,5.1475,5.1272,5.4943,6.0257,0.3132,1.3548,0.2801,HIGH
VM_023,1378895700,4.7667,5.5984,5.8854,5.9895,5.4783,5.2337,5.3808,5.537,5.9895,0.2547,1.3566,0.2635,HIGH
VM_023,1378896000,4.6333,5.5699,5.771,5.859,5.2086,5.1309,5.3847,5.42,5.859,0.2589,1.3581,0.2662,HIGH
VM_023,1378896300,6.6667,5.6232,5.774,5.8792,5.1207,5.5203,6.2089,5.6197,6.266,0.367,1.1255,0.2799,HIGH
VM_023,1378896600,4.7,5.4399,5.4932,5.556,5.0275,5.6461,6.2425,5.5369,6.3769,0.4226,1.1312,0.3048,HIGH
VM_023,1378896900,4.8,5.3859,5.3449,5.2844,5.3127,5.9333,5.8831,5.5942,6.2097,0.3486,1.13,0.2726,HIGH
VM_023,1378897200,4.8333,5.0909,4.9724,4.8993,5.2243,5.7968,5.5627,5.3629,5.9184,0.3774,1.1314,0.2739,HIGH
VM_023,1378897500,4.9,5.0376,5.063,5.108,5.7376,5.9493,5.3548,5.5525,6.1885,0.3925,1.133,0.2815,HIGH
VM_023,1378897800,5.6,5.0018,5.0358,5.0833,5.7106,5.7518,5.0733,5.4518,6.1113,0.3667,1.1303,0.2763,HIGH
VM_023,1378898100,4.7667,5.0291,5.2341,5.3406,5.8332,5.5351,4.9797,5.4454,5.8332,0.2696,1.1303,0.246,HIGH
VM_023,1378898400,4.6667,4.9483,5.1882,5.3251,5.7843,5.3842,4.8427,5.3608,5.7843,0.2833,1.1287,0.2562,HIGH
VM_023,1378898700,4.8333,5.2144,5.6937,5.9475,5.7667,5.2265,4.9087,5.5131,6.0298,0.3587,1.1228,0.2767,HIGH
VM_023,1378899000,4.8,5.2527,5.6411,5.8627,5.5767,5.1168,5.0039,5.4244,5.8879,0.296,0.9235,0.2231,HIGH
VM_023,1378899300,4.7667,5.4269,5.7401,5.8535,5.4291,5.1961,5.286,5.4645,5.8535,0.2142,0.9257,0.1965,HIGH
VM_023,1378899600,4.6667,5.4149,5.6091,5.6396,5.1898,5.0777,5.2142,5.3125,5.6396,0.1951,0.9291,0.1897,HIGH
VM_023,1378899900,8.3667,5.7846,5.7804,5.6856,5.1012,5.5011,6.0348,5.5532,6.1556,0.3479,0.828,0.2356,HIGH
VM_023,1378900200,4.7667,5.3027,5.4045,5.452,4.932,5.4525,6.1141,5.3982,6.224,0.4176,0.8295,0.2609,HIGH
VM_023,1378900500,4.8667,5.3351,5.2615,5.1505,5.1829,5.7465,5.769,5.4489,6.071,0.3401,0.8279,0.2356,HIGH
VM_023,1378900800,4.9333,4.9875,4.9143,4.851,5.1326,5.7054,5.6381,5.3044,5.9432,0.3984,0.8281,0.2443,HIGH
VM_023,1378901100,4.8333,4.9853,5.0315,5.1,5.714,5.9711,5.5842,5.5716,6.1611,0.4108,0.8277,0.2453,HIGH
VM_023,1378901400,4.6667,4.9582,5.0017,5.0233,5.6765,5.7452,5.0944,5.4358,6.1019,0.3743,0.8277,0.2415,HIGH
VM_023,1378901700,4.8,5.0934,5.2229,5.2892,5.872,5.611,5.0165,5.4837,5.872,0.277,0.8273,0.2073,HIGH
VM_023,1378902000,4.7667,4.9884,5.1953,5.3167,5.7784,5.359,4.8234,5.3558,5.7784,0.2824,0.8234,0.2186,HIGH
VM_023,1378902300,4.8,5.2653,5.7231,6.0077,5.7089,5.1975,5.0407,5.5256,6.0077,0.3321,0.8234,0.22,HIGH
VM_023,1378902600,4.8333,5.2636,5.6655,5.8828,5.4892,5.0395,5.0319,5.3838,5.8828,0.3045,0.8225,0.2062,HIGH
VM_023,1378902900,4.8667,5.4049,5.6409,5.7184,5.3636,5.1772,5.233,5.3911,5.7184,0.1858,0.8213,0.1719,MEDIUM
VM_025,1378613700,4.0,4.1995,4.3736,4.4796,4.9219,4.5445,4.1385,4.5313,4.9219,0.2367,1.246,0.2525,HIGH
VM_025,1378614000,4.2,4.0475,4.2228,4.3026,4.6438,4.2435,3.8785,4.2853,4.6438,0.2137,1.2449,0.2503,HIGH
VM_025,1378614300,4.0,4.5395,4.9349,5.1341,4.4858,4.1428,4.196,4.5322,5.1341,0.3492,1.2476,0.2773,HIGH
VM_025,1378614600,4.1333,4.3101,4.6568,4.8606,4.2061,3.9196,4.06,4.2825,4.8606,0.3222,1.247,0.278,HIGH
VM_025,1378614900,6.1667,4.8144,4.875,4.7888,4.0877,4.2141,4.5751,4.4496,4.875,0.2985,1.2811,0.2641,HIGH
VM_025,1378615200,4.1333,4.6432,4.6231,4.4675,3.8873,4.0779,4.3087,4.2439,4.6432,0.2624,1.2804,0.2537,HIGH
VM_025,1378615500,6.0,4.645,4.56,4.4475,4.2124,4.6862,4.9686,4.5598,5.1305,0.291,1.2034,0.263,HIGH
VM_025,1378615800,4.1667,4.3543,4.2787,4.1647,3.9413,4.6122,5.0445,4.3901,5.22,0.4231,1.2013,0.3138,HIGH
VM_025,1378616100,4.5333,4.502,4.346,4.1436,4.5528,5.0955,4.7488,4.6678,5.1944,0.3616,1.194,0.2816,HIGH
VM_025,1378616400,6.9333,4.4632,4.2266,4.0006,4.585,5.0378,4.5034,4.5818,5.0893,0.3642,1.2692,0.2916,HIGH
VM_025,1378616700,4.2,4.2629,4.2907,4.3008,5.1474,5.1179,4.3099,4.7592,5.4247,0.4133,1.2699,0.3004,HIGH
VM_025,1378617000,4.1667,4.3239,4.3034,4.2675,5.0195,4.9329,4.1132,4.6593,5.3139,0.3772,1.2675,0.3047,HIGH
VM_025,1378617300,4.0,4.4657,4.6142,4.641,5.0638,4.6887,4.1363,4.6731,5.0638,0.2536,1.2709,0.2728,HIGH
VM_025,1378617600,4.1667,4.3891,4.5181,4.5732,5.0968,4.6574,4.0962,4.6526,5.0968,0.282,1.2756,0.282,HIGH
VM_025,1378617900,4.0,4.588,4.9119,5.0296,4.7293,4.3662,4.2541,4.6473,5.0444,0.2709,1.0064,0.2226,HIGH
VM_025,1378618200,4.2333,4.4724,4.7903,4.9136,4.5342,4.2276,4.209,4.5072,4.9136,0.2671,1.009,0.2128,HIGH
VM_025,1378618500,4.1,4.6962,4.9093,4.8703,4.3572,4.3061,4.3974,4.533,4.9093,0.2336,1.0047,0.2102,HIGH
VM_025,1378618800,4.2,4.6206,4.7761,4.6918,4.186,4.2221,4.2881,4.4044,4.7761,0.2236,1.003,0.209,HIGH
VM_025,1378619100,5.6,4.4233,4.5187,4.5276,4.2093,4.5925,4.8875,4.5152,5.0431,0.2486,0.8082,0.2023,HIGH
VM_025,1378619400,4.1667,4.3536,4.3752,4.2871,3.9537,4.6182,5.0589,4.4249,5.2165,0.3946,0.8087,0.2531,HIGH
VM_025,1378619700,4.0,4.3637,4.3554,4.1903,4.4437,4.939,4.6209,4.578,5.0456,0.2919,0.8087,0.2065,HIGH
VM_025,1378620000,4.1333,4.0492,3.9964,3.9243,4.3237,4.7612,4.3318,4.3636,4.8294,0.3176,0.8087,0.2108,HIGH
VM_025,1378620300,4.1333,4.1723,4.2473,4.3126,4.9217,4.9175,4.3266,4.6504,5.1386,0.3266,0.808,0.218,HIGH
VM_025,1378620600,6.7333,4.4022,4.3248,4.2853,4.8477,4.8167,4.048,4.5941,5.1307,0.3108,0.9254,0.2468,HIGH
VM_025,1378620900,6.1333,4.6798,4.7452,4.7009,4.9793,4.6885,4.2897,4.7041,4.9793,0.1709,0.968,0.2058,HIGH
VM_025,1378621200,4.2,4.3226,4.4906,4.5302,4.7941,4.4304,3.9608,4.4619,4.7941,0.2237,0.968,0.2228,HIGH
VM_025,1378621500,4.0,4.6539,4.8552,4.9219,4.6324,4.3713,4.1539,4.5842,4.9219,0.2392,0.968,0.2151,HIGH
VM_025,1378621800,4.2,4.4663,4.7133,4.8831,4.4693,4.2119,4.1406,4.4574,4.8831,0.2405,0.9665,0.2118,HIGH
VM_025,1378622100,4.0667,4.6614,4.6882,4.6301,4.3355,4.3637,4.3387,4.4689,4.6882,0.1284,0.9199,0.1623,MEDIUM
VM_025,1378622400,4.2,4.7049,4.6434,4.4917,4.1489,4.2923,4.2919,4.3693,4.7049,0.173,0.9186,0.1846,HIGH
VM_025,1378622700,5.7,4.4521,4.4831,4.4317,4.222,4.5078,4.745,4.4498,4.8901,0.2047,0.9005,0.1975,HIGH
VM_025,1378623000,4.2143,4.3939,4.4315,4.3263,4.0902,4.6284,4.9677,4.4635,5.1485,0.3304,0.8996,0.2406,HIGH
VM_025,1378623300,4.0,4.4341,4.4306,4.2715,4.4338,4.8392,4.5669,4.5687,4.9753,0.2286,0.9074,0.2003,HIGH
VM_025,1378623600,4.2,4.1197,4.0834,4.0347,4.384,4.6591,4.2581,4.3691,4.7151,0.2401,0.7556,0.1774,HIGH
VM_025,1378623900,4.2,4.2569,4.3722,4.432,4.8359,4.8905,4.5139,4.6889,5.0741,0.2591,0.7556,0.1936,HIGH
VM_025,1378624200,4.2,4.1849,4.2071,4.2289,4.7753,4.6862,4.0046,4.505,5.0095,0.3049,0.7551,0.2157,HIGH
VM_025,1378624500,4.0,4.3285,4.409,4.4553,4.8219,4.6161,4.1273,4.5528,4.8567,0.1981,0.7551,0.1832,HIGH
VM_025,1378624800,4.2,4.1258,4.2835,4.4122,4.7318,4.3,3.7886,4.353,4.7956,0.2696,0.7546,0.2159,HIGH
VM_025,1378625100,4.0,4.4464,4.6031,4.7556,4.6482,4.3148,4.0344,4.5041,4.8509,0.239,0.7546,0.1934,HIGH
VM_025,1378625400,4.2143,4.4399,4.673,4.8093,4.424,4.1735,4.1275,4.4158,4.8093,0.2419,0.7549,0.1775,HIGH
VM_025,1378625700,4.0667,4.5303,4.667,4.6663,4.4139,4.3261,4.3489,4.4587,4.667,0.1359,0.7556,0.1431,MEDIUM
VM_025,1378626000,4.1667,4.5112,4.6104,4.5264,4.1382,4.2431,4.3238,4.3429,4.6104,0.1617,0.7561,0.1595,MEDIUM
VM_025,1378626300,7.4333,4.6238,4.6282,4.5183,4.1375,4.5913,4.9776,4.5228,5.0996,0.2998,0.9463,0.2352,HIGH
VM_025,1378626600,4.4667,4.406,4.4631,4.3556,3.9889,4.646,5.0697,4.4624,5.2565,0.3907,0.9434,0.271,HIGH
VM_025,1378626900,4.0,4.5516,4.5295,4.3492,4.3162,4.8589,4.6671,4.5885,5.0881,0.2525,0.9434,0.2219,HIGH
VM_025,1378627200,4.4,4.1982,4.095,4.0197,4.3725,4.8016,4.3002,4.4143,4.8225,0.2879,0.94,0.2156,HIGH
VM_025,1378627500,8.0333,4.5881,4.4225,4.3604,4.8911,5.1447,4.4477,4.7715,5.2828,0.3228,1.1735,0.2662,HIGH
VM_025,1378627800,5.5714,4.3689,4.2765,4.2948,4.8598,4.8035,3.9852,4.5694,5.119,0.3272,1.1085,0.2763,HIGH
VM_025,1378628100,4.0,4.5635,4.5488,4.5556,5.0001,4.7483,4.1703,4.657,5.0001,0.2209,1.0702,0.2355,HIGH
VM_025,1378628400,4.1667,4.3175,4.4316,4.5483,4.883,4.4541,3.9753,4.4916,4.883,0.2514,1.0707,0.2448,HIGH
VM_025,1378628700,4.0,4.5058,4.7753,5.0047,4.9358,4.4965,4.2302,4.6949,5.074,0.2709,1.0707,0.2372,HIGH
VM_025,1378629000,4.1667,4.4363,4.7507,4.9637,4.5541,4.2096,4.1581,4.4991,4.9637,0.2804,1.0713,0.2327,HIGH
VM_025,1378629300,4.0667,4.474,4.6378,4.7231,4.5295,4.3809,4.3146,4.511,4.7231,0.1372,1.0713,0.1858,HIGH
VM_025,1378629600,4.2,4.4386,4.5571,4.5559,4.1685,4.2177,4.2564,4.3357,4.5571,0.1479,1.0713,0.1908,HIGH
VM_025,1378629900,7.1667,4.6828,4.7014,4.6382,4.2263,4.575,4.8525,4.5678,4.9896,0.2257,1.1753,0.2411,HIGH
VM_025,1378630200,5.1,4.4984,4.5061,4.3952,4.1746,4.6784,4.9362,4.519,5.1026,0.2901,1.1756,0.2606,HIGH
VM_025,1378630500,4.0,4.6236,4.6553,4.5439,4.5103,4.8817,4.7379,4.6951,5.0513,0.1728,1.1756,0.2197,HIGH
VM_025,1378630800,4.2,4.2213,4.208,4.1912,4.3833,4.7027,4.4425,4.4409,4.7552,0.21,1.1756,0.2211,HIGH
VM_025,1378631100,4.1333,4.284,4.3356,4.3902,4.8068,4.9728,4.5127,4.6943,5.1443,0.277,1.1768,0.2528,HIGH
VM_025,1378631400,4.1667,4.1898,4.1849,4.229,4.759,4.6927,4.1031,4.4987,4.9641,0.2799,1.1774,0.2529,HIGH
VM_025,1378631700,4.0,4.24,4.3004,4.3577,4.7491,4.5585,4.1189,4.4787,4.7508,0.1993,1.1774,0.2258,HIGH
VM_025,1378632000,4.1667,4.161,4.3444,4.4632,4.6369,4.3703,4.1285,4.4073,4.702,0.1664,1.178,0.219,HIGH
VM_025,1378632300,4.0,4.3543,4.641,4.7707,4.5287,4.2214,4.0413,4.4337,4.8023,0.2491,1.178,0.2412,HIGH
VM_025,1378632600,4.2667,4.359,4.5953,4.7119,4.312,4.1013,4.0039,4.3244,4.7119,0.2439,1.1772,0.2348,HIGH
VM_025,1378632900,4.1667,4.3713,4.6571,4.7323,4.2148,4.2942,4.509,4.4328,4.7323,0.1917,1.1752,0.2216,HIGH
VM_025,1378633200,4.2,4.385,4.4743,4.3976,3.9805,4.1818,4.221,4.2436,4.4743,0.1557,1.1746,0.2091,HIGH
VM_025,1378633500,5.5333,4.3524,4.3532,4.3421,4.0949,4.4893,4.6122,4.3848,4.8428,0.2024,1.036,0.2214,HIGH
VM_025,1378633800,4.2,4.0976,4.1332,4.1218,3.98,4.4506,4.5808,4.256,4.8211,0.2631,1.0389,0.2352,HIGH
VM_025,1378634100,4.8333,4.2804,4.2154,4.1504,4.2403,4.5917,4.2932,4.3708,4.6972,0.1882,1.0326,0.2035,HIGH
VM_025,1378634400,8.8,4.7294,4.4376,4.1923,4.4117,4.7943,4.5906,4.5394,4.9406,0.2515,1.3383,0.2711,HIGH
VM_025,1378634700,8.5667,4.7422,4.5358,4.3729,4.8812,4.9754,4.5119,4.7209,5.0637,0.2367,1.3974,0.2714,HIGH
VM_025,1378635000,8.0333,4.9408,4.7278,4.5642,4.933,4.9916,4.5856,4.818,5.0761,0.191,1.5383,0.2716,HIGH
VM_025,1378635300,4.0,4.488,4.6272,4.68,4.8338,4.713,4.4825,4.6735,4.8338,0.1044,1.5383,0.239,HIGH
VM_025,1378635600,4.1,4.5671,4.6097,4.6633,4.9113,4.7451,4.3774,4.6987,4.9113,0.1512,1.5398,0.2607,HIGH
VM_025,1378635900,4.0,4.5507,4.7826,4.9324,4.7851,4.4884,4.3224,4.6663,4.9372,0.2009,1.5398,0.2703,HIGH
VM_025,1378636200,4.3,4.5592,4.6964,4.8474,4.729,4.418,4.2801,4.599,4.8627,0.1904,1.5372,0.2662,HIGH
VM_025,1378636500,4.1667,4.7427,4.8361,4.8731,4.5128,4.5066,4.7747,4.6564,4.9144,0.1706,1.5349,0.2596,HIGH
VM_025,1378636800,4.1333,4.7897,4.8678,4.8563,4.5579,4.4854,4.5542,4.646,4.8678,0.1636,1.5363,0.2508,HIGH
VM_025,1378637100,5.8333,4.6736,4.6317,4.6287,4.4555,4.7458,4.9037,4.6746,5.107,0.192,1.4747,0.2663,HIGH
VM_025,1378637400,5.2,4.6169,4.6237,4.6338,4.3626,4.757,4.9087,4.6497,5.1462,0.2253,1.4755,0.282,HIGH
VM_025,1378637700,4.0,4.39,4.3398,4.3658,4.5339,4.7802,4.5056,4.5723,4.8679,0.1908,1.4755,0.2557,HIGH
VM_025,1378638000,4.3333,4.2851,4.1709,4.1213,4.2452,4.6065,4.4526,4.3696,4.6923,0.2119,1.4731,0.2657,HIGH
VM_025,1378638300,4.7,4.1832,4.2236,4.3048,4.7204,4.7334,4.4125,4.5408,4.88,0.2322,1.4651,0.2704,HIGH
VM_025,1378638600,4.1667,4.1095,4.1146,4.1165,4.4499,4.5382,4.1872,4.3564,4.7166,0.2018,1.4651,0.2598,HIGH
VM_025,1378638900,4.0,4.1437,4.2975,4.3671,4.4134,4.3631,4.2178,4.3517,4.4898,0.0902,1.4651,0.229,HIGH
VM_025,1378639200,4.2,4.0686,4.2256,4.3012,4.4751,4.3812,4.156,4.3362,4.4971,0.1271,1.4644,0.2386,HIGH
VM_025,1378639500,4.0,4.4172,4.7097,4.8476,4.4235,4.2548,4.2502,4.4822,4.8476,0.2088,1.4644,0.26,HIGH
VM_025,1378639800,5.3667,4.6576,4.78,4.7891,4.4695,4.356,4.3799,4.5267,4.7891,0.1687,1.4607,0.2409,HIGH
VM_025,1378640100,5.3667,4.805,4.8216,4.7634,4.4024,4.5043,4.753,4.6036,4.9094,0.1909,1.4532,0.2569,HIGH
VM_025,1378640400,4.5667,4.7005,4.7086,4.61,4.2681,4.4278,4.5234,4.4786,4.7374,0.1696,1.4463,0.2457,HIGH
VM_025,1378640700,6.6333,4.7449,4.677,4.5931,4.1875,4.7476,5.218,4.6373,5.3973,0.3738,1.4804,0.3331,HIGH
VM_025,1378641000,4.2,4.4263,4.3556,4.2517,4.0959,4.7009,4.8729,4.4572,5.1772,0.3396,1.4804,0.3273,HIGH
VM_025,1378641300,4.0,4.3681,4.199,4.0779,4.4667,4.9453,4.4525,4.5325,4.9453,0.313,1.4957,0.2945,HIGH
VM_025,1378641600,4.2667,4.22,4.0867,4.0299,4.3775,4.7144,4.3071,4.3875,4.7144,0.2584,1.2675,0.246,HIGH
VM_025,1378641900,4.0667,4.1699,4.1551,4.2225,4.8399,4.8474,4.2302,4.5756,5.1645,0.3371,0.9958,0.2472,HIGH
VM_025,1378642200,4.2,4.0718,4.1356,4.2098,4.6723,4.5689,4.0542,4.4203,4.8632,0.2615,0.6903,0.1843,HIGH
VM_025,1378642500,4.0,4.198,4.3683,4.525,4.7672,4.3755,4.0155,4.4445,4.7978,0.2224,0.6903,0.1811,HIGH
VM_025,1378642800,4.2,4.0736,4.2676,4.4057,4.5861,4.2806,4.0221,4.3395,4.6201,0.1745,0.6882,0.159,MEDIUM
VM_025,1378643100,4.0,4.3436,4.7305,4.9761,4.462,4.131,4.1644,4.4723,4.9761,0.2938,0.6882,0.1883,HIGH
VM_025,1378643400,4.1667,4.3633,4.5914,4.7316,4.311,4.0862,4.2089,4.3553,4.7316,0.2148,0.6903,0.1649,MEDIUM
VM_025,1378643700,4.1333,4.5176,4.6421,4.6968,4.1871,4.2837,4.6277,4.4375,4.7423,0.2072,0.6911,0.1635,MEDIUM
VM_025,1378644000,4.1,4.5662,4.6564,4.639,4.1647,4.2288,4.4331,4.3882,4.6564,0.1901,0.6918,0.1548,MEDIUM
VM_025,1378644300,5.7667,4.541,4.4576,4.4123,4.1078,4.5378,4.8818,4.4572,5.0214,0.2837,0.6863,0.1961,HIGH
VM_025,1378644600,4.6333,4.3225,4.31,4.2882,4.0574,4.5114,4.8506,4.3808,5.0551,0.3183,0.6702,0.2086,HIGH
VM_025,1378644900,5.2667,4.3887,4.2129,4.0891,4.3266,4.7818,4.5907,4.4597,4.9439,0.2898,0.6821,0.1994,HIGH
VM_025,1378645200,4.2333,4.1482,4.0219,3.9442,4.2525,4.6253,4.3436,4.3082,4.7118,0.2726,0.6835,0.1847,HIGH
VM_025,1378645500,4.0667,4.0989,4.0962,4.1291,4.7466,4.8165,4.2704,4.5101,5.0402,0.3293,0.6881,0.1999,HIGH
VM_025,1378645800,4.1,4.0592,4.0724,4.1122,4.5942,4.5678,4.0167,4.3732,4.833,0.2694,0.6895,0.185,HIGH
VM_025,1378646100,4.0,4.1549,4.3361,4.4929,4.7048,4.3387,3.9363,4.4048,4.7484,0.2248,0.6895,0.1845,HIGH
VM_025,1378646400,4.2,4.1496,4.3156,4.4339,4.5736,4.2522,3.9563,4.3348,4.6276,0.1799,0.6895,0.1679,MEDIUM
VM_025,1378646700,4.0,4.3489,4.654,4.8385,4.4462,4.0895,4.0211,4.3981,4.8385,0.2774,0.6895,0.1852,HIGH
VM_025,1378647000,4.2333,4.4354,4.6619,4.7963,4.3147,4.0618,4.1652,4.3643,4.7963,0.2539,0.6646,0.1721,MEDIUM
VM_025,1378647300,4.0667,4.6139,4.7239,4.736,4.1335,4.236,4.5879,4.4267,4.7523,0.2517,0.6376,0.1672,MEDIUM
VM_025,1378647600,4.1,4.5048,4.5358,4.462,4.0753,4.1933,4.269,4.2905,4.5358,0.1713,0.6388,0.142,MEDIUM
VM_025,1378647900,5.5,4.4301,4.3203,4.242,4.0992,4.5692,4.7041,4.3957,4.9226,0.2568,0.4873,0.1599,MEDIUM
VM_025,1378648200,4.2,4.1231,4.0915,4.0619,3.9418,4.4497,4.6407,4.2431,4.8941,0.3117,0.4873,0.1849,HIGH
VM_025,1378648500,4.0,4.17,4.0806,3.9972,4.2269,4.5818,4.345,4.3097,4.6973,0.2421,0.4873,0.1528,MEDIUM
VM_025,1378648800,4.3333,4.0839,3.9612,3.8775,4.155,4.4817,4.3225,4.2129,4.6191,0.2512,0.4872,0.155,MEDIUM
VM_025,1378649100,4.2333,4.1275,4.2239,4.298,4.5892,4.6588,4.508,4.4925,4.8422,0.2205,0.4847,0.1467,MEDIUM
VM_025,1378649400,4.2,4.1474,4.1713,4.1831,4.5247,4.5033,4.1114,4.3689,4.6418,0.184,0.4847,0.1249,MEDIUM
VM_025,1378649700,4.0,4.2942,4.3884,4.4423,4.6555,4.4844,4.076,4.4577,4.6715,0.1529,0.4847,0.1326,MEDIUM
VM_025,1378650000,4.2,4.1232,4.2431,4.3329,4.5045,4.3033,3.9404,4.3042,4.5255,0.1515,0.4847,0.1314,MEDIUM
VM_025,1378650300,4.0,4.3853,4.5657,4.756,4.4171,4.1596,3.979,4.3948,4.756,0.2307,0.4847,0.1541,MEDIUM
VM_025,1378650600,4.7,4.4349,4.5282,4.6468,4.2666,4.0527,4.0583,4.2945,4.6468,0.2062,0.4895,0.1337,MEDIUM
VM_025,1378650900,4.1667,4.517,4.4687,4.4509,4.1792,4.2192,4.3806,4.3146,4.5394,0.1494,0.4889,0.1181,MEDIUM
VM_025,1378651200,4.1333,4.4406,4.4111,4.3667,4.0209,4.1238,4.2559,4.2149,4.454,0.1646,0.4882,0.1203,MEDIUM
VM_025,1378651500,7.2,4.6572,4.5362,4.4301,4.0663,4.512,4.8704,4.448,5.0063,0.3026,0.7077,0.202,HIGH
VM_025,1378651800,4.1667,4.3202,4.2204,4.135,3.978,4.5216,4.8453,4.3206,5.0338,0.358,0.7076,0.2284,HIGH
VM_025,1378652100,4.0,4.3239,4.1788,4.0291,4.3373,4.7538,4.5034,4.4228,4.848,0.2883,0.6861,0.1924,HIGH
VM_025,1378652400,4.2667,4.128,3.9583,3.8438,4.1975,4.5761,4.2642,4.2453,4.6419,0.2822,0.6859,0.1858,HIGH
VM_025,1378652700,4.2333,4.1943,4.1988,4.2135,4.5215,4.7663,4.5789,4.5106,4.969,0.2711,0.6839,0.1914,HIGH
VM_025,1378653000,4.1667,4.1631,4.1571,4.1437,4.4445,4.4942,4.1242,4.3458,4.6092,0.181,0.683,0.1466,MEDIUM
VM_025,1378653300,4.0,4.3746,4.3547,4.3436,4.6079,4.4676,4.0367,4.4208,4.6079,0.1415,0.683,0.1552,MEDIUM
VM_025,1378653600,4.2,4.2285,4.2774,4.318,4.571,4.3791,3.9502,4.3559,4.571,0.1587,0.683,0.1611,MEDIUM
VM_025,1378653900,4.0,4.3674,4.5851,4.766,4.5904,4.2853,3.9166,4.4769,4.7959,0.2525,0.683,0.1917,HIGH
VM_025,1378654200,4.2333,4.4263,4.5746,4.7175,4.4293,4.2122,4.1387,4.4276,4.7175,0.1769,0.683,0.1561,MEDIUM
VM_025,1378654500,4.0667,4.5078,4.5794,4.6293,4.4357,4.3108,4.4098,4.4596,4.6328,0.1193,0.683,0.1287,MEDIUM
VM_025,1378654800,4.2,4.5401,4.4919,4.4128,4.2216,4.2603,4.2545,4.3336,4.5401,0.1216,0.6818,0.1317,MEDIUM
VM_025,1378655100,7.8,4.8644,4.725,4.5926,4.1736,4.6295,4.9647,4.5894,5.1463,0.3099,0.9567,0.2378,HIGH
VM_025,1378655400,4.3333,4.4556,4.3766,4.2892,3.917,4.5602,5.0851,4.4041,5.2551,0.4267,0.9556,0.2809,HIGH
VM_025,1378655700,5.1,4.6744,4.4609,4.2257,4.4302,4.9697,4.8039,4.6364,5.1837,0.3245,0.9594,0.2475,HIGH
VM_025,1378656000,4.7333,4.4567,4.2011,4.0041,4.3559,4.8617,4.5654,4.475,4.9584,0.3291,0.9599,0.2411,HIGH
VM_025,1378656300,4.1333,4.2733,4.1912,4.1575,4.6737,5.0673,4.6935,4.6488,5.1287,0.3754,0.9614,0.245,HIGH
VM_025,1378656600,4.2,4.2024,4.158,4.1428,4.5768,4.7278,4.178,4.4727,4.9542,0.2819,0.9614,0.2207,HIGH
VM_025,1378656900,4.0,4.3966,4.416,4.4383,4.8004,4.5985,4.0917,4.5405,4.8004,0.1861,0.9614,0.2072,HIGH
VM_025,1378657200,4.2,4.1747,4.2362,4.2773,4.636,4.3732,3.8607,4.3444,4.636,0.204,0.9614,0.2151,HIGH
VM_025,1378657500,4.0,4.2612,4.5318,4.6958,4.5465,4.2295,3.8674,4.4168,4.7405,0.2533,0.9614,0.2266,HIGH
VM_025,1378657800,4.2333,4.3171,4.5216,4.6583,4.3647,4.0718,3.9548,4.3197,4.6583,0.2173,0.9621,0.2067,HIGH
VM_025,1378658100,4.0667,4.3839,4.4833,4.531,4.3272,4.2263,4.2368,4.3565,4.531,0.1114,0.9637,0.1617,MEDIUM
VM_025,1378658400,4.2,4.4636,4.4775,4.4211,4.0704,4.1143,4.2205,4.249,4.4775,0.1573,0.9628,0.1769,HIGH
VM_025,1378658700,5.6,4.5712,4.6029,4.5587,4.0031,4.3593,4.8168,4.4202,4.9687,0.301,0.8102,0.2182,HIGH
VM_025,1378659000,4.1667,4.4365,4.291,4.1536,3.8883,4.4829,4.9416,4.3346,5.0985,0.3954,0.8102,0.2471,HIGH
VM_025,1378659300,4.0,4.4827,4.296,4.1005,4.2237,4.684,4.6184,4.4364,4.9264,0.2781,0.8102,0.2084,HIGH
VM_025,1378659600,4.2333,4.1346,3.955,3.825,4.1036,4.5985,4.4636,4.2608,4.8035,0.3331,0.8105,0.2231,HIGH
VM_025,1378659900,4.1333,4.0766,4.0785,4.0671,4.4526,4.8319,4.6624,4.4888,5.0221,0.354,0.8117,0.2264,HIGH
VM_025,1378660200,4.2,4.0663,4.045,4.0115,4.5051,4.5957,4.1402,4.3578,4.7932,0.2707,0.8113,0.1966,HIGH
VM_025,1378660500,4.0,4.2013,4.2268,4.2014,4.6611,4.5099,4.0008,4.389,4.6611,0.1963,0.8113,0.1822,HIGH
VM_025,1378660800,4.2,4.0419,4.1816,4.2351,4.5297,4.2577,3.8015,4.2486,4.5297,0.1915,0.8113,0.1902,HIGH
VM_025,1378661100,4.0,4.1622,4.4472,4.5916,4.4436,4.101,3.716,4.29,4.5944,0.2648,0.8113,0.208,HIGH
VM_025,1378661400,4.3,4.3103,4.4824,4.5674,4.3275,4.02,3.863,4.2522,4.5674,0.2136,0.8108,0.1874,HIGH
VM_025,1378661700,4.2,4.5161,4.6694,4.7243,4.3453,4.2766,4.5072,4.4583,4.7243,0.1741,0.8087,0.1653,MEDIUM
VM_025,1378662000,4.2,4.549,4.5143,4.3738,4.0689,4.1651,4.2473,4.2686,4.549,0.1726,0.8087,0.1647,MEDIUM
VM_025,1378662300,5.5,4.6383,4.5999,4.5107,4.2621,4.5972,4.7244,4.5462,5.0032,0.2161,0.4469,0.145,MEDIUM
VM_025,1378662600,4.2,4.2324,4.1935,4.1129,4.0041,4.5765,4.7693,4.3476,5.0412,0.3405,0.4477,0.1847,HIGH
VM_025,1378662900,4.0,4.3036,4.205,4.0975,4.3711,4.7919,4.3718,4.4745,4.849,0.2779,0.4204,0.1428,MEDIUM
VM_025,1378663200,4.2333,4.117,3.9941,3.874,4.265,4.6912,4.3824,4.3288,4.7672,0.3175,0.4091,0.1581,MEDIUM
VM_025,1378663500,4.0667,3.9748,3.9095,3.8744,4.5428,4.7398,4.2997,4.3755,4.8962,0.3591,0.4102,0.1735,MEDIUM
VM_025,1378663800,4.1667,3.9991,3.9779,3.9331,4.4896,4.5404,4.082,4.3017,4.7612,0.2804,0.4105,0.1506,MEDIUM
VM_025,1378664100,4.0,4.0943,4.1973,4.2072,4.5221,4.3235,4.0115,4.2928,4.5221,0.1451,0.4105,0.1131,MEDIUM
VM_025,1378664400,4.2,4.0624,4.1489,4.1572,4.441,4.1745,3.8245,4.1839,4.441,0.1557,0.4105,0.1256,MEDIUM
VM_025,1378664700,4.0,4.3236,4.5352,4.615,4.3198,4.0149,3.939,4.2739,4.615,0.2132,0.4105,0.1326,MEDIUM
VM_025,1378665000,4.2333,4.3966,4.5476,4.6441,4.2374,3.9366,4.0265,4.2397,4.6441,0.2366,0.4105,0.1363,MEDIUM
VM_025,1378665300,4.0667,4.5463,4.5503,4.4637,4.136,4.1199,4.2551,4.2768,4.5503,0.1723,0.4105,0.1124,MEDIUM
VM_025,1378665600,4.2,4.5368,4.4471,4.3051,3.9575,4.0922,4.2497,4.1886,4.5368,0.1997,0.4105,0.1222,MEDIUM
VM_025,1378665900,5.7,4.4813,4.349,4.2637,3.8426,4.3007,4.8411,4.2735,4.9307,0.3589,0.425,0.1832,HIGH
VM_025,1378666200,4.2,4.3164,4.1429,4.0279,3.8501,4.4767,4.9585,4.2817,5.1166,0.4281,0.4247,0.2109,HIGH
VM_025,1378666500,4.0,4.3663,4.1089,3.8794,4.2692,4.7936,4.5687,4.4113,4.9252,0.3577,0.4247,0.1788,HIGH
VM_025,1378666800,4.2333,4.0332,3.8178,3.6604,4.1728,4.6937,4.3002,4.2351,4.7788,0.381,0.4247,0.1868,HIGH
VM_025,1378667100,4.0667,3.9123,3.8392,3.8158,4.4622,4.7045,4.0625,4.307,4.9158,0.3759,0.4258,0.1847,HIGH
VM_025,1378667400,4.2,3.9121,3.9035,3.9207,4.4379,4.4645,3.8557,4.229,4.7497,0.2965,0.4258,0.1604,MEDIUM
VM_025,1378667700,4.0,4.0745,4.1019,4.1349,4.4762,4.2346,3.8264,4.207,4.4762,0.1781,0.4258,0.1315,MEDIUM
VM_025,1378668000,4.2,4.1072,4.1606,4.1926,4.4318,4.1335,3.8232,4.1841,4.4318,0.1536,0.4258,0.1266,MEDIUM
VM_025,1378668300,4.0,4.3128,4.5496,4.6625,4.3501,4.0113,3.8563,4.2863,4.6625,0.2552,0.4258,0.15,MEDIUM
VM_025,1378668600,4.2667,4.3445,4.5109,4.582,4.198,3.951,3.8712,4.2151,4.582,0.2336,0.4257,0.1387,MEDIUM
VM_025,1378668900,4.1333,4.3949,4.4477,4.4532,4.0589,4.1008,4.2151,4.2459,4.4532,0.1463,0.4263,0.1013,MEDIUM
VM_025,1378669200,4.2,4.4954,4.4218,4.3162,3.9549,4.0297,4.0876,4.162,4.4954,0.1712,0.4263,0.1186,MEDIUM
VM_025,1378669500,5.7333,4.591,4.4007,4.3038,3.9289,4.3795,4.8584,4.3387,4.9301,0.3364,0.4575,0.1771,HIGH
VM_025,1378669800,4.2,4.3076,4.1339,4.0324,3.7861,4.4318,4.9561,4.2473,5.0562,0.4276,0.4575,0.2126,HIGH
VM_025,1378670100,4.0,4.2851,4.056,3.8612,4.0821,4.6575,4.5759,4.3128,4.8831,0.3496,0.4575,0.1833,HIGH
VM_025,1378670400,4.2333,4.055,3.861,3.7077,4.111,4.6315,4.2916,4.2154,4.7448,0.3444,0.4575,0.1814,HIGH
VM_025,1378670700,4.0667,3.8944,3.8572,3.8375,4.4234,4.615,4.0234,4.2781,4.8623,0.3485,0.4575,0.1799,HIGH
VM_025,1378671000,4.2,3.9049,3.893,3.8985,4.3849,4.4134,3.8576,4.2099,4.7868,0.2985,0.4572,0.1686,MEDIUM
VM_025,1378671300,4.0,4.2034,4.284,4.378,4.6515,4.252,3.8065,4.3236,4.6515,0.2323,0.4572,0.1586,MEDIUM
VM_025,1378671600,4.2,4.1444,4.2403,4.2921,4.5261,4.1,3.7499,4.2118,4.5261,0.2085,0.4572,0.1505,MEDIUM
VM_025,1378671900,4.0,4.3204,4.5823,4.7334,4.3339,3.9421,3.8077,4.2723,4.7334,0.3006,0.4572,0.1682,MEDIUM
VM_025,1378672200,4.2333,4.3146,4.5257,4.636,4.1888,3.8711,3.8238,4.192,4.636,0.276,0.4572,0.1547,MEDIUM
VM_025,1378672500,4.4,4.4858,4.529,4.5329,4.0906,4.112,4.198,4.2809,4.5329,0.1705,0.4561,0.1112,MEDIUM
VM_025,1378672800,4.1667,4.5306,4.4946,4.4338,4.0898,4.2479,4.3856,4.3305,4.6079,0.1604,0.4564,0.1198,MEDIUM
VM_025,1378673100,6.7,4.6761,4.4069,4.245,4.0097,4.6175,5.0322,4.452,5.1594,0.3881,0.6113,0.2144,HIGH
VM_025,1378673400,4.2,4.4163,4.25,4.2079,3.9666,4.7368,5.3066,4.4805,5.4671,0.5006,0.6113,0.2566,HIGH
VM_025,1378673700,4.0,4.4058,4.2046,4.0292,4.3173,4.9445,4.7234,4.5264,5.1091,0.3658,0.6113,0.2062,HIGH
VM_025,1378674000,4.2667,4.257,3.9794,3.8299,4.3133,4.9346,4.377,4.4131,4.9662,0.3878,0.6112,0.2128,HIGH
VM_025,1378674300,4.1333,4.0342,3.9664,3.9478,4.7018,4.9018,4.1059,4.4743,5.1459,0.4113,0.6101,0.22,HIGH
VM_025,1378674600,4.2,3.9825,3.9954,4.0905,4.6702,4.5805,3.851,4.3774,5.0208,0.3606,0.6101,0.2166,HIGH
VM_025,1378674900,4.0,4.2535,4.3056,4.3895,4.8536,4.4241,3.8318,4.4316,4.8536,0.2872,0.6101,0.1991,HIGH
VM_025,1378675200,4.2,4.2518,4.4185,4.5454,4.998,4.4154,3.7756,4.483,4.998,0.3438,0.6101,0.2229,HIGH
VM_025,1378675500,4.0,4.4389,4.7747,5.0351,4.6501,4.1698,4.0029,4.5152,5.0352,0.3387,0.6101,0.2004,HIGH
VM_025,1378675800,4.3,4.6208,4.8852,5.0902,4.5378,4.1218,4.0829,4.514,5.0902,0.344,0.61,0.1974,HIGH
VM_025,1378676100,5.7667,5.1196,5.0064,4.9101,4.4063,4.4229,4.5227,4.6239,5.1196,0.252,0.6755,0.1784,HIGH
VM_025,1378676400,4.6667,4.9809,4.7934,4.6381,4.1581,4.3049,4.4729,4.4469,4.9809,0.2552,0.6764,0.1841,HIGH
VM_025,1378676700,5.7667,4.7897,4.5065,4.3773,4.0114,4.6215,5.1136,4.4966,5.1527,0.3889,0.6793,0.2221,HIGH
VM_025,1378677000,4.1667,4.5844,4.3753,4.2942,3.8778,4.6536,5.3384,4.4724,5.4016,0.4991,0.6798,0.2674,HIGH
VM_025,1378677300,4.0,4.4918,4.2384,4.0971,4.3896,4.961,4.7697,4.5637,5.0946,0.3436,0.6798,0.2052,HIGH
VM_025,1378677600,4.1,4.1875,3.9566,3.8821,4.3601,4.9149,4.5128,4.4342,4.9811,0.3795,0.6818,0.2175,HIGH
VM_025,1378677900,4.1,4.0073,4.0016,4.0291,4.7352,4.8306,4.0424,4.4685,5.1149,0.3893,0.6811,0.2191,HIGH
VM_025,1378678200,4.1333,4.0199,4.0502,4.1236,4.8234,4.7153,3.8516,4.4611,5.1746,0.4076,0.6822,0.244,HIGH
VM_025,1378678500,4.0667,4.2128,4.3523,4.516,4.9702,4.4687,3.82,4.4917,4.9702,0.3299,0.6806,0.2234,HIGH
VM_025,1378678800,4.1,4.1536,4.3547,4.5335,4.9167,4.2799,3.6686,4.3962,4.9167,0.3608,0.6822,0.2351,HIGH
VM_025,1378679100,4.0333,4.4872,4.784,5.0569,4.6422,4.1,3.9188,4.4863,5.0569,0.3783,0.6814,0.222,HIGH
VM_025,1378679400,4.1667,4.655,4.9507,5.1955,4.4968,4.0122,4.0428,4.4877,5.1955,0.4126,0.6822,0.2275,HIGH
VM_025,1378679700,4.1333,4.8656,4.955,5.01,4.2864,4.239,4.4385,4.54,5.01,0.2866,0.6844,0.1851,HIGH
VM_025,1378680000,4.1333,4.8607,4.7987,4.726,4.1739,4.3054,4.3838,4.4634,4.8607,0.2305,0.6849,0.1691,MEDIUM
VM_025,1378680300,5.6333,4.611,4.3691,4.2893,4.0095,4.586,4.8321,4.4218,4.9831,0.3118,0.5497,0.1857,HIGH
VM_025,1378680600,4.1333,4.3552,4.1176,4.0541,3.869,4.6898,5.0112,4.3599,5.1717,0.4467,0.5506,0.2291,HIGH
VM_025,1378680900,4.0667,4.3306,4.0882,3.9661,4.3535,4.94,4.7111,4.4891,5.0175,0.3792,0.549,0.1961,HIGH
VM_025,1378681200,4.1667,4.0019,3.8234,3.8065,4.3234,4.7825,4.4689,4.3266,4.8338,0.3799,0.55,0.1921,HIGH
VM_025,1378681500,4.1333,3.9594,3.9901,4.0995,4.8449,4.8153,4.073,4.4939,5.144,0.4029,0.55,0.2107,HIGH
VM_025,1378681800,4.1333,3.989,4.026,4.1223,4.8498,4.6357,3.8443,4.4231,5.0832,0.395,0.5509,0.2172,HIGH
VM_025,1378682100,4.0667,4.1365,4.2872,4.4382,4.892,4.4054,3.733,4.4154,4.892,0.3321,0.5493,0.2076,HIGH
VM_025,1378682400,4.1333,4.0954,4.3086,4.4862,4.8387,4.2613,3.6861,4.3639,4.8387,0.3341,0.5502,0.2069,HIGH
VM_025,1378682700,4.0667,4.4456,4.7266,4.9567,4.5395,4.0579,3.9007,4.4247,4.9567,0.3412,0.5486,0.1953,HIGH
VM_025,1378683000,4.2,4.5969,4.8092,5.0091,4.4537,4.0194,3.9892,4.4245,5.0091,0.3454,0.5493,0.1911,HIGH
VM_025,1378683300,4.2,4.7555,4.8881,4.9835,4.168,4.1702,4.6347,4.4955,4.9835,0.3133,0.4573,0.168,MEDIUM
VM_025,1378683600,4.1,4.7534,4.7475,4.6841,4.1289,4.2154,4.3855,4.408,4.7534,0.234,0.4505,0.1367,MEDIUM
VM_025,1378683900,5.6333,4.5442,4.324,4.2758,4.1778,4.6808,4.8491,4.4841,5.0389,0.2899,0.4314,0.1572,MEDIUM
VM_025,1378684200,4.0667,4.0467,3.9526,3.9795,3.9543,4.6492,4.8239,4.2986,5.0444,0.4027,0.4326,0.1976,HIGH
VM_025,1378684500,4.1,4.0652,3.8601,3.8102,4.362,4.8537,4.4156,4.3755,4.8537,0.3948,0.4307,0.1787,HIGH
VM_025,1378684800,8.4333,5.4458,4.889,4.2935,4.5675,5.086,5.0287,4.7514,5.4458,0.4253,0.9563,0.2652,HIGH
VM_025,1378685100,4.2,3.8367,3.9578,4.1189,4.6603,4.5661,4.0952,4.3807,4.8013,0.3108,0.9551,0.2366,HIGH
VM_025,1378685400,4.0333,3.9643,4.0043,4.0554,4.765,4.8547,3.9389,4.4857,5.0138,0.4036,0.9566,0.2499,HIGH
VM_025,1378685700,4.1,3.8688,4.2244,4.5431,4.8166,4.4339,3.7661,4.4311,4.9237,0.3513,0.9561,0.2596,HIGH
VM_025,1378686000,4.0333,4.0631,4.1433,4.3392,4.814,4.415,3.5483,4.3971,4.9371,0.4105,0.9572,0.2871,HIGH
VM_025,1378686300,4.0667,4.3938,4.6236,4.8447,4.4211,4.09,3.8186,4.3788,4.8447,0.2966,0.9566,0.2441,HIGH
VM_025,1378686600,4.1,4.4593,4.6657,4.8951,4.5101,3.9253,3.8945,4.3446,4.8951,0.3535,0.9575,0.2412,HIGH
VM_025,1378686900,4.2,4.6548,4.7192,4.7246,4.0855,4.07,4.4509,4.3528,4.7246,0.2644,0.9567,0.2082,HIGH
VM_025,1378687200,4.0333,4.6213,4.8281,4.8933,4.1334,4.0222,4.2375,4.3778,4.8933,0.3141,0.9583,0.2305,HIGH
VM_025,1378687500,6.1667,4.3202,4.2512,4.2767,4.0242,4.5244,4.8866,4.3823,5.0153,0.3215,0.9932,0.2447,HIGH
VM_025,1378687800,4.0667,4.252,4.2054,4.1838,3.8138,4.5338,4.8183,4.3239,5.0249,0.3631,0.9942,0.2708,HIGH
VM_025,1378688100,4.0667,4.1513,4.0012,3.9335,4.3654,4.9144,4.496,4.4481,4.9472,0.3854,0.9942,0.2475,HIGH
VM_025,1378688400,4.0333,3.9579,3.7906,3.7439,4.2121,4.6834,4.3564,4.2568,4.7787,0.3678,0.9962,0.2502,HIGH
VM_025,1378688700,4.2333,3.9364,3.9705,4.0489,4.8085,4.6981,3.9656,4.4237,5.0405,0.3839,0.9951,0.2583,HIGH
VM_025,1378689000,4.0,3.9088,3.9592,4.0212,4.6605,4.5084,3.8933,4.3245,4.8333,0.3238,0.9972,0.2391,HIGH
VM_025,1378689300,4.2,4.0537,4.2961,4.4652,4.7665,4.2638,3.7832,4.3613,4.7665,0.2855,0.9954,0.244,HIGH
VM_025,1378689600,4.0,3.9484,4.2133,4.3228,4.7791,4.3244,3.8004,4.3434,4.7791,0.2976,0.9976,0.2438,HIGH
VM_025,1378689900,4.1333,4.3395,4.6596,4.9017,4.4604,4.027,3.9385,4.3871,4.9017,0.3103,0.9966,0.2418,HIGH
VM_025,1378690200,4.0667,4.2553,4.5666,4.7743,4.4303,3.96,3.8408,4.2939,4.7743,0.3013,0.9983,0.2385,HIGH
VM_025,1378690500,4.7333,5.3731,4.9775,4.6688,3.8742,3.9339,3.8994,4.2771,5.3731,0.4877,0.999,0.3139,HIGH
VM_025,1378690800,5.3,4.5588,4.5217,4.6283,3.9621,4.0237,4.3532,4.2695,4.6283,0.2442,1.0107,0.2108,HIGH
VM_025,1378691100,6.4667,4.1514,4.2784,4.3845,3.9433,4.4659,5.0064,4.357,5.1843,0.3974,1.0642,0.2868,HIGH
VM_025,1378691400,4.0,4.2158,4.1946,4.2113,3.8932,4.6162,4.89,4.3779,5.1867,0.3987,1.0656,0.2897,HIGH
VM_025,1378691700,4.2,4.0965,3.9619,3.8779,4.214,4.893,4.6257,4.4193,5.0829,0.4266,1.064,0.2791,HIGH
VM_025,1378692000,4.0333,3.9431,3.8463,3.8282,4.5058,4.9409,4.4833,4.437,5.0791,0.4403,0.669,0.2338,HIGH
VM_025,1378692300,4.2667,3.977,3.8987,3.9316,4.8332,4.7963,3.904,4.4562,5.2546,0.4707,0.6685,0.2461,HIGH
VM_025,1378692600,7.4,4.504,4.3334,4.2683,5.0587,4.9037,4.1104,4.6906,5.3137,0.3754,0.9082,0.2589,HIGH
VM_025,1378692900,6.7667,4.7306,4.6925,4.6403,5.1344,4.6496,4.1708,4.6994,5.1344,0.2368,1.0146,0.2442,HIGH
VM_025,1378693200,4.0,4.3869,4.606,4.7219,5.0501,4.5276,4.1646,4.6348,5.0501,0.239,1.0154,0.235,HIGH
VM_025,1378693500,4.2,4.6788,4.9751,5.1325,4.6475,4.2582,4.27,4.6238,5.1325,0.2992,1.0127,0.2334,HIGH
VM_025,1378693800,4.1333,4.6237,4.8937,5.0896,4.5759,4.2798,4.2736,4.6056,5.0896,0.2678,1.012,0.2264,HIGH
VM_025,1378694100,5.6667,4.9012,4.866,4.8606,4.5048,4.5958,4.6934,4.7151,4.9428,0.1449,1.0301,0.184,HIGH
VM_025,1378694400,4.0,4.9948,5.0537,5.0848,4.4461,4.3375,4.4235,4.6511,5.0848,0.2677,1.031,0.2207,HIGH
VM_025,1378694700,7.1,4.7155,4.5952,4.5885,4.43,4.7978,5.0543,4.6829,5.2218,0.2623,1.1048,0.2392,HIGH
VM_025,1378695000,4.0,4.5033,4.4598,4.3821,4.0969,4.5848,5.0177,4.4925,5.1646,0.3392,1.1066,0.2683,HIGH
VM_025,1378695300,4.1667,4.4757,4.3064,4.1908,4.5219,5.0545,4.9086,4.679,5.2517,0.369,1.1043,0.2672,HIGH
VM_025,1378695600,4.1667,4.0222,3.9263,3.8667,4.318,4.6975,4.4253,4.3394,4.8441,0.3342,1.101,0.2569,HIGH
VM_025,1378695900,5.3333,4.2096,4.2345,4.3251,5.045,4.9282,4.3063,4.7005,5.3134,0.3709,1.1029,0.2721,HIGH
VM_025,1378696200,4.0,4.1864,4.2213,4.2432,4.8781,4.7427,4.0627,4.5561,5.1325,0.3351,1.1029,0.268,HIGH
VM_025,1378696500,4.3,4.3574,4.555,4.674,5.0798,4.621,4.121,4.6724,5.0798,0.2728,1.1008,0.2547,HIGH
VM_025,1378696800,5.7,4.3215,4.5029,4.5214,4.7969,4.4114,4.0297,4.4892,4.7969,0.1995,1.104,0.2324,HIGH
VM_025,1378697100,6.4333,4.9938,5.1566,5.2282,4.6845,4.37,4.3195,4.7396,5.2282,0.3106,1.1393,0.2537,HIGH
VM_025,1378697400,4.8667,4.7856,4.9732,5.0302,4.4976,4.2902,4.3813,4.5968,5.0302,0.2589,1.1244,0.2357,HIGH
VM_025,1378697700,7.8667,5.4583,5.3132,5.1232,4.6443,4.7747,5.0221,4.9417,5.4583,0.275,1.2686,0.2651,HIGH
VM_025,1378698000,4.3667,4.8633,4.8477,4.7591,4.3453,4.4606,4.6108,4.585,4.8633,0.1919,1.2765,0.2272,HIGH
VM_025,1378698300,8.8333,5.2321,5.0049,4.8912,4.6964,5.2826,5.6964,5.0954,5.8506,0.4074,1.4671,0.3366,HIGH
VM_025,1378698600,4.0667,4.6525,4.6245,4.5624,4.2984,4.9782,5.5874,4.7656,5.7098,0.4799,1.4648,0.3582,HIGH
VM_025,1378698900,4.1,4.7794,4.6069,4.4585,4.8654,5.4285,5.1265,4.9977,5.5834,0.397,1.4678,0.3231,HIGH
VM_025,1378699200,4.0667,4.2611,4.0856,4.014,4.5492,5.1642,4.7907,4.6445,5.3162,0.4524,1.4667,0.3422,HIGH
VM_025,1378699500,4.3333,4.4384,4.3947,4.4521,5.391,5.2892,4.3931,4.9524,5.7058,0.4623,1.465,0.3432,HIGH
VM_025,1378699800,4.2,4.2834,4.1989,4.2352,5.105,4.9659,4.148,4.6985,5.4349,0.428,1.3964,0.3314,HIGH
VM_025,1378700100,4.5667,4.5175,4.6847,4.79,5.4177,4.8468,4.1454,4.859,5.4177,0.3645,1.3487,0.3236,HIGH
VM_025,1378700400,4.1,4.2206,4.4596,4.5872,5.0172,4.4365,3.9946,4.5436,5.0172,0.2958,1.3458,0.2937,HIGH
VM_025,1378700700,5.2667,4.836,5.2719,5.5393,4.9032,4.4419,4.5116,4.8876,5.5393,0.3735,1.3379,0.3015,HIGH
VM_025,1378701000,5.1667,4.7168,5.0876,5.2433,4.4932,4.1855,4.433,4.6236,5.2433,0.3579,1.3259,0.2989,HIGH
VM_025,1378701300,5.1,5.0282,5.1841,5.1465,4.3887,4.4954,4.8694,4.763,5.1841,0.3001,1.3191,0.2704,HIGH
VM_025,1378701600,4.0,4.7134,4.7958,4.6987,4.1394,4.2672,4.4105,4.448,4.7958,0.2184,1.3191,0.2469,HIGH
VM_025,1378701900,5.8667,4.612,4.588,4.5866,4.3489,4.8745,5.0819,4.7109,5.2829,0.289,1.2564,0.2717,HIGH
VM_025,1378702200,4.0,4.4154,4.416,4.3493,4.1986,4.7054,4.9975,4.542,5.2116,0.3301,1.2564,0.2866,HIGH
VM_025,1378702500,4.2,4.5661,4.5031,4.3797,4.789,5.0921,4.7544,4.7979,5.1734,0.286,1.2555,0.255,HIGH
VM_025,1378702800,4.0333,4.1419,4.1021,4.0434,4.4672,4.726,4.4135,4.4421,4.8423,0.2785,1.2594,0.2561,HIGH
VM_025,1378703100,4.1667,4.2732,4.3783,4.4325,5.2251,5.0287,4.3362,4.801,5.3784,0.378,1.2664,0.2932,HIGH
VM_025,1378703400,4.0,4.1671,4.2669,4.2977,4.9631,4.7634,4.1172,4.6001,5.1438,0.3347,1.2664,0.2839,HIGH
VM_025,1378703700,4.2,4.3197,4.588,4.6533,5.0392,4.6482,4.147,4.6719,5.0411,0.2628,1.2687,0.2685,HIGH
VM_025,1378704000,4.0,4.217,4.4088,4.4685,4.8903,4.5209,4.1263,4.5402,4.8903,0.229,1.2693,0.2532,HIGH
VM_025,1378704300,5.5333,4.7114,5.0374,5.1064,4.7047,4.4163,4.369,4.7117,5.1064,0.2582,1.2324,0.2454,HIGH
VM_025,1378704600,5.9333,4.7333,4.9861,5.0135,4.5046,4.2917,4.3314,4.5945,5.0135,0.2664,1.2545,0.2488,HIGH
VM_025,1378704900,4.3667,4.9629,5.2575,5.2683,4.4397,4.4959,5.0148,4.8059,5.2683,0.3378,1.0773,0.2521,HIGH
VM_025,1378705200,4.0,4.7357,4.8825,4.7758,4.217,4.3275,4.5452,4.5079,4.8825,0.2402,1.0846,0.2267,HIGH
VM_025,1378705500,5.9,4.5924,4.6488,4.6604,4.4667,4.9276,5.1402,4.7688,5.3832,0.29,0.6878,0.1967,HIGH
VM_025,1378705800,4.0,4.2755,4.2919,4.2592,4.2662,4.8431,4.9616,4.5514,5.2433,0.3579,0.6899,0.2195,HIGH
VM_025,1378706100,4.1,4.3915,4.2669,4.184,4.757,5.0571,4.4676,4.6832,5.1595,0.3431,0.6899,0.2039,HIGH
VM_025,1378706400,4.0667,4.1348,4.0371,3.987,4.5697,4.7438,4.2127,4.4293,4.7862,0.3013,0.6899,0.1831,HIGH
VM_025,1378706700,4.2333,4.2889,4.3329,4.3897,5.2998,4.9466,4.1812,4.7604,5.3128,0.4037,0.6916,0.2226,HIGH
VM_025,1378707000,4.0,4.2098,4.2685,4.2949,4.9834,4.7089,4.1145,4.5835,5.0152,0.3096,0.6971,0.196,HIGH
VM_025,1378707300,4.2,4.3327,4.6679,4.7855,5.0431,4.597,4.2008,4.695,5.129,0.2669,0.7003,0.1996,HIGH
VM_025,1378707600,4.0,4.1515,4.4018,4.4693,4.6814,4.3249,3.9538,4.4035,4.7593,0.217,0.7032,0.1855,HIGH
VM_025,1378707900,4.2,4.6017,5.0213,5.1649,4.5915,4.2972,4.3808,4.6571,5.1713,0.3132,0.6871,0.1915,HIGH
VM_025,1378708200,4.0667,4.487,4.7851,4.8901,4.3398,4.1376,4.274,4.4475,4.8901,0.2676,0.6751,0.1794,HIGH
VM_025,1378708500,4.3333,4.7558,4.938,4.9226,4.2089,4.3381,4.7701,4.5802,4.938,0.2857,0.6597,0.178,HIGH
VM_025,1378708800,4.0,4.5701,4.6233,4.4991,4.0445,4.2241,4.3865,4.3412,4.6233,0.2089,0.6597,0.1566,MEDIUM
VM_025,1378709100,5.7,4.3934,4.4219,4.3868,4.2297,4.6591,4.8179,4.5189,5.0807,0.262,0.6442,0.1833,HIGH
VM_025,1378709400,4.0,4.1778,4.2343,4.1847,4.0621,4.5581,4.772,4.3719,5.0423,0.3153,0.6442,0.2012,HIGH
VM_025,1378709700,4.2,4.2445,4.1419,4.0416,4.5472,4.9671,4.5858,4.564,5.0206,0.3647,0.6442,0.1984,HIGH
VM_025,1378710000,4.0333,3.9732,3.9621,3.9136,4.3702,4.6514,4.2884,4.3308,4.7308,0.2982,0.6442,0.1793,HIGH
VM_025,1378710300,4.1667,4.1421,4.2716,4.318,5.0659,4.8444,4.183,4.6462,5.1101,0.3474,0.6442,0.1971,HIGH
VM_025,1378710600,4.1,4.1257,4.1985,4.1971,4.8023,4.5969,3.9463,4.4655,4.8738,0.2958,0.6419,0.1921,HIGH
VM_025,1378710900,4.1,4.1563,4.4371,4.5343,4.8021,4.4744,4.0511,4.5105,4.9074,0.2347,0.6435,0.1838,HIGH
VM_025,1378711200,4.0,4.1713,4.3733,4.4148,4.7354,4.3967,3.9533,4.428,4.8068,0.223,0.6435,0.1835,HIGH
VM_025,1378711500,4.2,4.6317,4.9069,4.9596,4.6102,4.3447,4.2062,4.6132,5.0134,0.2576,0.5958,0.1719,MEDIUM
VM_025,1378711800,4.0667,4.5495,4.7918,4.8492,4.5509,4.3094,4.2067,4.5336,4.8722,0.2259,0.4897,0.1416,MEDIUM
VM_025,1378712100,4.3,4.6859,4.8451,4.8459,4.4251,4.4787,4.7165,4.6294,4.8905,0.1798,0.4892,0.1291,MEDIUM
VM_025,1378712400,4.0,4.5442,4.6502,4.5519,4.2382,4.3313,4.3751,4.4238,4.6502,0.1466,0.4892,0.1188,MEDIUM
VM_025,1378712700,5.7333,4.3184,4.3863,4.3736,4.2438,4.6848,4.8292,4.512,5.0581,0.2612,0.4653,0.156,MEDIUM
VM_025,1378713000,4.0,4.1565,4.2574,4.2157,4.0233,4.5338,4.817,4.3629,5.0418,0.3197,0.4653,0.1802,HIGH
VM_025,1378713300,4.2,4.2831,4.244,4.146,4.4813,4.8688,4.5116,4.5484,4.9461,0.2888,0.4645,0.1542,MEDIUM
VM_025,1378713600,4.0333,4.0842,4.0482,3.9866,4.3191,4.7054,4.4385,4.382,4.8256,0.2943,0.4651,0.1589,MEDIUM
VM_025,1378713900,4.2667,4.2501,4.3376,4.3617,4.9431,4.8871,4.4079,4.6773,5.0558,0.2784,0.4651,0.155,MEDIUM
VM_025,1378714200,4.0,4.1956,4.217,4.2228,4.7823,4.7465,4.1703,4.5436,4.9582,0.2786,0.4651,0.1529,MEDIUM
VM_025,1378714500,4.2,4.2998,4.5008,4.6113,4.8523,4.6047,4.246,4.6147,4.9727,0.1993,0.4651,0.1456,MEDIUM
VM_025,1378714800,4.0,4.1939,4.3356,4.4143,4.7731,4.445,4.0104,4.4536,4.8275,0.2194,0.4651,0.1563,MEDIUM
VM_025,1378715100,4.2,4.6518,4.8623,4.9408,4.7001,4.4391,4.271,4.6667,5.0102,0.2253,0.4651,0.1471,MEDIUM
VM_025,1378715400,4.1,4.4623,4.6771,4.775,4.5056,4.2966,4.2268,4.4957,4.8153,0.1996,0.4646,0.1292,MEDIUM
VM_025,1378715700,4.3667,4.6587,4.8099,4.8314,4.3868,4.5535,4.8669,4.6514,5.0592,0.2107,0.4649,0.1468,MEDIUM
VM_025,1378716000,4.0,4.5268,4.6321,4.5715,4.1742,4.3937,4.4946,4.4427,4.7769,0.1759,0.4649,0.1334,MEDIUM
VM_025,1378716300,6.6333,4.484,4.4508,4.3947,4.2988,4.8317,4.8771,4.6032,5.1874,0.2836,0.6085,0.1832,HIGH
VM_025,1378716600,4.0,4.2981,4.3381,4.3034,4.1068,4.7157,4.9681,4.4922,5.2541,0.3593,0.6085,0.2138,HIGH
VM_025,1378716900,4.2,4.4942,4.3929,4.3038,4.6588,5.0212,4.5182,4.7028,5.1155,0.2871,0.6085,0.1741,MEDIUM
VM_025,1378717200,4.0333,4.24,4.1181,4.0171,4.4273,4.7874,4.3403,4.4484,4.8391,0.2837,0.6085,0.1753,HIGH
VM_025,1378717500,4.3,4.4477,4.3839,4.3405,5.1437,4.9681,4.1947,4.7381,5.2341,0.3495,0.6079,0.2009,HIGH
VM_025,1378717800,4.0,4.2975,4.2073,4.1895,4.8977,4.7528,4.0827,4.5683,5.1011,0.3295,0.6096,0.1987,HIGH
VM_025,1378718100,4.1667,4.349,4.5991,4.7329,4.8916,4.5509,4.2612,4.6455,5.044,0.2171,0.6089,0.1707,MEDIUM
VM_025,1378718400,4.0,4.2297,4.429,4.5328,4.8377,4.407,4.0019,4.4873,4.9208,0.2496,0.6089,0.1868,HIGH
VM_025,1378718700,4.1667,4.5982,4.8937,4.9607,4.5876,4.3186,4.2049,4.5877,5.0127,0.2712,0.6091,0.1737,MEDIUM
VM_025,1378719000,4.0667,4.436,4.7841,4.9364,4.4422,4.1904,4.2248,4.4848,4.9433,0.2809,0.6091,0.1693,MEDIUM
VM_025,1378719300,4.3,4.6507,4.8094,4.7959,4.2571,4.468,4.7961,4.5837,4.9665,0.2283,0.6091,0.1666,MEDIUM
VM_025,1378719600,4.0,4.5555,4.6619,4.5919,4.0687,4.3065,4.4634,4.3977,4.7004,0.2072,0.6091,0.1533,MEDIUM
VM_025,1378719900,5.8,4.3526,4.3808,4.3522,4.1806,4.697,4.8115,4.5007,5.0912,0.2742,0.6161,0.1868,HIGH
VM_025,1378720200,4.0,4.2361,4.2275,4.1898,4.0085,4.5935,4.8126,4.379,5.0866,0.3341,0.6161,0.2066,HIGH
VM_025,1378720500,4.2,4.2859,4.2564,4.203,4.4805,4.8739,4.4909,4.5573,4.9475,0.2758,0.6161,0.1672,MEDIUM
VM_025,1378720800,4.0333,4.1328,4.0555,3.9816,4.3316,4.6998,4.3723,4.3757,4.7816,0.2773,0.6161,0.1737,MEDIUM
VM_025,1378721100,4.2333,4.2948,4.3159,4.3092,4.8728,4.7891,4.1828,4.597,5.0058,0.2756,0.6162,0.1764,HIGH
VM_025,1378721400,4.0,4.2042,4.1654,4.1555,4.7253,4.667,4.0389,4.4712,4.9565,0.2886,0.6162,0.1876,HIGH
VM_025,1378721700,4.2,4.3768,4.4977,4.5783,4.7579,4.5319,4.1561,4.5561,4.8565,0.1749,0.6162,0.1619,MEDIUM
VM_025,1378722000,4.0,4.2227,4.3069,4.37,4.6577,4.361,3.9566,4.3854,4.7091,0.1962,0.6162,0.1681,MEDIUM
VM_025,1378722300,4.2,4.6263,4.8042,4.872,4.4769,4.2409,4.163,4.5072,4.872,0.2466,0.6162,0.1629,MEDIUM
VM_025,1378722600,4.0667,4.4426,4.6693,4.7849,4.2906,4.0704,4.1039,4.3553,4.7849,0.2601,0.6167,0.1636,MEDIUM
VM_025,1378722900,4.3333,4.5668,4.6491,4.6557,4.1486,4.303,4.5613,4.4257,4.7306,0.2031,0.6166,0.1535,MEDIUM
VM_025,1378723200,4.0,4.5218,4.6207,4.6181,4.0311,4.1363,4.3445,4.3185,4.6207,0.2247,0.6166,0.1539,MEDIUM
VM_025,1378723500,5.6,4.3617,4.3846,4.3828,4.0838,4.5239,4.7262,4.4176,4.9414,0.2409,0.4626,0.1608,MEDIUM
VM_025,1378723800,4.0,4.2805,4.2603,4.2245,3.9968,4.5764,4.8807,4.384,5.1022,0.3457,0.4626,0.1901,HIGH
VM_025,1378724100,4.2,4.2624,4.222,4.1294,4.413,4.7593,4.4187,4.4747,4.8279,0.2519,0.4626,0.142,MEDIUM
VM_025,1378724400,4.0333,4.0976,3.9848,3.8935,4.2203,4.6166,4.3391,4.2926,4.7201,0.2853,0.4626,0.1579,MEDIUM
VM_025,1378724700,4.2667,4.1809,4.2124,4.2094,4.7033,4.6459,4.1065,4.4731,4.8599,0.2512,0.4625,0.1484,MEDIUM
VM_025,1378725000,4.0,4.0676,4.0384,4.0442,4.5443,4.4872,3.9139,4.3209,4.7836,0.268,0.4625,0.1622,MEDIUM
VM_025,1378725300,4.1667,4.3287,4.451,4.5346,4.6907,4.384,4.0426,4.4626,4.7743,0.1893,0.4625,0.1459,MEDIUM
VM_025,1378725600,4.0,4.2167,4.3415,4.4354,4.6388,4.2851,3.9678,4.372,4.6884,0.1967,0.4625,0.1446,MEDIUM
VM_025,1378725900,4.1333,4.5599,4.7816,4.8766,4.4658,4.1755,4.1228,4.4693,4.8766,0.2639,0.4628,0.1485,MEDIUM
VM_025,1378726200,4.5667,4.5484,4.7686,4.9003,4.3607,4.1325,4.2122,4.4364,4.9003,0.2659,0.4657,0.1506,MEDIUM
VM_025,1378726500,4.4667,4.6692,4.7509,4.76,4.1998,4.3931,4.7428,4.5181,4.9143,0.2402,0.4675,0.1502,MEDIUM
VM_025,1378726800,4.2,4.5956,4.6187,4.5524,3.999,4.2592,4.4795,4.3581,4.7083,0.2295,0.4643,0.1435,MEDIUM
VM_025,1378727100,6.9333,4.6206,4.4789,4.3518,4.1624,4.7562,4.9286,4.5483,5.1831,0.3182,0.6473,0.2038,HIGH
VM_025,1378727400,4.0,4.271,4.1612,4.0835,3.9814,4.6372,4.8106,4.3573,5.0955,0.3724,0.6473,0.227,HIGH
VM_025,1378727700,4.1333,4.306,4.168,4.1045,4.3899,4.8094,4.5086,4.4869,4.9223,0.2928,0.648,0.1861,HIGH
VM_025,1378728000,4.0667,4.1235,3.9621,3.8692,4.2686,4.6217,4.3424,4.2977,4.7001,0.2936,0.6473,0.1822,HIGH
VM_025,1378728300,4.3,4.2292,4.1828,4.18,4.798,4.7155,4.1044,4.5035,4.9757,0.2915,0.6471,0.1861,HIGH
VM_025,1378728600,4.4667,4.1502,4.1493,4.1635,4.6325,4.551,4.0468,4.4034,4.8362,0.245,0.6438,0.176,HIGH
VM_025,1378728900,4.2,4.3482,4.5173,4.6392,4.7222,4.3747,4.059,4.4947,4.8029,0.2031,0.6438,0.1706,MEDIUM
VM_025,1378729200,4.0,4.2693,4.4524,4.5721,4.6244,4.2779,4.0344,4.4107,4.6948,0.1874,0.6438,0.1607,MEDIUM
VM_025,1378729500,4.2,4.6038,4.9028,5.0576,4.478,4.2181,4.2827,4.5495,5.0576,0.2857,0.6438,0.1819,HIGH
VM_025,1378729800,4.1333,4.5868,4.7426,4.8489,4.3208,4.181,4.2725,4.4424,4.8489,0.231,0.6427,0.1617,MEDIUM
VM_025,1378730100,4.3667,4.7228,4.7614,4.7688,4.1573,4.4248,4.7752,4.5336,4.9517,0.2577,0.6427,0.1779,HIGH
VM_025,1378730400,4.0,4.5941,4.5388,4.4457,4.0399,4.3283,4.4214,4.3533,4.6741,0.1921,0.6427,0.1575,MEDIUM
VM_025,1378730700,7.8,4.7579,4.5191,4.3791,4.1915,4.8282,5.0543,4.6056,5.2711,0.3527,0.9239,0.247,HIGH
VM_025,1378731000,4.0333,4.2861,4.1838,4.1271,4.0392,4.6444,4.8952,4.3875,5.107,0.3696,0.9232,0.2602,HIGH
VM_025,1378731300,4.1667,4.4081,4.2334,4.165,4.4975,4.9059,4.6391,4.5725,4.9957,0.3071,0.9236,0.2248,HIGH
VM_025,1378731600,4.0333,4.1812,4.0507,3.9898,4.301,4.6683,4.4931,4.3636,4.7858,0.2875,0.9236,0.2198,HIGH
VM_025,1378731900,4.2667,4.3045,4.3329,4.3975,4.9316,4.809,4.2522,4.6389,5.1016,0.28,0.9236,0.219,HIGH
VM_025,1378732200,4.0,4.161,4.2091,4.2492,4.5866,4.5926,4.1896,4.4455,4.8237,0.2123,0.9236,0.1969,HIGH
VM_025,1378732500,4.2,4.4136,4.6168,4.7434,4.8032,4.5245,4.2101,4.6121,4.8816,0.1811,0.9232,0.1979,HIGH
VM_025,1378732800,4.0,4.296,4.4299,4.5007,4.5823,4.4038,4.1749,4.4484,4.6361,0.118,0.9232,0.173,MEDIUM
VM_025,1378733100,4.2,4.649,4.9006,5.0108,4.48,4.2778,4.2329,4.5696,5.0108,0.264,0.9223,0.2104,HIGH
VM_025,1378733400,4.1333,4.5034,4.6069,4.6752,4.3387,4.1939,4.1671,4.3919,4.6752,0.177,0.9241,0.1787,HIGH
VM_025,1378733700,5.3,4.8214,4.8276,4.8102,4.257,4.4789,4.7853,4.5922,4.9567,0.2346,0.9411,0.2067,HIGH
VM_025,1378734000,4.0,4.5192,4.5363,4.5025,4.1387,4.2564,4.3765,4.3485,4.5902,0.1522,0.9444,0.178,HIGH
VM_025,1378734300,6.1333,4.7253,4.6084,4.5566,4.2231,4.8225,5.3101,4.6727,5.4247,0.3878,0.8639,0.253,HIGH
VM_025,1378734600,4.0,4.3705,4.3373,4.3035,4.0299,4.6516,5.1212,4.4671,5.3243,0.4162,0.8639,0.2639,HIGH
VM_025,1378734900,4.1667,4.4574,4.2834,4.137,4.5184,5.0521,4.7034,4.6444,5.1322,0.3549,0.8634,0.2285,HIGH
VM_025,1378735200,4.5667,4.2916,4.1026,3.95,4.354,4.8033,4.4487,4.4333,4.8859,0.3189,0.8604,0.2211,HIGH
VM_025,1378735500,4.4333,4.319,4.2874,4.2943,4.924,4.8968,4.1979,4.645,5.2246,0.332,0.8599,0.2318,HIGH
VM_025,1378735800,4.0,4.2702,4.2377,4.2464,4.6815,4.6362,4.0758,4.4855,4.9684,0.2578,0.8648,0.2165,HIGH
VM_025,1378736100,4.2,4.5812,4.7365,4.8568,4.977,4.5866,4.2542,4.7079,5.0072,0.2082,0.8648,0.2,HIGH
VM_025,1378736400,5.2667,4.5254,4.5808,4.6204,4.7894,4.4396,4.1062,4.5375,4.7894,0.1786,0.8759,0.1932,HIGH
VM_025,1378736700,5.1667,4.9095,5.1473,5.2838,4.7057,4.3672,4.3394,4.7448,5.2838,0.3201,0.8845,0.2252,HIGH
VM_025,1378737000,4.6,4.74,4.9382,5.0753,4.5545,4.2687,4.353,4.5985,5.0753,0.2645,0.8807,0.2084,HIGH
VM_025,1378737300,5.7667,5.1471,5.0906,5.0213,4.4513,4.5918,4.9029,4.7604,5.1471,0.2611,0.9142,0.2079,HIGH
VM_025,1378737600,4.0,4.8297,4.7705,4.6925,4.323,4.4637,4.5577,4.5422,4.8297,0.1759,0.9142,0.18,HIGH
VM_025,1378737900,7.3333,5.0381,4.8023,4.6643,4.4573,5.0174,5.3544,4.8402,5.4779,0.3617,0.8456,0.2389,HIGH
VM_025,1378738200,4.0,4.5741,4.4492,4.3729,4.1648,4.7442,5.1668,4.5607,5.3313,0.3951,0.8466,0.2578,HIGH
VM_025,1378738500,4.2,4.6249,4.4147,4.272,4.603,5.09,4.9007,4.7289,5.2331,0.3523,0.8459,0.2348,HIGH
VM_025,1378738800,4.0333,4.3409,4.1727,4.0664,4.4034,4.8141,4.5958,4.4891,4.9489,0.3114,0.8459,0.2174,HIGH
VM_025,1378739100,4.2667,4.3657,4.3596,4.3872,5.0016,4.9409,4.3029,4.7103,5.2662,0.3195,0.8459,0.2225,HIGH
VM_025,1378739400,4.0,4.2263,4.2692,4.3388,4.7461,4.6567,4.1627,4.5346,4.9988,0.252,0.8459,0.2074,HIGH
VM_025,1378739700,4.9,4.646,4.8222,4.9543,4.998,4.5814,4.3317,4.7548,5.0329,0.2027,0.8442,0.1913,HIGH
VM_025,1378740000,5.3667,4.5794,4.6689,4.7174,4.8273,4.4561,4.2048,4.5943,4.8273,0.1661,0.8473,0.1824,HIGH
VM_025,1378740300,4.2,4.8437,5.0986,5.2344,4.6662,4.3472,4.3621,4.7145,5.2344,0.3043,0.8473,0.2137,HIGH
VM_025,1378740600,4.1667,4.7533,4.9301,5.0387,4.4387,4.2634,4.428,4.5798,5.0387,0.257,0.8464,0.2003,HIGH
VM_025,1378740900,5.2,5.1072,5.152,5.1481,4.3492,4.6357,5.2344,4.8313,5.3845,0.356,0.8434,0.2348,HIGH
VM_025,1378741200,5.7333,5.0956,4.9463,4.7642,4.3228,4.6638,4.8457,4.6969,5.103,0.2708,0.8581,0.2024,HIGH
VM_025,1378741500,7.7,5.1315,4.793,4.5962,4.6092,5.3328,5.4405,4.9894,5.6975,0.4141,1.0142,0.2765,HIGH
VM_025,1378741800,4.0667,4.5619,4.3934,4.3169,4.2555,4.9806,5.1856,4.6519,5.4728,0.4328,1.012,0.2955,HIGH
VM_025,1378742100,4.2,4.6485,4.435,4.3241,4.6864,5.2049,4.8598,4.8134,5.3103,0.3694,1.0111,0.2554,HIGH
VM_025,1378742400,4.0333,4.5015,4.3178,4.2303,4.625,4.9619,4.6512,4.6532,5.0704,0.2991,1.0225,0.2327,HIGH
VM_025,1378742700,4.9667,4.5013,4.5212,4.5397,5.1547,4.9507,4.2779,4.7933,5.2978,0.3067,1.0203,0.2515,HIGH
VM_025,1378743000,4.1667,4.2033,4.2467,4.3096,4.8023,4.6689,4.0264,4.5247,5.0568,0.2994,1.0151,0.2521,HIGH
VM_025,1378743300,4.2,4.4715,4.7075,4.8687,4.9402,4.5018,4.0824,4.657,5.0055,0.2659,1.0151,0.2394,HIGH
VM_025,1378743600,4.0,4.3534,4.5544,4.6713,4.7699,4.4087,4.1227,4.5329,4.7882,0.1905,1.0234,0.21,HIGH
VM_025,1378743900,4.2,4.7558,5.0316,5.1731,4.5031,4.1984,4.2747,4.6063,5.1731,0.3253,1.0258,0.2469,HIGH
VM_025,1378744200,4.6,4.7414,4.8913,4.9809,4.3333,4.1172,4.2458,4.4768,4.9809,0.2938,1.0258,0.2338,HIGH
VM_025,1378744500,8.5667,5.4841,5.2625,5.0125,4.3645,4.6434,5.1265,4.8182,5.4841,0.3776,1.2781,0.2999,HIGH
VM_025,1378744800,4.1,4.9083,4.8527,4.7132,4.1285,4.3408,4.6744,4.499,4.9083,0.2757,1.2754,0.2559,HIGH
VM_025,1378745100,5.7333,4.8947,4.719,4.5917,4.3719,4.9633,5.4942,4.7989,5.5642,0.4286,1.1776,0.3019,HIGH
VM_025,1378745400,4.0,4.4658,4.2925,4.1595,4.1363,4.8074,5.2021,4.5224,5.3409,0.4572,1.1776,0.3183,HIGH
VM_025,1378745700,4.2,4.4923,4.2773,4.1313,4.6535,5.1974,4.8528,4.7385,5.2883,0.4308,1.1776,0.291,HIGH
VM_025,1378746000,4.0333,4.1576,4.0513,3.9555,4.3836,4.7744,4.4749,4.4228,4.889,0.3393,1.1776,0.2627,HIGH
VM_025,1378746300,4.2667,4.3699,4.4321,4.4911,5.0619,4.8817,4.2293,4.7281,5.2512,0.3146,1.1776,0.272,HIGH
VM_025,1378746600,4.0,4.1919,4.2679,4.3356,4.7566,4.6023,4.0872,4.5013,4.9232,0.252,1.1776,0.25,HIGH
VM_025,1378746900,4.2,4.48,4.6981,4.8335,4.9313,4.4815,4.1161,4.6434,4.9714,0.2482,1.183,0.253,HIGH
VM_025,1378747200,4.0,4.2549,4.4075,4.4882,4.6163,4.2996,3.9659,4.3926,4.6307,0.1827,1.1847,0.2307,HIGH
VM_025,1378747500,4.1667,4.5991,4.8855,5.0197,4.4445,4.155,4.1709,4.519,5.0197,0.2953,1.1853,0.2544,HIGH
VM_025,1378747800,4.0667,4.4813,4.6425,4.73,4.2681,4.0479,4.0763,4.3375,4.73,0.231,1.1874,0.2331,HIGH
VM_025,1378748100,5.5667,4.9542,4.8882,4.7867,4.196,4.4079,4.8161,4.5722,4.9542,0.2832,1.1967,0.2434,HIGH
VM_025,1378748400,4.0,4.5599,4.5038,4.379,4.009,4.1583,4.3488,4.2705,4.5599,0.1892,1.1837,0.2171,HIGH
VM_025,1378748700,7.6333,4.9718,4.7285,4.5483,4.26,4.984,5.5779,4.7945,5.6772,0.4934,1.1763,0.3245,HIGH
VM_025,1378749000,4.0,4.3907,4.229,4.1129,3.9213,4.6639,5.2466,4.4178,5.3678,0.5079,1.1777,0.3332,HIGH
VM_025,1378749300,4.1667,4.6112,4.3936,4.2361,4.6369,5.2522,5.036,4.8122,5.4364,0.4297,1.1783,0.2974,HIGH
VM_025,1378749600,4.0333,4.1474,3.9937,3.8461,4.2563,4.7755,4.4735,4.3675,4.9371,0.3723,1.1783,0.2802,HIGH
VM_025,1378749900,4.2,4.3019,4.3249,4.3475,5.0129,4.9488,4.1414,4.6954,5.3034,0.365,1.1788,0.2887,HIGH
VM_025,1378750200,4.0667,4.0578,4.1119,4.1454,4.6284,4.5324,3.9084,4.3846,4.913,0.2967,1.1806,0.2703,HIGH
VM_025,1378750500,4.1333,4.4121,4.6341,4.8022,4.9454,4.4094,3.9464,4.5914,4.9997,0.3112,1.1816,0.2762,HIGH
VM_025,1378750800,4.0667,4.247,4.3741,4.4557,4.6042,4.1641,3.8485,4.3226,4.6042,0.2189,1.1802,0.2408,HIGH
VM_025,1378751100,4.1333,4.6593,4.9575,5.1269,4.4715,4.0507,4.075,4.511,5.1269,0.374,1.1813,0.2789,HIGH
VM_025,1378751400,4.1333,4.5185,4.692,4.8193,4.2048,3.8975,4.0306,4.2916,4.8193,0.3106,1.1848,0.2611,HIGH
VM_025,1378751700,4.2,4.8158,4.8279,4.7773,4.0183,4.2444,4.7601,4.472,4.8566,0.3179,0.8229,0.2047,HIGH
VM_025,1378752000,4.0333,4.5226,4.5074,4.3897,3.8711,4.1127,4.3695,4.2365,4.5584,0.236,0.824,0.187,HIGH
VM_025,1378752300,5.7667,4.5891,4.3975,4.2254,3.9771,4.6714,5.0369,4.4775,5.2171,0.4072,0.8264,0.2527,HIGH
VM_025,1378752600,4.0667,4.2132,4.0408,3.9365,3.7664,4.5229,4.9967,4.2633,5.1889,0.4849,0.8252,0.2822,HIGH
VM_025,1378752900,4.1333,4.275,4.0961,3.9358,4.32,4.921,4.7528,4.505,5.1195,0.4176,0.8259,0.2478,HIGH
VM_025,1378753200,4.1,4.0865,3.8795,3.7504,4.181,4.6859,4.3714,4.2779,4.8194,0.363,0.8249,0.2323,HIGH
VM_025,1378753500,4.2,4.1173,4.1536,4.1476,4.8024,4.7324,4.0841,4.4999,5.048,0.3321,0.8254,0.2199,HIGH
VM_025,1378753800,4.0667,3.9932,4.0561,4.1192,4.646,4.5073,3.8821,4.3608,4.9185,0.3179,0.8241,0.2283,HIGH
VM_025,1378754100,4.1333,4.2722,4.4773,4.6021,4.7732,4.3051,3.8596,4.4442,4.7861,0.2753,0.8249,0.2154,HIGH
VM_025,1378754400,4.0667,4.1724,4.3171,4.4099,4.6193,4.1411,3.6759,4.2714,4.6193,0.2713,0.8237,0.2173,HIGH
VM_025,1378754700,4.1333,4.4974,4.7153,4.8247,4.3751,4.0443,3.9718,4.3761,4.8247,0.2813,0.8241,0.2066,HIGH
VM_025,1378755000,4.1333,4.4754,4.6109,4.7241,4.1241,3.852,3.9485,4.2207,4.7241,0.2956,0.8231,0.2088,HIGH
VM_025,1378755300,4.2667,4.7812,4.6447,4.534,3.9181,4.2033,4.6538,4.3516,4.7812,0.2998,0.7836,0.2026,HIGH
VM_025,1378755600,4.0667,4.7126,4.5183,4.3296,3.8269,4.1099,4.3931,4.2157,4.7126,0.2742,0.7825,0.2052,HIGH
VM_025,1378755900,5.6,4.4855,4.2333,4.0663,3.9372,4.6291,5.056,4.3883,5.1582,0.4406,0.4478,0.21,HIGH
VM_025,1378756200,8.1667,4.7418,4.2708,3.9785,3.963,4.8695,5.4402,4.5083,5.4881,0.602,0.9137,0.3293,HIGH
VM_025,1378756500,5.2667,4.5989,4.2595,4.0565,4.543,5.1652,5.0662,4.6966,5.3334,0.4729,0.928,0.2845,HIGH
VM_025,1378756800,4.1667,4.4265,4.0723,3.8955,4.4888,5.0496,4.8298,4.5542,5.2168,0.4635,0.9257,0.2837,HIGH
VM_025,1378757100,4.1333,4.4115,4.3039,4.2927,4.9393,4.9743,4.4204,4.6884,5.1806,0.3264,0.9266,0.2294,HIGH
VM_025,1378757400,4.1333,4.3067,4.2288,4.2594,4.8901,4.8113,4.1585,4.5888,5.1544,0.3314,0.9254,0.2365,HIGH
VM_025,1378757700,4.0667,4.4716,4.5945,4.7549,4.9599,4.5289,4.0565,4.6318,4.9599,0.2588,0.9266,0.2258,HIGH
VM_025,1378758000,4.1333,4.3458,4.4768,4.6302,4.9291,4.3845,3.8149,4.4995,4.9291,0.3153,0.9254,0.2505,HIGH
VM_025,1378758300,4.0667,4.6249,4.8532,5.0735,4.6913,4.2405,4.076,4.5846,5.0735,0.3201,0.9266,0.2369,HIGH
VM_025,1378758600,4.2,4.6443,4.8891,5.1498,4.5946,4.0965,3.9985,4.5205,5.1498,0.3848,0.9257,0.255,HIGH
VM_025,1378758900,4.2,4.9115,4.8902,4.9582,4.2788,4.3427,4.7667,4.6012,4.9582,0.2709,0.9257,0.2057,HIGH
VM_025,1378759200,4.1333,4.81,4.7333,4.6815,4.1503,4.2412,4.4364,4.428,4.81,0.2291,0.9238,0.1967,HIGH
VM_025,1378759500,6.9333,4.8306,4.5758,4.4791,4.1491,4.7867,5.3023,4.6466,5.4027,0.4202,1.0204,0.2792,HIGH
VM_025,1378759800,4.9667,4.4969,4.2138,4.109,3.863,4.7172,5.2974,4.4374,5.372,0.5275,1.0194,0.3119,HIGH
VM_025,1378760100,4.0333,4.4605,4.2218,4.1046,4.4789,5.1274,4.9167,4.6689,5.2552,0.4252,1.0214,0.271,HIGH
VM_025,1378760400,5.4333,4.4224,4.0852,3.9564,4.3909,5.0412,4.853,4.5574,5.1992,0.4447,1.0317,0.2843,HIGH
VM_025,1378760700,8.7,5.0634,4.6834,4.5016,5.1592,5.2518,4.5508,4.9574,5.4411,0.3225,1.3217,0.2844,HIGH
VM_025,1378761000,4.3333,4.5676,4.47,4.4589,5.0062,4.9347,4.275,4.7328,5.2305,0.2933,1.3163,0.2819,HIGH
VM_025,1378761300,4.0,4.8835,4.9386,5.0187,5.2088,4.7556,4.1513,4.853,5.2088,0.2915,1.3196,0.2944,HIGH
VM_025,1378761600,4.2,4.6984,4.7804,4.8681,5.2479,4.7773,4.0351,4.7976,5.2479,0.3283,1.3166,0.3124,HIGH
VM_025,1378761900,4.0,4.8555,5.1064,5.3162,4.9552,4.4629,4.0631,4.7875,5.3162,0.3837,1.3199,0.3176,HIGH
VM_025,1378762200,4.2667,4.7712,5.0046,5.2437,4.804,4.2966,4.0395,4.6624,5.2437,0.377,1.3172,0.3115,HIGH
VM_025,1378762500,4.1333,4.9273,4.9448,5.039,4.4694,4.486,4.7534,4.701,5.039,0.2156,1.3199,0.2439,HIGH
VM_025,1378762800,4.2,4.8508,4.8926,4.9212,4.357,4.336,4.4911,4.5697,4.9212,0.2335,1.3169,0.2452,HIGH
VM_025,1378763100,5.7667,4.7482,4.7154,4.7579,4.2744,4.7827,5.2707,4.7364,5.4184,0.3426,1.3217,0.3049,HIGH
VM_025,1378763400,4.2,4.4698,4.3835,4.4222,4.0193,4.7864,5.3424,4.5784,5.5057,0.4641,1.1169,0.3191,HIGH
VM_025,1378763700,4.0,4.359,4.2307,4.1747,4.5523,5.2366,4.9843,4.7465,5.3727,0.4401,1.1165,0.285,HIGH
VM_025,1378764000,4.2333,4.1776,3.9778,3.9334,4.4503,5.0881,4.6613,4.5478,5.1709,0.4419,1.1155,0.2895,HIGH
VM_025,1378764300,4.0667,4.183,4.1761,4.2374,4.9752,4.9352,4.067,4.6271,5.2878,0.4027,1.1168,0.2877,HIGH
VM_025,1378764600,4.1,4.0974,4.1228,4.2558,4.8422,4.6906,4.0136,4.5116,5.1196,0.353,1.1174,0.2742,HIGH
VM_025,1378764900,4.0,4.4052,4.5536,4.7172,4.9885,4.4575,3.9708,4.5769,4.9885,0.2936,1.1189,0.2639,HIGH
VM_025,1378765200,4.2,4.3221,4.4814,4.6312,4.9509,4.3761,3.8956,4.4951,4.9509,0.2941,1.1178,0.2682,HIGH
VM_025,1378765500,4.0,4.6428,4.9541,5.1465,4.6736,4.225,4.0986,4.5884,5.1465,0.3394,1.1192,0.2676,HIGH
VM_025,1378765800,4.7333,4.7824,5.0267,5.2233,4.5766,4.1738,4.2009,4.5924,5.2233,0.3583,1.1163,0.2674,HIGH
VM_025,1378766100,7.1667,5.4267,5.2199,5.1192,4.431,4.6774,5.1264,4.8517,5.4267,0.3388,1.2268,0.2752,HIGH
VM_025,1378766400,4.2,5.134,5.0236,4.9312,4.3748,4.5431,4.687,4.6795,5.134,0.2476,1.2254,0.247,HIGH
VM_025,1378766700,6.8333,5.1006,4.7753,4.6477,4.4786,5.1039,5.3939,4.871,5.5472,0.3929,1.2178,0.2978,HIGH
VM_025,1378767000,4.2,4.684,4.4314,4.3452,4.2069,4.9312,5.2265,4.6308,5.4008,0.4229,1.2217,0.3129,HIGH
VM_025,1378767300,4.0,4.6078,4.3344,4.229,4.7609,5.3751,4.9934,4.8476,5.3893,0.442,1.2225,0.296,HIGH
VM_025,1378767600,5.9333,4.5456,4.2474,4.1563,4.728,5.2457,4.884,4.7512,5.3124,0.4175,1.2396,0.2973,HIGH
VM_025,1378767900,8.5667,5.1347,4.7704,4.6542,5.5119,5.4457,4.6657,5.1432,5.7495,0.3756,1.2211,0.2862,HIGH
VM_025,1378768200,4.8667,4.7077,4.621,4.6365,5.3414,5.1764,4.4451,4.9531,5.5152,0.3423,1.2186,0.2829,HIGH
VM_025,1378768500,4.0,4.9211,5.0985,5.2878,5.6131,5.0028,4.4066,5.1136,5.6131,0.3331,1.2186,0.2991,HIGH
VM_025,1378768800,4.2,4.6777,4.8275,4.9675,5.3617,4.8202,4.2284,4.8836,5.3617,0.3053,1.2186,0.2904,HIGH
VM_025,1378769100,7.4667,5.6787,5.6282,5.6676,5.3139,4.9111,4.6894,5.2427,5.6787,0.3282,1.3271,0.2873,HIGH
VM_025,1378769400,4.3,5.0313,5.217,5.4598,4.9466,4.5643,4.5308,4.9116,5.4598,0.3018,1.3265,0.2801,HIGH
VM_025,1378769700,4.2,5.3592,5.3432,5.3864,4.7093,4.8623,5.2659,5.0611,5.3864,0.2694,1.3249,0.253,HIGH
VM_025,1378770000,4.2,5.1862,5.1454,5.1306,4.6676,4.7685,4.8592,4.8989,5.1862,0.1912,1.3249,0.2345,HIGH
VM_025,1378770300,7.1667,5.2633,5.0674,5.0368,4.8118,5.3044,5.5274,5.1601,5.6878,0.2937,1.3941,0.2843,HIGH
VM_025,1378770600,5.7,4.8418,4.6411,4.6243,4.4119,5.1001,5.4511,4.8528,5.5848,0.4002,1.3925,0.3198,HIGH
VM_025,1378770900,4.3333,4.8335,4.6306,4.5349,5.0858,5.5159,5.0819,5.0778,5.5394,0.369,1.3836,0.2964,HIGH
VM_025,1378771200,9.0667,6.1278,5.4848,4.7903,5.0397,5.5602,5.5118,5.2534,6.1278,0.4485,1.5981,0.3658,HIGH
VM_025,1378771500,4.1,4.5649,4.7304,4.9264,5.3917,5.2628,4.7794,5.0998,5.5819,0.3054,1.597,0.3252,HIGH
VM_025,1378771800,4.1667,4.4056,4.491,4.5734,5.1688,5.3006,4.5143,4.9545,5.4784,0.3724,1.595,0.3316,HIGH
VM_025,1378772100,4.0,4.2795,4.6894,5.0162,5.2458,4.8658,4.2599,4.8786,5.3798,0.353,1.595,0.3371,HIGH
VM_025,1378772400,4.9667,4.422,4.5526,4.7096,5.1885,4.8095,3.9358,4.7715,5.2671,0.4006,1.5811,0.3603,HIGH
VM_025,1378772700,5.7667,5.0004,5.3085,5.448,4.9999,4.6201,4.2163,4.9379,5.4824,0.3812,1.5606,0.35,HIGH
VM_025,1378773000,6.2,5.2128,5.3499,5.4248,5.1063,4.4661,4.2316,4.8878,5.4248,0.4208,1.5646,0.3419,HIGH
VM_025,1378773300,5.2,5.3674,5.2997,5.2144,4.7969,4.7577,4.9762,4.9552,5.3674,0.2258,1.5188,0.2774,HIGH
VM_025,1378773600,4.1,5.1107,5.3104,5.3484,4.7026,4.5388,4.7376,4.8617,5.3484,0.284,1.5222,0.2912,HIGH
VM_025,1378773900,5.5333,4.7139,4.7763,4.7957,4.4142,4.9554,5.62,4.8505,5.62,0.4053,1.4885,0.3336,HIGH
VM_025,1378774200,4.1333,4.7751,4.6943,4.6505,4.1739,4.9716,5.5699,4.7875,5.67,0.4675,1.4906,0.3682,HIGH
VM_025,1378774500,4.0,4.423,4.3493,4.2708,4.7567,5.4128,5.0769,4.883,5.5013,0.4519,1.4906,0.3368,HIGH
VM_025,1378774800,4.2667,4.3182,4.1862,4.1461,4.6232,5.1883,4.8314,4.7089,5.3003,0.407,1.4966,0.3286,HIGH
VM_025,1378775100,4.2,4.3589,4.4988,4.6857,5.2426,5.2603,4.8515,4.9926,5.5225,0.3534,1.3233,0.3074,HIGH
VM_025,1378775400,4.1,4.2848,4.3539,4.4153,5.2044,5.1163,4.3789,4.8278,5.4719,0.3989,1.336,0.3118,HIGH
VM_025,1378775700,4.0,4.4569,4.6978,4.8486,5.3484,4.951,4.366,4.9056,5.3484,0.3017,1.336,0.2876,HIGH
VM_025,1378776000,4.1,4.268,4.5096,4.5926,5.3223,4.8104,4.0676,4.7421,5.3223,0.385,1.3386,0.3202,HIGH
VM_025,1378776300,4.0,4.5388,4.9036,5.15,5.0095,4.4548,4.1704,4.7599,5.2577,0.3424,1.2409,0.2878,HIGH
VM_025,1378776600,4.1667,4.5422,4.9615,5.195,4.8436,4.2626,4.1892,4.6543,5.195,0.3522,1.2437,0.2786,HIGH
VM_025,1378776900,4.0667,4.7596,4.9936,5.0443,4.5821,4.3689,4.5807,4.6578,5.0443,0.2283,1.2469,0.2414,HIGH
VM_025,1378777200,4.2,4.7466,4.9081,4.855,4.2518,4.2483,4.4713,4.503,4.9081,0.2475,1.2469,0.2451,HIGH
VM_025,1378777500,5.6667,4.5919,4.7731,4.8162,4.2635,4.6277,5.1424,4.6665,5.2071,0.2946,1.1583,0.2602,HIGH
VM_025,1378777800,4.2,4.6184,4.6438,4.5746,4.0311,4.6622,5.1173,4.5765,5.2701,0.3649,1.1452,0.2935,HIGH
VM_025,1378778100,4.6,4.56,4.5561,4.4192,4.5056,5.0179,4.8104,4.7209,5.1711,0.2695,1.1429,0.2404,HIGH
VM_025,1378778400,4.2333,4.1601,4.1519,4.1193,4.426,4.8698,4.6963,4.5164,5.0175,0.3345,0.6666,0.1936,HIGH
VM_025,1378778700,4.0667,4.2435,4.2809,4.2967,4.9141,4.9289,4.3041,4.6622,5.1938,0.3284,0.6675,0.1981,HIGH
VM_025,1378779000,4.1333,4.1443,4.1931,4.242,4.8543,4.7508,4.1647,4.5537,5.0643,0.3181,0.6683,0.1946,HIGH
VM_025,1378779300,4.0,4.2812,4.4972,4.5828,4.9461,4.4832,4.06,4.5535,4.9461,0.2515,0.6683,0.1905,HIGH
VM_025,1378779600,4.2,4.2858,4.496,4.5373,4.9196,4.4007,3.9495,4.5018,4.9196,0.2666,0.6631,0.1998,HIGH
VM_025,1378779900,4.0,4.5745,4.9376,5.0666,4.8209,4.3187,4.216,4.648,5.0929,0.2999,0.608,0.1817,HIGH
VM_025,1378780200,6.3667,4.8766,5.1267,5.1615,4.7737,4.3269,4.4113,4.7076,5.1615,0.2983,0.6301,0.1796,HIGH
VM_025,1378780500,4.0667,4.7693,5.0058,4.9876,4.3579,4.328,4.7268,4.606,5.0058,0.2683,0.6094,0.1715,MEDIUM
VM_025,1378780800,4.1667,5.0386,5.2613,5.2152,4.4857,4.401,4.7347,4.7458,5.2613,0.3194,0.6084,0.1925,HIGH
VM_025,1378781100,7.4667,4.9049,4.9012,4.8192,4.2763,4.7155,5.2164,4.7302,5.3571,0.3468,0.8511,0.237,HIGH
VM_025,1378781400,4.2,4.674,4.6684,4.607,4.1531,4.7917,5.2384,4.668,5.4276,0.3845,0.8502,0.2598,HIGH
VM_025,1378781700,4.0,4.4528,4.3479,4.2244,4.4463,5.0408,4.7565,4.6509,5.1873,0.3507,0.8502,0.2291,HIGH
VM_025,1378782000,4.2333,4.2789,4.083,3.9699,4.531,4.9183,4.4224,4.5042,5.0046,0.352,0.8505,0.2315,HIGH
VM_025,1378782300,4.0667,4.2816,4.2104,4.2631,5.0429,5.0324,4.4014,4.7209,5.3331,0.3862,0.8525,0.2422,HIGH
VM_025,1378782600,4.2,4.3037,4.3212,4.3012,5.0114,4.8315,4.2367,4.6641,5.2038,0.3268,0.8511,0.2236,HIGH
VM_025,1378782900,4.0,4.3527,4.5167,4.5969,5.0594,4.5824,4.1501,4.6335,5.0594,0.2588,0.8511,0.2167,HIGH
VM_025,1378783200,4.2,4.2615,4.5464,4.6303,4.8797,4.3977,4.0673,4.5287,4.8919,0.2429,0.8496,0.2065,HIGH
VM_025,1378783500,4.0,4.5601,4.9864,5.2217,4.6462,4.1805,4.2821,4.6164,5.2217,0.3574,0.8496,0.2322,HIGH
VM_025,1378783800,5.9667,4.8768,5.1018,5.1405,4.5031,4.2241,4.43,4.627,5.1405,0.329,0.9025,0.2293,HIGH
VM_025,1378784100,4.8333,4.8714,4.9795,4.8853,4.1743,4.2858,4.7409,4.5464,4.9795,0.3148,0.8996,0.2213,HIGH
VM_025,1378784400,4.1667,4.7755,4.8376,4.7055,4.0486,4.2737,4.7044,4.4596,4.8376,0.3029,0.9002,0.211,HIGH
VM_025,1378784700,7.5667,4.9548,4.9007,4.8071,4.204,4.7459,5.4378,4.7508,5.5194,0.4343,1.0707,0.293,HIGH
VM_025,1378785000,4.4,4.6913,4.6069,4.4891,4.1428,4.8719,5.439,4.6721,5.5688,0.4739,1.068,0.3058,HIGH
VM_025,1378785300,4.0,4.4689,4.3172,4.1611,4.5239,5.161,4.9045,4.7071,5.3325,0.4129,1.0758,0.2787,HIGH
VM_025,1378785600,4.2667,4.2978,4.0561,3.9164,4.4692,5.07,4.6774,4.5548,5.1611,0.4349,1.0753,0.2852,HIGH
VM_025,1378785900,4.1,4.3534,4.1884,4.1553,5.044,5.0387,4.2907,4.6927,5.3855,0.4157,1.0746,0.2834,HIGH
VM_025,1378786200,4.2,4.3164,4.231,4.2013,5.0259,4.907,4.2504,4.6541,5.2679,0.3648,1.0734,0.2639,HIGH
VM_025,1378786500,4.0,4.3829,4.5258,4.5662,5.0377,4.6248,4.2335,4.636,5.0377,0.2288,1.0734,0.2329,HIGH
VM_025,1378786800,4.1,4.2792,4.4754,4.5076,4.8161,4.3868,4.0236,4.4713,4.8161,0.2193,1.0752,0.2317,HIGH
VM_025,1378787100,4.0,4.6954,5.0877,5.2617,4.7125,4.2888,4.3736,4.7014,5.2641,0.3494,1.0752,0.2533,HIGH
VM_025,1378787400,4.1667,4.6155,5.0113,5.1657,4.486,4.1851,4.4232,4.5923,5.1657,0.3351,1.0105,0.2474,HIGH
VM_025,1378787700,4.8,4.9475,5.07,4.9804,4.2767,4.3658,4.7634,4.6312,5.07,0.2991,1.0075,0.2315,HIGH
VM_025,1378788000,5.3667,4.896,4.9043,4.7072,4.209,4.3538,4.6197,4.5225,4.9043,0.2588,1.0175,0.218,HIGH
VM_025,1378788300,5.7,4.6364,4.6223,4.5551,4.2239,4.7879,5.2184,4.654,5.3398,0.3532,0.8511,0.2412,HIGH
VM_025,1378788600,4.2,4.4576,4.4304,4.3342,4.0966,4.7785,5.2563,4.5556,5.3905,0.4347,0.8511,0.2641,HIGH
VM_025,1378788900,4.0,4.3508,4.2781,4.1315,4.4215,4.9827,4.7981,4.5924,5.1395,0.3585,0.8511,0.234,HIGH
VM_025,1378789200,4.5333,4.2626,4.1391,4.0188,4.4525,4.8703,4.6051,4.5019,4.9588,0.3338,0.8489,0.2201,HIGH
VM_025,1378789500,5.1333,4.4592,4.465,4.4486,5.0406,5.127,4.7027,4.8433,5.3271,0.3138,0.8512,0.2155,HIGH
VM_025,1378789800,4.2,4.4346,4.4683,4.4354,5.0208,4.9487,4.4306,4.756,5.2156,0.2784,0.8512,0.2021,HIGH
VM_025,1378790100,4.0,4.4597,4.6262,4.6804,4.9976,4.7723,4.4484,4.7343,4.9976,0.1641,0.8512,0.1742,MEDIUM
VM_025,1378790400,4.1667,4.4015,4.549,4.5922,4.9759,4.6862,4.3216,4.6726,4.9759,0.1914,0.8519,0.1867,HIGH
VM_025,1378790700,4.0,4.6925,4.9589,5.0783,4.814,4.4712,4.425,4.7459,5.123,0.2355,0.8519,0.1919,HIGH
VM_025,1378791000,4.4,4.6272,4.9322,4.9981,4.5685,4.3014,4.3691,4.6011,4.9981,0.2518,0.7993,0.185,HIGH
VM_025,1378791300,4.4333,4.779,4.9472,4.9062,4.4699,4.4146,4.5891,4.6237,4.9472,0.1996,0.7964,0.1735,MEDIUM
VM_025,1378791600,4.2,4.6673,4.7774,4.6577,4.2225,4.3277,4.5016,4.4655,4.7774,0.2003,0.7959,0.1761,HIGH
VM_025,1378791900,6.4333,4.6362,4.7141,4.6934,4.3381,4.7463,5.1174,4.6889,5.2508,0.2802,0.62,0.1875,HIGH
VM_025,1378792200,4.7333,4.5666,4.6281,4.5834,4.1595,4.7714,5.3816,4.6521,5.4873,0.4231,0.6226,0.2369,HIGH
VM_025,1378792500,4.0,4.49,4.4766,4.3394,4.4607,4.9976,4.8928,4.6883,5.2387,0.3137,0.6226,0.1961,HIGH
VM_025,1378792800,4.3333,4.3432,4.217,4.1039,4.4499,4.9186,4.6632,4.5572,5.047,0.3256,0.6218,0.1913,HIGH
VM_025,1378793100,4.0667,4.3941,4.3673,4.3497,5.0202,5.0301,4.489,4.759,5.2246,0.3162,0.6227,0.1834,HIGH
VM_025,1378793400,4.6,4.4529,4.397,4.3532,5.0569,4.9314,4.309,4.7402,5.2604,0.3183,0.6207,0.1922,HIGH
VM_025,1378793700,4.2,4.4381,4.5764,4.5715,4.9115,4.6325,4.3118,4.6411,4.9136,0.1678,0.6152,0.1501,MEDIUM
VM_025,1378794000,7.1,4.7779,4.9035,4.8582,5.1758,4.7386,4.3599,4.8387,5.1758,0.2094,0.8073,0.2001,HIGH
VM_025,1378794300,4.0,4.8053,5.1736,5.2652,4.9411,4.606,4.6643,4.8942,5.2652,0.2429,0.8073,0.1816,HIGH
VM_025,1378794600,4.6,4.986,5.2588,5.3229,4.9356,4.6649,4.7495,4.951,5.3229,0.2391,0.8016,0.1872,HIGH
VM_025,1378794900,4.7,4.9118,5.0868,5.0686,4.6128,4.6906,4.9507,4.8343,5.1265,0.2005,0.801,0.1735,MEDIUM
VM_025,1378795200,5.0667,5.068,5.0291,4.8752,4.6703,4.7957,4.7913,4.8425,5.068,0.1392,0.7913,0.1502,MEDIUM
VM_025,1378795500,5.7,4.6842,4.6981,4.6777,4.5117,4.9911,5.1981,4.8165,5.3956,0.2807,0.7913,0.2061,HIGH
VM_025,1378795800,4.2,4.6327,4.5859,4.5056,4.5739,5.0018,5.1766,4.7838,5.384,0.3069,0.7913,0.2203,HIGH
VM_025,1378796100,4.0,4.5545,4.4893,4.3831,4.7407,5.0703,4.8245,4.7716,5.152,0.2704,0.7913,0.1927,HIGH
VM_025,1378796400,4.2333,4.4317,4.381,4.2734,4.6715,4.9527,4.7594,4.6767,5.0532,0.2639,0.795,0.1942,HIGH
VM_025,1378796700,4.0667,4.3887,4.4266,4.4301,5.1166,5.0135,4.5398,4.7926,5.1996,0.2911,0.7939,0.1978,HIGH
VM_025,1378797000,4.2,4.3888,4.4513,4.4233,5.0083,4.8906,4.4371,4.7359,5.1508,0.2584,0.7939,0.192,HIGH
VM_025,1378797300,4.0,4.4299,4.6515,4.7098,4.9678,4.6667,4.4105,4.71,5.0027,0.1737,0.7939,0.1719,MEDIUM
VM_025,1378797600,4.2,4.4782,4.6754,4.6804,4.881,4.6203,4.3778,4.6773,4.9385,0.1492,0.7932,0.1681,MEDIUM
VM_025,1378797900,4.0,4.6784,4.9473,4.9953,4.6769,4.4093,4.4412,4.6742,5.0424,0.2291,0.7932,0.1767,HIGH
VM_025,1378798200,4.3,4.6908,4.8992,4.9167,4.5246,4.4075,4.5628,4.6303,4.9167,0.2034,0.7944,0.1728,MEDIUM
VM_025,1378798500,4.1333,4.7216,4.9402,4.9665,4.3816,4.5209,4.9966,4.6889,5.0893,0.2618,0.7988,0.1977,HIGH
VM_025,1378798800,4.2,4.7495,4.8483,4.73,4.3769,4.5989,4.7708,4.6455,4.9783,0.1824,0.7988,0.1764,HIGH
VM_025,1378799100,5.5,4.5772,4.6247,4.6139,4.4621,4.9474,5.1791,4.7698,5.378,0.2945,0.7218,0.201,HIGH
VM_025,1378799400,4.2,4.4434,4.4992,4.4876,4.4562,4.9381,5.1396,4.7149,5.3804,0.3214,0.7227,0.2125,HIGH
VM_025,1378799700,4.0,4.4278,4.3849,4.3291,4.7431,5.0738,4.7411,4.7535,5.1314,0.3018,0.7227,0.1876,HIGH
VM_025,1378800000,4.2333,4.3531,4.3277,4.2441,4.6284,4.9134,4.6116,4.626,4.9756,0.2579,0.7239,0.1794,HIGH
VM_025,1378800300,4.0667,4.3179,4.3578,4.3783,5.1294,4.9566,4.4172,4.7441,5.176,0.318,0.7239,0.1944,HIGH
VM_025,1378800600,4.2,4.311,4.4054,4.406,4.9618,4.7794,4.2701,4.6578,5.028,0.2597,0.7256,0.1827,HIGH
VM_025,1378800900,4.0,4.3353,4.6075,4.6978,4.8881,4.5917,4.3494,4.6498,4.9854,0.1875,0.7299,0.1706,MEDIUM
VM_025,1378801200,4.1333,4.3588,4.586,4.6312,4.8722,4.5292,4.2203,4.5958,4.929,0.1935,0.4657,0.1436,MEDIUM
VM_025,1378801500,4.1,4.7038,5.0093,5.0396,4.731,4.4438,4.4236,4.7154,5.1029,0.2438,0.4631,0.1398,MEDIUM
VM_025,1378801800,5.5,4.8895,5.1021,5.0948,4.726,4.5083,4.5772,4.7651,5.1021,0.2285,0.5186,0.1434,MEDIUM
VM_025,1378802100,4.1,4.8265,4.9697,4.9496,4.5454,4.5749,4.8057,4.7269,4.9697,0.1824,0.5166,0.1298,MEDIUM
VM_025,1378802400,4.1333,4.7613,4.9558,4.9301,4.4839,4.6005,4.8958,4.7231,5.0589,0.2073,0.4947,0.1429,MEDIUM
VM_025,1378802700,5.7667,4.6193,4.7572,4.7448,4.3575,4.8617,5.4369,4.7763,5.5706,0.3875,0.503,0.208,HIGH
VM_025,1378803000,4.2,4.4387,4.4815,4.4538,4.4031,4.9915,5.2417,4.726,5.515,0.3912,0.503,0.2097,HIGH
VM_025,1378803300,4.0,4.3973,4.3634,4.2864,4.7248,5.1742,4.7879,4.7722,5.2534,0.3501,0.503,0.1789,HIGH
VM_025,1378803600,4.2333,4.4638,4.3403,4.2346,4.8655,5.0813,4.5055,4.7275,5.1119,0.3127,0.503,0.1683,MEDIUM
VM_025,1378803900,4.0667,4.4448,4.4148,4.4381,5.2578,5.1276,4.4177,4.8704,5.4869,0.3853,0.503,0.1913,HIGH
VM_025,1378804200,4.1667,4.4341,4.5349,4.5975,5.2165,4.9482,4.4485,4.8532,5.2503,0.2966,0.5034,0.1611,MEDIUM
VM_025,1378804500,4.0,4.5332,4.7154,4.8109,5.18,4.745,4.405,4.8144,5.237,0.2354,0.5034,0.163,MEDIUM
VM_025,1378804800,4.1333,4.4646,4.6965,4.7579,5.009,4.6594,4.3366,4.7312,5.1148,0.2128,0.5042,0.1567,MEDIUM
VM_025,1378805100,4.0,4.681,5.0851,5.2481,4.7902,4.4021,4.4071,4.7674,5.3508,0.3316,0.5042,0.1769,HIGH
VM_025,1378805400,4.2667,4.723,5.0616,5.1535,4.5618,4.4127,4.6022,4.7189,5.1535,0.2732,0.5042,0.1551,MEDIUM
VM_025,1378805700,4.0667,4.7548,4.9728,4.9618,4.4805,4.561,4.8319,4.7231,4.9876,0.1963,0.5054,0.1341,MEDIUM
VM_025,1378806000,4.2,4.7731,4.8468,4.7311,4.3945,4.5778,4.7151,4.6411,4.9205,0.1688,0.5054,0.1302,MEDIUM
VM_025,1378806300,5.6333,4.5987,4.6638,4.6274,4.3794,4.8499,5.1786,4.73,5.3613,0.2989,0.5197,0.1828,HIGH
VM_025,1378806600,4.2,4.4726,4.5449,4.5231,4.3589,4.921,5.2561,4.7219,5.497,0.3683,0.5197,0.2024,HIGH
VM_025,1378806900,4.0,4.4605,4.4835,4.415,4.5661,5.0698,4.9888,4.7647,5.3554,0.324,0.5197,0.1845,HIGH
VM_025,1378807200,4.2333,4.4164,4.3493,4.2368,4.6453,4.9935,4.6893,4.6706,5.0578,0.285,0.5197,0.1638,MEDIUM
VM_025,1378807500,4.0667,4.4054,4.411,4.398,5.105,5.0918,4.4836,4.8156,5.3644,0.338,0.5197,0.181,HIGH
VM_025,1378807800,4.6667,4.4345,4.4697,4.4799,5.0277,4.8938,4.345,4.7536,5.2189,0.2783,0.5242,0.1706,MEDIUM
VM_025,1378808100,5.5667,4.7473,4.8566,4.9146,5.1787,4.8423,4.4766,4.8996,5.1972,0.1926,0.5765,0.1592,MEDIUM
VM_025,1378808400,4.2,4.6879,4.8425,4.897,5.1062,4.7825,4.5076,4.855,5.1307,0.1655,0.5754,0.1475,MEDIUM
VM_025,1378808700,4.0,4.9012,5.203,5.312,4.9234,4.656,4.7282,4.9385,5.312,0.2296,0.578,0.1517,MEDIUM
VM_025,1378809000,4.3,4.8978,5.1191,5.1963,4.7525,4.6299,4.7459,4.8604,5.1963,0.2013,0.5276,0.1378,MEDIUM
VM_025,1378809300,4.0667,4.8075,4.9395,4.9652,4.5911,4.7503,4.9571,4.8259,5.1623,0.1624,0.5283,0.1375,MEDIUM
VM_025,1378809600,4.2,4.665,4.7724,4.7686,4.4989,4.518,4.5384,4.6212,4.7724,0.1135,0.5274,0.105,MEDIUM
VM_025,1378809900,5.7,4.6522,4.7249,4.7949,4.5359,5.0592,5.4873,4.8963,5.6306,0.3535,0.5197,0.1961,HIGH
VM_025,1378810200,4.2,4.5603,4.6116,4.6458,4.4645,5.0031,5.3959,4.8072,5.5968,0.3781,0.5197,0.2066,HIGH
VM_025,1378810500,4.0,4.6292,4.6078,4.5214,4.7331,5.2156,5.0358,4.8825,5.3854,0.3052,0.5197,0.1722,MEDIUM
VM_025,1378810800,4.2667,4.5042,4.4066,4.2777,4.6246,4.9948,4.7148,4.6796,5.1074,0.274,0.5194,0.1648,MEDIUM
VM_025,1378811100,4.1333,4.5073,4.5762,4.6353,5.0876,5.1307,4.6667,4.9183,5.4296,0.2864,0.518,0.1755,HIGH
VM_025,1378811400,4.2,4.4227,4.5029,4.5499,4.9949,4.9735,4.4907,4.8145,5.318,0.2766,0.5176,0.1723,MEDIUM
VM_025,1378811700,4.0,4.54,4.6861,4.7544,5.1214,4.8544,4.4532,4.834,5.1322,0.203,0.5176,0.1467,MEDIUM
VM_025,1378812000,4.2,4.5334,4.6625,4.7096,5.0309,4.7367,4.37,4.756,5.0536,0.1871,0.5166,0.1471,MEDIUM
VM_025,1378812300,4.0,4.7002,5.0634,5.2551,4.7052,4.3825,4.3986,4.7429,5.2629,0.317,0.5166,0.1704,MEDIUM
VM_025,1378812600,4.2667,4.7698,5.0417,5.1744,4.584,4.426,4.6266,4.7348,5.1744,0.26,0.5166,0.1564,MEDIUM
VM_025,1378812900,4.0333,4.8304,5.0109,5.0344,4.4873,4.6293,4.9433,4.7816,5.1172,0.2182,0.5174,0.149,MEDIUM
VM_025,1378813200,4.2,4.869,4.9399,4.8486,4.4897,4.6676,4.7648,4.7395,5.0169,0.1605,0.5174,0.1304,MEDIUM
VM_025,1378813500,8.4,5.0953,4.9536,4.8063,4.5843,5.1074,5.3176,4.9598,5.5216,0.2905,0.9466,0.2323,HIGH
VM_025,1378813800,4.5333,4.676,4.7155,4.707,4.535,5.0336,5.355,4.8639,5.5625,0.332,0.945,0.2487,HIGH
VM_025,1378814100,4.0,4.6868,4.7319,4.6902,4.8433,5.2163,5.1494,4.9669,5.4743,0.276,0.945,0.2262,HIGH
VM_025,1378814400,4.2667,4.5548,4.5289,4.4153,4.6489,4.9714,4.8265,4.7357,5.1628,0.2438,0.9447,0.2112,HIGH
VM_025,1378814700,4.1333,4.4742,4.626,4.6793,5.1281,5.1637,4.7762,4.9514,5.3876,0.2755,0.9435,0.2291,HIGH
VM_025,1378815000,4.2667,4.4482,4.6162,4.6726,4.9435,4.974,4.6189,4.8415,5.2451,0.22,0.9436,0.2153,HIGH
VM_025,1378815300,4.0,4.5503,4.7384,4.7881,5.0522,4.8942,4.4893,4.8494,5.0859,0.1797,0.9179,0.1883,HIGH
VM_025,1378815600,4.2,4.5425,4.699,4.7135,4.9725,4.7722,4.3904,4.7599,5.0055,0.1641,0.9179,0.1905,HIGH
VM_025,1378815900,4.0,4.6728,4.9885,5.1192,4.8886,4.5737,4.4198,4.8085,5.1868,0.2423,0.9179,0.2085,HIGH
VM_025,1378816200,4.2333,4.6713,4.8922,4.9937,4.6689,4.4935,4.5164,4.708,4.9937,0.1818,0.9183,0.177,HIGH
VM_025,1378816500,4.0667,4.7191,4.9015,4.9547,4.6644,4.6094,4.7282,4.7553,4.9547,0.1373,0.9183,0.1677,MEDIUM
VM_025,1378816800,4.2,4.7056,4.8163,4.7804,4.5351,4.5677,4.6211,4.6629,4.8581,0.1153,0.9183,0.1656,MEDIUM
VM_025,1378817100,5.5333,4.5116,4.6232,4.6446,4.366,4.8455,5.1878,4.7206,5.3154,0.2937,0.9086,0.2289,HIGH
VM_025,1378817400,4.2,4.3958,4.4931,4.5047,4.3364,4.8143,5.1877,4.6567,5.3386,0.3369,0.9086,0.2351,HIGH
VM_025,1378817700,4.0,4.403,4.448,4.3738,4.5238,4.8767,4.7703,4.6477,5.058,0.2462,0.9086,0.2026,HIGH
VM_025,1378818000,4.3333,4.3622,4.3862,4.3232,4.5172,4.8094,4.74,4.6043,5.0211,0.237,0.9083,0.1998,HIGH
VM_025,1378818300,4.0667,4.3253,4.5235,4.5885,4.8346,4.9504,4.8105,4.7841,5.1084,0.2307,0.9092,0.2093,HIGH
VM_025,1378818600,5.6333,4.608,4.6541,4.602,4.8299,4.9079,4.617,4.7886,5.093,0.1651,0.9427,0.1811,HIGH
VM_025,1378818900,4.0,4.5064,4.6831,4.7128,4.8229,4.7363,4.5332,4.7255,4.8525,0.1031,0.9427,0.1619,MEDIUM
VM_025,1378819200,4.2,4.5546,4.6712,4.6689,4.8703,4.6947,4.4402,4.7034,4.8703,0.1137,0.9427,0.1718,MEDIUM
VM_025,1378819500,4.0,4.6606,4.8963,5.0105,4.7882,4.5018,4.4078,4.7278,5.0242,0.2041,0.9427,0.1939,HIGH
VM_025,1378819800,4.4,4.7019,4.8952,4.9814,4.7309,4.4734,4.4721,4.6996,4.9814,0.1781,0.942,0.1811,HIGH
VM_025,1378820100,4.1,4.6837,4.9093,5.0008,4.602,4.5231,4.7663,4.7213,5.0008,0.1758,0.9408,0.1848,HIGH
VM_025,1378820400,4.2,4.6341,4.7784,4.7559,4.4769,4.5007,4.5889,4.6065,4.8219,0.1285,0.9408,0.1734,MEDIUM
VM_025,1378820700,5.6,4.5788,4.6843,4.6888,4.4265,4.755,5.0072,4.6975,5.1998,0.2284,0.5017,0.1558,MEDIUM
VM_025,1378821000,4.2,4.4603,4.558,4.5499,4.33,4.7889,5.0995,4.6593,5.3252,0.3119,0.5007,0.1819,HIGH
VM_025,1378821300,4.0,4.4248,4.5001,4.4392,4.5293,4.9071,4.7766,4.688,5.1393,0.2457,0.5007,0.152,MEDIUM
VM_025,1378821600,4.2667,4.37,4.3841,4.2885,4.4674,4.7624,4.6041,4.5593,4.9455,0.2168,0.5007,0.142,MEDIUM
VM_025,1378821900,4.0333,4.2986,4.3677,4.3525,4.8338,4.7801,4.3075,4.6124,5.0178,0.24,0.5028,0.1496,MEDIUM
VM_025,1378822200,4.2,4.3658,4.4472,4.464,4.7812,4.7118,4.3345,4.6278,4.9626,0.1908,0.5033,0.1389,MEDIUM
VM_025,1378822500,4.0,4.3566,4.5571,4.6194,4.7421,4.4568,4.2452,4.5508,4.7834,0.149,0.5033,0.1282,MEDIUM
VM_025,1378822800,4.1333,4.3963,4.5831,4.6387,4.7035,4.4503,4.3006,4.5475,4.7421,0.1235,0.5042,0.1169,MEDIUM
VM_025,1378823100,5.0,4.7208,4.979,5.032,4.6845,4.4099,4.4622,4.6862,5.032,0.2165,0.518,0.14,MEDIUM
VM_025,1378823400,4.2333,4.6862,4.9089,5.0009,4.6292,4.4514,4.5889,4.6783,5.0009,0.1846,0.518,0.1317,MEDIUM
VM_025,1378823700,4.2,4.7294,4.8932,4.9138,4.4788,4.5483,4.8719,4.6901,5.024,0.2036,0.5155,0.1452,MEDIUM
VM_025,1378824000,4.1,4.6095,4.7096,4.6716,4.3363,4.4461,4.5473,4.5285,4.778,0.1474,0.5172,0.1246,MEDIUM
VM_025,1378824300,5.7333,4.5888,4.5963,4.5593,4.2722,4.7425,5.1089,4.6423,5.2972,0.3151,0.5382,0.1903,HIGH
VM_025,1378824600,4.2,4.501,4.5491,4.5383,4.1501,4.6623,5.1716,4.583,5.363,0.3718,0.5382,0.2125,HIGH
VM_025,1378824900,4.0,4.4673,4.4391,4.3138,4.4886,4.9074,4.6972,4.638,5.0738,0.2691,0.5382,0.1664,MEDIUM
VM_025,1378825200,4.1667,4.3743,4.2998,4.1534,4.4462,4.7897,4.519,4.5194,4.9241,0.2491,0.5397,0.1604,MEDIUM
VM_025,1378825500,4.0333,4.3034,4.362,4.3543,4.8805,4.8996,4.3633,4.6727,5.161,0.2822,0.5405,0.1708,MEDIUM
VM_025,1378825800,4.2,4.2856,4.3367,4.34,4.759,4.7359,4.2203,4.5857,5.0796,0.2548,0.468,0.1617,MEDIUM
VM_025,1378826100,4.0,4.3124,4.4649,4.5194,4.7865,4.5077,4.1206,4.5345,4.7865,0.1894,0.468,0.1388,MEDIUM
VM_025,1378826400,4.1333,4.3357,4.471,4.5019,4.7368,4.4068,4.0868,4.4768,4.7368,0.1712,0.4688,0.137,MEDIUM
VM_025,1378826700,4.0,4.506,4.7964,4.9173,4.4941,4.1836,4.2026,4.5021,4.9173,0.2522,0.4688,0.1469,MEDIUM
VM_025,1378827000,4.2667,4.5716,4.8273,4.9094,4.4071,4.1908,4.3304,4.494,4.9094,0.2414,0.4683,0.1451,MEDIUM
VM_025,1378827300,4.0333,4.6319,4.7252,4.6919,4.2356,4.3334,4.6167,4.4843,4.7534,0.1969,0.4697,0.1295,MEDIUM
VM_025,1378827600,4.1333,4.58,4.6593,4.5796,4.1742,4.3048,4.4726,4.4202,4.6652,0.1736,0.4705,0.1201,MEDIUM
VM_025,1378827900,5.7,4.6123,4.6222,4.5788,4.2247,4.6147,5.0484,4.5919,5.1775,0.2941,0.4829,0.1746,HIGH
VM_025,1378828200,4.2,4.5293,4.4933,4.422,4.1542,4.6864,5.1655,4.5682,5.3259,0.3768,0.4829,0.2005,HIGH
VM_025,1378828500,4.0,4.368,4.3363,4.2274,4.4159,4.8501,4.7507,4.5725,5.0633,0.2948,0.4829,0.1675,MEDIUM
VM_025,1378828800,4.1,4.23,4.1935,4.0915,4.3224,4.6718,4.4211,4.4026,4.7741,0.2409,0.4844,0.146,MEDIUM
VM_025,1378829100,4.1,4.2321,4.3116,4.2908,4.6898,4.809,4.4113,4.5853,5.0066,0.2548,0.4831,0.1536,MEDIUM
VM_025,1378829400,4.1333,4.1579,4.2463,4.266,4.6693,4.7288,4.2635,4.5328,5.0277,0.2655,0.4838,0.1649,MEDIUM
VM_025,1378829700,4.0667,4.22,4.3996,4.4725,4.6785,4.461,4.0408,4.4611,4.6901,0.1842,0.4823,0.1387,MEDIUM
VM_025,1378830000,4.1333,4.2329,4.4031,4.455,4.6502,4.3724,3.9709,4.4144,4.6502,0.1861,0.4823,0.1422,MEDIUM
VM_025,1378830300,4.0333,4.3984,4.6853,4.8155,4.522,4.2128,4.0827,4.4683,4.8155,0.2309,0.46,0.1457,MEDIUM
VM_025,1378830600,4.2667,4.5431,4.7547,4.8357,4.4373,4.1739,4.1914,4.4596,4.8357,0.2266,0.46,0.1373,MEDIUM
VM_025,1378830900,4.1,4.6439,4.7247,4.7158,4.2726,4.2916,4.4889,4.4691,4.7247,0.1791,0.4609,0.1192,MEDIUM
VM_025,1378831200,4.1333,4.5764,4.621,4.5459,4.1043,4.2252,4.3568,4.3554,4.621,0.1776,0.4605,0.1202,MEDIUM
VM_025,1378831500,5.5667,4.4758,4.4744,4.4035,4.1005,4.5365,4.8315,4.4617,5.0025,0.2708,0.4377,0.1628,MEDIUM
VM_025,1378831800,4.1333,4.3524,4.273,4.1811,3.9684,4.5573,4.9813,4.3906,5.1247,0.383,0.4382,0.193,HIGH
VM_025,1378832100,4.0667,4.2084,4.1762,4.0773,4.2515,4.6838,4.5994,4.4159,4.9027,0.2946,0.4369,0.161,MEDIUM
VM_025,1378832400,4.2667,4.1378,4.0827,3.996,4.2321,4.6412,4.5529,4.363,4.8438,0.3006,0.4366,0.1593,MEDIUM
VM_025,1378832700,4.1,4.2358,4.2976,4.3133,4.5917,4.7293,4.5614,4.5531,4.8561,0.2212,0.4355,0.1292,MEDIUM
VM_025,1378833000,4.0667,4.2113,4.322,4.3731,4.7309,4.7371,4.3459,4.5829,4.9969,0.2353,0.4369,0.149,MEDIUM
VM_025,1378833300,4.1667,4.2646,4.4809,4.5792,4.7243,4.5016,4.1361,4.5268,4.7403,0.1739,0.4343,0.1272,MEDIUM
VM_025,1378833600,4.0667,4.1695,4.3505,4.4071,4.6024,4.3394,3.9543,4.3709,4.6024,0.182,0.4352,0.1325,MEDIUM
VM_025,1378833900,4.1333,4.3738,4.6519,4.8068,4.5707,4.2649,4.0898,4.4902,4.8068,0.2215,0.4328,0.1403,MEDIUM
VM_025,1378834200,4.1667,4.3729,4.5669,4.6786,4.3749,4.1109,4.1005,4.3523,4.6786,0.1929,0.4331,0.1239,MEDIUM
VM_025,1378834500,4.1667,4.5453,4.6091,4.608,4.2639,4.2433,4.4055,4.4017,4.6091,0.1453,0.4312,0.1032,MEDIUM
VM_025,1378834800,7.7667,5.0641,4.8433,4.5613,4.2497,4.3897,4.4964,4.4935,5.0641,0.2481,0.8361,0.2089,HIGH
VM_025,1378835100,6.8333,4.7804,4.7052,4.626,4.2374,4.6474,5.1139,4.6207,5.1943,0.317,0.9384,0.2336,HIGH
VM_025,1378835400,4.0667,4.5873,4.4061,4.2396,4.1244,4.7007,5.0771,4.4962,5.1744,0.3886,0.9403,0.2612,HIGH
VM_025,1378835700,4.1333,4.5214,4.3643,4.1876,4.4539,4.9319,4.7181,4.602,5.063,0.314,0.938,0.2316,HIGH
VM_025,1378836000,4.3667,4.2572,4.1078,3.9814,4.3667,4.7975,4.5776,4.4445,4.9365,0.3352,0.9352,0.2364,HIGH
VM_025,1378836300,4.2333,4.3573,4.3452,4.4077,4.6861,4.8596,4.6673,4.6568,4.9993,0.2423,0.9334,0.2022,HIGH
VM_025,1378836600,4.0667,4.2939,4.298,4.3098,4.7419,4.6993,4.2921,4.5548,4.9371,0.2267,0.9345,0.1962,HIGH
VM_025,1378836900,4.1333,4.3405,4.4941,4.578,4.7997,4.5628,4.0775,4.555,4.7997,0.1971,0.9334,0.2052,HIGH
VM_025,1378837200,4.0333,4.2373,4.4535,4.5649,4.7372,4.4383,4.0768,4.4911,4.7436,0.1928,0.9352,0.1989,HIGH
VM_025,1378837500,4.1333,4.4525,4.7741,5.0176,4.6948,4.3865,4.1585,4.6286,5.0176,0.2623,0.9334,0.2214,HIGH
VM_025,1378837800,4.0667,4.4302,4.6344,4.7973,4.4483,4.2229,4.2021,4.4538,4.7973,0.1888,0.9361,0.1905,HIGH
VM_025,1378838100,4.2333,4.5037,4.5944,4.6382,4.3815,4.3434,4.4028,4.4628,4.6382,0.1013,0.9343,0.1574,MEDIUM
VM_025,1378838400,4.0,4.4656,4.5045,4.4769,4.063,4.1906,4.3557,4.3085,4.5197,0.1587,0.9368,0.1742,MEDIUM
VM_025,1378838700,5.8,4.5867,4.6383,4.6508,3.9783,4.4176,5.0947,4.4947,5.1402,0.3685,0.9499,0.2593,HIGH
VM_025,1378839000,4.0,4.3199,4.2142,4.1398,3.82,4.4573,4.9559,4.3076,5.0792,0.4052,0.9523,0.2711,HIGH
VM_025,1378839300,4.2,4.3579,4.2823,4.1212,4.2933,4.8185,4.5826,4.4988,4.976,0.2944,0.9503,0.223,HIGH
VM_025,1378839600,4.0667,4.1289,4.0445,3.9275,4.2447,4.6674,4.3861,4.3351,4.7715,0.2889,0.953,0.2221,HIGH
VM_025,1378839900,4.2333,4.1719,4.1321,4.1229,4.5619,4.7588,4.347,4.4858,5.0193,0.2951,0.9512,0.2281,HIGH
VM_025,1378840200,7.0667,4.5907,4.4309,4.2932,4.7601,4.7727,4.2765,4.5966,5.0553,0.2416,1.0845,0.2319,HIGH
VM_025,1378840500,8.7,5.1657,4.9183,4.7085,5.0267,4.7355,4.2288,4.7598,5.1657,0.2392,1.366,0.2861,HIGH
VM_025,1378840800,6.1,4.8328,4.7687,4.6907,4.8912,4.5734,4.1949,4.634,4.8912,0.1868,1.383,0.2598,HIGH
VM_025,1378841100,4.2,4.7761,4.9957,5.1082,4.7947,4.3833,4.1982,4.6673,5.1082,0.2825,1.3815,0.2849,HIGH
VM_025,1378841400,5.1667,4.9752,5.0273,5.0534,4.7267,4.4129,4.282,4.6721,5.0534,0.2552,1.3746,0.2676,HIGH
VM_025,1378841700,4.7333,4.8983,4.8819,4.8573,4.6544,4.6202,4.6547,4.7137,4.8983,0.1095,1.3662,0.2109,HIGH
VM_025,1378842000,4.0,4.6694,4.633,4.5661,4.5509,4.5666,4.4971,4.5778,4.683,0.0679,1.2364,0.1824,HIGH
VM_025,1378842300,6.0,4.8421,4.7856,4.8311,4.4484,4.9833,5.6283,4.8853,5.6656,0.4035,1.1867,0.2962,HIGH
VM_025,1378842600,4.0,4.6028,4.5185,4.5478,4.3064,4.9219,5.4836,4.7399,5.6018,0.4342,1.1884,0.3057,HIGH
VM_025,1378842900,4.2,4.6605,4.5905,4.526,4.8768,5.3084,4.9275,4.9484,5.438,0.3067,1.187,0.2602,HIGH
VM_025,1378843200,4.0667,4.3615,4.3155,4.2903,4.6938,5.0509,4.6743,4.6982,5.1423,0.2925,1.1927,0.2538,HIGH
VM_025,1378843500,4.2333,4.2381,4.1858,4.2843,4.976,5.0743,4.3991,4.7245,5.4271,0.3966,1.1927,0.2998,HIGH
VM_025,1378843800,4.0,4.1649,4.2432,4.3672,4.8511,4.7644,4.1711,4.5945,5.1575,0.3147,1.1944,0.2707,HIGH
VM_025,1378844100,4.2,4.3194,4.511,4.6894,5.0317,4.5065,4.0321,4.5959,5.0317,0.2928,1.193,0.2713,HIGH
VM_025,1378844400,4.0,4.2409,4.4428,4.5923,4.8155,4.3853,4.0403,4.4829,4.8155,0.2277,1.1939,0.2449,HIGH
VM_025,1378844700,4.2,4.598,5.0481,5.3232,4.6392,4.1779,4.1533,4.6297,5.3232,0.4074,1.1925,0.2914,HIGH
VM_025,1378845000,4.0667,4.5684,4.8953,5.0602,4.452,4.1073,4.1212,4.4841,5.0602,0.3358,1.1925,0.2657,HIGH
VM_025,1378845300,4.2333,4.7815,4.8883,4.8527,4.2943,4.3382,4.4641,4.5327,4.8883,0.2077,1.1925,0.2233,HIGH
VM_025,1378845600,4.0,4.6568,4.696,4.6097,4.1283,4.2385,4.3574,4.3786,4.696,0.1871,1.1925,0.2202,HIGH
VM_025,1378845900,5.8,4.6941,4.6628,4.6065,4.1427,4.569,5.0461,4.5599,5.0693,0.2991,1.1925,0.2626,HIGH
VM_025,1378846200,4.0,4.4912,4.3823,4.2581,3.9729,4.5295,4.996,4.3993,5.062,0.3648,1.1925,0.285,HIGH
VM_025,1378846500,4.1667,4.3359,4.2954,4.1846,4.3647,4.7659,4.7405,4.5063,4.9764,0.2777,1.1932,0.2505,HIGH
VM_025,1378846800,4.1333,4.1419,4.1274,4.0814,4.2668,4.5994,4.4702,4.3542,4.7345,0.2347,1.1917,0.231,HIGH
VM_025,1378847100,4.2667,4.1136,4.2383,4.3146,4.7421,4.8013,4.3915,4.5762,5.0439,0.2779,1.1911,0.2629,HIGH
VM_025,1378847400,4.0,4.0361,4.1586,4.2307,4.7442,4.6375,4.0545,4.4603,4.9802,0.3006,1.0897,0.2515,HIGH
VM_025,1378847700,4.2,4.2127,4.44,4.5799,4.9135,4.5603,4.012,4.5516,4.9135,0.2653,0.6542,0.1906,HIGH
VM_025,1378848000,4.6667,4.1511,4.3888,4.5255,4.9048,4.436,3.8352,4.4643,4.9048,0.3125,0.551,0.1972,HIGH
VM_025,1378848300,4.2333,4.4885,4.7935,5.028,4.7537,4.2567,4.0209,4.5595,5.028,0.3273,0.5507,0.1898,HIGH
VM_025,1378848600,8.4667,5.3235,5.183,5.0379,4.8424,4.4663,4.2891,4.7383,5.3235,0.3104,0.9947,0.25,HIGH
VM_025,1378848900,6.0667,5.2277,5.1402,5.0214,4.7264,4.6007,4.5551,4.7677,5.2277,0.2232,1.0446,0.2136,HIGH
VM_025,1378849200,4.0,4.8743,4.7833,4.6821,4.4776,4.4949,4.5479,4.5672,4.8743,0.1496,1.0446,0.1951,HIGH
VM_025,1378849500,7.2333,4.9886,4.7345,4.6266,4.4151,5.0212,5.489,4.8135,5.489,0.4045,1.1446,0.293,HIGH
VM_025,1378849800,4.0,4.7016,4.5082,4.4469,4.3685,5.0505,5.5031,4.7574,5.5415,0.4466,1.1446,0.3029,HIGH
VM_025,1378850100,4.2,4.6849,4.5408,4.4224,4.8287,5.2454,4.9971,4.8768,5.358,0.3215,1.1446,0.2575,HIGH
VM_025,1378850400,4.1333,4.2829,4.164,4.1913,4.6936,5.0393,4.7276,4.6503,5.1229,0.3364,1.1433,0.2601,HIGH
VM_025,1378850700,4.1667,4.2083,4.1862,4.3044,4.9685,5.0708,4.5463,4.7235,5.2983,0.3696,1.1443,0.2784,HIGH
VM_025,1378851000,4.0,4.2885,4.3777,4.4962,5.0629,4.8983,4.2902,4.7271,5.2443,0.3187,1.1443,0.2599,HIGH
VM_025,1378851300,4.1333,4.3881,4.5749,4.7406,5.0565,4.6597,4.2576,4.6911,5.0565,0.2366,1.1454,0.2415,HIGH
VM_025,1378851600,4.0,4.2383,4.4484,4.6142,4.8654,4.4512,4.078,4.5197,4.8654,0.2347,1.1454,0.2401,HIGH
VM_025,1378851900,4.1,4.6072,5.0059,5.3078,4.8301,4.3073,4.2322,4.7108,5.3365,0.3719,1.1471,0.2778,HIGH
VM_025,1378852200,4.0667,4.76,5.0658,5.2868,4.5872,4.1674,4.2633,4.6195,5.2868,0.3838,1.1471,0.2796,HIGH
VM_025,1378852500,4.2333,4.8092,4.9588,5.0038,4.4475,4.3378,4.4555,4.6021,5.0038,0.2398,1.1471,0.227,HIGH
VM_025,1378852800,4.0,4.8081,4.8239,4.7711,4.2418,4.2737,4.3388,4.4694,4.8239,0.2219,1.1471,0.2178,HIGH
VM_025,1378853100,5.7,4.7095,4.6199,4.5794,4.1668,4.5236,4.7589,4.5091,4.8616,0.2196,1.1427,0.2288,HIGH
VM_025,1378853400,4.0,4.5024,4.4112,4.3495,4.082,4.5842,4.8933,4.4493,5.0079,0.2925,1.1427,0.2561,HIGH
VM_025,1378853700,4.2,4.5297,4.4595,4.3251,4.4921,4.7891,4.5525,4.5672,4.8286,0.1881,1.1422,0.2111,HIGH
VM_025,1378854000,4.2,4.2342,4.1878,4.1531,4.4417,4.6978,4.4862,4.444,4.7485,0.2212,1.1411,0.2168,HIGH
VM_025,1378854300,4.2333,4.1958,4.3322,4.3925,4.6933,4.7441,4.4794,4.5784,4.9135,0.2122,1.1415,0.2314,HIGH
VM_025,1378854600,4.0,4.1286,4.2763,4.2996,4.7444,4.6657,4.1249,4.5034,4.9481,0.2579,1.1415,0.2438,HIGH
VM_025,1378854900,4.2333,4.1924,4.4054,4.5163,4.8057,4.5767,4.0853,4.5263,4.8057,0.2171,1.1411,0.2316,HIGH
VM_025,1378855200,4.0,4.0095,4.2593,4.3767,4.7805,4.3724,3.7133,4.3633,4.7805,0.3164,1.1473,0.2734,HIGH
VM_025,1378855500,4.5,4.3751,4.6302,4.7941,4.7571,4.3457,3.8687,4.5194,4.8661,0.3044,1.1452,0.2649,HIGH
VM_025,1378855800,4.0667,4.4202,4.6394,4.8019,4.6105,4.2028,4.0195,4.4461,4.8019,0.2443,0.7939,0.1944,HIGH
VM_025,1378856100,4.2333,4.628,4.7395,4.7999,4.5913,4.3588,4.3831,4.5497,4.7999,0.1462,0.7098,0.1432,MEDIUM
VM_025,1378856400,4.0,4.6073,4.682,4.6753,4.3795,4.2945,4.3215,4.4493,4.682,0.1447,0.7098,0.1384,MEDIUM
VM_025,1378856700,5.9667,4.4695,4.5329,4.5965,4.2722,4.5614,4.9482,4.5395,4.9993,0.2357,0.4995,0.1504,MEDIUM
VM_025,1378857000,4.0,4.3013,4.2915,4.3055,4.0591,4.6723,5.1973,4.4742,5.2581,0.4066,0.4995,0.2059,HIGH
VM_025,1378857300,4.1333,4.3738,4.3387,4.27,4.4183,4.8682,4.6889,4.5718,4.9943,0.2608,0.5001,0.1508,MEDIUM
VM_025,1378857600,7.8667,5.6763,5.1562,4.4908,4.6002,5.1691,5.2082,4.8801,5.6763,0.4563,0.8882,0.269,HIGH
VM_025,1378857900,4.1786,4.2633,4.2473,4.3365,4.8597,5.0394,4.629,4.7075,5.2145,0.3336,0.888,0.2283,HIGH
VM_025,1378858200,4.0,4.1832,4.2436,4.3251,4.9435,5.0795,4.4157,4.7283,5.2279,0.3698,0.888,0.2375,HIGH
VM_025,1378858500,4.2,4.0781,4.3214,4.5452,4.9197,4.6919,4.186,4.5885,4.9197,0.2636,0.8872,0.2134,HIGH
VM_025,1378858800,4.0,4.174,4.2352,4.4115,4.9832,4.6366,3.8747,4.55,5.0699,0.3703,0.8872,0.2552,HIGH
VM_025,1378859100,4.1333,4.3146,4.6418,4.8656,4.8639,4.3681,3.9403,4.5716,4.9932,0.3303,0.8867,0.2383,HIGH
VM_025,1378859400,4.0667,4.4482,4.7308,4.9754,4.8476,4.1606,3.9742,4.5253,5.044,0.364,0.8867,0.2403,HIGH
VM_025,1378859700,4.2333,4.6553,4.8184,4.8845,4.6242,4.3513,4.46,4.5944,4.8845,0.1782,0.8867,0.1769,HIGH
VM_025,1378860000,7.4333,5.3235,5.3539,5.2375,4.6937,4.4151,4.5757,4.8007,5.3539,0.352,1.073,0.2576,HIGH
VM_025,1378860300,10.3,5.6118,5.2879,5.0127,4.4842,4.8373,5.4432,4.9382,5.6118,0.4275,1.5769,0.3467,HIGH
VM_025,1378860600,10.4333,6.1164,5.5493,5.0887,4.558,5.316,5.9769,5.2405,6.1164,0.5966,1.9461,0.4509,HIGH
VM_025,1378860900,7.5667,5.7885,5.2985,4.8948,4.9815,5.6808,5.5991,5.3292,5.9508,0.4369,2.0045,0.4124,HIGH
VM_025,1378861200,4.1333,5.1584,4.7741,4.5487,4.8867,5.6441,5.4815,5.1385,5.8085,0.4676,2.0059,0.4222,HIGH
VM_025,1378861500,4.2,4.8932,4.7224,4.7038,5.4079,5.8566,5.2607,5.3165,5.9738,0.4647,2.0066,0.4128,HIGH
VM_025,1378861800,4.0,4.8134,4.6083,4.5375,5.4282,5.6322,4.7621,5.1576,5.9081,0.4562,2.0066,0.4196,HIGH
VM_025,1378862100,4.8667,4.8446,4.8178,4.865,5.6486,5.3421,4.3746,5.1304,5.6538,0.3928,1.998,0.4077,HIGH
VM_025,1378862400,4.0,4.478,4.6555,4.7673,5.6013,5.1027,4.1676,4.9641,5.6013,0.4648,1.998,0.426,HIGH
VM_025,1378862700,4.1667,4.6355,5.0701,5.405,5.3184,4.5939,4.0744,4.9161,5.5716,0.4758,2.0042,0.4343,HIGH
VM_025,1378863000,4.2667,4.5433,5.1571,5.5722,5.1252,4.3676,4.1036,4.8311,5.6922,0.5205,1.9998,0.4445,HIGH
VM_025,1378863300,4.4667,4.841,5.2588,5.4524,4.8267,4.4913,4.5409,4.8592,5.4524,0.3462,1.9955,0.3697,HIGH
VM_025,1378863600,4.0667,4.8004,5.0832,5.1609,4.3441,4.276,4.4753,4.6088,5.1609,0.3279,1.9938,0.3673,HIGH
VM_025,1378863900,7.4667,5.187,5.1756,5.1348,4.2818,4.6214,5.2013,4.8109,5.2036,0.364,2.042,0.3711,HIGH
VM_025,1378864200,5.6333,5.1085,4.9468,4.829,3.9947,4.7196,5.4808,4.726,5.4811,0.4879,2.0254,0.4357,HIGH
VM_025,1378864500,4.1667,4.808,4.6448,4.4767,4.2346,4.9798,5.2519,4.7236,5.4123,0.3941,2.0246,0.4011,HIGH
VM_025,1378864800,4.0667,4.3367,4.1975,4.1072,4.3207,5.1003,5.186,4.6198,5.3622,0.4747,1.965,0.4094,HIGH
VM_025,1378865100,4.1333,4.1876,4.0952,4.0863,4.7559,5.2402,4.7921,4.7037,5.3466,0.4658,1.966,0.4014,HIGH
VM_025,1378865400,4.0,4.1602,4.0876,4.0786,4.9157,5.1147,4.4492,4.6642,5.4509,0.4547,1.966,0.4146,HIGH
VM_025,1378865700,4.1667,4.2589,4.3424,4.3718,5.0564,4.8475,4.2101,4.6487,5.1611,0.3255,1.9668,0.3649,HIGH
VM_025,1378866000,5.9667,4.3934,4.5389,4.5566,5.1332,4.6916,4.1875,4.6661,5.1332,0.2769,1.957,0.363,HIGH
VM_025,1378866300,4.1333,4.4324,4.8417,5.0051,4.9361,4.4381,4.2249,4.6678,5.0411,0.2822,1.957,0.3477,HIGH
VM_025,1378866600,4.0667,4.4147,4.8782,5.0887,4.6994,4.2825,4.2491,4.5825,5.0887,0.3005,1.957,0.3504,HIGH
VM_025,1378866900,4.1667,4.5498,4.9215,5.0359,4.3831,4.3192,4.4901,4.5646,5.0359,0.2468,1.9586,0.3408,HIGH
VM_025,1378867200,4.0,4.759,5.0438,5.1283,4.3904,4.2826,4.3393,4.5912,5.1283,0.2978,1.9167,0.346,HIGH
VM_025,1378867500,5.9667,4.647,4.7626,4.8563,4.176,4.5328,4.9638,4.598,5.073,0.2782,1.5803,0.3089,HIGH
VM_025,1378867800,4.0,4.575,4.597,4.637,4.0958,4.6108,5.1325,4.5664,5.2363,0.3453,1.0668,0.2718,HIGH
VM_025,1378868100,4.2,4.48,4.3992,4.322,4.352,4.8642,4.8721,4.5924,5.1212,0.2967,0.8702,0.2222,HIGH
VM_025,1378868400,4.2,4.1145,4.1036,4.098,4.249,4.7502,4.7396,4.4196,4.9494,0.3298,0.869,0.2231,HIGH
VM_025,1378868700,4.2,4.1177,4.2078,4.3647,4.7612,5.0846,5.0657,4.7321,5.2523,0.4028,0.869,0.2457,HIGH
VM_025,1378869000,4.0,4.1449,4.2109,4.2028,4.7045,4.9028,4.5481,4.5891,5.1063,0.327,0.869,0.2252,HIGH
VM_025,1378869300,4.1333,4.1793,4.3856,4.5014,4.9011,4.7724,4.3521,4.6217,4.9011,0.2245,0.869,0.1969,HIGH
VM_025,1378869600,4.0,4.1562,4.414,4.5001,4.8054,4.506,4.0629,4.4912,4.8054,0.2181,0.869,0.1993,HIGH
VM_025,1378869900,4.2,4.4329,4.7444,4.9067,4.7974,4.4066,4.175,4.617,4.9484,0.2422,0.8685,0.2029,HIGH
VM_025,1378870200,4.0667,4.4028,4.8058,4.9993,4.4404,4.1855,4.364,4.5008,4.9993,0.2636,0.8717,0.2093,HIGH
VM_025,1378870500,4.2333,4.6884,4.9848,5.0285,4.412,4.2463,4.4847,4.5685,5.0285,0.263,0.8731,0.2055,HIGH
VM_025,1378870800,4.0,4.644,4.8067,4.7622,4.1658,4.1948,4.4088,4.4221,4.8067,0.232,0.8745,0.1922,HIGH
VM_025,1378871100,5.7,4.5866,4.7728,4.8692,4.2015,4.4387,4.9227,4.5724,5.0253,0.2799,0.6586,0.1833,HIGH
VM_025,1378871400,4.0,4.3721,4.4689,4.4533,4.039,4.4848,4.8129,4.4201,4.9971,0.283,0.6071,0.1912,HIGH
VM_025,1378871700,4.2,4.4342,4.4229,4.3193,4.2594,4.7571,4.7249,4.5262,4.9984,0.2603,0.6067,0.1769,HIGH
VM_025,1378872000,4.0667,4.1445,4.0678,3.9618,4.0778,4.6249,4.56,4.2963,4.8005,0.316,0.6067,0.1922,HIGH
VM_025,1378872300,4.2,4.221,4.1319,4.0734,4.5568,4.834,4.4933,4.4982,4.9457,0.3189,0.606,0.1891,HIGH
VM_025,1378872600,4.0,4.1597,4.1242,4.0451,4.448,4.5809,4.2434,4.3591,4.7398,0.2316,0.606,0.1639,MEDIUM
VM_025,1378872900,4.1333,4.2122,4.2841,4.2553,4.5483,4.4762,4.2359,4.3882,4.5483,0.1219,0.6064,0.1176,MEDIUM
VM_025,1378873200,4.0,4.149,4.3317,4.3451,4.4947,4.3063,4.1456,4.3322,4.4947,0.1012,0.4984,0.1052,MEDIUM
VM_025,1378873500,4.1333,4.4239,4.7685,4.8988,4.6301,4.3355,4.3188,4.563,4.8988,0.205,0.4984,0.1325,MEDIUM
VM_025,1378873800,4.1333,4.3742,4.6565,4.737,4.3397,4.166,4.2697,4.3952,4.737,0.1927,0.4975,0.1346,MEDIUM
VM_025,1378874100,4.2333,4.5548,4.83,4.8944,4.3227,4.3038,4.5589,4.5241,4.8944,0.2155,0.4972,0.1441,MEDIUM
VM_025,1378874400,4.0,4.4567,4.5835,4.5352,4.0919,4.1813,4.3408,4.3128,4.5835,0.1727,0.4972,0.1228,MEDIUM
VM_025,1378874700,5.6333,4.5053,4.5483,4.5847,4.0944,4.5592,4.9752,4.506,5.0853,0.3049,0.4496,0.1749,HIGH
VM_025,1378875000,4.0,4.2416,4.258,4.2362,3.9359,4.5491,4.9234,4.3504,5.0614,0.373,0.4496,0.1935,HIGH
VM_025,1378875300,4.1667,4.4452,4.3106,4.179,4.289,4.8675,4.7424,4.5253,5.0167,0.3214,0.4497,0.1764,HIGH
VM_025,1378875600,4.3667,4.2075,4.094,4.0046,4.1958,4.6949,4.5779,4.3598,4.8272,0.3118,0.4505,0.1711,MEDIUM
VM_025,1378875900,5.2,4.3758,4.264,4.2409,4.7836,5.0326,4.6927,4.6786,5.1237,0.3341,0.4909,0.1784,HIGH
VM_025,1378876200,4.0,4.2533,4.1828,4.1234,4.5849,4.7048,4.3438,4.4638,4.8472,0.2503,0.4909,0.1532,MEDIUM
VM_025,1378876500,4.2,4.2784,4.3354,4.3506,4.7058,4.6166,4.3075,4.499,4.7058,0.1529,0.4902,0.1135,MEDIUM
VM_025,1378876800,4.0,4.2059,4.2721,4.2686,4.6056,4.4738,4.2384,4.4102,4.6056,0.1401,0.4902,0.1102,MEDIUM
VM_025,1378877100,4.2,4.5251,4.7835,4.8994,4.6482,4.3621,4.3652,4.5962,4.8994,0.1863,0.4902,0.1264,MEDIUM
VM_025,1378877400,4.3,4.4157,4.6397,4.6873,4.3812,4.1789,4.2049,4.3911,4.6873,0.1773,0.488,0.124,MEDIUM
VM_025,1378877700,5.7,4.7958,4.8427,4.7317,4.3874,4.4086,4.5937,4.5521,4.8427,0.1883,0.5655,0.1406,MEDIUM
VM_025,1378878000,4.0,4.474,4.5954,4.5201,4.1263,4.1833,4.3683,4.3157,4.5954,0.1747,0.5655,0.1361,MEDIUM
VM_025,1378878300,7.9667,4.9851,5.0447,5.0954,4.384,4.8462,5.6752,4.8952,5.6977,0.4523,0.8936,0.274,HIGH
VM_025,1378878600,4.0,4.5749,4.6021,4.5358,4.0971,4.6987,5.2703,4.5716,5.3945,0.4276,0.8936,0.2681,HIGH
VM_025,1378878900,4.2,4.6635,4.4681,4.3415,4.61,5.2933,5.1337,4.843,5.4804,0.4123,0.8936,0.2587,HIGH
VM_025,1378879200,4.1667,4.3751,4.1901,4.1063,4.4209,4.9169,4.6629,4.5384,5.0165,0.3313,0.892,0.2304,HIGH
VM_025,1378879500,4.2333,4.6136,4.3726,4.4101,5.2527,5.3766,4.6897,4.9748,5.735,0.4509,0.8916,0.2755,HIGH
VM_025,1378879800,4.0,4.5094,4.3185,4.2716,4.9547,4.9418,4.3849,4.6956,5.218,0.317,0.8916,0.2263,HIGH
VM_025,1378880100,4.2,4.6385,4.5997,4.6194,5.2807,4.8768,4.2911,4.8076,5.2807,0.2787,0.8906,0.2313,HIGH
VM_025,1378880400,7.5333,4.7305,4.6618,4.5271,5.0623,4.7541,4.241,4.7153,5.0623,0.2111,1.0827,0.2361,HIGH
VM_025,1378880700,5.2,5.0014,5.4368,5.6144,5.1201,4.6601,4.6489,5.052,5.6144,0.3526,1.0843,0.2533,HIGH
VM_025,1378881000,4.0667,4.7999,5.1406,5.2444,4.7724,4.5119,4.6796,4.8018,5.2444,0.2534,1.0857,0.2334,HIGH
VM_025,1378881300,4.2333,5.0879,5.3519,5.3462,4.568,4.6615,5.1239,4.915,5.3519,0.3169,1.0857,0.2468,HIGH
VM_025,1378881600,4.0,4.8178,4.8927,4.8026,4.4702,4.6051,4.7306,4.6748,4.9019,0.1563,1.0857,0.1938,HIGH
VM_025,1378881900,8.6333,5.245,5.072,4.9483,4.4969,5.1683,5.6568,5.0326,5.7695,0.4112,1.3456,0.3232,HIGH
VM_025,1378882200,4.1,4.6004,4.5799,4.5318,4.3305,4.9261,5.2279,4.7022,5.431,0.3684,1.3433,0.3135,HIGH
VM_025,1378882500,4.2,4.6625,4.4931,4.3633,4.6877,5.3292,5.1124,4.8722,5.4661,0.4021,1.3426,0.313,HIGH
VM_025,1378882800,4.3333,4.4556,4.3495,4.2828,4.5198,5.0021,4.8902,4.6603,5.1581,0.3229,1.3431,0.2874,HIGH
VM_025,1378883100,4.8333,4.6824,4.5139,4.4873,5.459,5.4555,4.6805,5.0624,5.8199,0.4493,1.3402,0.3296,HIGH
VM_025,1378883400,4.0,4.4091,4.3107,4.2746,5.0018,4.9888,4.4191,4.716,5.276,0.3334,1.3402,0.2904,HIGH
VM_025,1378883700,4.2,4.4922,4.6329,4.732,5.3279,4.8613,4.2683,4.8273,5.3279,0.3122,1.3402,0.2973,HIGH
VM_025,1378884000,4.0,4.3723,4.462,4.4729,4.9287,4.5914,4.1735,4.5792,4.9287,0.2155,1.3402,0.2613,HIGH
VM_025,1378884300,4.2,4.6958,5.1371,5.3109,4.8318,4.4448,4.4387,4.8007,5.3387,0.3236,1.3402,0.2784,HIGH
VM_025,1378884600,4.0667,4.5467,4.8645,4.963,4.4729,4.291,4.4279,4.5561,4.963,0.2394,1.3445,0.2581,HIGH
VM_025,1378884900,4.2333,4.8618,5.0974,5.1153,4.3466,4.4503,4.8444,4.6998,5.1153,0.2895,1.3329,0.2716,HIGH
VM_025,1378885200,4.0,4.6642,4.8292,4.7724,4.2553,4.4346,4.6884,4.5542,4.8434,0.2104,1.3329,0.2446,HIGH
VM_025,1378885500,7.5667,5.0256,5.0085,4.9866,4.5172,5.1079,5.6414,5.0009,5.7332,0.3847,1.292,0.3096,HIGH
VM_025,1378885800,4.3333,4.5431,4.6421,4.6952,4.3102,4.9406,5.422,4.7549,5.5958,0.414,1.2862,0.3171,HIGH
VM_025,1378886100,5.1667,4.6972,4.5488,4.421,4.7389,5.4013,5.2482,4.9396,5.6101,0.4283,1.2854,0.3178,HIGH
VM_025,1378886400,4.2667,4.3839,4.2648,4.2213,4.5439,5.0557,4.8173,4.6511,5.1804,0.3532,1.2836,0.287,HIGH
VM_025,1378886700,4.2667,4.5575,4.4993,4.5442,5.4413,5.3971,4.5558,5.0265,5.7591,0.4482,1.2831,0.3137,HIGH
VM_025,1378887000,4.0,4.4449,4.3643,4.3932,5.1497,5.0336,4.296,4.7858,5.4074,0.3736,1.2831,0.2961,HIGH
VM_025,1378887300,4.2,4.5632,4.6795,4.7686,5.4248,4.9462,4.289,4.9,5.4248,0.3323,1.2831,0.299,HIGH
VM_025,1378887600,5.9,4.6406,4.7108,4.7312,5.3108,4.8223,4.2184,4.8236,5.3108,0.2948,1.1662,0.2788,HIGH
VM_025,1378887900,4.2667,4.8756,5.3234,5.5346,5.2057,4.6622,4.5993,5.0403,5.5938,0.3473,1.1632,0.2669,HIGH
VM_025,1378888200,4.9,4.8593,5.1995,5.3424,4.9354,4.5617,4.6249,4.8867,5.3424,0.2703,1.1581,0.241,HIGH
VM_025,1378888500,5.6,5.3221,5.4808,5.4348,4.7686,4.7771,5.0719,5.047,5.4808,0.2786,1.1697,0.2479,HIGH
VM_025,1378888800,4.0,4.9599,5.106,5.0875,4.5931,4.6519,4.8726,4.8187,5.106,0.1968,1.1697,0.2201,HIGH
VM_025,1378889100,8.6333,5.4315,5.3432,5.2681,4.7305,5.2955,5.9778,5.2462,6.0403,0.4375,1.1697,0.305,HIGH
VM_025,1378889400,4.0,4.7837,4.7322,4.691,4.5959,5.1431,5.4614,4.9054,5.6371,0.377,1.1721,0.2941,HIGH
VM_025,1378889700,4.2,4.7356,4.5722,4.5081,4.9699,5.5856,5.3593,5.0827,5.7265,0.4529,1.1721,0.3015,HIGH
VM_025,1378890000,4.0667,4.4698,4.3591,4.3297,4.778,5.1889,4.9712,4.7987,5.2969,0.3579,1.1772,0.2684,HIGH
VM_025,1378890300,6.2667,4.8929,4.8281,4.8776,5.7004,5.7001,4.9934,5.3544,6.0651,0.4201,1.2196,0.3028,HIGH
VM_025,1378890600,4.0,4.5747,4.6538,4.7557,5.3122,5.2583,4.7694,5.04,5.5324,0.3057,1.2196,0.2698,HIGH
VM_025,1378890900,5.4333,4.9569,5.0923,5.2155,5.7998,5.2816,4.6302,5.2694,5.7998,0.3223,1.2208,0.295,HIGH
VM_025,1378891200,5.9667,4.8475,4.9011,4.9314,5.4087,5.0676,4.5178,5.0285,5.4087,0.2388,1.2297,0.2632,HIGH
VM_025,1378891500,4.1667,5.0497,5.5127,5.7877,5.3987,4.8323,4.6439,5.227,5.843,0.3863,1.2305,0.2997,HIGH
VM_025,1378891800,4.3,4.9066,5.1692,5.3231,4.9876,4.6346,4.5815,4.9208,5.3231,0.2445,1.2246,0.2449,HIGH
VM_025,1378892100,6.3667,5.5279,5.5898,5.5507,5.0457,4.9341,5.1014,5.2037,5.5898,0.2427,1.2508,0.2428,HIGH
VM_025,1378892400,4.0,5.0963,5.2247,5.2286,4.8361,4.7764,4.9297,4.9636,5.2286,0.171,1.2508,0.2226,HIGH
VM_025,1378892700,7.4333,5.4834,5.4411,5.3622,4.8771,5.4342,6.0939,5.3746,6.1241,0.4121,1.2391,0.3065,HIGH
VM_025,1378893000,4.1667,4.8552,4.9009,4.9159,4.6755,5.2668,5.7813,5.0655,5.8893,0.419,1.2434,0.3048,HIGH
VM_025,1378893300,4.2,4.8693,4.7934,4.7401,5.0142,5.6466,5.5515,5.2138,5.8602,0.4165,1.2528,0.3014,HIGH
VM_025,1378893600,4.0667,4.5614,4.4836,4.4191,4.7671,5.2682,5.1,4.8793,5.4019,0.3579,1.2581,0.2782,HIGH
VM_025,1378893900,4.2333,4.6067,4.5951,4.6264,5.5162,5.5571,4.8345,5.1658,5.9461,0.4527,1.2589,0.3213,HIGH
VM_025,1378894200,4.0,4.439,4.4753,4.54,5.2247,5.1349,4.5106,4.8965,5.5035,0.3522,1.2589,0.2875,HIGH
VM_025,1378894500,4.2,4.5676,4.7603,4.9032,5.4549,5.0223,4.4657,4.988,5.4549,0.3066,1.2589,0.2785,HIGH
VM_025,1378894800,4.0,4.4433,4.6493,4.7978,5.227,4.8436,4.4419,4.8414,5.227,0.2514,1.2551,0.2539,HIGH
VM_025,1378895100,4.2,4.8416,5.3504,5.6076,5.1848,4.6996,4.538,5.0622,5.6693,0.3696,1.2566,0.295,HIGH
VM_025,1378895400,4.1333,4.7221,5.1329,5.3796,4.9351,4.5874,4.5814,4.8922,5.3796,0.2809,1.2649,0.2567,HIGH
VM_025,1378895700,4.2667,5.0082,5.3336,5.4766,4.7727,4.7945,5.0872,5.0345,5.4766,0.2451,1.2584,0.2556,HIGH
VM_025,1378896000,4.0,4.8838,5.0813,5.1622,4.6323,4.6028,4.74,4.8127,5.1622,0.1942,1.2584,0.2325,HIGH
VM_025,1378896300,5.7333,4.9507,4.9898,5.0092,4.5636,5.1187,5.5332,5.0088,5.6551,0.33,0.9787,0.2547,HIGH
VM_025,1378896600,4.0,4.5926,4.6419,4.6817,4.4092,4.9478,5.3052,4.7758,5.4686,0.3438,0.9787,0.2509,HIGH
VM_025,1378896900,4.1667,4.663,4.6044,4.5319,4.7298,5.248,5.0693,4.8981,5.3814,0.3191,0.9794,0.236,HIGH
VM_025,1378897200,4.1333,4.4373,4.364,4.277,4.5511,4.9911,4.8482,4.6611,5.1205,0.3056,0.9777,0.2312,HIGH
VM_025,1378897500,4.2,4.4492,4.6383,4.7639,5.2981,5.3017,4.8924,5.0517,5.6035,0.3388,0.9177,0.2543,HIGH
VM_025,1378897800,4.0667,4.3626,4.4831,4.5465,5.0627,4.9956,4.4795,4.8083,5.3513,0.3026,0.916,0.2345,HIGH
VM_025,1378898100,4.1333,4.5676,4.8655,4.9681,5.2921,4.9899,4.5504,4.9787,5.2921,0.2307,0.9004,0.2033,HIGH
VM_025,1378898400,4.0667,4.4749,4.6655,4.7181,5.129,4.8087,4.3831,4.7976,5.129,0.2203,0.8484,0.1971,HIGH
VM_025,1378898700,4.1333,4.9315,5.2813,5.4524,5.1459,4.733,4.6062,5.052,5.5223,0.2976,0.8489,0.2173,HIGH
VM_025,1378899000,4.2,4.7979,5.1118,5.2837,4.9236,4.6226,4.755,4.9129,5.2837,0.2194,0.8498,0.1872,HIGH
VM_025,1378899300,4.2,5.0707,5.3275,5.4625,4.9689,4.8686,5.2093,5.1117,5.4625,0.213,0.7424,0.1736,MEDIUM
VM_025,1378899600,4.0333,4.943,5.0986,5.1288,4.7487,4.7827,4.9706,4.9164,5.1682,0.1583,0.7417,0.1552,MEDIUM
VM_025,1378899900,5.6667,4.9482,5.0536,5.072,4.7253,5.2067,5.6276,5.1049,5.7658,0.3245,0.4514,0.181,HIGH
VM_025,1378900200,4.0667,4.6086,4.6952,4.7196,4.5107,5.0671,5.4491,4.8724,5.6333,0.3768,0.4528,0.1945,HIGH
VM_025,1378900500,4.4333,4.7117,4.6802,4.5895,4.8297,5.3062,5.1141,4.9742,5.4577,0.3225,0.4541,0.1702,MEDIUM
VM_025,1378900800,5.0,4.596,4.4816,4.357,4.708,5.1126,4.9228,4.7829,5.2288,0.3149,0.4759,0.1702,MEDIUM
VM_025,1378901100,6.2667,4.8116,4.8247,4.8066,5.3414,5.4004,5.0086,5.1539,5.6216,0.2967,0.6217,0.1879,HIGH
VM_025,1378901400,7.8667,5.1124,4.9789,4.8584,5.3138,5.3529,4.9323,5.1659,5.5691,0.2379,0.9376,0.2167,HIGH
VM_025,1378901700,4.0667,4.8865,5.0354,5.068,5.391,5.2572,4.9238,5.1743,5.391,0.1607,0.9402,0.1803,HIGH
VM_025,1378902000,4.1,4.7763,4.9223,4.9781,5.34,5.0922,4.699,5.0516,5.34,0.1827,0.9379,0.1962,HIGH
VM_025,1378902300,4.0667,5.071,5.3691,5.5386,5.2925,4.9129,4.6997,5.1759,5.5426,0.2673,0.9404,0.2204,HIGH
VM_025,1378902600,4.2,4.9617,5.1781,5.3496,5.0738,4.7533,4.6627,5.0075,5.3496,0.2151,0.9392,0.2018,HIGH
VM_025,1378902900,4.4,5.0122,5.0889,5.1075,5.0191,4.8507,4.7976,4.9786,5.1075,0.1026,0.9379,0.157,MEDIUM
