epoch,timestamp,method,vm_id,pm_id
1,1378604100,Standard_HO,VM_001,17
1,1378604100,Standard_HO,VM_003,17
1,1378604100,Standard_HO,VM_011,17
1,1378604100,Standard_HO,VM_012,17
1,1378604100,Standard_HO,VM_013,17
1,1378604100,WA-AHO,VM_001,17
1,1378604100,WA-AHO,VM_003,17
1,1378604100,WA-AHO,VM_011,17
1,1378604100,WA-AHO,VM_012,17
1,1378604100,WA-AHO,VM_013,17
1,1378604100,PABFD,VM_012,10
1,1378604100,PABFD,VM_011,11
1,1378604100,PABFD,VM_003,12
1,1378604100,PABFD,VM_001,11
1,1378604100,PABFD,VM_013,12
2,1378604400,Standard_HO,VM_001,18
2,1378604400,Standard_HO,VM_003,18
2,1378604400,Standard_HO,VM_011,18
2,1378604400,Standard_HO,VM_012,18
2,1378604400,Standard_HO,VM_013,18
2,1378604400,WA-AHO,VM_001,19
2,1378604400,WA-AHO,VM_003,19
2,1378604400,WA-AHO,VM_011,19
2,1378604400,WA-AHO,VM_012,19
2,1378604400,WA-AHO,VM_013,19
2,1378604400,PABFD,VM_012,10
2,1378604400,PABFD,VM_011,11
2,1378604400,PABFD,VM_003,12
2,1378604400,PABFD,VM_001,11
2,1378604400,PABFD,VM_013,12
3,1378604700,Standard_HO,VM_001,19
3,1378604700,Standard_HO,VM_003,19
3,1378604700,Standard_HO,VM_011,19
3,1378604700,Standard_HO,VM_012,19
3,1378604700,Standard_HO,VM_013,19
3,1378604700,WA-AHO,VM_001,19
3,1378604700,WA-AHO,VM_003,19
3,1378604700,WA-AHO,VM_011,19
3,1378604700,WA-AHO,VM_012,19
3,1378604700,WA-AHO,VM_013,19
3,1378604700,PABFD,VM_012,10
3,1378604700,PABFD,VM_011,11
3,1378604700,PABFD,VM_003,12
3,1378604700,PABFD,VM_001,11
3,1378604700,PABFD,VM_013,12
4,1378605000,Standard_HO,VM_001,18
4,1378605000,Standard_HO,VM_003,18
4,1378605000,Standard_HO,VM_011,18
4,1378605000,Standard_HO,VM_012,18
4,1378605000,Standard_HO,VM_013,18
4,1378605000,WA-AHO,VM_001,18
4,1378605000,WA-AHO,VM_003,18
4,1378605000,WA-AHO,VM_011,18
4,1378605000,WA-AHO,VM_012,18
4,1378605000,WA-AHO,VM_013,18
4,1378605000,PABFD,VM_012,10
4,1378605000,PABFD,VM_011,11
4,1378605000,PABFD,VM_003,12
4,1378605000,PABFD,VM_001,11
4,1378605000,PABFD,VM_013,12
5,1378605300,Standard_HO,VM_001,18
5,1378605300,Standard_HO,VM_003,18
5,1378605300,Standard_HO,VM_011,18
5,1378605300,Standard_HO,VM_012,18
5,1378605300,Standard_HO,VM_013,18
5,1378605300,WA-AHO,VM_001,18
5,1378605300,WA-AHO,VM_003,18
5,1378605300,WA-AHO,VM_011,18
5,1378605300,WA-AHO,VM_012,18
5,1378605300,WA-AHO,VM_013,18
5,1378605300,PABFD,VM_012,10
5,1378605300,PABFD,VM_011,11
5,1378605300,PABFD,VM_003,12
5,1378605300,PABFD,VM_001,11
5,1378605300,PABFD,VM_013,12
6,1378605600,Standard_HO,VM_001,18
6,1378605600,Standard_HO,VM_003,18
6,1378605600,Standard_HO,VM_011,18
6,1378605600,Standard_HO,VM_012,18
6,1378605600,Standard_HO,VM_013,18
6,1378605600,WA-AHO,VM_001,18
6,1378605600,WA-AHO,VM_003,18
6,1378605600,WA-AHO,VM_011,18
6,1378605600,WA-AHO,VM_012,18
6,1378605600,WA-AHO,VM_013,18
6,1378605600,PABFD,VM_012,10
6,1378605600,PABFD,VM_011,11
6,1378605600,PABFD,VM_003,12
6,1378605600,PABFD,VM_001,11
6,1378605600,PABFD,VM_013,12
7,1378605900,Standard_HO,VM_001,18
7,1378605900,Standard_HO,VM_003,18
7,1378605900,Standard_HO,VM_011,18
7,1378605900,Standard_HO,VM_012,18
7,1378605900,Standard_HO,VM_013,18
7,1378605900,WA-AHO,VM_001,18
7,1378605900,WA-AHO,VM_003,18
7,1378605900,WA-AHO,VM_011,18
7,1378605900,WA-AHO,VM_012,18
7,1378605900,WA-AHO,VM_013,18
7,1378605900,PABFD,VM_012,10
7,1378605900,PABFD,VM_011,11
7,1378605900,PABFD,VM_003,12
7,1378605900,PABFD,VM_001,11
7,1378605900,PABFD,VM_013,12
8,1378606200,Standard_HO,VM_001,19
8,1378606200,Standard_HO,VM_003,19
8,1378606200,Standard_HO,VM_011,19
8,1378606200,Standard_HO,VM_012,19
8,1378606200,Standard_HO,VM_013,19
8,1378606200,WA-AHO,VM_001,16
8,1378606200,WA-AHO,VM_003,16
8,1378606200,WA-AHO,VM_011,16
8,1378606200,WA-AHO,VM_012,16
8,1378606200,WA-AHO,VM_013,16
8,1378606200,PABFD,VM_012,10
8,1378606200,PABFD,VM_011,11
8,1378606200,PABFD,VM_003,12
8,1378606200,PABFD,VM_001,11
8,1378606200,PABFD,VM_013,12
9,1378606500,Standard_HO,VM_001,19
9,1378606500,Standard_HO,VM_003,19
9,1378606500,Standard_HO,VM_011,19
9,1378606500,Standard_HO,VM_012,19
9,1378606500,Standard_HO,VM_013,19
9,1378606500,WA-AHO,VM_001,18
9,1378606500,WA-AHO,VM_003,18
9,1378606500,WA-AHO,VM_011,18
9,1378606500,WA-AHO,VM_012,18
9,1378606500,WA-AHO,VM_013,18
9,1378606500,PABFD,VM_012,10
9,1378606500,PABFD,VM_011,11
9,1378606500,PABFD,VM_003,12
9,1378606500,PABFD,VM_001,11
9,1378606500,PABFD,VM_013,12
10,1378606800,Standard_HO,VM_001,19
10,1378606800,Standard_HO,VM_003,19
10,1378606800,Standard_HO,VM_011,19
10,1378606800,Standard_HO,VM_012,19
10,1378606800,Standard_HO,VM_013,19
10,1378606800,WA-AHO,VM_001,19
10,1378606800,WA-AHO,VM_003,19
10,1378606800,WA-AHO,VM_011,19
10,1378606800,WA-AHO,VM_012,19
10,1378606800,WA-AHO,VM_013,19
10,1378606800,PABFD,VM_012,10
10,1378606800,PABFD,VM_011,11
10,1378606800,PABFD,VM_003,12
10,1378606800,PABFD,VM_001,11
10,1378606800,PABFD,VM_013,12
11,1378607100,Standard_HO,VM_001,17
11,1378607100,Standard_HO,VM_003,17
11,1378607100,Standard_HO,VM_011,17
11,1378607100,Standard_HO,VM_012,17
11,1378607100,Standard_HO,VM_013,17
11,1378607100,WA-AHO,VM_001,17
11,1378607100,WA-AHO,VM_003,17
11,1378607100,WA-AHO,VM_011,17
11,1378607100,WA-AHO,VM_012,17
11,1378607100,WA-AHO,VM_013,17
11,1378607100,PABFD,VM_012,10
11,1378607100,PABFD,VM_011,11
11,1378607100,PABFD,VM_003,12
11,1378607100,PABFD,VM_001,11
11,1378607100,PABFD,VM_013,12
12,1378607400,Standard_HO,VM_001,16
12,1378607400,Standard_HO,VM_003,16
12,1378607400,Standard_HO,VM_011,16
12,1378607400,Standard_HO,VM_012,16
12,1378607400,Standard_HO,VM_013,16
12,1378607400,WA-AHO,VM_001,16
12,1378607400,WA-AHO,VM_003,16
12,1378607400,WA-AHO,VM_011,16
12,1378607400,WA-AHO,VM_012,16
12,1378607400,WA-AHO,VM_013,16
12,1378607400,PABFD,VM_012,10
12,1378607400,PABFD,VM_011,11
12,1378607400,PABFD,VM_003,12
12,1378607400,PABFD,VM_001,11
12,1378607400,PABFD,VM_013,12
13,1378607700,Standard_HO,VM_001,19
13,1378607700,Standard_HO,VM_003,19
13,1378607700,Standard_HO,VM_011,19
13,1378607700,Standard_HO,VM_012,19
13,1378607700,Standard_HO,VM_013,19
13,1378607700,WA-AHO,VM_001,19
13,1378607700,WA-AHO,VM_003,19
13,1378607700,WA-AHO,VM_011,19
13,1378607700,WA-AHO,VM_012,19
13,1378607700,WA-AHO,VM_013,19
13,1378607700,PABFD,VM_012,10
13,1378607700,PABFD,VM_011,11
13,1378607700,PABFD,VM_003,12
13,1378607700,PABFD,VM_001,11
13,1378607700,PABFD,VM_013,12
14,1378608000,Standard_HO,VM_001,18
14,1378608000,Standard_HO,VM_003,18
14,1378608000,Standard_HO,VM_011,18
14,1378608000,Standard_HO,VM_012,18
14,1378608000,Standard_HO,VM_013,18
14,1378608000,WA-AHO,VM_001,18
14,1378608000,WA-AHO,VM_003,18
14,1378608000,WA-AHO,VM_011,18
14,1378608000,WA-AHO,VM_012,18
14,1378608000,WA-AHO,VM_013,18
14,1378608000,PABFD,VM_012,10
14,1378608000,PABFD,VM_011,11
14,1378608000,PABFD,VM_003,12
14,1378608000,PABFD,VM_001,11
14,1378608000,PABFD,VM_013,12
15,1378608300,Standard_HO,VM_001,17
15,1378608300,Standard_HO,VM_003,17
15,1378608300,Standard_HO,VM_011,17
15,1378608300,Standard_HO,VM_012,17
15,1378608300,Standard_HO,VM_013,17
15,1378608300,WA-AHO,VM_001,19
15,1378608300,WA-AHO,VM_003,19
15,1378608300,WA-AHO,VM_011,19
15,1378608300,WA-AHO,VM_012,19
15,1378608300,WA-AHO,VM_013,19
15,1378608300,PABFD,VM_012,10
15,1378608300,PABFD,VM_011,11
15,1378608300,PABFD,VM_003,12
15,1378608300,PABFD,VM_001,11
15,1378608300,PABFD,VM_013,12
16,1378608600,Standard_HO,VM_001,16
16,1378608600,Standard_HO,VM_003,16
16,1378608600,Standard_HO,VM_011,16
16,1378608600,Standard_HO,VM_012,16
16,1378608600,Standard_HO,VM_013,16
16,1378608600,WA-AHO,VM_001,17
16,1378608600,WA-AHO,VM_003,17
16,1378608600,WA-AHO,VM_011,17
16,1378608600,WA-AHO,VM_012,17
16,1378608600,WA-AHO,VM_013,17
16,1378608600,PABFD,VM_012,10
16,1378608600,PABFD,VM_011,11
16,1378608600,PABFD,VM_003,12
16,1378608600,PABFD,VM_001,11
16,1378608600,PABFD,VM_013,12
17,1378608900,Standard_HO,VM_001,18
17,1378608900,Standard_HO,VM_003,18
17,1378608900,Standard_HO,VM_011,18
17,1378608900,Standard_HO,VM_012,18
17,1378608900,Standard_HO,VM_013,18
17,1378608900,WA-AHO,VM_001,18
17,1378608900,WA-AHO,VM_003,18
17,1378608900,WA-AHO,VM_011,18
17,1378608900,WA-AHO,VM_012,18
17,1378608900,WA-AHO,VM_013,18
17,1378608900,PABFD,VM_012,10
17,1378608900,PABFD,VM_011,11
17,1378608900,PABFD,VM_003,12
17,1378608900,PABFD,VM_001,11
17,1378608900,PABFD,VM_013,12
18,1378609200,Standard_HO,VM_001,18
18,1378609200,Standard_HO,VM_003,18
18,1378609200,Standard_HO,VM_011,18
18,1378609200,Standard_HO,VM_012,18
18,1378609200,Standard_HO,VM_013,18
18,1378609200,WA-AHO,VM_001,16
18,1378609200,WA-AHO,VM_003,16
18,1378609200,WA-AHO,VM_011,16
18,1378609200,WA-AHO,VM_012,16
18,1378609200,WA-AHO,VM_013,16
18,1378609200,PABFD,VM_012,10
18,1378609200,PABFD,VM_011,11
18,1378609200,PABFD,VM_003,12
18,1378609200,PABFD,VM_001,11
18,1378609200,PABFD,VM_013,12
19,1378609500,Standard_HO,VM_001,16
19,1378609500,Standard_HO,VM_003,16
19,1378609500,Standard_HO,VM_011,16
19,1378609500,Standard_HO,VM_012,16
19,1378609500,Standard_HO,VM_013,16
19,1378609500,WA-AHO,VM_001,16
19,1378609500,WA-AHO,VM_003,16
19,1378609500,WA-AHO,VM_011,16
19,1378609500,WA-AHO,VM_012,16
19,1378609500,WA-AHO,VM_013,16
19,1378609500,PABFD,VM_012,10
19,1378609500,PABFD,VM_011,11
19,1378609500,PABFD,VM_003,12
19,1378609500,PABFD,VM_001,11
19,1378609500,PABFD,VM_013,12
20,1378609800,Standard_HO,VM_001,19
20,1378609800,Standard_HO,VM_003,19
20,1378609800,Standard_HO,VM_011,19
20,1378609800,Standard_HO,VM_012,19
20,1378609800,Standard_HO,VM_013,19
20,1378609800,WA-AHO,VM_001,18
20,1378609800,WA-AHO,VM_003,18
20,1378609800,WA-AHO,VM_011,18
20,1378609800,WA-AHO,VM_012,18
20,1378609800,WA-AHO,VM_013,18
20,1378609800,PABFD,VM_012,10
20,1378609800,PABFD,VM_011,11
20,1378609800,PABFD,VM_003,12
20,1378609800,PABFD,VM_001,11
20,1378609800,PABFD,VM_013,12
21,1378610100,Standard_HO,VM_001,19
21,1378610100,Standard_HO,VM_003,19
21,1378610100,Standard_HO,VM_011,19
21,1378610100,Standard_HO,VM_012,19
21,1378610100,Standard_HO,VM_013,19
21,1378610100,WA-AHO,VM_001,19
21,1378610100,WA-AHO,VM_003,19
21,1378610100,WA-AHO,VM_011,19
21,1378610100,WA-AHO,VM_012,19
21,1378610100,WA-AHO,VM_013,19
21,1378610100,PABFD,VM_012,10
21,1378610100,PABFD,VM_011,11
21,1378610100,PABFD,VM_003,12
21,1378610100,PABFD,VM_001,11
21,1378610100,PABFD,VM_013,12
22,1378610400,Standard_HO,VM_001,17
22,1378610400,Standard_HO,VM_003,17
22,1378610400,Standard_HO,VM_011,17
22,1378610400,Standard_HO,VM_012,17
22,1378610400,Standard_HO,VM_013,17
22,1378610400,WA-AHO,VM_001,17
22,1378610400,WA-AHO,VM_003,17
22,1378610400,WA-AHO,VM_011,17
22,1378610400,WA-AHO,VM_012,17
22,1378610400,WA-AHO,VM_013,17
22,1378610400,PABFD,VM_012,10
22,1378610400,PABFD,VM_011,11
22,1378610400,PABFD,VM_003,12
22,1378610400,PABFD,VM_001,11
22,1378610400,PABFD,VM_013,12
23,1378610700,Standard_HO,VM_001,16
23,1378610700,Standard_HO,VM_003,16
23,1378610700,Standard_HO,VM_011,16
23,1378610700,Standard_HO,VM_012,16
23,1378610700,Standard_HO,VM_013,16
23,1378610700,WA-AHO,VM_001,16
23,1378610700,WA-AHO,VM_003,16
23,1378610700,WA-AHO,VM_011,16
23,1378610700,WA-AHO,VM_012,16
23,1378610700,WA-AHO,VM_013,16
23,1378610700,PABFD,VM_012,10
23,1378610700,PABFD,VM_011,11
23,1378610700,PABFD,VM_003,12
23,1378610700,PABFD,VM_001,11
23,1378610700,PABFD,VM_013,12
24,1378611000,Standard_HO,VM_001,18
24,1378611000,Standard_HO,VM_003,18
24,1378611000,Standard_HO,VM_011,18
24,1378611000,Standard_HO,VM_012,18
24,1378611000,Standard_HO,VM_013,18
24,1378611000,WA-AHO,VM_001,17
24,1378611000,WA-AHO,VM_003,17
24,1378611000,WA-AHO,VM_011,17
24,1378611000,WA-AHO,VM_012,17
24,1378611000,WA-AHO,VM_013,17
24,1378611000,PABFD,VM_012,10
24,1378611000,PABFD,VM_011,11
24,1378611000,PABFD,VM_003,12
24,1378611000,PABFD,VM_001,11
24,1378611000,PABFD,VM_013,12
25,1378611300,Standard_HO,VM_001,18
25,1378611300,Standard_HO,VM_003,18
25,1378611300,Standard_HO,VM_011,18
25,1378611300,Standard_HO,VM_012,18
25,1378611300,Standard_HO,VM_013,18
25,1378611300,WA-AHO,VM_001,18
25,1378611300,WA-AHO,VM_003,18
25,1378611300,WA-AHO,VM_011,18
25,1378611300,WA-AHO,VM_012,18
25,1378611300,WA-AHO,VM_013,18
25,1378611300,PABFD,VM_012,10
25,1378611300,PABFD,VM_011,11
25,1378611300,PABFD,VM_003,12
25,1378611300,PABFD,VM_001,11
25,1378611300,PABFD,VM_013,12
26,1378611600,Standard_HO,VM_001,18
26,1378611600,Standard_HO,VM_003,18
26,1378611600,Standard_HO,VM_011,18
26,1378611600,Standard_HO,VM_012,18
26,1378611600,Standard_HO,VM_013,18
26,1378611600,WA-AHO,VM_001,18
26,1378611600,WA-AHO,VM_003,18
26,1378611600,WA-AHO,VM_011,18
26,1378611600,WA-AHO,VM_012,18
26,1378611600,WA-AHO,VM_013,18
26,1378611600,PABFD,VM_012,10
26,1378611600,PABFD,VM_011,11
26,1378611600,PABFD,VM_003,12
26,1378611600,PABFD,VM_001,11
26,1378611600,PABFD,VM_013,12
27,1378611900,Standard_HO,VM_001,19
27,1378611900,Standard_HO,VM_003,19
27,1378611900,Standard_HO,VM_011,19
27,1378611900,Standard_HO,VM_012,19
27,1378611900,Standard_HO,VM_013,19
27,1378611900,WA-AHO,VM_001,19
27,1378611900,WA-AHO,VM_003,19
27,1378611900,WA-AHO,VM_011,19
27,1378611900,WA-AHO,VM_012,19
27,1378611900,WA-AHO,VM_013,19
27,1378611900,PABFD,VM_012,10
27,1378611900,PABFD,VM_011,11
27,1378611900,PABFD,VM_003,12
27,1378611900,PABFD,VM_001,11
27,1378611900,PABFD,VM_013,12
28,1378612200,Standard_HO,VM_001,19
28,1378612200,Standard_HO,VM_003,19
28,1378612200,Standard_HO,VM_011,19
28,1378612200,Standard_HO,VM_012,19
28,1378612200,Standard_HO,VM_013,19
28,1378612200,WA-AHO,VM_001,19
28,1378612200,WA-AHO,VM_003,19
28,1378612200,WA-AHO,VM_011,19
28,1378612200,WA-AHO,VM_012,19
28,1378612200,WA-AHO,VM_013,19
28,1378612200,PABFD,VM_012,10
28,1378612200,PABFD,VM_011,11
28,1378612200,PABFD,VM_003,12
28,1378612200,PABFD,VM_001,11
28,1378612200,PABFD,VM_013,12
29,1378612500,Standard_HO,VM_001,17
29,1378612500,Standard_HO,VM_003,17
29,1378612500,Standard_HO,VM_011,17
29,1378612500,Standard_HO,VM_012,17
29,1378612500,Standard_HO,VM_013,17
29,1378612500,WA-AHO,VM_001,17
29,1378612500,WA-AHO,VM_003,17
29,1378612500,WA-AHO,VM_011,17
29,1378612500,WA-AHO,VM_012,17
29,1378612500,WA-AHO,VM_013,17
29,1378612500,PABFD,VM_012,10
29,1378612500,PABFD,VM_011,11
29,1378612500,PABFD,VM_003,12
29,1378612500,PABFD,VM_001,11
29,1378612500,PABFD,VM_013,12
30,1378612800,Standard_HO,VM_001,19
30,1378612800,Standard_HO,VM_003,19
30,1378612800,Standard_HO,VM_011,19
30,1378612800,Standard_HO,VM_012,19
30,1378612800,Standard_HO,VM_013,19
30,1378612800,WA-AHO,VM_001,19
30,1378612800,WA-AHO,VM_003,19
30,1378612800,WA-AHO,VM_011,19
30,1378612800,WA-AHO,VM_012,19
30,1378612800,WA-AHO,VM_013,19
30,1378612800,PABFD,VM_012,10
30,1378612800,PABFD,VM_011,11
30,1378612800,PABFD,VM_003,12
30,1378612800,PABFD,VM_001,11
30,1378612800,PABFD,VM_013,12
31,1378613100,Standard_HO,VM_001,18
31,1378613100,Standard_HO,VM_003,18
31,1378613100,Standard_HO,VM_011,18
31,1378613100,Standard_HO,VM_012,18
31,1378613100,Standard_HO,VM_013,18
31,1378613100,WA-AHO,VM_001,18
31,1378613100,WA-AHO,VM_003,18
31,1378613100,WA-AHO,VM_011,18
31,1378613100,WA-AHO,VM_012,18
31,1378613100,WA-AHO,VM_013,18
31,1378613100,PABFD,VM_012,10
31,1378613100,PABFD,VM_011,11
31,1378613100,PABFD,VM_003,12
31,1378613100,PABFD,VM_001,11
31,1378613100,PABFD,VM_013,12
32,1378613400,Standard_HO,VM_001,18
32,1378613400,Standard_HO,VM_003,18
32,1378613400,Standard_HO,VM_011,18
32,1378613400,Standard_HO,VM_012,18
32,1378613400,Standard_HO,VM_013,18
32,1378613400,WA-AHO,VM_001,18
32,1378613400,WA-AHO,VM_003,18
32,1378613400,WA-AHO,VM_011,18
32,1378613400,WA-AHO,VM_012,18
32,1378613400,WA-AHO,VM_013,18
32,1378613400,PABFD,VM_012,10
32,1378613400,PABFD,VM_011,11
32,1378613400,PABFD,VM_003,12
32,1378613400,PABFD,VM_001,11
32,1378613400,PABFD,VM_013,12
33,1378613700,Standard_HO,VM_001,17
33,1378613700,Standard_HO,VM_003,17
33,1378613700,Standard_HO,VM_011,14
33,1378613700,Standard_HO,VM_012,17
33,1378613700,Standard_HO,VM_013,14
33,1378613700,Standard_HO,VM_023,17
33,1378613700,Standard_HO,VM_025,17
33,1378613700,WA-AHO,VM_001,16
33,1378613700,WA-AHO,VM_003,16
33,1378613700,WA-AHO,VM_011,11
33,1378613700,WA-AHO,VM_012,16
33,1378613700,WA-AHO,VM_013,11
33,1378613700,WA-AHO,VM_023,16
33,1378613700,WA-AHO,VM_025,16
33,1378613700,PABFD,VM_012,10
33,1378613700,PABFD,VM_011,11
33,1378613700,PABFD,VM_025,12
33,1378613700,PABFD,VM_003,13
33,1378613700,PABFD,VM_023,13
33,1378613700,PABFD,VM_001,11
33,1378613700,PABFD,VM_013,12
34,1378614000,Standard_HO,VM_001,19
34,1378614000,Standard_HO,VM_003,13
34,1378614000,Standard_HO,VM_011,19
34,1378614000,Standard_HO,VM_012,19
34,1378614000,Standard_HO,VM_013,19
34,1378614000,Standard_HO,VM_023,13
34,1378614000,Standard_HO,VM_025,19
34,1378614000,WA-AHO,VM_001,17
34,1378614000,WA-AHO,VM_003,17
34,1378614000,WA-AHO,VM_011,17
34,1378614000,WA-AHO,VM_012,17
34,1378614000,WA-AHO,VM_013,13
34,1378614000,WA-AHO,VM_023,17
34,1378614000,WA-AHO,VM_025,13
34,1378614000,PABFD,VM_012,10
34,1378614000,PABFD,VM_011,11
34,1378614000,PABFD,VM_025,12
34,1378614000,PABFD,VM_003,13
34,1378614000,PABFD,VM_023,13
34,1378614000,PABFD,VM_001,11
34,1378614000,PABFD,VM_013,12
35,1378614300,Standard_HO,VM_001,18
35,1378614300,Standard_HO,VM_003,18
35,1378614300,Standard_HO,VM_011,12
35,1378614300,Standard_HO,VM_012,18
35,1378614300,Standard_HO,VM_013,12
35,1378614300,Standard_HO,VM_023,18
35,1378614300,Standard_HO,VM_025,18
35,1378614300,WA-AHO,VM_001,19
35,1378614300,WA-AHO,VM_003,19
35,1378614300,WA-AHO,VM_011,13
35,1378614300,WA-AHO,VM_012,19
35,1378614300,WA-AHO,VM_013,13
35,1378614300,WA-AHO,VM_023,19
35,1378614300,WA-AHO,VM_025,19
35,1378614300,PABFD,VM_012,10
35,1378614300,PABFD,VM_011,11
35,1378614300,PABFD,VM_025,12
35,1378614300,PABFD,VM_003,13
35,1378614300,PABFD,VM_023,13
35,1378614300,PABFD,VM_001,11
35,1378614300,PABFD,VM_013,12
36,1378614600,Standard_HO,VM_001,17
36,1378614600,Standard_HO,VM_003,17
36,1378614600,Standard_HO,VM_011,10
36,1378614600,Standard_HO,VM_012,17
36,1378614600,Standard_HO,VM_013,10
36,1378614600,Standard_HO,VM_023,17
36,1378614600,Standard_HO,VM_025,17
36,1378614600,WA-AHO,VM_001,19
36,1378614600,WA-AHO,VM_003,19
36,1378614600,WA-AHO,VM_011,14
36,1378614600,WA-AHO,VM_012,19
36,1378614600,WA-AHO,VM_013,14
36,1378614600,WA-AHO,VM_023,19
36,1378614600,WA-AHO,VM_025,19
36,1378614600,PABFD,VM_012,10
36,1378614600,PABFD,VM_011,11
36,1378614600,PABFD,VM_025,12
36,1378614600,PABFD,VM_003,13
36,1378614600,PABFD,VM_023,13
36,1378614600,PABFD,VM_001,11
36,1378614600,PABFD,VM_013,12
37,1378614900,Standard_HO,VM_001,16
37,1378614900,Standard_HO,VM_003,16
37,1378614900,Standard_HO,VM_011,13
37,1378614900,Standard_HO,VM_012,16
37,1378614900,Standard_HO,VM_013,13
37,1378614900,Standard_HO,VM_023,16
37,1378614900,Standard_HO,VM_025,16
37,1378614900,WA-AHO,VM_001,19
37,1378614900,WA-AHO,VM_003,19
37,1378614900,WA-AHO,VM_011,12
37,1378614900,WA-AHO,VM_012,19
37,1378614900,WA-AHO,VM_013,12
37,1378614900,WA-AHO,VM_023,19
37,1378614900,WA-AHO,VM_025,19
37,1378614900,PABFD,VM_012,10
37,1378614900,PABFD,VM_011,11
37,1378614900,PABFD,VM_025,12
37,1378614900,PABFD,VM_003,13
37,1378614900,PABFD,VM_023,13
37,1378614900,PABFD,VM_001,11
37,1378614900,PABFD,VM_013,12
38,1378615200,Standard_HO,VM_001,18
38,1378615200,Standard_HO,VM_003,18
38,1378615200,Standard_HO,VM_011,14
38,1378615200,Standard_HO,VM_012,18
38,1378615200,Standard_HO,VM_013,14
38,1378615200,Standard_HO,VM_023,18
38,1378615200,Standard_HO,VM_025,18
38,1378615200,WA-AHO,VM_001,17
38,1378615200,WA-AHO,VM_003,17
38,1378615200,WA-AHO,VM_011,17
38,1378615200,WA-AHO,VM_012,17
38,1378615200,WA-AHO,VM_013,11
38,1378615200,WA-AHO,VM_023,17
38,1378615200,WA-AHO,VM_025,11
38,1378615200,PABFD,VM_012,10
38,1378615200,PABFD,VM_011,11
38,1378615200,PABFD,VM_025,12
38,1378615200,PABFD,VM_003,13
38,1378615200,PABFD,VM_023,13
38,1378615200,PABFD,VM_001,11
38,1378615200,PABFD,VM_013,12
39,1378615500,Standard_HO,VM_001,18
39,1378615500,Standard_HO,VM_003,18
39,1378615500,Standard_HO,VM_011,13
39,1378615500,Standard_HO,VM_012,18
39,1378615500,Standard_HO,VM_013,13
39,1378615500,Standard_HO,VM_023,18
39,1378615500,Standard_HO,VM_025,18
39,1378615500,WA-AHO,VM_001,17
39,1378615500,WA-AHO,VM_003,17
39,1378615500,WA-AHO,VM_011,13
39,1378615500,WA-AHO,VM_012,17
39,1378615500,WA-AHO,VM_013,13
39,1378615500,WA-AHO,VM_023,17
39,1378615500,WA-AHO,VM_025,17
39,1378615500,PABFD,VM_012,10
39,1378615500,PABFD,VM_011,11
39,1378615500,PABFD,VM_025,12
39,1378615500,PABFD,VM_003,13
39,1378615500,PABFD,VM_023,13
39,1378615500,PABFD,VM_001,11
39,1378615500,PABFD,VM_013,12
40,1378615800,Standard_HO,VM_001,18
40,1378615800,Standard_HO,VM_003,18
40,1378615800,Standard_HO,VM_011,15
40,1378615800,Standard_HO,VM_012,18
40,1378615800,Standard_HO,VM_013,15
40,1378615800,Standard_HO,VM_023,18
40,1378615800,Standard_HO,VM_025,18
40,1378615800,WA-AHO,VM_001,19
40,1378615800,WA-AHO,VM_003,19
40,1378615800,WA-AHO,VM_011,10
40,1378615800,WA-AHO,VM_012,19
40,1378615800,WA-AHO,VM_013,10
40,1378615800,WA-AHO,VM_023,19
40,1378615800,WA-AHO,VM_025,19
40,1378615800,PABFD,VM_012,10
40,1378615800,PABFD,VM_011,11
40,1378615800,PABFD,VM_025,12
40,1378615800,PABFD,VM_003,13
40,1378615800,PABFD,VM_023,13
40,1378615800,PABFD,VM_001,11
40,1378615800,PABFD,VM_013,12
41,1378616100,Standard_HO,VM_001,18
41,1378616100,Standard_HO,VM_003,18
41,1378616100,Standard_HO,VM_011,11
41,1378616100,Standard_HO,VM_012,18
41,1378616100,Standard_HO,VM_013,11
41,1378616100,Standard_HO,VM_023,18
41,1378616100,Standard_HO,VM_025,18
41,1378616100,WA-AHO,VM_001,17
41,1378616100,WA-AHO,VM_003,17
41,1378616100,WA-AHO,VM_011,13
41,1378616100,WA-AHO,VM_012,17
41,1378616100,WA-AHO,VM_013,13
41,1378616100,WA-AHO,VM_023,17
41,1378616100,WA-AHO,VM_025,17
41,1378616100,PABFD,VM_012,10
41,1378616100,PABFD,VM_011,11
41,1378616100,PABFD,VM_025,12
41,1378616100,PABFD,VM_003,13
41,1378616100,PABFD,VM_023,13
41,1378616100,PABFD,VM_001,11
41,1378616100,PABFD,VM_013,12
42,1378616400,Standard_HO,VM_001,19
42,1378616400,Standard_HO,VM_003,19
42,1378616400,Standard_HO,VM_011,10
42,1378616400,Standard_HO,VM_012,19
42,1378616400,Standard_HO,VM_013,10
42,1378616400,Standard_HO,VM_023,19
42,1378616400,Standard_HO,VM_025,19
42,1378616400,WA-AHO,VM_001,19
42,1378616400,WA-AHO,VM_003,19
42,1378616400,WA-AHO,VM_011,10
42,1378616400,WA-AHO,VM_012,19
42,1378616400,WA-AHO,VM_013,10
42,1378616400,WA-AHO,VM_023,19
42,1378616400,WA-AHO,VM_025,19
42,1378616400,PABFD,VM_012,10
42,1378616400,PABFD,VM_011,11
42,1378616400,PABFD,VM_025,12
42,1378616400,PABFD,VM_003,13
42,1378616400,PABFD,VM_023,13
42,1378616400,PABFD,VM_001,11
42,1378616400,PABFD,VM_013,12
43,1378616700,Standard_HO,VM_001,19
43,1378616700,Standard_HO,VM_003,19
43,1378616700,Standard_HO,VM_011,14
43,1378616700,Standard_HO,VM_012,19
43,1378616700,Standard_HO,VM_013,14
43,1378616700,Standard_HO,VM_023,19
43,1378616700,Standard_HO,VM_025,19
43,1378616700,WA-AHO,VM_001,18
43,1378616700,WA-AHO,VM_003,18
43,1378616700,WA-AHO,VM_011,14
43,1378616700,WA-AHO,VM_012,18
43,1378616700,WA-AHO,VM_013,14
43,1378616700,WA-AHO,VM_023,18
43,1378616700,WA-AHO,VM_025,18
43,1378616700,PABFD,VM_012,10
43,1378616700,PABFD,VM_011,11
43,1378616700,PABFD,VM_025,12
43,1378616700,PABFD,VM_003,13
43,1378616700,PABFD,VM_023,13
43,1378616700,PABFD,VM_001,11
43,1378616700,PABFD,VM_013,12
44,1378617000,Standard_HO,VM_001,18
44,1378617000,Standard_HO,VM_003,18
44,1378617000,Standard_HO,VM_011,10
44,1378617000,Standard_HO,VM_012,18
44,1378617000,Standard_HO,VM_013,10
44,1378617000,Standard_HO,VM_023,18
44,1378617000,Standard_HO,VM_025,18
44,1378617000,WA-AHO,VM_001,18
44,1378617000,WA-AHO,VM_003,18
44,1378617000,WA-AHO,VM_011,10
44,1378617000,WA-AHO,VM_012,18
44,1378617000,WA-AHO,VM_013,10
44,1378617000,WA-AHO,VM_023,18
44,1378617000,WA-AHO,VM_025,18
44,1378617000,PABFD,VM_012,10
44,1378617000,PABFD,VM_011,11
44,1378617000,PABFD,VM_025,12
44,1378617000,PABFD,VM_003,13
44,1378617000,PABFD,VM_023,13
44,1378617000,PABFD,VM_001,11
44,1378617000,PABFD,VM_013,12
45,1378617300,Standard_HO,VM_001,18
45,1378617300,Standard_HO,VM_003,18
45,1378617300,Standard_HO,VM_011,12
45,1378617300,Standard_HO,VM_012,18
45,1378617300,Standard_HO,VM_013,12
45,1378617300,Standard_HO,VM_023,18
45,1378617300,Standard_HO,VM_025,18
45,1378617300,WA-AHO,VM_001,19
45,1378617300,WA-AHO,VM_003,19
45,1378617300,WA-AHO,VM_011,15
45,1378617300,WA-AHO,VM_012,19
45,1378617300,WA-AHO,VM_013,15
45,1378617300,WA-AHO,VM_023,19
45,1378617300,WA-AHO,VM_025,19
45,1378617300,PABFD,VM_012,10
45,1378617300,PABFD,VM_011,11
45,1378617300,PABFD,VM_025,12
45,1378617300,PABFD,VM_003,13
45,1378617300,PABFD,VM_023,13
45,1378617300,PABFD,VM_001,11
45,1378617300,PABFD,VM_013,12
46,1378617600,Standard_HO,VM_001,19
46,1378617600,Standard_HO,VM_003,19
46,1378617600,Standard_HO,VM_011,19
46,1378617600,Standard_HO,VM_012,19
46,1378617600,Standard_HO,VM_013,12
46,1378617600,Standard_HO,VM_023,19
46,1378617600,Standard_HO,VM_025,12
46,1378617600,WA-AHO,VM_001,19
46,1378617600,WA-AHO,VM_003,19
46,1378617600,WA-AHO,VM_011,19
46,1378617600,WA-AHO,VM_012,19
46,1378617600,WA-AHO,VM_013,12
46,1378617600,WA-AHO,VM_023,19
46,1378617600,WA-AHO,VM_025,12
46,1378617600,PABFD,VM_012,10
46,1378617600,PABFD,VM_011,11
46,1378617600,PABFD,VM_025,12
46,1378617600,PABFD,VM_003,13
46,1378617600,PABFD,VM_023,13
46,1378617600,PABFD,VM_001,11
46,1378617600,PABFD,VM_013,12
47,1378617900,Standard_HO,VM_001,19
47,1378617900,Standard_HO,VM_003,19
47,1378617900,Standard_HO,VM_011,12
47,1378617900,Standard_HO,VM_012,19
47,1378617900,Standard_HO,VM_013,12
47,1378617900,Standard_HO,VM_023,19
47,1378617900,Standard_HO,VM_025,19
47,1378617900,WA-AHO,VM_001,16
47,1378617900,WA-AHO,VM_003,16
47,1378617900,WA-AHO,VM_011,10
47,1378617900,WA-AHO,VM_012,16
47,1378617900,WA-AHO,VM_013,10
47,1378617900,WA-AHO,VM_023,16
47,1378617900,WA-AHO,VM_025,16
47,1378617900,PABFD,VM_012,10
47,1378617900,PABFD,VM_011,11
47,1378617900,PABFD,VM_025,12
47,1378617900,PABFD,VM_003,13
47,1378617900,PABFD,VM_023,13
47,1378617900,PABFD,VM_001,11
47,1378617900,PABFD,VM_013,12
48,1378618200,Standard_HO,VM_001,17
48,1378618200,Standard_HO,VM_003,17
48,1378618200,Standard_HO,VM_011,14
48,1378618200,Standard_HO,VM_012,17
48,1378618200,Standard_HO,VM_013,14
48,1378618200,Standard_HO,VM_023,17
48,1378618200,Standard_HO,VM_025,17
48,1378618200,WA-AHO,VM_001,18
48,1378618200,WA-AHO,VM_003,18
48,1378618200,WA-AHO,VM_011,13
48,1378618200,WA-AHO,VM_012,18
48,1378618200,WA-AHO,VM_013,13
48,1378618200,WA-AHO,VM_023,18
48,1378618200,WA-AHO,VM_025,18
48,1378618200,PABFD,VM_012,10
48,1378618200,PABFD,VM_011,11
48,1378618200,PABFD,VM_025,12
48,1378618200,PABFD,VM_003,13
48,1378618200,PABFD,VM_023,13
48,1378618200,PABFD,VM_001,11
48,1378618200,PABFD,VM_013,12
49,1378618500,Standard_HO,VM_001,17
49,1378618500,Standard_HO,VM_003,17
49,1378618500,Standard_HO,VM_011,11
49,1378618500,Standard_HO,VM_012,17
49,1378618500,Standard_HO,VM_013,11
49,1378618500,Standard_HO,VM_023,17
49,1378618500,Standard_HO,VM_025,17
49,1378618500,WA-AHO,VM_001,18
49,1378618500,WA-AHO,VM_003,18
49,1378618500,WA-AHO,VM_011,15
49,1378618500,WA-AHO,VM_012,18
49,1378618500,WA-AHO,VM_013,15
49,1378618500,WA-AHO,VM_023,18
49,1378618500,WA-AHO,VM_025,18
49,1378618500,PABFD,VM_012,10
49,1378618500,PABFD,VM_011,11
49,1378618500,PABFD,VM_025,12
49,1378618500,PABFD,VM_003,13
49,1378618500,PABFD,VM_023,13
49,1378618500,PABFD,VM_001,11
49,1378618500,PABFD,VM_013,12
50,1378618800,Standard_HO,VM_001,19
50,1378618800,Standard_HO,VM_003,19
50,1378618800,Standard_HO,VM_011,15
50,1378618800,Standard_HO,VM_012,19
50,1378618800,Standard_HO,VM_013,15
50,1378618800,Standard_HO,VM_023,19
50,1378618800,Standard_HO,VM_025,19
50,1378618800,WA-AHO,VM_001,19
50,1378618800,WA-AHO,VM_003,19
50,1378618800,WA-AHO,VM_011,14
50,1378618800,WA-AHO,VM_012,19
50,1378618800,WA-AHO,VM_013,14
50,1378618800,WA-AHO,VM_023,19
50,1378618800,WA-AHO,VM_025,19
50,1378618800,PABFD,VM_012,10
50,1378618800,PABFD,VM_011,11
50,1378618800,PABFD,VM_025,12
50,1378618800,PABFD,VM_003,13
50,1378618800,PABFD,VM_023,13
50,1378618800,PABFD,VM_001,11
50,1378618800,PABFD,VM_013,12
51,1378619100,Standard_HO,VM_001,18
51,1378619100,Standard_HO,VM_003,18
51,1378619100,Standard_HO,VM_011,12
51,1378619100,Standard_HO,VM_012,18
51,1378619100,Standard_HO,VM_013,12
51,1378619100,Standard_HO,VM_023,18
51,1378619100,Standard_HO,VM_025,18
51,1378619100,WA-AHO,VM_001,15
51,1378619100,WA-AHO,VM_003,19
51,1378619100,WA-AHO,VM_011,19
51,1378619100,WA-AHO,VM_012,19
51,1378619100,WA-AHO,VM_013,19
51,1378619100,WA-AHO,VM_023,19
51,1378619100,WA-AHO,VM_025,15
51,1378619100,PABFD,VM_012,10
51,1378619100,PABFD,VM_011,11
51,1378619100,PABFD,VM_025,12
51,1378619100,PABFD,VM_003,13
51,1378619100,PABFD,VM_023,13
51,1378619100,PABFD,VM_001,11
51,1378619100,PABFD,VM_013,12
52,1378619400,Standard_HO,VM_001,18
52,1378619400,Standard_HO,VM_003,18
52,1378619400,Standard_HO,VM_011,11
52,1378619400,Standard_HO,VM_012,18
52,1378619400,Standard_HO,VM_013,11
52,1378619400,Standard_HO,VM_023,18
52,1378619400,Standard_HO,VM_025,18
52,1378619400,WA-AHO,VM_001,16
52,1378619400,WA-AHO,VM_003,16
52,1378619400,WA-AHO,VM_011,15
52,1378619400,WA-AHO,VM_012,16
52,1378619400,WA-AHO,VM_013,15
52,1378619400,WA-AHO,VM_023,16
52,1378619400,WA-AHO,VM_025,16
52,1378619400,PABFD,VM_012,10
52,1378619400,PABFD,VM_011,11
52,1378619400,PABFD,VM_025,12
52,1378619400,PABFD,VM_003,13
52,1378619400,PABFD,VM_023,13
52,1378619400,PABFD,VM_001,11
52,1378619400,PABFD,VM_013,12
53,1378619700,Standard_HO,VM_001,18
53,1378619700,Standard_HO,VM_003,18
53,1378619700,Standard_HO,VM_011,14
53,1378619700,Standard_HO,VM_012,18
53,1378619700,Standard_HO,VM_013,14
53,1378619700,Standard_HO,VM_023,18
53,1378619700,Standard_HO,VM_025,18
53,1378619700,WA-AHO,VM_001,18
53,1378619700,WA-AHO,VM_003,18
53,1378619700,WA-AHO,VM_011,14
53,1378619700,WA-AHO,VM_012,18
53,1378619700,WA-AHO,VM_013,14
53,1378619700,WA-AHO,VM_023,18
53,1378619700,WA-AHO,VM_025,18
53,1378619700,PABFD,VM_012,10
53,1378619700,PABFD,VM_011,11
53,1378619700,PABFD,VM_025,12
53,1378619700,PABFD,VM_003,13
53,1378619700,PABFD,VM_023,13
53,1378619700,PABFD,VM_001,11
53,1378619700,PABFD,VM_013,12
54,1378620000,Standard_HO,VM_001,18
54,1378620000,Standard_HO,VM_003,18
54,1378620000,Standard_HO,VM_011,10
54,1378620000,Standard_HO,VM_012,18
54,1378620000,Standard_HO,VM_013,10
54,1378620000,Standard_HO,VM_023,18
54,1378620000,Standard_HO,VM_025,18
54,1378620000,WA-AHO,VM_001,18
54,1378620000,WA-AHO,VM_003,18
54,1378620000,WA-AHO,VM_011,11
54,1378620000,WA-AHO,VM_012,18
54,1378620000,WA-AHO,VM_013,11
54,1378620000,WA-AHO,VM_023,18
54,1378620000,WA-AHO,VM_025,18
54,1378620000,PABFD,VM_012,10
54,1378620000,PABFD,VM_011,11
54,1378620000,PABFD,VM_025,12
54,1378620000,PABFD,VM_003,13
54,1378620000,PABFD,VM_023,13
54,1378620000,PABFD,VM_001,11
54,1378620000,PABFD,VM_013,12
55,1378620300,Standard_HO,VM_001,16
55,1378620300,Standard_HO,VM_003,16
55,1378620300,Standard_HO,VM_011,13
55,1378620300,Standard_HO,VM_012,16
55,1378620300,Standard_HO,VM_013,13
55,1378620300,Standard_HO,VM_023,16
55,1378620300,Standard_HO,VM_025,16
55,1378620300,WA-AHO,VM_001,19
55,1378620300,WA-AHO,VM_003,19
55,1378620300,WA-AHO,VM_011,12
55,1378620300,WA-AHO,VM_012,19
55,1378620300,WA-AHO,VM_013,12
55,1378620300,WA-AHO,VM_023,19
55,1378620300,WA-AHO,VM_025,19
55,1378620300,PABFD,VM_012,10
55,1378620300,PABFD,VM_011,11
55,1378620300,PABFD,VM_025,12
55,1378620300,PABFD,VM_003,13
55,1378620300,PABFD,VM_023,13
55,1378620300,PABFD,VM_001,11
55,1378620300,PABFD,VM_013,12
56,1378620600,Standard_HO,VM_001,18
56,1378620600,Standard_HO,VM_003,18
56,1378620600,Standard_HO,VM_011,12
56,1378620600,Standard_HO,VM_012,18
56,1378620600,Standard_HO,VM_013,12
56,1378620600,Standard_HO,VM_023,18
56,1378620600,Standard_HO,VM_025,18
56,1378620600,WA-AHO,VM_001,18
56,1378620600,WA-AHO,VM_003,18
56,1378620600,WA-AHO,VM_011,12
56,1378620600,WA-AHO,VM_012,18
56,1378620600,WA-AHO,VM_013,12
56,1378620600,WA-AHO,VM_023,18
56,1378620600,WA-AHO,VM_025,18
56,1378620600,PABFD,VM_012,10
56,1378620600,PABFD,VM_011,11
56,1378620600,PABFD,VM_025,12
56,1378620600,PABFD,VM_003,13
56,1378620600,PABFD,VM_023,13
56,1378620600,PABFD,VM_001,11
56,1378620600,PABFD,VM_013,12
57,1378620900,Standard_HO,VM_001,19
57,1378620900,Standard_HO,VM_003,19
57,1378620900,Standard_HO,VM_011,12
57,1378620900,Standard_HO,VM_012,19
57,1378620900,Standard_HO,VM_013,12
57,1378620900,Standard_HO,VM_023,19
57,1378620900,Standard_HO,VM_025,19
57,1378620900,WA-AHO,VM_001,18
57,1378620900,WA-AHO,VM_003,18
57,1378620900,WA-AHO,VM_011,11
57,1378620900,WA-AHO,VM_012,18
57,1378620900,WA-AHO,VM_013,11
57,1378620900,WA-AHO,VM_023,18
57,1378620900,WA-AHO,VM_025,18
57,1378620900,PABFD,VM_012,10
57,1378620900,PABFD,VM_011,11
57,1378620900,PABFD,VM_025,12
57,1378620900,PABFD,VM_003,13
57,1378620900,PABFD,VM_023,13
57,1378620900,PABFD,VM_001,11
57,1378620900,PABFD,VM_013,12
58,1378621200,Standard_HO,VM_001,16
58,1378621200,Standard_HO,VM_003,16
58,1378621200,Standard_HO,VM_011,13
58,1378621200,Standard_HO,VM_012,16
58,1378621200,Standard_HO,VM_013,13
58,1378621200,Standard_HO,VM_023,16
58,1378621200,Standard_HO,VM_025,16
58,1378621200,WA-AHO,VM_001,16
58,1378621200,WA-AHO,VM_003,16
58,1378621200,WA-AHO,VM_011,13
58,1378621200,WA-AHO,VM_012,16
58,1378621200,WA-AHO,VM_013,13
58,1378621200,WA-AHO,VM_023,16
58,1378621200,WA-AHO,VM_025,16
58,1378621200,PABFD,VM_012,10
58,1378621200,PABFD,VM_011,11
58,1378621200,PABFD,VM_025,12
58,1378621200,PABFD,VM_003,13
58,1378621200,PABFD,VM_023,13
58,1378621200,PABFD,VM_001,11
58,1378621200,PABFD,VM_013,12
59,1378621500,Standard_HO,VM_001,19
59,1378621500,Standard_HO,VM_003,19
59,1378621500,Standard_HO,VM_011,13
59,1378621500,Standard_HO,VM_012,19
59,1378621500,Standard_HO,VM_013,13
59,1378621500,Standard_HO,VM_023,19
59,1378621500,Standard_HO,VM_025,19
59,1378621500,WA-AHO,VM_001,19
59,1378621500,WA-AHO,VM_003,19
59,1378621500,WA-AHO,VM_011,13
59,1378621500,WA-AHO,VM_012,19
59,1378621500,WA-AHO,VM_013,13
59,1378621500,WA-AHO,VM_023,19
59,1378621500,WA-AHO,VM_025,19
59,1378621500,PABFD,VM_012,10
59,1378621500,PABFD,VM_011,11
59,1378621500,PABFD,VM_025,12
59,1378621500,PABFD,VM_003,13
59,1378621500,PABFD,VM_023,13
59,1378621500,PABFD,VM_001,11
59,1378621500,PABFD,VM_013,12
60,1378621800,Standard_HO,VM_001,18
60,1378621800,Standard_HO,VM_003,18
60,1378621800,Standard_HO,VM_011,13
60,1378621800,Standard_HO,VM_012,18
60,1378621800,Standard_HO,VM_013,13
60,1378621800,Standard_HO,VM_023,18
60,1378621800,Standard_HO,VM_025,18
60,1378621800,WA-AHO,VM_001,18
60,1378621800,WA-AHO,VM_003,18
60,1378621800,WA-AHO,VM_011,13
60,1378621800,WA-AHO,VM_012,18
60,1378621800,WA-AHO,VM_013,13
60,1378621800,WA-AHO,VM_023,18
60,1378621800,WA-AHO,VM_025,18
60,1378621800,PABFD,VM_012,10
60,1378621800,PABFD,VM_011,11
60,1378621800,PABFD,VM_025,12
60,1378621800,PABFD,VM_003,13
60,1378621800,PABFD,VM_023,13
60,1378621800,PABFD,VM_001,11
60,1378621800,PABFD,VM_013,12
61,1378622100,Standard_HO,VM_001,19
61,1378622100,Standard_HO,VM_003,19
61,1378622100,Standard_HO,VM_011,14
61,1378622100,Standard_HO,VM_012,19
61,1378622100,Standard_HO,VM_013,14
61,1378622100,Standard_HO,VM_023,19
61,1378622100,Standard_HO,VM_025,19
61,1378622100,WA-AHO,VM_001,19
61,1378622100,WA-AHO,VM_003,19
61,1378622100,WA-AHO,VM_011,12
61,1378622100,WA-AHO,VM_012,19
61,1378622100,WA-AHO,VM_013,12
61,1378622100,WA-AHO,VM_023,19
61,1378622100,WA-AHO,VM_025,19
61,1378622100,PABFD,VM_012,10
61,1378622100,PABFD,VM_011,11
61,1378622100,PABFD,VM_025,12
61,1378622100,PABFD,VM_003,13
61,1378622100,PABFD,VM_023,13
61,1378622100,PABFD,VM_001,11
61,1378622100,PABFD,VM_013,12
62,1378622400,Standard_HO,VM_001,19
62,1378622400,Standard_HO,VM_003,19
62,1378622400,Standard_HO,VM_011,11
62,1378622400,Standard_HO,VM_012,19
62,1378622400,Standard_HO,VM_013,11
62,1378622400,Standard_HO,VM_023,19
62,1378622400,Standard_HO,VM_025,19
62,1378622400,WA-AHO,VM_001,19
62,1378622400,WA-AHO,VM_003,19
62,1378622400,WA-AHO,VM_011,11
62,1378622400,WA-AHO,VM_012,19
62,1378622400,WA-AHO,VM_013,11
62,1378622400,WA-AHO,VM_023,19
62,1378622400,WA-AHO,VM_025,19
62,1378622400,PABFD,VM_012,10
62,1378622400,PABFD,VM_011,11
62,1378622400,PABFD,VM_025,12
62,1378622400,PABFD,VM_003,13
62,1378622400,PABFD,VM_023,13
62,1378622400,PABFD,VM_001,11
62,1378622400,PABFD,VM_013,12
63,1378622700,Standard_HO,VM_001,18
63,1378622700,Standard_HO,VM_003,18
63,1378622700,Standard_HO,VM_011,10
63,1378622700,Standard_HO,VM_012,18
63,1378622700,Standard_HO,VM_013,10
63,1378622700,Standard_HO,VM_023,18
63,1378622700,Standard_HO,VM_025,18
63,1378622700,WA-AHO,VM_001,19
63,1378622700,WA-AHO,VM_003,19
63,1378622700,WA-AHO,VM_011,19
63,1378622700,WA-AHO,VM_012,19
63,1378622700,WA-AHO,VM_013,14
63,1378622700,WA-AHO,VM_023,19
63,1378622700,WA-AHO,VM_025,14
63,1378622700,PABFD,VM_012,10
63,1378622700,PABFD,VM_011,11
63,1378622700,PABFD,VM_025,12
63,1378622700,PABFD,VM_003,13
63,1378622700,PABFD,VM_023,13
63,1378622700,PABFD,VM_001,11
63,1378622700,PABFD,VM_013,12
64,1378623000,Standard_HO,VM_001,17
64,1378623000,Standard_HO,VM_003,17
64,1378623000,Standard_HO,VM_011,13
64,1378623000,Standard_HO,VM_012,17
64,1378623000,Standard_HO,VM_013,13
64,1378623000,Standard_HO,VM_023,17
64,1378623000,Standard_HO,VM_025,17
64,1378623000,WA-AHO,VM_001,19
64,1378623000,WA-AHO,VM_003,19
64,1378623000,WA-AHO,VM_011,14
64,1378623000,WA-AHO,VM_012,19
64,1378623000,WA-AHO,VM_013,14
64,1378623000,WA-AHO,VM_023,19
64,1378623000,WA-AHO,VM_025,19
64,1378623000,PABFD,VM_012,10
64,1378623000,PABFD,VM_011,11
64,1378623000,PABFD,VM_025,12
64,1378623000,PABFD,VM_003,13
64,1378623000,PABFD,VM_023,13
64,1378623000,PABFD,VM_001,11
64,1378623000,PABFD,VM_013,12
65,1378623300,Standard_HO,VM_001,18
65,1378623300,Standard_HO,VM_003,18
65,1378623300,Standard_HO,VM_011,15
65,1378623300,Standard_HO,VM_012,18
65,1378623300,Standard_HO,VM_013,15
65,1378623300,Standard_HO,VM_023,18
65,1378623300,Standard_HO,VM_025,18
65,1378623300,WA-AHO,VM_001,18
65,1378623300,WA-AHO,VM_003,18
65,1378623300,WA-AHO,VM_011,15
65,1378623300,WA-AHO,VM_012,18
65,1378623300,WA-AHO,VM_013,15
65,1378623300,WA-AHO,VM_023,18
65,1378623300,WA-AHO,VM_025,18
65,1378623300,PABFD,VM_012,10
65,1378623300,PABFD,VM_011,11
65,1378623300,PABFD,VM_025,12
65,1378623300,PABFD,VM_003,13
65,1378623300,PABFD,VM_023,13
65,1378623300,PABFD,VM_001,11
65,1378623300,PABFD,VM_013,12
66,1378623600,Standard_HO,VM_001,17
66,1378623600,Standard_HO,VM_003,17
66,1378623600,Standard_HO,VM_011,13
66,1378623600,Standard_HO,VM_012,17
66,1378623600,Standard_HO,VM_013,13
66,1378623600,Standard_HO,VM_023,17
66,1378623600,Standard_HO,VM_025,17
66,1378623600,WA-AHO,VM_001,16
66,1378623600,WA-AHO,VM_003,16
66,1378623600,WA-AHO,VM_011,13
66,1378623600,WA-AHO,VM_012,16
66,1378623600,WA-AHO,VM_013,13
66,1378623600,WA-AHO,VM_023,16
66,1378623600,WA-AHO,VM_025,16
66,1378623600,PABFD,VM_012,10
66,1378623600,PABFD,VM_011,11
66,1378623600,PABFD,VM_025,12
66,1378623600,PABFD,VM_003,13
66,1378623600,PABFD,VM_023,13
66,1378623600,PABFD,VM_001,11
66,1378623600,PABFD,VM_013,12
67,1378623900,Standard_HO,VM_001,16
67,1378623900,Standard_HO,VM_003,16
67,1378623900,Standard_HO,VM_011,15
67,1378623900,Standard_HO,VM_012,16
67,1378623900,Standard_HO,VM_013,15
67,1378623900,Standard_HO,VM_023,16
67,1378623900,Standard_HO,VM_025,16
67,1378623900,WA-AHO,VM_001,18
67,1378623900,WA-AHO,VM_003,18
67,1378623900,WA-AHO,VM_011,14
67,1378623900,WA-AHO,VM_012,18
67,1378623900,WA-AHO,VM_013,14
67,1378623900,WA-AHO,VM_023,18
67,1378623900,WA-AHO,VM_025,18
67,1378623900,PABFD,VM_012,10
67,1378623900,PABFD,VM_011,11
67,1378623900,PABFD,VM_025,12
67,1378623900,PABFD,VM_003,13
67,1378623900,PABFD,VM_023,13
67,1378623900,PABFD,VM_001,11
67,1378623900,PABFD,VM_013,12
68,1378624200,Standard_HO,VM_001,18
68,1378624200,Standard_HO,VM_003,18
68,1378624200,Standard_HO,VM_011,12
68,1378624200,Standard_HO,VM_012,18
68,1378624200,Standard_HO,VM_013,12
68,1378624200,Standard_HO,VM_023,18
68,1378624200,Standard_HO,VM_025,18
68,1378624200,WA-AHO,VM_001,19
68,1378624200,WA-AHO,VM_003,19
68,1378624200,WA-AHO,VM_011,15
68,1378624200,WA-AHO,VM_012,19
68,1378624200,WA-AHO,VM_013,15
68,1378624200,WA-AHO,VM_023,19
68,1378624200,WA-AHO,VM_025,19
68,1378624200,PABFD,VM_012,10
68,1378624200,PABFD,VM_011,11
68,1378624200,PABFD,VM_025,12
68,1378624200,PABFD,VM_003,13
68,1378624200,PABFD,VM_023,13
68,1378624200,PABFD,VM_001,11
68,1378624200,PABFD,VM_013,12
69,1378624500,Standard_HO,VM_001,16
69,1378624500,Standard_HO,VM_003,16
69,1378624500,Standard_HO,VM_011,15
69,1378624500,Standard_HO,VM_012,16
69,1378624500,Standard_HO,VM_013,15
69,1378624500,Standard_HO,VM_023,16
69,1378624500,Standard_HO,VM_025,16
69,1378624500,WA-AHO,VM_001,16
69,1378624500,WA-AHO,VM_003,16
69,1378624500,WA-AHO,VM_011,15
69,1378624500,WA-AHO,VM_012,16
69,1378624500,WA-AHO,VM_013,15
69,1378624500,WA-AHO,VM_023,16
69,1378624500,WA-AHO,VM_025,16
69,1378624500,PABFD,VM_012,10
69,1378624500,PABFD,VM_011,11
69,1378624500,PABFD,VM_025,12
69,1378624500,PABFD,VM_003,13
69,1378624500,PABFD,VM_023,13
69,1378624500,PABFD,VM_001,11
69,1378624500,PABFD,VM_013,12
70,1378624800,Standard_HO,VM_001,17
70,1378624800,Standard_HO,VM_003,17
70,1378624800,Standard_HO,VM_011,10
70,1378624800,Standard_HO,VM_012,17
70,1378624800,Standard_HO,VM_013,10
70,1378624800,Standard_HO,VM_023,17
70,1378624800,Standard_HO,VM_025,17
70,1378624800,WA-AHO,VM_001,19
70,1378624800,WA-AHO,VM_003,19
70,1378624800,WA-AHO,VM_011,15
70,1378624800,WA-AHO,VM_012,19
70,1378624800,WA-AHO,VM_013,15
70,1378624800,WA-AHO,VM_023,19
70,1378624800,WA-AHO,VM_025,19
70,1378624800,PABFD,VM_012,10
70,1378624800,PABFD,VM_011,11
70,1378624800,PABFD,VM_025,12
70,1378624800,PABFD,VM_003,13
70,1378624800,PABFD,VM_023,13
70,1378624800,PABFD,VM_001,11
70,1378624800,PABFD,VM_013,12
71,1378625100,Standard_HO,VM_001,19
71,1378625100,Standard_HO,VM_003,19
71,1378625100,Standard_HO,VM_011,14
71,1378625100,Standard_HO,VM_012,19
71,1378625100,Standard_HO,VM_013,14
71,1378625100,Standard_HO,VM_023,19
71,1378625100,Standard_HO,VM_025,19
71,1378625100,WA-AHO,VM_001,18
71,1378625100,WA-AHO,VM_003,18
71,1378625100,WA-AHO,VM_011,13
71,1378625100,WA-AHO,VM_012,18
71,1378625100,WA-AHO,VM_013,13
71,1378625100,WA-AHO,VM_023,18
71,1378625100,WA-AHO,VM_025,18
71,1378625100,PABFD,VM_012,10
71,1378625100,PABFD,VM_011,11
71,1378625100,PABFD,VM_025,12
71,1378625100,PABFD,VM_003,13
71,1378625100,PABFD,VM_023,13
71,1378625100,PABFD,VM_001,11
71,1378625100,PABFD,VM_013,12
72,1378625400,Standard_HO,VM_001,17
72,1378625400,Standard_HO,VM_003,17
72,1378625400,Standard_HO,VM_011,15
72,1378625400,Standard_HO,VM_012,17
72,1378625400,Standard_HO,VM_013,15
72,1378625400,Standard_HO,VM_023,17
72,1378625400,Standard_HO,VM_025,17
72,1378625400,WA-AHO,VM_001,17
72,1378625400,WA-AHO,VM_003,17
72,1378625400,WA-AHO,VM_011,15
72,1378625400,WA-AHO,VM_012,17
72,1378625400,WA-AHO,VM_013,15
72,1378625400,WA-AHO,VM_023,17
72,1378625400,WA-AHO,VM_025,17
72,1378625400,PABFD,VM_012,10
72,1378625400,PABFD,VM_011,11
72,1378625400,PABFD,VM_025,12
72,1378625400,PABFD,VM_003,13
72,1378625400,PABFD,VM_023,13
72,1378625400,PABFD,VM_001,11
72,1378625400,PABFD,VM_013,12
73,1378625700,Standard_HO,VM_001,19
73,1378625700,Standard_HO,VM_003,19
73,1378625700,Standard_HO,VM_011,12
73,1378625700,Standard_HO,VM_012,19
73,1378625700,Standard_HO,VM_013,12
73,1378625700,Standard_HO,VM_023,19
73,1378625700,Standard_HO,VM_025,19
73,1378625700,WA-AHO,VM_001,19
73,1378625700,WA-AHO,VM_003,19
73,1378625700,WA-AHO,VM_011,12
73,1378625700,WA-AHO,VM_012,19
73,1378625700,WA-AHO,VM_013,12
73,1378625700,WA-AHO,VM_023,19
73,1378625700,WA-AHO,VM_025,19
73,1378625700,PABFD,VM_012,10
73,1378625700,PABFD,VM_011,11
73,1378625700,PABFD,VM_025,12
73,1378625700,PABFD,VM_003,13
73,1378625700,PABFD,VM_023,13
73,1378625700,PABFD,VM_001,11
73,1378625700,PABFD,VM_013,12
74,1378626000,Standard_HO,VM_001,18
74,1378626000,Standard_HO,VM_003,18
74,1378626000,Standard_HO,VM_011,14
74,1378626000,Standard_HO,VM_012,18
74,1378626000,Standard_HO,VM_013,14
74,1378626000,Standard_HO,VM_023,18
74,1378626000,Standard_HO,VM_025,18
74,1378626000,WA-AHO,VM_001,19
74,1378626000,WA-AHO,VM_003,19
74,1378626000,WA-AHO,VM_011,10
74,1378626000,WA-AHO,VM_012,19
74,1378626000,WA-AHO,VM_013,10
74,1378626000,WA-AHO,VM_023,19
74,1378626000,WA-AHO,VM_025,19
74,1378626000,PABFD,VM_012,10
74,1378626000,PABFD,VM_011,11
74,1378626000,PABFD,VM_025,12
74,1378626000,PABFD,VM_003,13
74,1378626000,PABFD,VM_023,13
74,1378626000,PABFD,VM_001,11
74,1378626000,PABFD,VM_013,12
75,1378626300,Standard_HO,VM_001,18
75,1378626300,Standard_HO,VM_003,18
75,1378626300,Standard_HO,VM_011,15
75,1378626300,Standard_HO,VM_012,18
75,1378626300,Standard_HO,VM_013,15
75,1378626300,Standard_HO,VM_023,18
75,1378626300,Standard_HO,VM_025,18
75,1378626300,WA-AHO,VM_001,19
75,1378626300,WA-AHO,VM_003,19
75,1378626300,WA-AHO,VM_011,15
75,1378626300,WA-AHO,VM_012,19
75,1378626300,WA-AHO,VM_013,15
75,1378626300,WA-AHO,VM_023,19
75,1378626300,WA-AHO,VM_025,19
75,1378626300,PABFD,VM_012,10
75,1378626300,PABFD,VM_011,11
75,1378626300,PABFD,VM_025,12
75,1378626300,PABFD,VM_003,13
75,1378626300,PABFD,VM_023,13
75,1378626300,PABFD,VM_001,11
75,1378626300,PABFD,VM_013,12
76,1378626600,Standard_HO,VM_001,19
76,1378626600,Standard_HO,VM_003,19
76,1378626600,Standard_HO,VM_011,13
76,1378626600,Standard_HO,VM_012,19
76,1378626600,Standard_HO,VM_013,13
76,1378626600,Standard_HO,VM_023,19
76,1378626600,Standard_HO,VM_025,19
76,1378626600,WA-AHO,VM_001,17
76,1378626600,WA-AHO,VM_003,17
76,1378626600,WA-AHO,VM_011,15
76,1378626600,WA-AHO,VM_012,17
76,1378626600,WA-AHO,VM_013,15
76,1378626600,WA-AHO,VM_023,17
76,1378626600,WA-AHO,VM_025,17
76,1378626600,PABFD,VM_012,10
76,1378626600,PABFD,VM_011,11
76,1378626600,PABFD,VM_025,12
76,1378626600,PABFD,VM_003,13
76,1378626600,PABFD,VM_023,13
76,1378626600,PABFD,VM_001,11
76,1378626600,PABFD,VM_013,12
77,1378626900,Standard_HO,VM_001,18
77,1378626900,Standard_HO,VM_003,18
77,1378626900,Standard_HO,VM_011,15
77,1378626900,Standard_HO,VM_012,18
77,1378626900,Standard_HO,VM_013,15
77,1378626900,Standard_HO,VM_023,18
77,1378626900,Standard_HO,VM_025,18
77,1378626900,WA-AHO,VM_001,18
77,1378626900,WA-AHO,VM_003,18
77,1378626900,WA-AHO,VM_011,15
77,1378626900,WA-AHO,VM_012,18
77,1378626900,WA-AHO,VM_013,15
77,1378626900,WA-AHO,VM_023,18
77,1378626900,WA-AHO,VM_025,18
77,1378626900,PABFD,VM_012,10
77,1378626900,PABFD,VM_011,11
77,1378626900,PABFD,VM_025,12
77,1378626900,PABFD,VM_003,13
77,1378626900,PABFD,VM_023,13
77,1378626900,PABFD,VM_001,11
77,1378626900,PABFD,VM_013,12
78,1378627200,Standard_HO,VM_001,18
78,1378627200,Standard_HO,VM_003,18
78,1378627200,Standard_HO,VM_011,14
78,1378627200,Standard_HO,VM_012,18
78,1378627200,Standard_HO,VM_013,14
78,1378627200,Standard_HO,VM_023,18
78,1378627200,Standard_HO,VM_025,18
78,1378627200,WA-AHO,VM_001,19
78,1378627200,WA-AHO,VM_003,19
78,1378627200,WA-AHO,VM_011,13
78,1378627200,WA-AHO,VM_012,19
78,1378627200,WA-AHO,VM_013,13
78,1378627200,WA-AHO,VM_023,19
78,1378627200,WA-AHO,VM_025,19
78,1378627200,PABFD,VM_012,10
78,1378627200,PABFD,VM_011,11
78,1378627200,PABFD,VM_025,12
78,1378627200,PABFD,VM_003,13
78,1378627200,PABFD,VM_023,13
78,1378627200,PABFD,VM_001,11
78,1378627200,PABFD,VM_013,12
79,1378627500,Standard_HO,VM_001,17
79,1378627500,Standard_HO,VM_003,17
79,1378627500,Standard_HO,VM_011,14
79,1378627500,Standard_HO,VM_012,17
79,1378627500,Standard_HO,VM_013,14
79,1378627500,Standard_HO,VM_023,17
79,1378627500,Standard_HO,VM_025,17
79,1378627500,WA-AHO,VM_001,19
79,1378627500,WA-AHO,VM_003,19
79,1378627500,WA-AHO,VM_011,13
79,1378627500,WA-AHO,VM_012,19
79,1378627500,WA-AHO,VM_013,13
79,1378627500,WA-AHO,VM_023,19
79,1378627500,WA-AHO,VM_025,19
79,1378627500,PABFD,VM_012,10
79,1378627500,PABFD,VM_011,11
79,1378627500,PABFD,VM_025,12
79,1378627500,PABFD,VM_003,13
79,1378627500,PABFD,VM_023,13
79,1378627500,PABFD,VM_001,11
79,1378627500,PABFD,VM_013,12
80,1378627800,Standard_HO,VM_001,18
80,1378627800,Standard_HO,VM_003,18
80,1378627800,Standard_HO,VM_011,12
80,1378627800,Standard_HO,VM_012,18
80,1378627800,Standard_HO,VM_013,12
80,1378627800,Standard_HO,VM_023,18
80,1378627800,Standard_HO,VM_025,18
80,1378627800,WA-AHO,VM_001,19
80,1378627800,WA-AHO,VM_003,19
80,1378627800,WA-AHO,VM_011,15
80,1378627800,WA-AHO,VM_012,19
80,1378627800,WA-AHO,VM_013,15
80,1378627800,WA-AHO,VM_023,19
80,1378627800,WA-AHO,VM_025,19
80,1378627800,PABFD,VM_012,10
80,1378627800,PABFD,VM_011,11
80,1378627800,PABFD,VM_025,12
80,1378627800,PABFD,VM_003,13
80,1378627800,PABFD,VM_023,13
80,1378627800,PABFD,VM_001,11
80,1378627800,PABFD,VM_013,12
81,1378628100,Standard_HO,VM_001,18
81,1378628100,Standard_HO,VM_003,18
81,1378628100,Standard_HO,VM_011,15
81,1378628100,Standard_HO,VM_012,18
81,1378628100,Standard_HO,VM_013,15
81,1378628100,Standard_HO,VM_023,18
81,1378628100,Standard_HO,VM_025,18
81,1378628100,WA-AHO,VM_001,19
81,1378628100,WA-AHO,VM_003,19
81,1378628100,WA-AHO,VM_011,19
81,1378628100,WA-AHO,VM_012,19
81,1378628100,WA-AHO,VM_013,10
81,1378628100,WA-AHO,VM_023,19
81,1378628100,WA-AHO,VM_025,10
81,1378628100,PABFD,VM_012,10
81,1378628100,PABFD,VM_011,11
81,1378628100,PABFD,VM_025,12
81,1378628100,PABFD,VM_003,13
81,1378628100,PABFD,VM_023,13
81,1378628100,PABFD,VM_001,11
81,1378628100,PABFD,VM_013,12
82,1378628400,Standard_HO,VM_001,19
82,1378628400,Standard_HO,VM_003,19
82,1378628400,Standard_HO,VM_011,14
82,1378628400,Standard_HO,VM_012,19
82,1378628400,Standard_HO,VM_013,14
82,1378628400,Standard_HO,VM_023,19
82,1378628400,Standard_HO,VM_025,19
82,1378628400,WA-AHO,VM_001,19
82,1378628400,WA-AHO,VM_003,19
82,1378628400,WA-AHO,VM_011,12
82,1378628400,WA-AHO,VM_012,19
82,1378628400,WA-AHO,VM_013,12
82,1378628400,WA-AHO,VM_023,19
82,1378628400,WA-AHO,VM_025,19
82,1378628400,PABFD,VM_012,10
82,1378628400,PABFD,VM_011,11
82,1378628400,PABFD,VM_025,12
82,1378628400,PABFD,VM_003,13
82,1378628400,PABFD,VM_023,13
82,1378628400,PABFD,VM_001,11
82,1378628400,PABFD,VM_013,12
83,1378628700,Standard_HO,VM_001,18
83,1378628700,Standard_HO,VM_003,18
83,1378628700,Standard_HO,VM_011,14
83,1378628700,Standard_HO,VM_012,18
83,1378628700,Standard_HO,VM_013,14
83,1378628700,Standard_HO,VM_023,18
83,1378628700,Standard_HO,VM_025,18
83,1378628700,WA-AHO,VM_001,19
83,1378628700,WA-AHO,VM_003,19
83,1378628700,WA-AHO,VM_011,15
83,1378628700,WA-AHO,VM_012,19
83,1378628700,WA-AHO,VM_013,15
83,1378628700,WA-AHO,VM_023,19
83,1378628700,WA-AHO,VM_025,19
83,1378628700,PABFD,VM_012,10
83,1378628700,PABFD,VM_011,11
83,1378628700,PABFD,VM_025,12
83,1378628700,PABFD,VM_003,13
83,1378628700,PABFD,VM_023,13
83,1378628700,PABFD,VM_001,11
83,1378628700,PABFD,VM_013,12
84,1378629000,Standard_HO,VM_001,17
84,1378629000,Standard_HO,VM_003,17
84,1378629000,Standard_HO,VM_011,12
84,1378629000,Standard_HO,VM_012,17
84,1378629000,Standard_HO,VM_013,12
84,1378629000,Standard_HO,VM_023,17
84,1378629000,Standard_HO,VM_025,17
84,1378629000,WA-AHO,VM_001,19
84,1378629000,WA-AHO,VM_003,19
84,1378629000,WA-AHO,VM_011,11
84,1378629000,WA-AHO,VM_012,19
84,1378629000,WA-AHO,VM_013,11
84,1378629000,WA-AHO,VM_023,19
84,1378629000,WA-AHO,VM_025,19
84,1378629000,PABFD,VM_012,10
84,1378629000,PABFD,VM_011,11
84,1378629000,PABFD,VM_025,12
84,1378629000,PABFD,VM_003,13
84,1378629000,PABFD,VM_023,13
84,1378629000,PABFD,VM_001,11
84,1378629000,PABFD,VM_013,12
85,1378629300,Standard_HO,VM_001,18
85,1378629300,Standard_HO,VM_003,18
85,1378629300,Standard_HO,VM_011,15
85,1378629300,Standard_HO,VM_012,18
85,1378629300,Standard_HO,VM_013,15
85,1378629300,Standard_HO,VM_023,18
85,1378629300,Standard_HO,VM_025,18
85,1378629300,WA-AHO,VM_001,18
85,1378629300,WA-AHO,VM_003,18
85,1378629300,WA-AHO,VM_011,14
85,1378629300,WA-AHO,VM_012,18
85,1378629300,WA-AHO,VM_013,14
85,1378629300,WA-AHO,VM_023,18
85,1378629300,WA-AHO,VM_025,18
85,1378629300,PABFD,VM_012,10
85,1378629300,PABFD,VM_011,11
85,1378629300,PABFD,VM_025,12
85,1378629300,PABFD,VM_003,13
85,1378629300,PABFD,VM_023,13
85,1378629300,PABFD,VM_001,11
85,1378629300,PABFD,VM_013,12
86,1378629600,Standard_HO,VM_001,19
86,1378629600,Standard_HO,VM_003,19
86,1378629600,Standard_HO,VM_011,15
86,1378629600,Standard_HO,VM_012,19
86,1378629600,Standard_HO,VM_013,15
86,1378629600,Standard_HO,VM_023,19
86,1378629600,Standard_HO,VM_025,19
86,1378629600,WA-AHO,VM_001,18
86,1378629600,WA-AHO,VM_003,18
86,1378629600,WA-AHO,VM_011,14
86,1378629600,WA-AHO,VM_012,18
86,1378629600,WA-AHO,VM_013,14
86,1378629600,WA-AHO,VM_023,18
86,1378629600,WA-AHO,VM_025,18
86,1378629600,PABFD,VM_012,10
86,1378629600,PABFD,VM_011,11
86,1378629600,PABFD,VM_025,12
86,1378629600,PABFD,VM_003,13
86,1378629600,PABFD,VM_023,13
86,1378629600,PABFD,VM_001,11
86,1378629600,PABFD,VM_013,12
87,1378629900,Standard_HO,VM_001,16
87,1378629900,Standard_HO,VM_003,16
87,1378629900,Standard_HO,VM_011,15
87,1378629900,Standard_HO,VM_012,16
87,1378629900,Standard_HO,VM_013,15
87,1378629900,Standard_HO,VM_023,16
87,1378629900,Standard_HO,VM_025,16
87,1378629900,WA-AHO,VM_001,18
87,1378629900,WA-AHO,VM_003,18
87,1378629900,WA-AHO,VM_011,14
87,1378629900,WA-AHO,VM_012,18
87,1378629900,WA-AHO,VM_013,14
87,1378629900,WA-AHO,VM_023,18
87,1378629900,WA-AHO,VM_025,18
87,1378629900,PABFD,VM_012,10
87,1378629900,PABFD,VM_011,11
87,1378629900,PABFD,VM_025,12
87,1378629900,PABFD,VM_003,13
87,1378629900,PABFD,VM_023,13
87,1378629900,PABFD,VM_001,11
87,1378629900,PABFD,VM_013,12
88,1378630200,Standard_HO,VM_001,18
88,1378630200,Standard_HO,VM_003,18
88,1378630200,Standard_HO,VM_011,15
88,1378630200,Standard_HO,VM_012,18
88,1378630200,Standard_HO,VM_013,15
88,1378630200,Standard_HO,VM_023,18
88,1378630200,Standard_HO,VM_025,18
88,1378630200,WA-AHO,VM_001,18
88,1378630200,WA-AHO,VM_003,18
88,1378630200,WA-AHO,VM_011,12
88,1378630200,WA-AHO,VM_012,18
88,1378630200,WA-AHO,VM_013,12
88,1378630200,WA-AHO,VM_023,18
88,1378630200,WA-AHO,VM_025,18
88,1378630200,PABFD,VM_012,10
88,1378630200,PABFD,VM_011,11
88,1378630200,PABFD,VM_025,12
88,1378630200,PABFD,VM_003,13
88,1378630200,PABFD,VM_023,13
88,1378630200,PABFD,VM_001,11
88,1378630200,PABFD,VM_013,12
89,1378630500,Standard_HO,VM_001,18
89,1378630500,Standard_HO,VM_003,18
89,1378630500,Standard_HO,VM_011,12
89,1378630500,Standard_HO,VM_012,18
89,1378630500,Standard_HO,VM_013,12
89,1378630500,Standard_HO,VM_023,18
89,1378630500,Standard_HO,VM_025,18
89,1378630500,WA-AHO,VM_001,16
89,1378630500,WA-AHO,VM_003,16
89,1378630500,WA-AHO,VM_011,13
89,1378630500,WA-AHO,VM_012,16
89,1378630500,WA-AHO,VM_013,13
89,1378630500,WA-AHO,VM_023,16
89,1378630500,WA-AHO,VM_025,16
89,1378630500,PABFD,VM_012,10
89,1378630500,PABFD,VM_011,11
89,1378630500,PABFD,VM_025,12
89,1378630500,PABFD,VM_003,13
89,1378630500,PABFD,VM_023,13
89,1378630500,PABFD,VM_001,11
89,1378630500,PABFD,VM_013,12
90,1378630800,Standard_HO,VM_001,18
90,1378630800,Standard_HO,VM_003,18
90,1378630800,Standard_HO,VM_011,10
90,1378630800,Standard_HO,VM_012,18
90,1378630800,Standard_HO,VM_013,10
90,1378630800,Standard_HO,VM_023,18
90,1378630800,Standard_HO,VM_025,18
90,1378630800,WA-AHO,VM_001,18
90,1378630800,WA-AHO,VM_003,18
90,1378630800,WA-AHO,VM_011,10
90,1378630800,WA-AHO,VM_012,18
90,1378630800,WA-AHO,VM_013,10
90,1378630800,WA-AHO,VM_023,18
90,1378630800,WA-AHO,VM_025,18
90,1378630800,PABFD,VM_012,10
90,1378630800,PABFD,VM_011,11
90,1378630800,PABFD,VM_025,12
90,1378630800,PABFD,VM_003,13
90,1378630800,PABFD,VM_023,13
90,1378630800,PABFD,VM_001,11
90,1378630800,PABFD,VM_013,12
91,1378631100,Standard_HO,VM_001,19
91,1378631100,Standard_HO,VM_003,19
91,1378631100,Standard_HO,VM_011,11
91,1378631100,Standard_HO,VM_012,19
91,1378631100,Standard_HO,VM_013,11
91,1378631100,Standard_HO,VM_023,19
91,1378631100,Standard_HO,VM_025,19
91,1378631100,WA-AHO,VM_001,16
91,1378631100,WA-AHO,VM_003,16
91,1378631100,WA-AHO,VM_011,12
91,1378631100,WA-AHO,VM_012,16
91,1378631100,WA-AHO,VM_013,12
91,1378631100,WA-AHO,VM_023,16
91,1378631100,WA-AHO,VM_025,16
91,1378631100,PABFD,VM_012,10
91,1378631100,PABFD,VM_011,11
91,1378631100,PABFD,VM_025,12
91,1378631100,PABFD,VM_003,13
91,1378631100,PABFD,VM_023,13
91,1378631100,PABFD,VM_001,11
91,1378631100,PABFD,VM_013,12
92,1378631400,Standard_HO,VM_001,18
92,1378631400,Standard_HO,VM_003,18
92,1378631400,Standard_HO,VM_011,14
92,1378631400,Standard_HO,VM_012,18
92,1378631400,Standard_HO,VM_013,14
92,1378631400,Standard_HO,VM_023,18
92,1378631400,Standard_HO,VM_025,18
92,1378631400,WA-AHO,VM_001,16
92,1378631400,WA-AHO,VM_003,16
92,1378631400,WA-AHO,VM_011,12
92,1378631400,WA-AHO,VM_012,16
92,1378631400,WA-AHO,VM_013,12
92,1378631400,WA-AHO,VM_023,16
92,1378631400,WA-AHO,VM_025,16
92,1378631400,PABFD,VM_012,10
92,1378631400,PABFD,VM_011,11
92,1378631400,PABFD,VM_025,12
92,1378631400,PABFD,VM_003,13
92,1378631400,PABFD,VM_023,13
92,1378631400,PABFD,VM_001,11
92,1378631400,PABFD,VM_013,12
93,1378631700,Standard_HO,VM_001,19
93,1378631700,Standard_HO,VM_003,19
93,1378631700,Standard_HO,VM_011,11
93,1378631700,Standard_HO,VM_012,19
93,1378631700,Standard_HO,VM_013,11
93,1378631700,Standard_HO,VM_023,19
93,1378631700,Standard_HO,VM_025,19
93,1378631700,WA-AHO,VM_001,19
93,1378631700,WA-AHO,VM_003,19
93,1378631700,WA-AHO,VM_011,13
93,1378631700,WA-AHO,VM_012,19
93,1378631700,WA-AHO,VM_013,13
93,1378631700,WA-AHO,VM_023,19
93,1378631700,WA-AHO,VM_025,19
93,1378631700,PABFD,VM_012,10
93,1378631700,PABFD,VM_011,11
93,1378631700,PABFD,VM_025,12
93,1378631700,PABFD,VM_003,13
93,1378631700,PABFD,VM_023,13
93,1378631700,PABFD,VM_001,11
93,1378631700,PABFD,VM_013,12
94,1378632000,Standard_HO,VM_001,18
94,1378632000,Standard_HO,VM_003,18
94,1378632000,Standard_HO,VM_011,10
94,1378632000,Standard_HO,VM_012,18
94,1378632000,Standard_HO,VM_013,10
94,1378632000,Standard_HO,VM_023,18
94,1378632000,Standard_HO,VM_025,18
94,1378632000,WA-AHO,VM_001,17
94,1378632000,WA-AHO,VM_003,17
94,1378632000,WA-AHO,VM_011,14
94,1378632000,WA-AHO,VM_012,17
94,1378632000,WA-AHO,VM_013,14
94,1378632000,WA-AHO,VM_023,17
94,1378632000,WA-AHO,VM_025,17
94,1378632000,PABFD,VM_012,10
94,1378632000,PABFD,VM_011,11
94,1378632000,PABFD,VM_025,12
94,1378632000,PABFD,VM_003,13
94,1378632000,PABFD,VM_023,13
94,1378632000,PABFD,VM_001,11
94,1378632000,PABFD,VM_013,12
95,1378632300,Standard_HO,VM_001,18
95,1378632300,Standard_HO,VM_003,18
95,1378632300,Standard_HO,VM_011,15
95,1378632300,Standard_HO,VM_012,18
95,1378632300,Standard_HO,VM_013,15
95,1378632300,Standard_HO,VM_023,18
95,1378632300,Standard_HO,VM_025,18
95,1378632300,WA-AHO,VM_001,19
95,1378632300,WA-AHO,VM_003,19
95,1378632300,WA-AHO,VM_011,13
95,1378632300,WA-AHO,VM_012,19
95,1378632300,WA-AHO,VM_013,13
95,1378632300,WA-AHO,VM_023,19
95,1378632300,WA-AHO,VM_025,19
95,1378632300,PABFD,VM_012,10
95,1378632300,PABFD,VM_011,11
95,1378632300,PABFD,VM_025,12
95,1378632300,PABFD,VM_003,13
95,1378632300,PABFD,VM_023,13
95,1378632300,PABFD,VM_001,11
95,1378632300,PABFD,VM_013,12
96,1378632600,Standard_HO,VM_001,18
96,1378632600,Standard_HO,VM_003,18
96,1378632600,Standard_HO,VM_011,15
96,1378632600,Standard_HO,VM_012,18
96,1378632600,Standard_HO,VM_013,15
96,1378632600,Standard_HO,VM_023,18
96,1378632600,Standard_HO,VM_025,18
96,1378632600,WA-AHO,VM_001,17
96,1378632600,WA-AHO,VM_003,17
96,1378632600,WA-AHO,VM_011,11
96,1378632600,WA-AHO,VM_012,17
96,1378632600,WA-AHO,VM_013,11
96,1378632600,WA-AHO,VM_023,17
96,1378632600,WA-AHO,VM_025,17
96,1378632600,PABFD,VM_012,10
96,1378632600,PABFD,VM_011,11
96,1378632600,PABFD,VM_025,12
96,1378632600,PABFD,VM_003,13
96,1378632600,PABFD,VM_023,13
96,1378632600,PABFD,VM_001,11
96,1378632600,PABFD,VM_013,12
97,1378632900,Standard_HO,VM_001,18
97,1378632900,Standard_HO,VM_003,18
97,1378632900,Standard_HO,VM_011,13
97,1378632900,Standard_HO,VM_012,18
97,1378632900,Standard_HO,VM_013,13
97,1378632900,Standard_HO,VM_023,18
97,1378632900,Standard_HO,VM_025,18
97,1378632900,WA-AHO,VM_001,17
97,1378632900,WA-AHO,VM_003,17
97,1378632900,WA-AHO,VM_011,11
97,1378632900,WA-AHO,VM_012,17
97,1378632900,WA-AHO,VM_013,11
97,1378632900,WA-AHO,VM_023,17
97,1378632900,WA-AHO,VM_025,17
97,1378632900,PABFD,VM_012,10
97,1378632900,PABFD,VM_011,11
97,1378632900,PABFD,VM_025,12
97,1378632900,PABFD,VM_003,13
97,1378632900,PABFD,VM_023,13
97,1378632900,PABFD,VM_001,11
97,1378632900,PABFD,VM_013,12
98,1378633200,Standard_HO,VM_001,12
98,1378633200,Standard_HO,VM_003,12
98,1378633200,Standard_HO,VM_011,16
98,1378633200,Standard_HO,VM_012,16
98,1378633200,Standard_HO,VM_013,12
98,1378633200,Standard_HO,VM_023,16
98,1378633200,Standard_HO,VM_025,16
98,1378633200,WA-AHO,VM_001,16
98,1378633200,WA-AHO,VM_003,16
98,1378633200,WA-AHO,VM_011,16
98,1378633200,WA-AHO,VM_012,16
98,1378633200,WA-AHO,VM_013,13
98,1378633200,WA-AHO,VM_023,16
98,1378633200,WA-AHO,VM_025,13
98,1378633200,PABFD,VM_012,10
98,1378633200,PABFD,VM_011,11
98,1378633200,PABFD,VM_025,12
98,1378633200,PABFD,VM_003,13
98,1378633200,PABFD,VM_023,13
98,1378633200,PABFD,VM_001,11
98,1378633200,PABFD,VM_013,12
99,1378633500,Standard_HO,VM_001,19
99,1378633500,Standard_HO,VM_003,19
99,1378633500,Standard_HO,VM_011,15
99,1378633500,Standard_HO,VM_012,19
99,1378633500,Standard_HO,VM_013,15
99,1378633500,Standard_HO,VM_023,19
99,1378633500,Standard_HO,VM_025,19
99,1378633500,WA-AHO,VM_001,16
99,1378633500,WA-AHO,VM_003,16
99,1378633500,WA-AHO,VM_011,14
99,1378633500,WA-AHO,VM_012,16
99,1378633500,WA-AHO,VM_013,14
99,1378633500,WA-AHO,VM_023,16
99,1378633500,WA-AHO,VM_025,16
99,1378633500,PABFD,VM_012,10
99,1378633500,PABFD,VM_011,11
99,1378633500,PABFD,VM_025,12
99,1378633500,PABFD,VM_003,13
99,1378633500,PABFD,VM_023,13
99,1378633500,PABFD,VM_001,11
99,1378633500,PABFD,VM_013,12
100,1378633800,Standard_HO,VM_001,19
100,1378633800,Standard_HO,VM_003,19
100,1378633800,Standard_HO,VM_011,12
100,1378633800,Standard_HO,VM_012,19
100,1378633800,Standard_HO,VM_013,12
100,1378633800,Standard_HO,VM_023,19
100,1378633800,Standard_HO,VM_025,19
100,1378633800,WA-AHO,VM_001,19
100,1378633800,WA-AHO,VM_003,19
100,1378633800,WA-AHO,VM_011,12
100,1378633800,WA-AHO,VM_012,19
100,1378633800,WA-AHO,VM_013,12
100,1378633800,WA-AHO,VM_023,19
100,1378633800,WA-AHO,VM_025,19
100,1378633800,PABFD,VM_012,10
100,1378633800,PABFD,VM_011,11
100,1378633800,PABFD,VM_025,12
100,1378633800,PABFD,VM_003,13
100,1378633800,PABFD,VM_023,13
100,1378633800,PABFD,VM_001,11
100,1378633800,PABFD,VM_013,12
101,1378634100,Standard_HO,VM_001,15
101,1378634100,Standard_HO,VM_003,16
101,1378634100,Standard_HO,VM_011,16
101,1378634100,Standard_HO,VM_012,16
101,1378634100,Standard_HO,VM_013,15
101,1378634100,Standard_HO,VM_023,15
101,1378634100,Standard_HO,VM_025,16
101,1378634100,WA-AHO,VM_001,15
101,1378634100,WA-AHO,VM_003,17
101,1378634100,WA-AHO,VM_011,17
101,1378634100,WA-AHO,VM_012,17
101,1378634100,WA-AHO,VM_013,17
101,1378634100,WA-AHO,VM_023,17
101,1378634100,WA-AHO,VM_025,15
101,1378634100,PABFD,VM_012,10
101,1378634100,PABFD,VM_011,11
101,1378634100,PABFD,VM_025,12
101,1378634100,PABFD,VM_003,13
101,1378634100,PABFD,VM_023,13
101,1378634100,PABFD,VM_001,11
101,1378634100,PABFD,VM_013,12
102,1378634400,Standard_HO,VM_001,12
102,1378634400,Standard_HO,VM_003,19
102,1378634400,Standard_HO,VM_011,19
102,1378634400,Standard_HO,VM_012,19
102,1378634400,Standard_HO,VM_013,12
102,1378634400,Standard_HO,VM_023,12
102,1378634400,Standard_HO,VM_025,19
102,1378634400,WA-AHO,VM_001,10
102,1378634400,WA-AHO,VM_003,19
102,1378634400,WA-AHO,VM_011,19
102,1378634400,WA-AHO,VM_012,19
102,1378634400,WA-AHO,VM_013,10
102,1378634400,WA-AHO,VM_023,10
102,1378634400,WA-AHO,VM_025,19
102,1378634400,PABFD,VM_012,10
102,1378634400,PABFD,VM_011,11
102,1378634400,PABFD,VM_025,12
102,1378634400,PABFD,VM_003,13
102,1378634400,PABFD,VM_023,13
102,1378634400,PABFD,VM_001,11
102,1378634400,PABFD,VM_013,12
103,1378634700,Standard_HO,VM_001,17
103,1378634700,Standard_HO,VM_003,17
103,1378634700,Standard_HO,VM_011,15
103,1378634700,Standard_HO,VM_012,17
103,1378634700,Standard_HO,VM_013,15
103,1378634700,Standard_HO,VM_023,17
103,1378634700,Standard_HO,VM_025,17
103,1378634700,WA-AHO,VM_001,18
103,1378634700,WA-AHO,VM_003,16
103,1378634700,WA-AHO,VM_011,16
103,1378634700,WA-AHO,VM_012,18
103,1378634700,WA-AHO,VM_013,16
103,1378634700,WA-AHO,VM_023,16
103,1378634700,WA-AHO,VM_025,16
103,1378634700,PABFD,VM_012,10
103,1378634700,PABFD,VM_011,11
103,1378634700,PABFD,VM_025,12
103,1378634700,PABFD,VM_003,13
103,1378634700,PABFD,VM_023,13
103,1378634700,PABFD,VM_001,11
103,1378634700,PABFD,VM_013,12
104,1378635000,Standard_HO,VM_001,14
104,1378635000,Standard_HO,VM_003,17
104,1378635000,Standard_HO,VM_011,14
104,1378635000,Standard_HO,VM_012,17
104,1378635000,Standard_HO,VM_013,17
104,1378635000,Standard_HO,VM_023,17
104,1378635000,Standard_HO,VM_025,17
104,1378635000,WA-AHO,VM_001,18
104,1378635000,WA-AHO,VM_003,18
104,1378635000,WA-AHO,VM_011,18
104,1378635000,WA-AHO,VM_012,18
104,1378635000,WA-AHO,VM_013,14
104,1378635000,WA-AHO,VM_023,18
104,1378635000,WA-AHO,VM_025,14
104,1378635000,PABFD,VM_012,10
104,1378635000,PABFD,VM_011,11
104,1378635000,PABFD,VM_025,12
104,1378635000,PABFD,VM_003,13
104,1378635000,PABFD,VM_023,13
104,1378635000,PABFD,VM_001,11
104,1378635000,PABFD,VM_013,12
105,1378635300,Standard_HO,VM_001,10
105,1378635300,Standard_HO,VM_003,18
105,1378635300,Standard_HO,VM_011,18
105,1378635300,Standard_HO,VM_012,18
105,1378635300,Standard_HO,VM_013,10
105,1378635300,Standard_HO,VM_023,10
105,1378635300,Standard_HO,VM_025,18
105,1378635300,WA-AHO,VM_001,12
105,1378635300,WA-AHO,VM_003,12
105,1378635300,WA-AHO,VM_011,16
105,1378635300,WA-AHO,VM_012,16
105,1378635300,WA-AHO,VM_013,12
105,1378635300,WA-AHO,VM_023,16
105,1378635300,WA-AHO,VM_025,16
105,1378635300,PABFD,VM_012,10
105,1378635300,PABFD,VM_011,11
105,1378635300,PABFD,VM_025,12
105,1378635300,PABFD,VM_003,13
105,1378635300,PABFD,VM_023,13
105,1378635300,PABFD,VM_001,11
105,1378635300,PABFD,VM_013,12
106,1378635600,Standard_HO,VM_001,14
106,1378635600,Standard_HO,VM_003,19
106,1378635600,Standard_HO,VM_011,19
106,1378635600,Standard_HO,VM_012,19
106,1378635600,Standard_HO,VM_013,19
106,1378635600,Standard_HO,VM_023,19
106,1378635600,Standard_HO,VM_025,14
106,1378635600,WA-AHO,VM_001,19
106,1378635600,WA-AHO,VM_003,19
106,1378635600,WA-AHO,VM_011,19
106,1378635600,WA-AHO,VM_012,10
106,1378635600,WA-AHO,VM_013,19
106,1378635600,WA-AHO,VM_023,19
106,1378635600,WA-AHO,VM_025,19
106,1378635600,PABFD,VM_012,10
106,1378635600,PABFD,VM_011,11
106,1378635600,PABFD,VM_025,12
106,1378635600,PABFD,VM_003,13
106,1378635600,PABFD,VM_023,13
106,1378635600,PABFD,VM_001,11
106,1378635600,PABFD,VM_013,12
107,1378635900,Standard_HO,VM_001,15
107,1378635900,Standard_HO,VM_003,18
107,1378635900,Standard_HO,VM_011,18
107,1378635900,Standard_HO,VM_012,18
107,1378635900,Standard_HO,VM_013,18
107,1378635900,Standard_HO,VM_023,18
107,1378635900,Standard_HO,VM_025,15
107,1378635900,WA-AHO,VM_001,14
107,1378635900,WA-AHO,VM_003,19
107,1378635900,WA-AHO,VM_011,19
107,1378635900,WA-AHO,VM_012,19
107,1378635900,WA-AHO,VM_013,14
107,1378635900,WA-AHO,VM_023,14
107,1378635900,WA-AHO,VM_025,19
107,1378635900,PABFD,VM_012,10
107,1378635900,PABFD,VM_011,11
107,1378635900,PABFD,VM_025,12
107,1378635900,PABFD,VM_003,13
107,1378635900,PABFD,VM_023,13
107,1378635900,PABFD,VM_001,11
107,1378635900,PABFD,VM_013,12
108,1378636200,Standard_HO,VM_001,13
108,1378636200,Standard_HO,VM_003,18
108,1378636200,Standard_HO,VM_011,18
108,1378636200,Standard_HO,VM_012,18
108,1378636200,Standard_HO,VM_013,13
108,1378636200,Standard_HO,VM_023,13
108,1378636200,Standard_HO,VM_025,18
108,1378636200,WA-AHO,VM_001,12
108,1378636200,WA-AHO,VM_003,19
108,1378636200,WA-AHO,VM_011,19
108,1378636200,WA-AHO,VM_012,19
108,1378636200,WA-AHO,VM_013,19
108,1378636200,WA-AHO,VM_023,19
108,1378636200,WA-AHO,VM_025,12
108,1378636200,PABFD,VM_012,10
108,1378636200,PABFD,VM_011,11
108,1378636200,PABFD,VM_025,12
108,1378636200,PABFD,VM_003,13
108,1378636200,PABFD,VM_023,13
108,1378636200,PABFD,VM_001,11
108,1378636200,PABFD,VM_013,12
109,1378636500,Standard_HO,VM_001,10
109,1378636500,Standard_HO,VM_003,18
109,1378636500,Standard_HO,VM_011,18
109,1378636500,Standard_HO,VM_012,18
109,1378636500,Standard_HO,VM_013,10
109,1378636500,Standard_HO,VM_023,10
109,1378636500,Standard_HO,VM_025,18
109,1378636500,WA-AHO,VM_001,17
109,1378636500,WA-AHO,VM_003,17
109,1378636500,WA-AHO,VM_011,17
109,1378636500,WA-AHO,VM_012,17
109,1378636500,WA-AHO,VM_013,11
109,1378636500,WA-AHO,VM_023,17
109,1378636500,WA-AHO,VM_025,11
109,1378636500,PABFD,VM_012,10
109,1378636500,PABFD,VM_011,11
109,1378636500,PABFD,VM_025,12
109,1378636500,PABFD,VM_003,13
109,1378636500,PABFD,VM_023,13
109,1378636500,PABFD,VM_001,11
109,1378636500,PABFD,VM_013,12
110,1378636800,Standard_HO,VM_001,17
110,1378636800,Standard_HO,VM_003,17
110,1378636800,Standard_HO,VM_011,14
110,1378636800,Standard_HO,VM_012,17
110,1378636800,Standard_HO,VM_013,14
110,1378636800,Standard_HO,VM_023,17
110,1378636800,Standard_HO,VM_025,17
110,1378636800,WA-AHO,VM_001,19
110,1378636800,WA-AHO,VM_003,19
110,1378636800,WA-AHO,VM_011,11
110,1378636800,WA-AHO,VM_012,19
110,1378636800,WA-AHO,VM_013,11
110,1378636800,WA-AHO,VM_023,19
110,1378636800,WA-AHO,VM_025,19
110,1378636800,PABFD,VM_012,10
110,1378636800,PABFD,VM_011,11
110,1378636800,PABFD,VM_025,12
110,1378636800,PABFD,VM_003,13
110,1378636800,PABFD,VM_023,13
110,1378636800,PABFD,VM_001,11
110,1378636800,PABFD,VM_013,12
111,1378637100,Standard_HO,VM_001,16
111,1378637100,Standard_HO,VM_003,16
111,1378637100,Standard_HO,VM_011,13
111,1378637100,Standard_HO,VM_012,16
111,1378637100,Standard_HO,VM_013,13
111,1378637100,Standard_HO,VM_023,16
111,1378637100,Standard_HO,VM_025,16
111,1378637100,WA-AHO,VM_001,18
111,1378637100,WA-AHO,VM_003,18
111,1378637100,WA-AHO,VM_011,18
111,1378637100,WA-AHO,VM_012,18
111,1378637100,WA-AHO,VM_013,12
111,1378637100,WA-AHO,VM_023,18
111,1378637100,WA-AHO,VM_025,12
111,1378637100,PABFD,VM_012,10
111,1378637100,PABFD,VM_011,11
111,1378637100,PABFD,VM_025,12
111,1378637100,PABFD,VM_003,13
111,1378637100,PABFD,VM_023,13
111,1378637100,PABFD,VM_001,11
111,1378637100,PABFD,VM_013,12
112,1378637400,Standard_HO,VM_001,19
112,1378637400,Standard_HO,VM_003,19
112,1378637400,Standard_HO,VM_011,10
112,1378637400,Standard_HO,VM_012,19
112,1378637400,Standard_HO,VM_013,10
112,1378637400,Standard_HO,VM_023,19
112,1378637400,Standard_HO,VM_025,19
112,1378637400,WA-AHO,VM_001,19
112,1378637400,WA-AHO,VM_003,19
112,1378637400,WA-AHO,VM_011,10
112,1378637400,WA-AHO,VM_012,19
112,1378637400,WA-AHO,VM_013,10
112,1378637400,WA-AHO,VM_023,19
112,1378637400,WA-AHO,VM_025,19
112,1378637400,PABFD,VM_012,10
112,1378637400,PABFD,VM_011,11
112,1378637400,PABFD,VM_025,12
112,1378637400,PABFD,VM_003,13
112,1378637400,PABFD,VM_023,13
112,1378637400,PABFD,VM_001,11
112,1378637400,PABFD,VM_013,12
113,1378637700,Standard_HO,VM_001,19
113,1378637700,Standard_HO,VM_003,19
113,1378637700,Standard_HO,VM_011,12
113,1378637700,Standard_HO,VM_012,19
113,1378637700,Standard_HO,VM_013,12
113,1378637700,Standard_HO,VM_023,19
113,1378637700,Standard_HO,VM_025,19
113,1378637700,WA-AHO,VM_001,19
113,1378637700,WA-AHO,VM_003,19
113,1378637700,WA-AHO,VM_011,12
113,1378637700,WA-AHO,VM_012,19
113,1378637700,WA-AHO,VM_013,12
113,1378637700,WA-AHO,VM_023,19
113,1378637700,WA-AHO,VM_025,19
113,1378637700,PABFD,VM_012,10
113,1378637700,PABFD,VM_011,11
113,1378637700,PABFD,VM_025,12
113,1378637700,PABFD,VM_003,13
113,1378637700,PABFD,VM_023,13
113,1378637700,PABFD,VM_001,11
113,1378637700,PABFD,VM_013,12
114,1378638000,Standard_HO,VM_001,10
114,1378638000,Standard_HO,VM_003,17
114,1378638000,Standard_HO,VM_011,17
114,1378638000,Standard_HO,VM_012,17
114,1378638000,Standard_HO,VM_013,10
114,1378638000,Standard_HO,VM_023,10
114,1378638000,Standard_HO,VM_025,17
114,1378638000,WA-AHO,VM_001,19
114,1378638000,WA-AHO,VM_003,19
114,1378638000,WA-AHO,VM_011,19
114,1378638000,WA-AHO,VM_012,19
114,1378638000,WA-AHO,VM_013,12
114,1378638000,WA-AHO,VM_023,19
114,1378638000,WA-AHO,VM_025,12
114,1378638000,PABFD,VM_012,10
114,1378638000,PABFD,VM_011,11
114,1378638000,PABFD,VM_025,12
114,1378638000,PABFD,VM_003,13
114,1378638000,PABFD,VM_023,13
114,1378638000,PABFD,VM_001,11
114,1378638000,PABFD,VM_013,12
115,1378638300,Standard_HO,VM_001,18
115,1378638300,Standard_HO,VM_003,18
115,1378638300,Standard_HO,VM_011,13
115,1378638300,Standard_HO,VM_012,18
115,1378638300,Standard_HO,VM_013,13
115,1378638300,Standard_HO,VM_023,18
115,1378638300,Standard_HO,VM_025,18
115,1378638300,WA-AHO,VM_001,17
115,1378638300,WA-AHO,VM_003,17
115,1378638300,WA-AHO,VM_011,17
115,1378638300,WA-AHO,VM_012,17
115,1378638300,WA-AHO,VM_013,11
115,1378638300,WA-AHO,VM_023,17
115,1378638300,WA-AHO,VM_025,11
115,1378638300,PABFD,VM_012,10
115,1378638300,PABFD,VM_011,11
115,1378638300,PABFD,VM_025,12
115,1378638300,PABFD,VM_003,13
115,1378638300,PABFD,VM_023,13
115,1378638300,PABFD,VM_001,11
115,1378638300,PABFD,VM_013,12
116,1378638600,Standard_HO,VM_001,11
116,1378638600,Standard_HO,VM_003,18
116,1378638600,Standard_HO,VM_011,18
116,1378638600,Standard_HO,VM_012,18
116,1378638600,Standard_HO,VM_013,18
116,1378638600,Standard_HO,VM_023,18
116,1378638600,Standard_HO,VM_025,11
116,1378638600,WA-AHO,VM_001,11
116,1378638600,WA-AHO,VM_003,18
116,1378638600,WA-AHO,VM_011,18
116,1378638600,WA-AHO,VM_012,18
116,1378638600,WA-AHO,VM_013,18
116,1378638600,WA-AHO,VM_023,18
116,1378638600,WA-AHO,VM_025,11
116,1378638600,PABFD,VM_012,10
116,1378638600,PABFD,VM_011,11
116,1378638600,PABFD,VM_025,12
116,1378638600,PABFD,VM_003,13
116,1378638600,PABFD,VM_023,13
116,1378638600,PABFD,VM_001,11
116,1378638600,PABFD,VM_013,12
117,1378638900,Standard_HO,VM_001,19
117,1378638900,Standard_HO,VM_003,19
117,1378638900,Standard_HO,VM_011,13
117,1378638900,Standard_HO,VM_012,19
117,1378638900,Standard_HO,VM_013,13
117,1378638900,Standard_HO,VM_023,19
117,1378638900,Standard_HO,VM_025,19
117,1378638900,WA-AHO,VM_001,19
117,1378638900,WA-AHO,VM_003,19
117,1378638900,WA-AHO,VM_011,12
117,1378638900,WA-AHO,VM_012,19
117,1378638900,WA-AHO,VM_013,12
117,1378638900,WA-AHO,VM_023,19
117,1378638900,WA-AHO,VM_025,19
117,1378638900,PABFD,VM_012,10
117,1378638900,PABFD,VM_011,11
117,1378638900,PABFD,VM_025,12
117,1378638900,PABFD,VM_003,13
117,1378638900,PABFD,VM_023,13
117,1378638900,PABFD,VM_001,11
117,1378638900,PABFD,VM_013,12
118,1378639200,Standard_HO,VM_001,18
118,1378639200,Standard_HO,VM_003,18
118,1378639200,Standard_HO,VM_011,15
118,1378639200,Standard_HO,VM_012,18
118,1378639200,Standard_HO,VM_013,15
118,1378639200,Standard_HO,VM_023,18
118,1378639200,Standard_HO,VM_025,18
118,1378639200,WA-AHO,VM_001,17
118,1378639200,WA-AHO,VM_003,17
118,1378639200,WA-AHO,VM_011,10
118,1378639200,WA-AHO,VM_012,17
118,1378639200,WA-AHO,VM_013,10
118,1378639200,WA-AHO,VM_023,17
118,1378639200,WA-AHO,VM_025,17
118,1378639200,PABFD,VM_012,10
118,1378639200,PABFD,VM_011,11
118,1378639200,PABFD,VM_025,12
118,1378639200,PABFD,VM_003,13
118,1378639200,PABFD,VM_023,13
118,1378639200,PABFD,VM_001,11
118,1378639200,PABFD,VM_013,12
119,1378639500,Standard_HO,VM_001,17
119,1378639500,Standard_HO,VM_003,17
119,1378639500,Standard_HO,VM_011,14
119,1378639500,Standard_HO,VM_012,17
119,1378639500,Standard_HO,VM_013,14
119,1378639500,Standard_HO,VM_023,17
119,1378639500,Standard_HO,VM_025,17
119,1378639500,WA-AHO,VM_001,18
119,1378639500,WA-AHO,VM_003,18
119,1378639500,WA-AHO,VM_011,14
119,1378639500,WA-AHO,VM_012,18
119,1378639500,WA-AHO,VM_013,14
119,1378639500,WA-AHO,VM_023,18
119,1378639500,WA-AHO,VM_025,18
119,1378639500,PABFD,VM_012,10
119,1378639500,PABFD,VM_011,11
119,1378639500,PABFD,VM_025,12
119,1378639500,PABFD,VM_003,13
119,1378639500,PABFD,VM_023,13
119,1378639500,PABFD,VM_001,11
119,1378639500,PABFD,VM_013,12
120,1378639800,Standard_HO,VM_001,19
120,1378639800,Standard_HO,VM_003,19
120,1378639800,Standard_HO,VM_011,15
120,1378639800,Standard_HO,VM_012,19
120,1378639800,Standard_HO,VM_013,15
120,1378639800,Standard_HO,VM_023,19
120,1378639800,Standard_HO,VM_025,19
120,1378639800,WA-AHO,VM_001,19
120,1378639800,WA-AHO,VM_003,19
120,1378639800,WA-AHO,VM_011,15
120,1378639800,WA-AHO,VM_012,19
120,1378639800,WA-AHO,VM_013,15
120,1378639800,WA-AHO,VM_023,19
120,1378639800,WA-AHO,VM_025,19
120,1378639800,PABFD,VM_012,10
120,1378639800,PABFD,VM_011,11
120,1378639800,PABFD,VM_025,12
120,1378639800,PABFD,VM_003,13
120,1378639800,PABFD,VM_023,13
120,1378639800,PABFD,VM_001,11
120,1378639800,PABFD,VM_013,12
121,1378640100,Standard_HO,VM_001,18
121,1378640100,Standard_HO,VM_003,18
121,1378640100,Standard_HO,VM_011,13
121,1378640100,Standard_HO,VM_012,18
121,1378640100,Standard_HO,VM_013,13
121,1378640100,Standard_HO,VM_023,18
121,1378640100,Standard_HO,VM_025,18
121,1378640100,WA-AHO,VM_001,18
121,1378640100,WA-AHO,VM_003,18
121,1378640100,WA-AHO,VM_011,11
121,1378640100,WA-AHO,VM_012,18
121,1378640100,WA-AHO,VM_013,11
121,1378640100,WA-AHO,VM_023,18
121,1378640100,WA-AHO,VM_025,18
121,1378640100,PABFD,VM_012,10
121,1378640100,PABFD,VM_011,11
121,1378640100,PABFD,VM_025,12
121,1378640100,PABFD,VM_003,13
121,1378640100,PABFD,VM_023,13
121,1378640100,PABFD,VM_001,11
121,1378640100,PABFD,VM_013,12
122,1378640400,Standard_HO,VM_001,18
122,1378640400,Standard_HO,VM_003,18
122,1378640400,Standard_HO,VM_011,13
122,1378640400,Standard_HO,VM_012,18
122,1378640400,Standard_HO,VM_013,13
122,1378640400,Standard_HO,VM_023,18
122,1378640400,Standard_HO,VM_025,18
122,1378640400,WA-AHO,VM_001,19
122,1378640400,WA-AHO,VM_003,19
122,1378640400,WA-AHO,VM_011,14
122,1378640400,WA-AHO,VM_012,19
122,1378640400,WA-AHO,VM_013,14
122,1378640400,WA-AHO,VM_023,19
122,1378640400,WA-AHO,VM_025,19
122,1378640400,PABFD,VM_012,10
122,1378640400,PABFD,VM_011,11
122,1378640400,PABFD,VM_025,12
122,1378640400,PABFD,VM_003,13
122,1378640400,PABFD,VM_023,13
122,1378640400,PABFD,VM_001,11
122,1378640400,PABFD,VM_013,12
123,1378640700,Standard_HO,VM_001,18
123,1378640700,Standard_HO,VM_003,18
123,1378640700,Standard_HO,VM_011,15
123,1378640700,Standard_HO,VM_012,18
123,1378640700,Standard_HO,VM_013,15
123,1378640700,Standard_HO,VM_023,18
123,1378640700,Standard_HO,VM_025,18
123,1378640700,WA-AHO,VM_001,17
123,1378640700,WA-AHO,VM_003,17
123,1378640700,WA-AHO,VM_011,12
123,1378640700,WA-AHO,VM_012,17
123,1378640700,WA-AHO,VM_013,12
123,1378640700,WA-AHO,VM_023,17
123,1378640700,WA-AHO,VM_025,17
123,1378640700,PABFD,VM_012,10
123,1378640700,PABFD,VM_011,11
123,1378640700,PABFD,VM_025,12
123,1378640700,PABFD,VM_003,13
123,1378640700,PABFD,VM_023,13
123,1378640700,PABFD,VM_001,11
123,1378640700,PABFD,VM_013,12
124,1378641000,Standard_HO,VM_001,11
124,1378641000,Standard_HO,VM_003,11
124,1378641000,Standard_HO,VM_011,16
124,1378641000,Standard_HO,VM_012,16
124,1378641000,Standard_HO,VM_013,11
124,1378641000,Standard_HO,VM_023,16
124,1378641000,Standard_HO,VM_025,16
124,1378641000,WA-AHO,VM_001,19
124,1378641000,WA-AHO,VM_003,13
124,1378641000,WA-AHO,VM_011,19
124,1378641000,WA-AHO,VM_012,19
124,1378641000,WA-AHO,VM_013,19
124,1378641000,WA-AHO,VM_023,13
124,1378641000,WA-AHO,VM_025,19
124,1378641000,PABFD,VM_012,10
124,1378641000,PABFD,VM_011,11
124,1378641000,PABFD,VM_025,12
124,1378641000,PABFD,VM_003,13
124,1378641000,PABFD,VM_023,13
124,1378641000,PABFD,VM_001,11
124,1378641000,PABFD,VM_013,12
125,1378641300,Standard_HO,VM_001,19
125,1378641300,Standard_HO,VM_003,19
125,1378641300,Standard_HO,VM_011,14
125,1378641300,Standard_HO,VM_012,19
125,1378641300,Standard_HO,VM_013,14
125,1378641300,Standard_HO,VM_023,19
125,1378641300,Standard_HO,VM_025,19
125,1378641300,WA-AHO,VM_001,19
125,1378641300,WA-AHO,VM_003,19
125,1378641300,WA-AHO,VM_011,14
125,1378641300,WA-AHO,VM_012,19
125,1378641300,WA-AHO,VM_013,14
125,1378641300,WA-AHO,VM_023,19
125,1378641300,WA-AHO,VM_025,19
125,1378641300,PABFD,VM_012,10
125,1378641300,PABFD,VM_011,11
125,1378641300,PABFD,VM_025,12
125,1378641300,PABFD,VM_003,13
125,1378641300,PABFD,VM_023,13
125,1378641300,PABFD,VM_001,11
125,1378641300,PABFD,VM_013,12
126,1378641600,Standard_HO,VM_001,14
126,1378641600,Standard_HO,VM_003,17
126,1378641600,Standard_HO,VM_011,17
126,1378641600,Standard_HO,VM_012,17
126,1378641600,Standard_HO,VM_013,14
126,1378641600,Standard_HO,VM_023,14
126,1378641600,Standard_HO,VM_025,17
126,1378641600,WA-AHO,VM_001,10
126,1378641600,WA-AHO,VM_003,16
126,1378641600,WA-AHO,VM_011,16
126,1378641600,WA-AHO,VM_012,16
126,1378641600,WA-AHO,VM_013,16
126,1378641600,WA-AHO,VM_023,16
126,1378641600,WA-AHO,VM_025,10
126,1378641600,PABFD,VM_012,10
126,1378641600,PABFD,VM_011,11
126,1378641600,PABFD,VM_025,12
126,1378641600,PABFD,VM_003,13
126,1378641600,PABFD,VM_023,13
126,1378641600,PABFD,VM_001,11
126,1378641600,PABFD,VM_013,12
127,1378641900,Standard_HO,VM_001,18
127,1378641900,Standard_HO,VM_003,18
127,1378641900,Standard_HO,VM_011,10
127,1378641900,Standard_HO,VM_012,18
127,1378641900,Standard_HO,VM_013,10
127,1378641900,Standard_HO,VM_023,18
127,1378641900,Standard_HO,VM_025,18
127,1378641900,WA-AHO,VM_001,19
127,1378641900,WA-AHO,VM_003,19
127,1378641900,WA-AHO,VM_011,14
127,1378641900,WA-AHO,VM_012,19
127,1378641900,WA-AHO,VM_013,14
127,1378641900,WA-AHO,VM_023,19
127,1378641900,WA-AHO,VM_025,19
127,1378641900,PABFD,VM_012,10
127,1378641900,PABFD,VM_011,11
127,1378641900,PABFD,VM_025,12
127,1378641900,PABFD,VM_003,13
127,1378641900,PABFD,VM_023,13
127,1378641900,PABFD,VM_001,11
127,1378641900,PABFD,VM_013,12
128,1378642200,Standard_HO,VM_001,16
128,1378642200,Standard_HO,VM_003,16
128,1378642200,Standard_HO,VM_011,13
128,1378642200,Standard_HO,VM_012,16
128,1378642200,Standard_HO,VM_013,13
128,1378642200,Standard_HO,VM_023,16
128,1378642200,Standard_HO,VM_025,16
128,1378642200,WA-AHO,VM_001,16
128,1378642200,WA-AHO,VM_003,16
128,1378642200,WA-AHO,VM_011,13
128,1378642200,WA-AHO,VM_012,16
128,1378642200,WA-AHO,VM_013,13
128,1378642200,WA-AHO,VM_023,16
128,1378642200,WA-AHO,VM_025,16
128,1378642200,PABFD,VM_012,10
128,1378642200,PABFD,VM_011,11
128,1378642200,PABFD,VM_025,12
128,1378642200,PABFD,VM_003,13
128,1378642200,PABFD,VM_023,13
128,1378642200,PABFD,VM_001,11
128,1378642200,PABFD,VM_013,12
129,1378642500,Standard_HO,VM_001,15
129,1378642500,Standard_HO,VM_003,17
129,1378642500,Standard_HO,VM_011,17
129,1378642500,Standard_HO,VM_012,17
129,1378642500,Standard_HO,VM_013,15
129,1378642500,Standard_HO,VM_023,15
129,1378642500,Standard_HO,VM_025,17
129,1378642500,WA-AHO,VM_001,13
129,1378642500,WA-AHO,VM_003,17
129,1378642500,WA-AHO,VM_011,17
129,1378642500,WA-AHO,VM_012,17
129,1378642500,WA-AHO,VM_013,13
129,1378642500,WA-AHO,VM_023,13
129,1378642500,WA-AHO,VM_025,17
129,1378642500,PABFD,VM_012,10
129,1378642500,PABFD,VM_011,11
129,1378642500,PABFD,VM_025,12
129,1378642500,PABFD,VM_003,13
129,1378642500,PABFD,VM_023,13
129,1378642500,PABFD,VM_001,11
129,1378642500,PABFD,VM_013,12
130,1378642800,Standard_HO,VM_001,10
130,1378642800,Standard_HO,VM_003,17
130,1378642800,Standard_HO,VM_011,17
130,1378642800,Standard_HO,VM_012,17
130,1378642800,Standard_HO,VM_013,17
130,1378642800,Standard_HO,VM_023,17
130,1378642800,Standard_HO,VM_025,10
130,1378642800,WA-AHO,VM_001,10
130,1378642800,WA-AHO,VM_003,17
130,1378642800,WA-AHO,VM_011,17
130,1378642800,WA-AHO,VM_012,17
130,1378642800,WA-AHO,VM_013,17
130,1378642800,WA-AHO,VM_023,17
130,1378642800,WA-AHO,VM_025,10
130,1378642800,PABFD,VM_012,10
130,1378642800,PABFD,VM_011,11
130,1378642800,PABFD,VM_025,12
130,1378642800,PABFD,VM_003,13
130,1378642800,PABFD,VM_023,13
130,1378642800,PABFD,VM_001,11
130,1378642800,PABFD,VM_013,12
131,1378643100,Standard_HO,VM_001,17
131,1378643100,Standard_HO,VM_003,17
131,1378643100,Standard_HO,VM_011,15
131,1378643100,Standard_HO,VM_012,17
131,1378643100,Standard_HO,VM_013,15
131,1378643100,Standard_HO,VM_023,17
131,1378643100,Standard_HO,VM_025,17
131,1378643100,WA-AHO,VM_001,18
131,1378643100,WA-AHO,VM_003,18
131,1378643100,WA-AHO,VM_011,13
131,1378643100,WA-AHO,VM_012,18
131,1378643100,WA-AHO,VM_013,13
131,1378643100,WA-AHO,VM_023,18
131,1378643100,WA-AHO,VM_025,18
131,1378643100,PABFD,VM_012,10
131,1378643100,PABFD,VM_011,11
131,1378643100,PABFD,VM_025,12
131,1378643100,PABFD,VM_003,13
131,1378643100,PABFD,VM_023,13
131,1378643100,PABFD,VM_001,11
131,1378643100,PABFD,VM_013,12
132,1378643400,Standard_HO,VM_001,11
132,1378643400,Standard_HO,VM_003,19
132,1378643400,Standard_HO,VM_011,19
132,1378643400,Standard_HO,VM_012,19
132,1378643400,Standard_HO,VM_013,19
132,1378643400,Standard_HO,VM_023,19
132,1378643400,Standard_HO,VM_025,11
132,1378643400,WA-AHO,VM_001,14
132,1378643400,WA-AHO,VM_003,16
132,1378643400,WA-AHO,VM_011,16
132,1378643400,WA-AHO,VM_012,16
132,1378643400,WA-AHO,VM_013,16
132,1378643400,WA-AHO,VM_023,16
132,1378643400,WA-AHO,VM_025,14
132,1378643400,PABFD,VM_012,10
132,1378643400,PABFD,VM_011,11
132,1378643400,PABFD,VM_025,12
132,1378643400,PABFD,VM_003,13
132,1378643400,PABFD,VM_023,13
132,1378643400,PABFD,VM_001,11
132,1378643400,PABFD,VM_013,12
133,1378643700,Standard_HO,VM_001,10
133,1378643700,Standard_HO,VM_003,16
133,1378643700,Standard_HO,VM_011,16
133,1378643700,Standard_HO,VM_012,16
133,1378643700,Standard_HO,VM_013,10
133,1378643700,Standard_HO,VM_023,10
133,1378643700,Standard_HO,VM_025,16
133,1378643700,WA-AHO,VM_001,12
133,1378643700,WA-AHO,VM_003,17
133,1378643700,WA-AHO,VM_011,17
133,1378643700,WA-AHO,VM_012,17
133,1378643700,WA-AHO,VM_013,17
133,1378643700,WA-AHO,VM_023,17
133,1378643700,WA-AHO,VM_025,12
133,1378643700,PABFD,VM_012,10
133,1378643700,PABFD,VM_011,11
133,1378643700,PABFD,VM_025,12
133,1378643700,PABFD,VM_003,13
133,1378643700,PABFD,VM_023,13
133,1378643700,PABFD,VM_001,11
133,1378643700,PABFD,VM_013,12
134,1378644000,Standard_HO,VM_001,12
134,1378644000,Standard_HO,VM_003,19
134,1378644000,Standard_HO,VM_011,19
134,1378644000,Standard_HO,VM_012,19
134,1378644000,Standard_HO,VM_013,12
134,1378644000,Standard_HO,VM_023,12
134,1378644000,Standard_HO,VM_025,19
134,1378644000,WA-AHO,VM_001,11
134,1378644000,WA-AHO,VM_003,18
134,1378644000,WA-AHO,VM_011,18
134,1378644000,WA-AHO,VM_012,18
134,1378644000,WA-AHO,VM_013,18
134,1378644000,WA-AHO,VM_023,18
134,1378644000,WA-AHO,VM_025,11
134,1378644000,PABFD,VM_012,10
134,1378644000,PABFD,VM_011,11
134,1378644000,PABFD,VM_025,12
134,1378644000,PABFD,VM_003,13
134,1378644000,PABFD,VM_023,13
134,1378644000,PABFD,VM_001,11
134,1378644000,PABFD,VM_013,12
135,1378644300,Standard_HO,VM_001,15
135,1378644300,Standard_HO,VM_003,15
135,1378644300,Standard_HO,VM_011,18
135,1378644300,Standard_HO,VM_012,18
135,1378644300,Standard_HO,VM_013,15
135,1378644300,Standard_HO,VM_023,18
135,1378644300,Standard_HO,VM_025,18
135,1378644300,WA-AHO,VM_001,15
135,1378644300,WA-AHO,VM_003,15
135,1378644300,WA-AHO,VM_011,18
135,1378644300,WA-AHO,VM_012,18
135,1378644300,WA-AHO,VM_013,15
135,1378644300,WA-AHO,VM_023,18
135,1378644300,WA-AHO,VM_025,18
135,1378644300,PABFD,VM_012,10
135,1378644300,PABFD,VM_011,11
135,1378644300,PABFD,VM_025,12
135,1378644300,PABFD,VM_003,13
135,1378644300,PABFD,VM_023,13
135,1378644300,PABFD,VM_001,11
135,1378644300,PABFD,VM_013,12
136,1378644600,Standard_HO,VM_001,14
136,1378644600,Standard_HO,VM_003,19
136,1378644600,Standard_HO,VM_011,19
136,1378644600,Standard_HO,VM_012,19
136,1378644600,Standard_HO,VM_013,19
136,1378644600,Standard_HO,VM_023,19
136,1378644600,Standard_HO,VM_025,14
136,1378644600,WA-AHO,VM_001,19
136,1378644600,WA-AHO,VM_003,19
136,1378644600,WA-AHO,VM_011,19
136,1378644600,WA-AHO,VM_012,19
136,1378644600,WA-AHO,VM_013,11
136,1378644600,WA-AHO,VM_023,19
136,1378644600,WA-AHO,VM_025,11
136,1378644600,PABFD,VM_012,10
136,1378644600,PABFD,VM_011,11
136,1378644600,PABFD,VM_025,12
136,1378644600,PABFD,VM_003,13
136,1378644600,PABFD,VM_023,13
136,1378644600,PABFD,VM_001,11
136,1378644600,PABFD,VM_013,12
137,1378644900,Standard_HO,VM_001,14
137,1378644900,Standard_HO,VM_003,19
137,1378644900,Standard_HO,VM_011,19
137,1378644900,Standard_HO,VM_012,19
137,1378644900,Standard_HO,VM_013,14
137,1378644900,Standard_HO,VM_023,14
137,1378644900,Standard_HO,VM_025,19
137,1378644900,WA-AHO,VM_001,10
137,1378644900,WA-AHO,VM_003,18
137,1378644900,WA-AHO,VM_011,18
137,1378644900,WA-AHO,VM_012,18
137,1378644900,WA-AHO,VM_013,10
137,1378644900,WA-AHO,VM_023,10
137,1378644900,WA-AHO,VM_025,18
137,1378644900,PABFD,VM_012,10
137,1378644900,PABFD,VM_011,11
137,1378644900,PABFD,VM_025,12
137,1378644900,PABFD,VM_003,13
137,1378644900,PABFD,VM_023,13
137,1378644900,PABFD,VM_001,11
137,1378644900,PABFD,VM_013,12
138,1378645200,Standard_HO,VM_001,11
138,1378645200,Standard_HO,VM_003,19
138,1378645200,Standard_HO,VM_011,19
138,1378645200,Standard_HO,VM_012,19
138,1378645200,Standard_HO,VM_013,11
138,1378645200,Standard_HO,VM_023,11
138,1378645200,Standard_HO,VM_025,19
138,1378645200,WA-AHO,VM_001,17
138,1378645200,WA-AHO,VM_003,17
138,1378645200,WA-AHO,VM_011,17
138,1378645200,WA-AHO,VM_012,17
138,1378645200,WA-AHO,VM_013,12
138,1378645200,WA-AHO,VM_023,17
138,1378645200,WA-AHO,VM_025,12
138,1378645200,PABFD,VM_012,10
138,1378645200,PABFD,VM_011,11
138,1378645200,PABFD,VM_025,12
138,1378645200,PABFD,VM_003,13
138,1378645200,PABFD,VM_023,13
138,1378645200,PABFD,VM_001,11
138,1378645200,PABFD,VM_013,12
139,1378645500,Standard_HO,VM_001,11
139,1378645500,Standard_HO,VM_003,18
139,1378645500,Standard_HO,VM_011,18
139,1378645500,Standard_HO,VM_012,18
139,1378645500,Standard_HO,VM_013,11
139,1378645500,Standard_HO,VM_023,11
139,1378645500,Standard_HO,VM_025,18
139,1378645500,WA-AHO,VM_001,11
139,1378645500,WA-AHO,VM_003,18
139,1378645500,WA-AHO,VM_011,18
139,1378645500,WA-AHO,VM_012,18
139,1378645500,WA-AHO,VM_013,11
139,1378645500,WA-AHO,VM_023,11
139,1378645500,WA-AHO,VM_025,18
139,1378645500,PABFD,VM_012,10
139,1378645500,PABFD,VM_011,11
139,1378645500,PABFD,VM_025,12
139,1378645500,PABFD,VM_003,13
139,1378645500,PABFD,VM_023,13
139,1378645500,PABFD,VM_001,11
139,1378645500,PABFD,VM_013,12
140,1378645800,Standard_HO,VM_001,11
140,1378645800,Standard_HO,VM_003,18
140,1378645800,Standard_HO,VM_011,18
140,1378645800,Standard_HO,VM_012,18
140,1378645800,Standard_HO,VM_013,18
140,1378645800,Standard_HO,VM_023,18
140,1378645800,Standard_HO,VM_025,11
140,1378645800,WA-AHO,VM_001,10
140,1378645800,WA-AHO,VM_003,18
140,1378645800,WA-AHO,VM_011,18
140,1378645800,WA-AHO,VM_012,18
140,1378645800,WA-AHO,VM_013,18
140,1378645800,WA-AHO,VM_023,18
140,1378645800,WA-AHO,VM_025,10
140,1378645800,PABFD,VM_012,10
140,1378645800,PABFD,VM_011,11
140,1378645800,PABFD,VM_025,12
140,1378645800,PABFD,VM_003,13
140,1378645800,PABFD,VM_023,13
140,1378645800,PABFD,VM_001,11
140,1378645800,PABFD,VM_013,12
141,1378646100,Standard_HO,VM_001,11
141,1378646100,Standard_HO,VM_003,19
141,1378646100,Standard_HO,VM_011,19
141,1378646100,Standard_HO,VM_012,19
141,1378646100,Standard_HO,VM_013,19
141,1378646100,Standard_HO,VM_023,19
141,1378646100,Standard_HO,VM_025,11
141,1378646100,WA-AHO,VM_001,10
141,1378646100,WA-AHO,VM_003,10
141,1378646100,WA-AHO,VM_011,19
141,1378646100,WA-AHO,VM_012,19
141,1378646100,WA-AHO,VM_013,10
141,1378646100,WA-AHO,VM_023,19
141,1378646100,WA-AHO,VM_025,19
141,1378646100,PABFD,VM_012,10
141,1378646100,PABFD,VM_011,11
141,1378646100,PABFD,VM_025,12
141,1378646100,PABFD,VM_003,13
141,1378646100,PABFD,VM_023,13
141,1378646100,PABFD,VM_001,11
141,1378646100,PABFD,VM_013,12
142,1378646400,Standard_HO,VM_001,11
142,1378646400,Standard_HO,VM_003,17
142,1378646400,Standard_HO,VM_011,17
142,1378646400,Standard_HO,VM_012,17
142,1378646400,Standard_HO,VM_013,17
142,1378646400,Standard_HO,VM_023,17
142,1378646400,Standard_HO,VM_025,11
142,1378646400,WA-AHO,VM_001,16
142,1378646400,WA-AHO,VM_003,16
142,1378646400,WA-AHO,VM_011,15
142,1378646400,WA-AHO,VM_012,16
142,1378646400,WA-AHO,VM_013,15
142,1378646400,WA-AHO,VM_023,16
142,1378646400,WA-AHO,VM_025,16
142,1378646400,PABFD,VM_012,10
142,1378646400,PABFD,VM_011,11
142,1378646400,PABFD,VM_025,12
142,1378646400,PABFD,VM_003,13
142,1378646400,PABFD,VM_023,13
142,1378646400,PABFD,VM_001,11
142,1378646400,PABFD,VM_013,12
143,1378646700,Standard_HO,VM_001,11
143,1378646700,Standard_HO,VM_003,16
143,1378646700,Standard_HO,VM_011,16
143,1378646700,Standard_HO,VM_012,16
143,1378646700,Standard_HO,VM_013,11
143,1378646700,Standard_HO,VM_023,11
143,1378646700,Standard_HO,VM_025,16
143,1378646700,WA-AHO,VM_001,13
143,1378646700,WA-AHO,VM_003,16
143,1378646700,WA-AHO,VM_011,16
143,1378646700,WA-AHO,VM_012,16
143,1378646700,WA-AHO,VM_013,16
143,1378646700,WA-AHO,VM_023,16
143,1378646700,WA-AHO,VM_025,13
143,1378646700,PABFD,VM_012,10
143,1378646700,PABFD,VM_011,11
143,1378646700,PABFD,VM_025,12
143,1378646700,PABFD,VM_003,13
143,1378646700,PABFD,VM_023,13
143,1378646700,PABFD,VM_001,11
143,1378646700,PABFD,VM_013,12
144,1378647000,Standard_HO,VM_001,12
144,1378647000,Standard_HO,VM_003,18
144,1378647000,Standard_HO,VM_011,18
144,1378647000,Standard_HO,VM_012,18
144,1378647000,Standard_HO,VM_013,18
144,1378647000,Standard_HO,VM_023,18
144,1378647000,Standard_HO,VM_025,12
144,1378647000,WA-AHO,VM_001,15
144,1378647000,WA-AHO,VM_003,16
144,1378647000,WA-AHO,VM_011,16
144,1378647000,WA-AHO,VM_012,16
144,1378647000,WA-AHO,VM_013,15
144,1378647000,WA-AHO,VM_023,15
144,1378647000,WA-AHO,VM_025,16
144,1378647000,PABFD,VM_012,10
144,1378647000,PABFD,VM_011,11
144,1378647000,PABFD,VM_025,12
144,1378647000,PABFD,VM_003,13
144,1378647000,PABFD,VM_023,13
144,1378647000,PABFD,VM_001,11
144,1378647000,PABFD,VM_013,12
145,1378647300,Standard_HO,VM_001,14
145,1378647300,Standard_HO,VM_003,18
145,1378647300,Standard_HO,VM_011,18
145,1378647300,Standard_HO,VM_012,18
145,1378647300,Standard_HO,VM_013,14
145,1378647300,Standard_HO,VM_023,14
145,1378647300,Standard_HO,VM_025,18
145,1378647300,WA-AHO,VM_001,10
145,1378647300,WA-AHO,VM_003,18
145,1378647300,WA-AHO,VM_011,18
145,1378647300,WA-AHO,VM_012,18
145,1378647300,WA-AHO,VM_013,18
145,1378647300,WA-AHO,VM_023,18
145,1378647300,WA-AHO,VM_025,10
145,1378647300,PABFD,VM_012,10
145,1378647300,PABFD,VM_011,11
145,1378647300,PABFD,VM_025,12
145,1378647300,PABFD,VM_003,13
145,1378647300,PABFD,VM_023,13
145,1378647300,PABFD,VM_001,11
145,1378647300,PABFD,VM_013,12
146,1378647600,Standard_HO,VM_001,12
146,1378647600,Standard_HO,VM_003,17
146,1378647600,Standard_HO,VM_011,17
146,1378647600,Standard_HO,VM_012,17
146,1378647600,Standard_HO,VM_013,17
146,1378647600,Standard_HO,VM_023,17
146,1378647600,Standard_HO,VM_025,12
146,1378647600,WA-AHO,VM_001,12
146,1378647600,WA-AHO,VM_003,19
146,1378647600,WA-AHO,VM_011,19
146,1378647600,WA-AHO,VM_012,19
146,1378647600,WA-AHO,VM_013,19
146,1378647600,WA-AHO,VM_023,19
146,1378647600,WA-AHO,VM_025,12
146,1378647600,PABFD,VM_012,10
146,1378647600,PABFD,VM_011,11
146,1378647600,PABFD,VM_025,12
146,1378647600,PABFD,VM_003,13
146,1378647600,PABFD,VM_023,13
146,1378647600,PABFD,VM_001,11
146,1378647600,PABFD,VM_013,12
147,1378647900,Standard_HO,VM_001,13
147,1378647900,Standard_HO,VM_003,13
147,1378647900,Standard_HO,VM_011,19
147,1378647900,Standard_HO,VM_012,19
147,1378647900,Standard_HO,VM_013,13
147,1378647900,Standard_HO,VM_023,19
147,1378647900,Standard_HO,VM_025,19
147,1378647900,WA-AHO,VM_001,14
147,1378647900,WA-AHO,VM_003,19
147,1378647900,WA-AHO,VM_011,19
147,1378647900,WA-AHO,VM_012,19
147,1378647900,WA-AHO,VM_013,19
147,1378647900,WA-AHO,VM_023,19
147,1378647900,WA-AHO,VM_025,14
147,1378647900,PABFD,VM_012,10
147,1378647900,PABFD,VM_011,11
147,1378647900,PABFD,VM_025,12
147,1378647900,PABFD,VM_003,13
147,1378647900,PABFD,VM_023,13
147,1378647900,PABFD,VM_001,11
147,1378647900,PABFD,VM_013,12
148,1378648200,Standard_HO,VM_001,11
148,1378648200,Standard_HO,VM_003,19
148,1378648200,Standard_HO,VM_011,19
148,1378648200,Standard_HO,VM_012,19
148,1378648200,Standard_HO,VM_013,11
148,1378648200,Standard_HO,VM_023,11
148,1378648200,Standard_HO,VM_025,19
148,1378648200,WA-AHO,VM_001,14
148,1378648200,WA-AHO,VM_003,17
148,1378648200,WA-AHO,VM_011,17
148,1378648200,WA-AHO,VM_012,17
148,1378648200,WA-AHO,VM_013,17
148,1378648200,WA-AHO,VM_023,17
148,1378648200,WA-AHO,VM_025,14
148,1378648200,PABFD,VM_012,10
148,1378648200,PABFD,VM_011,11
148,1378648200,PABFD,VM_025,12
148,1378648200,PABFD,VM_003,13
148,1378648200,PABFD,VM_023,13
148,1378648200,PABFD,VM_001,11
148,1378648200,PABFD,VM_013,12
149,1378648500,Standard_HO,VM_001,15
149,1378648500,Standard_HO,VM_003,15
149,1378648500,Standard_HO,VM_011,16
149,1378648500,Standard_HO,VM_012,16
149,1378648500,Standard_HO,VM_013,15
149,1378648500,Standard_HO,VM_023,16
149,1378648500,Standard_HO,VM_025,16
149,1378648500,WA-AHO,VM_001,14
149,1378648500,WA-AHO,VM_003,19
149,1378648500,WA-AHO,VM_011,19
149,1378648500,WA-AHO,VM_012,19
149,1378648500,WA-AHO,VM_013,19
149,1378648500,WA-AHO,VM_023,19
149,1378648500,WA-AHO,VM_025,14
149,1378648500,PABFD,VM_012,10
149,1378648500,PABFD,VM_011,11
149,1378648500,PABFD,VM_025,12
149,1378648500,PABFD,VM_003,13
149,1378648500,PABFD,VM_023,13
149,1378648500,PABFD,VM_001,11
149,1378648500,PABFD,VM_013,12
150,1378648800,Standard_HO,VM_001,10
150,1378648800,Standard_HO,VM_003,17
150,1378648800,Standard_HO,VM_011,17
150,1378648800,Standard_HO,VM_012,17
150,1378648800,Standard_HO,VM_013,10
150,1378648800,Standard_HO,VM_023,10
150,1378648800,Standard_HO,VM_025,17
150,1378648800,WA-AHO,VM_001,19
150,1378648800,WA-AHO,VM_003,19
150,1378648800,WA-AHO,VM_011,19
150,1378648800,WA-AHO,VM_012,19
150,1378648800,WA-AHO,VM_013,14
150,1378648800,WA-AHO,VM_023,19
150,1378648800,WA-AHO,VM_025,14
150,1378648800,PABFD,VM_012,10
150,1378648800,PABFD,VM_011,11
150,1378648800,PABFD,VM_025,12
150,1378648800,PABFD,VM_003,13
150,1378648800,PABFD,VM_023,13
150,1378648800,PABFD,VM_001,11
150,1378648800,PABFD,VM_013,12
151,1378649100,Standard_HO,VM_001,12
151,1378649100,Standard_HO,VM_003,17
151,1378649100,Standard_HO,VM_011,17
151,1378649100,Standard_HO,VM_012,17
151,1378649100,Standard_HO,VM_013,17
151,1378649100,Standard_HO,VM_023,17
151,1378649100,Standard_HO,VM_025,12
151,1378649100,WA-AHO,VM_001,12
151,1378649100,WA-AHO,VM_003,18
151,1378649100,WA-AHO,VM_011,18
151,1378649100,WA-AHO,VM_012,18
151,1378649100,WA-AHO,VM_013,18
151,1378649100,WA-AHO,VM_023,18
151,1378649100,WA-AHO,VM_025,12
151,1378649100,PABFD,VM_012,10
151,1378649100,PABFD,VM_011,11
151,1378649100,PABFD,VM_025,12
151,1378649100,PABFD,VM_003,13
151,1378649100,PABFD,VM_023,13
151,1378649100,PABFD,VM_001,11
151,1378649100,PABFD,VM_013,12
152,1378649400,Standard_HO,VM_001,10
152,1378649400,Standard_HO,VM_003,18
152,1378649400,Standard_HO,VM_011,18
152,1378649400,Standard_HO,VM_012,18
152,1378649400,Standard_HO,VM_013,10
152,1378649400,Standard_HO,VM_023,10
152,1378649400,Standard_HO,VM_025,18
152,1378649400,WA-AHO,VM_001,19
152,1378649400,WA-AHO,VM_003,19
152,1378649400,WA-AHO,VM_011,19
152,1378649400,WA-AHO,VM_012,19
152,1378649400,WA-AHO,VM_013,10
152,1378649400,WA-AHO,VM_023,19
152,1378649400,WA-AHO,VM_025,10
152,1378649400,PABFD,VM_012,10
152,1378649400,PABFD,VM_011,11
152,1378649400,PABFD,VM_025,12
152,1378649400,PABFD,VM_003,13
152,1378649400,PABFD,VM_023,13
152,1378649400,PABFD,VM_001,11
152,1378649400,PABFD,VM_013,12
153,1378649700,Standard_HO,VM_001,11
153,1378649700,Standard_HO,VM_003,17
153,1378649700,Standard_HO,VM_011,17
153,1378649700,Standard_HO,VM_012,17
153,1378649700,Standard_HO,VM_013,17
153,1378649700,Standard_HO,VM_023,17
153,1378649700,Standard_HO,VM_025,11
153,1378649700,WA-AHO,VM_001,11
153,1378649700,WA-AHO,VM_003,18
153,1378649700,WA-AHO,VM_011,18
153,1378649700,WA-AHO,VM_012,18
153,1378649700,WA-AHO,VM_013,18
153,1378649700,WA-AHO,VM_023,18
153,1378649700,WA-AHO,VM_025,11
153,1378649700,PABFD,VM_012,10
153,1378649700,PABFD,VM_011,11
153,1378649700,PABFD,VM_025,12
153,1378649700,PABFD,VM_003,13
153,1378649700,PABFD,VM_023,13
153,1378649700,PABFD,VM_001,11
153,1378649700,PABFD,VM_013,12
154,1378650000,Standard_HO,VM_001,13
154,1378650000,Standard_HO,VM_003,18
154,1378650000,Standard_HO,VM_011,18
154,1378650000,Standard_HO,VM_012,18
154,1378650000,Standard_HO,VM_013,18
154,1378650000,Standard_HO,VM_023,18
154,1378650000,Standard_HO,VM_025,13
154,1378650000,WA-AHO,VM_001,10
154,1378650000,WA-AHO,VM_003,19
154,1378650000,WA-AHO,VM_011,19
154,1378650000,WA-AHO,VM_012,19
154,1378650000,WA-AHO,VM_013,19
154,1378650000,WA-AHO,VM_023,19
154,1378650000,WA-AHO,VM_025,10
154,1378650000,PABFD,VM_012,10
154,1378650000,PABFD,VM_011,11
154,1378650000,PABFD,VM_025,12
154,1378650000,PABFD,VM_003,13
154,1378650000,PABFD,VM_023,13
154,1378650000,PABFD,VM_001,11
154,1378650000,PABFD,VM_013,12
155,1378650300,Standard_HO,VM_001,11
155,1378650300,Standard_HO,VM_003,18
155,1378650300,Standard_HO,VM_011,18
155,1378650300,Standard_HO,VM_012,18
155,1378650300,Standard_HO,VM_013,18
155,1378650300,Standard_HO,VM_023,18
155,1378650300,Standard_HO,VM_025,11
155,1378650300,WA-AHO,VM_001,12
155,1378650300,WA-AHO,VM_003,18
155,1378650300,WA-AHO,VM_011,18
155,1378650300,WA-AHO,VM_012,18
155,1378650300,WA-AHO,VM_013,18
155,1378650300,WA-AHO,VM_023,18
155,1378650300,WA-AHO,VM_025,12
155,1378650300,PABFD,VM_012,10
155,1378650300,PABFD,VM_011,11
155,1378650300,PABFD,VM_025,12
155,1378650300,PABFD,VM_003,13
155,1378650300,PABFD,VM_023,13
155,1378650300,PABFD,VM_001,11
155,1378650300,PABFD,VM_013,12
156,1378650600,Standard_HO,VM_001,10
156,1378650600,Standard_HO,VM_003,19
156,1378650600,Standard_HO,VM_011,19
156,1378650600,Standard_HO,VM_012,19
156,1378650600,Standard_HO,VM_013,10
156,1378650600,Standard_HO,VM_023,10
156,1378650600,Standard_HO,VM_025,19
156,1378650600,WA-AHO,VM_001,19
156,1378650600,WA-AHO,VM_003,14
156,1378650600,WA-AHO,VM_011,19
156,1378650600,WA-AHO,VM_012,19
156,1378650600,WA-AHO,VM_013,19
156,1378650600,WA-AHO,VM_023,14
156,1378650600,WA-AHO,VM_025,19
156,1378650600,PABFD,VM_012,10
156,1378650600,PABFD,VM_011,11
156,1378650600,PABFD,VM_025,12
156,1378650600,PABFD,VM_003,13
156,1378650600,PABFD,VM_023,13
156,1378650600,PABFD,VM_001,11
156,1378650600,PABFD,VM_013,12
157,1378650900,Standard_HO,VM_001,10
157,1378650900,Standard_HO,VM_003,17
157,1378650900,Standard_HO,VM_011,17
157,1378650900,Standard_HO,VM_012,17
157,1378650900,Standard_HO,VM_013,10
157,1378650900,Standard_HO,VM_023,10
157,1378650900,Standard_HO,VM_025,17
157,1378650900,WA-AHO,VM_001,19
157,1378650900,WA-AHO,VM_003,19
157,1378650900,WA-AHO,VM_011,19
157,1378650900,WA-AHO,VM_012,19
157,1378650900,WA-AHO,VM_013,10
157,1378650900,WA-AHO,VM_023,19
157,1378650900,WA-AHO,VM_025,10
157,1378650900,PABFD,VM_012,10
157,1378650900,PABFD,VM_011,11
157,1378650900,PABFD,VM_025,12
157,1378650900,PABFD,VM_003,13
157,1378650900,PABFD,VM_023,13
157,1378650900,PABFD,VM_001,11
157,1378650900,PABFD,VM_013,12
158,1378651200,Standard_HO,VM_001,15
158,1378651200,Standard_HO,VM_003,16
158,1378651200,Standard_HO,VM_011,16
158,1378651200,Standard_HO,VM_012,16
158,1378651200,Standard_HO,VM_013,16
158,1378651200,Standard_HO,VM_023,16
158,1378651200,Standard_HO,VM_025,15
158,1378651200,WA-AHO,VM_001,11
158,1378651200,WA-AHO,VM_003,18
158,1378651200,WA-AHO,VM_011,11
158,1378651200,WA-AHO,VM_012,18
158,1378651200,WA-AHO,VM_013,18
158,1378651200,WA-AHO,VM_023,18
158,1378651200,WA-AHO,VM_025,18
158,1378651200,PABFD,VM_012,10
158,1378651200,PABFD,VM_011,11
158,1378651200,PABFD,VM_025,12
158,1378651200,PABFD,VM_003,13
158,1378651200,PABFD,VM_023,13
158,1378651200,PABFD,VM_001,11
158,1378651200,PABFD,VM_013,12
159,1378651500,Standard_HO,VM_001,15
159,1378651500,Standard_HO,VM_003,18
159,1378651500,Standard_HO,VM_011,18
159,1378651500,Standard_HO,VM_012,18
159,1378651500,Standard_HO,VM_013,15
159,1378651500,Standard_HO,VM_023,15
159,1378651500,Standard_HO,VM_025,18
159,1378651500,WA-AHO,VM_001,14
159,1378651500,WA-AHO,VM_003,17
159,1378651500,WA-AHO,VM_011,17
159,1378651500,WA-AHO,VM_012,17
159,1378651500,WA-AHO,VM_013,17
159,1378651500,WA-AHO,VM_023,17
159,1378651500,WA-AHO,VM_025,14
159,1378651500,PABFD,VM_012,10
159,1378651500,PABFD,VM_011,11
159,1378651500,PABFD,VM_025,12
159,1378651500,PABFD,VM_003,13
159,1378651500,PABFD,VM_023,13
159,1378651500,PABFD,VM_001,11
159,1378651500,PABFD,VM_013,12
160,1378651800,Standard_HO,VM_001,10
160,1378651800,Standard_HO,VM_003,19
160,1378651800,Standard_HO,VM_011,19
160,1378651800,Standard_HO,VM_012,19
160,1378651800,Standard_HO,VM_013,19
160,1378651800,Standard_HO,VM_023,19
160,1378651800,Standard_HO,VM_025,10
160,1378651800,WA-AHO,VM_001,12
160,1378651800,WA-AHO,VM_003,18
160,1378651800,WA-AHO,VM_011,18
160,1378651800,WA-AHO,VM_012,18
160,1378651800,WA-AHO,VM_013,18
160,1378651800,WA-AHO,VM_023,18
160,1378651800,WA-AHO,VM_025,12
160,1378651800,PABFD,VM_012,10
160,1378651800,PABFD,VM_011,11
160,1378651800,PABFD,VM_025,12
160,1378651800,PABFD,VM_003,13
160,1378651800,PABFD,VM_023,13
160,1378651800,PABFD,VM_001,11
160,1378651800,PABFD,VM_013,12
161,1378652100,Standard_HO,VM_001,13
161,1378652100,Standard_HO,VM_003,19
161,1378652100,Standard_HO,VM_011,19
161,1378652100,Standard_HO,VM_012,19
161,1378652100,Standard_HO,VM_013,13
161,1378652100,Standard_HO,VM_023,13
161,1378652100,Standard_HO,VM_025,19
161,1378652100,WA-AHO,VM_001,16
161,1378652100,WA-AHO,VM_003,16
161,1378652100,WA-AHO,VM_011,16
161,1378652100,WA-AHO,VM_012,16
161,1378652100,WA-AHO,VM_013,10
161,1378652100,WA-AHO,VM_023,16
161,1378652100,WA-AHO,VM_025,10
161,1378652100,PABFD,VM_012,10
161,1378652100,PABFD,VM_011,11
161,1378652100,PABFD,VM_025,12
161,1378652100,PABFD,VM_003,13
161,1378652100,PABFD,VM_023,13
161,1378652100,PABFD,VM_001,11
161,1378652100,PABFD,VM_013,12
162,1378652400,Standard_HO,VM_001,15
162,1378652400,Standard_HO,VM_003,19
162,1378652400,Standard_HO,VM_011,19
162,1378652400,Standard_HO,VM_012,19
162,1378652400,Standard_HO,VM_013,19
162,1378652400,Standard_HO,VM_023,19
162,1378652400,Standard_HO,VM_025,15
162,1378652400,WA-AHO,VM_001,13
162,1378652400,WA-AHO,VM_003,19
162,1378652400,WA-AHO,VM_011,19
162,1378652400,WA-AHO,VM_012,19
162,1378652400,WA-AHO,VM_013,13
162,1378652400,WA-AHO,VM_023,13
162,1378652400,WA-AHO,VM_025,19
162,1378652400,PABFD,VM_012,10
162,1378652400,PABFD,VM_011,11
162,1378652400,PABFD,VM_025,12
162,1378652400,PABFD,VM_003,13
162,1378652400,PABFD,VM_023,13
162,1378652400,PABFD,VM_001,11
162,1378652400,PABFD,VM_013,12
163,1378652700,Standard_HO,VM_001,11
163,1378652700,Standard_HO,VM_003,19
163,1378652700,Standard_HO,VM_011,19
163,1378652700,Standard_HO,VM_012,19
163,1378652700,Standard_HO,VM_013,19
163,1378652700,Standard_HO,VM_023,19
163,1378652700,Standard_HO,VM_025,11
163,1378652700,WA-AHO,VM_001,10
163,1378652700,WA-AHO,VM_003,18
163,1378652700,WA-AHO,VM_011,18
163,1378652700,WA-AHO,VM_012,18
163,1378652700,WA-AHO,VM_013,18
163,1378652700,WA-AHO,VM_023,18
163,1378652700,WA-AHO,VM_025,10
163,1378652700,PABFD,VM_012,10
163,1378652700,PABFD,VM_011,11
163,1378652700,PABFD,VM_025,12
163,1378652700,PABFD,VM_003,13
163,1378652700,PABFD,VM_023,13
163,1378652700,PABFD,VM_001,11
163,1378652700,PABFD,VM_013,12
164,1378653000,Standard_HO,VM_001,12
164,1378653000,Standard_HO,VM_003,19
164,1378653000,Standard_HO,VM_011,19
164,1378653000,Standard_HO,VM_012,19
164,1378653000,Standard_HO,VM_013,12
164,1378653000,Standard_HO,VM_023,12
164,1378653000,Standard_HO,VM_025,19
164,1378653000,WA-AHO,VM_001,11
164,1378653000,WA-AHO,VM_003,17
164,1378653000,WA-AHO,VM_011,17
164,1378653000,WA-AHO,VM_012,17
164,1378653000,WA-AHO,VM_013,11
164,1378653000,WA-AHO,VM_023,11
164,1378653000,WA-AHO,VM_025,17
164,1378653000,PABFD,VM_012,10
164,1378653000,PABFD,VM_011,11
164,1378653000,PABFD,VM_025,12
164,1378653000,PABFD,VM_003,13
164,1378653000,PABFD,VM_023,13
164,1378653000,PABFD,VM_001,11
164,1378653000,PABFD,VM_013,12
165,1378653300,Standard_HO,VM_001,15
165,1378653300,Standard_HO,VM_003,17
165,1378653300,Standard_HO,VM_011,17
165,1378653300,Standard_HO,VM_012,17
165,1378653300,Standard_HO,VM_013,15
165,1378653300,Standard_HO,VM_023,15
165,1378653300,Standard_HO,VM_025,17
165,1378653300,WA-AHO,VM_001,15
165,1378653300,WA-AHO,VM_003,18
165,1378653300,WA-AHO,VM_011,15
165,1378653300,WA-AHO,VM_012,18
165,1378653300,WA-AHO,VM_013,18
165,1378653300,WA-AHO,VM_023,18
165,1378653300,WA-AHO,VM_025,18
165,1378653300,PABFD,VM_012,10
165,1378653300,PABFD,VM_011,11
165,1378653300,PABFD,VM_025,12
165,1378653300,PABFD,VM_003,13
165,1378653300,PABFD,VM_023,13
165,1378653300,PABFD,VM_001,11
165,1378653300,PABFD,VM_013,12
166,1378653600,Standard_HO,VM_001,14
166,1378653600,Standard_HO,VM_003,18
166,1378653600,Standard_HO,VM_011,18
166,1378653600,Standard_HO,VM_012,18
166,1378653600,Standard_HO,VM_013,18
166,1378653600,Standard_HO,VM_023,18
166,1378653600,Standard_HO,VM_025,14
166,1378653600,WA-AHO,VM_001,11
166,1378653600,WA-AHO,VM_003,19
166,1378653600,WA-AHO,VM_011,19
166,1378653600,WA-AHO,VM_012,19
166,1378653600,WA-AHO,VM_013,11
166,1378653600,WA-AHO,VM_023,11
166,1378653600,WA-AHO,VM_025,19
166,1378653600,PABFD,VM_012,10
166,1378653600,PABFD,VM_011,11
166,1378653600,PABFD,VM_025,12
166,1378653600,PABFD,VM_003,13
166,1378653600,PABFD,VM_023,13
166,1378653600,PABFD,VM_001,11
166,1378653600,PABFD,VM_013,12
167,1378653900,Standard_HO,VM_001,11
167,1378653900,Standard_HO,VM_003,19
167,1378653900,Standard_HO,VM_011,19
167,1378653900,Standard_HO,VM_012,19
167,1378653900,Standard_HO,VM_013,11
167,1378653900,Standard_HO,VM_023,11
167,1378653900,Standard_HO,VM_025,19
167,1378653900,WA-AHO,VM_001,11
167,1378653900,WA-AHO,VM_003,16
167,1378653900,WA-AHO,VM_011,16
167,1378653900,WA-AHO,VM_012,16
167,1378653900,WA-AHO,VM_013,16
167,1378653900,WA-AHO,VM_023,16
167,1378653900,WA-AHO,VM_025,11
167,1378653900,PABFD,VM_012,10
167,1378653900,PABFD,VM_011,11
167,1378653900,PABFD,VM_025,12
167,1378653900,PABFD,VM_003,13
167,1378653900,PABFD,VM_023,13
167,1378653900,PABFD,VM_001,11
167,1378653900,PABFD,VM_013,12
168,1378654200,Standard_HO,VM_001,10
168,1378654200,Standard_HO,VM_003,19
168,1378654200,Standard_HO,VM_011,19
168,1378654200,Standard_HO,VM_012,19
168,1378654200,Standard_HO,VM_013,10
168,1378654200,Standard_HO,VM_023,10
168,1378654200,Standard_HO,VM_025,19
168,1378654200,WA-AHO,VM_001,19
168,1378654200,WA-AHO,VM_003,19
168,1378654200,WA-AHO,VM_011,19
168,1378654200,WA-AHO,VM_012,19
168,1378654200,WA-AHO,VM_013,12
168,1378654200,WA-AHO,VM_023,19
168,1378654200,WA-AHO,VM_025,12
168,1378654200,PABFD,VM_012,10
168,1378654200,PABFD,VM_011,11
168,1378654200,PABFD,VM_025,12
168,1378654200,PABFD,VM_003,13
168,1378654200,PABFD,VM_023,13
168,1378654200,PABFD,VM_001,11
168,1378654200,PABFD,VM_013,12
169,1378654500,Standard_HO,VM_001,14
169,1378654500,Standard_HO,VM_003,17
169,1378654500,Standard_HO,VM_011,17
169,1378654500,Standard_HO,VM_012,17
169,1378654500,Standard_HO,VM_013,14
169,1378654500,Standard_HO,VM_023,14
169,1378654500,Standard_HO,VM_025,17
169,1378654500,WA-AHO,VM_001,13
169,1378654500,WA-AHO,VM_003,16
169,1378654500,WA-AHO,VM_011,16
169,1378654500,WA-AHO,VM_012,16
169,1378654500,WA-AHO,VM_013,16
169,1378654500,WA-AHO,VM_023,16
169,1378654500,WA-AHO,VM_025,13
169,1378654500,PABFD,VM_012,10
169,1378654500,PABFD,VM_011,11
169,1378654500,PABFD,VM_025,12
169,1378654500,PABFD,VM_003,13
169,1378654500,PABFD,VM_023,13
169,1378654500,PABFD,VM_001,11
169,1378654500,PABFD,VM_013,12
170,1378654800,Standard_HO,VM_001,15
170,1378654800,Standard_HO,VM_003,18
170,1378654800,Standard_HO,VM_011,18
170,1378654800,Standard_HO,VM_012,18
170,1378654800,Standard_HO,VM_013,18
170,1378654800,Standard_HO,VM_023,18
170,1378654800,Standard_HO,VM_025,15
170,1378654800,WA-AHO,VM_001,11
170,1378654800,WA-AHO,VM_003,17
170,1378654800,WA-AHO,VM_011,17
170,1378654800,WA-AHO,VM_012,17
170,1378654800,WA-AHO,VM_013,11
170,1378654800,WA-AHO,VM_023,11
170,1378654800,WA-AHO,VM_025,17
170,1378654800,PABFD,VM_012,10
170,1378654800,PABFD,VM_011,11
170,1378654800,PABFD,VM_025,12
170,1378654800,PABFD,VM_003,13
170,1378654800,PABFD,VM_023,13
170,1378654800,PABFD,VM_001,11
170,1378654800,PABFD,VM_013,12
171,1378655100,Standard_HO,VM_001,14
171,1378655100,Standard_HO,VM_003,19
171,1378655100,Standard_HO,VM_011,19
171,1378655100,Standard_HO,VM_012,19
171,1378655100,Standard_HO,VM_013,14
171,1378655100,Standard_HO,VM_023,14
171,1378655100,Standard_HO,VM_025,19
171,1378655100,WA-AHO,VM_001,10
171,1378655100,WA-AHO,VM_003,10
171,1378655100,WA-AHO,VM_011,19
171,1378655100,WA-AHO,VM_012,19
171,1378655100,WA-AHO,VM_013,10
171,1378655100,WA-AHO,VM_023,19
171,1378655100,WA-AHO,VM_025,19
171,1378655100,PABFD,VM_012,10
171,1378655100,PABFD,VM_011,11
171,1378655100,PABFD,VM_025,12
171,1378655100,PABFD,VM_003,13
171,1378655100,PABFD,VM_023,13
171,1378655100,PABFD,VM_001,11
171,1378655100,PABFD,VM_013,12
172,1378655400,Standard_HO,VM_001,10
172,1378655400,Standard_HO,VM_003,17
172,1378655400,Standard_HO,VM_011,17
172,1378655400,Standard_HO,VM_012,17
172,1378655400,Standard_HO,VM_013,17
172,1378655400,Standard_HO,VM_023,17
172,1378655400,Standard_HO,VM_025,10
172,1378655400,WA-AHO,VM_001,10
172,1378655400,WA-AHO,VM_003,19
172,1378655400,WA-AHO,VM_011,10
172,1378655400,WA-AHO,VM_012,19
172,1378655400,WA-AHO,VM_013,19
172,1378655400,WA-AHO,VM_023,19
172,1378655400,WA-AHO,VM_025,19
172,1378655400,PABFD,VM_012,10
172,1378655400,PABFD,VM_011,11
172,1378655400,PABFD,VM_025,12
172,1378655400,PABFD,VM_003,13
172,1378655400,PABFD,VM_023,13
172,1378655400,PABFD,VM_001,11
172,1378655400,PABFD,VM_013,12
173,1378655700,Standard_HO,VM_001,13
173,1378655700,Standard_HO,VM_003,18
173,1378655700,Standard_HO,VM_011,18
173,1378655700,Standard_HO,VM_012,18
173,1378655700,Standard_HO,VM_013,18
173,1378655700,Standard_HO,VM_023,18
173,1378655700,Standard_HO,VM_025,13
173,1378655700,WA-AHO,VM_001,11
173,1378655700,WA-AHO,VM_003,18
173,1378655700,WA-AHO,VM_011,18
173,1378655700,WA-AHO,VM_012,18
173,1378655700,WA-AHO,VM_013,18
173,1378655700,WA-AHO,VM_023,18
173,1378655700,WA-AHO,VM_025,11
173,1378655700,PABFD,VM_012,10
173,1378655700,PABFD,VM_011,11
173,1378655700,PABFD,VM_025,12
173,1378655700,PABFD,VM_003,13
173,1378655700,PABFD,VM_023,13
173,1378655700,PABFD,VM_001,11
173,1378655700,PABFD,VM_013,12
174,1378656000,Standard_HO,VM_001,11
174,1378656000,Standard_HO,VM_003,17
174,1378656000,Standard_HO,VM_011,17
174,1378656000,Standard_HO,VM_012,17
174,1378656000,Standard_HO,VM_013,11
174,1378656000,Standard_HO,VM_023,11
174,1378656000,Standard_HO,VM_025,17
174,1378656000,WA-AHO,VM_001,13
174,1378656000,WA-AHO,VM_003,18
174,1378656000,WA-AHO,VM_011,13
174,1378656000,WA-AHO,VM_012,18
174,1378656000,WA-AHO,VM_013,18
174,1378656000,WA-AHO,VM_023,18
174,1378656000,WA-AHO,VM_025,18
174,1378656000,PABFD,VM_012,10
174,1378656000,PABFD,VM_011,11
174,1378656000,PABFD,VM_025,12
174,1378656000,PABFD,VM_003,13
174,1378656000,PABFD,VM_023,13
174,1378656000,PABFD,VM_001,11
174,1378656000,PABFD,VM_013,12
175,1378656300,Standard_HO,VM_001,10
175,1378656300,Standard_HO,VM_003,17
175,1378656300,Standard_HO,VM_011,17
175,1378656300,Standard_HO,VM_012,17
175,1378656300,Standard_HO,VM_013,17
175,1378656300,Standard_HO,VM_023,17
175,1378656300,Standard_HO,VM_025,10
175,1378656300,WA-AHO,VM_001,15
175,1378656300,WA-AHO,VM_003,17
175,1378656300,WA-AHO,VM_011,17
175,1378656300,WA-AHO,VM_012,17
175,1378656300,WA-AHO,VM_013,17
175,1378656300,WA-AHO,VM_023,17
175,1378656300,WA-AHO,VM_025,15
175,1378656300,PABFD,VM_012,10
175,1378656300,PABFD,VM_011,11
175,1378656300,PABFD,VM_025,12
175,1378656300,PABFD,VM_003,13
175,1378656300,PABFD,VM_023,13
175,1378656300,PABFD,VM_001,11
175,1378656300,PABFD,VM_013,12
176,1378656600,Standard_HO,VM_001,12
176,1378656600,Standard_HO,VM_003,18
176,1378656600,Standard_HO,VM_011,18
176,1378656600,Standard_HO,VM_012,18
176,1378656600,Standard_HO,VM_013,18
176,1378656600,Standard_HO,VM_023,18
176,1378656600,Standard_HO,VM_025,12
176,1378656600,WA-AHO,VM_001,14
176,1378656600,WA-AHO,VM_003,18
176,1378656600,WA-AHO,VM_011,18
176,1378656600,WA-AHO,VM_012,18
176,1378656600,WA-AHO,VM_013,14
176,1378656600,WA-AHO,VM_023,14
176,1378656600,WA-AHO,VM_025,18
176,1378656600,PABFD,VM_012,10
176,1378656600,PABFD,VM_011,11
176,1378656600,PABFD,VM_025,12
176,1378656600,PABFD,VM_003,13
176,1378656600,PABFD,VM_023,13
176,1378656600,PABFD,VM_001,11
176,1378656600,PABFD,VM_013,12
177,1378656900,Standard_HO,VM_001,15
177,1378656900,Standard_HO,VM_003,17
177,1378656900,Standard_HO,VM_011,17
177,1378656900,Standard_HO,VM_012,17
177,1378656900,Standard_HO,VM_013,17
177,1378656900,Standard_HO,VM_023,17
177,1378656900,Standard_HO,VM_025,15
177,1378656900,WA-AHO,VM_001,11
177,1378656900,WA-AHO,VM_003,11
177,1378656900,WA-AHO,VM_011,18
177,1378656900,WA-AHO,VM_012,18
177,1378656900,WA-AHO,VM_013,11
177,1378656900,WA-AHO,VM_023,18
177,1378656900,WA-AHO,VM_025,18
177,1378656900,PABFD,VM_012,10
177,1378656900,PABFD,VM_011,11
177,1378656900,PABFD,VM_025,12
177,1378656900,PABFD,VM_003,13
177,1378656900,PABFD,VM_023,13
177,1378656900,PABFD,VM_001,11
177,1378656900,PABFD,VM_013,12
178,1378657200,Standard_HO,VM_001,11
178,1378657200,Standard_HO,VM_003,17
178,1378657200,Standard_HO,VM_011,17
178,1378657200,Standard_HO,VM_012,17
178,1378657200,Standard_HO,VM_013,17
178,1378657200,Standard_HO,VM_023,17
178,1378657200,Standard_HO,VM_025,11
178,1378657200,WA-AHO,VM_001,16
178,1378657200,WA-AHO,VM_003,16
178,1378657200,WA-AHO,VM_011,16
178,1378657200,WA-AHO,VM_012,16
178,1378657200,WA-AHO,VM_013,15
178,1378657200,WA-AHO,VM_023,16
178,1378657200,WA-AHO,VM_025,15
178,1378657200,PABFD,VM_012,10
178,1378657200,PABFD,VM_011,11
178,1378657200,PABFD,VM_025,12
178,1378657200,PABFD,VM_003,13
178,1378657200,PABFD,VM_023,13
178,1378657200,PABFD,VM_001,11
178,1378657200,PABFD,VM_013,12
179,1378657500,Standard_HO,VM_001,10
179,1378657500,Standard_HO,VM_003,19
179,1378657500,Standard_HO,VM_011,19
179,1378657500,Standard_HO,VM_012,19
179,1378657500,Standard_HO,VM_013,19
179,1378657500,Standard_HO,VM_023,19
179,1378657500,Standard_HO,VM_025,10
179,1378657500,WA-AHO,VM_001,10
179,1378657500,WA-AHO,VM_003,10
179,1378657500,WA-AHO,VM_011,17
179,1378657500,WA-AHO,VM_012,17
179,1378657500,WA-AHO,VM_013,10
179,1378657500,WA-AHO,VM_023,17
179,1378657500,WA-AHO,VM_025,17
179,1378657500,PABFD,VM_012,10
179,1378657500,PABFD,VM_011,11
179,1378657500,PABFD,VM_025,12
179,1378657500,PABFD,VM_003,13
179,1378657500,PABFD,VM_023,13
179,1378657500,PABFD,VM_001,11
179,1378657500,PABFD,VM_013,12
180,1378657800,Standard_HO,VM_001,10
180,1378657800,Standard_HO,VM_003,16
180,1378657800,Standard_HO,VM_011,16
180,1378657800,Standard_HO,VM_012,16
180,1378657800,Standard_HO,VM_013,10
180,1378657800,Standard_HO,VM_023,10
180,1378657800,Standard_HO,VM_025,16
180,1378657800,WA-AHO,VM_001,15
180,1378657800,WA-AHO,VM_003,15
180,1378657800,WA-AHO,VM_011,19
180,1378657800,WA-AHO,VM_012,19
180,1378657800,WA-AHO,VM_013,15
180,1378657800,WA-AHO,VM_023,19
180,1378657800,WA-AHO,VM_025,19
180,1378657800,PABFD,VM_012,10
180,1378657800,PABFD,VM_011,11
180,1378657800,PABFD,VM_025,12
180,1378657800,PABFD,VM_003,13
180,1378657800,PABFD,VM_023,13
180,1378657800,PABFD,VM_001,11
180,1378657800,PABFD,VM_013,12
181,1378658100,Standard_HO,VM_001,13
181,1378658100,Standard_HO,VM_003,17
181,1378658100,Standard_HO,VM_011,17
181,1378658100,Standard_HO,VM_012,17
181,1378658100,Standard_HO,VM_013,13
181,1378658100,Standard_HO,VM_023,13
181,1378658100,Standard_HO,VM_025,17
181,1378658100,WA-AHO,VM_001,19
181,1378658100,WA-AHO,VM_003,10
181,1378658100,WA-AHO,VM_011,19
181,1378658100,WA-AHO,VM_012,19
181,1378658100,WA-AHO,VM_013,19
181,1378658100,WA-AHO,VM_023,10
181,1378658100,WA-AHO,VM_025,19
181,1378658100,PABFD,VM_012,10
181,1378658100,PABFD,VM_011,11
181,1378658100,PABFD,VM_025,12
181,1378658100,PABFD,VM_003,13
181,1378658100,PABFD,VM_023,13
181,1378658100,PABFD,VM_001,11
181,1378658100,PABFD,VM_013,12
182,1378658400,Standard_HO,VM_001,12
182,1378658400,Standard_HO,VM_003,16
182,1378658400,Standard_HO,VM_011,16
182,1378658400,Standard_HO,VM_012,16
182,1378658400,Standard_HO,VM_013,12
182,1378658400,Standard_HO,VM_023,12
182,1378658400,Standard_HO,VM_025,16
182,1378658400,WA-AHO,VM_001,13
182,1378658400,WA-AHO,VM_003,18
182,1378658400,WA-AHO,VM_011,18
182,1378658400,WA-AHO,VM_012,18
182,1378658400,WA-AHO,VM_013,13
182,1378658400,WA-AHO,VM_023,13
182,1378658400,WA-AHO,VM_025,18
182,1378658400,PABFD,VM_012,10
182,1378658400,PABFD,VM_011,11
182,1378658400,PABFD,VM_025,12
182,1378658400,PABFD,VM_003,13
182,1378658400,PABFD,VM_023,13
182,1378658400,PABFD,VM_001,11
182,1378658400,PABFD,VM_013,12
183,1378658700,Standard_HO,VM_001,19
183,1378658700,Standard_HO,VM_003,19
183,1378658700,Standard_HO,VM_011,11
183,1378658700,Standard_HO,VM_012,19
183,1378658700,Standard_HO,VM_013,11
183,1378658700,Standard_HO,VM_023,19
183,1378658700,Standard_HO,VM_025,19
183,1378658700,WA-AHO,VM_001,18
183,1378658700,WA-AHO,VM_003,18
183,1378658700,WA-AHO,VM_011,14
183,1378658700,WA-AHO,VM_012,18
183,1378658700,WA-AHO,VM_013,14
183,1378658700,WA-AHO,VM_023,18
183,1378658700,WA-AHO,VM_025,18
183,1378658700,PABFD,VM_012,10
183,1378658700,PABFD,VM_011,11
183,1378658700,PABFD,VM_025,12
183,1378658700,PABFD,VM_003,13
183,1378658700,PABFD,VM_023,13
183,1378658700,PABFD,VM_001,11
183,1378658700,PABFD,VM_013,12
184,1378659000,Standard_HO,VM_001,14
184,1378659000,Standard_HO,VM_003,17
184,1378659000,Standard_HO,VM_011,17
184,1378659000,Standard_HO,VM_012,17
184,1378659000,Standard_HO,VM_013,17
184,1378659000,Standard_HO,VM_023,17
184,1378659000,Standard_HO,VM_025,14
184,1378659000,WA-AHO,VM_001,19
184,1378659000,WA-AHO,VM_003,19
184,1378659000,WA-AHO,VM_011,19
184,1378659000,WA-AHO,VM_012,19
184,1378659000,WA-AHO,VM_013,11
184,1378659000,WA-AHO,VM_023,19
184,1378659000,WA-AHO,VM_025,11
184,1378659000,PABFD,VM_012,10
184,1378659000,PABFD,VM_011,11
184,1378659000,PABFD,VM_025,12
184,1378659000,PABFD,VM_003,13
184,1378659000,PABFD,VM_023,13
184,1378659000,PABFD,VM_001,11
184,1378659000,PABFD,VM_013,12
185,1378659300,Standard_HO,VM_001,14
185,1378659300,Standard_HO,VM_003,19
185,1378659300,Standard_HO,VM_011,19
185,1378659300,Standard_HO,VM_012,19
185,1378659300,Standard_HO,VM_013,14
185,1378659300,Standard_HO,VM_023,14
185,1378659300,Standard_HO,VM_025,19
185,1378659300,WA-AHO,VM_001,10
185,1378659300,WA-AHO,VM_003,19
185,1378659300,WA-AHO,VM_011,19
185,1378659300,WA-AHO,VM_012,19
185,1378659300,WA-AHO,VM_013,19
185,1378659300,WA-AHO,VM_023,19
185,1378659300,WA-AHO,VM_025,10
185,1378659300,PABFD,VM_012,10
185,1378659300,PABFD,VM_011,11
185,1378659300,PABFD,VM_025,12
185,1378659300,PABFD,VM_003,13
185,1378659300,PABFD,VM_023,13
185,1378659300,PABFD,VM_001,11
185,1378659300,PABFD,VM_013,12
186,1378659600,Standard_HO,VM_001,13
186,1378659600,Standard_HO,VM_003,16
186,1378659600,Standard_HO,VM_011,16
186,1378659600,Standard_HO,VM_012,16
186,1378659600,Standard_HO,VM_013,16
186,1378659600,Standard_HO,VM_023,16
186,1378659600,Standard_HO,VM_025,13
186,1378659600,WA-AHO,VM_001,13
186,1378659600,WA-AHO,VM_003,16
186,1378659600,WA-AHO,VM_011,16
186,1378659600,WA-AHO,VM_012,16
186,1378659600,WA-AHO,VM_013,16
186,1378659600,WA-AHO,VM_023,16
186,1378659600,WA-AHO,VM_025,13
186,1378659600,PABFD,VM_012,10
186,1378659600,PABFD,VM_011,11
186,1378659600,PABFD,VM_025,12
186,1378659600,PABFD,VM_003,13
186,1378659600,PABFD,VM_023,13
186,1378659600,PABFD,VM_001,11
186,1378659600,PABFD,VM_013,12
187,1378659900,Standard_HO,VM_001,15
187,1378659900,Standard_HO,VM_003,17
187,1378659900,Standard_HO,VM_011,17
187,1378659900,Standard_HO,VM_012,17
187,1378659900,Standard_HO,VM_013,17
187,1378659900,Standard_HO,VM_023,17
187,1378659900,Standard_HO,VM_025,15
187,1378659900,WA-AHO,VM_001,19
187,1378659900,WA-AHO,VM_003,19
187,1378659900,WA-AHO,VM_011,19
187,1378659900,WA-AHO,VM_012,19
187,1378659900,WA-AHO,VM_013,14
187,1378659900,WA-AHO,VM_023,19
187,1378659900,WA-AHO,VM_025,14
187,1378659900,PABFD,VM_012,10
187,1378659900,PABFD,VM_011,11
187,1378659900,PABFD,VM_025,12
187,1378659900,PABFD,VM_003,13
187,1378659900,PABFD,VM_023,13
187,1378659900,PABFD,VM_001,11
187,1378659900,PABFD,VM_013,12
188,1378660200,Standard_HO,VM_001,14
188,1378660200,Standard_HO,VM_003,17
188,1378660200,Standard_HO,VM_011,17
188,1378660200,Standard_HO,VM_012,17
188,1378660200,Standard_HO,VM_013,14
188,1378660200,Standard_HO,VM_023,14
188,1378660200,Standard_HO,VM_025,17
188,1378660200,WA-AHO,VM_001,15
188,1378660200,WA-AHO,VM_003,19
188,1378660200,WA-AHO,VM_011,19
188,1378660200,WA-AHO,VM_012,19
188,1378660200,WA-AHO,VM_013,19
188,1378660200,WA-AHO,VM_023,19
188,1378660200,WA-AHO,VM_025,15
188,1378660200,PABFD,VM_012,10
188,1378660200,PABFD,VM_011,11
188,1378660200,PABFD,VM_025,12
188,1378660200,PABFD,VM_003,13
188,1378660200,PABFD,VM_023,13
188,1378660200,PABFD,VM_001,11
188,1378660200,PABFD,VM_013,12
189,1378660500,Standard_HO,VM_001,10
189,1378660500,Standard_HO,VM_003,17
189,1378660500,Standard_HO,VM_011,17
189,1378660500,Standard_HO,VM_012,17
189,1378660500,Standard_HO,VM_013,17
189,1378660500,Standard_HO,VM_023,17
189,1378660500,Standard_HO,VM_025,10
189,1378660500,WA-AHO,VM_001,17
189,1378660500,WA-AHO,VM_003,17
189,1378660500,WA-AHO,VM_011,17
189,1378660500,WA-AHO,VM_012,17
189,1378660500,WA-AHO,VM_013,14
189,1378660500,WA-AHO,VM_023,17
189,1378660500,WA-AHO,VM_025,14
189,1378660500,PABFD,VM_012,10
189,1378660500,PABFD,VM_011,11
189,1378660500,PABFD,VM_025,12
189,1378660500,PABFD,VM_003,13
189,1378660500,PABFD,VM_023,13
189,1378660500,PABFD,VM_001,11
189,1378660500,PABFD,VM_013,12
190,1378660800,Standard_HO,VM_001,13
190,1378660800,Standard_HO,VM_003,19
190,1378660800,Standard_HO,VM_011,19
190,1378660800,Standard_HO,VM_012,19
190,1378660800,Standard_HO,VM_013,19
190,1378660800,Standard_HO,VM_023,19
190,1378660800,Standard_HO,VM_025,13
190,1378660800,WA-AHO,VM_001,10
190,1378660800,WA-AHO,VM_003,19
190,1378660800,WA-AHO,VM_011,19
190,1378660800,WA-AHO,VM_012,19
190,1378660800,WA-AHO,VM_013,19
190,1378660800,WA-AHO,VM_023,19
190,1378660800,WA-AHO,VM_025,10
190,1378660800,PABFD,VM_012,10
190,1378660800,PABFD,VM_011,11
190,1378660800,PABFD,VM_025,12
190,1378660800,PABFD,VM_003,13
190,1378660800,PABFD,VM_023,13
190,1378660800,PABFD,VM_001,11
190,1378660800,PABFD,VM_013,12
191,1378661100,Standard_HO,VM_001,12
191,1378661100,Standard_HO,VM_003,19
191,1378661100,Standard_HO,VM_011,19
191,1378661100,Standard_HO,VM_012,19
191,1378661100,Standard_HO,VM_013,19
191,1378661100,Standard_HO,VM_023,19
191,1378661100,Standard_HO,VM_025,12
191,1378661100,WA-AHO,VM_001,10
191,1378661100,WA-AHO,VM_003,19
191,1378661100,WA-AHO,VM_011,19
191,1378661100,WA-AHO,VM_012,19
191,1378661100,WA-AHO,VM_013,19
191,1378661100,WA-AHO,VM_023,19
191,1378661100,WA-AHO,VM_025,10
191,1378661100,PABFD,VM_012,10
191,1378661100,PABFD,VM_011,11
191,1378661100,PABFD,VM_025,12
191,1378661100,PABFD,VM_003,13
191,1378661100,PABFD,VM_023,13
191,1378661100,PABFD,VM_001,11
191,1378661100,PABFD,VM_013,12
192,1378661400,Standard_HO,VM_001,11
192,1378661400,Standard_HO,VM_003,19
192,1378661400,Standard_HO,VM_011,19
192,1378661400,Standard_HO,VM_012,19
192,1378661400,Standard_HO,VM_013,19
192,1378661400,Standard_HO,VM_023,19
192,1378661400,Standard_HO,VM_025,11
192,1378661400,WA-AHO,VM_001,12
192,1378661400,WA-AHO,VM_003,17
192,1378661400,WA-AHO,VM_011,12
192,1378661400,WA-AHO,VM_012,17
192,1378661400,WA-AHO,VM_013,17
192,1378661400,WA-AHO,VM_023,17
192,1378661400,WA-AHO,VM_025,17
192,1378661400,PABFD,VM_012,10
192,1378661400,PABFD,VM_011,11
192,1378661400,PABFD,VM_025,12
192,1378661400,PABFD,VM_003,13
192,1378661400,PABFD,VM_023,13
192,1378661400,PABFD,VM_001,11
192,1378661400,PABFD,VM_013,12
193,1378661700,Standard_HO,VM_001,10
193,1378661700,Standard_HO,VM_003,19
193,1378661700,Standard_HO,VM_011,19
193,1378661700,Standard_HO,VM_012,19
193,1378661700,Standard_HO,VM_013,19
193,1378661700,Standard_HO,VM_023,19
193,1378661700,Standard_HO,VM_025,10
193,1378661700,WA-AHO,VM_001,19
193,1378661700,WA-AHO,VM_003,19
193,1378661700,WA-AHO,VM_011,19
193,1378661700,WA-AHO,VM_012,19
193,1378661700,WA-AHO,VM_013,13
193,1378661700,WA-AHO,VM_023,19
193,1378661700,WA-AHO,VM_025,13
193,1378661700,PABFD,VM_012,10
193,1378661700,PABFD,VM_011,11
193,1378661700,PABFD,VM_025,12
193,1378661700,PABFD,VM_003,13
193,1378661700,PABFD,VM_023,13
193,1378661700,PABFD,VM_001,11
193,1378661700,PABFD,VM_013,12
194,1378662000,Standard_HO,VM_001,14
194,1378662000,Standard_HO,VM_003,18
194,1378662000,Standard_HO,VM_011,18
194,1378662000,Standard_HO,VM_012,18
194,1378662000,Standard_HO,VM_013,18
194,1378662000,Standard_HO,VM_023,18
194,1378662000,Standard_HO,VM_025,14
194,1378662000,WA-AHO,VM_001,14
194,1378662000,WA-AHO,VM_003,16
194,1378662000,WA-AHO,VM_011,16
194,1378662000,WA-AHO,VM_012,16
194,1378662000,WA-AHO,VM_013,16
194,1378662000,WA-AHO,VM_023,16
194,1378662000,WA-AHO,VM_025,14
194,1378662000,PABFD,VM_012,10
194,1378662000,PABFD,VM_011,11
194,1378662000,PABFD,VM_025,12
194,1378662000,PABFD,VM_003,13
194,1378662000,PABFD,VM_023,13
194,1378662000,PABFD,VM_001,11
194,1378662000,PABFD,VM_013,12
195,1378662300,Standard_HO,VM_001,10
195,1378662300,Standard_HO,VM_003,19
195,1378662300,Standard_HO,VM_011,19
195,1378662300,Standard_HO,VM_012,19
195,1378662300,Standard_HO,VM_013,19
195,1378662300,Standard_HO,VM_023,19
195,1378662300,Standard_HO,VM_025,10
195,1378662300,WA-AHO,VM_001,12
195,1378662300,WA-AHO,VM_003,17
195,1378662300,WA-AHO,VM_011,17
195,1378662300,WA-AHO,VM_012,17
195,1378662300,WA-AHO,VM_013,12
195,1378662300,WA-AHO,VM_023,12
195,1378662300,WA-AHO,VM_025,17
195,1378662300,PABFD,VM_012,10
195,1378662300,PABFD,VM_011,11
195,1378662300,PABFD,VM_025,12
195,1378662300,PABFD,VM_003,13
195,1378662300,PABFD,VM_023,13
195,1378662300,PABFD,VM_001,11
195,1378662300,PABFD,VM_013,12
196,1378662600,Standard_HO,VM_001,15
196,1378662600,Standard_HO,VM_003,17
196,1378662600,Standard_HO,VM_011,17
196,1378662600,Standard_HO,VM_012,17
196,1378662600,Standard_HO,VM_013,15
196,1378662600,Standard_HO,VM_023,15
196,1378662600,Standard_HO,VM_025,17
196,1378662600,WA-AHO,VM_001,11
196,1378662600,WA-AHO,VM_003,11
196,1378662600,WA-AHO,VM_011,16
196,1378662600,WA-AHO,VM_012,16
196,1378662600,WA-AHO,VM_013,11
196,1378662600,WA-AHO,VM_023,16
196,1378662600,WA-AHO,VM_025,16
196,1378662600,PABFD,VM_012,10
196,1378662600,PABFD,VM_011,11
196,1378662600,PABFD,VM_025,12
196,1378662600,PABFD,VM_003,13
196,1378662600,PABFD,VM_023,13
196,1378662600,PABFD,VM_001,11
196,1378662600,PABFD,VM_013,12
197,1378662900,Standard_HO,VM_001,14
197,1378662900,Standard_HO,VM_003,17
197,1378662900,Standard_HO,VM_011,17
197,1378662900,Standard_HO,VM_012,17
197,1378662900,Standard_HO,VM_013,14
197,1378662900,Standard_HO,VM_023,14
197,1378662900,Standard_HO,VM_025,17
197,1378662900,WA-AHO,VM_001,14
197,1378662900,WA-AHO,VM_003,17
197,1378662900,WA-AHO,VM_011,17
197,1378662900,WA-AHO,VM_012,17
197,1378662900,WA-AHO,VM_013,14
197,1378662900,WA-AHO,VM_023,14
197,1378662900,WA-AHO,VM_025,17
197,1378662900,PABFD,VM_012,10
197,1378662900,PABFD,VM_011,11
197,1378662900,PABFD,VM_025,12
197,1378662900,PABFD,VM_003,13
197,1378662900,PABFD,VM_023,13
197,1378662900,PABFD,VM_001,11
197,1378662900,PABFD,VM_013,12
198,1378663200,Standard_HO,VM_001,11
198,1378663200,Standard_HO,VM_003,19
198,1378663200,Standard_HO,VM_011,19
198,1378663200,Standard_HO,VM_012,19
198,1378663200,Standard_HO,VM_013,19
198,1378663200,Standard_HO,VM_023,19
198,1378663200,Standard_HO,VM_025,11
198,1378663200,WA-AHO,VM_001,11
198,1378663200,WA-AHO,VM_003,16
198,1378663200,WA-AHO,VM_011,16
198,1378663200,WA-AHO,VM_012,16
198,1378663200,WA-AHO,VM_013,11
198,1378663200,WA-AHO,VM_023,11
198,1378663200,WA-AHO,VM_025,16
198,1378663200,PABFD,VM_012,10
198,1378663200,PABFD,VM_011,11
198,1378663200,PABFD,VM_025,12
198,1378663200,PABFD,VM_003,13
198,1378663200,PABFD,VM_023,13
198,1378663200,PABFD,VM_001,11
198,1378663200,PABFD,VM_013,12
199,1378663500,Standard_HO,VM_001,12
199,1378663500,Standard_HO,VM_003,17
199,1378663500,Standard_HO,VM_011,17
199,1378663500,Standard_HO,VM_012,17
199,1378663500,Standard_HO,VM_013,12
199,1378663500,Standard_HO,VM_023,12
199,1378663500,Standard_HO,VM_025,17
199,1378663500,WA-AHO,VM_001,19
199,1378663500,WA-AHO,VM_003,19
199,1378663500,WA-AHO,VM_011,19
199,1378663500,WA-AHO,VM_012,19
199,1378663500,WA-AHO,VM_013,11
199,1378663500,WA-AHO,VM_023,19
199,1378663500,WA-AHO,VM_025,11
199,1378663500,PABFD,VM_012,10
199,1378663500,PABFD,VM_011,11
199,1378663500,PABFD,VM_025,12
199,1378663500,PABFD,VM_003,13
199,1378663500,PABFD,VM_023,13
199,1378663500,PABFD,VM_001,11
199,1378663500,PABFD,VM_013,12
200,1378663800,Standard_HO,VM_001,13
200,1378663800,Standard_HO,VM_003,19
200,1378663800,Standard_HO,VM_011,19
200,1378663800,Standard_HO,VM_012,19
200,1378663800,Standard_HO,VM_013,13
200,1378663800,Standard_HO,VM_023,13
200,1378663800,Standard_HO,VM_025,19
200,1378663800,WA-AHO,VM_001,14
200,1378663800,WA-AHO,VM_003,19
200,1378663800,WA-AHO,VM_011,19
200,1378663800,WA-AHO,VM_012,19
200,1378663800,WA-AHO,VM_013,19
200,1378663800,WA-AHO,VM_023,19
200,1378663800,WA-AHO,VM_025,14
200,1378663800,PABFD,VM_012,10
200,1378663800,PABFD,VM_011,11
200,1378663800,PABFD,VM_025,12
200,1378663800,PABFD,VM_003,13
200,1378663800,PABFD,VM_023,13
200,1378663800,PABFD,VM_001,11
200,1378663800,PABFD,VM_013,12
201,1378664100,Standard_HO,VM_001,15
201,1378664100,Standard_HO,VM_003,18
201,1378664100,Standard_HO,VM_011,18
201,1378664100,Standard_HO,VM_012,18
201,1378664100,Standard_HO,VM_013,18
201,1378664100,Standard_HO,VM_023,18
201,1378664100,Standard_HO,VM_025,15
201,1378664100,WA-AHO,VM_001,18
201,1378664100,WA-AHO,VM_003,18
201,1378664100,WA-AHO,VM_011,18
201,1378664100,WA-AHO,VM_012,18
201,1378664100,WA-AHO,VM_013,13
201,1378664100,WA-AHO,VM_023,18
201,1378664100,WA-AHO,VM_025,13
201,1378664100,PABFD,VM_012,10
201,1378664100,PABFD,VM_011,11
201,1378664100,PABFD,VM_025,12
201,1378664100,PABFD,VM_003,13
201,1378664100,PABFD,VM_023,13
201,1378664100,PABFD,VM_001,11
201,1378664100,PABFD,VM_013,12
202,1378664400,Standard_HO,VM_001,11
202,1378664400,Standard_HO,VM_003,19
202,1378664400,Standard_HO,VM_011,19
202,1378664400,Standard_HO,VM_012,19
202,1378664400,Standard_HO,VM_013,19
202,1378664400,Standard_HO,VM_023,19
202,1378664400,Standard_HO,VM_025,11
202,1378664400,WA-AHO,VM_001,17
202,1378664400,WA-AHO,VM_003,17
202,1378664400,WA-AHO,VM_011,17
202,1378664400,WA-AHO,VM_012,17
202,1378664400,WA-AHO,VM_013,13
202,1378664400,WA-AHO,VM_023,17
202,1378664400,WA-AHO,VM_025,13
202,1378664400,PABFD,VM_012,10
202,1378664400,PABFD,VM_011,11
202,1378664400,PABFD,VM_025,12
202,1378664400,PABFD,VM_003,13
202,1378664400,PABFD,VM_023,13
202,1378664400,PABFD,VM_001,11
202,1378664400,PABFD,VM_013,12
203,1378664700,Standard_HO,VM_001,13
203,1378664700,Standard_HO,VM_003,18
203,1378664700,Standard_HO,VM_011,18
203,1378664700,Standard_HO,VM_012,18
203,1378664700,Standard_HO,VM_013,18
203,1378664700,Standard_HO,VM_023,18
203,1378664700,Standard_HO,VM_025,13
203,1378664700,WA-AHO,VM_001,10
203,1378664700,WA-AHO,VM_003,10
203,1378664700,WA-AHO,VM_011,19
203,1378664700,WA-AHO,VM_012,19
203,1378664700,WA-AHO,VM_013,10
203,1378664700,WA-AHO,VM_023,19
203,1378664700,WA-AHO,VM_025,19
203,1378664700,PABFD,VM_012,10
203,1378664700,PABFD,VM_011,11
203,1378664700,PABFD,VM_025,12
203,1378664700,PABFD,VM_003,13
203,1378664700,PABFD,VM_023,13
203,1378664700,PABFD,VM_001,11
203,1378664700,PABFD,VM_013,12
204,1378665000,Standard_HO,VM_001,14
204,1378665000,Standard_HO,VM_003,19
204,1378665000,Standard_HO,VM_011,19
204,1378665000,Standard_HO,VM_012,19
204,1378665000,Standard_HO,VM_013,14
204,1378665000,Standard_HO,VM_023,14
204,1378665000,Standard_HO,VM_025,19
204,1378665000,WA-AHO,VM_001,12
204,1378665000,WA-AHO,VM_003,19
204,1378665000,WA-AHO,VM_011,19
204,1378665000,WA-AHO,VM_012,19
204,1378665000,WA-AHO,VM_013,19
204,1378665000,WA-AHO,VM_023,19
204,1378665000,WA-AHO,VM_025,12
204,1378665000,PABFD,VM_012,10
204,1378665000,PABFD,VM_011,11
204,1378665000,PABFD,VM_025,12
204,1378665000,PABFD,VM_003,13
204,1378665000,PABFD,VM_023,13
204,1378665000,PABFD,VM_001,11
204,1378665000,PABFD,VM_013,12
205,1378665300,Standard_HO,VM_001,15
205,1378665300,Standard_HO,VM_003,18
205,1378665300,Standard_HO,VM_011,18
205,1378665300,Standard_HO,VM_012,18
205,1378665300,Standard_HO,VM_013,18
205,1378665300,Standard_HO,VM_023,18
205,1378665300,Standard_HO,VM_025,15
205,1378665300,WA-AHO,VM_001,10
205,1378665300,WA-AHO,VM_003,10
205,1378665300,WA-AHO,VM_011,19
205,1378665300,WA-AHO,VM_012,19
205,1378665300,WA-AHO,VM_013,10
205,1378665300,WA-AHO,VM_023,19
205,1378665300,WA-AHO,VM_025,19
205,1378665300,PABFD,VM_012,10
205,1378665300,PABFD,VM_011,11
205,1378665300,PABFD,VM_025,12
205,1378665300,PABFD,VM_003,13
205,1378665300,PABFD,VM_023,13
205,1378665300,PABFD,VM_001,11
205,1378665300,PABFD,VM_013,12
206,1378665600,Standard_HO,VM_001,18
206,1378665600,Standard_HO,VM_003,18
206,1378665600,Standard_HO,VM_011,11
206,1378665600,Standard_HO,VM_012,18
206,1378665600,Standard_HO,VM_013,11
206,1378665600,Standard_HO,VM_023,18
206,1378665600,Standard_HO,VM_025,18
206,1378665600,WA-AHO,VM_001,19
206,1378665600,WA-AHO,VM_003,19
206,1378665600,WA-AHO,VM_011,10
206,1378665600,WA-AHO,VM_012,19
206,1378665600,WA-AHO,VM_013,10
206,1378665600,WA-AHO,VM_023,19
206,1378665600,WA-AHO,VM_025,19
206,1378665600,PABFD,VM_012,10
206,1378665600,PABFD,VM_011,11
206,1378665600,PABFD,VM_025,12
206,1378665600,PABFD,VM_003,13
206,1378665600,PABFD,VM_023,13
206,1378665600,PABFD,VM_001,11
206,1378665600,PABFD,VM_013,12
207,1378665900,Standard_HO,VM_001,19
207,1378665900,Standard_HO,VM_003,19
207,1378665900,Standard_HO,VM_011,15
207,1378665900,Standard_HO,VM_012,19
207,1378665900,Standard_HO,VM_013,15
207,1378665900,Standard_HO,VM_023,19
207,1378665900,Standard_HO,VM_025,19
207,1378665900,WA-AHO,VM_001,18
207,1378665900,WA-AHO,VM_003,18
207,1378665900,WA-AHO,VM_011,11
207,1378665900,WA-AHO,VM_012,18
207,1378665900,WA-AHO,VM_013,11
207,1378665900,WA-AHO,VM_023,18
207,1378665900,WA-AHO,VM_025,18
207,1378665900,PABFD,VM_012,10
207,1378665900,PABFD,VM_011,11
207,1378665900,PABFD,VM_025,12
207,1378665900,PABFD,VM_003,13
207,1378665900,PABFD,VM_023,13
207,1378665900,PABFD,VM_001,11
207,1378665900,PABFD,VM_013,12
208,1378666200,Standard_HO,VM_001,18
208,1378666200,Standard_HO,VM_003,18
208,1378666200,Standard_HO,VM_011,15
208,1378666200,Standard_HO,VM_012,18
208,1378666200,Standard_HO,VM_013,15
208,1378666200,Standard_HO,VM_023,18
208,1378666200,Standard_HO,VM_025,18
208,1378666200,WA-AHO,VM_001,19
208,1378666200,WA-AHO,VM_003,19
208,1378666200,WA-AHO,VM_011,13
208,1378666200,WA-AHO,VM_012,19
208,1378666200,WA-AHO,VM_013,13
208,1378666200,WA-AHO,VM_023,19
208,1378666200,WA-AHO,VM_025,19
208,1378666200,PABFD,VM_012,10
208,1378666200,PABFD,VM_011,11
208,1378666200,PABFD,VM_025,12
208,1378666200,PABFD,VM_003,13
208,1378666200,PABFD,VM_023,13
208,1378666200,PABFD,VM_001,11
208,1378666200,PABFD,VM_013,12
209,1378666500,Standard_HO,VM_001,14
209,1378666500,Standard_HO,VM_003,18
209,1378666500,Standard_HO,VM_011,18
209,1378666500,Standard_HO,VM_012,18
209,1378666500,Standard_HO,VM_013,18
209,1378666500,Standard_HO,VM_023,18
209,1378666500,Standard_HO,VM_025,14
209,1378666500,WA-AHO,VM_001,13
209,1378666500,WA-AHO,VM_003,17
209,1378666500,WA-AHO,VM_011,17
209,1378666500,WA-AHO,VM_012,17
209,1378666500,WA-AHO,VM_013,17
209,1378666500,WA-AHO,VM_023,17
209,1378666500,WA-AHO,VM_025,13
209,1378666500,PABFD,VM_012,10
209,1378666500,PABFD,VM_011,11
209,1378666500,PABFD,VM_025,12
209,1378666500,PABFD,VM_003,13
209,1378666500,PABFD,VM_023,13
209,1378666500,PABFD,VM_001,11
209,1378666500,PABFD,VM_013,12
210,1378666800,Standard_HO,VM_001,19
210,1378666800,Standard_HO,VM_003,19
210,1378666800,Standard_HO,VM_011,14
210,1378666800,Standard_HO,VM_012,19
210,1378666800,Standard_HO,VM_013,14
210,1378666800,Standard_HO,VM_023,19
210,1378666800,Standard_HO,VM_025,19
210,1378666800,WA-AHO,VM_001,19
210,1378666800,WA-AHO,VM_003,19
210,1378666800,WA-AHO,VM_011,10
210,1378666800,WA-AHO,VM_012,19
210,1378666800,WA-AHO,VM_013,10
210,1378666800,WA-AHO,VM_023,19
210,1378666800,WA-AHO,VM_025,19
210,1378666800,PABFD,VM_012,10
210,1378666800,PABFD,VM_011,11
210,1378666800,PABFD,VM_025,12
210,1378666800,PABFD,VM_003,13
210,1378666800,PABFD,VM_023,13
210,1378666800,PABFD,VM_001,11
210,1378666800,PABFD,VM_013,12
211,1378667100,Standard_HO,VM_001,11
211,1378667100,Standard_HO,VM_003,17
211,1378667100,Standard_HO,VM_011,17
211,1378667100,Standard_HO,VM_012,17
211,1378667100,Standard_HO,VM_013,17
211,1378667100,Standard_HO,VM_023,17
211,1378667100,Standard_HO,VM_025,11
211,1378667100,WA-AHO,VM_001,11
211,1378667100,WA-AHO,VM_003,19
211,1378667100,WA-AHO,VM_011,19
211,1378667100,WA-AHO,VM_012,19
211,1378667100,WA-AHO,VM_013,19
211,1378667100,WA-AHO,VM_023,19
211,1378667100,WA-AHO,VM_025,11
211,1378667100,PABFD,VM_012,10
211,1378667100,PABFD,VM_011,11
211,1378667100,PABFD,VM_025,12
211,1378667100,PABFD,VM_003,13
211,1378667100,PABFD,VM_023,13
211,1378667100,PABFD,VM_001,11
211,1378667100,PABFD,VM_013,12
212,1378667400,Standard_HO,VM_001,11
212,1378667400,Standard_HO,VM_003,18
212,1378667400,Standard_HO,VM_011,18
212,1378667400,Standard_HO,VM_012,18
212,1378667400,Standard_HO,VM_013,11
212,1378667400,Standard_HO,VM_023,11
212,1378667400,Standard_HO,VM_025,18
212,1378667400,WA-AHO,VM_001,19
212,1378667400,WA-AHO,VM_003,19
212,1378667400,WA-AHO,VM_011,19
212,1378667400,WA-AHO,VM_012,19
212,1378667400,WA-AHO,VM_013,12
212,1378667400,WA-AHO,VM_023,19
212,1378667400,WA-AHO,VM_025,12
212,1378667400,PABFD,VM_012,10
212,1378667400,PABFD,VM_011,11
212,1378667400,PABFD,VM_025,12
212,1378667400,PABFD,VM_003,13
212,1378667400,PABFD,VM_023,13
212,1378667400,PABFD,VM_001,11
212,1378667400,PABFD,VM_013,12
213,1378667700,Standard_HO,VM_001,15
213,1378667700,Standard_HO,VM_003,19
213,1378667700,Standard_HO,VM_011,19
213,1378667700,Standard_HO,VM_012,19
213,1378667700,Standard_HO,VM_013,15
213,1378667700,Standard_HO,VM_023,15
213,1378667700,Standard_HO,VM_025,19
213,1378667700,WA-AHO,VM_001,17
213,1378667700,WA-AHO,VM_003,14
213,1378667700,WA-AHO,VM_011,17
213,1378667700,WA-AHO,VM_012,17
213,1378667700,WA-AHO,VM_013,17
213,1378667700,WA-AHO,VM_023,14
213,1378667700,WA-AHO,VM_025,17
213,1378667700,PABFD,VM_012,10
213,1378667700,PABFD,VM_011,11
213,1378667700,PABFD,VM_025,12
213,1378667700,PABFD,VM_003,13
213,1378667700,PABFD,VM_023,13
213,1378667700,PABFD,VM_001,11
213,1378667700,PABFD,VM_013,12
214,1378668000,Standard_HO,VM_001,11
214,1378668000,Standard_HO,VM_003,19
214,1378668000,Standard_HO,VM_011,19
214,1378668000,Standard_HO,VM_012,19
214,1378668000,Standard_HO,VM_013,11
214,1378668000,Standard_HO,VM_023,11
214,1378668000,Standard_HO,VM_025,19
214,1378668000,WA-AHO,VM_001,13
214,1378668000,WA-AHO,VM_003,13
214,1378668000,WA-AHO,VM_011,16
214,1378668000,WA-AHO,VM_012,16
214,1378668000,WA-AHO,VM_013,13
214,1378668000,WA-AHO,VM_023,16
214,1378668000,WA-AHO,VM_025,16
214,1378668000,PABFD,VM_012,10
214,1378668000,PABFD,VM_011,11
214,1378668000,PABFD,VM_025,12
214,1378668000,PABFD,VM_003,13
214,1378668000,PABFD,VM_023,13
214,1378668000,PABFD,VM_001,11
214,1378668000,PABFD,VM_013,12
215,1378668300,Standard_HO,VM_001,11
215,1378668300,Standard_HO,VM_003,16
215,1378668300,Standard_HO,VM_011,16
215,1378668300,Standard_HO,VM_012,16
215,1378668300,Standard_HO,VM_013,16
215,1378668300,Standard_HO,VM_023,16
215,1378668300,Standard_HO,VM_025,11
215,1378668300,WA-AHO,VM_001,11
215,1378668300,WA-AHO,VM_003,19
215,1378668300,WA-AHO,VM_011,19
215,1378668300,WA-AHO,VM_012,19
215,1378668300,WA-AHO,VM_013,19
215,1378668300,WA-AHO,VM_023,19
215,1378668300,WA-AHO,VM_025,11
215,1378668300,PABFD,VM_012,10
215,1378668300,PABFD,VM_011,11
215,1378668300,PABFD,VM_025,12
215,1378668300,PABFD,VM_003,13
215,1378668300,PABFD,VM_023,13
215,1378668300,PABFD,VM_001,11
215,1378668300,PABFD,VM_013,12
216,1378668600,Standard_HO,VM_001,13
216,1378668600,Standard_HO,VM_003,17
216,1378668600,Standard_HO,VM_011,17
216,1378668600,Standard_HO,VM_012,17
216,1378668600,Standard_HO,VM_013,17
216,1378668600,Standard_HO,VM_023,17
216,1378668600,Standard_HO,VM_025,13
216,1378668600,WA-AHO,VM_001,18
216,1378668600,WA-AHO,VM_003,18
216,1378668600,WA-AHO,VM_011,18
216,1378668600,WA-AHO,VM_012,18
216,1378668600,WA-AHO,VM_013,15
216,1378668600,WA-AHO,VM_023,18
216,1378668600,WA-AHO,VM_025,15
216,1378668600,PABFD,VM_012,10
216,1378668600,PABFD,VM_011,11
216,1378668600,PABFD,VM_025,12
216,1378668600,PABFD,VM_003,13
216,1378668600,PABFD,VM_023,13
216,1378668600,PABFD,VM_001,11
216,1378668600,PABFD,VM_013,12
217,1378668900,Standard_HO,VM_001,12
217,1378668900,Standard_HO,VM_003,18
217,1378668900,Standard_HO,VM_011,18
217,1378668900,Standard_HO,VM_012,18
217,1378668900,Standard_HO,VM_013,12
217,1378668900,Standard_HO,VM_023,12
217,1378668900,Standard_HO,VM_025,18
217,1378668900,WA-AHO,VM_001,12
217,1378668900,WA-AHO,VM_003,18
217,1378668900,WA-AHO,VM_011,18
217,1378668900,WA-AHO,VM_012,18
217,1378668900,WA-AHO,VM_013,12
217,1378668900,WA-AHO,VM_023,12
217,1378668900,WA-AHO,VM_025,18
217,1378668900,PABFD,VM_012,10
217,1378668900,PABFD,VM_011,11
217,1378668900,PABFD,VM_025,12
217,1378668900,PABFD,VM_003,13
217,1378668900,PABFD,VM_023,13
217,1378668900,PABFD,VM_001,11
217,1378668900,PABFD,VM_013,12
218,1378669200,Standard_HO,VM_001,15
218,1378669200,Standard_HO,VM_003,17
218,1378669200,Standard_HO,VM_011,17
218,1378669200,Standard_HO,VM_012,17
218,1378669200,Standard_HO,VM_013,15
218,1378669200,Standard_HO,VM_023,15
218,1378669200,Standard_HO,VM_025,17
218,1378669200,WA-AHO,VM_001,15
218,1378669200,WA-AHO,VM_003,16
218,1378669200,WA-AHO,VM_011,16
218,1378669200,WA-AHO,VM_012,16
218,1378669200,WA-AHO,VM_013,16
218,1378669200,WA-AHO,VM_023,16
218,1378669200,WA-AHO,VM_025,15
218,1378669200,PABFD,VM_012,10
218,1378669200,PABFD,VM_011,11
218,1378669200,PABFD,VM_025,12
218,1378669200,PABFD,VM_003,13
218,1378669200,PABFD,VM_023,13
218,1378669200,PABFD,VM_001,11
218,1378669200,PABFD,VM_013,12
219,1378669500,Standard_HO,VM_001,10
219,1378669500,Standard_HO,VM_003,19
219,1378669500,Standard_HO,VM_011,10
219,1378669500,Standard_HO,VM_012,19
219,1378669500,Standard_HO,VM_013,19
219,1378669500,Standard_HO,VM_023,19
219,1378669500,Standard_HO,VM_025,19
219,1378669500,WA-AHO,VM_001,13
219,1378669500,WA-AHO,VM_003,19
219,1378669500,WA-AHO,VM_011,19
219,1378669500,WA-AHO,VM_012,19
219,1378669500,WA-AHO,VM_013,13
219,1378669500,WA-AHO,VM_023,13
219,1378669500,WA-AHO,VM_025,19
219,1378669500,PABFD,VM_012,10
219,1378669500,PABFD,VM_011,11
219,1378669500,PABFD,VM_025,12
219,1378669500,PABFD,VM_003,13
219,1378669500,PABFD,VM_023,13
219,1378669500,PABFD,VM_001,11
219,1378669500,PABFD,VM_013,12
220,1378669800,Standard_HO,VM_001,15
220,1378669800,Standard_HO,VM_003,16
220,1378669800,Standard_HO,VM_011,16
220,1378669800,Standard_HO,VM_012,16
220,1378669800,Standard_HO,VM_013,15
220,1378669800,Standard_HO,VM_023,15
220,1378669800,Standard_HO,VM_025,16
220,1378669800,WA-AHO,VM_001,15
220,1378669800,WA-AHO,VM_003,16
220,1378669800,WA-AHO,VM_011,15
220,1378669800,WA-AHO,VM_012,16
220,1378669800,WA-AHO,VM_013,16
220,1378669800,WA-AHO,VM_023,16
220,1378669800,WA-AHO,VM_025,16
220,1378669800,PABFD,VM_012,10
220,1378669800,PABFD,VM_011,11
220,1378669800,PABFD,VM_025,12
220,1378669800,PABFD,VM_003,13
220,1378669800,PABFD,VM_023,13
220,1378669800,PABFD,VM_001,11
220,1378669800,PABFD,VM_013,12
221,1378670100,Standard_HO,VM_001,10
221,1378670100,Standard_HO,VM_003,18
221,1378670100,Standard_HO,VM_011,18
221,1378670100,Standard_HO,VM_012,18
221,1378670100,Standard_HO,VM_013,18
221,1378670100,Standard_HO,VM_023,18
221,1378670100,Standard_HO,VM_025,10
221,1378670100,WA-AHO,VM_001,14
221,1378670100,WA-AHO,VM_003,17
221,1378670100,WA-AHO,VM_011,14
221,1378670100,WA-AHO,VM_012,17
221,1378670100,WA-AHO,VM_013,17
221,1378670100,WA-AHO,VM_023,17
221,1378670100,WA-AHO,VM_025,17
221,1378670100,PABFD,VM_012,10
221,1378670100,PABFD,VM_011,11
221,1378670100,PABFD,VM_025,12
221,1378670100,PABFD,VM_003,13
221,1378670100,PABFD,VM_023,13
221,1378670100,PABFD,VM_001,11
221,1378670100,PABFD,VM_013,12
222,1378670400,Standard_HO,VM_001,14
222,1378670400,Standard_HO,VM_003,19
222,1378670400,Standard_HO,VM_011,19
222,1378670400,Standard_HO,VM_012,19
222,1378670400,Standard_HO,VM_013,19
222,1378670400,Standard_HO,VM_023,19
222,1378670400,Standard_HO,VM_025,14
222,1378670400,WA-AHO,VM_001,15
222,1378670400,WA-AHO,VM_003,19
222,1378670400,WA-AHO,VM_011,19
222,1378670400,WA-AHO,VM_012,19
222,1378670400,WA-AHO,VM_013,19
222,1378670400,WA-AHO,VM_023,19
222,1378670400,WA-AHO,VM_025,15
222,1378670400,PABFD,VM_012,10
222,1378670400,PABFD,VM_011,11
222,1378670400,PABFD,VM_025,12
222,1378670400,PABFD,VM_003,13
222,1378670400,PABFD,VM_023,13
222,1378670400,PABFD,VM_001,11
222,1378670400,PABFD,VM_013,12
223,1378670700,Standard_HO,VM_001,17
223,1378670700,Standard_HO,VM_003,17
223,1378670700,Standard_HO,VM_011,15
223,1378670700,Standard_HO,VM_012,17
223,1378670700,Standard_HO,VM_013,15
223,1378670700,Standard_HO,VM_023,17
223,1378670700,Standard_HO,VM_025,17
223,1378670700,WA-AHO,VM_001,17
223,1378670700,WA-AHO,VM_003,17
223,1378670700,WA-AHO,VM_011,15
223,1378670700,WA-AHO,VM_012,17
223,1378670700,WA-AHO,VM_013,15
223,1378670700,WA-AHO,VM_023,17
223,1378670700,WA-AHO,VM_025,17
223,1378670700,PABFD,VM_012,10
223,1378670700,PABFD,VM_011,11
223,1378670700,PABFD,VM_025,12
223,1378670700,PABFD,VM_003,13
223,1378670700,PABFD,VM_023,13
223,1378670700,PABFD,VM_001,11
223,1378670700,PABFD,VM_013,12
224,1378671000,Standard_HO,VM_001,11
224,1378671000,Standard_HO,VM_003,18
224,1378671000,Standard_HO,VM_011,18
224,1378671000,Standard_HO,VM_012,18
224,1378671000,Standard_HO,VM_013,18
224,1378671000,Standard_HO,VM_023,18
224,1378671000,Standard_HO,VM_025,11
224,1378671000,WA-AHO,VM_001,14
224,1378671000,WA-AHO,VM_003,17
224,1378671000,WA-AHO,VM_011,17
224,1378671000,WA-AHO,VM_012,17
224,1378671000,WA-AHO,VM_013,17
224,1378671000,WA-AHO,VM_023,17
224,1378671000,WA-AHO,VM_025,14
224,1378671000,PABFD,VM_012,10
224,1378671000,PABFD,VM_011,11
224,1378671000,PABFD,VM_025,12
224,1378671000,PABFD,VM_003,13
224,1378671000,PABFD,VM_023,13
224,1378671000,PABFD,VM_001,11
224,1378671000,PABFD,VM_013,12
225,1378671300,Standard_HO,VM_001,14
225,1378671300,Standard_HO,VM_003,18
225,1378671300,Standard_HO,VM_011,18
225,1378671300,Standard_HO,VM_012,18
225,1378671300,Standard_HO,VM_013,18
225,1378671300,Standard_HO,VM_023,18
225,1378671300,Standard_HO,VM_025,14
225,1378671300,WA-AHO,VM_001,15
225,1378671300,WA-AHO,VM_003,17
225,1378671300,WA-AHO,VM_011,17
225,1378671300,WA-AHO,VM_012,17
225,1378671300,WA-AHO,VM_013,17
225,1378671300,WA-AHO,VM_023,17
225,1378671300,WA-AHO,VM_025,15
225,1378671300,PABFD,VM_012,10
225,1378671300,PABFD,VM_011,11
225,1378671300,PABFD,VM_025,12
225,1378671300,PABFD,VM_003,13
225,1378671300,PABFD,VM_023,13
225,1378671300,PABFD,VM_001,11
225,1378671300,PABFD,VM_013,12
226,1378671600,Standard_HO,VM_001,10
226,1378671600,Standard_HO,VM_003,17
226,1378671600,Standard_HO,VM_011,17
226,1378671600,Standard_HO,VM_012,17
226,1378671600,Standard_HO,VM_013,17
226,1378671600,Standard_HO,VM_023,17
226,1378671600,Standard_HO,VM_025,10
226,1378671600,WA-AHO,VM_001,15
226,1378671600,WA-AHO,VM_003,17
226,1378671600,WA-AHO,VM_011,17
226,1378671600,WA-AHO,VM_012,17
226,1378671600,WA-AHO,VM_013,17
226,1378671600,WA-AHO,VM_023,17
226,1378671600,WA-AHO,VM_025,15
226,1378671600,PABFD,VM_012,10
226,1378671600,PABFD,VM_011,11
226,1378671600,PABFD,VM_025,12
226,1378671600,PABFD,VM_003,13
226,1378671600,PABFD,VM_023,13
226,1378671600,PABFD,VM_001,11
226,1378671600,PABFD,VM_013,12
227,1378671900,Standard_HO,VM_001,12
227,1378671900,Standard_HO,VM_003,19
227,1378671900,Standard_HO,VM_011,19
227,1378671900,Standard_HO,VM_012,19
227,1378671900,Standard_HO,VM_013,12
227,1378671900,Standard_HO,VM_023,12
227,1378671900,Standard_HO,VM_025,19
227,1378671900,WA-AHO,VM_001,11
227,1378671900,WA-AHO,VM_003,11
227,1378671900,WA-AHO,VM_011,17
227,1378671900,WA-AHO,VM_012,17
227,1378671900,WA-AHO,VM_013,11
227,1378671900,WA-AHO,VM_023,17
227,1378671900,WA-AHO,VM_025,17
227,1378671900,PABFD,VM_012,10
227,1378671900,PABFD,VM_011,11
227,1378671900,PABFD,VM_025,12
227,1378671900,PABFD,VM_003,13
227,1378671900,PABFD,VM_023,13
227,1378671900,PABFD,VM_001,11
227,1378671900,PABFD,VM_013,12
228,1378672200,Standard_HO,VM_001,19
228,1378672200,Standard_HO,VM_003,19
228,1378672200,Standard_HO,VM_011,15
228,1378672200,Standard_HO,VM_012,19
228,1378672200,Standard_HO,VM_013,15
228,1378672200,Standard_HO,VM_023,19
228,1378672200,Standard_HO,VM_025,19
228,1378672200,WA-AHO,VM_001,16
228,1378672200,WA-AHO,VM_003,16
228,1378672200,WA-AHO,VM_011,15
228,1378672200,WA-AHO,VM_012,16
228,1378672200,WA-AHO,VM_013,15
228,1378672200,WA-AHO,VM_023,16
228,1378672200,WA-AHO,VM_025,16
228,1378672200,PABFD,VM_012,10
228,1378672200,PABFD,VM_011,11
228,1378672200,PABFD,VM_025,12
228,1378672200,PABFD,VM_003,13
228,1378672200,PABFD,VM_023,13
228,1378672200,PABFD,VM_001,11
228,1378672200,PABFD,VM_013,12
229,1378672500,Standard_HO,VM_001,13
229,1378672500,Standard_HO,VM_003,18
229,1378672500,Standard_HO,VM_011,18
229,1378672500,Standard_HO,VM_012,18
229,1378672500,Standard_HO,VM_013,13
229,1378672500,Standard_HO,VM_023,13
229,1378672500,Standard_HO,VM_025,18
229,1378672500,WA-AHO,VM_001,17
229,1378672500,WA-AHO,VM_003,17
229,1378672500,WA-AHO,VM_011,17
229,1378672500,WA-AHO,VM_012,17
229,1378672500,WA-AHO,VM_013,13
229,1378672500,WA-AHO,VM_023,17
229,1378672500,WA-AHO,VM_025,13
229,1378672500,PABFD,VM_012,10
229,1378672500,PABFD,VM_011,11
229,1378672500,PABFD,VM_025,12
229,1378672500,PABFD,VM_003,13
229,1378672500,PABFD,VM_023,13
229,1378672500,PABFD,VM_001,11
229,1378672500,PABFD,VM_013,12
230,1378672800,Standard_HO,VM_001,12
230,1378672800,Standard_HO,VM_003,19
230,1378672800,Standard_HO,VM_011,19
230,1378672800,Standard_HO,VM_012,19
230,1378672800,Standard_HO,VM_013,12
230,1378672800,Standard_HO,VM_023,12
230,1378672800,Standard_HO,VM_025,19
230,1378672800,WA-AHO,VM_001,15
230,1378672800,WA-AHO,VM_003,17
230,1378672800,WA-AHO,VM_011,17
230,1378672800,WA-AHO,VM_012,17
230,1378672800,WA-AHO,VM_013,17
230,1378672800,WA-AHO,VM_023,17
230,1378672800,WA-AHO,VM_025,15
230,1378672800,PABFD,VM_012,10
230,1378672800,PABFD,VM_011,11
230,1378672800,PABFD,VM_025,12
230,1378672800,PABFD,VM_003,13
230,1378672800,PABFD,VM_023,13
230,1378672800,PABFD,VM_001,11
230,1378672800,PABFD,VM_013,12
231,1378673100,Standard_HO,VM_001,19
231,1378673100,Standard_HO,VM_003,19
231,1378673100,Standard_HO,VM_011,13
231,1378673100,Standard_HO,VM_012,19
231,1378673100,Standard_HO,VM_013,13
231,1378673100,Standard_HO,VM_023,19
231,1378673100,Standard_HO,VM_025,19
231,1378673100,WA-AHO,VM_001,19
231,1378673100,WA-AHO,VM_003,19
231,1378673100,WA-AHO,VM_011,15
231,1378673100,WA-AHO,VM_012,19
231,1378673100,WA-AHO,VM_013,15
231,1378673100,WA-AHO,VM_023,19
231,1378673100,WA-AHO,VM_025,19
231,1378673100,PABFD,VM_012,10
231,1378673100,PABFD,VM_011,11
231,1378673100,PABFD,VM_025,12
231,1378673100,PABFD,VM_003,13
231,1378673100,PABFD,VM_023,13
231,1378673100,PABFD,VM_001,11
231,1378673100,PABFD,VM_013,12
232,1378673400,Standard_HO,VM_001,15
232,1378673400,Standard_HO,VM_003,19
232,1378673400,Standard_HO,VM_011,15
232,1378673400,Standard_HO,VM_012,19
232,1378673400,Standard_HO,VM_013,19
232,1378673400,Standard_HO,VM_023,19
232,1378673400,Standard_HO,VM_025,19
232,1378673400,WA-AHO,VM_001,11
232,1378673400,WA-AHO,VM_003,18
232,1378673400,WA-AHO,VM_011,18
232,1378673400,WA-AHO,VM_012,18
232,1378673400,WA-AHO,VM_013,18
232,1378673400,WA-AHO,VM_023,18
232,1378673400,WA-AHO,VM_025,11
232,1378673400,PABFD,VM_012,10
232,1378673400,PABFD,VM_011,11
232,1378673400,PABFD,VM_025,12
232,1378673400,PABFD,VM_003,13
232,1378673400,PABFD,VM_023,13
232,1378673400,PABFD,VM_001,11
232,1378673400,PABFD,VM_013,12
233,1378673700,Standard_HO,VM_001,10
233,1378673700,Standard_HO,VM_003,19
233,1378673700,Standard_HO,VM_011,19
233,1378673700,Standard_HO,VM_012,19
233,1378673700,Standard_HO,VM_013,10
233,1378673700,Standard_HO,VM_023,10
233,1378673700,Standard_HO,VM_025,19
233,1378673700,WA-AHO,VM_001,14
233,1378673700,WA-AHO,VM_003,19
233,1378673700,WA-AHO,VM_011,19
233,1378673700,WA-AHO,VM_012,19
233,1378673700,WA-AHO,VM_013,14
233,1378673700,WA-AHO,VM_023,14
233,1378673700,WA-AHO,VM_025,19
233,1378673700,PABFD,VM_012,10
233,1378673700,PABFD,VM_011,11
233,1378673700,PABFD,VM_025,12
233,1378673700,PABFD,VM_003,13
233,1378673700,PABFD,VM_023,13
233,1378673700,PABFD,VM_001,11
233,1378673700,PABFD,VM_013,12
234,1378674000,Standard_HO,VM_001,19
234,1378674000,Standard_HO,VM_003,19
234,1378674000,Standard_HO,VM_011,13
234,1378674000,Standard_HO,VM_012,19
234,1378674000,Standard_HO,VM_013,13
234,1378674000,Standard_HO,VM_023,19
234,1378674000,Standard_HO,VM_025,19
234,1378674000,WA-AHO,VM_001,16
234,1378674000,WA-AHO,VM_003,16
234,1378674000,WA-AHO,VM_011,14
234,1378674000,WA-AHO,VM_012,16
234,1378674000,WA-AHO,VM_013,14
234,1378674000,WA-AHO,VM_023,16
234,1378674000,WA-AHO,VM_025,16
234,1378674000,PABFD,VM_012,10
234,1378674000,PABFD,VM_011,11
234,1378674000,PABFD,VM_025,12
234,1378674000,PABFD,VM_003,13
234,1378674000,PABFD,VM_023,13
234,1378674000,PABFD,VM_001,11
234,1378674000,PABFD,VM_013,12
235,1378674300,Standard_HO,VM_001,17
235,1378674300,Standard_HO,VM_003,17
235,1378674300,Standard_HO,VM_011,10
235,1378674300,Standard_HO,VM_012,17
235,1378674300,Standard_HO,VM_013,10
235,1378674300,Standard_HO,VM_023,17
235,1378674300,Standard_HO,VM_025,17
235,1378674300,WA-AHO,VM_001,19
235,1378674300,WA-AHO,VM_003,19
235,1378674300,WA-AHO,VM_011,11
235,1378674300,WA-AHO,VM_012,19
235,1378674300,WA-AHO,VM_013,11
235,1378674300,WA-AHO,VM_023,19
235,1378674300,WA-AHO,VM_025,19
235,1378674300,PABFD,VM_012,10
235,1378674300,PABFD,VM_011,11
235,1378674300,PABFD,VM_025,12
235,1378674300,PABFD,VM_003,13
235,1378674300,PABFD,VM_023,13
235,1378674300,PABFD,VM_001,11
235,1378674300,PABFD,VM_013,12
236,1378674600,Standard_HO,VM_001,18
236,1378674600,Standard_HO,VM_003,18
236,1378674600,Standard_HO,VM_011,15
236,1378674600,Standard_HO,VM_012,18
236,1378674600,Standard_HO,VM_013,15
236,1378674600,Standard_HO,VM_023,18
236,1378674600,Standard_HO,VM_025,18
236,1378674600,WA-AHO,VM_001,17
236,1378674600,WA-AHO,VM_003,17
236,1378674600,WA-AHO,VM_011,17
236,1378674600,WA-AHO,VM_012,17
236,1378674600,WA-AHO,VM_013,12
236,1378674600,WA-AHO,VM_023,17
236,1378674600,WA-AHO,VM_025,12
236,1378674600,PABFD,VM_012,10
236,1378674600,PABFD,VM_011,11
236,1378674600,PABFD,VM_025,12
236,1378674600,PABFD,VM_003,13
236,1378674600,PABFD,VM_023,13
236,1378674600,PABFD,VM_001,11
236,1378674600,PABFD,VM_013,12
237,1378674900,Standard_HO,VM_001,18
237,1378674900,Standard_HO,VM_003,18
237,1378674900,Standard_HO,VM_011,13
237,1378674900,Standard_HO,VM_012,18
237,1378674900,Standard_HO,VM_013,13
237,1378674900,Standard_HO,VM_023,18
237,1378674900,Standard_HO,VM_025,18
237,1378674900,WA-AHO,VM_001,17
237,1378674900,WA-AHO,VM_003,17
237,1378674900,WA-AHO,VM_011,12
237,1378674900,WA-AHO,VM_012,17
237,1378674900,WA-AHO,VM_013,12
237,1378674900,WA-AHO,VM_023,17
237,1378674900,WA-AHO,VM_025,17
237,1378674900,PABFD,VM_012,10
237,1378674900,PABFD,VM_011,11
237,1378674900,PABFD,VM_025,12
237,1378674900,PABFD,VM_003,13
237,1378674900,PABFD,VM_023,13
237,1378674900,PABFD,VM_001,11
237,1378674900,PABFD,VM_013,12
238,1378675200,Standard_HO,VM_001,19
238,1378675200,Standard_HO,VM_003,19
238,1378675200,Standard_HO,VM_011,19
238,1378675200,Standard_HO,VM_012,19
238,1378675200,Standard_HO,VM_013,12
238,1378675200,Standard_HO,VM_023,19
238,1378675200,Standard_HO,VM_025,12
238,1378675200,WA-AHO,VM_001,19
238,1378675200,WA-AHO,VM_003,19
238,1378675200,WA-AHO,VM_011,19
238,1378675200,WA-AHO,VM_012,19
238,1378675200,WA-AHO,VM_013,12
238,1378675200,WA-AHO,VM_023,19
238,1378675200,WA-AHO,VM_025,12
238,1378675200,PABFD,VM_012,10
238,1378675200,PABFD,VM_011,11
238,1378675200,PABFD,VM_025,12
238,1378675200,PABFD,VM_003,13
238,1378675200,PABFD,VM_023,13
238,1378675200,PABFD,VM_001,11
238,1378675200,PABFD,VM_013,12
239,1378675500,Standard_HO,VM_001,19
239,1378675500,Standard_HO,VM_003,19
239,1378675500,Standard_HO,VM_011,13
239,1378675500,Standard_HO,VM_012,19
239,1378675500,Standard_HO,VM_013,13
239,1378675500,Standard_HO,VM_023,19
239,1378675500,Standard_HO,VM_025,19
239,1378675500,WA-AHO,VM_001,19
239,1378675500,WA-AHO,VM_003,19
239,1378675500,WA-AHO,VM_011,19
239,1378675500,WA-AHO,VM_012,19
239,1378675500,WA-AHO,VM_013,14
239,1378675500,WA-AHO,VM_023,19
239,1378675500,WA-AHO,VM_025,14
239,1378675500,PABFD,VM_012,10
239,1378675500,PABFD,VM_011,11
239,1378675500,PABFD,VM_025,12
239,1378675500,PABFD,VM_003,13
239,1378675500,PABFD,VM_023,13
239,1378675500,PABFD,VM_001,11
239,1378675500,PABFD,VM_013,12
240,1378675800,Standard_HO,VM_001,16
240,1378675800,Standard_HO,VM_003,16
240,1378675800,Standard_HO,VM_011,11
240,1378675800,Standard_HO,VM_012,16
240,1378675800,Standard_HO,VM_013,11
240,1378675800,Standard_HO,VM_023,16
240,1378675800,Standard_HO,VM_025,16
240,1378675800,WA-AHO,VM_001,18
240,1378675800,WA-AHO,VM_003,18
240,1378675800,WA-AHO,VM_011,13
240,1378675800,WA-AHO,VM_012,18
240,1378675800,WA-AHO,VM_013,13
240,1378675800,WA-AHO,VM_023,18
240,1378675800,WA-AHO,VM_025,18
240,1378675800,PABFD,VM_012,10
240,1378675800,PABFD,VM_011,11
240,1378675800,PABFD,VM_025,12
240,1378675800,PABFD,VM_003,13
240,1378675800,PABFD,VM_023,13
240,1378675800,PABFD,VM_001,11
240,1378675800,PABFD,VM_013,12
241,1378676100,Standard_HO,VM_001,19
241,1378676100,Standard_HO,VM_003,19
241,1378676100,Standard_HO,VM_011,12
241,1378676100,Standard_HO,VM_012,19
241,1378676100,Standard_HO,VM_013,12
241,1378676100,Standard_HO,VM_023,19
241,1378676100,Standard_HO,VM_025,19
241,1378676100,WA-AHO,VM_001,17
241,1378676100,WA-AHO,VM_003,17
241,1378676100,WA-AHO,VM_011,11
241,1378676100,WA-AHO,VM_012,17
241,1378676100,WA-AHO,VM_013,11
241,1378676100,WA-AHO,VM_023,17
241,1378676100,WA-AHO,VM_025,17
241,1378676100,PABFD,VM_012,10
241,1378676100,PABFD,VM_011,11
241,1378676100,PABFD,VM_025,12
241,1378676100,PABFD,VM_003,13
241,1378676100,PABFD,VM_023,13
241,1378676100,PABFD,VM_001,11
241,1378676100,PABFD,VM_013,12
242,1378676400,Standard_HO,VM_001,17
242,1378676400,Standard_HO,VM_003,17
242,1378676400,Standard_HO,VM_011,15
242,1378676400,Standard_HO,VM_012,17
242,1378676400,Standard_HO,VM_013,15
242,1378676400,Standard_HO,VM_023,17
242,1378676400,Standard_HO,VM_025,17
242,1378676400,WA-AHO,VM_001,18
242,1378676400,WA-AHO,VM_003,18
242,1378676400,WA-AHO,VM_011,10
242,1378676400,WA-AHO,VM_012,18
242,1378676400,WA-AHO,VM_013,10
242,1378676400,WA-AHO,VM_023,18
242,1378676400,WA-AHO,VM_025,18
242,1378676400,PABFD,VM_012,10
242,1378676400,PABFD,VM_011,11
242,1378676400,PABFD,VM_025,12
242,1378676400,PABFD,VM_003,13
242,1378676400,PABFD,VM_023,13
242,1378676400,PABFD,VM_001,11
242,1378676400,PABFD,VM_013,12
243,1378676700,Standard_HO,VM_001,17
243,1378676700,Standard_HO,VM_003,17
243,1378676700,Standard_HO,VM_011,15
243,1378676700,Standard_HO,VM_012,17
243,1378676700,Standard_HO,VM_013,15
243,1378676700,Standard_HO,VM_023,17
243,1378676700,Standard_HO,VM_025,17
243,1378676700,WA-AHO,VM_001,19
243,1378676700,WA-AHO,VM_003,19
243,1378676700,WA-AHO,VM_011,11
243,1378676700,WA-AHO,VM_012,19
243,1378676700,WA-AHO,VM_013,11
243,1378676700,WA-AHO,VM_023,19
243,1378676700,WA-AHO,VM_025,19
243,1378676700,PABFD,VM_012,10
243,1378676700,PABFD,VM_011,11
243,1378676700,PABFD,VM_025,12
243,1378676700,PABFD,VM_003,13
243,1378676700,PABFD,VM_023,13
243,1378676700,PABFD,VM_001,11
243,1378676700,PABFD,VM_013,12
244,1378677000,Standard_HO,VM_001,17
244,1378677000,Standard_HO,VM_003,17
244,1378677000,Standard_HO,VM_011,13
244,1378677000,Standard_HO,VM_012,17
244,1378677000,Standard_HO,VM_013,13
244,1378677000,Standard_HO,VM_023,17
244,1378677000,Standard_HO,VM_025,17
244,1378677000,WA-AHO,VM_001,17
244,1378677000,WA-AHO,VM_003,17
244,1378677000,WA-AHO,VM_011,14
244,1378677000,WA-AHO,VM_012,17
244,1378677000,WA-AHO,VM_013,14
244,1378677000,WA-AHO,VM_023,17
244,1378677000,WA-AHO,VM_025,17
244,1378677000,PABFD,VM_012,10
244,1378677000,PABFD,VM_011,11
244,1378677000,PABFD,VM_025,12
244,1378677000,PABFD,VM_003,13
244,1378677000,PABFD,VM_023,13
244,1378677000,PABFD,VM_001,11
244,1378677000,PABFD,VM_013,12
245,1378677300,Standard_HO,VM_001,19
245,1378677300,Standard_HO,VM_003,19
245,1378677300,Standard_HO,VM_011,10
245,1378677300,Standard_HO,VM_012,19
245,1378677300,Standard_HO,VM_013,10
245,1378677300,Standard_HO,VM_023,19
245,1378677300,Standard_HO,VM_025,19
245,1378677300,WA-AHO,VM_001,19
245,1378677300,WA-AHO,VM_003,19
245,1378677300,WA-AHO,VM_011,10
245,1378677300,WA-AHO,VM_012,19
245,1378677300,WA-AHO,VM_013,10
245,1378677300,WA-AHO,VM_023,19
245,1378677300,WA-AHO,VM_025,19
245,1378677300,PABFD,VM_012,10
245,1378677300,PABFD,VM_011,11
245,1378677300,PABFD,VM_025,12
245,1378677300,PABFD,VM_003,13
245,1378677300,PABFD,VM_023,13
245,1378677300,PABFD,VM_001,11
245,1378677300,PABFD,VM_013,12
246,1378677600,Standard_HO,VM_001,19
246,1378677600,Standard_HO,VM_003,19
246,1378677600,Standard_HO,VM_011,10
246,1378677600,Standard_HO,VM_012,19
246,1378677600,Standard_HO,VM_013,10
246,1378677600,Standard_HO,VM_023,19
246,1378677600,Standard_HO,VM_025,19
246,1378677600,WA-AHO,VM_001,18
246,1378677600,WA-AHO,VM_003,18
246,1378677600,WA-AHO,VM_011,15
246,1378677600,WA-AHO,VM_012,18
246,1378677600,WA-AHO,VM_013,15
246,1378677600,WA-AHO,VM_023,18
246,1378677600,WA-AHO,VM_025,18
246,1378677600,PABFD,VM_012,10
246,1378677600,PABFD,VM_011,11
246,1378677600,PABFD,VM_025,12
246,1378677600,PABFD,VM_003,13
246,1378677600,PABFD,VM_023,13
246,1378677600,PABFD,VM_001,11
246,1378677600,PABFD,VM_013,12
247,1378677900,Standard_HO,VM_001,18
247,1378677900,Standard_HO,VM_003,18
247,1378677900,Standard_HO,VM_011,12
247,1378677900,Standard_HO,VM_012,18
247,1378677900,Standard_HO,VM_013,12
247,1378677900,Standard_HO,VM_023,18
247,1378677900,Standard_HO,VM_025,18
247,1378677900,WA-AHO,VM_001,19
247,1378677900,WA-AHO,VM_003,19
247,1378677900,WA-AHO,VM_011,15
247,1378677900,WA-AHO,VM_012,19
247,1378677900,WA-AHO,VM_013,15
247,1378677900,WA-AHO,VM_023,19
247,1378677900,WA-AHO,VM_025,19
247,1378677900,PABFD,VM_012,10
247,1378677900,PABFD,VM_011,11
247,1378677900,PABFD,VM_025,12
247,1378677900,PABFD,VM_003,13
247,1378677900,PABFD,VM_023,13
247,1378677900,PABFD,VM_001,11
247,1378677900,PABFD,VM_013,12
248,1378678200,Standard_HO,VM_001,19
248,1378678200,Standard_HO,VM_003,19
248,1378678200,Standard_HO,VM_011,14
248,1378678200,Standard_HO,VM_012,19
248,1378678200,Standard_HO,VM_013,14
248,1378678200,Standard_HO,VM_023,19
248,1378678200,Standard_HO,VM_025,19
248,1378678200,WA-AHO,VM_001,18
248,1378678200,WA-AHO,VM_003,18
248,1378678200,WA-AHO,VM_011,13
248,1378678200,WA-AHO,VM_012,18
248,1378678200,WA-AHO,VM_013,13
248,1378678200,WA-AHO,VM_023,18
248,1378678200,WA-AHO,VM_025,18
248,1378678200,PABFD,VM_012,10
248,1378678200,PABFD,VM_011,11
248,1378678200,PABFD,VM_025,12
248,1378678200,PABFD,VM_003,13
248,1378678200,PABFD,VM_023,13
248,1378678200,PABFD,VM_001,11
248,1378678200,PABFD,VM_013,12
249,1378678500,Standard_HO,VM_001,19
249,1378678500,Standard_HO,VM_003,19
249,1378678500,Standard_HO,VM_011,15
249,1378678500,Standard_HO,VM_012,19
249,1378678500,Standard_HO,VM_013,15
249,1378678500,Standard_HO,VM_023,19
249,1378678500,Standard_HO,VM_025,19
249,1378678500,WA-AHO,VM_001,19
249,1378678500,WA-AHO,VM_003,19
249,1378678500,WA-AHO,VM_011,15
249,1378678500,WA-AHO,VM_012,19
249,1378678500,WA-AHO,VM_013,15
249,1378678500,WA-AHO,VM_023,19
249,1378678500,WA-AHO,VM_025,19
249,1378678500,PABFD,VM_012,10
249,1378678500,PABFD,VM_011,11
249,1378678500,PABFD,VM_025,12
249,1378678500,PABFD,VM_003,13
249,1378678500,PABFD,VM_023,13
249,1378678500,PABFD,VM_001,11
249,1378678500,PABFD,VM_013,12
250,1378678800,Standard_HO,VM_001,17
250,1378678800,Standard_HO,VM_003,17
250,1378678800,Standard_HO,VM_011,12
250,1378678800,Standard_HO,VM_012,17
250,1378678800,Standard_HO,VM_013,12
250,1378678800,Standard_HO,VM_023,17
250,1378678800,Standard_HO,VM_025,17
250,1378678800,WA-AHO,VM_001,18
250,1378678800,WA-AHO,VM_003,18
250,1378678800,WA-AHO,VM_011,11
250,1378678800,WA-AHO,VM_012,18
250,1378678800,WA-AHO,VM_013,11
250,1378678800,WA-AHO,VM_023,18
250,1378678800,WA-AHO,VM_025,18
250,1378678800,PABFD,VM_012,10
250,1378678800,PABFD,VM_011,11
250,1378678800,PABFD,VM_025,12
250,1378678800,PABFD,VM_003,13
250,1378678800,PABFD,VM_023,13
250,1378678800,PABFD,VM_001,11
250,1378678800,PABFD,VM_013,12
251,1378679100,Standard_HO,VM_001,19
251,1378679100,Standard_HO,VM_003,19
251,1378679100,Standard_HO,VM_011,10
251,1378679100,Standard_HO,VM_012,19
251,1378679100,Standard_HO,VM_013,10
251,1378679100,Standard_HO,VM_023,19
251,1378679100,Standard_HO,VM_025,19
251,1378679100,WA-AHO,VM_001,19
251,1378679100,WA-AHO,VM_003,19
251,1378679100,WA-AHO,VM_011,19
251,1378679100,WA-AHO,VM_012,19
251,1378679100,WA-AHO,VM_013,14
251,1378679100,WA-AHO,VM_023,19
251,1378679100,WA-AHO,VM_025,14
251,1378679100,PABFD,VM_012,10
251,1378679100,PABFD,VM_011,11
251,1378679100,PABFD,VM_025,12
251,1378679100,PABFD,VM_003,13
251,1378679100,PABFD,VM_023,13
251,1378679100,PABFD,VM_001,11
251,1378679100,PABFD,VM_013,12
252,1378679400,Standard_HO,VM_001,17
252,1378679400,Standard_HO,VM_003,17
252,1378679400,Standard_HO,VM_011,17
252,1378679400,Standard_HO,VM_012,17
252,1378679400,Standard_HO,VM_013,12
252,1378679400,Standard_HO,VM_023,17
252,1378679400,Standard_HO,VM_025,12
252,1378679400,WA-AHO,VM_001,17
252,1378679400,WA-AHO,VM_003,17
252,1378679400,WA-AHO,VM_011,17
252,1378679400,WA-AHO,VM_012,17
252,1378679400,WA-AHO,VM_013,13
252,1378679400,WA-AHO,VM_023,17
252,1378679400,WA-AHO,VM_025,13
252,1378679400,PABFD,VM_012,10
252,1378679400,PABFD,VM_011,11
252,1378679400,PABFD,VM_025,12
252,1378679400,PABFD,VM_003,13
252,1378679400,PABFD,VM_023,13
252,1378679400,PABFD,VM_001,11
252,1378679400,PABFD,VM_013,12
253,1378679700,Standard_HO,VM_001,19
253,1378679700,Standard_HO,VM_003,19
253,1378679700,Standard_HO,VM_011,15
253,1378679700,Standard_HO,VM_012,19
253,1378679700,Standard_HO,VM_013,15
253,1378679700,Standard_HO,VM_023,19
253,1378679700,Standard_HO,VM_025,19
253,1378679700,WA-AHO,VM_001,16
253,1378679700,WA-AHO,VM_003,16
253,1378679700,WA-AHO,VM_011,12
253,1378679700,WA-AHO,VM_012,16
253,1378679700,WA-AHO,VM_013,12
253,1378679700,WA-AHO,VM_023,16
253,1378679700,WA-AHO,VM_025,16
253,1378679700,PABFD,VM_012,10
253,1378679700,PABFD,VM_011,11
253,1378679700,PABFD,VM_025,12
253,1378679700,PABFD,VM_003,13
253,1378679700,PABFD,VM_023,13
253,1378679700,PABFD,VM_001,11
253,1378679700,PABFD,VM_013,12
254,1378680000,Standard_HO,VM_001,12
254,1378680000,Standard_HO,VM_003,18
254,1378680000,Standard_HO,VM_011,18
254,1378680000,Standard_HO,VM_012,18
254,1378680000,Standard_HO,VM_013,18
254,1378680000,Standard_HO,VM_023,18
254,1378680000,Standard_HO,VM_025,12
254,1378680000,WA-AHO,VM_001,19
254,1378680000,WA-AHO,VM_003,19
254,1378680000,WA-AHO,VM_011,19
254,1378680000,WA-AHO,VM_012,19
254,1378680000,WA-AHO,VM_013,11
254,1378680000,WA-AHO,VM_023,19
254,1378680000,WA-AHO,VM_025,11
254,1378680000,PABFD,VM_012,10
254,1378680000,PABFD,VM_011,11
254,1378680000,PABFD,VM_025,12
254,1378680000,PABFD,VM_003,13
254,1378680000,PABFD,VM_023,13
254,1378680000,PABFD,VM_001,11
254,1378680000,PABFD,VM_013,12
255,1378680300,Standard_HO,VM_001,16
255,1378680300,Standard_HO,VM_003,16
255,1378680300,Standard_HO,VM_011,15
255,1378680300,Standard_HO,VM_012,16
255,1378680300,Standard_HO,VM_013,15
255,1378680300,Standard_HO,VM_023,16
255,1378680300,Standard_HO,VM_025,16
255,1378680300,WA-AHO,VM_001,16
255,1378680300,WA-AHO,VM_003,16
255,1378680300,WA-AHO,VM_011,12
255,1378680300,WA-AHO,VM_012,16
255,1378680300,WA-AHO,VM_013,12
255,1378680300,WA-AHO,VM_023,16
255,1378680300,WA-AHO,VM_025,16
255,1378680300,PABFD,VM_012,10
255,1378680300,PABFD,VM_011,11
255,1378680300,PABFD,VM_025,12
255,1378680300,PABFD,VM_003,13
255,1378680300,PABFD,VM_023,13
255,1378680300,PABFD,VM_001,11
255,1378680300,PABFD,VM_013,12
256,1378680600,Standard_HO,VM_001,12
256,1378680600,Standard_HO,VM_003,19
256,1378680600,Standard_HO,VM_011,19
256,1378680600,Standard_HO,VM_012,19
256,1378680600,Standard_HO,VM_013,12
256,1378680600,Standard_HO,VM_023,12
256,1378680600,Standard_HO,VM_025,19
256,1378680600,WA-AHO,VM_001,19
256,1378680600,WA-AHO,VM_003,19
256,1378680600,WA-AHO,VM_011,11
256,1378680600,WA-AHO,VM_012,19
256,1378680600,WA-AHO,VM_013,11
256,1378680600,WA-AHO,VM_023,19
256,1378680600,WA-AHO,VM_025,19
256,1378680600,PABFD,VM_012,10
256,1378680600,PABFD,VM_011,11
256,1378680600,PABFD,VM_025,12
256,1378680600,PABFD,VM_003,13
256,1378680600,PABFD,VM_023,13
256,1378680600,PABFD,VM_001,11
256,1378680600,PABFD,VM_013,12
257,1378680900,Standard_HO,VM_001,14
257,1378680900,Standard_HO,VM_003,17
257,1378680900,Standard_HO,VM_011,17
257,1378680900,Standard_HO,VM_012,17
257,1378680900,Standard_HO,VM_013,14
257,1378680900,Standard_HO,VM_023,14
257,1378680900,Standard_HO,VM_025,17
257,1378680900,WA-AHO,VM_001,13
257,1378680900,WA-AHO,VM_003,18
257,1378680900,WA-AHO,VM_011,18
257,1378680900,WA-AHO,VM_012,18
257,1378680900,WA-AHO,VM_013,18
257,1378680900,WA-AHO,VM_023,18
257,1378680900,WA-AHO,VM_025,13
257,1378680900,PABFD,VM_012,10
257,1378680900,PABFD,VM_011,11
257,1378680900,PABFD,VM_025,12
257,1378680900,PABFD,VM_003,13
257,1378680900,PABFD,VM_023,13
257,1378680900,PABFD,VM_001,11
257,1378680900,PABFD,VM_013,12
258,1378681200,Standard_HO,VM_001,10
258,1378681200,Standard_HO,VM_003,10
258,1378681200,Standard_HO,VM_011,18
258,1378681200,Standard_HO,VM_012,18
258,1378681200,Standard_HO,VM_013,10
258,1378681200,Standard_HO,VM_023,18
258,1378681200,Standard_HO,VM_025,18
258,1378681200,WA-AHO,VM_001,12
258,1378681200,WA-AHO,VM_003,18
258,1378681200,WA-AHO,VM_011,18
258,1378681200,WA-AHO,VM_012,18
258,1378681200,WA-AHO,VM_013,12
258,1378681200,WA-AHO,VM_023,12
258,1378681200,WA-AHO,VM_025,18
258,1378681200,PABFD,VM_012,10
258,1378681200,PABFD,VM_011,11
258,1378681200,PABFD,VM_025,12
258,1378681200,PABFD,VM_003,13
258,1378681200,PABFD,VM_023,13
258,1378681200,PABFD,VM_001,11
258,1378681200,PABFD,VM_013,12
259,1378681500,Standard_HO,VM_001,12
259,1378681500,Standard_HO,VM_003,18
259,1378681500,Standard_HO,VM_011,18
259,1378681500,Standard_HO,VM_012,18
259,1378681500,Standard_HO,VM_013,18
259,1378681500,Standard_HO,VM_023,18
259,1378681500,Standard_HO,VM_025,12
259,1378681500,WA-AHO,VM_001,15
259,1378681500,WA-AHO,VM_003,15
259,1378681500,WA-AHO,VM_011,17
259,1378681500,WA-AHO,VM_012,17
259,1378681500,WA-AHO,VM_013,15
259,1378681500,WA-AHO,VM_023,17
259,1378681500,WA-AHO,VM_025,17
259,1378681500,PABFD,VM_012,10
259,1378681500,PABFD,VM_011,11
259,1378681500,PABFD,VM_025,12
259,1378681500,PABFD,VM_003,13
259,1378681500,PABFD,VM_023,13
259,1378681500,PABFD,VM_001,11
259,1378681500,PABFD,VM_013,12
260,1378681800,Standard_HO,VM_001,10
260,1378681800,Standard_HO,VM_003,19
260,1378681800,Standard_HO,VM_011,19
260,1378681800,Standard_HO,VM_012,19
260,1378681800,Standard_HO,VM_013,10
260,1378681800,Standard_HO,VM_023,10
260,1378681800,Standard_HO,VM_025,19
260,1378681800,WA-AHO,VM_001,10
260,1378681800,WA-AHO,VM_003,18
260,1378681800,WA-AHO,VM_011,18
260,1378681800,WA-AHO,VM_012,18
260,1378681800,WA-AHO,VM_013,18
260,1378681800,WA-AHO,VM_023,18
260,1378681800,WA-AHO,VM_025,10
260,1378681800,PABFD,VM_012,10
260,1378681800,PABFD,VM_011,11
260,1378681800,PABFD,VM_025,12
260,1378681800,PABFD,VM_003,13
260,1378681800,PABFD,VM_023,13
260,1378681800,PABFD,VM_001,11
260,1378681800,PABFD,VM_013,12
261,1378682100,Standard_HO,VM_001,14
261,1378682100,Standard_HO,VM_003,14
261,1378682100,Standard_HO,VM_011,17
261,1378682100,Standard_HO,VM_012,17
261,1378682100,Standard_HO,VM_013,14
261,1378682100,Standard_HO,VM_023,17
261,1378682100,Standard_HO,VM_025,17
261,1378682100,WA-AHO,VM_001,13
261,1378682100,WA-AHO,VM_003,18
261,1378682100,WA-AHO,VM_011,18
261,1378682100,WA-AHO,VM_012,18
261,1378682100,WA-AHO,VM_013,18
261,1378682100,WA-AHO,VM_023,18
261,1378682100,WA-AHO,VM_025,13
261,1378682100,PABFD,VM_012,10
261,1378682100,PABFD,VM_011,11
261,1378682100,PABFD,VM_025,12
261,1378682100,PABFD,VM_003,13
261,1378682100,PABFD,VM_023,13
261,1378682100,PABFD,VM_001,11
261,1378682100,PABFD,VM_013,12
262,1378682400,Standard_HO,VM_001,13
262,1378682400,Standard_HO,VM_003,16
262,1378682400,Standard_HO,VM_011,16
262,1378682400,Standard_HO,VM_012,16
262,1378682400,Standard_HO,VM_013,13
262,1378682400,Standard_HO,VM_023,13
262,1378682400,Standard_HO,VM_025,16
262,1378682400,WA-AHO,VM_001,11
262,1378682400,WA-AHO,VM_003,16
262,1378682400,WA-AHO,VM_011,16
262,1378682400,WA-AHO,VM_012,16
262,1378682400,WA-AHO,VM_013,11
262,1378682400,WA-AHO,VM_023,11
262,1378682400,WA-AHO,VM_025,16
262,1378682400,PABFD,VM_012,10
262,1378682400,PABFD,VM_011,11
262,1378682400,PABFD,VM_025,12
262,1378682400,PABFD,VM_003,13
262,1378682400,PABFD,VM_023,13
262,1378682400,PABFD,VM_001,11
262,1378682400,PABFD,VM_013,12
263,1378682700,Standard_HO,VM_001,13
263,1378682700,Standard_HO,VM_003,19
263,1378682700,Standard_HO,VM_011,13
263,1378682700,Standard_HO,VM_012,19
263,1378682700,Standard_HO,VM_013,19
263,1378682700,Standard_HO,VM_023,19
263,1378682700,Standard_HO,VM_025,19
263,1378682700,WA-AHO,VM_001,14
263,1378682700,WA-AHO,VM_003,19
263,1378682700,WA-AHO,VM_011,19
263,1378682700,WA-AHO,VM_012,19
263,1378682700,WA-AHO,VM_013,14
263,1378682700,WA-AHO,VM_023,14
263,1378682700,WA-AHO,VM_025,19
263,1378682700,PABFD,VM_012,10
263,1378682700,PABFD,VM_011,11
263,1378682700,PABFD,VM_025,12
263,1378682700,PABFD,VM_003,13
263,1378682700,PABFD,VM_023,13
263,1378682700,PABFD,VM_001,11
263,1378682700,PABFD,VM_013,12
264,1378683000,Standard_HO,VM_001,10
264,1378683000,Standard_HO,VM_003,19
264,1378683000,Standard_HO,VM_011,10
264,1378683000,Standard_HO,VM_012,19
264,1378683000,Standard_HO,VM_013,19
264,1378683000,Standard_HO,VM_023,19
264,1378683000,Standard_HO,VM_025,19
264,1378683000,WA-AHO,VM_001,10
264,1378683000,WA-AHO,VM_003,19
264,1378683000,WA-AHO,VM_011,19
264,1378683000,WA-AHO,VM_012,19
264,1378683000,WA-AHO,VM_013,10
264,1378683000,WA-AHO,VM_023,10
264,1378683000,WA-AHO,VM_025,19
264,1378683000,PABFD,VM_012,10
264,1378683000,PABFD,VM_011,11
264,1378683000,PABFD,VM_025,12
264,1378683000,PABFD,VM_003,13
264,1378683000,PABFD,VM_023,13
264,1378683000,PABFD,VM_001,11
264,1378683000,PABFD,VM_013,12
265,1378683300,Standard_HO,VM_001,14
265,1378683300,Standard_HO,VM_003,16
265,1378683300,Standard_HO,VM_011,14
265,1378683300,Standard_HO,VM_012,16
265,1378683300,Standard_HO,VM_013,16
265,1378683300,Standard_HO,VM_023,16
265,1378683300,Standard_HO,VM_025,16
265,1378683300,WA-AHO,VM_001,15
265,1378683300,WA-AHO,VM_003,19
265,1378683300,WA-AHO,VM_011,19
265,1378683300,WA-AHO,VM_012,19
265,1378683300,WA-AHO,VM_013,15
265,1378683300,WA-AHO,VM_023,15
265,1378683300,WA-AHO,VM_025,19
265,1378683300,PABFD,VM_012,10
265,1378683300,PABFD,VM_011,11
265,1378683300,PABFD,VM_025,12
265,1378683300,PABFD,VM_003,13
265,1378683300,PABFD,VM_023,13
265,1378683300,PABFD,VM_001,11
265,1378683300,PABFD,VM_013,12
266,1378683600,Standard_HO,VM_001,10
266,1378683600,Standard_HO,VM_003,16
266,1378683600,Standard_HO,VM_011,16
266,1378683600,Standard_HO,VM_012,16
266,1378683600,Standard_HO,VM_013,10
266,1378683600,Standard_HO,VM_023,10
266,1378683600,Standard_HO,VM_025,16
266,1378683600,WA-AHO,VM_001,11
266,1378683600,WA-AHO,VM_003,19
266,1378683600,WA-AHO,VM_011,11
266,1378683600,WA-AHO,VM_012,19
266,1378683600,WA-AHO,VM_013,19
266,1378683600,WA-AHO,VM_023,19
266,1378683600,WA-AHO,VM_025,19
266,1378683600,PABFD,VM_012,10
266,1378683600,PABFD,VM_011,11
266,1378683600,PABFD,VM_025,12
266,1378683600,PABFD,VM_003,13
266,1378683600,PABFD,VM_023,13
266,1378683600,PABFD,VM_001,11
266,1378683600,PABFD,VM_013,12
267,1378683900,Standard_HO,VM_001,19
267,1378683900,Standard_HO,VM_003,19
267,1378683900,Standard_HO,VM_011,15
267,1378683900,Standard_HO,VM_012,19
267,1378683900,Standard_HO,VM_013,15
267,1378683900,Standard_HO,VM_023,19
267,1378683900,Standard_HO,VM_025,19
267,1378683900,WA-AHO,VM_001,10
267,1378683900,WA-AHO,VM_003,19
267,1378683900,WA-AHO,VM_011,10
267,1378683900,WA-AHO,VM_012,19
267,1378683900,WA-AHO,VM_013,19
267,1378683900,WA-AHO,VM_023,19
267,1378683900,WA-AHO,VM_025,19
267,1378683900,PABFD,VM_012,10
267,1378683900,PABFD,VM_011,11
267,1378683900,PABFD,VM_025,12
267,1378683900,PABFD,VM_003,13
267,1378683900,PABFD,VM_023,13
267,1378683900,PABFD,VM_001,11
267,1378683900,PABFD,VM_013,12
268,1378684200,Standard_HO,VM_001,18
268,1378684200,Standard_HO,VM_003,18
268,1378684200,Standard_HO,VM_011,12
268,1378684200,Standard_HO,VM_012,18
268,1378684200,Standard_HO,VM_013,12
268,1378684200,Standard_HO,VM_023,18
268,1378684200,Standard_HO,VM_025,18
268,1378684200,WA-AHO,VM_001,17
268,1378684200,WA-AHO,VM_003,17
268,1378684200,WA-AHO,VM_011,14
268,1378684200,WA-AHO,VM_012,17
268,1378684200,WA-AHO,VM_013,14
268,1378684200,WA-AHO,VM_023,17
268,1378684200,WA-AHO,VM_025,17
268,1378684200,PABFD,VM_012,10
268,1378684200,PABFD,VM_011,11
268,1378684200,PABFD,VM_025,12
268,1378684200,PABFD,VM_003,13
268,1378684200,PABFD,VM_023,13
268,1378684200,PABFD,VM_001,11
268,1378684200,PABFD,VM_013,12
269,1378684500,Standard_HO,VM_001,19
269,1378684500,Standard_HO,VM_003,19
269,1378684500,Standard_HO,VM_011,15
269,1378684500,Standard_HO,VM_012,19
269,1378684500,Standard_HO,VM_013,15
269,1378684500,Standard_HO,VM_023,19
269,1378684500,Standard_HO,VM_025,19
269,1378684500,WA-AHO,VM_001,18
269,1378684500,WA-AHO,VM_003,18
269,1378684500,WA-AHO,VM_011,14
269,1378684500,WA-AHO,VM_012,18
269,1378684500,WA-AHO,VM_013,14
269,1378684500,WA-AHO,VM_023,18
269,1378684500,WA-AHO,VM_025,18
269,1378684500,PABFD,VM_012,10
269,1378684500,PABFD,VM_011,11
269,1378684500,PABFD,VM_025,12
269,1378684500,PABFD,VM_003,13
269,1378684500,PABFD,VM_023,13
269,1378684500,PABFD,VM_001,11
269,1378684500,PABFD,VM_013,12
270,1378684800,Standard_HO,VM_001,16
270,1378684800,Standard_HO,VM_003,16
270,1378684800,Standard_HO,VM_011,15
270,1378684800,Standard_HO,VM_012,16
270,1378684800,Standard_HO,VM_013,15
270,1378684800,Standard_HO,VM_023,16
270,1378684800,Standard_HO,VM_025,16
270,1378684800,WA-AHO,VM_001,16
270,1378684800,WA-AHO,VM_003,16
270,1378684800,WA-AHO,VM_011,15
270,1378684800,WA-AHO,VM_012,16
270,1378684800,WA-AHO,VM_013,15
270,1378684800,WA-AHO,VM_023,16
270,1378684800,WA-AHO,VM_025,16
270,1378684800,PABFD,VM_012,10
270,1378684800,PABFD,VM_011,11
270,1378684800,PABFD,VM_025,12
270,1378684800,PABFD,VM_003,13
270,1378684800,PABFD,VM_023,13
270,1378684800,PABFD,VM_001,11
270,1378684800,PABFD,VM_013,12
271,1378685100,Standard_HO,VM_001,19
271,1378685100,Standard_HO,VM_003,19
271,1378685100,Standard_HO,VM_011,15
271,1378685100,Standard_HO,VM_012,19
271,1378685100,Standard_HO,VM_013,15
271,1378685100,Standard_HO,VM_023,19
271,1378685100,Standard_HO,VM_025,19
271,1378685100,WA-AHO,VM_001,19
271,1378685100,WA-AHO,VM_003,19
271,1378685100,WA-AHO,VM_011,12
271,1378685100,WA-AHO,VM_012,19
271,1378685100,WA-AHO,VM_013,12
271,1378685100,WA-AHO,VM_023,19
271,1378685100,WA-AHO,VM_025,19
271,1378685100,PABFD,VM_012,10
271,1378685100,PABFD,VM_011,11
271,1378685100,PABFD,VM_025,12
271,1378685100,PABFD,VM_003,13
271,1378685100,PABFD,VM_023,13
271,1378685100,PABFD,VM_001,11
271,1378685100,PABFD,VM_013,12
272,1378685400,Standard_HO,VM_001,19
272,1378685400,Standard_HO,VM_003,19
272,1378685400,Standard_HO,VM_011,15
272,1378685400,Standard_HO,VM_012,19
272,1378685400,Standard_HO,VM_013,15
272,1378685400,Standard_HO,VM_023,19
272,1378685400,Standard_HO,VM_025,19
272,1378685400,WA-AHO,VM_001,17
272,1378685400,WA-AHO,VM_003,17
272,1378685400,WA-AHO,VM_011,13
272,1378685400,WA-AHO,VM_012,17
272,1378685400,WA-AHO,VM_013,13
272,1378685400,WA-AHO,VM_023,17
272,1378685400,WA-AHO,VM_025,17
272,1378685400,PABFD,VM_012,10
272,1378685400,PABFD,VM_011,11
272,1378685400,PABFD,VM_025,12
272,1378685400,PABFD,VM_003,13
272,1378685400,PABFD,VM_023,13
272,1378685400,PABFD,VM_001,11
272,1378685400,PABFD,VM_013,12
273,1378685700,Standard_HO,VM_001,10
273,1378685700,Standard_HO,VM_003,16
273,1378685700,Standard_HO,VM_011,10
273,1378685700,Standard_HO,VM_012,16
273,1378685700,Standard_HO,VM_013,16
273,1378685700,Standard_HO,VM_023,16
273,1378685700,Standard_HO,VM_025,16
273,1378685700,WA-AHO,VM_001,19
273,1378685700,WA-AHO,VM_003,19
273,1378685700,WA-AHO,VM_011,14
273,1378685700,WA-AHO,VM_012,19
273,1378685700,WA-AHO,VM_013,14
273,1378685700,WA-AHO,VM_023,19
273,1378685700,WA-AHO,VM_025,19
273,1378685700,PABFD,VM_012,10
273,1378685700,PABFD,VM_011,11
273,1378685700,PABFD,VM_025,12
273,1378685700,PABFD,VM_003,13
273,1378685700,PABFD,VM_023,13
273,1378685700,PABFD,VM_001,11
273,1378685700,PABFD,VM_013,12
274,1378686000,Standard_HO,VM_001,13
274,1378686000,Standard_HO,VM_003,17
274,1378686000,Standard_HO,VM_011,13
274,1378686000,Standard_HO,VM_012,17
274,1378686000,Standard_HO,VM_013,17
274,1378686000,Standard_HO,VM_023,17
274,1378686000,Standard_HO,VM_025,17
274,1378686000,WA-AHO,VM_001,10
274,1378686000,WA-AHO,VM_003,19
274,1378686000,WA-AHO,VM_011,10
274,1378686000,WA-AHO,VM_012,19
274,1378686000,WA-AHO,VM_013,19
274,1378686000,WA-AHO,VM_023,19
274,1378686000,WA-AHO,VM_025,19
274,1378686000,PABFD,VM_012,10
274,1378686000,PABFD,VM_011,11
274,1378686000,PABFD,VM_025,12
274,1378686000,PABFD,VM_003,13
274,1378686000,PABFD,VM_023,13
274,1378686000,PABFD,VM_001,11
274,1378686000,PABFD,VM_013,12
275,1378686300,Standard_HO,VM_001,10
275,1378686300,Standard_HO,VM_003,17
275,1378686300,Standard_HO,VM_011,17
275,1378686300,Standard_HO,VM_012,17
275,1378686300,Standard_HO,VM_013,10
275,1378686300,Standard_HO,VM_023,10
275,1378686300,Standard_HO,VM_025,17
275,1378686300,WA-AHO,VM_001,11
275,1378686300,WA-AHO,VM_003,11
275,1378686300,WA-AHO,VM_011,18
275,1378686300,WA-AHO,VM_012,18
275,1378686300,WA-AHO,VM_013,11
275,1378686300,WA-AHO,VM_023,18
275,1378686300,WA-AHO,VM_025,18
275,1378686300,PABFD,VM_012,10
275,1378686300,PABFD,VM_011,11
275,1378686300,PABFD,VM_025,12
275,1378686300,PABFD,VM_003,13
275,1378686300,PABFD,VM_023,13
275,1378686300,PABFD,VM_001,11
275,1378686300,PABFD,VM_013,12
276,1378686600,Standard_HO,VM_001,12
276,1378686600,Standard_HO,VM_003,16
276,1378686600,Standard_HO,VM_011,16
276,1378686600,Standard_HO,VM_012,16
276,1378686600,Standard_HO,VM_013,12
276,1378686600,Standard_HO,VM_023,12
276,1378686600,Standard_HO,VM_025,16
276,1378686600,WA-AHO,VM_001,12
276,1378686600,WA-AHO,VM_003,18
276,1378686600,WA-AHO,VM_011,18
276,1378686600,WA-AHO,VM_012,18
276,1378686600,WA-AHO,VM_013,12
276,1378686600,WA-AHO,VM_023,12
276,1378686600,WA-AHO,VM_025,18
276,1378686600,PABFD,VM_012,10
276,1378686600,PABFD,VM_011,11
276,1378686600,PABFD,VM_025,12
276,1378686600,PABFD,VM_003,13
276,1378686600,PABFD,VM_023,13
276,1378686600,PABFD,VM_001,11
276,1378686600,PABFD,VM_013,12
277,1378686900,Standard_HO,VM_001,10
277,1378686900,Standard_HO,VM_003,19
277,1378686900,Standard_HO,VM_011,19
277,1378686900,Standard_HO,VM_012,19
277,1378686900,Standard_HO,VM_013,10
277,1378686900,Standard_HO,VM_023,10
277,1378686900,Standard_HO,VM_025,19
277,1378686900,WA-AHO,VM_001,12
277,1378686900,WA-AHO,VM_003,16
277,1378686900,WA-AHO,VM_011,16
277,1378686900,WA-AHO,VM_012,16
277,1378686900,WA-AHO,VM_013,12
277,1378686900,WA-AHO,VM_023,12
277,1378686900,WA-AHO,VM_025,16
277,1378686900,PABFD,VM_012,10
277,1378686900,PABFD,VM_011,11
277,1378686900,PABFD,VM_025,12
277,1378686900,PABFD,VM_003,13
277,1378686900,PABFD,VM_023,13
277,1378686900,PABFD,VM_001,11
277,1378686900,PABFD,VM_013,12
278,1378687200,Standard_HO,VM_001,11
278,1378687200,Standard_HO,VM_003,11
278,1378687200,Standard_HO,VM_011,19
278,1378687200,Standard_HO,VM_012,19
278,1378687200,Standard_HO,VM_013,11
278,1378687200,Standard_HO,VM_023,19
278,1378687200,Standard_HO,VM_025,19
278,1378687200,WA-AHO,VM_001,13
278,1378687200,WA-AHO,VM_003,13
278,1378687200,WA-AHO,VM_011,16
278,1378687200,WA-AHO,VM_012,16
278,1378687200,WA-AHO,VM_013,13
278,1378687200,WA-AHO,VM_023,16
278,1378687200,WA-AHO,VM_025,16
278,1378687200,PABFD,VM_012,10
278,1378687200,PABFD,VM_011,11
278,1378687200,PABFD,VM_025,12
278,1378687200,PABFD,VM_003,13
278,1378687200,PABFD,VM_023,13
278,1378687200,PABFD,VM_001,11
278,1378687200,PABFD,VM_013,12
279,1378687500,Standard_HO,VM_001,13
279,1378687500,Standard_HO,VM_003,13
279,1378687500,Standard_HO,VM_011,19
279,1378687500,Standard_HO,VM_012,19
279,1378687500,Standard_HO,VM_013,13
279,1378687500,Standard_HO,VM_023,19
279,1378687500,Standard_HO,VM_025,19
279,1378687500,WA-AHO,VM_001,12
279,1378687500,WA-AHO,VM_003,12
279,1378687500,WA-AHO,VM_011,16
279,1378687500,WA-AHO,VM_012,16
279,1378687500,WA-AHO,VM_013,12
279,1378687500,WA-AHO,VM_023,16
279,1378687500,WA-AHO,VM_025,16
279,1378687500,PABFD,VM_012,10
279,1378687500,PABFD,VM_011,11
279,1378687500,PABFD,VM_025,12
279,1378687500,PABFD,VM_003,13
279,1378687500,PABFD,VM_023,13
279,1378687500,PABFD,VM_001,11
279,1378687500,PABFD,VM_013,12
280,1378687800,Standard_HO,VM_001,19
280,1378687800,Standard_HO,VM_003,19
280,1378687800,Standard_HO,VM_011,15
280,1378687800,Standard_HO,VM_012,19
280,1378687800,Standard_HO,VM_013,15
280,1378687800,Standard_HO,VM_023,19
280,1378687800,Standard_HO,VM_025,19
280,1378687800,WA-AHO,VM_001,19
280,1378687800,WA-AHO,VM_003,19
280,1378687800,WA-AHO,VM_011,12
280,1378687800,WA-AHO,VM_012,19
280,1378687800,WA-AHO,VM_013,12
280,1378687800,WA-AHO,VM_023,19
280,1378687800,WA-AHO,VM_025,19
280,1378687800,PABFD,VM_012,10
280,1378687800,PABFD,VM_011,11
280,1378687800,PABFD,VM_025,12
280,1378687800,PABFD,VM_003,13
280,1378687800,PABFD,VM_023,13
280,1378687800,PABFD,VM_001,11
280,1378687800,PABFD,VM_013,12
281,1378688100,Standard_HO,VM_001,12
281,1378688100,Standard_HO,VM_003,19
281,1378688100,Standard_HO,VM_011,19
281,1378688100,Standard_HO,VM_012,19
281,1378688100,Standard_HO,VM_013,19
281,1378688100,Standard_HO,VM_023,19
281,1378688100,Standard_HO,VM_025,12
281,1378688100,WA-AHO,VM_001,15
281,1378688100,WA-AHO,VM_003,17
281,1378688100,WA-AHO,VM_011,17
281,1378688100,WA-AHO,VM_012,17
281,1378688100,WA-AHO,VM_013,17
281,1378688100,WA-AHO,VM_023,17
281,1378688100,WA-AHO,VM_025,15
281,1378688100,PABFD,VM_012,10
281,1378688100,PABFD,VM_011,11
281,1378688100,PABFD,VM_025,12
281,1378688100,PABFD,VM_003,13
281,1378688100,PABFD,VM_023,13
281,1378688100,PABFD,VM_001,11
281,1378688100,PABFD,VM_013,12
282,1378688400,Standard_HO,VM_001,11
282,1378688400,Standard_HO,VM_003,19
282,1378688400,Standard_HO,VM_011,19
282,1378688400,Standard_HO,VM_012,19
282,1378688400,Standard_HO,VM_013,11
282,1378688400,Standard_HO,VM_023,11
282,1378688400,Standard_HO,VM_025,19
282,1378688400,WA-AHO,VM_001,10
282,1378688400,WA-AHO,VM_003,18
282,1378688400,WA-AHO,VM_011,18
282,1378688400,WA-AHO,VM_012,18
282,1378688400,WA-AHO,VM_013,10
282,1378688400,WA-AHO,VM_023,10
282,1378688400,WA-AHO,VM_025,18
282,1378688400,PABFD,VM_012,10
282,1378688400,PABFD,VM_011,11
282,1378688400,PABFD,VM_025,12
282,1378688400,PABFD,VM_003,13
282,1378688400,PABFD,VM_023,13
282,1378688400,PABFD,VM_001,11
282,1378688400,PABFD,VM_013,12
283,1378688700,Standard_HO,VM_001,15
283,1378688700,Standard_HO,VM_003,17
283,1378688700,Standard_HO,VM_011,17
283,1378688700,Standard_HO,VM_012,17
283,1378688700,Standard_HO,VM_013,15
283,1378688700,Standard_HO,VM_023,15
283,1378688700,Standard_HO,VM_025,17
283,1378688700,WA-AHO,VM_001,11
283,1378688700,WA-AHO,VM_003,19
283,1378688700,WA-AHO,VM_011,19
283,1378688700,WA-AHO,VM_012,19
283,1378688700,WA-AHO,VM_013,19
283,1378688700,WA-AHO,VM_023,19
283,1378688700,WA-AHO,VM_025,11
283,1378688700,PABFD,VM_012,10
283,1378688700,PABFD,VM_011,11
283,1378688700,PABFD,VM_025,12
283,1378688700,PABFD,VM_003,13
283,1378688700,PABFD,VM_023,13
283,1378688700,PABFD,VM_001,11
283,1378688700,PABFD,VM_013,12
284,1378689000,Standard_HO,VM_001,14
284,1378689000,Standard_HO,VM_003,19
284,1378689000,Standard_HO,VM_011,19
284,1378689000,Standard_HO,VM_012,19
284,1378689000,Standard_HO,VM_013,14
284,1378689000,Standard_HO,VM_023,14
284,1378689000,Standard_HO,VM_025,19
284,1378689000,WA-AHO,VM_001,11
284,1378689000,WA-AHO,VM_003,19
284,1378689000,WA-AHO,VM_011,19
284,1378689000,WA-AHO,VM_012,19
284,1378689000,WA-AHO,VM_013,11
284,1378689000,WA-AHO,VM_023,11
284,1378689000,WA-AHO,VM_025,19
284,1378689000,PABFD,VM_012,10
284,1378689000,PABFD,VM_011,11
284,1378689000,PABFD,VM_025,12
284,1378689000,PABFD,VM_003,13
284,1378689000,PABFD,VM_023,13
284,1378689000,PABFD,VM_001,11
284,1378689000,PABFD,VM_013,12
285,1378689300,Standard_HO,VM_001,13
285,1378689300,Standard_HO,VM_003,17
285,1378689300,Standard_HO,VM_011,17
285,1378689300,Standard_HO,VM_012,17
285,1378689300,Standard_HO,VM_013,13
285,1378689300,Standard_HO,VM_023,13
285,1378689300,Standard_HO,VM_025,17
285,1378689300,WA-AHO,VM_001,12
285,1378689300,WA-AHO,VM_003,16
285,1378689300,WA-AHO,VM_011,16
285,1378689300,WA-AHO,VM_012,16
285,1378689300,WA-AHO,VM_013,12
285,1378689300,WA-AHO,VM_023,12
285,1378689300,WA-AHO,VM_025,16
285,1378689300,PABFD,VM_012,10
285,1378689300,PABFD,VM_011,11
285,1378689300,PABFD,VM_025,12
285,1378689300,PABFD,VM_003,13
285,1378689300,PABFD,VM_023,13
285,1378689300,PABFD,VM_001,11
285,1378689300,PABFD,VM_013,12
286,1378689600,Standard_HO,VM_001,15
286,1378689600,Standard_HO,VM_003,18
286,1378689600,Standard_HO,VM_011,18
286,1378689600,Standard_HO,VM_012,18
286,1378689600,Standard_HO,VM_013,18
286,1378689600,Standard_HO,VM_023,18
286,1378689600,Standard_HO,VM_025,15
286,1378689600,WA-AHO,VM_001,13
286,1378689600,WA-AHO,VM_003,17
286,1378689600,WA-AHO,VM_011,17
286,1378689600,WA-AHO,VM_012,17
286,1378689600,WA-AHO,VM_013,17
286,1378689600,WA-AHO,VM_023,17
286,1378689600,WA-AHO,VM_025,13
286,1378689600,PABFD,VM_012,10
286,1378689600,PABFD,VM_011,11
286,1378689600,PABFD,VM_025,12
286,1378689600,PABFD,VM_003,13
286,1378689600,PABFD,VM_023,13
286,1378689600,PABFD,VM_001,11
286,1378689600,PABFD,VM_013,12
287,1378689900,Standard_HO,VM_001,10
287,1378689900,Standard_HO,VM_003,16
287,1378689900,Standard_HO,VM_011,16
287,1378689900,Standard_HO,VM_012,16
287,1378689900,Standard_HO,VM_013,10
287,1378689900,Standard_HO,VM_023,10
287,1378689900,Standard_HO,VM_025,16
287,1378689900,WA-AHO,VM_001,13
287,1378689900,WA-AHO,VM_003,18
287,1378689900,WA-AHO,VM_011,18
287,1378689900,WA-AHO,VM_012,18
287,1378689900,WA-AHO,VM_013,13
287,1378689900,WA-AHO,VM_023,13
287,1378689900,WA-AHO,VM_025,18
287,1378689900,PABFD,VM_012,10
287,1378689900,PABFD,VM_011,11
287,1378689900,PABFD,VM_025,12
287,1378689900,PABFD,VM_003,13
287,1378689900,PABFD,VM_023,13
287,1378689900,PABFD,VM_001,11
287,1378689900,PABFD,VM_013,12
288,1378690200,Standard_HO,VM_001,14
288,1378690200,Standard_HO,VM_003,19
288,1378690200,Standard_HO,VM_011,19
288,1378690200,Standard_HO,VM_012,19
288,1378690200,Standard_HO,VM_013,14
288,1378690200,Standard_HO,VM_023,14
288,1378690200,Standard_HO,VM_025,19
288,1378690200,WA-AHO,VM_001,11
288,1378690200,WA-AHO,VM_003,19
288,1378690200,WA-AHO,VM_011,19
288,1378690200,WA-AHO,VM_012,19
288,1378690200,WA-AHO,VM_013,11
288,1378690200,WA-AHO,VM_023,11
288,1378690200,WA-AHO,VM_025,19
288,1378690200,PABFD,VM_012,10
288,1378690200,PABFD,VM_011,11
288,1378690200,PABFD,VM_025,12
288,1378690200,PABFD,VM_003,13
288,1378690200,PABFD,VM_023,13
288,1378690200,PABFD,VM_001,11
288,1378690200,PABFD,VM_013,12
289,1378690500,Standard_HO,VM_001,11
289,1378690500,Standard_HO,VM_003,19
289,1378690500,Standard_HO,VM_011,19
289,1378690500,Standard_HO,VM_012,19
289,1378690500,Standard_HO,VM_013,11
289,1378690500,Standard_HO,VM_023,11
289,1378690500,Standard_HO,VM_025,19
289,1378690500,WA-AHO,VM_001,11
289,1378690500,WA-AHO,VM_003,19
289,1378690500,WA-AHO,VM_011,19
289,1378690500,WA-AHO,VM_012,19
289,1378690500,WA-AHO,VM_013,19
289,1378690500,WA-AHO,VM_023,19
289,1378690500,WA-AHO,VM_025,11
289,1378690500,PABFD,VM_012,10
289,1378690500,PABFD,VM_011,11
289,1378690500,PABFD,VM_025,12
289,1378690500,PABFD,VM_003,13
289,1378690500,PABFD,VM_023,13
289,1378690500,PABFD,VM_001,11
289,1378690500,PABFD,VM_013,12
290,1378690800,Standard_HO,VM_001,10
290,1378690800,Standard_HO,VM_003,17
290,1378690800,Standard_HO,VM_011,17
290,1378690800,Standard_HO,VM_012,17
290,1378690800,Standard_HO,VM_013,17
290,1378690800,Standard_HO,VM_023,17
290,1378690800,Standard_HO,VM_025,10
290,1378690800,WA-AHO,VM_001,19
290,1378690800,WA-AHO,VM_003,10
290,1378690800,WA-AHO,VM_011,19
290,1378690800,WA-AHO,VM_012,19
290,1378690800,WA-AHO,VM_013,19
290,1378690800,WA-AHO,VM_023,10
290,1378690800,WA-AHO,VM_025,19
290,1378690800,PABFD,VM_012,10
290,1378690800,PABFD,VM_011,11
290,1378690800,PABFD,VM_025,12
290,1378690800,PABFD,VM_003,13
290,1378690800,PABFD,VM_023,13
290,1378690800,PABFD,VM_001,11
290,1378690800,PABFD,VM_013,12
291,1378691100,Standard_HO,VM_001,15
291,1378691100,Standard_HO,VM_003,18
291,1378691100,Standard_HO,VM_011,15
291,1378691100,Standard_HO,VM_012,18
291,1378691100,Standard_HO,VM_013,18
291,1378691100,Standard_HO,VM_023,18
291,1378691100,Standard_HO,VM_025,18
291,1378691100,WA-AHO,VM_001,15
291,1378691100,WA-AHO,VM_003,19
291,1378691100,WA-AHO,VM_011,19
291,1378691100,WA-AHO,VM_012,19
291,1378691100,WA-AHO,VM_013,15
291,1378691100,WA-AHO,VM_023,15
291,1378691100,WA-AHO,VM_025,19
291,1378691100,PABFD,VM_012,10
291,1378691100,PABFD,VM_011,11
291,1378691100,PABFD,VM_025,12
291,1378691100,PABFD,VM_003,13
291,1378691100,PABFD,VM_023,13
291,1378691100,PABFD,VM_001,11
291,1378691100,PABFD,VM_013,12
292,1378691400,Standard_HO,VM_001,11
292,1378691400,Standard_HO,VM_003,18
292,1378691400,Standard_HO,VM_011,18
292,1378691400,Standard_HO,VM_012,18
292,1378691400,Standard_HO,VM_013,11
292,1378691400,Standard_HO,VM_023,11
292,1378691400,Standard_HO,VM_025,18
292,1378691400,WA-AHO,VM_001,12
292,1378691400,WA-AHO,VM_003,18
292,1378691400,WA-AHO,VM_011,18
292,1378691400,WA-AHO,VM_012,18
292,1378691400,WA-AHO,VM_013,12
292,1378691400,WA-AHO,VM_023,12
292,1378691400,WA-AHO,VM_025,18
292,1378691400,PABFD,VM_012,10
292,1378691400,PABFD,VM_011,11
292,1378691400,PABFD,VM_025,12
292,1378691400,PABFD,VM_003,13
292,1378691400,PABFD,VM_023,13
292,1378691400,PABFD,VM_001,11
292,1378691400,PABFD,VM_013,12
293,1378691700,Standard_HO,VM_001,10
293,1378691700,Standard_HO,VM_003,19
293,1378691700,Standard_HO,VM_011,19
293,1378691700,Standard_HO,VM_012,19
293,1378691700,Standard_HO,VM_013,10
293,1378691700,Standard_HO,VM_023,10
293,1378691700,Standard_HO,VM_025,19
293,1378691700,WA-AHO,VM_001,12
293,1378691700,WA-AHO,VM_003,18
293,1378691700,WA-AHO,VM_011,18
293,1378691700,WA-AHO,VM_012,18
293,1378691700,WA-AHO,VM_013,12
293,1378691700,WA-AHO,VM_023,12
293,1378691700,WA-AHO,VM_025,18
293,1378691700,PABFD,VM_012,10
293,1378691700,PABFD,VM_011,11
293,1378691700,PABFD,VM_025,12
293,1378691700,PABFD,VM_003,13
293,1378691700,PABFD,VM_023,13
293,1378691700,PABFD,VM_001,11
293,1378691700,PABFD,VM_013,12
294,1378692000,Standard_HO,VM_001,19
294,1378692000,Standard_HO,VM_003,19
294,1378692000,Standard_HO,VM_011,14
294,1378692000,Standard_HO,VM_012,19
294,1378692000,Standard_HO,VM_013,14
294,1378692000,Standard_HO,VM_023,19
294,1378692000,Standard_HO,VM_025,19
294,1378692000,WA-AHO,VM_001,19
294,1378692000,WA-AHO,VM_003,19
294,1378692000,WA-AHO,VM_011,14
294,1378692000,WA-AHO,VM_012,19
294,1378692000,WA-AHO,VM_013,14
294,1378692000,WA-AHO,VM_023,19
294,1378692000,WA-AHO,VM_025,19
294,1378692000,PABFD,VM_012,10
294,1378692000,PABFD,VM_011,11
294,1378692000,PABFD,VM_025,12
294,1378692000,PABFD,VM_003,13
294,1378692000,PABFD,VM_023,13
294,1378692000,PABFD,VM_001,11
294,1378692000,PABFD,VM_013,12
295,1378692300,Standard_HO,VM_001,18
295,1378692300,Standard_HO,VM_003,18
295,1378692300,Standard_HO,VM_011,11
295,1378692300,Standard_HO,VM_012,18
295,1378692300,Standard_HO,VM_013,11
295,1378692300,Standard_HO,VM_023,18
295,1378692300,Standard_HO,VM_025,18
295,1378692300,WA-AHO,VM_001,19
295,1378692300,WA-AHO,VM_003,19
295,1378692300,WA-AHO,VM_011,13
295,1378692300,WA-AHO,VM_012,19
295,1378692300,WA-AHO,VM_013,13
295,1378692300,WA-AHO,VM_023,19
295,1378692300,WA-AHO,VM_025,19
295,1378692300,PABFD,VM_012,10
295,1378692300,PABFD,VM_011,11
295,1378692300,PABFD,VM_025,12
295,1378692300,PABFD,VM_003,13
295,1378692300,PABFD,VM_023,13
295,1378692300,PABFD,VM_001,11
295,1378692300,PABFD,VM_013,12
296,1378692600,Standard_HO,VM_001,18
296,1378692600,Standard_HO,VM_003,18
296,1378692600,Standard_HO,VM_011,18
296,1378692600,Standard_HO,VM_012,12
296,1378692600,Standard_HO,VM_013,18
296,1378692600,Standard_HO,VM_023,18
296,1378692600,Standard_HO,VM_025,18
296,1378692600,WA-AHO,VM_001,18
296,1378692600,WA-AHO,VM_003,18
296,1378692600,WA-AHO,VM_011,18
296,1378692600,WA-AHO,VM_012,15
296,1378692600,WA-AHO,VM_013,18
296,1378692600,WA-AHO,VM_023,18
296,1378692600,WA-AHO,VM_025,18
296,1378692600,PABFD,VM_012,10
296,1378692600,PABFD,VM_011,11
296,1378692600,PABFD,VM_025,12
296,1378692600,PABFD,VM_003,13
296,1378692600,PABFD,VM_023,13
296,1378692600,PABFD,VM_001,11
296,1378692600,PABFD,VM_013,12
297,1378692900,Standard_HO,VM_001,18
297,1378692900,Standard_HO,VM_003,18
297,1378692900,Standard_HO,VM_011,12
297,1378692900,Standard_HO,VM_012,18
297,1378692900,Standard_HO,VM_013,12
297,1378692900,Standard_HO,VM_023,18
297,1378692900,Standard_HO,VM_025,18
297,1378692900,WA-AHO,VM_001,19
297,1378692900,WA-AHO,VM_003,19
297,1378692900,WA-AHO,VM_011,14
297,1378692900,WA-AHO,VM_012,19
297,1378692900,WA-AHO,VM_013,14
297,1378692900,WA-AHO,VM_023,19
297,1378692900,WA-AHO,VM_025,19
297,1378692900,PABFD,VM_012,10
297,1378692900,PABFD,VM_011,11
297,1378692900,PABFD,VM_025,12
297,1378692900,PABFD,VM_003,13
297,1378692900,PABFD,VM_023,13
297,1378692900,PABFD,VM_001,11
297,1378692900,PABFD,VM_013,12
298,1378693200,Standard_HO,VM_001,19
298,1378693200,Standard_HO,VM_003,19
298,1378693200,Standard_HO,VM_011,10
298,1378693200,Standard_HO,VM_012,19
298,1378693200,Standard_HO,VM_013,10
298,1378693200,Standard_HO,VM_023,19
298,1378693200,Standard_HO,VM_025,19
298,1378693200,WA-AHO,VM_001,19
298,1378693200,WA-AHO,VM_003,19
298,1378693200,WA-AHO,VM_011,10
298,1378693200,WA-AHO,VM_012,19
298,1378693200,WA-AHO,VM_013,10
298,1378693200,WA-AHO,VM_023,19
298,1378693200,WA-AHO,VM_025,19
298,1378693200,PABFD,VM_012,10
298,1378693200,PABFD,VM_011,11
298,1378693200,PABFD,VM_025,12
298,1378693200,PABFD,VM_003,13
298,1378693200,PABFD,VM_023,13
298,1378693200,PABFD,VM_001,11
298,1378693200,PABFD,VM_013,12
299,1378693500,Standard_HO,VM_001,17
299,1378693500,Standard_HO,VM_003,17
299,1378693500,Standard_HO,VM_011,12
299,1378693500,Standard_HO,VM_012,17
299,1378693500,Standard_HO,VM_013,12
299,1378693500,Standard_HO,VM_023,17
299,1378693500,Standard_HO,VM_025,17
299,1378693500,WA-AHO,VM_001,17
299,1378693500,WA-AHO,VM_003,17
299,1378693500,WA-AHO,VM_011,14
299,1378693500,WA-AHO,VM_012,17
299,1378693500,WA-AHO,VM_013,14
299,1378693500,WA-AHO,VM_023,17
299,1378693500,WA-AHO,VM_025,17
299,1378693500,PABFD,VM_012,10
299,1378693500,PABFD,VM_011,11
299,1378693500,PABFD,VM_025,12
299,1378693500,PABFD,VM_003,13
299,1378693500,PABFD,VM_023,13
299,1378693500,PABFD,VM_001,11
299,1378693500,PABFD,VM_013,12
300,1378693800,Standard_HO,VM_001,17
300,1378693800,Standard_HO,VM_003,17
300,1378693800,Standard_HO,VM_011,15
300,1378693800,Standard_HO,VM_012,17
300,1378693800,Standard_HO,VM_013,15
300,1378693800,Standard_HO,VM_023,17
300,1378693800,Standard_HO,VM_025,17
300,1378693800,WA-AHO,VM_001,18
300,1378693800,WA-AHO,VM_003,18
300,1378693800,WA-AHO,VM_011,11
300,1378693800,WA-AHO,VM_012,18
300,1378693800,WA-AHO,VM_013,11
300,1378693800,WA-AHO,VM_023,18
300,1378693800,WA-AHO,VM_025,18
300,1378693800,PABFD,VM_012,10
300,1378693800,PABFD,VM_011,11
300,1378693800,PABFD,VM_025,12
300,1378693800,PABFD,VM_003,13
300,1378693800,PABFD,VM_023,13
300,1378693800,PABFD,VM_001,11
300,1378693800,PABFD,VM_013,12
301,1378694100,Standard_HO,VM_001,17
301,1378694100,Standard_HO,VM_003,17
301,1378694100,Standard_HO,VM_011,14
301,1378694100,Standard_HO,VM_012,17
301,1378694100,Standard_HO,VM_013,14
301,1378694100,Standard_HO,VM_023,17
301,1378694100,Standard_HO,VM_025,17
301,1378694100,WA-AHO,VM_001,19
301,1378694100,WA-AHO,VM_003,19
301,1378694100,WA-AHO,VM_011,11
301,1378694100,WA-AHO,VM_012,19
301,1378694100,WA-AHO,VM_013,11
301,1378694100,WA-AHO,VM_023,19
301,1378694100,WA-AHO,VM_025,19
301,1378694100,PABFD,VM_012,10
301,1378694100,PABFD,VM_011,11
301,1378694100,PABFD,VM_025,12
301,1378694100,PABFD,VM_003,13
301,1378694100,PABFD,VM_023,13
301,1378694100,PABFD,VM_001,11
301,1378694100,PABFD,VM_013,12
302,1378694400,Standard_HO,VM_001,19
302,1378694400,Standard_HO,VM_003,19
302,1378694400,Standard_HO,VM_011,13
302,1378694400,Standard_HO,VM_012,19
302,1378694400,Standard_HO,VM_013,13
302,1378694400,Standard_HO,VM_023,19
302,1378694400,Standard_HO,VM_025,19
302,1378694400,WA-AHO,VM_001,18
302,1378694400,WA-AHO,VM_003,18
302,1378694400,WA-AHO,VM_011,10
302,1378694400,WA-AHO,VM_012,18
302,1378694400,WA-AHO,VM_013,10
302,1378694400,WA-AHO,VM_023,18
302,1378694400,WA-AHO,VM_025,18
302,1378694400,PABFD,VM_012,10
302,1378694400,PABFD,VM_011,11
302,1378694400,PABFD,VM_025,12
302,1378694400,PABFD,VM_003,13
302,1378694400,PABFD,VM_023,13
302,1378694400,PABFD,VM_001,11
302,1378694400,PABFD,VM_013,12
303,1378694700,Standard_HO,VM_001,18
303,1378694700,Standard_HO,VM_003,18
303,1378694700,Standard_HO,VM_011,13
303,1378694700,Standard_HO,VM_012,18
303,1378694700,Standard_HO,VM_013,13
303,1378694700,Standard_HO,VM_023,18
303,1378694700,Standard_HO,VM_025,18
303,1378694700,WA-AHO,VM_001,18
303,1378694700,WA-AHO,VM_003,18
303,1378694700,WA-AHO,VM_011,13
303,1378694700,WA-AHO,VM_012,18
303,1378694700,WA-AHO,VM_013,13
303,1378694700,WA-AHO,VM_023,18
303,1378694700,WA-AHO,VM_025,18
303,1378694700,PABFD,VM_012,10
303,1378694700,PABFD,VM_011,11
303,1378694700,PABFD,VM_025,12
303,1378694700,PABFD,VM_003,13
303,1378694700,PABFD,VM_023,13
303,1378694700,PABFD,VM_001,11
303,1378694700,PABFD,VM_013,12
304,1378695000,Standard_HO,VM_001,17
304,1378695000,Standard_HO,VM_003,17
304,1378695000,Standard_HO,VM_011,12
304,1378695000,Standard_HO,VM_012,17
304,1378695000,Standard_HO,VM_013,12
304,1378695000,Standard_HO,VM_023,17
304,1378695000,Standard_HO,VM_025,17
304,1378695000,WA-AHO,VM_001,17
304,1378695000,WA-AHO,VM_003,17
304,1378695000,WA-AHO,VM_011,11
304,1378695000,WA-AHO,VM_012,17
304,1378695000,WA-AHO,VM_013,11
304,1378695000,WA-AHO,VM_023,17
304,1378695000,WA-AHO,VM_025,17
304,1378695000,PABFD,VM_012,10
304,1378695000,PABFD,VM_011,11
304,1378695000,PABFD,VM_025,12
304,1378695000,PABFD,VM_003,13
304,1378695000,PABFD,VM_023,13
304,1378695000,PABFD,VM_001,11
304,1378695000,PABFD,VM_013,12
305,1378695300,Standard_HO,VM_001,18
305,1378695300,Standard_HO,VM_003,18
305,1378695300,Standard_HO,VM_011,14
305,1378695300,Standard_HO,VM_012,18
305,1378695300,Standard_HO,VM_013,14
305,1378695300,Standard_HO,VM_023,18
305,1378695300,Standard_HO,VM_025,18
305,1378695300,WA-AHO,VM_001,18
305,1378695300,WA-AHO,VM_003,18
305,1378695300,WA-AHO,VM_011,14
305,1378695300,WA-AHO,VM_012,18
305,1378695300,WA-AHO,VM_013,14
305,1378695300,WA-AHO,VM_023,18
305,1378695300,WA-AHO,VM_025,18
305,1378695300,PABFD,VM_012,10
305,1378695300,PABFD,VM_011,11
305,1378695300,PABFD,VM_025,12
305,1378695300,PABFD,VM_003,13
305,1378695300,PABFD,VM_023,13
305,1378695300,PABFD,VM_001,11
305,1378695300,PABFD,VM_013,12
306,1378695600,Standard_HO,VM_001,19
306,1378695600,Standard_HO,VM_003,19
306,1378695600,Standard_HO,VM_011,10
306,1378695600,Standard_HO,VM_012,19
306,1378695600,Standard_HO,VM_013,10
306,1378695600,Standard_HO,VM_023,19
306,1378695600,Standard_HO,VM_025,19
306,1378695600,WA-AHO,VM_001,19
306,1378695600,WA-AHO,VM_003,19
306,1378695600,WA-AHO,VM_011,10
306,1378695600,WA-AHO,VM_012,19
306,1378695600,WA-AHO,VM_013,10
306,1378695600,WA-AHO,VM_023,19
306,1378695600,WA-AHO,VM_025,19
306,1378695600,PABFD,VM_012,10
306,1378695600,PABFD,VM_011,11
306,1378695600,PABFD,VM_025,12
306,1378695600,PABFD,VM_003,13
306,1378695600,PABFD,VM_023,13
306,1378695600,PABFD,VM_001,11
306,1378695600,PABFD,VM_013,12
307,1378695900,Standard_HO,VM_001,18
307,1378695900,Standard_HO,VM_003,18
307,1378695900,Standard_HO,VM_011,10
307,1378695900,Standard_HO,VM_012,18
307,1378695900,Standard_HO,VM_013,10
307,1378695900,Standard_HO,VM_023,18
307,1378695900,Standard_HO,VM_025,18
307,1378695900,WA-AHO,VM_001,17
307,1378695900,WA-AHO,VM_003,17
307,1378695900,WA-AHO,VM_011,13
307,1378695900,WA-AHO,VM_012,17
307,1378695900,WA-AHO,VM_013,13
307,1378695900,WA-AHO,VM_023,17
307,1378695900,WA-AHO,VM_025,17
307,1378695900,PABFD,VM_012,10
307,1378695900,PABFD,VM_011,11
307,1378695900,PABFD,VM_025,12
307,1378695900,PABFD,VM_003,13
307,1378695900,PABFD,VM_023,13
307,1378695900,PABFD,VM_001,11
307,1378695900,PABFD,VM_013,12
308,1378696200,Standard_HO,VM_001,19
308,1378696200,Standard_HO,VM_003,19
308,1378696200,Standard_HO,VM_011,10
308,1378696200,Standard_HO,VM_012,19
308,1378696200,Standard_HO,VM_013,10
308,1378696200,Standard_HO,VM_023,19
308,1378696200,Standard_HO,VM_025,19
308,1378696200,WA-AHO,VM_001,18
308,1378696200,WA-AHO,VM_003,18
308,1378696200,WA-AHO,VM_011,14
308,1378696200,WA-AHO,VM_012,18
308,1378696200,WA-AHO,VM_013,14
308,1378696200,WA-AHO,VM_023,18
308,1378696200,WA-AHO,VM_025,18
308,1378696200,PABFD,VM_012,10
308,1378696200,PABFD,VM_011,11
308,1378696200,PABFD,VM_025,12
308,1378696200,PABFD,VM_003,13
308,1378696200,PABFD,VM_023,13
308,1378696200,PABFD,VM_001,11
308,1378696200,PABFD,VM_013,12
309,1378696500,Standard_HO,VM_001,18
309,1378696500,Standard_HO,VM_003,18
309,1378696500,Standard_HO,VM_011,11
309,1378696500,Standard_HO,VM_012,18
309,1378696500,Standard_HO,VM_013,11
309,1378696500,Standard_HO,VM_023,18
309,1378696500,Standard_HO,VM_025,18
309,1378696500,WA-AHO,VM_001,19
309,1378696500,WA-AHO,VM_003,19
309,1378696500,WA-AHO,VM_011,13
309,1378696500,WA-AHO,VM_012,19
309,1378696500,WA-AHO,VM_013,13
309,1378696500,WA-AHO,VM_023,19
309,1378696500,WA-AHO,VM_025,19
309,1378696500,PABFD,VM_012,10
309,1378696500,PABFD,VM_011,11
309,1378696500,PABFD,VM_025,12
309,1378696500,PABFD,VM_003,13
309,1378696500,PABFD,VM_023,13
309,1378696500,PABFD,VM_001,11
309,1378696500,PABFD,VM_013,12
310,1378696800,Standard_HO,VM_001,19
310,1378696800,Standard_HO,VM_003,19
310,1378696800,Standard_HO,VM_011,13
310,1378696800,Standard_HO,VM_012,19
310,1378696800,Standard_HO,VM_013,13
310,1378696800,Standard_HO,VM_023,19
310,1378696800,Standard_HO,VM_025,19
310,1378696800,WA-AHO,VM_001,18
310,1378696800,WA-AHO,VM_003,18
310,1378696800,WA-AHO,VM_011,15
310,1378696800,WA-AHO,VM_012,18
310,1378696800,WA-AHO,VM_013,15
310,1378696800,WA-AHO,VM_023,18
310,1378696800,WA-AHO,VM_025,18
310,1378696800,PABFD,VM_012,10
310,1378696800,PABFD,VM_011,11
310,1378696800,PABFD,VM_025,12
310,1378696800,PABFD,VM_003,13
310,1378696800,PABFD,VM_023,13
310,1378696800,PABFD,VM_001,11
310,1378696800,PABFD,VM_013,12
311,1378697100,Standard_HO,VM_001,19
311,1378697100,Standard_HO,VM_003,19
311,1378697100,Standard_HO,VM_011,14
311,1378697100,Standard_HO,VM_012,19
311,1378697100,Standard_HO,VM_013,14
311,1378697100,Standard_HO,VM_023,19
311,1378697100,Standard_HO,VM_025,19
311,1378697100,WA-AHO,VM_001,19
311,1378697100,WA-AHO,VM_003,19
311,1378697100,WA-AHO,VM_011,11
311,1378697100,WA-AHO,VM_012,19
311,1378697100,WA-AHO,VM_013,11
311,1378697100,WA-AHO,VM_023,19
311,1378697100,WA-AHO,VM_025,19
311,1378697100,PABFD,VM_012,10
311,1378697100,PABFD,VM_011,11
311,1378697100,PABFD,VM_025,12
311,1378697100,PABFD,VM_003,13
311,1378697100,PABFD,VM_023,13
311,1378697100,PABFD,VM_001,11
311,1378697100,PABFD,VM_013,12
312,1378697400,Standard_HO,VM_001,17
312,1378697400,Standard_HO,VM_003,17
312,1378697400,Standard_HO,VM_011,15
312,1378697400,Standard_HO,VM_012,17
312,1378697400,Standard_HO,VM_013,15
312,1378697400,Standard_HO,VM_023,17
312,1378697400,Standard_HO,VM_025,17
312,1378697400,WA-AHO,VM_001,19
312,1378697400,WA-AHO,VM_003,19
312,1378697400,WA-AHO,VM_011,13
312,1378697400,WA-AHO,VM_012,19
312,1378697400,WA-AHO,VM_013,13
312,1378697400,WA-AHO,VM_023,19
312,1378697400,WA-AHO,VM_025,19
312,1378697400,PABFD,VM_012,10
312,1378697400,PABFD,VM_011,11
312,1378697400,PABFD,VM_025,12
312,1378697400,PABFD,VM_003,13
312,1378697400,PABFD,VM_023,13
312,1378697400,PABFD,VM_001,11
312,1378697400,PABFD,VM_013,12
313,1378697700,Standard_HO,VM_001,18
313,1378697700,Standard_HO,VM_003,18
313,1378697700,Standard_HO,VM_011,11
313,1378697700,Standard_HO,VM_012,18
313,1378697700,Standard_HO,VM_013,11
313,1378697700,Standard_HO,VM_023,18
313,1378697700,Standard_HO,VM_025,18
313,1378697700,WA-AHO,VM_001,19
313,1378697700,WA-AHO,VM_003,19
313,1378697700,WA-AHO,VM_011,14
313,1378697700,WA-AHO,VM_012,19
313,1378697700,WA-AHO,VM_013,14
313,1378697700,WA-AHO,VM_023,19
313,1378697700,WA-AHO,VM_025,19
313,1378697700,PABFD,VM_012,10
313,1378697700,PABFD,VM_011,11
313,1378697700,PABFD,VM_025,12
313,1378697700,PABFD,VM_003,13
313,1378697700,PABFD,VM_023,13
313,1378697700,PABFD,VM_001,11
313,1378697700,PABFD,VM_013,12
314,1378698000,Standard_HO,VM_001,17
314,1378698000,Standard_HO,VM_003,17
314,1378698000,Standard_HO,VM_011,10
314,1378698000,Standard_HO,VM_012,17
314,1378698000,Standard_HO,VM_013,10
314,1378698000,Standard_HO,VM_023,17
314,1378698000,Standard_HO,VM_025,17
314,1378698000,WA-AHO,VM_001,16
314,1378698000,WA-AHO,VM_003,16
314,1378698000,WA-AHO,VM_011,16
314,1378698000,WA-AHO,VM_012,16
314,1378698000,WA-AHO,VM_013,12
314,1378698000,WA-AHO,VM_023,16
314,1378698000,WA-AHO,VM_025,12
314,1378698000,PABFD,VM_012,10
314,1378698000,PABFD,VM_011,11
314,1378698000,PABFD,VM_025,12
314,1378698000,PABFD,VM_003,13
314,1378698000,PABFD,VM_023,13
314,1378698000,PABFD,VM_001,11
314,1378698000,PABFD,VM_013,12
315,1378698300,Standard_HO,VM_001,18
315,1378698300,Standard_HO,VM_003,18
315,1378698300,Standard_HO,VM_011,15
315,1378698300,Standard_HO,VM_012,18
315,1378698300,Standard_HO,VM_013,15
315,1378698300,Standard_HO,VM_023,18
315,1378698300,Standard_HO,VM_025,18
315,1378698300,WA-AHO,VM_001,19
315,1378698300,WA-AHO,VM_003,19
315,1378698300,WA-AHO,VM_011,12
315,1378698300,WA-AHO,VM_012,19
315,1378698300,WA-AHO,VM_013,12
315,1378698300,WA-AHO,VM_023,19
315,1378698300,WA-AHO,VM_025,19
315,1378698300,PABFD,VM_012,10
315,1378698300,PABFD,VM_011,11
315,1378698300,PABFD,VM_025,12
315,1378698300,PABFD,VM_003,13
315,1378698300,PABFD,VM_023,13
315,1378698300,PABFD,VM_001,11
315,1378698300,PABFD,VM_013,12
316,1378698600,Standard_HO,VM_001,18
316,1378698600,Standard_HO,VM_003,18
316,1378698600,Standard_HO,VM_011,11
316,1378698600,Standard_HO,VM_012,18
316,1378698600,Standard_HO,VM_013,11
316,1378698600,Standard_HO,VM_023,18
316,1378698600,Standard_HO,VM_025,18
316,1378698600,WA-AHO,VM_001,19
316,1378698600,WA-AHO,VM_003,19
316,1378698600,WA-AHO,VM_011,11
316,1378698600,WA-AHO,VM_012,19
316,1378698600,WA-AHO,VM_013,11
316,1378698600,WA-AHO,VM_023,19
316,1378698600,WA-AHO,VM_025,19
316,1378698600,PABFD,VM_012,10
316,1378698600,PABFD,VM_011,11
316,1378698600,PABFD,VM_025,12
316,1378698600,PABFD,VM_003,13
316,1378698600,PABFD,VM_023,13
316,1378698600,PABFD,VM_001,11
316,1378698600,PABFD,VM_013,12
317,1378698900,Standard_HO,VM_001,17
317,1378698900,Standard_HO,VM_003,17
317,1378698900,Standard_HO,VM_011,15
317,1378698900,Standard_HO,VM_012,17
317,1378698900,Standard_HO,VM_013,15
317,1378698900,Standard_HO,VM_023,17
317,1378698900,Standard_HO,VM_025,17
317,1378698900,WA-AHO,VM_001,17
317,1378698900,WA-AHO,VM_003,17
317,1378698900,WA-AHO,VM_011,10
317,1378698900,WA-AHO,VM_012,17
317,1378698900,WA-AHO,VM_013,10
317,1378698900,WA-AHO,VM_023,17
317,1378698900,WA-AHO,VM_025,17
317,1378698900,PABFD,VM_012,10
317,1378698900,PABFD,VM_011,11
317,1378698900,PABFD,VM_025,12
317,1378698900,PABFD,VM_003,13
317,1378698900,PABFD,VM_023,13
317,1378698900,PABFD,VM_001,11
317,1378698900,PABFD,VM_013,12
318,1378699200,Standard_HO,VM_001,17
318,1378699200,Standard_HO,VM_003,17
318,1378699200,Standard_HO,VM_011,11
318,1378699200,Standard_HO,VM_012,17
318,1378699200,Standard_HO,VM_013,11
318,1378699200,Standard_HO,VM_023,17
318,1378699200,Standard_HO,VM_025,17
318,1378699200,WA-AHO,VM_001,19
318,1378699200,WA-AHO,VM_003,19
318,1378699200,WA-AHO,VM_011,15
318,1378699200,WA-AHO,VM_012,19
318,1378699200,WA-AHO,VM_013,15
318,1378699200,WA-AHO,VM_023,19
318,1378699200,WA-AHO,VM_025,19
318,1378699200,PABFD,VM_012,10
318,1378699200,PABFD,VM_011,11
318,1378699200,PABFD,VM_025,12
318,1378699200,PABFD,VM_003,13
318,1378699200,PABFD,VM_023,13
318,1378699200,PABFD,VM_001,11
318,1378699200,PABFD,VM_013,12
319,1378699500,Standard_HO,VM_001,19
319,1378699500,Standard_HO,VM_003,19
319,1378699500,Standard_HO,VM_011,11
319,1378699500,Standard_HO,VM_012,19
319,1378699500,Standard_HO,VM_013,11
319,1378699500,Standard_HO,VM_023,19
319,1378699500,Standard_HO,VM_025,19
319,1378699500,WA-AHO,VM_001,16
319,1378699500,WA-AHO,VM_003,16
319,1378699500,WA-AHO,VM_011,11
319,1378699500,WA-AHO,VM_012,16
319,1378699500,WA-AHO,VM_013,11
319,1378699500,WA-AHO,VM_023,16
319,1378699500,WA-AHO,VM_025,16
319,1378699500,PABFD,VM_012,10
319,1378699500,PABFD,VM_011,11
319,1378699500,PABFD,VM_025,12
319,1378699500,PABFD,VM_003,13
319,1378699500,PABFD,VM_023,13
319,1378699500,PABFD,VM_001,11
319,1378699500,PABFD,VM_013,12
320,1378699800,Standard_HO,VM_001,18
320,1378699800,Standard_HO,VM_003,18
320,1378699800,Standard_HO,VM_011,15
320,1378699800,Standard_HO,VM_012,18
320,1378699800,Standard_HO,VM_013,15
320,1378699800,Standard_HO,VM_023,18
320,1378699800,Standard_HO,VM_025,18
320,1378699800,WA-AHO,VM_001,17
320,1378699800,WA-AHO,VM_003,17
320,1378699800,WA-AHO,VM_011,17
320,1378699800,WA-AHO,VM_012,17
320,1378699800,WA-AHO,VM_013,10
320,1378699800,WA-AHO,VM_023,17
320,1378699800,WA-AHO,VM_025,10
320,1378699800,PABFD,VM_012,10
320,1378699800,PABFD,VM_011,11
320,1378699800,PABFD,VM_025,12
320,1378699800,PABFD,VM_003,13
320,1378699800,PABFD,VM_023,13
320,1378699800,PABFD,VM_001,11
320,1378699800,PABFD,VM_013,12
321,1378700100,Standard_HO,VM_001,19
321,1378700100,Standard_HO,VM_003,19
321,1378700100,Standard_HO,VM_011,14
321,1378700100,Standard_HO,VM_012,19
321,1378700100,Standard_HO,VM_013,14
321,1378700100,Standard_HO,VM_023,19
321,1378700100,Standard_HO,VM_025,19
321,1378700100,WA-AHO,VM_001,18
321,1378700100,WA-AHO,VM_003,18
321,1378700100,WA-AHO,VM_011,15
321,1378700100,WA-AHO,VM_012,18
321,1378700100,WA-AHO,VM_013,15
321,1378700100,WA-AHO,VM_023,18
321,1378700100,WA-AHO,VM_025,18
321,1378700100,PABFD,VM_012,10
321,1378700100,PABFD,VM_011,11
321,1378700100,PABFD,VM_025,12
321,1378700100,PABFD,VM_003,13
321,1378700100,PABFD,VM_023,13
321,1378700100,PABFD,VM_001,11
321,1378700100,PABFD,VM_013,12
322,1378700400,Standard_HO,VM_001,17
322,1378700400,Standard_HO,VM_003,14
322,1378700400,Standard_HO,VM_011,17
322,1378700400,Standard_HO,VM_012,17
322,1378700400,Standard_HO,VM_013,17
322,1378700400,Standard_HO,VM_023,14
322,1378700400,Standard_HO,VM_025,17
322,1378700400,WA-AHO,VM_001,19
322,1378700400,WA-AHO,VM_003,14
322,1378700400,WA-AHO,VM_011,19
322,1378700400,WA-AHO,VM_012,19
322,1378700400,WA-AHO,VM_013,19
322,1378700400,WA-AHO,VM_023,14
322,1378700400,WA-AHO,VM_025,19
322,1378700400,PABFD,VM_012,10
322,1378700400,PABFD,VM_011,11
322,1378700400,PABFD,VM_025,12
322,1378700400,PABFD,VM_003,13
322,1378700400,PABFD,VM_023,13
322,1378700400,PABFD,VM_001,11
322,1378700400,PABFD,VM_013,12
323,1378700700,Standard_HO,VM_001,17
323,1378700700,Standard_HO,VM_003,17
323,1378700700,Standard_HO,VM_011,15
323,1378700700,Standard_HO,VM_012,17
323,1378700700,Standard_HO,VM_013,15
323,1378700700,Standard_HO,VM_023,17
323,1378700700,Standard_HO,VM_025,17
323,1378700700,WA-AHO,VM_001,18
323,1378700700,WA-AHO,VM_003,18
323,1378700700,WA-AHO,VM_011,18
323,1378700700,WA-AHO,VM_012,18
323,1378700700,WA-AHO,VM_013,15
323,1378700700,WA-AHO,VM_023,18
323,1378700700,WA-AHO,VM_025,15
323,1378700700,PABFD,VM_012,10
323,1378700700,PABFD,VM_011,11
323,1378700700,PABFD,VM_025,12
323,1378700700,PABFD,VM_003,13
323,1378700700,PABFD,VM_023,13
323,1378700700,PABFD,VM_001,11
323,1378700700,PABFD,VM_013,12
324,1378701000,Standard_HO,VM_001,18
324,1378701000,Standard_HO,VM_003,18
324,1378701000,Standard_HO,VM_011,10
324,1378701000,Standard_HO,VM_012,18
324,1378701000,Standard_HO,VM_013,10
324,1378701000,Standard_HO,VM_023,18
324,1378701000,Standard_HO,VM_025,18
324,1378701000,WA-AHO,VM_001,16
324,1378701000,WA-AHO,VM_003,16
324,1378701000,WA-AHO,VM_011,15
324,1378701000,WA-AHO,VM_012,16
324,1378701000,WA-AHO,VM_013,15
324,1378701000,WA-AHO,VM_023,16
324,1378701000,WA-AHO,VM_025,16
324,1378701000,PABFD,VM_012,10
324,1378701000,PABFD,VM_011,11
324,1378701000,PABFD,VM_025,12
324,1378701000,PABFD,VM_003,13
324,1378701000,PABFD,VM_023,13
324,1378701000,PABFD,VM_001,11
324,1378701000,PABFD,VM_013,12
325,1378701300,Standard_HO,VM_001,19
325,1378701300,Standard_HO,VM_003,19
325,1378701300,Standard_HO,VM_011,14
325,1378701300,Standard_HO,VM_012,19
325,1378701300,Standard_HO,VM_013,14
325,1378701300,Standard_HO,VM_023,19
325,1378701300,Standard_HO,VM_025,19
325,1378701300,WA-AHO,VM_001,19
325,1378701300,WA-AHO,VM_003,19
325,1378701300,WA-AHO,VM_011,14
325,1378701300,WA-AHO,VM_012,19
325,1378701300,WA-AHO,VM_013,14
325,1378701300,WA-AHO,VM_023,19
325,1378701300,WA-AHO,VM_025,19
325,1378701300,PABFD,VM_012,10
325,1378701300,PABFD,VM_011,11
325,1378701300,PABFD,VM_025,12
325,1378701300,PABFD,VM_003,13
325,1378701300,PABFD,VM_023,13
325,1378701300,PABFD,VM_001,11
325,1378701300,PABFD,VM_013,12
326,1378701600,Standard_HO,VM_001,18
326,1378701600,Standard_HO,VM_003,18
326,1378701600,Standard_HO,VM_011,18
326,1378701600,Standard_HO,VM_012,18
326,1378701600,Standard_HO,VM_013,12
326,1378701600,Standard_HO,VM_023,18
326,1378701600,Standard_HO,VM_025,12
326,1378701600,WA-AHO,VM_001,18
326,1378701600,WA-AHO,VM_003,18
326,1378701600,WA-AHO,VM_011,18
326,1378701600,WA-AHO,VM_012,18
326,1378701600,WA-AHO,VM_013,12
326,1378701600,WA-AHO,VM_023,18
326,1378701600,WA-AHO,VM_025,12
326,1378701600,PABFD,VM_012,10
326,1378701600,PABFD,VM_011,11
326,1378701600,PABFD,VM_025,12
326,1378701600,PABFD,VM_003,13
326,1378701600,PABFD,VM_023,13
326,1378701600,PABFD,VM_001,11
326,1378701600,PABFD,VM_013,12
327,1378701900,Standard_HO,VM_001,17
327,1378701900,Standard_HO,VM_003,17
327,1378701900,Standard_HO,VM_011,12
327,1378701900,Standard_HO,VM_012,17
327,1378701900,Standard_HO,VM_013,12
327,1378701900,Standard_HO,VM_023,17
327,1378701900,Standard_HO,VM_025,17
327,1378701900,WA-AHO,VM_001,18
327,1378701900,WA-AHO,VM_003,18
327,1378701900,WA-AHO,VM_011,13
327,1378701900,WA-AHO,VM_012,18
327,1378701900,WA-AHO,VM_013,13
327,1378701900,WA-AHO,VM_023,18
327,1378701900,WA-AHO,VM_025,18
327,1378701900,PABFD,VM_012,10
327,1378701900,PABFD,VM_011,11
327,1378701900,PABFD,VM_025,12
327,1378701900,PABFD,VM_003,13
327,1378701900,PABFD,VM_023,13
327,1378701900,PABFD,VM_001,11
327,1378701900,PABFD,VM_013,12
328,1378702200,Standard_HO,VM_001,18
328,1378702200,Standard_HO,VM_003,18
328,1378702200,Standard_HO,VM_011,14
328,1378702200,Standard_HO,VM_012,18
328,1378702200,Standard_HO,VM_013,14
328,1378702200,Standard_HO,VM_023,18
328,1378702200,Standard_HO,VM_025,18
328,1378702200,WA-AHO,VM_001,18
328,1378702200,WA-AHO,VM_003,18
328,1378702200,WA-AHO,VM_011,15
328,1378702200,WA-AHO,VM_012,18
328,1378702200,WA-AHO,VM_013,15
328,1378702200,WA-AHO,VM_023,18
328,1378702200,WA-AHO,VM_025,18
328,1378702200,PABFD,VM_012,10
328,1378702200,PABFD,VM_011,11
328,1378702200,PABFD,VM_025,12
328,1378702200,PABFD,VM_003,13
328,1378702200,PABFD,VM_023,13
328,1378702200,PABFD,VM_001,11
328,1378702200,PABFD,VM_013,12
329,1378702500,Standard_HO,VM_001,18
329,1378702500,Standard_HO,VM_003,18
329,1378702500,Standard_HO,VM_011,13
329,1378702500,Standard_HO,VM_012,18
329,1378702500,Standard_HO,VM_013,13
329,1378702500,Standard_HO,VM_023,18
329,1378702500,Standard_HO,VM_025,18
329,1378702500,WA-AHO,VM_001,19
329,1378702500,WA-AHO,VM_003,19
329,1378702500,WA-AHO,VM_011,13
329,1378702500,WA-AHO,VM_012,19
329,1378702500,WA-AHO,VM_013,13
329,1378702500,WA-AHO,VM_023,19
329,1378702500,WA-AHO,VM_025,19
329,1378702500,PABFD,VM_012,10
329,1378702500,PABFD,VM_011,11
329,1378702500,PABFD,VM_025,12
329,1378702500,PABFD,VM_003,13
329,1378702500,PABFD,VM_023,13
329,1378702500,PABFD,VM_001,11
329,1378702500,PABFD,VM_013,12
330,1378702800,Standard_HO,VM_001,17
330,1378702800,Standard_HO,VM_003,17
330,1378702800,Standard_HO,VM_011,15
330,1378702800,Standard_HO,VM_012,17
330,1378702800,Standard_HO,VM_013,15
330,1378702800,Standard_HO,VM_023,17
330,1378702800,Standard_HO,VM_025,17
330,1378702800,WA-AHO,VM_001,19
330,1378702800,WA-AHO,VM_003,19
330,1378702800,WA-AHO,VM_011,11
330,1378702800,WA-AHO,VM_012,19
330,1378702800,WA-AHO,VM_013,11
330,1378702800,WA-AHO,VM_023,19
330,1378702800,WA-AHO,VM_025,19
330,1378702800,PABFD,VM_012,10
330,1378702800,PABFD,VM_011,11
330,1378702800,PABFD,VM_025,12
330,1378702800,PABFD,VM_003,13
330,1378702800,PABFD,VM_023,13
330,1378702800,PABFD,VM_001,11
330,1378702800,PABFD,VM_013,12
331,1378703100,Standard_HO,VM_001,18
331,1378703100,Standard_HO,VM_003,18
331,1378703100,Standard_HO,VM_011,14
331,1378703100,Standard_HO,VM_012,18
331,1378703100,Standard_HO,VM_013,14
331,1378703100,Standard_HO,VM_023,18
331,1378703100,Standard_HO,VM_025,18
331,1378703100,WA-AHO,VM_001,19
331,1378703100,WA-AHO,VM_003,19
331,1378703100,WA-AHO,VM_011,11
331,1378703100,WA-AHO,VM_012,19
331,1378703100,WA-AHO,VM_013,11
331,1378703100,WA-AHO,VM_023,19
331,1378703100,WA-AHO,VM_025,19
331,1378703100,PABFD,VM_012,10
331,1378703100,PABFD,VM_011,11
331,1378703100,PABFD,VM_025,12
331,1378703100,PABFD,VM_003,13
331,1378703100,PABFD,VM_023,13
331,1378703100,PABFD,VM_001,11
331,1378703100,PABFD,VM_013,12
332,1378703400,Standard_HO,VM_001,18
332,1378703400,Standard_HO,VM_003,18
332,1378703400,Standard_HO,VM_011,10
332,1378703400,Standard_HO,VM_012,18
332,1378703400,Standard_HO,VM_013,10
332,1378703400,Standard_HO,VM_023,18
332,1378703400,Standard_HO,VM_025,18
332,1378703400,WA-AHO,VM_001,17
332,1378703400,WA-AHO,VM_003,17
332,1378703400,WA-AHO,VM_011,13
332,1378703400,WA-AHO,VM_012,17
332,1378703400,WA-AHO,VM_013,13
332,1378703400,WA-AHO,VM_023,17
332,1378703400,WA-AHO,VM_025,17
332,1378703400,PABFD,VM_012,10
332,1378703400,PABFD,VM_011,11
332,1378703400,PABFD,VM_025,12
332,1378703400,PABFD,VM_003,13
332,1378703400,PABFD,VM_023,13
332,1378703400,PABFD,VM_001,11
332,1378703400,PABFD,VM_013,12
333,1378703700,Standard_HO,VM_001,19
333,1378703700,Standard_HO,VM_003,19
333,1378703700,Standard_HO,VM_011,10
333,1378703700,Standard_HO,VM_012,19
333,1378703700,Standard_HO,VM_013,10
333,1378703700,Standard_HO,VM_023,19
333,1378703700,Standard_HO,VM_025,19
333,1378703700,WA-AHO,VM_001,19
333,1378703700,WA-AHO,VM_003,19
333,1378703700,WA-AHO,VM_011,10
333,1378703700,WA-AHO,VM_012,19
333,1378703700,WA-AHO,VM_013,10
333,1378703700,WA-AHO,VM_023,19
333,1378703700,WA-AHO,VM_025,19
333,1378703700,PABFD,VM_012,10
333,1378703700,PABFD,VM_011,11
333,1378703700,PABFD,VM_025,12
333,1378703700,PABFD,VM_003,13
333,1378703700,PABFD,VM_023,13
333,1378703700,PABFD,VM_001,11
333,1378703700,PABFD,VM_013,12
334,1378704000,Standard_HO,VM_001,19
334,1378704000,Standard_HO,VM_003,19
334,1378704000,Standard_HO,VM_011,19
334,1378704000,Standard_HO,VM_012,19
334,1378704000,Standard_HO,VM_013,11
334,1378704000,Standard_HO,VM_023,19
334,1378704000,Standard_HO,VM_025,11
334,1378704000,WA-AHO,VM_001,19
334,1378704000,WA-AHO,VM_003,19
334,1378704000,WA-AHO,VM_011,19
334,1378704000,WA-AHO,VM_012,19
334,1378704000,WA-AHO,VM_013,15
334,1378704000,WA-AHO,VM_023,19
334,1378704000,WA-AHO,VM_025,15
334,1378704000,PABFD,VM_012,10
334,1378704000,PABFD,VM_011,11
334,1378704000,PABFD,VM_025,12
334,1378704000,PABFD,VM_003,13
334,1378704000,PABFD,VM_023,13
334,1378704000,PABFD,VM_001,11
334,1378704000,PABFD,VM_013,12
335,1378704300,Standard_HO,VM_001,19
335,1378704300,Standard_HO,VM_003,19
335,1378704300,Standard_HO,VM_011,11
335,1378704300,Standard_HO,VM_012,19
335,1378704300,Standard_HO,VM_013,11
335,1378704300,Standard_HO,VM_023,19
335,1378704300,Standard_HO,VM_025,19
335,1378704300,WA-AHO,VM_001,19
335,1378704300,WA-AHO,VM_003,19
335,1378704300,WA-AHO,VM_011,11
335,1378704300,WA-AHO,VM_012,19
335,1378704300,WA-AHO,VM_013,11
335,1378704300,WA-AHO,VM_023,19
335,1378704300,WA-AHO,VM_025,19
335,1378704300,PABFD,VM_012,10
335,1378704300,PABFD,VM_011,11
335,1378704300,PABFD,VM_025,12
335,1378704300,PABFD,VM_003,13
335,1378704300,PABFD,VM_023,13
335,1378704300,PABFD,VM_001,11
335,1378704300,PABFD,VM_013,12
336,1378704600,Standard_HO,VM_001,19
336,1378704600,Standard_HO,VM_003,19
336,1378704600,Standard_HO,VM_011,14
336,1378704600,Standard_HO,VM_012,19
336,1378704600,Standard_HO,VM_013,14
336,1378704600,Standard_HO,VM_023,19
336,1378704600,Standard_HO,VM_025,19
336,1378704600,WA-AHO,VM_001,18
336,1378704600,WA-AHO,VM_003,18
336,1378704600,WA-AHO,VM_011,11
336,1378704600,WA-AHO,VM_012,18
336,1378704600,WA-AHO,VM_013,11
336,1378704600,WA-AHO,VM_023,18
336,1378704600,WA-AHO,VM_025,18
336,1378704600,PABFD,VM_012,10
336,1378704600,PABFD,VM_011,11
336,1378704600,PABFD,VM_025,12
336,1378704600,PABFD,VM_003,13
336,1378704600,PABFD,VM_023,13
336,1378704600,PABFD,VM_001,11
336,1378704600,PABFD,VM_013,12
337,1378704900,Standard_HO,VM_001,19
337,1378704900,Standard_HO,VM_003,19
337,1378704900,Standard_HO,VM_011,14
337,1378704900,Standard_HO,VM_012,19
337,1378704900,Standard_HO,VM_013,14
337,1378704900,Standard_HO,VM_023,19
337,1378704900,Standard_HO,VM_025,19
337,1378704900,WA-AHO,VM_001,19
337,1378704900,WA-AHO,VM_003,19
337,1378704900,WA-AHO,VM_011,14
337,1378704900,WA-AHO,VM_012,19
337,1378704900,WA-AHO,VM_013,14
337,1378704900,WA-AHO,VM_023,19
337,1378704900,WA-AHO,VM_025,19
337,1378704900,PABFD,VM_012,10
337,1378704900,PABFD,VM_011,11
337,1378704900,PABFD,VM_025,12
337,1378704900,PABFD,VM_003,13
337,1378704900,PABFD,VM_023,13
337,1378704900,PABFD,VM_001,11
337,1378704900,PABFD,VM_013,12
338,1378705200,Standard_HO,VM_001,16
338,1378705200,Standard_HO,VM_003,16
338,1378705200,Standard_HO,VM_011,15
338,1378705200,Standard_HO,VM_012,16
338,1378705200,Standard_HO,VM_013,15
338,1378705200,Standard_HO,VM_023,16
338,1378705200,Standard_HO,VM_025,16
338,1378705200,WA-AHO,VM_001,17
338,1378705200,WA-AHO,VM_003,17
338,1378705200,WA-AHO,VM_011,15
338,1378705200,WA-AHO,VM_012,17
338,1378705200,WA-AHO,VM_013,15
338,1378705200,WA-AHO,VM_023,17
338,1378705200,WA-AHO,VM_025,17
338,1378705200,PABFD,VM_012,10
338,1378705200,PABFD,VM_011,11
338,1378705200,PABFD,VM_025,12
338,1378705200,PABFD,VM_003,13
338,1378705200,PABFD,VM_023,13
338,1378705200,PABFD,VM_001,11
338,1378705200,PABFD,VM_013,12
339,1378705500,Standard_HO,VM_001,16
339,1378705500,Standard_HO,VM_003,16
339,1378705500,Standard_HO,VM_011,10
339,1378705500,Standard_HO,VM_012,16
339,1378705500,Standard_HO,VM_013,10
339,1378705500,Standard_HO,VM_023,16
339,1378705500,Standard_HO,VM_025,16
339,1378705500,WA-AHO,VM_001,19
339,1378705500,WA-AHO,VM_003,19
339,1378705500,WA-AHO,VM_011,15
339,1378705500,WA-AHO,VM_012,19
339,1378705500,WA-AHO,VM_013,15
339,1378705500,WA-AHO,VM_023,19
339,1378705500,WA-AHO,VM_025,19
339,1378705500,PABFD,VM_012,10
339,1378705500,PABFD,VM_011,11
339,1378705500,PABFD,VM_025,12
339,1378705500,PABFD,VM_003,13
339,1378705500,PABFD,VM_023,13
339,1378705500,PABFD,VM_001,11
339,1378705500,PABFD,VM_013,12
340,1378705800,Standard_HO,VM_001,19
340,1378705800,Standard_HO,VM_003,19
340,1378705800,Standard_HO,VM_011,14
340,1378705800,Standard_HO,VM_012,19
340,1378705800,Standard_HO,VM_013,14
340,1378705800,Standard_HO,VM_023,19
340,1378705800,Standard_HO,VM_025,19
340,1378705800,WA-AHO,VM_001,19
340,1378705800,WA-AHO,VM_003,19
340,1378705800,WA-AHO,VM_011,14
340,1378705800,WA-AHO,VM_012,19
340,1378705800,WA-AHO,VM_013,14
340,1378705800,WA-AHO,VM_023,19
340,1378705800,WA-AHO,VM_025,19
340,1378705800,PABFD,VM_012,10
340,1378705800,PABFD,VM_011,11
340,1378705800,PABFD,VM_025,12
340,1378705800,PABFD,VM_003,13
340,1378705800,PABFD,VM_023,13
340,1378705800,PABFD,VM_001,11
340,1378705800,PABFD,VM_013,12
341,1378706100,Standard_HO,VM_001,19
341,1378706100,Standard_HO,VM_003,19
341,1378706100,Standard_HO,VM_011,15
341,1378706100,Standard_HO,VM_012,19
341,1378706100,Standard_HO,VM_013,15
341,1378706100,Standard_HO,VM_023,19
341,1378706100,Standard_HO,VM_025,19
341,1378706100,WA-AHO,VM_001,19
341,1378706100,WA-AHO,VM_003,19
341,1378706100,WA-AHO,VM_011,15
341,1378706100,WA-AHO,VM_012,19
341,1378706100,WA-AHO,VM_013,15
341,1378706100,WA-AHO,VM_023,19
341,1378706100,WA-AHO,VM_025,19
341,1378706100,PABFD,VM_012,10
341,1378706100,PABFD,VM_011,11
341,1378706100,PABFD,VM_025,12
341,1378706100,PABFD,VM_003,13
341,1378706100,PABFD,VM_023,13
341,1378706100,PABFD,VM_001,11
341,1378706100,PABFD,VM_013,12
342,1378706400,Standard_HO,VM_001,19
342,1378706400,Standard_HO,VM_003,19
342,1378706400,Standard_HO,VM_011,15
342,1378706400,Standard_HO,VM_012,19
342,1378706400,Standard_HO,VM_013,15
342,1378706400,Standard_HO,VM_023,19
342,1378706400,Standard_HO,VM_025,19
342,1378706400,WA-AHO,VM_001,19
342,1378706400,WA-AHO,VM_003,19
342,1378706400,WA-AHO,VM_011,15
342,1378706400,WA-AHO,VM_012,19
342,1378706400,WA-AHO,VM_013,15
342,1378706400,WA-AHO,VM_023,19
342,1378706400,WA-AHO,VM_025,19
342,1378706400,PABFD,VM_012,10
342,1378706400,PABFD,VM_011,11
342,1378706400,PABFD,VM_025,12
342,1378706400,PABFD,VM_003,13
342,1378706400,PABFD,VM_023,13
342,1378706400,PABFD,VM_001,11
342,1378706400,PABFD,VM_013,12
343,1378706700,Standard_HO,VM_001,19
343,1378706700,Standard_HO,VM_003,19
343,1378706700,Standard_HO,VM_011,12
343,1378706700,Standard_HO,VM_012,19
343,1378706700,Standard_HO,VM_013,12
343,1378706700,Standard_HO,VM_023,19
343,1378706700,Standard_HO,VM_025,19
343,1378706700,WA-AHO,VM_001,18
343,1378706700,WA-AHO,VM_003,18
343,1378706700,WA-AHO,VM_011,15
343,1378706700,WA-AHO,VM_012,18
343,1378706700,WA-AHO,VM_013,15
343,1378706700,WA-AHO,VM_023,18
343,1378706700,WA-AHO,VM_025,18
343,1378706700,PABFD,VM_012,10
343,1378706700,PABFD,VM_011,11
343,1378706700,PABFD,VM_025,12
343,1378706700,PABFD,VM_003,13
343,1378706700,PABFD,VM_023,13
343,1378706700,PABFD,VM_001,11
343,1378706700,PABFD,VM_013,12
344,1378707000,Standard_HO,VM_001,19
344,1378707000,Standard_HO,VM_003,11
344,1378707000,Standard_HO,VM_011,19
344,1378707000,Standard_HO,VM_012,19
344,1378707000,Standard_HO,VM_013,19
344,1378707000,Standard_HO,VM_023,11
344,1378707000,Standard_HO,VM_025,19
344,1378707000,WA-AHO,VM_001,17
344,1378707000,WA-AHO,VM_003,17
344,1378707000,WA-AHO,VM_011,17
344,1378707000,WA-AHO,VM_012,17
344,1378707000,WA-AHO,VM_013,10
344,1378707000,WA-AHO,VM_023,17
344,1378707000,WA-AHO,VM_025,10
344,1378707000,PABFD,VM_012,10
344,1378707000,PABFD,VM_011,11
344,1378707000,PABFD,VM_025,12
344,1378707000,PABFD,VM_003,13
344,1378707000,PABFD,VM_023,13
344,1378707000,PABFD,VM_001,11
344,1378707000,PABFD,VM_013,12
345,1378707300,Standard_HO,VM_001,17
345,1378707300,Standard_HO,VM_003,17
345,1378707300,Standard_HO,VM_011,10
345,1378707300,Standard_HO,VM_012,17
345,1378707300,Standard_HO,VM_013,10
345,1378707300,Standard_HO,VM_023,17
345,1378707300,Standard_HO,VM_025,17
345,1378707300,WA-AHO,VM_001,17
345,1378707300,WA-AHO,VM_003,17
345,1378707300,WA-AHO,VM_011,10
345,1378707300,WA-AHO,VM_012,17
345,1378707300,WA-AHO,VM_013,10
345,1378707300,WA-AHO,VM_023,17
345,1378707300,WA-AHO,VM_025,17
345,1378707300,PABFD,VM_012,10
345,1378707300,PABFD,VM_011,11
345,1378707300,PABFD,VM_025,12
345,1378707300,PABFD,VM_003,13
345,1378707300,PABFD,VM_023,13
345,1378707300,PABFD,VM_001,11
345,1378707300,PABFD,VM_013,12
346,1378707600,Standard_HO,VM_001,16
346,1378707600,Standard_HO,VM_003,16
346,1378707600,Standard_HO,VM_011,13
346,1378707600,Standard_HO,VM_012,16
346,1378707600,Standard_HO,VM_013,13
346,1378707600,Standard_HO,VM_023,16
346,1378707600,Standard_HO,VM_025,16
346,1378707600,WA-AHO,VM_001,17
346,1378707600,WA-AHO,VM_003,17
346,1378707600,WA-AHO,VM_011,10
346,1378707600,WA-AHO,VM_012,17
346,1378707600,WA-AHO,VM_013,10
346,1378707600,WA-AHO,VM_023,17
346,1378707600,WA-AHO,VM_025,17
346,1378707600,PABFD,VM_012,10
346,1378707600,PABFD,VM_011,11
346,1378707600,PABFD,VM_025,12
346,1378707600,PABFD,VM_003,13
346,1378707600,PABFD,VM_023,13
346,1378707600,PABFD,VM_001,11
346,1378707600,PABFD,VM_013,12
347,1378707900,Standard_HO,VM_001,16
347,1378707900,Standard_HO,VM_003,16
347,1378707900,Standard_HO,VM_011,12
347,1378707900,Standard_HO,VM_012,16
347,1378707900,Standard_HO,VM_013,12
347,1378707900,Standard_HO,VM_023,16
347,1378707900,Standard_HO,VM_025,16
347,1378707900,WA-AHO,VM_001,18
347,1378707900,WA-AHO,VM_003,18
347,1378707900,WA-AHO,VM_011,13
347,1378707900,WA-AHO,VM_012,18
347,1378707900,WA-AHO,VM_013,13
347,1378707900,WA-AHO,VM_023,18
347,1378707900,WA-AHO,VM_025,18
347,1378707900,PABFD,VM_012,10
347,1378707900,PABFD,VM_011,11
347,1378707900,PABFD,VM_025,12
347,1378707900,PABFD,VM_003,13
347,1378707900,PABFD,VM_023,13
347,1378707900,PABFD,VM_001,11
347,1378707900,PABFD,VM_013,12
348,1378708200,Standard_HO,VM_001,19
348,1378708200,Standard_HO,VM_003,19
348,1378708200,Standard_HO,VM_011,10
348,1378708200,Standard_HO,VM_012,19
348,1378708200,Standard_HO,VM_013,10
348,1378708200,Standard_HO,VM_023,19
348,1378708200,Standard_HO,VM_025,19
348,1378708200,WA-AHO,VM_001,18
348,1378708200,WA-AHO,VM_003,18
348,1378708200,WA-AHO,VM_011,11
348,1378708200,WA-AHO,VM_012,18
348,1378708200,WA-AHO,VM_013,11
348,1378708200,WA-AHO,VM_023,18
348,1378708200,WA-AHO,VM_025,18
348,1378708200,PABFD,VM_012,10
348,1378708200,PABFD,VM_011,11
348,1378708200,PABFD,VM_025,12
348,1378708200,PABFD,VM_003,13
348,1378708200,PABFD,VM_023,13
348,1378708200,PABFD,VM_001,11
348,1378708200,PABFD,VM_013,12
349,1378708500,Standard_HO,VM_001,18
349,1378708500,Standard_HO,VM_003,18
349,1378708500,Standard_HO,VM_011,15
349,1378708500,Standard_HO,VM_012,18
349,1378708500,Standard_HO,VM_013,15
349,1378708500,Standard_HO,VM_023,18
349,1378708500,Standard_HO,VM_025,18
349,1378708500,WA-AHO,VM_001,17
349,1378708500,WA-AHO,VM_003,17
349,1378708500,WA-AHO,VM_011,17
349,1378708500,WA-AHO,VM_012,17
349,1378708500,WA-AHO,VM_013,14
349,1378708500,WA-AHO,VM_023,17
349,1378708500,WA-AHO,VM_025,14
349,1378708500,PABFD,VM_012,10
349,1378708500,PABFD,VM_011,11
349,1378708500,PABFD,VM_025,12
349,1378708500,PABFD,VM_003,13
349,1378708500,PABFD,VM_023,13
349,1378708500,PABFD,VM_001,11
349,1378708500,PABFD,VM_013,12
350,1378708800,Standard_HO,VM_001,18
350,1378708800,Standard_HO,VM_003,18
350,1378708800,Standard_HO,VM_011,13
350,1378708800,Standard_HO,VM_012,18
350,1378708800,Standard_HO,VM_013,13
350,1378708800,Standard_HO,VM_023,18
350,1378708800,Standard_HO,VM_025,18
350,1378708800,WA-AHO,VM_001,17
350,1378708800,WA-AHO,VM_003,17
350,1378708800,WA-AHO,VM_011,14
350,1378708800,WA-AHO,VM_012,17
350,1378708800,WA-AHO,VM_013,14
350,1378708800,WA-AHO,VM_023,17
350,1378708800,WA-AHO,VM_025,17
350,1378708800,PABFD,VM_012,10
350,1378708800,PABFD,VM_011,11
350,1378708800,PABFD,VM_025,12
350,1378708800,PABFD,VM_003,13
350,1378708800,PABFD,VM_023,13
350,1378708800,PABFD,VM_001,11
350,1378708800,PABFD,VM_013,12
351,1378709100,Standard_HO,VM_001,16
351,1378709100,Standard_HO,VM_003,16
351,1378709100,Standard_HO,VM_011,15
351,1378709100,Standard_HO,VM_012,16
351,1378709100,Standard_HO,VM_013,15
351,1378709100,Standard_HO,VM_023,16
351,1378709100,Standard_HO,VM_025,16
351,1378709100,WA-AHO,VM_001,18
351,1378709100,WA-AHO,VM_003,18
351,1378709100,WA-AHO,VM_011,13
351,1378709100,WA-AHO,VM_012,18
351,1378709100,WA-AHO,VM_013,13
351,1378709100,WA-AHO,VM_023,18
351,1378709100,WA-AHO,VM_025,18
351,1378709100,PABFD,VM_012,10
351,1378709100,PABFD,VM_011,11
351,1378709100,PABFD,VM_025,12
351,1378709100,PABFD,VM_003,13
351,1378709100,PABFD,VM_023,13
351,1378709100,PABFD,VM_001,11
351,1378709100,PABFD,VM_013,12
352,1378709400,Standard_HO,VM_001,18
352,1378709400,Standard_HO,VM_003,18
352,1378709400,Standard_HO,VM_011,11
352,1378709400,Standard_HO,VM_012,18
352,1378709400,Standard_HO,VM_013,11
352,1378709400,Standard_HO,VM_023,18
352,1378709400,Standard_HO,VM_025,18
352,1378709400,WA-AHO,VM_001,18
352,1378709400,WA-AHO,VM_003,18
352,1378709400,WA-AHO,VM_011,11
352,1378709400,WA-AHO,VM_012,18
352,1378709400,WA-AHO,VM_013,11
352,1378709400,WA-AHO,VM_023,18
352,1378709400,WA-AHO,VM_025,18
352,1378709400,PABFD,VM_012,10
352,1378709400,PABFD,VM_011,11
352,1378709400,PABFD,VM_025,12
352,1378709400,PABFD,VM_003,13
352,1378709400,PABFD,VM_023,13
352,1378709400,PABFD,VM_001,11
352,1378709400,PABFD,VM_013,12
353,1378709700,Standard_HO,VM_001,16
353,1378709700,Standard_HO,VM_003,16
353,1378709700,Standard_HO,VM_011,14
353,1378709700,Standard_HO,VM_012,16
353,1378709700,Standard_HO,VM_013,14
353,1378709700,Standard_HO,VM_023,16
353,1378709700,Standard_HO,VM_025,16
353,1378709700,WA-AHO,VM_001,19
353,1378709700,WA-AHO,VM_003,19
353,1378709700,WA-AHO,VM_011,12
353,1378709700,WA-AHO,VM_012,19
353,1378709700,WA-AHO,VM_013,12
353,1378709700,WA-AHO,VM_023,19
353,1378709700,WA-AHO,VM_025,19
353,1378709700,PABFD,VM_012,10
353,1378709700,PABFD,VM_011,11
353,1378709700,PABFD,VM_025,12
353,1378709700,PABFD,VM_003,13
353,1378709700,PABFD,VM_023,13
353,1378709700,PABFD,VM_001,11
353,1378709700,PABFD,VM_013,12
354,1378710000,Standard_HO,VM_001,17
354,1378710000,Standard_HO,VM_003,17
354,1378710000,Standard_HO,VM_011,10
354,1378710000,Standard_HO,VM_012,17
354,1378710000,Standard_HO,VM_013,10
354,1378710000,Standard_HO,VM_023,17
354,1378710000,Standard_HO,VM_025,17
354,1378710000,WA-AHO,VM_001,17
354,1378710000,WA-AHO,VM_003,17
354,1378710000,WA-AHO,VM_011,10
354,1378710000,WA-AHO,VM_012,17
354,1378710000,WA-AHO,VM_013,10
354,1378710000,WA-AHO,VM_023,17
354,1378710000,WA-AHO,VM_025,17
354,1378710000,PABFD,VM_012,10
354,1378710000,PABFD,VM_011,11
354,1378710000,PABFD,VM_025,12
354,1378710000,PABFD,VM_003,13
354,1378710000,PABFD,VM_023,13
354,1378710000,PABFD,VM_001,11
354,1378710000,PABFD,VM_013,12
355,1378710300,Standard_HO,VM_001,17
355,1378710300,Standard_HO,VM_003,17
355,1378710300,Standard_HO,VM_011,11
355,1378710300,Standard_HO,VM_012,17
355,1378710300,Standard_HO,VM_013,11
355,1378710300,Standard_HO,VM_023,17
355,1378710300,Standard_HO,VM_025,17
355,1378710300,WA-AHO,VM_001,17
355,1378710300,WA-AHO,VM_003,17
355,1378710300,WA-AHO,VM_011,15
355,1378710300,WA-AHO,VM_012,17
355,1378710300,WA-AHO,VM_013,15
355,1378710300,WA-AHO,VM_023,17
355,1378710300,WA-AHO,VM_025,17
355,1378710300,PABFD,VM_012,10
355,1378710300,PABFD,VM_011,11
355,1378710300,PABFD,VM_025,12
355,1378710300,PABFD,VM_003,13
355,1378710300,PABFD,VM_023,13
355,1378710300,PABFD,VM_001,11
355,1378710300,PABFD,VM_013,12
356,1378710600,Standard_HO,VM_001,18
356,1378710600,Standard_HO,VM_003,18
356,1378710600,Standard_HO,VM_011,13
356,1378710600,Standard_HO,VM_012,18
356,1378710600,Standard_HO,VM_013,13
356,1378710600,Standard_HO,VM_023,18
356,1378710600,Standard_HO,VM_025,18
356,1378710600,WA-AHO,VM_001,19
356,1378710600,WA-AHO,VM_003,19
356,1378710600,WA-AHO,VM_011,10
356,1378710600,WA-AHO,VM_012,19
356,1378710600,WA-AHO,VM_013,10
356,1378710600,WA-AHO,VM_023,19
356,1378710600,WA-AHO,VM_025,19
356,1378710600,PABFD,VM_012,10
356,1378710600,PABFD,VM_011,11
356,1378710600,PABFD,VM_025,12
356,1378710600,PABFD,VM_003,13
356,1378710600,PABFD,VM_023,13
356,1378710600,PABFD,VM_001,11
356,1378710600,PABFD,VM_013,12
357,1378710900,Standard_HO,VM_001,19
357,1378710900,Standard_HO,VM_003,19
357,1378710900,Standard_HO,VM_011,13
357,1378710900,Standard_HO,VM_012,19
357,1378710900,Standard_HO,VM_013,13
357,1378710900,Standard_HO,VM_023,19
357,1378710900,Standard_HO,VM_025,19
357,1378710900,WA-AHO,VM_001,17
357,1378710900,WA-AHO,VM_003,17
357,1378710900,WA-AHO,VM_011,12
357,1378710900,WA-AHO,VM_012,17
357,1378710900,WA-AHO,VM_013,12
357,1378710900,WA-AHO,VM_023,17
357,1378710900,WA-AHO,VM_025,17
357,1378710900,PABFD,VM_012,10
357,1378710900,PABFD,VM_011,11
357,1378710900,PABFD,VM_025,12
357,1378710900,PABFD,VM_003,13
357,1378710900,PABFD,VM_023,13
357,1378710900,PABFD,VM_001,11
357,1378710900,PABFD,VM_013,12
358,1378711200,Standard_HO,VM_001,18
358,1378711200,Standard_HO,VM_003,18
358,1378711200,Standard_HO,VM_011,15
358,1378711200,Standard_HO,VM_012,18
358,1378711200,Standard_HO,VM_013,15
358,1378711200,Standard_HO,VM_023,18
358,1378711200,Standard_HO,VM_025,18
358,1378711200,WA-AHO,VM_001,18
358,1378711200,WA-AHO,VM_003,18
358,1378711200,WA-AHO,VM_011,15
358,1378711200,WA-AHO,VM_012,18
358,1378711200,WA-AHO,VM_013,15
358,1378711200,WA-AHO,VM_023,18
358,1378711200,WA-AHO,VM_025,18
358,1378711200,PABFD,VM_012,10
358,1378711200,PABFD,VM_011,11
358,1378711200,PABFD,VM_025,12
358,1378711200,PABFD,VM_003,13
358,1378711200,PABFD,VM_023,13
358,1378711200,PABFD,VM_001,11
358,1378711200,PABFD,VM_013,12
359,1378711500,Standard_HO,VM_001,16
359,1378711500,Standard_HO,VM_003,16
359,1378711500,Standard_HO,VM_011,11
359,1378711500,Standard_HO,VM_012,16
359,1378711500,Standard_HO,VM_013,11
359,1378711500,Standard_HO,VM_023,16
359,1378711500,Standard_HO,VM_025,16
359,1378711500,WA-AHO,VM_001,18
359,1378711500,WA-AHO,VM_003,18
359,1378711500,WA-AHO,VM_011,14
359,1378711500,WA-AHO,VM_012,18
359,1378711500,WA-AHO,VM_013,14
359,1378711500,WA-AHO,VM_023,18
359,1378711500,WA-AHO,VM_025,18
359,1378711500,PABFD,VM_012,10
359,1378711500,PABFD,VM_011,11
359,1378711500,PABFD,VM_025,12
359,1378711500,PABFD,VM_003,13
359,1378711500,PABFD,VM_023,13
359,1378711500,PABFD,VM_001,11
359,1378711500,PABFD,VM_013,12
360,1378711800,Standard_HO,VM_001,18
360,1378711800,Standard_HO,VM_003,18
360,1378711800,Standard_HO,VM_011,13
360,1378711800,Standard_HO,VM_012,18
360,1378711800,Standard_HO,VM_013,13
360,1378711800,Standard_HO,VM_023,18
360,1378711800,Standard_HO,VM_025,18
360,1378711800,WA-AHO,VM_001,19
360,1378711800,WA-AHO,VM_003,19
360,1378711800,WA-AHO,VM_011,12
360,1378711800,WA-AHO,VM_012,19
360,1378711800,WA-AHO,VM_013,12
360,1378711800,WA-AHO,VM_023,19
360,1378711800,WA-AHO,VM_025,19
360,1378711800,PABFD,VM_012,10
360,1378711800,PABFD,VM_011,11
360,1378711800,PABFD,VM_025,12
360,1378711800,PABFD,VM_003,13
360,1378711800,PABFD,VM_023,13
360,1378711800,PABFD,VM_001,11
360,1378711800,PABFD,VM_013,12
361,1378712100,Standard_HO,VM_001,16
361,1378712100,Standard_HO,VM_003,16
361,1378712100,Standard_HO,VM_011,14
361,1378712100,Standard_HO,VM_012,16
361,1378712100,Standard_HO,VM_013,14
361,1378712100,Standard_HO,VM_023,16
361,1378712100,Standard_HO,VM_025,16
361,1378712100,WA-AHO,VM_001,18
361,1378712100,WA-AHO,VM_003,18
361,1378712100,WA-AHO,VM_011,10
361,1378712100,WA-AHO,VM_012,18
361,1378712100,WA-AHO,VM_013,10
361,1378712100,WA-AHO,VM_023,18
361,1378712100,WA-AHO,VM_025,18
361,1378712100,PABFD,VM_012,10
361,1378712100,PABFD,VM_011,11
361,1378712100,PABFD,VM_025,12
361,1378712100,PABFD,VM_003,13
361,1378712100,PABFD,VM_023,13
361,1378712100,PABFD,VM_001,11
361,1378712100,PABFD,VM_013,12
362,1378712400,Standard_HO,VM_001,19
362,1378712400,Standard_HO,VM_003,19
362,1378712400,Standard_HO,VM_011,15
362,1378712400,Standard_HO,VM_012,19
362,1378712400,Standard_HO,VM_013,15
362,1378712400,Standard_HO,VM_023,19
362,1378712400,Standard_HO,VM_025,19
362,1378712400,WA-AHO,VM_001,18
362,1378712400,WA-AHO,VM_003,18
362,1378712400,WA-AHO,VM_011,12
362,1378712400,WA-AHO,VM_012,18
362,1378712400,WA-AHO,VM_013,12
362,1378712400,WA-AHO,VM_023,18
362,1378712400,WA-AHO,VM_025,18
362,1378712400,PABFD,VM_012,10
362,1378712400,PABFD,VM_011,11
362,1378712400,PABFD,VM_025,12
362,1378712400,PABFD,VM_003,13
362,1378712400,PABFD,VM_023,13
362,1378712400,PABFD,VM_001,11
362,1378712400,PABFD,VM_013,12
363,1378712700,Standard_HO,VM_001,19
363,1378712700,Standard_HO,VM_003,19
363,1378712700,Standard_HO,VM_011,14
363,1378712700,Standard_HO,VM_012,19
363,1378712700,Standard_HO,VM_013,14
363,1378712700,Standard_HO,VM_023,19
363,1378712700,Standard_HO,VM_025,19
363,1378712700,WA-AHO,VM_001,19
363,1378712700,WA-AHO,VM_003,19
363,1378712700,WA-AHO,VM_011,14
363,1378712700,WA-AHO,VM_012,19
363,1378712700,WA-AHO,VM_013,14
363,1378712700,WA-AHO,VM_023,19
363,1378712700,WA-AHO,VM_025,19
363,1378712700,PABFD,VM_012,10
363,1378712700,PABFD,VM_011,11
363,1378712700,PABFD,VM_025,12
363,1378712700,PABFD,VM_003,13
363,1378712700,PABFD,VM_023,13
363,1378712700,PABFD,VM_001,11
363,1378712700,PABFD,VM_013,12
364,1378713000,Standard_HO,VM_001,18
364,1378713000,Standard_HO,VM_003,18
364,1378713000,Standard_HO,VM_011,15
364,1378713000,Standard_HO,VM_012,18
364,1378713000,Standard_HO,VM_013,15
364,1378713000,Standard_HO,VM_023,18
364,1378713000,Standard_HO,VM_025,18
364,1378713000,WA-AHO,VM_001,19
364,1378713000,WA-AHO,VM_003,19
364,1378713000,WA-AHO,VM_011,12
364,1378713000,WA-AHO,VM_012,19
364,1378713000,WA-AHO,VM_013,12
364,1378713000,WA-AHO,VM_023,19
364,1378713000,WA-AHO,VM_025,19
364,1378713000,PABFD,VM_012,10
364,1378713000,PABFD,VM_011,11
364,1378713000,PABFD,VM_025,12
364,1378713000,PABFD,VM_003,13
364,1378713000,PABFD,VM_023,13
364,1378713000,PABFD,VM_001,11
364,1378713000,PABFD,VM_013,12
365,1378713300,Standard_HO,VM_001,17
365,1378713300,Standard_HO,VM_003,17
365,1378713300,Standard_HO,VM_011,13
365,1378713300,Standard_HO,VM_012,17
365,1378713300,Standard_HO,VM_013,13
365,1378713300,Standard_HO,VM_023,17
365,1378713300,Standard_HO,VM_025,17
365,1378713300,WA-AHO,VM_001,17
365,1378713300,WA-AHO,VM_003,17
365,1378713300,WA-AHO,VM_011,14
365,1378713300,WA-AHO,VM_012,17
365,1378713300,WA-AHO,VM_013,14
365,1378713300,WA-AHO,VM_023,17
365,1378713300,WA-AHO,VM_025,17
365,1378713300,PABFD,VM_012,10
365,1378713300,PABFD,VM_011,11
365,1378713300,PABFD,VM_025,12
365,1378713300,PABFD,VM_003,13
365,1378713300,PABFD,VM_023,13
365,1378713300,PABFD,VM_001,11
365,1378713300,PABFD,VM_013,12
366,1378713600,Standard_HO,VM_001,19
366,1378713600,Standard_HO,VM_003,19
366,1378713600,Standard_HO,VM_011,12
366,1378713600,Standard_HO,VM_012,19
366,1378713600,Standard_HO,VM_013,12
366,1378713600,Standard_HO,VM_023,19
366,1378713600,Standard_HO,VM_025,19
366,1378713600,WA-AHO,VM_001,19
366,1378713600,WA-AHO,VM_003,19
366,1378713600,WA-AHO,VM_011,14
366,1378713600,WA-AHO,VM_012,19
366,1378713600,WA-AHO,VM_013,14
366,1378713600,WA-AHO,VM_023,19
366,1378713600,WA-AHO,VM_025,19
366,1378713600,PABFD,VM_012,10
366,1378713600,PABFD,VM_011,11
366,1378713600,PABFD,VM_025,12
366,1378713600,PABFD,VM_003,13
366,1378713600,PABFD,VM_023,13
366,1378713600,PABFD,VM_001,11
366,1378713600,PABFD,VM_013,12
367,1378713900,Standard_HO,VM_001,19
367,1378713900,Standard_HO,VM_003,19
367,1378713900,Standard_HO,VM_011,10
367,1378713900,Standard_HO,VM_012,19
367,1378713900,Standard_HO,VM_013,10
367,1378713900,Standard_HO,VM_023,19
367,1378713900,Standard_HO,VM_025,19
367,1378713900,WA-AHO,VM_001,19
367,1378713900,WA-AHO,VM_003,19
367,1378713900,WA-AHO,VM_011,11
367,1378713900,WA-AHO,VM_012,19
367,1378713900,WA-AHO,VM_013,11
367,1378713900,WA-AHO,VM_023,19
367,1378713900,WA-AHO,VM_025,19
367,1378713900,PABFD,VM_012,10
367,1378713900,PABFD,VM_011,11
367,1378713900,PABFD,VM_025,12
367,1378713900,PABFD,VM_003,13
367,1378713900,PABFD,VM_023,13
367,1378713900,PABFD,VM_001,11
367,1378713900,PABFD,VM_013,12
368,1378714200,Standard_HO,VM_001,17
368,1378714200,Standard_HO,VM_003,14
368,1378714200,Standard_HO,VM_011,17
368,1378714200,Standard_HO,VM_012,17
368,1378714200,Standard_HO,VM_013,17
368,1378714200,Standard_HO,VM_023,14
368,1378714200,Standard_HO,VM_025,17
368,1378714200,WA-AHO,VM_001,16
368,1378714200,WA-AHO,VM_003,16
368,1378714200,WA-AHO,VM_011,12
368,1378714200,WA-AHO,VM_012,16
368,1378714200,WA-AHO,VM_013,12
368,1378714200,WA-AHO,VM_023,16
368,1378714200,WA-AHO,VM_025,16
368,1378714200,PABFD,VM_012,10
368,1378714200,PABFD,VM_011,11
368,1378714200,PABFD,VM_025,12
368,1378714200,PABFD,VM_003,13
368,1378714200,PABFD,VM_023,13
368,1378714200,PABFD,VM_001,11
368,1378714200,PABFD,VM_013,12
369,1378714500,Standard_HO,VM_001,16
369,1378714500,Standard_HO,VM_003,16
369,1378714500,Standard_HO,VM_011,14
369,1378714500,Standard_HO,VM_012,16
369,1378714500,Standard_HO,VM_013,14
369,1378714500,Standard_HO,VM_023,16
369,1378714500,Standard_HO,VM_025,16
369,1378714500,WA-AHO,VM_001,19
369,1378714500,WA-AHO,VM_003,19
369,1378714500,WA-AHO,VM_011,12
369,1378714500,WA-AHO,VM_012,19
369,1378714500,WA-AHO,VM_013,12
369,1378714500,WA-AHO,VM_023,19
369,1378714500,WA-AHO,VM_025,19
369,1378714500,PABFD,VM_012,10
369,1378714500,PABFD,VM_011,11
369,1378714500,PABFD,VM_025,12
369,1378714500,PABFD,VM_003,13
369,1378714500,PABFD,VM_023,13
369,1378714500,PABFD,VM_001,11
369,1378714500,PABFD,VM_013,12
370,1378714800,Standard_HO,VM_001,17
370,1378714800,Standard_HO,VM_003,17
370,1378714800,Standard_HO,VM_011,12
370,1378714800,Standard_HO,VM_012,17
370,1378714800,Standard_HO,VM_013,12
370,1378714800,Standard_HO,VM_023,17
370,1378714800,Standard_HO,VM_025,17
370,1378714800,WA-AHO,VM_001,17
370,1378714800,WA-AHO,VM_003,17
370,1378714800,WA-AHO,VM_011,15
370,1378714800,WA-AHO,VM_012,17
370,1378714800,WA-AHO,VM_013,15
370,1378714800,WA-AHO,VM_023,17
370,1378714800,WA-AHO,VM_025,17
370,1378714800,PABFD,VM_012,10
370,1378714800,PABFD,VM_011,11
370,1378714800,PABFD,VM_025,12
370,1378714800,PABFD,VM_003,13
370,1378714800,PABFD,VM_023,13
370,1378714800,PABFD,VM_001,11
370,1378714800,PABFD,VM_013,12
371,1378715100,Standard_HO,VM_001,16
371,1378715100,Standard_HO,VM_003,16
371,1378715100,Standard_HO,VM_011,10
371,1378715100,Standard_HO,VM_012,16
371,1378715100,Standard_HO,VM_013,10
371,1378715100,Standard_HO,VM_023,16
371,1378715100,Standard_HO,VM_025,16
371,1378715100,WA-AHO,VM_001,19
371,1378715100,WA-AHO,VM_003,19
371,1378715100,WA-AHO,VM_011,10
371,1378715100,WA-AHO,VM_012,19
371,1378715100,WA-AHO,VM_013,10
371,1378715100,WA-AHO,VM_023,19
371,1378715100,WA-AHO,VM_025,19
371,1378715100,PABFD,VM_012,10
371,1378715100,PABFD,VM_011,11
371,1378715100,PABFD,VM_025,12
371,1378715100,PABFD,VM_003,13
371,1378715100,PABFD,VM_023,13
371,1378715100,PABFD,VM_001,11
371,1378715100,PABFD,VM_013,12
372,1378715400,Standard_HO,VM_001,18
372,1378715400,Standard_HO,VM_003,18
372,1378715400,Standard_HO,VM_011,12
372,1378715400,Standard_HO,VM_012,18
372,1378715400,Standard_HO,VM_013,12
372,1378715400,Standard_HO,VM_023,18
372,1378715400,Standard_HO,VM_025,18
372,1378715400,WA-AHO,VM_001,18
372,1378715400,WA-AHO,VM_003,18
372,1378715400,WA-AHO,VM_011,12
372,1378715400,WA-AHO,VM_012,18
372,1378715400,WA-AHO,VM_013,12
372,1378715400,WA-AHO,VM_023,18
372,1378715400,WA-AHO,VM_025,18
372,1378715400,PABFD,VM_012,10
372,1378715400,PABFD,VM_011,11
372,1378715400,PABFD,VM_025,12
372,1378715400,PABFD,VM_003,13
372,1378715400,PABFD,VM_023,13
372,1378715400,PABFD,VM_001,11
372,1378715400,PABFD,VM_013,12
373,1378715700,Standard_HO,VM_001,19
373,1378715700,Standard_HO,VM_003,19
373,1378715700,Standard_HO,VM_011,10
373,1378715700,Standard_HO,VM_012,19
373,1378715700,Standard_HO,VM_013,10
373,1378715700,Standard_HO,VM_023,19
373,1378715700,Standard_HO,VM_025,19
373,1378715700,WA-AHO,VM_001,19
373,1378715700,WA-AHO,VM_003,19
373,1378715700,WA-AHO,VM_011,10
373,1378715700,WA-AHO,VM_012,19
373,1378715700,WA-AHO,VM_013,10
373,1378715700,WA-AHO,VM_023,19
373,1378715700,WA-AHO,VM_025,19
373,1378715700,PABFD,VM_012,10
373,1378715700,PABFD,VM_011,11
373,1378715700,PABFD,VM_025,12
373,1378715700,PABFD,VM_003,13
373,1378715700,PABFD,VM_023,13
373,1378715700,PABFD,VM_001,11
373,1378715700,PABFD,VM_013,12
374,1378716000,Standard_HO,VM_001,17
374,1378716000,Standard_HO,VM_003,17
374,1378716000,Standard_HO,VM_011,11
374,1378716000,Standard_HO,VM_012,17
374,1378716000,Standard_HO,VM_013,11
374,1378716000,Standard_HO,VM_023,17
374,1378716000,Standard_HO,VM_025,17
374,1378716000,WA-AHO,VM_001,17
374,1378716000,WA-AHO,VM_003,17
374,1378716000,WA-AHO,VM_011,14
374,1378716000,WA-AHO,VM_012,17
374,1378716000,WA-AHO,VM_013,14
374,1378716000,WA-AHO,VM_023,17
374,1378716000,WA-AHO,VM_025,17
374,1378716000,PABFD,VM_012,10
374,1378716000,PABFD,VM_011,11
374,1378716000,PABFD,VM_025,12
374,1378716000,PABFD,VM_003,13
374,1378716000,PABFD,VM_023,13
374,1378716000,PABFD,VM_001,11
374,1378716000,PABFD,VM_013,12
375,1378716300,Standard_HO,VM_001,16
375,1378716300,Standard_HO,VM_003,16
375,1378716300,Standard_HO,VM_011,13
375,1378716300,Standard_HO,VM_012,16
375,1378716300,Standard_HO,VM_013,13
375,1378716300,Standard_HO,VM_023,16
375,1378716300,Standard_HO,VM_025,16
375,1378716300,WA-AHO,VM_001,18
375,1378716300,WA-AHO,VM_003,18
375,1378716300,WA-AHO,VM_011,18
375,1378716300,WA-AHO,VM_012,18
375,1378716300,WA-AHO,VM_013,12
375,1378716300,WA-AHO,VM_023,18
375,1378716300,WA-AHO,VM_025,12
375,1378716300,PABFD,VM_012,10
375,1378716300,PABFD,VM_011,11
375,1378716300,PABFD,VM_025,12
375,1378716300,PABFD,VM_003,13
375,1378716300,PABFD,VM_023,13
375,1378716300,PABFD,VM_001,11
375,1378716300,PABFD,VM_013,12
376,1378716600,Standard_HO,VM_001,13
376,1378716600,Standard_HO,VM_003,16
376,1378716600,Standard_HO,VM_011,16
376,1378716600,Standard_HO,VM_012,16
376,1378716600,Standard_HO,VM_013,13
376,1378716600,Standard_HO,VM_023,13
376,1378716600,Standard_HO,VM_025,16
376,1378716600,WA-AHO,VM_001,15
376,1378716600,WA-AHO,VM_003,16
376,1378716600,WA-AHO,VM_011,16
376,1378716600,WA-AHO,VM_012,16
376,1378716600,WA-AHO,VM_013,16
376,1378716600,WA-AHO,VM_023,16
376,1378716600,WA-AHO,VM_025,15
376,1378716600,PABFD,VM_012,10
376,1378716600,PABFD,VM_011,11
376,1378716600,PABFD,VM_025,12
376,1378716600,PABFD,VM_003,13
376,1378716600,PABFD,VM_023,13
376,1378716600,PABFD,VM_001,11
376,1378716600,PABFD,VM_013,12
377,1378716900,Standard_HO,VM_001,13
377,1378716900,Standard_HO,VM_003,17
377,1378716900,Standard_HO,VM_011,17
377,1378716900,Standard_HO,VM_012,17
377,1378716900,Standard_HO,VM_013,13
377,1378716900,Standard_HO,VM_023,13
377,1378716900,Standard_HO,VM_025,17
377,1378716900,WA-AHO,VM_001,18
377,1378716900,WA-AHO,VM_003,18
377,1378716900,WA-AHO,VM_011,18
377,1378716900,WA-AHO,VM_012,18
377,1378716900,WA-AHO,VM_013,13
377,1378716900,WA-AHO,VM_023,18
377,1378716900,WA-AHO,VM_025,13
377,1378716900,PABFD,VM_012,10
377,1378716900,PABFD,VM_011,11
377,1378716900,PABFD,VM_025,12
377,1378716900,PABFD,VM_003,13
377,1378716900,PABFD,VM_023,13
377,1378716900,PABFD,VM_001,11
377,1378716900,PABFD,VM_013,12
378,1378717200,Standard_HO,VM_001,10
378,1378717200,Standard_HO,VM_003,18
378,1378717200,Standard_HO,VM_011,18
378,1378717200,Standard_HO,VM_012,18
378,1378717200,Standard_HO,VM_013,10
378,1378717200,Standard_HO,VM_023,10
378,1378717200,Standard_HO,VM_025,18
378,1378717200,WA-AHO,VM_001,12
378,1378717200,WA-AHO,VM_003,17
378,1378717200,WA-AHO,VM_011,17
378,1378717200,WA-AHO,VM_012,17
378,1378717200,WA-AHO,VM_013,12
378,1378717200,WA-AHO,VM_023,12
378,1378717200,WA-AHO,VM_025,17
378,1378717200,PABFD,VM_012,10
378,1378717200,PABFD,VM_011,11
378,1378717200,PABFD,VM_025,12
378,1378717200,PABFD,VM_003,13
378,1378717200,PABFD,VM_023,13
378,1378717200,PABFD,VM_001,11
378,1378717200,PABFD,VM_013,12
379,1378717500,Standard_HO,VM_001,11
379,1378717500,Standard_HO,VM_003,17
379,1378717500,Standard_HO,VM_011,17
379,1378717500,Standard_HO,VM_012,17
379,1378717500,Standard_HO,VM_013,17
379,1378717500,Standard_HO,VM_023,17
379,1378717500,Standard_HO,VM_025,11
379,1378717500,WA-AHO,VM_001,17
379,1378717500,WA-AHO,VM_003,17
379,1378717500,WA-AHO,VM_011,17
379,1378717500,WA-AHO,VM_012,17
379,1378717500,WA-AHO,VM_013,14
379,1378717500,WA-AHO,VM_023,17
379,1378717500,WA-AHO,VM_025,14
379,1378717500,PABFD,VM_012,10
379,1378717500,PABFD,VM_011,11
379,1378717500,PABFD,VM_025,12
379,1378717500,PABFD,VM_003,13
379,1378717500,PABFD,VM_023,13
379,1378717500,PABFD,VM_001,11
379,1378717500,PABFD,VM_013,12
380,1378717800,Standard_HO,VM_001,12
380,1378717800,Standard_HO,VM_003,19
380,1378717800,Standard_HO,VM_011,19
380,1378717800,Standard_HO,VM_012,19
380,1378717800,Standard_HO,VM_013,12
380,1378717800,Standard_HO,VM_023,12
380,1378717800,Standard_HO,VM_025,19
380,1378717800,WA-AHO,VM_001,16
380,1378717800,WA-AHO,VM_003,16
380,1378717800,WA-AHO,VM_011,10
380,1378717800,WA-AHO,VM_012,16
380,1378717800,WA-AHO,VM_013,10
380,1378717800,WA-AHO,VM_023,16
380,1378717800,WA-AHO,VM_025,16
380,1378717800,PABFD,VM_012,10
380,1378717800,PABFD,VM_011,11
380,1378717800,PABFD,VM_025,12
380,1378717800,PABFD,VM_003,13
380,1378717800,PABFD,VM_023,13
380,1378717800,PABFD,VM_001,11
380,1378717800,PABFD,VM_013,12
381,1378718100,Standard_HO,VM_001,15
381,1378718100,Standard_HO,VM_003,18
381,1378718100,Standard_HO,VM_011,18
381,1378718100,Standard_HO,VM_012,18
381,1378718100,Standard_HO,VM_013,15
381,1378718100,Standard_HO,VM_023,15
381,1378718100,Standard_HO,VM_025,18
381,1378718100,WA-AHO,VM_001,19
381,1378718100,WA-AHO,VM_003,19
381,1378718100,WA-AHO,VM_011,19
381,1378718100,WA-AHO,VM_012,19
381,1378718100,WA-AHO,VM_013,11
381,1378718100,WA-AHO,VM_023,19
381,1378718100,WA-AHO,VM_025,11
381,1378718100,PABFD,VM_012,10
381,1378718100,PABFD,VM_011,11
381,1378718100,PABFD,VM_025,12
381,1378718100,PABFD,VM_003,13
381,1378718100,PABFD,VM_023,13
381,1378718100,PABFD,VM_001,11
381,1378718100,PABFD,VM_013,12
382,1378718400,Standard_HO,VM_001,14
382,1378718400,Standard_HO,VM_003,19
382,1378718400,Standard_HO,VM_011,19
382,1378718400,Standard_HO,VM_012,19
382,1378718400,Standard_HO,VM_013,14
382,1378718400,Standard_HO,VM_023,14
382,1378718400,Standard_HO,VM_025,19
382,1378718400,WA-AHO,VM_001,14
382,1378718400,WA-AHO,VM_003,19
382,1378718400,WA-AHO,VM_011,19
382,1378718400,WA-AHO,VM_012,19
382,1378718400,WA-AHO,VM_013,14
382,1378718400,WA-AHO,VM_023,14
382,1378718400,WA-AHO,VM_025,19
382,1378718400,PABFD,VM_012,10
382,1378718400,PABFD,VM_011,11
382,1378718400,PABFD,VM_025,12
382,1378718400,PABFD,VM_003,13
382,1378718400,PABFD,VM_023,13
382,1378718400,PABFD,VM_001,11
382,1378718400,PABFD,VM_013,12
383,1378718700,Standard_HO,VM_001,10
383,1378718700,Standard_HO,VM_003,19
383,1378718700,Standard_HO,VM_011,19
383,1378718700,Standard_HO,VM_012,19
383,1378718700,Standard_HO,VM_013,10
383,1378718700,Standard_HO,VM_023,10
383,1378718700,Standard_HO,VM_025,19
383,1378718700,WA-AHO,VM_001,10
383,1378718700,WA-AHO,VM_003,19
383,1378718700,WA-AHO,VM_011,19
383,1378718700,WA-AHO,VM_012,19
383,1378718700,WA-AHO,VM_013,10
383,1378718700,WA-AHO,VM_023,10
383,1378718700,WA-AHO,VM_025,19
383,1378718700,PABFD,VM_012,10
383,1378718700,PABFD,VM_011,11
383,1378718700,PABFD,VM_025,12
383,1378718700,PABFD,VM_003,13
383,1378718700,PABFD,VM_023,13
383,1378718700,PABFD,VM_001,11
383,1378718700,PABFD,VM_013,12
384,1378719000,Standard_HO,VM_001,11
384,1378719000,Standard_HO,VM_003,19
384,1378719000,Standard_HO,VM_011,19
384,1378719000,Standard_HO,VM_012,19
384,1378719000,Standard_HO,VM_013,11
384,1378719000,Standard_HO,VM_023,11
384,1378719000,Standard_HO,VM_025,19
384,1378719000,WA-AHO,VM_001,16
384,1378719000,WA-AHO,VM_003,13
384,1378719000,WA-AHO,VM_011,16
384,1378719000,WA-AHO,VM_012,16
384,1378719000,WA-AHO,VM_013,16
384,1378719000,WA-AHO,VM_023,13
384,1378719000,WA-AHO,VM_025,16
384,1378719000,PABFD,VM_012,10
384,1378719000,PABFD,VM_011,11
384,1378719000,PABFD,VM_025,12
384,1378719000,PABFD,VM_003,13
384,1378719000,PABFD,VM_023,13
384,1378719000,PABFD,VM_001,11
384,1378719000,PABFD,VM_013,12
385,1378719300,Standard_HO,VM_001,14
385,1378719300,Standard_HO,VM_003,17
385,1378719300,Standard_HO,VM_011,17
385,1378719300,Standard_HO,VM_012,17
385,1378719300,Standard_HO,VM_013,14
385,1378719300,Standard_HO,VM_023,14
385,1378719300,Standard_HO,VM_025,17
385,1378719300,WA-AHO,VM_001,12
385,1378719300,WA-AHO,VM_003,19
385,1378719300,WA-AHO,VM_011,12
385,1378719300,WA-AHO,VM_012,19
385,1378719300,WA-AHO,VM_013,19
385,1378719300,WA-AHO,VM_023,19
385,1378719300,WA-AHO,VM_025,19
385,1378719300,PABFD,VM_012,10
385,1378719300,PABFD,VM_011,11
385,1378719300,PABFD,VM_025,12
385,1378719300,PABFD,VM_003,13
385,1378719300,PABFD,VM_023,13
385,1378719300,PABFD,VM_001,11
385,1378719300,PABFD,VM_013,12
386,1378719600,Standard_HO,VM_001,10
386,1378719600,Standard_HO,VM_003,18
386,1378719600,Standard_HO,VM_011,18
386,1378719600,Standard_HO,VM_012,18
386,1378719600,Standard_HO,VM_013,10
386,1378719600,Standard_HO,VM_023,10
386,1378719600,Standard_HO,VM_025,18
386,1378719600,WA-AHO,VM_001,19
386,1378719600,WA-AHO,VM_003,19
386,1378719600,WA-AHO,VM_011,19
386,1378719600,WA-AHO,VM_012,19
386,1378719600,WA-AHO,VM_013,14
386,1378719600,WA-AHO,VM_023,19
386,1378719600,WA-AHO,VM_025,14
386,1378719600,PABFD,VM_012,10
386,1378719600,PABFD,VM_011,11
386,1378719600,PABFD,VM_025,12
386,1378719600,PABFD,VM_003,13
386,1378719600,PABFD,VM_023,13
386,1378719600,PABFD,VM_001,11
386,1378719600,PABFD,VM_013,12
387,1378719900,Standard_HO,VM_001,15
387,1378719900,Standard_HO,VM_003,18
387,1378719900,Standard_HO,VM_011,15
387,1378719900,Standard_HO,VM_012,18
387,1378719900,Standard_HO,VM_013,18
387,1378719900,Standard_HO,VM_023,18
387,1378719900,Standard_HO,VM_025,18
387,1378719900,WA-AHO,VM_001,17
387,1378719900,WA-AHO,VM_003,17
387,1378719900,WA-AHO,VM_011,17
387,1378719900,WA-AHO,VM_012,17
387,1378719900,WA-AHO,VM_013,13
387,1378719900,WA-AHO,VM_023,17
387,1378719900,WA-AHO,VM_025,13
387,1378719900,PABFD,VM_012,10
387,1378719900,PABFD,VM_011,11
387,1378719900,PABFD,VM_025,12
387,1378719900,PABFD,VM_003,13
387,1378719900,PABFD,VM_023,13
387,1378719900,PABFD,VM_001,11
387,1378719900,PABFD,VM_013,12
388,1378720200,Standard_HO,VM_001,13
388,1378720200,Standard_HO,VM_003,18
388,1378720200,Standard_HO,VM_011,18
388,1378720200,Standard_HO,VM_012,18
388,1378720200,Standard_HO,VM_013,13
388,1378720200,Standard_HO,VM_023,13
388,1378720200,Standard_HO,VM_025,18
388,1378720200,WA-AHO,VM_001,15
388,1378720200,WA-AHO,VM_003,18
388,1378720200,WA-AHO,VM_011,18
388,1378720200,WA-AHO,VM_012,18
388,1378720200,WA-AHO,VM_013,15
388,1378720200,WA-AHO,VM_023,15
388,1378720200,WA-AHO,VM_025,18
388,1378720200,PABFD,VM_012,10
388,1378720200,PABFD,VM_011,11
388,1378720200,PABFD,VM_025,12
388,1378720200,PABFD,VM_003,13
388,1378720200,PABFD,VM_023,13
388,1378720200,PABFD,VM_001,11
388,1378720200,PABFD,VM_013,12
389,1378720500,Standard_HO,VM_001,15
389,1378720500,Standard_HO,VM_003,17
389,1378720500,Standard_HO,VM_011,17
389,1378720500,Standard_HO,VM_012,17
389,1378720500,Standard_HO,VM_013,17
389,1378720500,Standard_HO,VM_023,17
389,1378720500,Standard_HO,VM_025,15
389,1378720500,WA-AHO,VM_001,12
389,1378720500,WA-AHO,VM_003,12
389,1378720500,WA-AHO,VM_011,19
389,1378720500,WA-AHO,VM_012,19
389,1378720500,WA-AHO,VM_013,12
389,1378720500,WA-AHO,VM_023,19
389,1378720500,WA-AHO,VM_025,19
389,1378720500,PABFD,VM_012,10
389,1378720500,PABFD,VM_011,11
389,1378720500,PABFD,VM_025,12
389,1378720500,PABFD,VM_003,13
389,1378720500,PABFD,VM_023,13
389,1378720500,PABFD,VM_001,11
389,1378720500,PABFD,VM_013,12
390,1378720800,Standard_HO,VM_001,15
390,1378720800,Standard_HO,VM_003,17
390,1378720800,Standard_HO,VM_011,17
390,1378720800,Standard_HO,VM_012,17
390,1378720800,Standard_HO,VM_013,17
390,1378720800,Standard_HO,VM_023,17
390,1378720800,Standard_HO,VM_025,15
390,1378720800,WA-AHO,VM_001,14
390,1378720800,WA-AHO,VM_003,19
390,1378720800,WA-AHO,VM_011,19
390,1378720800,WA-AHO,VM_012,19
390,1378720800,WA-AHO,VM_013,14
390,1378720800,WA-AHO,VM_023,14
390,1378720800,WA-AHO,VM_025,19
390,1378720800,PABFD,VM_012,10
390,1378720800,PABFD,VM_011,11
390,1378720800,PABFD,VM_025,12
390,1378720800,PABFD,VM_003,13
390,1378720800,PABFD,VM_023,13
390,1378720800,PABFD,VM_001,11
390,1378720800,PABFD,VM_013,12
391,1378721100,Standard_HO,VM_001,11
391,1378721100,Standard_HO,VM_003,18
391,1378721100,Standard_HO,VM_011,18
391,1378721100,Standard_HO,VM_012,18
391,1378721100,Standard_HO,VM_013,18
391,1378721100,Standard_HO,VM_023,18
391,1378721100,Standard_HO,VM_025,11
391,1378721100,WA-AHO,VM_001,18
391,1378721100,WA-AHO,VM_003,18
391,1378721100,WA-AHO,VM_011,18
391,1378721100,WA-AHO,VM_012,18
391,1378721100,WA-AHO,VM_013,13
391,1378721100,WA-AHO,VM_023,18
391,1378721100,WA-AHO,VM_025,13
391,1378721100,PABFD,VM_012,10
391,1378721100,PABFD,VM_011,11
391,1378721100,PABFD,VM_025,12
391,1378721100,PABFD,VM_003,13
391,1378721100,PABFD,VM_023,13
391,1378721100,PABFD,VM_001,11
391,1378721100,PABFD,VM_013,12
392,1378721400,Standard_HO,VM_001,14
392,1378721400,Standard_HO,VM_003,19
392,1378721400,Standard_HO,VM_011,19
392,1378721400,Standard_HO,VM_012,19
392,1378721400,Standard_HO,VM_013,19
392,1378721400,Standard_HO,VM_023,19
392,1378721400,Standard_HO,VM_025,14
392,1378721400,WA-AHO,VM_001,13
392,1378721400,WA-AHO,VM_003,19
392,1378721400,WA-AHO,VM_011,19
392,1378721400,WA-AHO,VM_012,19
392,1378721400,WA-AHO,VM_013,13
392,1378721400,WA-AHO,VM_023,13
392,1378721400,WA-AHO,VM_025,19
392,1378721400,PABFD,VM_012,10
392,1378721400,PABFD,VM_011,11
392,1378721400,PABFD,VM_025,12
392,1378721400,PABFD,VM_003,13
392,1378721400,PABFD,VM_023,13
392,1378721400,PABFD,VM_001,11
392,1378721400,PABFD,VM_013,12
393,1378721700,Standard_HO,VM_001,10
393,1378721700,Standard_HO,VM_003,19
393,1378721700,Standard_HO,VM_011,19
393,1378721700,Standard_HO,VM_012,19
393,1378721700,Standard_HO,VM_013,10
393,1378721700,Standard_HO,VM_023,10
393,1378721700,Standard_HO,VM_025,19
393,1378721700,WA-AHO,VM_001,11
393,1378721700,WA-AHO,VM_003,18
393,1378721700,WA-AHO,VM_011,18
393,1378721700,WA-AHO,VM_012,18
393,1378721700,WA-AHO,VM_013,11
393,1378721700,WA-AHO,VM_023,11
393,1378721700,WA-AHO,VM_025,18
393,1378721700,PABFD,VM_012,10
393,1378721700,PABFD,VM_011,11
393,1378721700,PABFD,VM_025,12
393,1378721700,PABFD,VM_003,13
393,1378721700,PABFD,VM_023,13
393,1378721700,PABFD,VM_001,11
393,1378721700,PABFD,VM_013,12
394,1378722000,Standard_HO,VM_001,13
394,1378722000,Standard_HO,VM_003,19
394,1378722000,Standard_HO,VM_011,19
394,1378722000,Standard_HO,VM_012,19
394,1378722000,Standard_HO,VM_013,19
394,1378722000,Standard_HO,VM_023,19
394,1378722000,Standard_HO,VM_025,13
394,1378722000,WA-AHO,VM_001,12
394,1378722000,WA-AHO,VM_003,16
394,1378722000,WA-AHO,VM_011,16
394,1378722000,WA-AHO,VM_012,16
394,1378722000,WA-AHO,VM_013,12
394,1378722000,WA-AHO,VM_023,12
394,1378722000,WA-AHO,VM_025,16
394,1378722000,PABFD,VM_012,10
394,1378722000,PABFD,VM_011,11
394,1378722000,PABFD,VM_025,12
394,1378722000,PABFD,VM_003,13
394,1378722000,PABFD,VM_023,13
394,1378722000,PABFD,VM_001,11
394,1378722000,PABFD,VM_013,12
395,1378722300,Standard_HO,VM_001,13
395,1378722300,Standard_HO,VM_003,19
395,1378722300,Standard_HO,VM_011,19
395,1378722300,Standard_HO,VM_012,19
395,1378722300,Standard_HO,VM_013,13
395,1378722300,Standard_HO,VM_023,13
395,1378722300,Standard_HO,VM_025,19
395,1378722300,WA-AHO,VM_001,17
395,1378722300,WA-AHO,VM_003,17
395,1378722300,WA-AHO,VM_011,17
395,1378722300,WA-AHO,VM_012,17
395,1378722300,WA-AHO,VM_013,10
395,1378722300,WA-AHO,VM_023,17
395,1378722300,WA-AHO,VM_025,10
395,1378722300,PABFD,VM_012,10
395,1378722300,PABFD,VM_011,11
395,1378722300,PABFD,VM_025,12
395,1378722300,PABFD,VM_003,13
395,1378722300,PABFD,VM_023,13
395,1378722300,PABFD,VM_001,11
395,1378722300,PABFD,VM_013,12
396,1378722600,Standard_HO,VM_001,10
396,1378722600,Standard_HO,VM_003,10
396,1378722600,Standard_HO,VM_011,19
396,1378722600,Standard_HO,VM_012,19
396,1378722600,Standard_HO,VM_013,10
396,1378722600,Standard_HO,VM_023,19
396,1378722600,Standard_HO,VM_025,19
396,1378722600,WA-AHO,VM_001,10
396,1378722600,WA-AHO,VM_003,16
396,1378722600,WA-AHO,VM_011,16
396,1378722600,WA-AHO,VM_012,16
396,1378722600,WA-AHO,VM_013,16
396,1378722600,WA-AHO,VM_023,16
396,1378722600,WA-AHO,VM_025,10
396,1378722600,PABFD,VM_012,10
396,1378722600,PABFD,VM_011,11
396,1378722600,PABFD,VM_025,12
396,1378722600,PABFD,VM_003,13
396,1378722600,PABFD,VM_023,13
396,1378722600,PABFD,VM_001,11
396,1378722600,PABFD,VM_013,12
397,1378722900,Standard_HO,VM_001,15
397,1378722900,Standard_HO,VM_003,18
397,1378722900,Standard_HO,VM_011,18
397,1378722900,Standard_HO,VM_012,18
397,1378722900,Standard_HO,VM_013,15
397,1378722900,Standard_HO,VM_023,15
397,1378722900,Standard_HO,VM_025,18
397,1378722900,WA-AHO,VM_001,15
397,1378722900,WA-AHO,VM_003,15
397,1378722900,WA-AHO,VM_011,18
397,1378722900,WA-AHO,VM_012,18
397,1378722900,WA-AHO,VM_013,15
397,1378722900,WA-AHO,VM_023,18
397,1378722900,WA-AHO,VM_025,18
397,1378722900,PABFD,VM_012,10
397,1378722900,PABFD,VM_011,11
397,1378722900,PABFD,VM_025,12
397,1378722900,PABFD,VM_003,13
397,1378722900,PABFD,VM_023,13
397,1378722900,PABFD,VM_001,11
397,1378722900,PABFD,VM_013,12
398,1378723200,Standard_HO,VM_001,14
398,1378723200,Standard_HO,VM_003,18
398,1378723200,Standard_HO,VM_011,18
398,1378723200,Standard_HO,VM_012,18
398,1378723200,Standard_HO,VM_013,14
398,1378723200,Standard_HO,VM_023,14
398,1378723200,Standard_HO,VM_025,18
398,1378723200,WA-AHO,VM_001,10
398,1378723200,WA-AHO,VM_003,16
398,1378723200,WA-AHO,VM_011,16
398,1378723200,WA-AHO,VM_012,16
398,1378723200,WA-AHO,VM_013,16
398,1378723200,WA-AHO,VM_023,16
398,1378723200,WA-AHO,VM_025,10
398,1378723200,PABFD,VM_012,10
398,1378723200,PABFD,VM_011,11
398,1378723200,PABFD,VM_025,12
398,1378723200,PABFD,VM_003,13
398,1378723200,PABFD,VM_023,13
398,1378723200,PABFD,VM_001,11
398,1378723200,PABFD,VM_013,12
399,1378723500,Standard_HO,VM_001,13
399,1378723500,Standard_HO,VM_003,13
399,1378723500,Standard_HO,VM_011,16
399,1378723500,Standard_HO,VM_012,16
399,1378723500,Standard_HO,VM_013,13
399,1378723500,Standard_HO,VM_023,16
399,1378723500,Standard_HO,VM_025,16
399,1378723500,WA-AHO,VM_001,12
399,1378723500,WA-AHO,VM_003,18
399,1378723500,WA-AHO,VM_011,18
399,1378723500,WA-AHO,VM_012,18
399,1378723500,WA-AHO,VM_013,12
399,1378723500,WA-AHO,VM_023,12
399,1378723500,WA-AHO,VM_025,18
399,1378723500,PABFD,VM_012,10
399,1378723500,PABFD,VM_011,11
399,1378723500,PABFD,VM_025,12
399,1378723500,PABFD,VM_003,13
399,1378723500,PABFD,VM_023,13
399,1378723500,PABFD,VM_001,11
399,1378723500,PABFD,VM_013,12
400,1378723800,Standard_HO,VM_001,12
400,1378723800,Standard_HO,VM_003,12
400,1378723800,Standard_HO,VM_011,19
400,1378723800,Standard_HO,VM_012,19
400,1378723800,Standard_HO,VM_013,12
400,1378723800,Standard_HO,VM_023,19
400,1378723800,Standard_HO,VM_025,19
400,1378723800,WA-AHO,VM_001,14
400,1378723800,WA-AHO,VM_003,18
400,1378723800,WA-AHO,VM_011,18
400,1378723800,WA-AHO,VM_012,18
400,1378723800,WA-AHO,VM_013,18
400,1378723800,WA-AHO,VM_023,18
400,1378723800,WA-AHO,VM_025,14
400,1378723800,PABFD,VM_012,10
400,1378723800,PABFD,VM_011,11
400,1378723800,PABFD,VM_025,12
400,1378723800,PABFD,VM_003,13
400,1378723800,PABFD,VM_023,13
400,1378723800,PABFD,VM_001,11
400,1378723800,PABFD,VM_013,12
401,1378724100,Standard_HO,VM_001,15
401,1378724100,Standard_HO,VM_003,19
401,1378724100,Standard_HO,VM_011,19
401,1378724100,Standard_HO,VM_012,19
401,1378724100,Standard_HO,VM_013,15
401,1378724100,Standard_HO,VM_023,15
401,1378724100,Standard_HO,VM_025,19
401,1378724100,WA-AHO,VM_001,19
401,1378724100,WA-AHO,VM_003,19
401,1378724100,WA-AHO,VM_011,19
401,1378724100,WA-AHO,VM_012,19
401,1378724100,WA-AHO,VM_013,13
401,1378724100,WA-AHO,VM_023,19
401,1378724100,WA-AHO,VM_025,13
401,1378724100,PABFD,VM_012,10
401,1378724100,PABFD,VM_011,11
401,1378724100,PABFD,VM_025,12
401,1378724100,PABFD,VM_003,13
401,1378724100,PABFD,VM_023,13
401,1378724100,PABFD,VM_001,11
401,1378724100,PABFD,VM_013,12
402,1378724400,Standard_HO,VM_001,15
402,1378724400,Standard_HO,VM_003,16
402,1378724400,Standard_HO,VM_011,16
402,1378724400,Standard_HO,VM_012,16
402,1378724400,Standard_HO,VM_013,15
402,1378724400,Standard_HO,VM_023,15
402,1378724400,Standard_HO,VM_025,16
402,1378724400,WA-AHO,VM_001,13
402,1378724400,WA-AHO,VM_003,17
402,1378724400,WA-AHO,VM_011,17
402,1378724400,WA-AHO,VM_012,17
402,1378724400,WA-AHO,VM_013,17
402,1378724400,WA-AHO,VM_023,17
402,1378724400,WA-AHO,VM_025,13
402,1378724400,PABFD,VM_012,10
402,1378724400,PABFD,VM_011,11
402,1378724400,PABFD,VM_025,12
402,1378724400,PABFD,VM_003,13
402,1378724400,PABFD,VM_023,13
402,1378724400,PABFD,VM_001,11
402,1378724400,PABFD,VM_013,12
403,1378724700,Standard_HO,VM_001,14
403,1378724700,Standard_HO,VM_003,19
403,1378724700,Standard_HO,VM_011,19
403,1378724700,Standard_HO,VM_012,19
403,1378724700,Standard_HO,VM_013,19
403,1378724700,Standard_HO,VM_023,19
403,1378724700,Standard_HO,VM_025,14
403,1378724700,WA-AHO,VM_001,11
403,1378724700,WA-AHO,VM_003,19
403,1378724700,WA-AHO,VM_011,19
403,1378724700,WA-AHO,VM_012,19
403,1378724700,WA-AHO,VM_013,19
403,1378724700,WA-AHO,VM_023,19
403,1378724700,WA-AHO,VM_025,11
403,1378724700,PABFD,VM_012,10
403,1378724700,PABFD,VM_011,11
403,1378724700,PABFD,VM_025,12
403,1378724700,PABFD,VM_003,13
403,1378724700,PABFD,VM_023,13
403,1378724700,PABFD,VM_001,11
403,1378724700,PABFD,VM_013,12
404,1378725000,Standard_HO,VM_001,15
404,1378725000,Standard_HO,VM_003,19
404,1378725000,Standard_HO,VM_011,19
404,1378725000,Standard_HO,VM_012,19
404,1378725000,Standard_HO,VM_013,15
404,1378725000,Standard_HO,VM_023,15
404,1378725000,Standard_HO,VM_025,19
404,1378725000,WA-AHO,VM_001,11
404,1378725000,WA-AHO,VM_003,19
404,1378725000,WA-AHO,VM_011,19
404,1378725000,WA-AHO,VM_012,19
404,1378725000,WA-AHO,VM_013,19
404,1378725000,WA-AHO,VM_023,19
404,1378725000,WA-AHO,VM_025,11
404,1378725000,PABFD,VM_012,10
404,1378725000,PABFD,VM_011,11
404,1378725000,PABFD,VM_025,12
404,1378725000,PABFD,VM_003,13
404,1378725000,PABFD,VM_023,13
404,1378725000,PABFD,VM_001,11
404,1378725000,PABFD,VM_013,12
405,1378725300,Standard_HO,VM_001,11
405,1378725300,Standard_HO,VM_003,16
405,1378725300,Standard_HO,VM_011,16
405,1378725300,Standard_HO,VM_012,16
405,1378725300,Standard_HO,VM_013,11
405,1378725300,Standard_HO,VM_023,11
405,1378725300,Standard_HO,VM_025,16
405,1378725300,WA-AHO,VM_001,10
405,1378725300,WA-AHO,VM_003,16
405,1378725300,WA-AHO,VM_011,16
405,1378725300,WA-AHO,VM_012,16
405,1378725300,WA-AHO,VM_013,16
405,1378725300,WA-AHO,VM_023,16
405,1378725300,WA-AHO,VM_025,10
405,1378725300,PABFD,VM_012,10
405,1378725300,PABFD,VM_011,11
405,1378725300,PABFD,VM_025,12
405,1378725300,PABFD,VM_003,13
405,1378725300,PABFD,VM_023,13
405,1378725300,PABFD,VM_001,11
405,1378725300,PABFD,VM_013,12
406,1378725600,Standard_HO,VM_001,15
406,1378725600,Standard_HO,VM_003,16
406,1378725600,Standard_HO,VM_011,16
406,1378725600,Standard_HO,VM_012,16
406,1378725600,Standard_HO,VM_013,15
406,1378725600,Standard_HO,VM_023,15
406,1378725600,Standard_HO,VM_025,16
406,1378725600,WA-AHO,VM_001,14
406,1378725600,WA-AHO,VM_003,14
406,1378725600,WA-AHO,VM_011,19
406,1378725600,WA-AHO,VM_012,19
406,1378725600,WA-AHO,VM_013,14
406,1378725600,WA-AHO,VM_023,19
406,1378725600,WA-AHO,VM_025,19
406,1378725600,PABFD,VM_012,10
406,1378725600,PABFD,VM_011,11
406,1378725600,PABFD,VM_025,12
406,1378725600,PABFD,VM_003,13
406,1378725600,PABFD,VM_023,13
406,1378725600,PABFD,VM_001,11
406,1378725600,PABFD,VM_013,12
407,1378725900,Standard_HO,VM_001,11
407,1378725900,Standard_HO,VM_003,18
407,1378725900,Standard_HO,VM_011,18
407,1378725900,Standard_HO,VM_012,18
407,1378725900,Standard_HO,VM_013,11
407,1378725900,Standard_HO,VM_023,11
407,1378725900,Standard_HO,VM_025,18
407,1378725900,WA-AHO,VM_001,10
407,1378725900,WA-AHO,VM_003,16
407,1378725900,WA-AHO,VM_011,16
407,1378725900,WA-AHO,VM_012,16
407,1378725900,WA-AHO,VM_013,10
407,1378725900,WA-AHO,VM_023,10
407,1378725900,WA-AHO,VM_025,16
407,1378725900,PABFD,VM_012,10
407,1378725900,PABFD,VM_011,11
407,1378725900,PABFD,VM_025,12
407,1378725900,PABFD,VM_003,13
407,1378725900,PABFD,VM_023,13
407,1378725900,PABFD,VM_001,11
407,1378725900,PABFD,VM_013,12
408,1378726200,Standard_HO,VM_001,14
408,1378726200,Standard_HO,VM_003,16
408,1378726200,Standard_HO,VM_011,16
408,1378726200,Standard_HO,VM_012,16
408,1378726200,Standard_HO,VM_013,16
408,1378726200,Standard_HO,VM_023,16
408,1378726200,Standard_HO,VM_025,14
408,1378726200,WA-AHO,VM_001,14
408,1378726200,WA-AHO,VM_003,17
408,1378726200,WA-AHO,VM_011,14
408,1378726200,WA-AHO,VM_012,17
408,1378726200,WA-AHO,VM_013,17
408,1378726200,WA-AHO,VM_023,17
408,1378726200,WA-AHO,VM_025,17
408,1378726200,PABFD,VM_012,10
408,1378726200,PABFD,VM_011,11
408,1378726200,PABFD,VM_025,12
408,1378726200,PABFD,VM_003,13
408,1378726200,PABFD,VM_023,13
408,1378726200,PABFD,VM_001,11
408,1378726200,PABFD,VM_013,12
409,1378726500,Standard_HO,VM_001,12
409,1378726500,Standard_HO,VM_003,17
409,1378726500,Standard_HO,VM_011,17
409,1378726500,Standard_HO,VM_012,17
409,1378726500,Standard_HO,VM_013,12
409,1378726500,Standard_HO,VM_023,12
409,1378726500,Standard_HO,VM_025,17
409,1378726500,WA-AHO,VM_001,12
409,1378726500,WA-AHO,VM_003,19
409,1378726500,WA-AHO,VM_011,19
409,1378726500,WA-AHO,VM_012,19
409,1378726500,WA-AHO,VM_013,19
409,1378726500,WA-AHO,VM_023,19
409,1378726500,WA-AHO,VM_025,12
409,1378726500,PABFD,VM_012,10
409,1378726500,PABFD,VM_011,11
409,1378726500,PABFD,VM_025,12
409,1378726500,PABFD,VM_003,13
409,1378726500,PABFD,VM_023,13
409,1378726500,PABFD,VM_001,11
409,1378726500,PABFD,VM_013,12
410,1378726800,Standard_HO,VM_001,13
410,1378726800,Standard_HO,VM_003,18
410,1378726800,Standard_HO,VM_011,18
410,1378726800,Standard_HO,VM_012,18
410,1378726800,Standard_HO,VM_013,18
410,1378726800,Standard_HO,VM_023,18
410,1378726800,Standard_HO,VM_025,13
410,1378726800,WA-AHO,VM_001,13
410,1378726800,WA-AHO,VM_003,16
410,1378726800,WA-AHO,VM_011,16
410,1378726800,WA-AHO,VM_012,16
410,1378726800,WA-AHO,VM_013,16
410,1378726800,WA-AHO,VM_023,16
410,1378726800,WA-AHO,VM_025,13
410,1378726800,PABFD,VM_012,10
410,1378726800,PABFD,VM_011,11
410,1378726800,PABFD,VM_025,12
410,1378726800,PABFD,VM_003,13
410,1378726800,PABFD,VM_023,13
410,1378726800,PABFD,VM_001,11
410,1378726800,PABFD,VM_013,12
411,1378727100,Standard_HO,VM_001,13
411,1378727100,Standard_HO,VM_003,19
411,1378727100,Standard_HO,VM_011,13
411,1378727100,Standard_HO,VM_012,19
411,1378727100,Standard_HO,VM_013,19
411,1378727100,Standard_HO,VM_023,19
411,1378727100,Standard_HO,VM_025,19
411,1378727100,WA-AHO,VM_001,16
411,1378727100,WA-AHO,VM_003,16
411,1378727100,WA-AHO,VM_011,16
411,1378727100,WA-AHO,VM_012,16
411,1378727100,WA-AHO,VM_013,11
411,1378727100,WA-AHO,VM_023,16
411,1378727100,WA-AHO,VM_025,11
411,1378727100,PABFD,VM_012,10
411,1378727100,PABFD,VM_011,11
411,1378727100,PABFD,VM_025,12
411,1378727100,PABFD,VM_003,13
411,1378727100,PABFD,VM_023,13
411,1378727100,PABFD,VM_001,11
411,1378727100,PABFD,VM_013,12
412,1378727400,Standard_HO,VM_001,10
412,1378727400,Standard_HO,VM_003,19
412,1378727400,Standard_HO,VM_011,19
412,1378727400,Standard_HO,VM_012,19
412,1378727400,Standard_HO,VM_013,10
412,1378727400,Standard_HO,VM_023,10
412,1378727400,Standard_HO,VM_025,19
412,1378727400,WA-AHO,VM_001,14
412,1378727400,WA-AHO,VM_003,14
412,1378727400,WA-AHO,VM_011,16
412,1378727400,WA-AHO,VM_012,16
412,1378727400,WA-AHO,VM_013,14
412,1378727400,WA-AHO,VM_023,16
412,1378727400,WA-AHO,VM_025,16
412,1378727400,PABFD,VM_012,10
412,1378727400,PABFD,VM_011,11
412,1378727400,PABFD,VM_025,12
412,1378727400,PABFD,VM_003,13
412,1378727400,PABFD,VM_023,13
412,1378727400,PABFD,VM_001,11
412,1378727400,PABFD,VM_013,12
413,1378727700,Standard_HO,VM_001,14
413,1378727700,Standard_HO,VM_003,18
413,1378727700,Standard_HO,VM_011,18
413,1378727700,Standard_HO,VM_012,18
413,1378727700,Standard_HO,VM_013,14
413,1378727700,Standard_HO,VM_023,14
413,1378727700,Standard_HO,VM_025,18
413,1378727700,WA-AHO,VM_001,14
413,1378727700,WA-AHO,VM_003,16
413,1378727700,WA-AHO,VM_011,16
413,1378727700,WA-AHO,VM_012,16
413,1378727700,WA-AHO,VM_013,16
413,1378727700,WA-AHO,VM_023,16
413,1378727700,WA-AHO,VM_025,14
413,1378727700,PABFD,VM_012,10
413,1378727700,PABFD,VM_011,11
413,1378727700,PABFD,VM_025,12
413,1378727700,PABFD,VM_003,13
413,1378727700,PABFD,VM_023,13
413,1378727700,PABFD,VM_001,11
413,1378727700,PABFD,VM_013,12
414,1378728000,Standard_HO,VM_001,15
414,1378728000,Standard_HO,VM_003,16
414,1378728000,Standard_HO,VM_011,16
414,1378728000,Standard_HO,VM_012,16
414,1378728000,Standard_HO,VM_013,15
414,1378728000,Standard_HO,VM_023,15
414,1378728000,Standard_HO,VM_025,16
414,1378728000,WA-AHO,VM_001,13
414,1378728000,WA-AHO,VM_003,13
414,1378728000,WA-AHO,VM_011,19
414,1378728000,WA-AHO,VM_012,19
414,1378728000,WA-AHO,VM_013,13
414,1378728000,WA-AHO,VM_023,19
414,1378728000,WA-AHO,VM_025,19
414,1378728000,PABFD,VM_012,10
414,1378728000,PABFD,VM_011,11
414,1378728000,PABFD,VM_025,12
414,1378728000,PABFD,VM_003,13
414,1378728000,PABFD,VM_023,13
414,1378728000,PABFD,VM_001,11
414,1378728000,PABFD,VM_013,12
415,1378728300,Standard_HO,VM_001,10
415,1378728300,Standard_HO,VM_003,19
415,1378728300,Standard_HO,VM_011,19
415,1378728300,Standard_HO,VM_012,19
415,1378728300,Standard_HO,VM_013,10
415,1378728300,Standard_HO,VM_023,10
415,1378728300,Standard_HO,VM_025,19
415,1378728300,WA-AHO,VM_001,11
415,1378728300,WA-AHO,VM_003,17
415,1378728300,WA-AHO,VM_011,17
415,1378728300,WA-AHO,VM_012,17
415,1378728300,WA-AHO,VM_013,11
415,1378728300,WA-AHO,VM_023,11
415,1378728300,WA-AHO,VM_025,17
415,1378728300,PABFD,VM_012,10
415,1378728300,PABFD,VM_011,11
415,1378728300,PABFD,VM_025,12
415,1378728300,PABFD,VM_003,13
415,1378728300,PABFD,VM_023,13
415,1378728300,PABFD,VM_001,11
415,1378728300,PABFD,VM_013,12
416,1378728600,Standard_HO,VM_001,10
416,1378728600,Standard_HO,VM_003,19
416,1378728600,Standard_HO,VM_011,19
416,1378728600,Standard_HO,VM_012,19
416,1378728600,Standard_HO,VM_013,19
416,1378728600,Standard_HO,VM_023,19
416,1378728600,Standard_HO,VM_025,10
416,1378728600,WA-AHO,VM_001,12
416,1378728600,WA-AHO,VM_003,19
416,1378728600,WA-AHO,VM_011,12
416,1378728600,WA-AHO,VM_012,19
416,1378728600,WA-AHO,VM_013,19
416,1378728600,WA-AHO,VM_023,19
416,1378728600,WA-AHO,VM_025,19
416,1378728600,PABFD,VM_012,10
416,1378728600,PABFD,VM_011,11
416,1378728600,PABFD,VM_025,12
416,1378728600,PABFD,VM_003,13
416,1378728600,PABFD,VM_023,13
416,1378728600,PABFD,VM_001,11
416,1378728600,PABFD,VM_013,12
417,1378728900,Standard_HO,VM_001,15
417,1378728900,Standard_HO,VM_003,19
417,1378728900,Standard_HO,VM_011,19
417,1378728900,Standard_HO,VM_012,19
417,1378728900,Standard_HO,VM_013,15
417,1378728900,Standard_HO,VM_023,15
417,1378728900,Standard_HO,VM_025,19
417,1378728900,WA-AHO,VM_001,11
417,1378728900,WA-AHO,VM_003,11
417,1378728900,WA-AHO,VM_011,18
417,1378728900,WA-AHO,VM_012,18
417,1378728900,WA-AHO,VM_013,11
417,1378728900,WA-AHO,VM_023,18
417,1378728900,WA-AHO,VM_025,18
417,1378728900,PABFD,VM_012,10
417,1378728900,PABFD,VM_011,11
417,1378728900,PABFD,VM_025,12
417,1378728900,PABFD,VM_003,13
417,1378728900,PABFD,VM_023,13
417,1378728900,PABFD,VM_001,11
417,1378728900,PABFD,VM_013,12
418,1378729200,Standard_HO,VM_001,15
418,1378729200,Standard_HO,VM_003,19
418,1378729200,Standard_HO,VM_011,19
418,1378729200,Standard_HO,VM_012,19
418,1378729200,Standard_HO,VM_013,15
418,1378729200,Standard_HO,VM_023,15
418,1378729200,Standard_HO,VM_025,19
418,1378729200,WA-AHO,VM_001,10
418,1378729200,WA-AHO,VM_003,17
418,1378729200,WA-AHO,VM_011,17
418,1378729200,WA-AHO,VM_012,17
418,1378729200,WA-AHO,VM_013,17
418,1378729200,WA-AHO,VM_023,17
418,1378729200,WA-AHO,VM_025,10
418,1378729200,PABFD,VM_012,10
418,1378729200,PABFD,VM_011,11
418,1378729200,PABFD,VM_025,12
418,1378729200,PABFD,VM_003,13
418,1378729200,PABFD,VM_023,13
418,1378729200,PABFD,VM_001,11
418,1378729200,PABFD,VM_013,12
419,1378729500,Standard_HO,VM_001,12
419,1378729500,Standard_HO,VM_003,19
419,1378729500,Standard_HO,VM_011,19
419,1378729500,Standard_HO,VM_012,19
419,1378729500,Standard_HO,VM_013,19
419,1378729500,Standard_HO,VM_023,19
419,1378729500,Standard_HO,VM_025,12
419,1378729500,WA-AHO,VM_001,12
419,1378729500,WA-AHO,VM_003,19
419,1378729500,WA-AHO,VM_011,19
419,1378729500,WA-AHO,VM_012,19
419,1378729500,WA-AHO,VM_013,19
419,1378729500,WA-AHO,VM_023,19
419,1378729500,WA-AHO,VM_025,12
419,1378729500,PABFD,VM_012,10
419,1378729500,PABFD,VM_011,11
419,1378729500,PABFD,VM_025,12
419,1378729500,PABFD,VM_003,13
419,1378729500,PABFD,VM_023,13
419,1378729500,PABFD,VM_001,11
419,1378729500,PABFD,VM_013,12
420,1378729800,Standard_HO,VM_001,10
420,1378729800,Standard_HO,VM_003,18
420,1378729800,Standard_HO,VM_011,18
420,1378729800,Standard_HO,VM_012,18
420,1378729800,Standard_HO,VM_013,10
420,1378729800,Standard_HO,VM_023,10
420,1378729800,Standard_HO,VM_025,18
420,1378729800,WA-AHO,VM_001,15
420,1378729800,WA-AHO,VM_003,18
420,1378729800,WA-AHO,VM_011,18
420,1378729800,WA-AHO,VM_012,18
420,1378729800,WA-AHO,VM_013,18
420,1378729800,WA-AHO,VM_023,18
420,1378729800,WA-AHO,VM_025,15
420,1378729800,PABFD,VM_012,10
420,1378729800,PABFD,VM_011,11
420,1378729800,PABFD,VM_025,12
420,1378729800,PABFD,VM_003,13
420,1378729800,PABFD,VM_023,13
420,1378729800,PABFD,VM_001,11
420,1378729800,PABFD,VM_013,12
421,1378730100,Standard_HO,VM_001,14
421,1378730100,Standard_HO,VM_003,18
421,1378730100,Standard_HO,VM_011,18
421,1378730100,Standard_HO,VM_012,18
421,1378730100,Standard_HO,VM_013,18
421,1378730100,Standard_HO,VM_023,18
421,1378730100,Standard_HO,VM_025,14
421,1378730100,WA-AHO,VM_001,13
421,1378730100,WA-AHO,VM_003,16
421,1378730100,WA-AHO,VM_011,16
421,1378730100,WA-AHO,VM_012,16
421,1378730100,WA-AHO,VM_013,16
421,1378730100,WA-AHO,VM_023,16
421,1378730100,WA-AHO,VM_025,13
421,1378730100,PABFD,VM_012,10
421,1378730100,PABFD,VM_011,11
421,1378730100,PABFD,VM_025,12
421,1378730100,PABFD,VM_003,13
421,1378730100,PABFD,VM_023,13
421,1378730100,PABFD,VM_001,11
421,1378730100,PABFD,VM_013,12
422,1378730400,Standard_HO,VM_001,13
422,1378730400,Standard_HO,VM_003,16
422,1378730400,Standard_HO,VM_011,16
422,1378730400,Standard_HO,VM_012,16
422,1378730400,Standard_HO,VM_013,16
422,1378730400,Standard_HO,VM_023,16
422,1378730400,Standard_HO,VM_025,13
422,1378730400,WA-AHO,VM_001,13
422,1378730400,WA-AHO,VM_003,17
422,1378730400,WA-AHO,VM_011,17
422,1378730400,WA-AHO,VM_012,17
422,1378730400,WA-AHO,VM_013,17
422,1378730400,WA-AHO,VM_023,17
422,1378730400,WA-AHO,VM_025,13
422,1378730400,PABFD,VM_012,10
422,1378730400,PABFD,VM_011,11
422,1378730400,PABFD,VM_025,12
422,1378730400,PABFD,VM_003,13
422,1378730400,PABFD,VM_023,13
422,1378730400,PABFD,VM_001,11
422,1378730400,PABFD,VM_013,12
423,1378730700,Standard_HO,VM_001,10
423,1378730700,Standard_HO,VM_003,10
423,1378730700,Standard_HO,VM_011,18
423,1378730700,Standard_HO,VM_012,18
423,1378730700,Standard_HO,VM_013,10
423,1378730700,Standard_HO,VM_023,18
423,1378730700,Standard_HO,VM_025,18
423,1378730700,WA-AHO,VM_001,15
423,1378730700,WA-AHO,VM_003,15
423,1378730700,WA-AHO,VM_011,18
423,1378730700,WA-AHO,VM_012,18
423,1378730700,WA-AHO,VM_013,15
423,1378730700,WA-AHO,VM_023,18
423,1378730700,WA-AHO,VM_025,18
423,1378730700,PABFD,VM_012,10
423,1378730700,PABFD,VM_011,11
423,1378730700,PABFD,VM_025,12
423,1378730700,PABFD,VM_003,13
423,1378730700,PABFD,VM_023,13
423,1378730700,PABFD,VM_001,11
423,1378730700,PABFD,VM_013,12
424,1378731000,Standard_HO,VM_001,11
424,1378731000,Standard_HO,VM_003,17
424,1378731000,Standard_HO,VM_011,17
424,1378731000,Standard_HO,VM_012,17
424,1378731000,Standard_HO,VM_013,17
424,1378731000,Standard_HO,VM_023,17
424,1378731000,Standard_HO,VM_025,11
424,1378731000,WA-AHO,VM_001,15
424,1378731000,WA-AHO,VM_003,16
424,1378731000,WA-AHO,VM_011,15
424,1378731000,WA-AHO,VM_012,16
424,1378731000,WA-AHO,VM_013,16
424,1378731000,WA-AHO,VM_023,16
424,1378731000,WA-AHO,VM_025,16
424,1378731000,PABFD,VM_012,10
424,1378731000,PABFD,VM_011,11
424,1378731000,PABFD,VM_025,12
424,1378731000,PABFD,VM_003,13
424,1378731000,PABFD,VM_023,13
424,1378731000,PABFD,VM_001,11
424,1378731000,PABFD,VM_013,12
425,1378731300,Standard_HO,VM_001,14
425,1378731300,Standard_HO,VM_003,18
425,1378731300,Standard_HO,VM_011,18
425,1378731300,Standard_HO,VM_012,18
425,1378731300,Standard_HO,VM_013,18
425,1378731300,Standard_HO,VM_023,18
425,1378731300,Standard_HO,VM_025,14
425,1378731300,WA-AHO,VM_001,14
425,1378731300,WA-AHO,VM_003,18
425,1378731300,WA-AHO,VM_011,18
425,1378731300,WA-AHO,VM_012,18
425,1378731300,WA-AHO,VM_013,14
425,1378731300,WA-AHO,VM_023,14
425,1378731300,WA-AHO,VM_025,18
425,1378731300,PABFD,VM_012,10
425,1378731300,PABFD,VM_011,11
425,1378731300,PABFD,VM_025,12
425,1378731300,PABFD,VM_003,13
425,1378731300,PABFD,VM_023,13
425,1378731300,PABFD,VM_001,11
425,1378731300,PABFD,VM_013,12
426,1378731600,Standard_HO,VM_001,12
426,1378731600,Standard_HO,VM_003,18
426,1378731600,Standard_HO,VM_011,18
426,1378731600,Standard_HO,VM_012,18
426,1378731600,Standard_HO,VM_013,18
426,1378731600,Standard_HO,VM_023,18
426,1378731600,Standard_HO,VM_025,12
426,1378731600,WA-AHO,VM_001,15
426,1378731600,WA-AHO,VM_003,19
426,1378731600,WA-AHO,VM_011,19
426,1378731600,WA-AHO,VM_012,19
426,1378731600,WA-AHO,VM_013,15
426,1378731600,WA-AHO,VM_023,15
426,1378731600,WA-AHO,VM_025,19
426,1378731600,PABFD,VM_012,10
426,1378731600,PABFD,VM_011,11
426,1378731600,PABFD,VM_025,12
426,1378731600,PABFD,VM_003,13
426,1378731600,PABFD,VM_023,13
426,1378731600,PABFD,VM_001,11
426,1378731600,PABFD,VM_013,12
427,1378731900,Standard_HO,VM_001,13
427,1378731900,Standard_HO,VM_003,18
427,1378731900,Standard_HO,VM_011,18
427,1378731900,Standard_HO,VM_012,18
427,1378731900,Standard_HO,VM_013,18
427,1378731900,Standard_HO,VM_023,18
427,1378731900,Standard_HO,VM_025,13
427,1378731900,WA-AHO,VM_001,15
427,1378731900,WA-AHO,VM_003,19
427,1378731900,WA-AHO,VM_011,19
427,1378731900,WA-AHO,VM_012,19
427,1378731900,WA-AHO,VM_013,19
427,1378731900,WA-AHO,VM_023,19
427,1378731900,WA-AHO,VM_025,15
427,1378731900,PABFD,VM_012,10
427,1378731900,PABFD,VM_011,11
427,1378731900,PABFD,VM_025,12
427,1378731900,PABFD,VM_003,13
427,1378731900,PABFD,VM_023,13
427,1378731900,PABFD,VM_001,11
427,1378731900,PABFD,VM_013,12
428,1378732200,Standard_HO,VM_001,11
428,1378732200,Standard_HO,VM_003,19
428,1378732200,Standard_HO,VM_011,19
428,1378732200,Standard_HO,VM_012,19
428,1378732200,Standard_HO,VM_013,11
428,1378732200,Standard_HO,VM_023,11
428,1378732200,Standard_HO,VM_025,19
428,1378732200,WA-AHO,VM_001,11
428,1378732200,WA-AHO,VM_003,18
428,1378732200,WA-AHO,VM_011,18
428,1378732200,WA-AHO,VM_012,18
428,1378732200,WA-AHO,VM_013,18
428,1378732200,WA-AHO,VM_023,18
428,1378732200,WA-AHO,VM_025,11
428,1378732200,PABFD,VM_012,10
428,1378732200,PABFD,VM_011,11
428,1378732200,PABFD,VM_025,12
428,1378732200,PABFD,VM_003,13
428,1378732200,PABFD,VM_023,13
428,1378732200,PABFD,VM_001,11
428,1378732200,PABFD,VM_013,12
429,1378732500,Standard_HO,VM_001,15
429,1378732500,Standard_HO,VM_003,19
429,1378732500,Standard_HO,VM_011,19
429,1378732500,Standard_HO,VM_012,19
429,1378732500,Standard_HO,VM_013,15
429,1378732500,Standard_HO,VM_023,15
429,1378732500,Standard_HO,VM_025,19
429,1378732500,WA-AHO,VM_001,10
429,1378732500,WA-AHO,VM_003,16
429,1378732500,WA-AHO,VM_011,16
429,1378732500,WA-AHO,VM_012,16
429,1378732500,WA-AHO,VM_013,16
429,1378732500,WA-AHO,VM_023,16
429,1378732500,WA-AHO,VM_025,10
429,1378732500,PABFD,VM_012,10
429,1378732500,PABFD,VM_011,11
429,1378732500,PABFD,VM_025,12
429,1378732500,PABFD,VM_003,13
429,1378732500,PABFD,VM_023,13
429,1378732500,PABFD,VM_001,11
429,1378732500,PABFD,VM_013,12
430,1378732800,Standard_HO,VM_001,15
430,1378732800,Standard_HO,VM_003,18
430,1378732800,Standard_HO,VM_011,18
430,1378732800,Standard_HO,VM_012,18
430,1378732800,Standard_HO,VM_013,15
430,1378732800,Standard_HO,VM_023,15
430,1378732800,Standard_HO,VM_025,18
430,1378732800,WA-AHO,VM_001,16
430,1378732800,WA-AHO,VM_003,16
430,1378732800,WA-AHO,VM_011,16
430,1378732800,WA-AHO,VM_012,16
430,1378732800,WA-AHO,VM_013,11
430,1378732800,WA-AHO,VM_023,16
430,1378732800,WA-AHO,VM_025,11
430,1378732800,PABFD,VM_012,10
430,1378732800,PABFD,VM_011,11
430,1378732800,PABFD,VM_025,12
430,1378732800,PABFD,VM_003,13
430,1378732800,PABFD,VM_023,13
430,1378732800,PABFD,VM_001,11
430,1378732800,PABFD,VM_013,12
431,1378733100,Standard_HO,VM_001,11
431,1378733100,Standard_HO,VM_003,18
431,1378733100,Standard_HO,VM_011,18
431,1378733100,Standard_HO,VM_012,18
431,1378733100,Standard_HO,VM_013,18
431,1378733100,Standard_HO,VM_023,18
431,1378733100,Standard_HO,VM_025,11
431,1378733100,WA-AHO,VM_001,10
431,1378733100,WA-AHO,VM_003,19
431,1378733100,WA-AHO,VM_011,19
431,1378733100,WA-AHO,VM_012,19
431,1378733100,WA-AHO,VM_013,19
431,1378733100,WA-AHO,VM_023,19
431,1378733100,WA-AHO,VM_025,10
431,1378733100,PABFD,VM_012,10
431,1378733100,PABFD,VM_011,11
431,1378733100,PABFD,VM_025,12
431,1378733100,PABFD,VM_003,13
431,1378733100,PABFD,VM_023,13
431,1378733100,PABFD,VM_001,11
431,1378733100,PABFD,VM_013,12
432,1378733400,Standard_HO,VM_001,14
432,1378733400,Standard_HO,VM_003,18
432,1378733400,Standard_HO,VM_011,18
432,1378733400,Standard_HO,VM_012,18
432,1378733400,Standard_HO,VM_013,14
432,1378733400,Standard_HO,VM_023,14
432,1378733400,Standard_HO,VM_025,18
432,1378733400,WA-AHO,VM_001,14
432,1378733400,WA-AHO,VM_003,19
432,1378733400,WA-AHO,VM_011,19
432,1378733400,WA-AHO,VM_012,19
432,1378733400,WA-AHO,VM_013,19
432,1378733400,WA-AHO,VM_023,19
432,1378733400,WA-AHO,VM_025,14
432,1378733400,PABFD,VM_012,10
432,1378733400,PABFD,VM_011,11
432,1378733400,PABFD,VM_025,12
432,1378733400,PABFD,VM_003,13
432,1378733400,PABFD,VM_023,13
432,1378733400,PABFD,VM_001,11
432,1378733400,PABFD,VM_013,12
433,1378733700,Standard_HO,VM_001,14
433,1378733700,Standard_HO,VM_003,18
433,1378733700,Standard_HO,VM_011,18
433,1378733700,Standard_HO,VM_012,18
433,1378733700,Standard_HO,VM_013,14
433,1378733700,Standard_HO,VM_023,14
433,1378733700,Standard_HO,VM_025,18
433,1378733700,WA-AHO,VM_001,14
433,1378733700,WA-AHO,VM_003,16
433,1378733700,WA-AHO,VM_011,16
433,1378733700,WA-AHO,VM_012,16
433,1378733700,WA-AHO,VM_013,14
433,1378733700,WA-AHO,VM_023,14
433,1378733700,WA-AHO,VM_025,16
433,1378733700,PABFD,VM_012,10
433,1378733700,PABFD,VM_011,11
433,1378733700,PABFD,VM_025,12
433,1378733700,PABFD,VM_003,13
433,1378733700,PABFD,VM_023,13
433,1378733700,PABFD,VM_001,11
433,1378733700,PABFD,VM_013,12
434,1378734000,Standard_HO,VM_001,15
434,1378734000,Standard_HO,VM_003,17
434,1378734000,Standard_HO,VM_011,17
434,1378734000,Standard_HO,VM_012,17
434,1378734000,Standard_HO,VM_013,17
434,1378734000,Standard_HO,VM_023,17
434,1378734000,Standard_HO,VM_025,15
434,1378734000,WA-AHO,VM_001,17
434,1378734000,WA-AHO,VM_003,13
434,1378734000,WA-AHO,VM_011,17
434,1378734000,WA-AHO,VM_012,17
434,1378734000,WA-AHO,VM_013,17
434,1378734000,WA-AHO,VM_023,13
434,1378734000,WA-AHO,VM_025,17
434,1378734000,PABFD,VM_012,10
434,1378734000,PABFD,VM_011,11
434,1378734000,PABFD,VM_025,12
434,1378734000,PABFD,VM_003,13
434,1378734000,PABFD,VM_023,13
434,1378734000,PABFD,VM_001,11
434,1378734000,PABFD,VM_013,12
435,1378734300,Standard_HO,VM_001,13
435,1378734300,Standard_HO,VM_003,13
435,1378734300,Standard_HO,VM_011,18
435,1378734300,Standard_HO,VM_012,18
435,1378734300,Standard_HO,VM_013,13
435,1378734300,Standard_HO,VM_023,18
435,1378734300,Standard_HO,VM_025,18
435,1378734300,WA-AHO,VM_001,18
435,1378734300,WA-AHO,VM_003,18
435,1378734300,WA-AHO,VM_011,18
435,1378734300,WA-AHO,VM_012,18
435,1378734300,WA-AHO,VM_013,11
435,1378734300,WA-AHO,VM_023,18
435,1378734300,WA-AHO,VM_025,11
435,1378734300,PABFD,VM_012,10
435,1378734300,PABFD,VM_011,11
435,1378734300,PABFD,VM_025,12
435,1378734300,PABFD,VM_003,13
435,1378734300,PABFD,VM_023,13
435,1378734300,PABFD,VM_001,11
435,1378734300,PABFD,VM_013,12
436,1378734600,Standard_HO,VM_001,12
436,1378734600,Standard_HO,VM_003,18
436,1378734600,Standard_HO,VM_011,18
436,1378734600,Standard_HO,VM_012,18
436,1378734600,Standard_HO,VM_013,18
436,1378734600,Standard_HO,VM_023,18
436,1378734600,Standard_HO,VM_025,12
436,1378734600,WA-AHO,VM_001,13
436,1378734600,WA-AHO,VM_003,13
436,1378734600,WA-AHO,VM_011,19
436,1378734600,WA-AHO,VM_012,19
436,1378734600,WA-AHO,VM_013,13
436,1378734600,WA-AHO,VM_023,19
436,1378734600,WA-AHO,VM_025,19
436,1378734600,PABFD,VM_012,10
436,1378734600,PABFD,VM_011,11
436,1378734600,PABFD,VM_025,12
436,1378734600,PABFD,VM_003,13
436,1378734600,PABFD,VM_023,13
436,1378734600,PABFD,VM_001,11
436,1378734600,PABFD,VM_013,12
437,1378734900,Standard_HO,VM_001,10
437,1378734900,Standard_HO,VM_003,19
437,1378734900,Standard_HO,VM_011,19
437,1378734900,Standard_HO,VM_012,19
437,1378734900,Standard_HO,VM_013,19
437,1378734900,Standard_HO,VM_023,19
437,1378734900,Standard_HO,VM_025,10
437,1378734900,WA-AHO,VM_001,10
437,1378734900,WA-AHO,VM_003,19
437,1378734900,WA-AHO,VM_011,19
437,1378734900,WA-AHO,VM_012,19
437,1378734900,WA-AHO,VM_013,19
437,1378734900,WA-AHO,VM_023,19
437,1378734900,WA-AHO,VM_025,10
437,1378734900,PABFD,VM_012,10
437,1378734900,PABFD,VM_011,11
437,1378734900,PABFD,VM_025,12
437,1378734900,PABFD,VM_003,13
437,1378734900,PABFD,VM_023,13
437,1378734900,PABFD,VM_001,11
437,1378734900,PABFD,VM_013,12
438,1378735200,Standard_HO,VM_001,15
438,1378735200,Standard_HO,VM_003,18
438,1378735200,Standard_HO,VM_011,18
438,1378735200,Standard_HO,VM_012,18
438,1378735200,Standard_HO,VM_013,18
438,1378735200,Standard_HO,VM_023,18
438,1378735200,Standard_HO,VM_025,15
438,1378735200,WA-AHO,VM_001,18
438,1378735200,WA-AHO,VM_003,18
438,1378735200,WA-AHO,VM_011,12
438,1378735200,WA-AHO,VM_012,18
438,1378735200,WA-AHO,VM_013,12
438,1378735200,WA-AHO,VM_023,18
438,1378735200,WA-AHO,VM_025,18
438,1378735200,PABFD,VM_012,10
438,1378735200,PABFD,VM_011,11
438,1378735200,PABFD,VM_025,12
438,1378735200,PABFD,VM_003,13
438,1378735200,PABFD,VM_023,13
438,1378735200,PABFD,VM_001,11
438,1378735200,PABFD,VM_013,12
439,1378735500,Standard_HO,VM_001,15
439,1378735500,Standard_HO,VM_003,18
439,1378735500,Standard_HO,VM_011,18
439,1378735500,Standard_HO,VM_012,18
439,1378735500,Standard_HO,VM_013,15
439,1378735500,Standard_HO,VM_023,15
439,1378735500,Standard_HO,VM_025,18
439,1378735500,WA-AHO,VM_001,12
439,1378735500,WA-AHO,VM_003,18
439,1378735500,WA-AHO,VM_011,18
439,1378735500,WA-AHO,VM_012,18
439,1378735500,WA-AHO,VM_013,12
439,1378735500,WA-AHO,VM_023,12
439,1378735500,WA-AHO,VM_025,18
439,1378735500,PABFD,VM_012,10
439,1378735500,PABFD,VM_011,11
439,1378735500,PABFD,VM_025,12
439,1378735500,PABFD,VM_003,13
439,1378735500,PABFD,VM_023,13
439,1378735500,PABFD,VM_001,11
439,1378735500,PABFD,VM_013,12
440,1378735800,Standard_HO,VM_001,15
440,1378735800,Standard_HO,VM_003,19
440,1378735800,Standard_HO,VM_011,19
440,1378735800,Standard_HO,VM_012,19
440,1378735800,Standard_HO,VM_013,19
440,1378735800,Standard_HO,VM_023,19
440,1378735800,Standard_HO,VM_025,15
440,1378735800,WA-AHO,VM_001,14
440,1378735800,WA-AHO,VM_003,19
440,1378735800,WA-AHO,VM_011,19
440,1378735800,WA-AHO,VM_012,19
440,1378735800,WA-AHO,VM_013,19
440,1378735800,WA-AHO,VM_023,19
440,1378735800,WA-AHO,VM_025,14
440,1378735800,PABFD,VM_012,10
440,1378735800,PABFD,VM_011,11
440,1378735800,PABFD,VM_025,12
440,1378735800,PABFD,VM_003,13
440,1378735800,PABFD,VM_023,13
440,1378735800,PABFD,VM_001,11
440,1378735800,PABFD,VM_013,12
441,1378736100,Standard_HO,VM_001,15
441,1378736100,Standard_HO,VM_003,17
441,1378736100,Standard_HO,VM_011,17
441,1378736100,Standard_HO,VM_012,17
441,1378736100,Standard_HO,VM_013,15
441,1378736100,Standard_HO,VM_023,15
441,1378736100,Standard_HO,VM_025,17
441,1378736100,WA-AHO,VM_001,17
441,1378736100,WA-AHO,VM_003,15
441,1378736100,WA-AHO,VM_011,17
441,1378736100,WA-AHO,VM_012,17
441,1378736100,WA-AHO,VM_013,17
441,1378736100,WA-AHO,VM_023,15
441,1378736100,WA-AHO,VM_025,17
441,1378736100,PABFD,VM_012,10
441,1378736100,PABFD,VM_011,11
441,1378736100,PABFD,VM_025,12
441,1378736100,PABFD,VM_003,13
441,1378736100,PABFD,VM_023,13
441,1378736100,PABFD,VM_001,11
441,1378736100,PABFD,VM_013,12
442,1378736400,Standard_HO,VM_001,11
442,1378736400,Standard_HO,VM_003,17
442,1378736400,Standard_HO,VM_011,17
442,1378736400,Standard_HO,VM_012,17
442,1378736400,Standard_HO,VM_013,11
442,1378736400,Standard_HO,VM_023,11
442,1378736400,Standard_HO,VM_025,17
442,1378736400,WA-AHO,VM_001,19
442,1378736400,WA-AHO,VM_003,14
442,1378736400,WA-AHO,VM_011,19
442,1378736400,WA-AHO,VM_012,19
442,1378736400,WA-AHO,VM_013,19
442,1378736400,WA-AHO,VM_023,14
442,1378736400,WA-AHO,VM_025,19
442,1378736400,PABFD,VM_012,10
442,1378736400,PABFD,VM_011,11
442,1378736400,PABFD,VM_025,12
442,1378736400,PABFD,VM_003,13
442,1378736400,PABFD,VM_023,13
442,1378736400,PABFD,VM_001,11
442,1378736400,PABFD,VM_013,12
443,1378736700,Standard_HO,VM_001,14
443,1378736700,Standard_HO,VM_003,18
443,1378736700,Standard_HO,VM_011,18
443,1378736700,Standard_HO,VM_012,18
443,1378736700,Standard_HO,VM_013,14
443,1378736700,Standard_HO,VM_023,14
443,1378736700,Standard_HO,VM_025,18
443,1378736700,WA-AHO,VM_001,15
443,1378736700,WA-AHO,VM_003,15
443,1378736700,WA-AHO,VM_011,18
443,1378736700,WA-AHO,VM_012,18
443,1378736700,WA-AHO,VM_013,15
443,1378736700,WA-AHO,VM_023,18
443,1378736700,WA-AHO,VM_025,18
443,1378736700,PABFD,VM_012,10
443,1378736700,PABFD,VM_011,11
443,1378736700,PABFD,VM_025,12
443,1378736700,PABFD,VM_003,13
443,1378736700,PABFD,VM_023,13
443,1378736700,PABFD,VM_001,11
443,1378736700,PABFD,VM_013,12
444,1378737000,Standard_HO,VM_001,14
444,1378737000,Standard_HO,VM_003,18
444,1378737000,Standard_HO,VM_011,18
444,1378737000,Standard_HO,VM_012,18
444,1378737000,Standard_HO,VM_013,18
444,1378737000,Standard_HO,VM_023,18
444,1378737000,Standard_HO,VM_025,14
444,1378737000,WA-AHO,VM_001,12
444,1378737000,WA-AHO,VM_003,16
444,1378737000,WA-AHO,VM_011,16
444,1378737000,WA-AHO,VM_012,16
444,1378737000,WA-AHO,VM_013,16
444,1378737000,WA-AHO,VM_023,16
444,1378737000,WA-AHO,VM_025,12
444,1378737000,PABFD,VM_012,10
444,1378737000,PABFD,VM_011,11
444,1378737000,PABFD,VM_025,12
444,1378737000,PABFD,VM_003,13
444,1378737000,PABFD,VM_023,13
444,1378737000,PABFD,VM_001,11
444,1378737000,PABFD,VM_013,12
445,1378737300,Standard_HO,VM_001,10
445,1378737300,Standard_HO,VM_003,17
445,1378737300,Standard_HO,VM_011,17
445,1378737300,Standard_HO,VM_012,17
445,1378737300,Standard_HO,VM_013,17
445,1378737300,Standard_HO,VM_023,17
445,1378737300,Standard_HO,VM_025,10
445,1378737300,WA-AHO,VM_001,15
445,1378737300,WA-AHO,VM_003,15
445,1378737300,WA-AHO,VM_011,19
445,1378737300,WA-AHO,VM_012,19
445,1378737300,WA-AHO,VM_013,15
445,1378737300,WA-AHO,VM_023,19
445,1378737300,WA-AHO,VM_025,19
445,1378737300,PABFD,VM_012,10
445,1378737300,PABFD,VM_011,11
445,1378737300,PABFD,VM_025,12
445,1378737300,PABFD,VM_003,13
445,1378737300,PABFD,VM_023,13
445,1378737300,PABFD,VM_001,11
445,1378737300,PABFD,VM_013,12
446,1378737600,Standard_HO,VM_001,14
446,1378737600,Standard_HO,VM_003,16
446,1378737600,Standard_HO,VM_011,16
446,1378737600,Standard_HO,VM_012,16
446,1378737600,Standard_HO,VM_013,16
446,1378737600,Standard_HO,VM_023,16
446,1378737600,Standard_HO,VM_025,14
446,1378737600,WA-AHO,VM_001,13
446,1378737600,WA-AHO,VM_003,17
446,1378737600,WA-AHO,VM_011,17
446,1378737600,WA-AHO,VM_012,17
446,1378737600,WA-AHO,VM_013,13
446,1378737600,WA-AHO,VM_023,13
446,1378737600,WA-AHO,VM_025,17
446,1378737600,PABFD,VM_012,10
446,1378737600,PABFD,VM_011,11
446,1378737600,PABFD,VM_025,12
446,1378737600,PABFD,VM_003,13
446,1378737600,PABFD,VM_023,13
446,1378737600,PABFD,VM_001,11
446,1378737600,PABFD,VM_013,12
447,1378737900,Standard_HO,VM_001,13
447,1378737900,Standard_HO,VM_003,19
447,1378737900,Standard_HO,VM_011,13
447,1378737900,Standard_HO,VM_012,19
447,1378737900,Standard_HO,VM_013,19
447,1378737900,Standard_HO,VM_023,19
447,1378737900,Standard_HO,VM_025,19
447,1378737900,WA-AHO,VM_001,10
447,1378737900,WA-AHO,VM_003,16
447,1378737900,WA-AHO,VM_011,16
447,1378737900,WA-AHO,VM_012,16
447,1378737900,WA-AHO,VM_013,10
447,1378737900,WA-AHO,VM_023,10
447,1378737900,WA-AHO,VM_025,16
447,1378737900,PABFD,VM_012,10
447,1378737900,PABFD,VM_011,11
447,1378737900,PABFD,VM_025,12
447,1378737900,PABFD,VM_003,13
447,1378737900,PABFD,VM_023,13
447,1378737900,PABFD,VM_001,11
447,1378737900,PABFD,VM_013,12
448,1378738200,Standard_HO,VM_001,15
448,1378738200,Standard_HO,VM_003,19
448,1378738200,Standard_HO,VM_011,19
448,1378738200,Standard_HO,VM_012,19
448,1378738200,Standard_HO,VM_013,19
448,1378738200,Standard_HO,VM_023,19
448,1378738200,Standard_HO,VM_025,15
448,1378738200,WA-AHO,VM_001,18
448,1378738200,WA-AHO,VM_003,15
448,1378738200,WA-AHO,VM_011,18
448,1378738200,WA-AHO,VM_012,18
448,1378738200,WA-AHO,VM_013,18
448,1378738200,WA-AHO,VM_023,15
448,1378738200,WA-AHO,VM_025,18
448,1378738200,PABFD,VM_012,10
448,1378738200,PABFD,VM_011,11
448,1378738200,PABFD,VM_025,12
448,1378738200,PABFD,VM_003,13
448,1378738200,PABFD,VM_023,13
448,1378738200,PABFD,VM_001,11
448,1378738200,PABFD,VM_013,12
449,1378738500,Standard_HO,VM_001,10
449,1378738500,Standard_HO,VM_003,17
449,1378738500,Standard_HO,VM_011,17
449,1378738500,Standard_HO,VM_012,17
449,1378738500,Standard_HO,VM_013,10
449,1378738500,Standard_HO,VM_023,10
449,1378738500,Standard_HO,VM_025,17
449,1378738500,WA-AHO,VM_001,11
449,1378738500,WA-AHO,VM_003,16
449,1378738500,WA-AHO,VM_011,16
449,1378738500,WA-AHO,VM_012,16
449,1378738500,WA-AHO,VM_013,16
449,1378738500,WA-AHO,VM_023,16
449,1378738500,WA-AHO,VM_025,11
449,1378738500,PABFD,VM_012,10
449,1378738500,PABFD,VM_011,11
449,1378738500,PABFD,VM_025,12
449,1378738500,PABFD,VM_003,13
449,1378738500,PABFD,VM_023,13
449,1378738500,PABFD,VM_001,11
449,1378738500,PABFD,VM_013,12
450,1378738800,Standard_HO,VM_001,12
450,1378738800,Standard_HO,VM_003,18
450,1378738800,Standard_HO,VM_011,18
450,1378738800,Standard_HO,VM_012,18
450,1378738800,Standard_HO,VM_013,18
450,1378738800,Standard_HO,VM_023,18
450,1378738800,Standard_HO,VM_025,12
450,1378738800,WA-AHO,VM_001,10
450,1378738800,WA-AHO,VM_003,19
450,1378738800,WA-AHO,VM_011,19
450,1378738800,WA-AHO,VM_012,19
450,1378738800,WA-AHO,VM_013,19
450,1378738800,WA-AHO,VM_023,19
450,1378738800,WA-AHO,VM_025,10
450,1378738800,PABFD,VM_012,10
450,1378738800,PABFD,VM_011,11
450,1378738800,PABFD,VM_025,12
450,1378738800,PABFD,VM_003,13
450,1378738800,PABFD,VM_023,13
450,1378738800,PABFD,VM_001,11
450,1378738800,PABFD,VM_013,12
451,1378739100,Standard_HO,VM_001,14
451,1378739100,Standard_HO,VM_003,18
451,1378739100,Standard_HO,VM_011,18
451,1378739100,Standard_HO,VM_012,18
451,1378739100,Standard_HO,VM_013,14
451,1378739100,Standard_HO,VM_023,14
451,1378739100,Standard_HO,VM_025,18
451,1378739100,WA-AHO,VM_001,13
451,1378739100,WA-AHO,VM_003,17
451,1378739100,WA-AHO,VM_011,17
451,1378739100,WA-AHO,VM_012,17
451,1378739100,WA-AHO,VM_013,13
451,1378739100,WA-AHO,VM_023,13
451,1378739100,WA-AHO,VM_025,17
451,1378739100,PABFD,VM_012,10
451,1378739100,PABFD,VM_011,11
451,1378739100,PABFD,VM_025,12
451,1378739100,PABFD,VM_003,13
451,1378739100,PABFD,VM_023,13
451,1378739100,PABFD,VM_001,11
451,1378739100,PABFD,VM_013,12
452,1378739400,Standard_HO,VM_001,13
452,1378739400,Standard_HO,VM_003,19
452,1378739400,Standard_HO,VM_011,19
452,1378739400,Standard_HO,VM_012,19
452,1378739400,Standard_HO,VM_013,19
452,1378739400,Standard_HO,VM_023,19
452,1378739400,Standard_HO,VM_025,13
452,1378739400,WA-AHO,VM_001,14
452,1378739400,WA-AHO,VM_003,14
452,1378739400,WA-AHO,VM_011,18
452,1378739400,WA-AHO,VM_012,18
452,1378739400,WA-AHO,VM_013,14
452,1378739400,WA-AHO,VM_023,18
452,1378739400,WA-AHO,VM_025,18
452,1378739400,PABFD,VM_012,10
452,1378739400,PABFD,VM_011,11
452,1378739400,PABFD,VM_025,12
452,1378739400,PABFD,VM_003,13
452,1378739400,PABFD,VM_023,13
452,1378739400,PABFD,VM_001,11
452,1378739400,PABFD,VM_013,12
453,1378739700,Standard_HO,VM_001,15
453,1378739700,Standard_HO,VM_003,19
453,1378739700,Standard_HO,VM_011,19
453,1378739700,Standard_HO,VM_012,19
453,1378739700,Standard_HO,VM_013,15
453,1378739700,Standard_HO,VM_023,15
453,1378739700,Standard_HO,VM_025,19
453,1378739700,WA-AHO,VM_001,13
453,1378739700,WA-AHO,VM_003,13
453,1378739700,WA-AHO,VM_011,18
453,1378739700,WA-AHO,VM_012,18
453,1378739700,WA-AHO,VM_013,13
453,1378739700,WA-AHO,VM_023,18
453,1378739700,WA-AHO,VM_025,18
453,1378739700,PABFD,VM_012,10
453,1378739700,PABFD,VM_011,11
453,1378739700,PABFD,VM_025,12
453,1378739700,PABFD,VM_003,13
453,1378739700,PABFD,VM_023,13
453,1378739700,PABFD,VM_001,11
453,1378739700,PABFD,VM_013,12
454,1378740000,Standard_HO,VM_001,18
454,1378740000,Standard_HO,VM_003,13
454,1378740000,Standard_HO,VM_011,18
454,1378740000,Standard_HO,VM_012,18
454,1378740000,Standard_HO,VM_013,18
454,1378740000,Standard_HO,VM_023,13
454,1378740000,Standard_HO,VM_025,18
454,1378740000,WA-AHO,VM_001,18
454,1378740000,WA-AHO,VM_003,14
454,1378740000,WA-AHO,VM_011,18
454,1378740000,WA-AHO,VM_012,18
454,1378740000,WA-AHO,VM_013,18
454,1378740000,WA-AHO,VM_023,14
454,1378740000,WA-AHO,VM_025,18
454,1378740000,PABFD,VM_012,10
454,1378740000,PABFD,VM_011,11
454,1378740000,PABFD,VM_025,12
454,1378740000,PABFD,VM_003,13
454,1378740000,PABFD,VM_023,13
454,1378740000,PABFD,VM_001,11
454,1378740000,PABFD,VM_013,12
455,1378740300,Standard_HO,VM_001,17
455,1378740300,Standard_HO,VM_003,15
455,1378740300,Standard_HO,VM_011,17
455,1378740300,Standard_HO,VM_012,17
455,1378740300,Standard_HO,VM_013,17
455,1378740300,Standard_HO,VM_023,15
455,1378740300,Standard_HO,VM_025,17
455,1378740300,WA-AHO,VM_001,17
455,1378740300,WA-AHO,VM_003,15
455,1378740300,WA-AHO,VM_011,17
455,1378740300,WA-AHO,VM_012,17
455,1378740300,WA-AHO,VM_013,17
455,1378740300,WA-AHO,VM_023,15
455,1378740300,WA-AHO,VM_025,17
455,1378740300,PABFD,VM_012,10
455,1378740300,PABFD,VM_011,11
455,1378740300,PABFD,VM_025,12
455,1378740300,PABFD,VM_003,13
455,1378740300,PABFD,VM_023,13
455,1378740300,PABFD,VM_001,11
455,1378740300,PABFD,VM_013,12
456,1378740600,Standard_HO,VM_001,17
456,1378740600,Standard_HO,VM_003,10
456,1378740600,Standard_HO,VM_011,17
456,1378740600,Standard_HO,VM_012,17
456,1378740600,Standard_HO,VM_013,17
456,1378740600,Standard_HO,VM_023,10
456,1378740600,Standard_HO,VM_025,17
456,1378740600,WA-AHO,VM_001,18
456,1378740600,WA-AHO,VM_003,12
456,1378740600,WA-AHO,VM_011,18
456,1378740600,WA-AHO,VM_012,18
456,1378740600,WA-AHO,VM_013,18
456,1378740600,WA-AHO,VM_023,12
456,1378740600,WA-AHO,VM_025,18
456,1378740600,PABFD,VM_012,10
456,1378740600,PABFD,VM_011,11
456,1378740600,PABFD,VM_025,12
456,1378740600,PABFD,VM_003,13
456,1378740600,PABFD,VM_023,13
456,1378740600,PABFD,VM_001,11
456,1378740600,PABFD,VM_013,12
457,1378740900,Standard_HO,VM_001,18
457,1378740900,Standard_HO,VM_003,18
457,1378740900,Standard_HO,VM_011,18
457,1378740900,Standard_HO,VM_012,18
457,1378740900,Standard_HO,VM_013,15
457,1378740900,Standard_HO,VM_023,18
457,1378740900,Standard_HO,VM_025,15
457,1378740900,WA-AHO,VM_001,16
457,1378740900,WA-AHO,VM_003,16
457,1378740900,WA-AHO,VM_011,16
457,1378740900,WA-AHO,VM_012,16
457,1378740900,WA-AHO,VM_013,13
457,1378740900,WA-AHO,VM_023,16
457,1378740900,WA-AHO,VM_025,13
457,1378740900,PABFD,VM_012,10
457,1378740900,PABFD,VM_011,11
457,1378740900,PABFD,VM_025,12
457,1378740900,PABFD,VM_003,13
457,1378740900,PABFD,VM_023,13
457,1378740900,PABFD,VM_001,11
457,1378740900,PABFD,VM_013,12
458,1378741200,Standard_HO,VM_001,10
458,1378741200,Standard_HO,VM_003,16
458,1378741200,Standard_HO,VM_011,16
458,1378741200,Standard_HO,VM_012,16
458,1378741200,Standard_HO,VM_013,16
458,1378741200,Standard_HO,VM_023,16
458,1378741200,Standard_HO,VM_025,10
458,1378741200,WA-AHO,VM_001,15
458,1378741200,WA-AHO,VM_003,19
458,1378741200,WA-AHO,VM_011,19
458,1378741200,WA-AHO,VM_012,19
458,1378741200,WA-AHO,VM_013,15
458,1378741200,WA-AHO,VM_023,15
458,1378741200,WA-AHO,VM_025,19
458,1378741200,PABFD,VM_012,10
458,1378741200,PABFD,VM_011,11
458,1378741200,PABFD,VM_025,12
458,1378741200,PABFD,VM_003,13
458,1378741200,PABFD,VM_023,13
458,1378741200,PABFD,VM_001,11
458,1378741200,PABFD,VM_013,12
459,1378741500,Standard_HO,VM_001,18
459,1378741500,Standard_HO,VM_003,12
459,1378741500,Standard_HO,VM_011,18
459,1378741500,Standard_HO,VM_012,18
459,1378741500,Standard_HO,VM_013,18
459,1378741500,Standard_HO,VM_023,12
459,1378741500,Standard_HO,VM_025,18
459,1378741500,WA-AHO,VM_001,18
459,1378741500,WA-AHO,VM_003,12
459,1378741500,WA-AHO,VM_011,18
459,1378741500,WA-AHO,VM_012,18
459,1378741500,WA-AHO,VM_013,18
459,1378741500,WA-AHO,VM_023,12
459,1378741500,WA-AHO,VM_025,18
459,1378741500,PABFD,VM_012,10
459,1378741500,PABFD,VM_011,11
459,1378741500,PABFD,VM_025,12
459,1378741500,PABFD,VM_003,13
459,1378741500,PABFD,VM_023,13
459,1378741500,PABFD,VM_001,11
459,1378741500,PABFD,VM_013,12
460,1378741800,Standard_HO,VM_001,17
460,1378741800,Standard_HO,VM_003,14
460,1378741800,Standard_HO,VM_011,17
460,1378741800,Standard_HO,VM_012,17
460,1378741800,Standard_HO,VM_013,17
460,1378741800,Standard_HO,VM_023,14
460,1378741800,Standard_HO,VM_025,17
460,1378741800,WA-AHO,VM_001,18
460,1378741800,WA-AHO,VM_003,11
460,1378741800,WA-AHO,VM_011,18
460,1378741800,WA-AHO,VM_012,18
460,1378741800,WA-AHO,VM_013,18
460,1378741800,WA-AHO,VM_023,11
460,1378741800,WA-AHO,VM_025,18
460,1378741800,PABFD,VM_012,10
460,1378741800,PABFD,VM_011,11
460,1378741800,PABFD,VM_025,12
460,1378741800,PABFD,VM_003,13
460,1378741800,PABFD,VM_023,13
460,1378741800,PABFD,VM_001,11
460,1378741800,PABFD,VM_013,12
461,1378742100,Standard_HO,VM_001,18
461,1378742100,Standard_HO,VM_003,18
461,1378742100,Standard_HO,VM_011,18
461,1378742100,Standard_HO,VM_012,18
461,1378742100,Standard_HO,VM_013,15
461,1378742100,Standard_HO,VM_023,18
461,1378742100,Standard_HO,VM_025,15
461,1378742100,WA-AHO,VM_001,17
461,1378742100,WA-AHO,VM_003,13
461,1378742100,WA-AHO,VM_011,17
461,1378742100,WA-AHO,VM_012,17
461,1378742100,WA-AHO,VM_013,17
461,1378742100,WA-AHO,VM_023,13
461,1378742100,WA-AHO,VM_025,17
461,1378742100,PABFD,VM_012,10
461,1378742100,PABFD,VM_011,11
461,1378742100,PABFD,VM_025,12
461,1378742100,PABFD,VM_003,13
461,1378742100,PABFD,VM_023,13
461,1378742100,PABFD,VM_001,11
461,1378742100,PABFD,VM_013,12
462,1378742400,Standard_HO,VM_001,17
462,1378742400,Standard_HO,VM_003,14
462,1378742400,Standard_HO,VM_011,17
462,1378742400,Standard_HO,VM_012,17
462,1378742400,Standard_HO,VM_013,17
462,1378742400,Standard_HO,VM_023,14
462,1378742400,Standard_HO,VM_025,17
462,1378742400,WA-AHO,VM_001,16
462,1378742400,WA-AHO,VM_003,10
462,1378742400,WA-AHO,VM_011,16
462,1378742400,WA-AHO,VM_012,16
462,1378742400,WA-AHO,VM_013,16
462,1378742400,WA-AHO,VM_023,10
462,1378742400,WA-AHO,VM_025,16
462,1378742400,PABFD,VM_012,10
462,1378742400,PABFD,VM_011,11
462,1378742400,PABFD,VM_025,12
462,1378742400,PABFD,VM_003,13
462,1378742400,PABFD,VM_023,13
462,1378742400,PABFD,VM_001,11
462,1378742400,PABFD,VM_013,12
463,1378742700,Standard_HO,VM_001,19
463,1378742700,Standard_HO,VM_003,10
463,1378742700,Standard_HO,VM_011,19
463,1378742700,Standard_HO,VM_012,19
463,1378742700,Standard_HO,VM_013,19
463,1378742700,Standard_HO,VM_023,10
463,1378742700,Standard_HO,VM_025,19
463,1378742700,WA-AHO,VM_001,19
463,1378742700,WA-AHO,VM_003,11
463,1378742700,WA-AHO,VM_011,19
463,1378742700,WA-AHO,VM_012,19
463,1378742700,WA-AHO,VM_013,19
463,1378742700,WA-AHO,VM_023,11
463,1378742700,WA-AHO,VM_025,19
463,1378742700,PABFD,VM_012,10
463,1378742700,PABFD,VM_011,11
463,1378742700,PABFD,VM_025,12
463,1378742700,PABFD,VM_003,13
463,1378742700,PABFD,VM_023,13
463,1378742700,PABFD,VM_001,11
463,1378742700,PABFD,VM_013,12
464,1378743000,Standard_HO,VM_001,18
464,1378743000,Standard_HO,VM_003,11
464,1378743000,Standard_HO,VM_011,18
464,1378743000,Standard_HO,VM_012,18
464,1378743000,Standard_HO,VM_013,18
464,1378743000,Standard_HO,VM_023,11
464,1378743000,Standard_HO,VM_025,18
464,1378743000,WA-AHO,VM_001,19
464,1378743000,WA-AHO,VM_003,12
464,1378743000,WA-AHO,VM_011,19
464,1378743000,WA-AHO,VM_012,19
464,1378743000,WA-AHO,VM_013,19
464,1378743000,WA-AHO,VM_023,12
464,1378743000,WA-AHO,VM_025,19
464,1378743000,PABFD,VM_012,10
464,1378743000,PABFD,VM_011,11
464,1378743000,PABFD,VM_025,12
464,1378743000,PABFD,VM_003,13
464,1378743000,PABFD,VM_023,13
464,1378743000,PABFD,VM_001,11
464,1378743000,PABFD,VM_013,12
465,1378743300,Standard_HO,VM_001,19
465,1378743300,Standard_HO,VM_003,15
465,1378743300,Standard_HO,VM_011,19
465,1378743300,Standard_HO,VM_012,19
465,1378743300,Standard_HO,VM_013,19
465,1378743300,Standard_HO,VM_023,15
465,1378743300,Standard_HO,VM_025,19
465,1378743300,WA-AHO,VM_001,17
465,1378743300,WA-AHO,VM_003,15
465,1378743300,WA-AHO,VM_011,17
465,1378743300,WA-AHO,VM_012,17
465,1378743300,WA-AHO,VM_013,17
465,1378743300,WA-AHO,VM_023,15
465,1378743300,WA-AHO,VM_025,17
465,1378743300,PABFD,VM_012,10
465,1378743300,PABFD,VM_011,11
465,1378743300,PABFD,VM_025,12
465,1378743300,PABFD,VM_003,13
465,1378743300,PABFD,VM_023,13
465,1378743300,PABFD,VM_001,11
465,1378743300,PABFD,VM_013,12
466,1378743600,Standard_HO,VM_001,19
466,1378743600,Standard_HO,VM_003,11
466,1378743600,Standard_HO,VM_011,19
466,1378743600,Standard_HO,VM_012,19
466,1378743600,Standard_HO,VM_013,19
466,1378743600,Standard_HO,VM_023,11
466,1378743600,Standard_HO,VM_025,19
466,1378743600,WA-AHO,VM_001,17
466,1378743600,WA-AHO,VM_003,13
466,1378743600,WA-AHO,VM_011,17
466,1378743600,WA-AHO,VM_012,17
466,1378743600,WA-AHO,VM_013,17
466,1378743600,WA-AHO,VM_023,13
466,1378743600,WA-AHO,VM_025,17
466,1378743600,PABFD,VM_012,10
466,1378743600,PABFD,VM_011,11
466,1378743600,PABFD,VM_025,12
466,1378743600,PABFD,VM_003,13
466,1378743600,PABFD,VM_023,13
466,1378743600,PABFD,VM_001,11
466,1378743600,PABFD,VM_013,12
467,1378743900,Standard_HO,VM_001,19
467,1378743900,Standard_HO,VM_003,12
467,1378743900,Standard_HO,VM_011,19
467,1378743900,Standard_HO,VM_012,19
467,1378743900,Standard_HO,VM_013,19
467,1378743900,Standard_HO,VM_023,12
467,1378743900,Standard_HO,VM_025,19
467,1378743900,WA-AHO,VM_001,16
467,1378743900,WA-AHO,VM_003,11
467,1378743900,WA-AHO,VM_011,16
467,1378743900,WA-AHO,VM_012,16
467,1378743900,WA-AHO,VM_013,16
467,1378743900,WA-AHO,VM_023,11
467,1378743900,WA-AHO,VM_025,16
467,1378743900,PABFD,VM_012,10
467,1378743900,PABFD,VM_011,11
467,1378743900,PABFD,VM_025,12
467,1378743900,PABFD,VM_003,13
467,1378743900,PABFD,VM_023,13
467,1378743900,PABFD,VM_001,11
467,1378743900,PABFD,VM_013,12
468,1378744200,Standard_HO,VM_001,18
468,1378744200,Standard_HO,VM_003,13
468,1378744200,Standard_HO,VM_011,18
468,1378744200,Standard_HO,VM_012,18
468,1378744200,Standard_HO,VM_013,18
468,1378744200,Standard_HO,VM_023,13
468,1378744200,Standard_HO,VM_025,18
468,1378744200,WA-AHO,VM_001,16
468,1378744200,WA-AHO,VM_003,15
468,1378744200,WA-AHO,VM_011,16
468,1378744200,WA-AHO,VM_012,16
468,1378744200,WA-AHO,VM_013,16
468,1378744200,WA-AHO,VM_023,15
468,1378744200,WA-AHO,VM_025,16
468,1378744200,PABFD,VM_012,10
468,1378744200,PABFD,VM_011,11
468,1378744200,PABFD,VM_025,12
468,1378744200,PABFD,VM_003,13
468,1378744200,PABFD,VM_023,13
468,1378744200,PABFD,VM_001,11
468,1378744200,PABFD,VM_013,12
469,1378744500,Standard_HO,VM_001,19
469,1378744500,Standard_HO,VM_003,11
469,1378744500,Standard_HO,VM_011,19
469,1378744500,Standard_HO,VM_012,19
469,1378744500,Standard_HO,VM_013,19
469,1378744500,Standard_HO,VM_023,11
469,1378744500,Standard_HO,VM_025,19
469,1378744500,WA-AHO,VM_001,19
469,1378744500,WA-AHO,VM_003,15
469,1378744500,WA-AHO,VM_011,19
469,1378744500,WA-AHO,VM_012,19
469,1378744500,WA-AHO,VM_013,19
469,1378744500,WA-AHO,VM_023,15
469,1378744500,WA-AHO,VM_025,19
469,1378744500,PABFD,VM_012,10
469,1378744500,PABFD,VM_011,11
469,1378744500,PABFD,VM_025,12
469,1378744500,PABFD,VM_003,13
469,1378744500,PABFD,VM_023,13
469,1378744500,PABFD,VM_001,11
469,1378744500,PABFD,VM_013,12
470,1378744800,Standard_HO,VM_001,19
470,1378744800,Standard_HO,VM_003,19
470,1378744800,Standard_HO,VM_011,19
470,1378744800,Standard_HO,VM_012,19
470,1378744800,Standard_HO,VM_013,14
470,1378744800,Standard_HO,VM_023,19
470,1378744800,Standard_HO,VM_025,14
470,1378744800,WA-AHO,VM_001,19
470,1378744800,WA-AHO,VM_003,10
470,1378744800,WA-AHO,VM_011,19
470,1378744800,WA-AHO,VM_012,19
470,1378744800,WA-AHO,VM_013,19
470,1378744800,WA-AHO,VM_023,10
470,1378744800,WA-AHO,VM_025,19
470,1378744800,PABFD,VM_012,10
470,1378744800,PABFD,VM_011,11
470,1378744800,PABFD,VM_025,12
470,1378744800,PABFD,VM_003,13
470,1378744800,PABFD,VM_023,13
470,1378744800,PABFD,VM_001,11
470,1378744800,PABFD,VM_013,12
471,1378745100,Standard_HO,VM_001,17
471,1378745100,Standard_HO,VM_003,12
471,1378745100,Standard_HO,VM_011,17
471,1378745100,Standard_HO,VM_012,17
471,1378745100,Standard_HO,VM_013,17
471,1378745100,Standard_HO,VM_023,12
471,1378745100,Standard_HO,VM_025,17
471,1378745100,WA-AHO,VM_001,18
471,1378745100,WA-AHO,VM_003,12
471,1378745100,WA-AHO,VM_011,18
471,1378745100,WA-AHO,VM_012,18
471,1378745100,WA-AHO,VM_013,18
471,1378745100,WA-AHO,VM_023,12
471,1378745100,WA-AHO,VM_025,18
471,1378745100,PABFD,VM_012,10
471,1378745100,PABFD,VM_011,11
471,1378745100,PABFD,VM_025,12
471,1378745100,PABFD,VM_003,13
471,1378745100,PABFD,VM_023,13
471,1378745100,PABFD,VM_001,11
471,1378745100,PABFD,VM_013,12
472,1378745400,Standard_HO,VM_001,19
472,1378745400,Standard_HO,VM_003,14
472,1378745400,Standard_HO,VM_011,19
472,1378745400,Standard_HO,VM_012,19
472,1378745400,Standard_HO,VM_013,19
472,1378745400,Standard_HO,VM_023,14
472,1378745400,Standard_HO,VM_025,19
472,1378745400,WA-AHO,VM_001,19
472,1378745400,WA-AHO,VM_003,13
472,1378745400,WA-AHO,VM_011,19
472,1378745400,WA-AHO,VM_012,19
472,1378745400,WA-AHO,VM_013,19
472,1378745400,WA-AHO,VM_023,13
472,1378745400,WA-AHO,VM_025,19
472,1378745400,PABFD,VM_012,10
472,1378745400,PABFD,VM_011,11
472,1378745400,PABFD,VM_025,12
472,1378745400,PABFD,VM_003,13
472,1378745400,PABFD,VM_023,13
472,1378745400,PABFD,VM_001,11
472,1378745400,PABFD,VM_013,12
473,1378745700,Standard_HO,VM_001,18
473,1378745700,Standard_HO,VM_003,15
473,1378745700,Standard_HO,VM_011,18
473,1378745700,Standard_HO,VM_012,18
473,1378745700,Standard_HO,VM_013,18
473,1378745700,Standard_HO,VM_023,15
473,1378745700,Standard_HO,VM_025,18
473,1378745700,WA-AHO,VM_001,17
473,1378745700,WA-AHO,VM_003,10
473,1378745700,WA-AHO,VM_011,17
473,1378745700,WA-AHO,VM_012,17
473,1378745700,WA-AHO,VM_013,17
473,1378745700,WA-AHO,VM_023,10
473,1378745700,WA-AHO,VM_025,17
473,1378745700,PABFD,VM_012,10
473,1378745700,PABFD,VM_011,11
473,1378745700,PABFD,VM_025,12
473,1378745700,PABFD,VM_003,13
473,1378745700,PABFD,VM_023,13
473,1378745700,PABFD,VM_001,11
473,1378745700,PABFD,VM_013,12
474,1378746000,Standard_HO,VM_001,16
474,1378746000,Standard_HO,VM_003,10
474,1378746000,Standard_HO,VM_011,16
474,1378746000,Standard_HO,VM_012,16
474,1378746000,Standard_HO,VM_013,16
474,1378746000,Standard_HO,VM_023,10
474,1378746000,Standard_HO,VM_025,16
474,1378746000,WA-AHO,VM_001,18
474,1378746000,WA-AHO,VM_003,13
474,1378746000,WA-AHO,VM_011,18
474,1378746000,WA-AHO,VM_012,18
474,1378746000,WA-AHO,VM_013,18
474,1378746000,WA-AHO,VM_023,13
474,1378746000,WA-AHO,VM_025,18
474,1378746000,PABFD,VM_012,10
474,1378746000,PABFD,VM_011,11
474,1378746000,PABFD,VM_025,12
474,1378746000,PABFD,VM_003,13
474,1378746000,PABFD,VM_023,13
474,1378746000,PABFD,VM_001,11
474,1378746000,PABFD,VM_013,12
475,1378746300,Standard_HO,VM_001,18
475,1378746300,Standard_HO,VM_003,11
475,1378746300,Standard_HO,VM_011,18
475,1378746300,Standard_HO,VM_012,18
475,1378746300,Standard_HO,VM_013,18
475,1378746300,Standard_HO,VM_023,11
475,1378746300,Standard_HO,VM_025,18
475,1378746300,WA-AHO,VM_001,18
475,1378746300,WA-AHO,VM_003,15
475,1378746300,WA-AHO,VM_011,18
475,1378746300,WA-AHO,VM_012,18
475,1378746300,WA-AHO,VM_013,18
475,1378746300,WA-AHO,VM_023,15
475,1378746300,WA-AHO,VM_025,18
475,1378746300,PABFD,VM_012,10
475,1378746300,PABFD,VM_011,11
475,1378746300,PABFD,VM_025,12
475,1378746300,PABFD,VM_003,13
475,1378746300,PABFD,VM_023,13
475,1378746300,PABFD,VM_001,11
475,1378746300,PABFD,VM_013,12
476,1378746600,Standard_HO,VM_001,16
476,1378746600,Standard_HO,VM_003,11
476,1378746600,Standard_HO,VM_011,16
476,1378746600,Standard_HO,VM_012,16
476,1378746600,Standard_HO,VM_013,16
476,1378746600,Standard_HO,VM_023,11
476,1378746600,Standard_HO,VM_025,16
476,1378746600,WA-AHO,VM_001,17
476,1378746600,WA-AHO,VM_003,14
476,1378746600,WA-AHO,VM_011,17
476,1378746600,WA-AHO,VM_012,17
476,1378746600,WA-AHO,VM_013,17
476,1378746600,WA-AHO,VM_023,14
476,1378746600,WA-AHO,VM_025,17
476,1378746600,PABFD,VM_012,10
476,1378746600,PABFD,VM_011,11
476,1378746600,PABFD,VM_025,12
476,1378746600,PABFD,VM_003,13
476,1378746600,PABFD,VM_023,13
476,1378746600,PABFD,VM_001,11
476,1378746600,PABFD,VM_013,12
477,1378746900,Standard_HO,VM_001,17
477,1378746900,Standard_HO,VM_003,10
477,1378746900,Standard_HO,VM_011,17
477,1378746900,Standard_HO,VM_012,17
477,1378746900,Standard_HO,VM_013,17
477,1378746900,Standard_HO,VM_023,10
477,1378746900,Standard_HO,VM_025,17
477,1378746900,WA-AHO,VM_001,17
477,1378746900,WA-AHO,VM_003,10
477,1378746900,WA-AHO,VM_011,17
477,1378746900,WA-AHO,VM_012,17
477,1378746900,WA-AHO,VM_013,17
477,1378746900,WA-AHO,VM_023,10
477,1378746900,WA-AHO,VM_025,17
477,1378746900,PABFD,VM_012,10
477,1378746900,PABFD,VM_011,11
477,1378746900,PABFD,VM_025,12
477,1378746900,PABFD,VM_003,13
477,1378746900,PABFD,VM_023,13
477,1378746900,PABFD,VM_001,11
477,1378746900,PABFD,VM_013,12
478,1378747200,Standard_HO,VM_001,17
478,1378747200,Standard_HO,VM_003,15
478,1378747200,Standard_HO,VM_011,17
478,1378747200,Standard_HO,VM_012,17
478,1378747200,Standard_HO,VM_013,17
478,1378747200,Standard_HO,VM_023,15
478,1378747200,Standard_HO,VM_025,17
478,1378747200,WA-AHO,VM_001,17
478,1378747200,WA-AHO,VM_003,10
478,1378747200,WA-AHO,VM_011,17
478,1378747200,WA-AHO,VM_012,17
478,1378747200,WA-AHO,VM_013,17
478,1378747200,WA-AHO,VM_023,10
478,1378747200,WA-AHO,VM_025,17
478,1378747200,PABFD,VM_012,10
478,1378747200,PABFD,VM_011,11
478,1378747200,PABFD,VM_025,12
478,1378747200,PABFD,VM_003,13
478,1378747200,PABFD,VM_023,13
478,1378747200,PABFD,VM_001,11
478,1378747200,PABFD,VM_013,12
479,1378747500,Standard_HO,VM_001,19
479,1378747500,Standard_HO,VM_003,11
479,1378747500,Standard_HO,VM_011,19
479,1378747500,Standard_HO,VM_012,19
479,1378747500,Standard_HO,VM_013,19
479,1378747500,Standard_HO,VM_023,11
479,1378747500,Standard_HO,VM_025,19
479,1378747500,WA-AHO,VM_001,17
479,1378747500,WA-AHO,VM_003,17
479,1378747500,WA-AHO,VM_011,10
479,1378747500,WA-AHO,VM_012,17
479,1378747500,WA-AHO,VM_013,10
479,1378747500,WA-AHO,VM_023,17
479,1378747500,WA-AHO,VM_025,17
479,1378747500,PABFD,VM_012,10
479,1378747500,PABFD,VM_011,11
479,1378747500,PABFD,VM_025,12
479,1378747500,PABFD,VM_003,13
479,1378747500,PABFD,VM_023,13
479,1378747500,PABFD,VM_001,11
479,1378747500,PABFD,VM_013,12
480,1378747800,Standard_HO,VM_001,19
480,1378747800,Standard_HO,VM_003,14
480,1378747800,Standard_HO,VM_011,19
480,1378747800,Standard_HO,VM_012,19
480,1378747800,Standard_HO,VM_013,19
480,1378747800,Standard_HO,VM_023,14
480,1378747800,Standard_HO,VM_025,19
480,1378747800,WA-AHO,VM_001,19
480,1378747800,WA-AHO,VM_003,19
480,1378747800,WA-AHO,VM_011,19
480,1378747800,WA-AHO,VM_012,19
480,1378747800,WA-AHO,VM_013,10
480,1378747800,WA-AHO,VM_023,19
480,1378747800,WA-AHO,VM_025,10
480,1378747800,PABFD,VM_012,10
480,1378747800,PABFD,VM_011,11
480,1378747800,PABFD,VM_025,12
480,1378747800,PABFD,VM_003,13
480,1378747800,PABFD,VM_023,13
480,1378747800,PABFD,VM_001,11
480,1378747800,PABFD,VM_013,12
481,1378748100,Standard_HO,VM_001,17
481,1378748100,Standard_HO,VM_003,10
481,1378748100,Standard_HO,VM_011,17
481,1378748100,Standard_HO,VM_012,17
481,1378748100,Standard_HO,VM_013,17
481,1378748100,Standard_HO,VM_023,10
481,1378748100,Standard_HO,VM_025,17
481,1378748100,WA-AHO,VM_001,18
481,1378748100,WA-AHO,VM_003,13
481,1378748100,WA-AHO,VM_011,18
481,1378748100,WA-AHO,VM_012,18
481,1378748100,WA-AHO,VM_013,18
481,1378748100,WA-AHO,VM_023,13
481,1378748100,WA-AHO,VM_025,18
481,1378748100,PABFD,VM_012,10
481,1378748100,PABFD,VM_011,11
481,1378748100,PABFD,VM_025,12
481,1378748100,PABFD,VM_003,13
481,1378748100,PABFD,VM_023,13
481,1378748100,PABFD,VM_001,11
481,1378748100,PABFD,VM_013,12
482,1378748400,Standard_HO,VM_001,18
482,1378748400,Standard_HO,VM_003,18
482,1378748400,Standard_HO,VM_011,18
482,1378748400,Standard_HO,VM_012,18
482,1378748400,Standard_HO,VM_013,15
482,1378748400,Standard_HO,VM_023,18
482,1378748400,Standard_HO,VM_025,15
482,1378748400,WA-AHO,VM_001,18
482,1378748400,WA-AHO,VM_003,18
482,1378748400,WA-AHO,VM_011,18
482,1378748400,WA-AHO,VM_012,18
482,1378748400,WA-AHO,VM_013,10
482,1378748400,WA-AHO,VM_023,18
482,1378748400,WA-AHO,VM_025,10
482,1378748400,PABFD,VM_012,10
482,1378748400,PABFD,VM_011,11
482,1378748400,PABFD,VM_025,12
482,1378748400,PABFD,VM_003,13
482,1378748400,PABFD,VM_023,13
482,1378748400,PABFD,VM_001,11
482,1378748400,PABFD,VM_013,12
483,1378748700,Standard_HO,VM_001,16
483,1378748700,Standard_HO,VM_003,11
483,1378748700,Standard_HO,VM_011,16
483,1378748700,Standard_HO,VM_012,16
483,1378748700,Standard_HO,VM_013,16
483,1378748700,Standard_HO,VM_023,11
483,1378748700,Standard_HO,VM_025,16
483,1378748700,WA-AHO,VM_001,18
483,1378748700,WA-AHO,VM_003,11
483,1378748700,WA-AHO,VM_011,18
483,1378748700,WA-AHO,VM_012,18
483,1378748700,WA-AHO,VM_013,18
483,1378748700,WA-AHO,VM_023,11
483,1378748700,WA-AHO,VM_025,18
483,1378748700,PABFD,VM_012,10
483,1378748700,PABFD,VM_011,11
483,1378748700,PABFD,VM_025,12
483,1378748700,PABFD,VM_003,13
483,1378748700,PABFD,VM_023,13
483,1378748700,PABFD,VM_001,11
483,1378748700,PABFD,VM_013,12
484,1378749000,Standard_HO,VM_001,16
484,1378749000,Standard_HO,VM_003,15
484,1378749000,Standard_HO,VM_011,16
484,1378749000,Standard_HO,VM_012,16
484,1378749000,Standard_HO,VM_013,16
484,1378749000,Standard_HO,VM_023,15
484,1378749000,Standard_HO,VM_025,16
484,1378749000,WA-AHO,VM_001,16
484,1378749000,WA-AHO,VM_003,16
484,1378749000,WA-AHO,VM_011,16
484,1378749000,WA-AHO,VM_012,16
484,1378749000,WA-AHO,VM_013,11
484,1378749000,WA-AHO,VM_023,16
484,1378749000,WA-AHO,VM_025,11
484,1378749000,PABFD,VM_012,10
484,1378749000,PABFD,VM_011,11
484,1378749000,PABFD,VM_025,12
484,1378749000,PABFD,VM_003,13
484,1378749000,PABFD,VM_023,13
484,1378749000,PABFD,VM_001,11
484,1378749000,PABFD,VM_013,12
485,1378749300,Standard_HO,VM_001,19
485,1378749300,Standard_HO,VM_003,14
485,1378749300,Standard_HO,VM_011,19
485,1378749300,Standard_HO,VM_012,19
485,1378749300,Standard_HO,VM_013,19
485,1378749300,Standard_HO,VM_023,14
485,1378749300,Standard_HO,VM_025,19
485,1378749300,WA-AHO,VM_001,17
485,1378749300,WA-AHO,VM_003,17
485,1378749300,WA-AHO,VM_011,17
485,1378749300,WA-AHO,VM_012,17
485,1378749300,WA-AHO,VM_013,13
485,1378749300,WA-AHO,VM_023,17
485,1378749300,WA-AHO,VM_025,13
485,1378749300,PABFD,VM_012,10
485,1378749300,PABFD,VM_011,11
485,1378749300,PABFD,VM_025,12
485,1378749300,PABFD,VM_003,13
485,1378749300,PABFD,VM_023,13
485,1378749300,PABFD,VM_001,11
485,1378749300,PABFD,VM_013,12
486,1378749600,Standard_HO,VM_001,16
486,1378749600,Standard_HO,VM_003,10
486,1378749600,Standard_HO,VM_011,16
486,1378749600,Standard_HO,VM_012,16
486,1378749600,Standard_HO,VM_013,16
486,1378749600,Standard_HO,VM_023,10
486,1378749600,Standard_HO,VM_025,16
486,1378749600,WA-AHO,VM_001,17
486,1378749600,WA-AHO,VM_003,14
486,1378749600,WA-AHO,VM_011,17
486,1378749600,WA-AHO,VM_012,17
486,1378749600,WA-AHO,VM_013,17
486,1378749600,WA-AHO,VM_023,14
486,1378749600,WA-AHO,VM_025,17
486,1378749600,PABFD,VM_012,10
486,1378749600,PABFD,VM_011,11
486,1378749600,PABFD,VM_025,12
486,1378749600,PABFD,VM_003,13
486,1378749600,PABFD,VM_023,13
486,1378749600,PABFD,VM_001,11
486,1378749600,PABFD,VM_013,12
487,1378749900,Standard_HO,VM_001,18
487,1378749900,Standard_HO,VM_003,14
487,1378749900,Standard_HO,VM_011,18
487,1378749900,Standard_HO,VM_012,18
487,1378749900,Standard_HO,VM_013,18
487,1378749900,Standard_HO,VM_023,14
487,1378749900,Standard_HO,VM_025,18
487,1378749900,WA-AHO,VM_001,17
487,1378749900,WA-AHO,VM_003,14
487,1378749900,WA-AHO,VM_011,17
487,1378749900,WA-AHO,VM_012,17
487,1378749900,WA-AHO,VM_013,17
487,1378749900,WA-AHO,VM_023,14
487,1378749900,WA-AHO,VM_025,17
487,1378749900,PABFD,VM_012,10
487,1378749900,PABFD,VM_011,11
487,1378749900,PABFD,VM_025,12
487,1378749900,PABFD,VM_003,13
487,1378749900,PABFD,VM_023,13
487,1378749900,PABFD,VM_001,11
487,1378749900,PABFD,VM_013,12
488,1378750200,Standard_HO,VM_001,17
488,1378750200,Standard_HO,VM_003,13
488,1378750200,Standard_HO,VM_011,17
488,1378750200,Standard_HO,VM_012,17
488,1378750200,Standard_HO,VM_013,17
488,1378750200,Standard_HO,VM_023,13
488,1378750200,Standard_HO,VM_025,17
488,1378750200,WA-AHO,VM_001,17
488,1378750200,WA-AHO,VM_003,13
488,1378750200,WA-AHO,VM_011,17
488,1378750200,WA-AHO,VM_012,17
488,1378750200,WA-AHO,VM_013,17
488,1378750200,WA-AHO,VM_023,13
488,1378750200,WA-AHO,VM_025,17
488,1378750200,PABFD,VM_012,10
488,1378750200,PABFD,VM_011,11
488,1378750200,PABFD,VM_025,12
488,1378750200,PABFD,VM_003,13
488,1378750200,PABFD,VM_023,13
488,1378750200,PABFD,VM_001,11
488,1378750200,PABFD,VM_013,12
489,1378750500,Standard_HO,VM_001,19
489,1378750500,Standard_HO,VM_003,15
489,1378750500,Standard_HO,VM_011,19
489,1378750500,Standard_HO,VM_012,19
489,1378750500,Standard_HO,VM_013,19
489,1378750500,Standard_HO,VM_023,15
489,1378750500,Standard_HO,VM_025,19
489,1378750500,WA-AHO,VM_001,19
489,1378750500,WA-AHO,VM_003,13
489,1378750500,WA-AHO,VM_011,19
489,1378750500,WA-AHO,VM_012,19
489,1378750500,WA-AHO,VM_013,19
489,1378750500,WA-AHO,VM_023,13
489,1378750500,WA-AHO,VM_025,19
489,1378750500,PABFD,VM_012,10
489,1378750500,PABFD,VM_011,11
489,1378750500,PABFD,VM_025,12
489,1378750500,PABFD,VM_003,13
489,1378750500,PABFD,VM_023,13
489,1378750500,PABFD,VM_001,11
489,1378750500,PABFD,VM_013,12
490,1378750800,Standard_HO,VM_001,18
490,1378750800,Standard_HO,VM_003,11
490,1378750800,Standard_HO,VM_011,18
490,1378750800,Standard_HO,VM_012,18
490,1378750800,Standard_HO,VM_013,18
490,1378750800,Standard_HO,VM_023,11
490,1378750800,Standard_HO,VM_025,18
490,1378750800,WA-AHO,VM_001,19
490,1378750800,WA-AHO,VM_003,14
490,1378750800,WA-AHO,VM_011,19
490,1378750800,WA-AHO,VM_012,19
490,1378750800,WA-AHO,VM_013,19
490,1378750800,WA-AHO,VM_023,14
490,1378750800,WA-AHO,VM_025,19
490,1378750800,PABFD,VM_012,10
490,1378750800,PABFD,VM_011,11
490,1378750800,PABFD,VM_025,12
490,1378750800,PABFD,VM_003,13
490,1378750800,PABFD,VM_023,13
490,1378750800,PABFD,VM_001,11
490,1378750800,PABFD,VM_013,12
491,1378751100,Standard_HO,VM_001,16
491,1378751100,Standard_HO,VM_003,12
491,1378751100,Standard_HO,VM_011,16
491,1378751100,Standard_HO,VM_012,16
491,1378751100,Standard_HO,VM_013,16
491,1378751100,Standard_HO,VM_023,12
491,1378751100,Standard_HO,VM_025,16
491,1378751100,WA-AHO,VM_001,19
491,1378751100,WA-AHO,VM_003,15
491,1378751100,WA-AHO,VM_011,19
491,1378751100,WA-AHO,VM_012,19
491,1378751100,WA-AHO,VM_013,19
491,1378751100,WA-AHO,VM_023,15
491,1378751100,WA-AHO,VM_025,19
491,1378751100,PABFD,VM_012,10
491,1378751100,PABFD,VM_011,11
491,1378751100,PABFD,VM_025,12
491,1378751100,PABFD,VM_003,13
491,1378751100,PABFD,VM_023,13
491,1378751100,PABFD,VM_001,11
491,1378751100,PABFD,VM_013,12
492,1378751400,Standard_HO,VM_001,18
492,1378751400,Standard_HO,VM_003,15
492,1378751400,Standard_HO,VM_011,18
492,1378751400,Standard_HO,VM_012,18
492,1378751400,Standard_HO,VM_013,18
492,1378751400,Standard_HO,VM_023,15
492,1378751400,Standard_HO,VM_025,18
492,1378751400,WA-AHO,VM_001,18
492,1378751400,WA-AHO,VM_003,15
492,1378751400,WA-AHO,VM_011,18
492,1378751400,WA-AHO,VM_012,18
492,1378751400,WA-AHO,VM_013,18
492,1378751400,WA-AHO,VM_023,15
492,1378751400,WA-AHO,VM_025,18
492,1378751400,PABFD,VM_012,10
492,1378751400,PABFD,VM_011,11
492,1378751400,PABFD,VM_025,12
492,1378751400,PABFD,VM_003,13
492,1378751400,PABFD,VM_023,13
492,1378751400,PABFD,VM_001,11
492,1378751400,PABFD,VM_013,12
493,1378751700,Standard_HO,VM_001,17
493,1378751700,Standard_HO,VM_003,10
493,1378751700,Standard_HO,VM_011,17
493,1378751700,Standard_HO,VM_012,17
493,1378751700,Standard_HO,VM_013,17
493,1378751700,Standard_HO,VM_023,10
493,1378751700,Standard_HO,VM_025,17
493,1378751700,WA-AHO,VM_001,19
493,1378751700,WA-AHO,VM_003,19
493,1378751700,WA-AHO,VM_011,19
493,1378751700,WA-AHO,VM_012,19
493,1378751700,WA-AHO,VM_013,12
493,1378751700,WA-AHO,VM_023,19
493,1378751700,WA-AHO,VM_025,12
493,1378751700,PABFD,VM_012,10
493,1378751700,PABFD,VM_011,11
493,1378751700,PABFD,VM_025,12
493,1378751700,PABFD,VM_003,13
493,1378751700,PABFD,VM_023,13
493,1378751700,PABFD,VM_001,11
493,1378751700,PABFD,VM_013,12
494,1378752000,Standard_HO,VM_001,16
494,1378752000,Standard_HO,VM_003,11
494,1378752000,Standard_HO,VM_011,16
494,1378752000,Standard_HO,VM_012,16
494,1378752000,Standard_HO,VM_013,16
494,1378752000,Standard_HO,VM_023,11
494,1378752000,Standard_HO,VM_025,16
494,1378752000,WA-AHO,VM_001,18
494,1378752000,WA-AHO,VM_003,18
494,1378752000,WA-AHO,VM_011,18
494,1378752000,WA-AHO,VM_012,18
494,1378752000,WA-AHO,VM_013,11
494,1378752000,WA-AHO,VM_023,18
494,1378752000,WA-AHO,VM_025,11
494,1378752000,PABFD,VM_012,10
494,1378752000,PABFD,VM_011,11
494,1378752000,PABFD,VM_025,12
494,1378752000,PABFD,VM_003,13
494,1378752000,PABFD,VM_023,13
494,1378752000,PABFD,VM_001,11
494,1378752000,PABFD,VM_013,12
495,1378752300,Standard_HO,VM_001,19
495,1378752300,Standard_HO,VM_003,11
495,1378752300,Standard_HO,VM_011,19
495,1378752300,Standard_HO,VM_012,19
495,1378752300,Standard_HO,VM_013,19
495,1378752300,Standard_HO,VM_023,11
495,1378752300,Standard_HO,VM_025,19
495,1378752300,WA-AHO,VM_001,19
495,1378752300,WA-AHO,VM_003,19
495,1378752300,WA-AHO,VM_011,19
495,1378752300,WA-AHO,VM_012,19
495,1378752300,WA-AHO,VM_013,11
495,1378752300,WA-AHO,VM_023,19
495,1378752300,WA-AHO,VM_025,11
495,1378752300,PABFD,VM_012,10
495,1378752300,PABFD,VM_011,11
495,1378752300,PABFD,VM_025,12
495,1378752300,PABFD,VM_003,13
495,1378752300,PABFD,VM_023,13
495,1378752300,PABFD,VM_001,11
495,1378752300,PABFD,VM_013,12
496,1378752600,Standard_HO,VM_001,19
496,1378752600,Standard_HO,VM_003,13
496,1378752600,Standard_HO,VM_011,19
496,1378752600,Standard_HO,VM_012,19
496,1378752600,Standard_HO,VM_013,19
496,1378752600,Standard_HO,VM_023,13
496,1378752600,Standard_HO,VM_025,19
496,1378752600,WA-AHO,VM_001,19
496,1378752600,WA-AHO,VM_003,19
496,1378752600,WA-AHO,VM_011,19
496,1378752600,WA-AHO,VM_012,19
496,1378752600,WA-AHO,VM_013,10
496,1378752600,WA-AHO,VM_023,19
496,1378752600,WA-AHO,VM_025,10
496,1378752600,PABFD,VM_012,10
496,1378752600,PABFD,VM_011,11
496,1378752600,PABFD,VM_025,12
496,1378752600,PABFD,VM_003,13
496,1378752600,PABFD,VM_023,13
496,1378752600,PABFD,VM_001,11
496,1378752600,PABFD,VM_013,12
497,1378752900,Standard_HO,VM_001,19
497,1378752900,Standard_HO,VM_003,19
497,1378752900,Standard_HO,VM_011,19
497,1378752900,Standard_HO,VM_012,19
497,1378752900,Standard_HO,VM_013,10
497,1378752900,Standard_HO,VM_023,19
497,1378752900,Standard_HO,VM_025,10
497,1378752900,WA-AHO,VM_001,19
497,1378752900,WA-AHO,VM_003,19
497,1378752900,WA-AHO,VM_011,19
497,1378752900,WA-AHO,VM_012,19
497,1378752900,WA-AHO,VM_013,15
497,1378752900,WA-AHO,VM_023,19
497,1378752900,WA-AHO,VM_025,15
497,1378752900,PABFD,VM_012,10
497,1378752900,PABFD,VM_011,11
497,1378752900,PABFD,VM_025,12
497,1378752900,PABFD,VM_003,13
497,1378752900,PABFD,VM_023,13
497,1378752900,PABFD,VM_001,11
497,1378752900,PABFD,VM_013,12
498,1378753200,Standard_HO,VM_001,18
498,1378753200,Standard_HO,VM_003,14
498,1378753200,Standard_HO,VM_011,18
498,1378753200,Standard_HO,VM_012,18
498,1378753200,Standard_HO,VM_013,18
498,1378753200,Standard_HO,VM_023,14
498,1378753200,Standard_HO,VM_025,18
498,1378753200,WA-AHO,VM_001,18
498,1378753200,WA-AHO,VM_003,10
498,1378753200,WA-AHO,VM_011,18
498,1378753200,WA-AHO,VM_012,18
498,1378753200,WA-AHO,VM_013,18
498,1378753200,WA-AHO,VM_023,10
498,1378753200,WA-AHO,VM_025,18
498,1378753200,PABFD,VM_012,10
498,1378753200,PABFD,VM_011,11
498,1378753200,PABFD,VM_025,12
498,1378753200,PABFD,VM_003,13
498,1378753200,PABFD,VM_023,13
498,1378753200,PABFD,VM_001,11
498,1378753200,PABFD,VM_013,12
499,1378753500,Standard_HO,VM_001,19
499,1378753500,Standard_HO,VM_003,11
499,1378753500,Standard_HO,VM_011,19
499,1378753500,Standard_HO,VM_012,19
499,1378753500,Standard_HO,VM_013,19
499,1378753500,Standard_HO,VM_023,11
499,1378753500,Standard_HO,VM_025,19
499,1378753500,WA-AHO,VM_001,19
499,1378753500,WA-AHO,VM_003,11
499,1378753500,WA-AHO,VM_011,19
499,1378753500,WA-AHO,VM_012,19
499,1378753500,WA-AHO,VM_013,19
499,1378753500,WA-AHO,VM_023,11
499,1378753500,WA-AHO,VM_025,19
499,1378753500,PABFD,VM_012,10
499,1378753500,PABFD,VM_011,11
499,1378753500,PABFD,VM_025,12
499,1378753500,PABFD,VM_003,13
499,1378753500,PABFD,VM_023,13
499,1378753500,PABFD,VM_001,11
499,1378753500,PABFD,VM_013,12
500,1378753800,Standard_HO,VM_001,19
500,1378753800,Standard_HO,VM_003,12
500,1378753800,Standard_HO,VM_011,19
500,1378753800,Standard_HO,VM_012,19
500,1378753800,Standard_HO,VM_013,19
500,1378753800,Standard_HO,VM_023,12
500,1378753800,Standard_HO,VM_025,19
500,1378753800,WA-AHO,VM_001,16
500,1378753800,WA-AHO,VM_003,13
500,1378753800,WA-AHO,VM_011,16
500,1378753800,WA-AHO,VM_012,16
500,1378753800,WA-AHO,VM_013,16
500,1378753800,WA-AHO,VM_023,13
500,1378753800,WA-AHO,VM_025,16
500,1378753800,PABFD,VM_012,10
500,1378753800,PABFD,VM_011,11
500,1378753800,PABFD,VM_025,12
500,1378753800,PABFD,VM_003,13
500,1378753800,PABFD,VM_023,13
500,1378753800,PABFD,VM_001,11
500,1378753800,PABFD,VM_013,12
501,1378754100,Standard_HO,VM_001,16
501,1378754100,Standard_HO,VM_003,12
501,1378754100,Standard_HO,VM_011,16
501,1378754100,Standard_HO,VM_012,16
501,1378754100,Standard_HO,VM_013,16
501,1378754100,Standard_HO,VM_023,12
501,1378754100,Standard_HO,VM_025,16
501,1378754100,WA-AHO,VM_001,16
501,1378754100,WA-AHO,VM_003,16
501,1378754100,WA-AHO,VM_011,16
501,1378754100,WA-AHO,VM_012,16
501,1378754100,WA-AHO,VM_013,12
501,1378754100,WA-AHO,VM_023,16
501,1378754100,WA-AHO,VM_025,12
501,1378754100,PABFD,VM_012,10
501,1378754100,PABFD,VM_011,11
501,1378754100,PABFD,VM_025,12
501,1378754100,PABFD,VM_003,13
501,1378754100,PABFD,VM_023,13
501,1378754100,PABFD,VM_001,11
501,1378754100,PABFD,VM_013,12
502,1378754400,Standard_HO,VM_001,17
502,1378754400,Standard_HO,VM_003,17
502,1378754400,Standard_HO,VM_011,17
502,1378754400,Standard_HO,VM_012,17
502,1378754400,Standard_HO,VM_013,15
502,1378754400,Standard_HO,VM_023,17
502,1378754400,Standard_HO,VM_025,15
502,1378754400,WA-AHO,VM_001,18
502,1378754400,WA-AHO,VM_003,12
502,1378754400,WA-AHO,VM_011,18
502,1378754400,WA-AHO,VM_012,18
502,1378754400,WA-AHO,VM_013,18
502,1378754400,WA-AHO,VM_023,12
502,1378754400,WA-AHO,VM_025,18
502,1378754400,PABFD,VM_012,10
502,1378754400,PABFD,VM_011,11
502,1378754400,PABFD,VM_025,12
502,1378754400,PABFD,VM_003,13
502,1378754400,PABFD,VM_023,13
502,1378754400,PABFD,VM_001,11
502,1378754400,PABFD,VM_013,12
503,1378754700,Standard_HO,VM_001,17
503,1378754700,Standard_HO,VM_003,11
503,1378754700,Standard_HO,VM_011,17
503,1378754700,Standard_HO,VM_012,17
503,1378754700,Standard_HO,VM_013,17
503,1378754700,Standard_HO,VM_023,11
503,1378754700,Standard_HO,VM_025,17
503,1378754700,WA-AHO,VM_001,18
503,1378754700,WA-AHO,VM_003,15
503,1378754700,WA-AHO,VM_011,18
503,1378754700,WA-AHO,VM_012,18
503,1378754700,WA-AHO,VM_013,18
503,1378754700,WA-AHO,VM_023,15
503,1378754700,WA-AHO,VM_025,18
503,1378754700,PABFD,VM_012,10
503,1378754700,PABFD,VM_011,11
503,1378754700,PABFD,VM_025,12
503,1378754700,PABFD,VM_003,13
503,1378754700,PABFD,VM_023,13
503,1378754700,PABFD,VM_001,11
503,1378754700,PABFD,VM_013,12
504,1378755000,Standard_HO,VM_001,17
504,1378755000,Standard_HO,VM_003,12
504,1378755000,Standard_HO,VM_011,17
504,1378755000,Standard_HO,VM_012,17
504,1378755000,Standard_HO,VM_013,17
504,1378755000,Standard_HO,VM_023,12
504,1378755000,Standard_HO,VM_025,17
504,1378755000,WA-AHO,VM_001,18
504,1378755000,WA-AHO,VM_003,11
504,1378755000,WA-AHO,VM_011,18
504,1378755000,WA-AHO,VM_012,18
504,1378755000,WA-AHO,VM_013,18
504,1378755000,WA-AHO,VM_023,11
504,1378755000,WA-AHO,VM_025,18
504,1378755000,PABFD,VM_012,10
504,1378755000,PABFD,VM_011,11
504,1378755000,PABFD,VM_025,12
504,1378755000,PABFD,VM_003,13
504,1378755000,PABFD,VM_023,13
504,1378755000,PABFD,VM_001,11
504,1378755000,PABFD,VM_013,12
505,1378755300,Standard_HO,VM_001,17
505,1378755300,Standard_HO,VM_003,15
505,1378755300,Standard_HO,VM_011,17
505,1378755300,Standard_HO,VM_012,17
505,1378755300,Standard_HO,VM_013,17
505,1378755300,Standard_HO,VM_023,15
505,1378755300,Standard_HO,VM_025,17
505,1378755300,WA-AHO,VM_001,19
505,1378755300,WA-AHO,VM_003,13
505,1378755300,WA-AHO,VM_011,19
505,1378755300,WA-AHO,VM_012,19
505,1378755300,WA-AHO,VM_013,19
505,1378755300,WA-AHO,VM_023,13
505,1378755300,WA-AHO,VM_025,19
505,1378755300,PABFD,VM_012,10
505,1378755300,PABFD,VM_011,11
505,1378755300,PABFD,VM_025,12
505,1378755300,PABFD,VM_003,13
505,1378755300,PABFD,VM_023,13
505,1378755300,PABFD,VM_001,11
505,1378755300,PABFD,VM_013,12
506,1378755600,Standard_HO,VM_001,18
506,1378755600,Standard_HO,VM_003,14
506,1378755600,Standard_HO,VM_011,18
506,1378755600,Standard_HO,VM_012,18
506,1378755600,Standard_HO,VM_013,18
506,1378755600,Standard_HO,VM_023,14
506,1378755600,Standard_HO,VM_025,18
506,1378755600,WA-AHO,VM_001,16
506,1378755600,WA-AHO,VM_003,12
506,1378755600,WA-AHO,VM_011,16
506,1378755600,WA-AHO,VM_012,16
506,1378755600,WA-AHO,VM_013,16
506,1378755600,WA-AHO,VM_023,12
506,1378755600,WA-AHO,VM_025,16
506,1378755600,PABFD,VM_012,10
506,1378755600,PABFD,VM_011,11
506,1378755600,PABFD,VM_025,12
506,1378755600,PABFD,VM_003,13
506,1378755600,PABFD,VM_023,13
506,1378755600,PABFD,VM_001,11
506,1378755600,PABFD,VM_013,12
507,1378755900,Standard_HO,VM_001,16
507,1378755900,Standard_HO,VM_003,11
507,1378755900,Standard_HO,VM_011,16
507,1378755900,Standard_HO,VM_012,16
507,1378755900,Standard_HO,VM_013,16
507,1378755900,Standard_HO,VM_023,11
507,1378755900,Standard_HO,VM_025,16
507,1378755900,WA-AHO,VM_001,18
507,1378755900,WA-AHO,VM_003,18
507,1378755900,WA-AHO,VM_011,18
507,1378755900,WA-AHO,VM_012,18
507,1378755900,WA-AHO,VM_013,10
507,1378755900,WA-AHO,VM_023,18
507,1378755900,WA-AHO,VM_025,10
507,1378755900,PABFD,VM_012,10
507,1378755900,PABFD,VM_011,11
507,1378755900,PABFD,VM_025,12
507,1378755900,PABFD,VM_003,13
507,1378755900,PABFD,VM_023,13
507,1378755900,PABFD,VM_001,11
507,1378755900,PABFD,VM_013,12
508,1378756200,Standard_HO,VM_001,16
508,1378756200,Standard_HO,VM_003,14
508,1378756200,Standard_HO,VM_011,16
508,1378756200,Standard_HO,VM_012,16
508,1378756200,Standard_HO,VM_013,16
508,1378756200,Standard_HO,VM_023,14
508,1378756200,Standard_HO,VM_025,16
508,1378756200,WA-AHO,VM_001,19
508,1378756200,WA-AHO,VM_003,19
508,1378756200,WA-AHO,VM_011,19
508,1378756200,WA-AHO,VM_012,19
508,1378756200,WA-AHO,VM_013,11
508,1378756200,WA-AHO,VM_023,19
508,1378756200,WA-AHO,VM_025,11
508,1378756200,PABFD,VM_012,10
508,1378756200,PABFD,VM_011,11
508,1378756200,PABFD,VM_025,12
508,1378756200,PABFD,VM_003,13
508,1378756200,PABFD,VM_023,13
508,1378756200,PABFD,VM_001,11
508,1378756200,PABFD,VM_013,12
509,1378756500,Standard_HO,VM_001,19
509,1378756500,Standard_HO,VM_003,10
509,1378756500,Standard_HO,VM_011,19
509,1378756500,Standard_HO,VM_012,19
509,1378756500,Standard_HO,VM_013,19
509,1378756500,Standard_HO,VM_023,10
509,1378756500,Standard_HO,VM_025,19
509,1378756500,WA-AHO,VM_001,19
509,1378756500,WA-AHO,VM_003,10
509,1378756500,WA-AHO,VM_011,19
509,1378756500,WA-AHO,VM_012,19
509,1378756500,WA-AHO,VM_013,19
509,1378756500,WA-AHO,VM_023,10
509,1378756500,WA-AHO,VM_025,19
509,1378756500,PABFD,VM_012,10
509,1378756500,PABFD,VM_011,11
509,1378756500,PABFD,VM_025,12
509,1378756500,PABFD,VM_003,13
509,1378756500,PABFD,VM_023,13
509,1378756500,PABFD,VM_001,11
509,1378756500,PABFD,VM_013,12
510,1378756800,Standard_HO,VM_001,18
510,1378756800,Standard_HO,VM_003,18
510,1378756800,Standard_HO,VM_011,18
510,1378756800,Standard_HO,VM_012,18
510,1378756800,Standard_HO,VM_013,11
510,1378756800,Standard_HO,VM_023,18
510,1378756800,Standard_HO,VM_025,11
510,1378756800,WA-AHO,VM_001,19
510,1378756800,WA-AHO,VM_003,12
510,1378756800,WA-AHO,VM_011,19
510,1378756800,WA-AHO,VM_012,19
510,1378756800,WA-AHO,VM_013,19
510,1378756800,WA-AHO,VM_023,12
510,1378756800,WA-AHO,VM_025,19
510,1378756800,PABFD,VM_012,10
510,1378756800,PABFD,VM_011,11
510,1378756800,PABFD,VM_025,12
510,1378756800,PABFD,VM_003,13
510,1378756800,PABFD,VM_023,13
510,1378756800,PABFD,VM_001,11
510,1378756800,PABFD,VM_013,12
511,1378757100,Standard_HO,VM_001,13
511,1378757100,Standard_HO,VM_003,16
511,1378757100,Standard_HO,VM_011,16
511,1378757100,Standard_HO,VM_012,16
511,1378757100,Standard_HO,VM_013,16
511,1378757100,Standard_HO,VM_023,16
511,1378757100,Standard_HO,VM_025,13
511,1378757100,WA-AHO,VM_001,18
511,1378757100,WA-AHO,VM_003,18
511,1378757100,WA-AHO,VM_011,18
511,1378757100,WA-AHO,VM_012,18
511,1378757100,WA-AHO,VM_013,12
511,1378757100,WA-AHO,VM_023,18
511,1378757100,WA-AHO,VM_025,12
511,1378757100,PABFD,VM_012,10
511,1378757100,PABFD,VM_011,11
511,1378757100,PABFD,VM_025,12
511,1378757100,PABFD,VM_003,13
511,1378757100,PABFD,VM_023,13
511,1378757100,PABFD,VM_001,11
511,1378757100,PABFD,VM_013,12
512,1378757400,Standard_HO,VM_001,11
512,1378757400,Standard_HO,VM_003,19
512,1378757400,Standard_HO,VM_011,19
512,1378757400,Standard_HO,VM_012,19
512,1378757400,Standard_HO,VM_013,11
512,1378757400,Standard_HO,VM_023,11
512,1378757400,Standard_HO,VM_025,19
512,1378757400,WA-AHO,VM_001,11
512,1378757400,WA-AHO,VM_003,19
512,1378757400,WA-AHO,VM_011,19
512,1378757400,WA-AHO,VM_012,19
512,1378757400,WA-AHO,VM_013,19
512,1378757400,WA-AHO,VM_023,19
512,1378757400,WA-AHO,VM_025,11
512,1378757400,PABFD,VM_012,10
512,1378757400,PABFD,VM_011,11
512,1378757400,PABFD,VM_025,12
512,1378757400,PABFD,VM_003,13
512,1378757400,PABFD,VM_023,13
512,1378757400,PABFD,VM_001,11
512,1378757400,PABFD,VM_013,12
513,1378757700,Standard_HO,VM_001,19
513,1378757700,Standard_HO,VM_003,12
513,1378757700,Standard_HO,VM_011,19
513,1378757700,Standard_HO,VM_012,19
513,1378757700,Standard_HO,VM_013,19
513,1378757700,Standard_HO,VM_023,12
513,1378757700,Standard_HO,VM_025,19
513,1378757700,WA-AHO,VM_001,19
513,1378757700,WA-AHO,VM_003,11
513,1378757700,WA-AHO,VM_011,19
513,1378757700,WA-AHO,VM_012,19
513,1378757700,WA-AHO,VM_013,19
513,1378757700,WA-AHO,VM_023,11
513,1378757700,WA-AHO,VM_025,19
513,1378757700,PABFD,VM_012,10
513,1378757700,PABFD,VM_011,11
513,1378757700,PABFD,VM_025,12
513,1378757700,PABFD,VM_003,13
513,1378757700,PABFD,VM_023,13
513,1378757700,PABFD,VM_001,11
513,1378757700,PABFD,VM_013,12
514,1378758000,Standard_HO,VM_001,19
514,1378758000,Standard_HO,VM_003,12
514,1378758000,Standard_HO,VM_011,19
514,1378758000,Standard_HO,VM_012,19
514,1378758000,Standard_HO,VM_013,19
514,1378758000,Standard_HO,VM_023,12
514,1378758000,Standard_HO,VM_025,19
514,1378758000,WA-AHO,VM_001,18
514,1378758000,WA-AHO,VM_003,18
514,1378758000,WA-AHO,VM_011,18
514,1378758000,WA-AHO,VM_012,18
514,1378758000,WA-AHO,VM_013,14
514,1378758000,WA-AHO,VM_023,18
514,1378758000,WA-AHO,VM_025,14
514,1378758000,PABFD,VM_012,10
514,1378758000,PABFD,VM_011,11
514,1378758000,PABFD,VM_025,12
514,1378758000,PABFD,VM_003,13
514,1378758000,PABFD,VM_023,13
514,1378758000,PABFD,VM_001,11
514,1378758000,PABFD,VM_013,12
515,1378758300,Standard_HO,VM_001,19
515,1378758300,Standard_HO,VM_003,14
515,1378758300,Standard_HO,VM_011,19
515,1378758300,Standard_HO,VM_012,19
515,1378758300,Standard_HO,VM_013,19
515,1378758300,Standard_HO,VM_023,14
515,1378758300,Standard_HO,VM_025,19
515,1378758300,WA-AHO,VM_001,19
515,1378758300,WA-AHO,VM_003,15
515,1378758300,WA-AHO,VM_011,19
515,1378758300,WA-AHO,VM_012,19
515,1378758300,WA-AHO,VM_013,19
515,1378758300,WA-AHO,VM_023,15
515,1378758300,WA-AHO,VM_025,19
515,1378758300,PABFD,VM_012,10
515,1378758300,PABFD,VM_011,11
515,1378758300,PABFD,VM_025,12
515,1378758300,PABFD,VM_003,13
515,1378758300,PABFD,VM_023,13
515,1378758300,PABFD,VM_001,11
515,1378758300,PABFD,VM_013,12
516,1378758600,Standard_HO,VM_001,18
516,1378758600,Standard_HO,VM_003,18
516,1378758600,Standard_HO,VM_011,18
516,1378758600,Standard_HO,VM_012,18
516,1378758600,Standard_HO,VM_013,15
516,1378758600,Standard_HO,VM_023,18
516,1378758600,Standard_HO,VM_025,15
516,1378758600,WA-AHO,VM_001,17
516,1378758600,WA-AHO,VM_003,14
516,1378758600,WA-AHO,VM_011,17
516,1378758600,WA-AHO,VM_012,17
516,1378758600,WA-AHO,VM_013,17
516,1378758600,WA-AHO,VM_023,14
516,1378758600,WA-AHO,VM_025,17
516,1378758600,PABFD,VM_012,10
516,1378758600,PABFD,VM_011,11
516,1378758600,PABFD,VM_025,12
516,1378758600,PABFD,VM_003,13
516,1378758600,PABFD,VM_023,13
516,1378758600,PABFD,VM_001,11
516,1378758600,PABFD,VM_013,12
517,1378758900,Standard_HO,VM_001,18
517,1378758900,Standard_HO,VM_003,15
517,1378758900,Standard_HO,VM_011,18
517,1378758900,Standard_HO,VM_012,18
517,1378758900,Standard_HO,VM_013,18
517,1378758900,Standard_HO,VM_023,15
517,1378758900,Standard_HO,VM_025,18
517,1378758900,WA-AHO,VM_001,16
517,1378758900,WA-AHO,VM_003,15
517,1378758900,WA-AHO,VM_011,16
517,1378758900,WA-AHO,VM_012,16
517,1378758900,WA-AHO,VM_013,16
517,1378758900,WA-AHO,VM_023,15
517,1378758900,WA-AHO,VM_025,16
517,1378758900,PABFD,VM_012,10
517,1378758900,PABFD,VM_011,11
517,1378758900,PABFD,VM_025,12
517,1378758900,PABFD,VM_003,13
517,1378758900,PABFD,VM_023,13
517,1378758900,PABFD,VM_001,11
517,1378758900,PABFD,VM_013,12
518,1378759200,Standard_HO,VM_001,16
518,1378759200,Standard_HO,VM_003,16
518,1378759200,Standard_HO,VM_011,16
518,1378759200,Standard_HO,VM_012,16
518,1378759200,Standard_HO,VM_013,12
518,1378759200,Standard_HO,VM_023,16
518,1378759200,Standard_HO,VM_025,12
518,1378759200,WA-AHO,VM_001,19
518,1378759200,WA-AHO,VM_003,19
518,1378759200,WA-AHO,VM_011,19
518,1378759200,WA-AHO,VM_012,19
518,1378759200,WA-AHO,VM_013,14
518,1378759200,WA-AHO,VM_023,19
518,1378759200,WA-AHO,VM_025,14
518,1378759200,PABFD,VM_012,10
518,1378759200,PABFD,VM_011,11
518,1378759200,PABFD,VM_025,12
518,1378759200,PABFD,VM_003,13
518,1378759200,PABFD,VM_023,13
518,1378759200,PABFD,VM_001,11
518,1378759200,PABFD,VM_013,12
519,1378759500,Standard_HO,VM_001,19
519,1378759500,Standard_HO,VM_003,11
519,1378759500,Standard_HO,VM_011,19
519,1378759500,Standard_HO,VM_012,19
519,1378759500,Standard_HO,VM_013,19
519,1378759500,Standard_HO,VM_023,11
519,1378759500,Standard_HO,VM_025,19
519,1378759500,WA-AHO,VM_001,19
519,1378759500,WA-AHO,VM_003,11
519,1378759500,WA-AHO,VM_011,19
519,1378759500,WA-AHO,VM_012,19
519,1378759500,WA-AHO,VM_013,19
519,1378759500,WA-AHO,VM_023,11
519,1378759500,WA-AHO,VM_025,19
519,1378759500,PABFD,VM_012,10
519,1378759500,PABFD,VM_011,11
519,1378759500,PABFD,VM_025,12
519,1378759500,PABFD,VM_003,13
519,1378759500,PABFD,VM_023,13
519,1378759500,PABFD,VM_001,11
519,1378759500,PABFD,VM_013,12
520,1378759800,Standard_HO,VM_001,19
520,1378759800,Standard_HO,VM_003,10
520,1378759800,Standard_HO,VM_011,19
520,1378759800,Standard_HO,VM_012,19
520,1378759800,Standard_HO,VM_013,19
520,1378759800,Standard_HO,VM_023,10
520,1378759800,Standard_HO,VM_025,19
520,1378759800,WA-AHO,VM_001,18
520,1378759800,WA-AHO,VM_003,12
520,1378759800,WA-AHO,VM_011,18
520,1378759800,WA-AHO,VM_012,18
520,1378759800,WA-AHO,VM_013,18
520,1378759800,WA-AHO,VM_023,12
520,1378759800,WA-AHO,VM_025,18
520,1378759800,PABFD,VM_012,10
520,1378759800,PABFD,VM_011,11
520,1378759800,PABFD,VM_025,12
520,1378759800,PABFD,VM_003,13
520,1378759800,PABFD,VM_023,13
520,1378759800,PABFD,VM_001,11
520,1378759800,PABFD,VM_013,12
521,1378760100,Standard_HO,VM_001,18
521,1378760100,Standard_HO,VM_003,18
521,1378760100,Standard_HO,VM_011,18
521,1378760100,Standard_HO,VM_012,18
521,1378760100,Standard_HO,VM_013,15
521,1378760100,Standard_HO,VM_023,18
521,1378760100,Standard_HO,VM_025,15
521,1378760100,WA-AHO,VM_001,18
521,1378760100,WA-AHO,VM_003,18
521,1378760100,WA-AHO,VM_011,18
521,1378760100,WA-AHO,VM_012,18
521,1378760100,WA-AHO,VM_013,14
521,1378760100,WA-AHO,VM_023,18
521,1378760100,WA-AHO,VM_025,14
521,1378760100,PABFD,VM_012,10
521,1378760100,PABFD,VM_011,11
521,1378760100,PABFD,VM_025,12
521,1378760100,PABFD,VM_003,13
521,1378760100,PABFD,VM_023,13
521,1378760100,PABFD,VM_001,11
521,1378760100,PABFD,VM_013,12
522,1378760400,Standard_HO,VM_001,18
522,1378760400,Standard_HO,VM_003,10
522,1378760400,Standard_HO,VM_011,18
522,1378760400,Standard_HO,VM_012,18
522,1378760400,Standard_HO,VM_013,18
522,1378760400,Standard_HO,VM_023,10
522,1378760400,Standard_HO,VM_025,18
522,1378760400,WA-AHO,VM_001,16
522,1378760400,WA-AHO,VM_003,14
522,1378760400,WA-AHO,VM_011,16
522,1378760400,WA-AHO,VM_012,16
522,1378760400,WA-AHO,VM_013,16
522,1378760400,WA-AHO,VM_023,14
522,1378760400,WA-AHO,VM_025,16
522,1378760400,PABFD,VM_012,10
522,1378760400,PABFD,VM_011,11
522,1378760400,PABFD,VM_025,12
522,1378760400,PABFD,VM_003,13
522,1378760400,PABFD,VM_023,13
522,1378760400,PABFD,VM_001,11
522,1378760400,PABFD,VM_013,12
523,1378760700,Standard_HO,VM_001,18
523,1378760700,Standard_HO,VM_003,14
523,1378760700,Standard_HO,VM_011,18
523,1378760700,Standard_HO,VM_012,18
523,1378760700,Standard_HO,VM_013,18
523,1378760700,Standard_HO,VM_023,14
523,1378760700,Standard_HO,VM_025,18
523,1378760700,WA-AHO,VM_001,17
523,1378760700,WA-AHO,VM_003,12
523,1378760700,WA-AHO,VM_011,17
523,1378760700,WA-AHO,VM_012,17
523,1378760700,WA-AHO,VM_013,17
523,1378760700,WA-AHO,VM_023,12
523,1378760700,WA-AHO,VM_025,17
523,1378760700,PABFD,VM_012,10
523,1378760700,PABFD,VM_011,11
523,1378760700,PABFD,VM_025,12
523,1378760700,PABFD,VM_003,13
523,1378760700,PABFD,VM_023,13
523,1378760700,PABFD,VM_001,11
523,1378760700,PABFD,VM_013,12
524,1378761000,Standard_HO,VM_001,19
524,1378761000,Standard_HO,VM_003,19
524,1378761000,Standard_HO,VM_011,19
524,1378761000,Standard_HO,VM_012,19
524,1378761000,Standard_HO,VM_013,15
524,1378761000,Standard_HO,VM_023,19
524,1378761000,Standard_HO,VM_025,15
524,1378761000,WA-AHO,VM_001,16
524,1378761000,WA-AHO,VM_003,16
524,1378761000,WA-AHO,VM_011,16
524,1378761000,WA-AHO,VM_012,16
524,1378761000,WA-AHO,VM_013,15
524,1378761000,WA-AHO,VM_023,16
524,1378761000,WA-AHO,VM_025,15
524,1378761000,PABFD,VM_012,10
524,1378761000,PABFD,VM_011,11
524,1378761000,PABFD,VM_025,12
524,1378761000,PABFD,VM_003,13
524,1378761000,PABFD,VM_023,13
524,1378761000,PABFD,VM_001,11
524,1378761000,PABFD,VM_013,12
525,1378761300,Standard_HO,VM_001,17
525,1378761300,Standard_HO,VM_003,17
525,1378761300,Standard_HO,VM_011,17
525,1378761300,Standard_HO,VM_012,17
525,1378761300,Standard_HO,VM_013,12
525,1378761300,Standard_HO,VM_023,17
525,1378761300,Standard_HO,VM_025,12
525,1378761300,WA-AHO,VM_001,18
525,1378761300,WA-AHO,VM_003,14
525,1378761300,WA-AHO,VM_011,18
525,1378761300,WA-AHO,VM_012,18
525,1378761300,WA-AHO,VM_013,18
525,1378761300,WA-AHO,VM_023,14
525,1378761300,WA-AHO,VM_025,18
525,1378761300,PABFD,VM_012,10
525,1378761300,PABFD,VM_011,11
525,1378761300,PABFD,VM_025,12
525,1378761300,PABFD,VM_003,13
525,1378761300,PABFD,VM_023,13
525,1378761300,PABFD,VM_001,11
525,1378761300,PABFD,VM_013,12
526,1378761600,Standard_HO,VM_001,17
526,1378761600,Standard_HO,VM_003,17
526,1378761600,Standard_HO,VM_011,17
526,1378761600,Standard_HO,VM_012,17
526,1378761600,Standard_HO,VM_013,15
526,1378761600,Standard_HO,VM_023,17
526,1378761600,Standard_HO,VM_025,15
526,1378761600,WA-AHO,VM_001,18
526,1378761600,WA-AHO,VM_003,18
526,1378761600,WA-AHO,VM_011,18
526,1378761600,WA-AHO,VM_012,18
526,1378761600,WA-AHO,VM_013,14
526,1378761600,WA-AHO,VM_023,18
526,1378761600,WA-AHO,VM_025,14
526,1378761600,PABFD,VM_012,10
526,1378761600,PABFD,VM_011,11
526,1378761600,PABFD,VM_025,12
526,1378761600,PABFD,VM_003,13
526,1378761600,PABFD,VM_023,13
526,1378761600,PABFD,VM_001,11
526,1378761600,PABFD,VM_013,12
527,1378761900,Standard_HO,VM_001,19
527,1378761900,Standard_HO,VM_003,19
527,1378761900,Standard_HO,VM_011,19
527,1378761900,Standard_HO,VM_012,19
527,1378761900,Standard_HO,VM_013,12
527,1378761900,Standard_HO,VM_023,19
527,1378761900,Standard_HO,VM_025,12
527,1378761900,WA-AHO,VM_001,16
527,1378761900,WA-AHO,VM_003,16
527,1378761900,WA-AHO,VM_011,16
527,1378761900,WA-AHO,VM_012,16
527,1378761900,WA-AHO,VM_013,14
527,1378761900,WA-AHO,VM_023,16
527,1378761900,WA-AHO,VM_025,14
527,1378761900,PABFD,VM_012,10
527,1378761900,PABFD,VM_011,11
527,1378761900,PABFD,VM_025,12
527,1378761900,PABFD,VM_003,13
527,1378761900,PABFD,VM_023,13
527,1378761900,PABFD,VM_001,11
527,1378761900,PABFD,VM_013,12
528,1378762200,Standard_HO,VM_001,17
528,1378762200,Standard_HO,VM_003,17
528,1378762200,Standard_HO,VM_011,17
528,1378762200,Standard_HO,VM_012,17
528,1378762200,Standard_HO,VM_013,15
528,1378762200,Standard_HO,VM_023,17
528,1378762200,Standard_HO,VM_025,15
528,1378762200,WA-AHO,VM_001,17
528,1378762200,WA-AHO,VM_003,17
528,1378762200,WA-AHO,VM_011,17
528,1378762200,WA-AHO,VM_012,17
528,1378762200,WA-AHO,VM_013,15
528,1378762200,WA-AHO,VM_023,17
528,1378762200,WA-AHO,VM_025,15
528,1378762200,PABFD,VM_012,10
528,1378762200,PABFD,VM_011,11
528,1378762200,PABFD,VM_025,12
528,1378762200,PABFD,VM_003,13
528,1378762200,PABFD,VM_023,13
528,1378762200,PABFD,VM_001,11
528,1378762200,PABFD,VM_013,12
529,1378762500,Standard_HO,VM_001,19
529,1378762500,Standard_HO,VM_003,19
529,1378762500,Standard_HO,VM_011,19
529,1378762500,Standard_HO,VM_012,19
529,1378762500,Standard_HO,VM_013,10
529,1378762500,Standard_HO,VM_023,19
529,1378762500,Standard_HO,VM_025,10
529,1378762500,WA-AHO,VM_001,18
529,1378762500,WA-AHO,VM_003,18
529,1378762500,WA-AHO,VM_011,18
529,1378762500,WA-AHO,VM_012,18
529,1378762500,WA-AHO,VM_013,10
529,1378762500,WA-AHO,VM_023,18
529,1378762500,WA-AHO,VM_025,10
529,1378762500,PABFD,VM_012,10
529,1378762500,PABFD,VM_011,11
529,1378762500,PABFD,VM_025,12
529,1378762500,PABFD,VM_003,13
529,1378762500,PABFD,VM_023,13
529,1378762500,PABFD,VM_001,11
529,1378762500,PABFD,VM_013,12
530,1378762800,Standard_HO,VM_001,18
530,1378762800,Standard_HO,VM_003,18
530,1378762800,Standard_HO,VM_011,18
530,1378762800,Standard_HO,VM_012,18
530,1378762800,Standard_HO,VM_013,11
530,1378762800,Standard_HO,VM_023,18
530,1378762800,Standard_HO,VM_025,11
530,1378762800,WA-AHO,VM_001,17
530,1378762800,WA-AHO,VM_003,17
530,1378762800,WA-AHO,VM_011,17
530,1378762800,WA-AHO,VM_012,17
530,1378762800,WA-AHO,VM_013,13
530,1378762800,WA-AHO,VM_023,17
530,1378762800,WA-AHO,VM_025,13
530,1378762800,PABFD,VM_012,10
530,1378762800,PABFD,VM_011,11
530,1378762800,PABFD,VM_025,12
530,1378762800,PABFD,VM_003,13
530,1378762800,PABFD,VM_023,13
530,1378762800,PABFD,VM_001,11
530,1378762800,PABFD,VM_013,12
531,1378763100,Standard_HO,VM_001,18
531,1378763100,Standard_HO,VM_003,18
531,1378763100,Standard_HO,VM_011,18
531,1378763100,Standard_HO,VM_012,18
531,1378763100,Standard_HO,VM_013,12
531,1378763100,Standard_HO,VM_023,18
531,1378763100,Standard_HO,VM_025,12
531,1378763100,WA-AHO,VM_001,18
531,1378763100,WA-AHO,VM_003,18
531,1378763100,WA-AHO,VM_011,18
531,1378763100,WA-AHO,VM_012,18
531,1378763100,WA-AHO,VM_013,11
531,1378763100,WA-AHO,VM_023,18
531,1378763100,WA-AHO,VM_025,11
531,1378763100,PABFD,VM_012,10
531,1378763100,PABFD,VM_011,11
531,1378763100,PABFD,VM_025,12
531,1378763100,PABFD,VM_003,13
531,1378763100,PABFD,VM_023,13
531,1378763100,PABFD,VM_001,11
531,1378763100,PABFD,VM_013,12
532,1378763400,Standard_HO,VM_001,19
532,1378763400,Standard_HO,VM_003,19
532,1378763400,Standard_HO,VM_011,19
532,1378763400,Standard_HO,VM_012,19
532,1378763400,Standard_HO,VM_013,13
532,1378763400,Standard_HO,VM_023,19
532,1378763400,Standard_HO,VM_025,13
532,1378763400,WA-AHO,VM_001,19
532,1378763400,WA-AHO,VM_003,13
532,1378763400,WA-AHO,VM_011,19
532,1378763400,WA-AHO,VM_012,19
532,1378763400,WA-AHO,VM_013,19
532,1378763400,WA-AHO,VM_023,13
532,1378763400,WA-AHO,VM_025,19
532,1378763400,PABFD,VM_012,10
532,1378763400,PABFD,VM_011,11
532,1378763400,PABFD,VM_025,12
532,1378763400,PABFD,VM_003,13
532,1378763400,PABFD,VM_023,13
532,1378763400,PABFD,VM_001,11
532,1378763400,PABFD,VM_013,12
533,1378763700,Standard_HO,VM_001,18
533,1378763700,Standard_HO,VM_003,18
533,1378763700,Standard_HO,VM_011,18
533,1378763700,Standard_HO,VM_012,18
533,1378763700,Standard_HO,VM_013,14
533,1378763700,Standard_HO,VM_023,18
533,1378763700,Standard_HO,VM_025,14
533,1378763700,WA-AHO,VM_001,18
533,1378763700,WA-AHO,VM_003,18
533,1378763700,WA-AHO,VM_011,18
533,1378763700,WA-AHO,VM_012,18
533,1378763700,WA-AHO,VM_013,14
533,1378763700,WA-AHO,VM_023,18
533,1378763700,WA-AHO,VM_025,14
533,1378763700,PABFD,VM_012,10
533,1378763700,PABFD,VM_011,11
533,1378763700,PABFD,VM_025,12
533,1378763700,PABFD,VM_003,13
533,1378763700,PABFD,VM_023,13
533,1378763700,PABFD,VM_001,11
533,1378763700,PABFD,VM_013,12
534,1378764000,Standard_HO,VM_001,19
534,1378764000,Standard_HO,VM_003,19
534,1378764000,Standard_HO,VM_011,19
534,1378764000,Standard_HO,VM_012,19
534,1378764000,Standard_HO,VM_013,13
534,1378764000,Standard_HO,VM_023,19
534,1378764000,Standard_HO,VM_025,13
534,1378764000,WA-AHO,VM_001,19
534,1378764000,WA-AHO,VM_003,10
534,1378764000,WA-AHO,VM_011,19
534,1378764000,WA-AHO,VM_012,19
534,1378764000,WA-AHO,VM_013,19
534,1378764000,WA-AHO,VM_023,10
534,1378764000,WA-AHO,VM_025,19
534,1378764000,PABFD,VM_012,10
534,1378764000,PABFD,VM_011,11
534,1378764000,PABFD,VM_025,12
534,1378764000,PABFD,VM_003,13
534,1378764000,PABFD,VM_023,13
534,1378764000,PABFD,VM_001,11
534,1378764000,PABFD,VM_013,12
535,1378764300,Standard_HO,VM_001,16
535,1378764300,Standard_HO,VM_003,16
535,1378764300,Standard_HO,VM_011,16
535,1378764300,Standard_HO,VM_012,16
535,1378764300,Standard_HO,VM_013,12
535,1378764300,Standard_HO,VM_023,16
535,1378764300,Standard_HO,VM_025,12
535,1378764300,WA-AHO,VM_001,16
535,1378764300,WA-AHO,VM_003,16
535,1378764300,WA-AHO,VM_011,16
535,1378764300,WA-AHO,VM_012,16
535,1378764300,WA-AHO,VM_013,12
535,1378764300,WA-AHO,VM_023,16
535,1378764300,WA-AHO,VM_025,12
535,1378764300,PABFD,VM_012,10
535,1378764300,PABFD,VM_011,11
535,1378764300,PABFD,VM_025,12
535,1378764300,PABFD,VM_003,13
535,1378764300,PABFD,VM_023,13
535,1378764300,PABFD,VM_001,11
535,1378764300,PABFD,VM_013,12
536,1378764600,Standard_HO,VM_001,10
536,1378764600,Standard_HO,VM_003,19
536,1378764600,Standard_HO,VM_011,19
536,1378764600,Standard_HO,VM_012,19
536,1378764600,Standard_HO,VM_013,19
536,1378764600,Standard_HO,VM_023,19
536,1378764600,Standard_HO,VM_025,10
536,1378764600,WA-AHO,VM_001,12
536,1378764600,WA-AHO,VM_003,16
536,1378764600,WA-AHO,VM_011,16
536,1378764600,WA-AHO,VM_012,16
536,1378764600,WA-AHO,VM_013,16
536,1378764600,WA-AHO,VM_023,16
536,1378764600,WA-AHO,VM_025,12
536,1378764600,PABFD,VM_012,10
536,1378764600,PABFD,VM_011,11
536,1378764600,PABFD,VM_025,12
536,1378764600,PABFD,VM_003,13
536,1378764600,PABFD,VM_023,13
536,1378764600,PABFD,VM_001,11
536,1378764600,PABFD,VM_013,12
537,1378764900,Standard_HO,VM_001,17
537,1378764900,Standard_HO,VM_003,17
537,1378764900,Standard_HO,VM_011,17
537,1378764900,Standard_HO,VM_012,17
537,1378764900,Standard_HO,VM_013,11
537,1378764900,Standard_HO,VM_023,17
537,1378764900,Standard_HO,VM_025,11
537,1378764900,WA-AHO,VM_001,17
537,1378764900,WA-AHO,VM_003,17
537,1378764900,WA-AHO,VM_011,17
537,1378764900,WA-AHO,VM_012,17
537,1378764900,WA-AHO,VM_013,13
537,1378764900,WA-AHO,VM_023,17
537,1378764900,WA-AHO,VM_025,13
537,1378764900,PABFD,VM_012,10
537,1378764900,PABFD,VM_011,11
537,1378764900,PABFD,VM_025,12
537,1378764900,PABFD,VM_003,13
537,1378764900,PABFD,VM_023,13
537,1378764900,PABFD,VM_001,11
537,1378764900,PABFD,VM_013,12
538,1378765200,Standard_HO,VM_001,18
538,1378765200,Standard_HO,VM_003,18
538,1378765200,Standard_HO,VM_011,18
538,1378765200,Standard_HO,VM_012,18
538,1378765200,Standard_HO,VM_013,15
538,1378765200,Standard_HO,VM_023,18
538,1378765200,Standard_HO,VM_025,15
538,1378765200,WA-AHO,VM_001,18
538,1378765200,WA-AHO,VM_003,18
538,1378765200,WA-AHO,VM_011,18
538,1378765200,WA-AHO,VM_012,18
538,1378765200,WA-AHO,VM_013,14
538,1378765200,WA-AHO,VM_023,18
538,1378765200,WA-AHO,VM_025,14
538,1378765200,PABFD,VM_012,10
538,1378765200,PABFD,VM_011,11
538,1378765200,PABFD,VM_025,12
538,1378765200,PABFD,VM_003,13
538,1378765200,PABFD,VM_023,13
538,1378765200,PABFD,VM_001,11
538,1378765200,PABFD,VM_013,12
539,1378765500,Standard_HO,VM_001,18
539,1378765500,Standard_HO,VM_003,18
539,1378765500,Standard_HO,VM_011,18
539,1378765500,Standard_HO,VM_012,18
539,1378765500,Standard_HO,VM_013,11
539,1378765500,Standard_HO,VM_023,18
539,1378765500,Standard_HO,VM_025,11
539,1378765500,WA-AHO,VM_001,19
539,1378765500,WA-AHO,VM_003,19
539,1378765500,WA-AHO,VM_011,19
539,1378765500,WA-AHO,VM_012,19
539,1378765500,WA-AHO,VM_013,11
539,1378765500,WA-AHO,VM_023,19
539,1378765500,WA-AHO,VM_025,11
539,1378765500,PABFD,VM_012,10
539,1378765500,PABFD,VM_011,11
539,1378765500,PABFD,VM_025,12
539,1378765500,PABFD,VM_003,13
539,1378765500,PABFD,VM_023,13
539,1378765500,PABFD,VM_001,11
539,1378765500,PABFD,VM_013,12
540,1378765800,Standard_HO,VM_001,19
540,1378765800,Standard_HO,VM_003,19
540,1378765800,Standard_HO,VM_011,19
540,1378765800,Standard_HO,VM_012,19
540,1378765800,Standard_HO,VM_013,13
540,1378765800,Standard_HO,VM_023,19
540,1378765800,Standard_HO,VM_025,13
540,1378765800,WA-AHO,VM_001,18
540,1378765800,WA-AHO,VM_003,18
540,1378765800,WA-AHO,VM_011,18
540,1378765800,WA-AHO,VM_012,18
540,1378765800,WA-AHO,VM_013,11
540,1378765800,WA-AHO,VM_023,18
540,1378765800,WA-AHO,VM_025,11
540,1378765800,PABFD,VM_012,10
540,1378765800,PABFD,VM_011,11
540,1378765800,PABFD,VM_025,12
540,1378765800,PABFD,VM_003,13
540,1378765800,PABFD,VM_023,13
540,1378765800,PABFD,VM_001,11
540,1378765800,PABFD,VM_013,12
541,1378766100,Standard_HO,VM_001,19
541,1378766100,Standard_HO,VM_003,11
541,1378766100,Standard_HO,VM_011,19
541,1378766100,Standard_HO,VM_012,19
541,1378766100,Standard_HO,VM_013,19
541,1378766100,Standard_HO,VM_023,11
541,1378766100,Standard_HO,VM_025,19
541,1378766100,WA-AHO,VM_001,16
541,1378766100,WA-AHO,VM_003,14
541,1378766100,WA-AHO,VM_011,16
541,1378766100,WA-AHO,VM_012,16
541,1378766100,WA-AHO,VM_013,16
541,1378766100,WA-AHO,VM_023,14
541,1378766100,WA-AHO,VM_025,16
541,1378766100,PABFD,VM_012,10
541,1378766100,PABFD,VM_011,11
541,1378766100,PABFD,VM_025,12
541,1378766100,PABFD,VM_003,13
541,1378766100,PABFD,VM_023,13
541,1378766100,PABFD,VM_001,11
541,1378766100,PABFD,VM_013,12
542,1378766400,Standard_HO,VM_001,19
542,1378766400,Standard_HO,VM_003,19
542,1378766400,Standard_HO,VM_011,19
542,1378766400,Standard_HO,VM_012,19
542,1378766400,Standard_HO,VM_013,12
542,1378766400,Standard_HO,VM_023,19
542,1378766400,Standard_HO,VM_025,12
542,1378766400,WA-AHO,VM_001,18
542,1378766400,WA-AHO,VM_003,18
542,1378766400,WA-AHO,VM_011,18
542,1378766400,WA-AHO,VM_012,18
542,1378766400,WA-AHO,VM_013,14
542,1378766400,WA-AHO,VM_023,18
542,1378766400,WA-AHO,VM_025,14
542,1378766400,PABFD,VM_012,10
542,1378766400,PABFD,VM_011,11
542,1378766400,PABFD,VM_025,12
542,1378766400,PABFD,VM_003,13
542,1378766400,PABFD,VM_023,13
542,1378766400,PABFD,VM_001,11
542,1378766400,PABFD,VM_013,12
543,1378766700,Standard_HO,VM_001,10
543,1378766700,Standard_HO,VM_003,10
543,1378766700,Standard_HO,VM_011,17
543,1378766700,Standard_HO,VM_012,17
543,1378766700,Standard_HO,VM_013,10
543,1378766700,Standard_HO,VM_023,17
543,1378766700,Standard_HO,VM_025,17
543,1378766700,WA-AHO,VM_001,12
543,1378766700,WA-AHO,VM_003,18
543,1378766700,WA-AHO,VM_011,12
543,1378766700,WA-AHO,VM_012,18
543,1378766700,WA-AHO,VM_013,18
543,1378766700,WA-AHO,VM_023,18
543,1378766700,WA-AHO,VM_025,18
543,1378766700,PABFD,VM_012,10
543,1378766700,PABFD,VM_011,11
543,1378766700,PABFD,VM_025,12
543,1378766700,PABFD,VM_003,13
543,1378766700,PABFD,VM_023,13
543,1378766700,PABFD,VM_001,11
543,1378766700,PABFD,VM_013,12
544,1378767000,Standard_HO,VM_001,15
544,1378767000,Standard_HO,VM_003,16
544,1378767000,Standard_HO,VM_011,15
544,1378767000,Standard_HO,VM_012,16
544,1378767000,Standard_HO,VM_013,16
544,1378767000,Standard_HO,VM_023,16
544,1378767000,Standard_HO,VM_025,16
544,1378767000,WA-AHO,VM_001,13
544,1378767000,WA-AHO,VM_003,13
544,1378767000,WA-AHO,VM_011,18
544,1378767000,WA-AHO,VM_012,18
544,1378767000,WA-AHO,VM_013,13
544,1378767000,WA-AHO,VM_023,18
544,1378767000,WA-AHO,VM_025,18
544,1378767000,PABFD,VM_012,10
544,1378767000,PABFD,VM_011,11
544,1378767000,PABFD,VM_025,12
544,1378767000,PABFD,VM_003,13
544,1378767000,PABFD,VM_023,13
544,1378767000,PABFD,VM_001,11
544,1378767000,PABFD,VM_013,12
545,1378767300,Standard_HO,VM_001,10
545,1378767300,Standard_HO,VM_003,16
545,1378767300,Standard_HO,VM_011,16
545,1378767300,Standard_HO,VM_012,16
545,1378767300,Standard_HO,VM_013,10
545,1378767300,Standard_HO,VM_023,10
545,1378767300,Standard_HO,VM_025,16
545,1378767300,WA-AHO,VM_001,10
545,1378767300,WA-AHO,VM_003,17
545,1378767300,WA-AHO,VM_011,17
545,1378767300,WA-AHO,VM_012,17
545,1378767300,WA-AHO,VM_013,10
545,1378767300,WA-AHO,VM_023,10
545,1378767300,WA-AHO,VM_025,17
545,1378767300,PABFD,VM_012,10
545,1378767300,PABFD,VM_011,11
545,1378767300,PABFD,VM_025,12
545,1378767300,PABFD,VM_003,13
545,1378767300,PABFD,VM_023,13
545,1378767300,PABFD,VM_001,11
545,1378767300,PABFD,VM_013,12
546,1378767600,Standard_HO,VM_001,17
546,1378767600,Standard_HO,VM_003,17
546,1378767600,Standard_HO,VM_011,17
546,1378767600,Standard_HO,VM_012,17
546,1378767600,Standard_HO,VM_013,14
546,1378767600,Standard_HO,VM_023,17
546,1378767600,Standard_HO,VM_025,14
546,1378767600,WA-AHO,VM_001,17
546,1378767600,WA-AHO,VM_003,17
546,1378767600,WA-AHO,VM_011,17
546,1378767600,WA-AHO,VM_012,17
546,1378767600,WA-AHO,VM_013,11
546,1378767600,WA-AHO,VM_023,17
546,1378767600,WA-AHO,VM_025,11
546,1378767600,PABFD,VM_012,10
546,1378767600,PABFD,VM_011,11
546,1378767600,PABFD,VM_025,12
546,1378767600,PABFD,VM_003,13
546,1378767600,PABFD,VM_023,13
546,1378767600,PABFD,VM_001,11
546,1378767600,PABFD,VM_013,12
547,1378767900,Standard_HO,VM_001,16
547,1378767900,Standard_HO,VM_003,11
547,1378767900,Standard_HO,VM_011,16
547,1378767900,Standard_HO,VM_012,16
547,1378767900,Standard_HO,VM_013,16
547,1378767900,Standard_HO,VM_023,11
547,1378767900,Standard_HO,VM_025,16
547,1378767900,WA-AHO,VM_001,16
547,1378767900,WA-AHO,VM_003,15
547,1378767900,WA-AHO,VM_011,16
547,1378767900,WA-AHO,VM_012,16
547,1378767900,WA-AHO,VM_013,16
547,1378767900,WA-AHO,VM_023,15
547,1378767900,WA-AHO,VM_025,16
547,1378767900,PABFD,VM_012,10
547,1378767900,PABFD,VM_011,11
547,1378767900,PABFD,VM_025,12
547,1378767900,PABFD,VM_003,13
547,1378767900,PABFD,VM_023,13
547,1378767900,PABFD,VM_001,11
547,1378767900,PABFD,VM_013,12
548,1378768200,Standard_HO,VM_001,10
548,1378768200,Standard_HO,VM_003,16
548,1378768200,Standard_HO,VM_011,16
548,1378768200,Standard_HO,VM_012,16
548,1378768200,Standard_HO,VM_013,10
548,1378768200,Standard_HO,VM_023,10
548,1378768200,Standard_HO,VM_025,16
548,1378768200,WA-AHO,VM_001,15
548,1378768200,WA-AHO,VM_003,15
548,1378768200,WA-AHO,VM_011,16
548,1378768200,WA-AHO,VM_012,16
548,1378768200,WA-AHO,VM_013,15
548,1378768200,WA-AHO,VM_023,16
548,1378768200,WA-AHO,VM_025,16
548,1378768200,PABFD,VM_012,10
548,1378768200,PABFD,VM_011,11
548,1378768200,PABFD,VM_025,12
548,1378768200,PABFD,VM_003,13
548,1378768200,PABFD,VM_023,13
548,1378768200,PABFD,VM_001,11
548,1378768200,PABFD,VM_013,12
549,1378768500,Standard_HO,VM_001,11
549,1378768500,Standard_HO,VM_003,17
549,1378768500,Standard_HO,VM_011,17
549,1378768500,Standard_HO,VM_012,17
549,1378768500,Standard_HO,VM_013,11
549,1378768500,Standard_HO,VM_023,11
549,1378768500,Standard_HO,VM_025,17
549,1378768500,WA-AHO,VM_001,15
549,1378768500,WA-AHO,VM_003,15
549,1378768500,WA-AHO,VM_011,19
549,1378768500,WA-AHO,VM_012,19
549,1378768500,WA-AHO,VM_013,15
549,1378768500,WA-AHO,VM_023,19
549,1378768500,WA-AHO,VM_025,19
549,1378768500,PABFD,VM_012,10
549,1378768500,PABFD,VM_011,11
549,1378768500,PABFD,VM_025,12
549,1378768500,PABFD,VM_003,13
549,1378768500,PABFD,VM_023,13
549,1378768500,PABFD,VM_001,11
549,1378768500,PABFD,VM_013,12
550,1378768800,Standard_HO,VM_001,15
550,1378768800,Standard_HO,VM_003,18
550,1378768800,Standard_HO,VM_011,18
550,1378768800,Standard_HO,VM_012,18
550,1378768800,Standard_HO,VM_013,15
550,1378768800,Standard_HO,VM_023,15
550,1378768800,Standard_HO,VM_025,18
550,1378768800,WA-AHO,VM_001,14
550,1378768800,WA-AHO,VM_003,17
550,1378768800,WA-AHO,VM_011,17
550,1378768800,WA-AHO,VM_012,17
550,1378768800,WA-AHO,VM_013,14
550,1378768800,WA-AHO,VM_023,14
550,1378768800,WA-AHO,VM_025,17
550,1378768800,PABFD,VM_012,10
550,1378768800,PABFD,VM_011,11
550,1378768800,PABFD,VM_025,12
550,1378768800,PABFD,VM_003,13
550,1378768800,PABFD,VM_023,13
550,1378768800,PABFD,VM_001,11
550,1378768800,PABFD,VM_013,12
551,1378769100,Standard_HO,VM_001,16
551,1378769100,Standard_HO,VM_003,16
551,1378769100,Standard_HO,VM_011,12
551,1378769100,Standard_HO,VM_012,16
551,1378769100,Standard_HO,VM_013,12
551,1378769100,Standard_HO,VM_023,16
551,1378769100,Standard_HO,VM_025,16
551,1378769100,WA-AHO,VM_001,19
551,1378769100,WA-AHO,VM_003,19
551,1378769100,WA-AHO,VM_011,13
551,1378769100,WA-AHO,VM_012,19
551,1378769100,WA-AHO,VM_013,13
551,1378769100,WA-AHO,VM_023,19
551,1378769100,WA-AHO,VM_025,19
551,1378769100,PABFD,VM_012,10
551,1378769100,PABFD,VM_011,11
551,1378769100,PABFD,VM_025,12
551,1378769100,PABFD,VM_003,13
551,1378769100,PABFD,VM_023,13
551,1378769100,PABFD,VM_001,11
551,1378769100,PABFD,VM_013,12
552,1378769400,Standard_HO,VM_001,19
552,1378769400,Standard_HO,VM_003,19
552,1378769400,Standard_HO,VM_011,11
552,1378769400,Standard_HO,VM_012,19
552,1378769400,Standard_HO,VM_013,11
552,1378769400,Standard_HO,VM_023,19
552,1378769400,Standard_HO,VM_025,19
552,1378769400,WA-AHO,VM_001,19
552,1378769400,WA-AHO,VM_003,19
552,1378769400,WA-AHO,VM_011,12
552,1378769400,WA-AHO,VM_012,19
552,1378769400,WA-AHO,VM_013,12
552,1378769400,WA-AHO,VM_023,19
552,1378769400,WA-AHO,VM_025,19
552,1378769400,PABFD,VM_012,10
552,1378769400,PABFD,VM_011,11
552,1378769400,PABFD,VM_025,12
552,1378769400,PABFD,VM_003,13
552,1378769400,PABFD,VM_023,13
552,1378769400,PABFD,VM_001,11
552,1378769400,PABFD,VM_013,12
553,1378769700,Standard_HO,VM_001,18
553,1378769700,Standard_HO,VM_003,18
553,1378769700,Standard_HO,VM_011,13
553,1378769700,Standard_HO,VM_012,18
553,1378769700,Standard_HO,VM_013,13
553,1378769700,Standard_HO,VM_023,18
553,1378769700,Standard_HO,VM_025,18
553,1378769700,WA-AHO,VM_001,18
553,1378769700,WA-AHO,VM_003,18
553,1378769700,WA-AHO,VM_011,11
553,1378769700,WA-AHO,VM_012,18
553,1378769700,WA-AHO,VM_013,11
553,1378769700,WA-AHO,VM_023,18
553,1378769700,WA-AHO,VM_025,18
553,1378769700,PABFD,VM_012,10
553,1378769700,PABFD,VM_011,11
553,1378769700,PABFD,VM_025,12
553,1378769700,PABFD,VM_003,13
553,1378769700,PABFD,VM_023,13
553,1378769700,PABFD,VM_001,11
553,1378769700,PABFD,VM_013,12
554,1378770000,Standard_HO,VM_001,19
554,1378770000,Standard_HO,VM_003,19
554,1378770000,Standard_HO,VM_011,10
554,1378770000,Standard_HO,VM_012,19
554,1378770000,Standard_HO,VM_013,10
554,1378770000,Standard_HO,VM_023,19
554,1378770000,Standard_HO,VM_025,19
554,1378770000,WA-AHO,VM_001,19
554,1378770000,WA-AHO,VM_003,19
554,1378770000,WA-AHO,VM_011,10
554,1378770000,WA-AHO,VM_012,19
554,1378770000,WA-AHO,VM_013,10
554,1378770000,WA-AHO,VM_023,19
554,1378770000,WA-AHO,VM_025,19
554,1378770000,PABFD,VM_012,10
554,1378770000,PABFD,VM_011,11
554,1378770000,PABFD,VM_025,12
554,1378770000,PABFD,VM_003,13
554,1378770000,PABFD,VM_023,13
554,1378770000,PABFD,VM_001,11
554,1378770000,PABFD,VM_013,12
555,1378770300,Standard_HO,VM_001,17
555,1378770300,Standard_HO,VM_003,17
555,1378770300,Standard_HO,VM_011,14
555,1378770300,Standard_HO,VM_012,17
555,1378770300,Standard_HO,VM_013,14
555,1378770300,Standard_HO,VM_023,17
555,1378770300,Standard_HO,VM_025,17
555,1378770300,WA-AHO,VM_001,18
555,1378770300,WA-AHO,VM_003,18
555,1378770300,WA-AHO,VM_011,10
555,1378770300,WA-AHO,VM_012,18
555,1378770300,WA-AHO,VM_013,10
555,1378770300,WA-AHO,VM_023,18
555,1378770300,WA-AHO,VM_025,18
555,1378770300,PABFD,VM_012,10
555,1378770300,PABFD,VM_011,11
555,1378770300,PABFD,VM_025,12
555,1378770300,PABFD,VM_003,13
555,1378770300,PABFD,VM_023,13
555,1378770300,PABFD,VM_001,11
555,1378770300,PABFD,VM_013,12
556,1378770600,Standard_HO,VM_001,19
556,1378770600,Standard_HO,VM_003,19
556,1378770600,Standard_HO,VM_011,10
556,1378770600,Standard_HO,VM_012,19
556,1378770600,Standard_HO,VM_013,10
556,1378770600,Standard_HO,VM_023,19
556,1378770600,Standard_HO,VM_025,19
556,1378770600,WA-AHO,VM_001,18
556,1378770600,WA-AHO,VM_003,18
556,1378770600,WA-AHO,VM_011,15
556,1378770600,WA-AHO,VM_012,18
556,1378770600,WA-AHO,VM_013,15
556,1378770600,WA-AHO,VM_023,18
556,1378770600,WA-AHO,VM_025,18
556,1378770600,PABFD,VM_012,10
556,1378770600,PABFD,VM_011,11
556,1378770600,PABFD,VM_025,12
556,1378770600,PABFD,VM_003,13
556,1378770600,PABFD,VM_023,13
556,1378770600,PABFD,VM_001,11
556,1378770600,PABFD,VM_013,12
557,1378770900,Standard_HO,VM_001,17
557,1378770900,Standard_HO,VM_003,17
557,1378770900,Standard_HO,VM_011,15
557,1378770900,Standard_HO,VM_012,17
557,1378770900,Standard_HO,VM_013,15
557,1378770900,Standard_HO,VM_023,17
557,1378770900,Standard_HO,VM_025,17
557,1378770900,WA-AHO,VM_001,17
557,1378770900,WA-AHO,VM_003,17
557,1378770900,WA-AHO,VM_011,13
557,1378770900,WA-AHO,VM_012,17
557,1378770900,WA-AHO,VM_013,13
557,1378770900,WA-AHO,VM_023,17
557,1378770900,WA-AHO,VM_025,17
557,1378770900,PABFD,VM_012,10
557,1378770900,PABFD,VM_011,11
557,1378770900,PABFD,VM_025,12
557,1378770900,PABFD,VM_003,13
557,1378770900,PABFD,VM_023,13
557,1378770900,PABFD,VM_001,11
557,1378770900,PABFD,VM_013,12
558,1378771200,Standard_HO,VM_001,19
558,1378771200,Standard_HO,VM_003,19
558,1378771200,Standard_HO,VM_011,11
558,1378771200,Standard_HO,VM_012,19
558,1378771200,Standard_HO,VM_013,11
558,1378771200,Standard_HO,VM_023,19
558,1378771200,Standard_HO,VM_025,19
558,1378771200,WA-AHO,VM_001,18
558,1378771200,WA-AHO,VM_003,18
558,1378771200,WA-AHO,VM_011,15
558,1378771200,WA-AHO,VM_012,18
558,1378771200,WA-AHO,VM_013,15
558,1378771200,WA-AHO,VM_023,18
558,1378771200,WA-AHO,VM_025,18
558,1378771200,PABFD,VM_012,10
558,1378771200,PABFD,VM_011,11
558,1378771200,PABFD,VM_025,12
558,1378771200,PABFD,VM_003,13
558,1378771200,PABFD,VM_023,13
558,1378771200,PABFD,VM_001,11
558,1378771200,PABFD,VM_013,12
559,1378771500,Standard_HO,VM_001,16
559,1378771500,Standard_HO,VM_003,16
559,1378771500,Standard_HO,VM_011,13
559,1378771500,Standard_HO,VM_012,16
559,1378771500,Standard_HO,VM_013,13
559,1378771500,Standard_HO,VM_023,16
559,1378771500,Standard_HO,VM_025,16
559,1378771500,WA-AHO,VM_001,19
559,1378771500,WA-AHO,VM_003,19
559,1378771500,WA-AHO,VM_011,13
559,1378771500,WA-AHO,VM_012,19
559,1378771500,WA-AHO,VM_013,13
559,1378771500,WA-AHO,VM_023,19
559,1378771500,WA-AHO,VM_025,19
559,1378771500,PABFD,VM_012,10
559,1378771500,PABFD,VM_011,11
559,1378771500,PABFD,VM_025,12
559,1378771500,PABFD,VM_003,13
559,1378771500,PABFD,VM_023,13
559,1378771500,PABFD,VM_001,11
559,1378771500,PABFD,VM_013,12
560,1378771800,Standard_HO,VM_001,17
560,1378771800,Standard_HO,VM_003,17
560,1378771800,Standard_HO,VM_011,10
560,1378771800,Standard_HO,VM_012,17
560,1378771800,Standard_HO,VM_013,10
560,1378771800,Standard_HO,VM_023,17
560,1378771800,Standard_HO,VM_025,17
560,1378771800,WA-AHO,VM_001,16
560,1378771800,WA-AHO,VM_003,16
560,1378771800,WA-AHO,VM_011,10
560,1378771800,WA-AHO,VM_012,16
560,1378771800,WA-AHO,VM_013,10
560,1378771800,WA-AHO,VM_023,16
560,1378771800,WA-AHO,VM_025,16
560,1378771800,PABFD,VM_012,10
560,1378771800,PABFD,VM_011,11
560,1378771800,PABFD,VM_025,12
560,1378771800,PABFD,VM_003,13
560,1378771800,PABFD,VM_023,13
560,1378771800,PABFD,VM_001,11
560,1378771800,PABFD,VM_013,12
561,1378772100,Standard_HO,VM_001,16
561,1378772100,Standard_HO,VM_003,16
561,1378772100,Standard_HO,VM_011,14
561,1378772100,Standard_HO,VM_012,16
561,1378772100,Standard_HO,VM_013,14
561,1378772100,Standard_HO,VM_023,16
561,1378772100,Standard_HO,VM_025,16
561,1378772100,WA-AHO,VM_001,10
561,1378772100,WA-AHO,VM_003,17
561,1378772100,WA-AHO,VM_011,10
561,1378772100,WA-AHO,VM_012,17
561,1378772100,WA-AHO,VM_013,17
561,1378772100,WA-AHO,VM_023,17
561,1378772100,WA-AHO,VM_025,17
561,1378772100,PABFD,VM_012,10
561,1378772100,PABFD,VM_011,11
561,1378772100,PABFD,VM_025,12
561,1378772100,PABFD,VM_003,13
561,1378772100,PABFD,VM_023,13
561,1378772100,PABFD,VM_001,11
561,1378772100,PABFD,VM_013,12
562,1378772400,Standard_HO,VM_001,18
562,1378772400,Standard_HO,VM_003,18
562,1378772400,Standard_HO,VM_011,14
562,1378772400,Standard_HO,VM_012,18
562,1378772400,Standard_HO,VM_013,14
562,1378772400,Standard_HO,VM_023,18
562,1378772400,Standard_HO,VM_025,18
562,1378772400,WA-AHO,VM_001,18
562,1378772400,WA-AHO,VM_003,18
562,1378772400,WA-AHO,VM_011,14
562,1378772400,WA-AHO,VM_012,18
562,1378772400,WA-AHO,VM_013,14
562,1378772400,WA-AHO,VM_023,18
562,1378772400,WA-AHO,VM_025,18
562,1378772400,PABFD,VM_012,10
562,1378772400,PABFD,VM_011,11
562,1378772400,PABFD,VM_025,12
562,1378772400,PABFD,VM_003,13
562,1378772400,PABFD,VM_023,13
562,1378772400,PABFD,VM_001,11
562,1378772400,PABFD,VM_013,12
563,1378772700,Standard_HO,VM_001,14
563,1378772700,Standard_HO,VM_003,19
563,1378772700,Standard_HO,VM_011,19
563,1378772700,Standard_HO,VM_012,19
563,1378772700,Standard_HO,VM_013,14
563,1378772700,Standard_HO,VM_023,14
563,1378772700,Standard_HO,VM_025,19
563,1378772700,WA-AHO,VM_001,14
563,1378772700,WA-AHO,VM_003,17
563,1378772700,WA-AHO,VM_011,17
563,1378772700,WA-AHO,VM_012,17
563,1378772700,WA-AHO,VM_013,14
563,1378772700,WA-AHO,VM_023,14
563,1378772700,WA-AHO,VM_025,17
563,1378772700,PABFD,VM_012,10
563,1378772700,PABFD,VM_011,11
563,1378772700,PABFD,VM_025,12
563,1378772700,PABFD,VM_003,13
563,1378772700,PABFD,VM_023,13
563,1378772700,PABFD,VM_001,11
563,1378772700,PABFD,VM_013,12
564,1378773000,Standard_HO,VM_001,14
564,1378773000,Standard_HO,VM_003,18
564,1378773000,Standard_HO,VM_011,18
564,1378773000,Standard_HO,VM_012,18
564,1378773000,Standard_HO,VM_013,18
564,1378773000,Standard_HO,VM_023,18
564,1378773000,Standard_HO,VM_025,14
564,1378773000,WA-AHO,VM_001,13
564,1378773000,WA-AHO,VM_003,18
564,1378773000,WA-AHO,VM_011,18
564,1378773000,WA-AHO,VM_012,18
564,1378773000,WA-AHO,VM_013,18
564,1378773000,WA-AHO,VM_023,18
564,1378773000,WA-AHO,VM_025,13
564,1378773000,PABFD,VM_012,10
564,1378773000,PABFD,VM_011,11
564,1378773000,PABFD,VM_025,12
564,1378773000,PABFD,VM_003,13
564,1378773000,PABFD,VM_023,13
564,1378773000,PABFD,VM_001,11
564,1378773000,PABFD,VM_013,12
565,1378773300,Standard_HO,VM_001,14
565,1378773300,Standard_HO,VM_003,19
565,1378773300,Standard_HO,VM_011,19
565,1378773300,Standard_HO,VM_012,19
565,1378773300,Standard_HO,VM_013,19
565,1378773300,Standard_HO,VM_023,19
565,1378773300,Standard_HO,VM_025,14
565,1378773300,WA-AHO,VM_001,11
565,1378773300,WA-AHO,VM_003,18
565,1378773300,WA-AHO,VM_011,18
565,1378773300,WA-AHO,VM_012,18
565,1378773300,WA-AHO,VM_013,18
565,1378773300,WA-AHO,VM_023,18
565,1378773300,WA-AHO,VM_025,11
565,1378773300,PABFD,VM_012,10
565,1378773300,PABFD,VM_011,11
565,1378773300,PABFD,VM_025,12
565,1378773300,PABFD,VM_003,13
565,1378773300,PABFD,VM_023,13
565,1378773300,PABFD,VM_001,11
565,1378773300,PABFD,VM_013,12
566,1378773600,Standard_HO,VM_001,15
566,1378773600,Standard_HO,VM_003,19
566,1378773600,Standard_HO,VM_011,19
566,1378773600,Standard_HO,VM_012,19
566,1378773600,Standard_HO,VM_013,15
566,1378773600,Standard_HO,VM_023,15
566,1378773600,Standard_HO,VM_025,19
566,1378773600,WA-AHO,VM_001,13
566,1378773600,WA-AHO,VM_003,18
566,1378773600,WA-AHO,VM_011,18
566,1378773600,WA-AHO,VM_012,18
566,1378773600,WA-AHO,VM_013,18
566,1378773600,WA-AHO,VM_023,18
566,1378773600,WA-AHO,VM_025,13
566,1378773600,PABFD,VM_012,10
566,1378773600,PABFD,VM_011,11
566,1378773600,PABFD,VM_025,12
566,1378773600,PABFD,VM_003,13
566,1378773600,PABFD,VM_023,13
566,1378773600,PABFD,VM_001,11
566,1378773600,PABFD,VM_013,12
567,1378773900,Standard_HO,VM_001,13
567,1378773900,Standard_HO,VM_003,17
567,1378773900,Standard_HO,VM_011,17
567,1378773900,Standard_HO,VM_012,17
567,1378773900,Standard_HO,VM_013,17
567,1378773900,Standard_HO,VM_023,17
567,1378773900,Standard_HO,VM_025,13
567,1378773900,WA-AHO,VM_001,14
567,1378773900,WA-AHO,VM_003,19
567,1378773900,WA-AHO,VM_011,19
567,1378773900,WA-AHO,VM_012,19
567,1378773900,WA-AHO,VM_013,19
567,1378773900,WA-AHO,VM_023,19
567,1378773900,WA-AHO,VM_025,14
567,1378773900,PABFD,VM_012,10
567,1378773900,PABFD,VM_011,11
567,1378773900,PABFD,VM_025,12
567,1378773900,PABFD,VM_003,13
567,1378773900,PABFD,VM_023,13
567,1378773900,PABFD,VM_001,11
567,1378773900,PABFD,VM_013,12
568,1378774200,Standard_HO,VM_001,18
568,1378774200,Standard_HO,VM_003,18
568,1378774200,Standard_HO,VM_011,18
568,1378774200,Standard_HO,VM_012,18
568,1378774200,Standard_HO,VM_013,15
568,1378774200,Standard_HO,VM_023,18
568,1378774200,Standard_HO,VM_025,15
568,1378774200,WA-AHO,VM_001,16
568,1378774200,WA-AHO,VM_003,12
568,1378774200,WA-AHO,VM_011,16
568,1378774200,WA-AHO,VM_012,16
568,1378774200,WA-AHO,VM_013,16
568,1378774200,WA-AHO,VM_023,12
568,1378774200,WA-AHO,VM_025,16
568,1378774200,PABFD,VM_012,10
568,1378774200,PABFD,VM_011,11
568,1378774200,PABFD,VM_025,12
568,1378774200,PABFD,VM_003,13
568,1378774200,PABFD,VM_023,13
568,1378774200,PABFD,VM_001,11
568,1378774200,PABFD,VM_013,12
569,1378774500,Standard_HO,VM_001,12
569,1378774500,Standard_HO,VM_003,18
569,1378774500,Standard_HO,VM_011,18
569,1378774500,Standard_HO,VM_012,18
569,1378774500,Standard_HO,VM_013,12
569,1378774500,Standard_HO,VM_023,12
569,1378774500,Standard_HO,VM_025,18
569,1378774500,WA-AHO,VM_001,12
569,1378774500,WA-AHO,VM_003,19
569,1378774500,WA-AHO,VM_011,19
569,1378774500,WA-AHO,VM_012,19
569,1378774500,WA-AHO,VM_013,12
569,1378774500,WA-AHO,VM_023,12
569,1378774500,WA-AHO,VM_025,19
569,1378774500,PABFD,VM_012,10
569,1378774500,PABFD,VM_011,11
569,1378774500,PABFD,VM_025,12
569,1378774500,PABFD,VM_003,13
569,1378774500,PABFD,VM_023,13
569,1378774500,PABFD,VM_001,11
569,1378774500,PABFD,VM_013,12
570,1378774800,Standard_HO,VM_001,15
570,1378774800,Standard_HO,VM_003,18
570,1378774800,Standard_HO,VM_011,15
570,1378774800,Standard_HO,VM_012,18
570,1378774800,Standard_HO,VM_013,18
570,1378774800,Standard_HO,VM_023,18
570,1378774800,Standard_HO,VM_025,18
570,1378774800,WA-AHO,VM_001,11
570,1378774800,WA-AHO,VM_003,17
570,1378774800,WA-AHO,VM_011,17
570,1378774800,WA-AHO,VM_012,17
570,1378774800,WA-AHO,VM_013,11
570,1378774800,WA-AHO,VM_023,11
570,1378774800,WA-AHO,VM_025,17
570,1378774800,PABFD,VM_012,10
570,1378774800,PABFD,VM_011,11
570,1378774800,PABFD,VM_025,12
570,1378774800,PABFD,VM_003,13
570,1378774800,PABFD,VM_023,13
570,1378774800,PABFD,VM_001,11
570,1378774800,PABFD,VM_013,12
571,1378775100,Standard_HO,VM_001,11
571,1378775100,Standard_HO,VM_003,17
571,1378775100,Standard_HO,VM_011,17
571,1378775100,Standard_HO,VM_012,17
571,1378775100,Standard_HO,VM_013,11
571,1378775100,Standard_HO,VM_023,11
571,1378775100,Standard_HO,VM_025,17
571,1378775100,WA-AHO,VM_001,11
571,1378775100,WA-AHO,VM_003,16
571,1378775100,WA-AHO,VM_011,16
571,1378775100,WA-AHO,VM_012,16
571,1378775100,WA-AHO,VM_013,11
571,1378775100,WA-AHO,VM_023,11
571,1378775100,WA-AHO,VM_025,16
571,1378775100,PABFD,VM_012,10
571,1378775100,PABFD,VM_011,11
571,1378775100,PABFD,VM_025,12
571,1378775100,PABFD,VM_003,13
571,1378775100,PABFD,VM_023,13
571,1378775100,PABFD,VM_001,11
571,1378775100,PABFD,VM_013,12
572,1378775400,Standard_HO,VM_001,14
572,1378775400,Standard_HO,VM_003,19
572,1378775400,Standard_HO,VM_011,19
572,1378775400,Standard_HO,VM_012,19
572,1378775400,Standard_HO,VM_013,19
572,1378775400,Standard_HO,VM_023,19
572,1378775400,Standard_HO,VM_025,14
572,1378775400,WA-AHO,VM_001,15
572,1378775400,WA-AHO,VM_003,18
572,1378775400,WA-AHO,VM_011,18
572,1378775400,WA-AHO,VM_012,18
572,1378775400,WA-AHO,VM_013,15
572,1378775400,WA-AHO,VM_023,15
572,1378775400,WA-AHO,VM_025,18
572,1378775400,PABFD,VM_012,10
572,1378775400,PABFD,VM_011,11
572,1378775400,PABFD,VM_025,12
572,1378775400,PABFD,VM_003,13
572,1378775400,PABFD,VM_023,13
572,1378775400,PABFD,VM_001,11
572,1378775400,PABFD,VM_013,12
573,1378775700,Standard_HO,VM_001,14
573,1378775700,Standard_HO,VM_003,16
573,1378775700,Standard_HO,VM_011,16
573,1378775700,Standard_HO,VM_012,16
573,1378775700,Standard_HO,VM_013,16
573,1378775700,Standard_HO,VM_023,16
573,1378775700,Standard_HO,VM_025,14
573,1378775700,WA-AHO,VM_001,13
573,1378775700,WA-AHO,VM_003,13
573,1378775700,WA-AHO,VM_011,19
573,1378775700,WA-AHO,VM_012,19
573,1378775700,WA-AHO,VM_013,13
573,1378775700,WA-AHO,VM_023,19
573,1378775700,WA-AHO,VM_025,19
573,1378775700,PABFD,VM_012,10
573,1378775700,PABFD,VM_011,11
573,1378775700,PABFD,VM_025,12
573,1378775700,PABFD,VM_003,13
573,1378775700,PABFD,VM_023,13
573,1378775700,PABFD,VM_001,11
573,1378775700,PABFD,VM_013,12
574,1378776000,Standard_HO,VM_001,14
574,1378776000,Standard_HO,VM_003,18
574,1378776000,Standard_HO,VM_011,18
574,1378776000,Standard_HO,VM_012,18
574,1378776000,Standard_HO,VM_013,14
574,1378776000,Standard_HO,VM_023,14
574,1378776000,Standard_HO,VM_025,18
574,1378776000,WA-AHO,VM_001,13
574,1378776000,WA-AHO,VM_003,16
574,1378776000,WA-AHO,VM_011,16
574,1378776000,WA-AHO,VM_012,16
574,1378776000,WA-AHO,VM_013,16
574,1378776000,WA-AHO,VM_023,16
574,1378776000,WA-AHO,VM_025,13
574,1378776000,PABFD,VM_012,10
574,1378776000,PABFD,VM_011,11
574,1378776000,PABFD,VM_025,12
574,1378776000,PABFD,VM_003,13
574,1378776000,PABFD,VM_023,13
574,1378776000,PABFD,VM_001,11
574,1378776000,PABFD,VM_013,12
575,1378776300,Standard_HO,VM_001,14
575,1378776300,Standard_HO,VM_003,19
575,1378776300,Standard_HO,VM_011,19
575,1378776300,Standard_HO,VM_012,19
575,1378776300,Standard_HO,VM_013,14
575,1378776300,Standard_HO,VM_023,14
575,1378776300,Standard_HO,VM_025,19
575,1378776300,WA-AHO,VM_001,14
575,1378776300,WA-AHO,VM_003,18
575,1378776300,WA-AHO,VM_011,18
575,1378776300,WA-AHO,VM_012,18
575,1378776300,WA-AHO,VM_013,18
575,1378776300,WA-AHO,VM_023,18
575,1378776300,WA-AHO,VM_025,14
575,1378776300,PABFD,VM_012,10
575,1378776300,PABFD,VM_011,11
575,1378776300,PABFD,VM_025,12
575,1378776300,PABFD,VM_003,13
575,1378776300,PABFD,VM_023,13
575,1378776300,PABFD,VM_001,11
575,1378776300,PABFD,VM_013,12
576,1378776600,Standard_HO,VM_001,14
576,1378776600,Standard_HO,VM_003,18
576,1378776600,Standard_HO,VM_011,18
576,1378776600,Standard_HO,VM_012,18
576,1378776600,Standard_HO,VM_013,14
576,1378776600,Standard_HO,VM_023,14
576,1378776600,Standard_HO,VM_025,18
576,1378776600,WA-AHO,VM_001,10
576,1378776600,WA-AHO,VM_003,18
576,1378776600,WA-AHO,VM_011,18
576,1378776600,WA-AHO,VM_012,18
576,1378776600,WA-AHO,VM_013,10
576,1378776600,WA-AHO,VM_023,10
576,1378776600,WA-AHO,VM_025,18
576,1378776600,PABFD,VM_012,10
576,1378776600,PABFD,VM_011,11
576,1378776600,PABFD,VM_025,12
576,1378776600,PABFD,VM_003,13
576,1378776600,PABFD,VM_023,13
576,1378776600,PABFD,VM_001,11
576,1378776600,PABFD,VM_013,12
577,1378776900,Standard_HO,VM_001,14
577,1378776900,Standard_HO,VM_003,18
577,1378776900,Standard_HO,VM_011,18
577,1378776900,Standard_HO,VM_012,18
577,1378776900,Standard_HO,VM_013,14
577,1378776900,Standard_HO,VM_023,14
577,1378776900,Standard_HO,VM_025,18
577,1378776900,WA-AHO,VM_001,12
577,1378776900,WA-AHO,VM_003,17
577,1378776900,WA-AHO,VM_011,17
577,1378776900,WA-AHO,VM_012,17
577,1378776900,WA-AHO,VM_013,12
577,1378776900,WA-AHO,VM_023,12
577,1378776900,WA-AHO,VM_025,17
577,1378776900,PABFD,VM_012,10
577,1378776900,PABFD,VM_011,11
577,1378776900,PABFD,VM_025,12
577,1378776900,PABFD,VM_003,13
577,1378776900,PABFD,VM_023,13
577,1378776900,PABFD,VM_001,11
577,1378776900,PABFD,VM_013,12
578,1378777200,Standard_HO,VM_001,14
578,1378777200,Standard_HO,VM_003,19
578,1378777200,Standard_HO,VM_011,19
578,1378777200,Standard_HO,VM_012,19
578,1378777200,Standard_HO,VM_013,14
578,1378777200,Standard_HO,VM_023,14
578,1378777200,Standard_HO,VM_025,19
578,1378777200,WA-AHO,VM_001,14
578,1378777200,WA-AHO,VM_003,19
578,1378777200,WA-AHO,VM_011,19
578,1378777200,WA-AHO,VM_012,19
578,1378777200,WA-AHO,VM_013,14
578,1378777200,WA-AHO,VM_023,14
578,1378777200,WA-AHO,VM_025,19
578,1378777200,PABFD,VM_012,10
578,1378777200,PABFD,VM_011,11
578,1378777200,PABFD,VM_025,12
578,1378777200,PABFD,VM_003,13
578,1378777200,PABFD,VM_023,13
578,1378777200,PABFD,VM_001,11
578,1378777200,PABFD,VM_013,12
579,1378777500,Standard_HO,VM_001,12
579,1378777500,Standard_HO,VM_003,19
579,1378777500,Standard_HO,VM_011,19
579,1378777500,Standard_HO,VM_012,19
579,1378777500,Standard_HO,VM_013,19
579,1378777500,Standard_HO,VM_023,19
579,1378777500,Standard_HO,VM_025,12
579,1378777500,WA-AHO,VM_001,11
579,1378777500,WA-AHO,VM_003,19
579,1378777500,WA-AHO,VM_011,19
579,1378777500,WA-AHO,VM_012,19
579,1378777500,WA-AHO,VM_013,11
579,1378777500,WA-AHO,VM_023,11
579,1378777500,WA-AHO,VM_025,19
579,1378777500,PABFD,VM_012,10
579,1378777500,PABFD,VM_011,11
579,1378777500,PABFD,VM_025,12
579,1378777500,PABFD,VM_003,13
579,1378777500,PABFD,VM_023,13
579,1378777500,PABFD,VM_001,11
579,1378777500,PABFD,VM_013,12
580,1378777800,Standard_HO,VM_001,14
580,1378777800,Standard_HO,VM_003,18
580,1378777800,Standard_HO,VM_011,18
580,1378777800,Standard_HO,VM_012,18
580,1378777800,Standard_HO,VM_013,14
580,1378777800,Standard_HO,VM_023,14
580,1378777800,Standard_HO,VM_025,18
580,1378777800,WA-AHO,VM_001,14
580,1378777800,WA-AHO,VM_003,19
580,1378777800,WA-AHO,VM_011,19
580,1378777800,WA-AHO,VM_012,19
580,1378777800,WA-AHO,VM_013,19
580,1378777800,WA-AHO,VM_023,19
580,1378777800,WA-AHO,VM_025,14
580,1378777800,PABFD,VM_012,10
580,1378777800,PABFD,VM_011,11
580,1378777800,PABFD,VM_025,12
580,1378777800,PABFD,VM_003,13
580,1378777800,PABFD,VM_023,13
580,1378777800,PABFD,VM_001,11
580,1378777800,PABFD,VM_013,12
581,1378778100,Standard_HO,VM_001,15
581,1378778100,Standard_HO,VM_003,18
581,1378778100,Standard_HO,VM_011,18
581,1378778100,Standard_HO,VM_012,18
581,1378778100,Standard_HO,VM_013,18
581,1378778100,Standard_HO,VM_023,18
581,1378778100,Standard_HO,VM_025,15
581,1378778100,WA-AHO,VM_001,13
581,1378778100,WA-AHO,VM_003,18
581,1378778100,WA-AHO,VM_011,18
581,1378778100,WA-AHO,VM_012,18
581,1378778100,WA-AHO,VM_013,13
581,1378778100,WA-AHO,VM_023,13
581,1378778100,WA-AHO,VM_025,18
581,1378778100,PABFD,VM_012,10
581,1378778100,PABFD,VM_011,11
581,1378778100,PABFD,VM_025,12
581,1378778100,PABFD,VM_003,13
581,1378778100,PABFD,VM_023,13
581,1378778100,PABFD,VM_001,11
581,1378778100,PABFD,VM_013,12
582,1378778400,Standard_HO,VM_001,18
582,1378778400,Standard_HO,VM_003,18
582,1378778400,Standard_HO,VM_011,12
582,1378778400,Standard_HO,VM_012,18
582,1378778400,Standard_HO,VM_013,12
582,1378778400,Standard_HO,VM_023,18
582,1378778400,Standard_HO,VM_025,18
582,1378778400,WA-AHO,VM_001,18
582,1378778400,WA-AHO,VM_003,18
582,1378778400,WA-AHO,VM_011,11
582,1378778400,WA-AHO,VM_012,18
582,1378778400,WA-AHO,VM_013,11
582,1378778400,WA-AHO,VM_023,18
582,1378778400,WA-AHO,VM_025,18
582,1378778400,PABFD,VM_012,10
582,1378778400,PABFD,VM_011,11
582,1378778400,PABFD,VM_025,12
582,1378778400,PABFD,VM_003,13
582,1378778400,PABFD,VM_023,13
582,1378778400,PABFD,VM_001,11
582,1378778400,PABFD,VM_013,12
583,1378778700,Standard_HO,VM_001,19
583,1378778700,Standard_HO,VM_003,19
583,1378778700,Standard_HO,VM_011,12
583,1378778700,Standard_HO,VM_012,19
583,1378778700,Standard_HO,VM_013,12
583,1378778700,Standard_HO,VM_023,19
583,1378778700,Standard_HO,VM_025,19
583,1378778700,WA-AHO,VM_001,17
583,1378778700,WA-AHO,VM_003,17
583,1378778700,WA-AHO,VM_011,14
583,1378778700,WA-AHO,VM_012,17
583,1378778700,WA-AHO,VM_013,14
583,1378778700,WA-AHO,VM_023,17
583,1378778700,WA-AHO,VM_025,17
583,1378778700,PABFD,VM_012,10
583,1378778700,PABFD,VM_011,11
583,1378778700,PABFD,VM_025,12
583,1378778700,PABFD,VM_003,13
583,1378778700,PABFD,VM_023,13
583,1378778700,PABFD,VM_001,11
583,1378778700,PABFD,VM_013,12
584,1378779000,Standard_HO,VM_001,16
584,1378779000,Standard_HO,VM_003,16
584,1378779000,Standard_HO,VM_011,11
584,1378779000,Standard_HO,VM_012,16
584,1378779000,Standard_HO,VM_013,11
584,1378779000,Standard_HO,VM_023,16
584,1378779000,Standard_HO,VM_025,16
584,1378779000,WA-AHO,VM_001,18
584,1378779000,WA-AHO,VM_003,18
584,1378779000,WA-AHO,VM_011,15
584,1378779000,WA-AHO,VM_012,18
584,1378779000,WA-AHO,VM_013,15
584,1378779000,WA-AHO,VM_023,18
584,1378779000,WA-AHO,VM_025,18
584,1378779000,PABFD,VM_012,10
584,1378779000,PABFD,VM_011,11
584,1378779000,PABFD,VM_025,12
584,1378779000,PABFD,VM_003,13
584,1378779000,PABFD,VM_023,13
584,1378779000,PABFD,VM_001,11
584,1378779000,PABFD,VM_013,12
585,1378779300,Standard_HO,VM_001,18
585,1378779300,Standard_HO,VM_003,18
585,1378779300,Standard_HO,VM_011,12
585,1378779300,Standard_HO,VM_012,18
585,1378779300,Standard_HO,VM_013,12
585,1378779300,Standard_HO,VM_023,18
585,1378779300,Standard_HO,VM_025,18
585,1378779300,WA-AHO,VM_001,16
585,1378779300,WA-AHO,VM_003,16
585,1378779300,WA-AHO,VM_011,12
585,1378779300,WA-AHO,VM_012,16
585,1378779300,WA-AHO,VM_013,12
585,1378779300,WA-AHO,VM_023,16
585,1378779300,WA-AHO,VM_025,16
585,1378779300,PABFD,VM_012,10
585,1378779300,PABFD,VM_011,11
585,1378779300,PABFD,VM_025,12
585,1378779300,PABFD,VM_003,13
585,1378779300,PABFD,VM_023,13
585,1378779300,PABFD,VM_001,11
585,1378779300,PABFD,VM_013,12
586,1378779600,Standard_HO,VM_001,16
586,1378779600,Standard_HO,VM_003,16
586,1378779600,Standard_HO,VM_011,14
586,1378779600,Standard_HO,VM_012,16
586,1378779600,Standard_HO,VM_013,14
586,1378779600,Standard_HO,VM_023,16
586,1378779600,Standard_HO,VM_025,16
586,1378779600,WA-AHO,VM_001,17
586,1378779600,WA-AHO,VM_003,17
586,1378779600,WA-AHO,VM_011,13
586,1378779600,WA-AHO,VM_012,17
586,1378779600,WA-AHO,VM_013,13
586,1378779600,WA-AHO,VM_023,17
586,1378779600,WA-AHO,VM_025,17
586,1378779600,PABFD,VM_012,10
586,1378779600,PABFD,VM_011,11
586,1378779600,PABFD,VM_025,12
586,1378779600,PABFD,VM_003,13
586,1378779600,PABFD,VM_023,13
586,1378779600,PABFD,VM_001,11
586,1378779600,PABFD,VM_013,12
587,1378779900,Standard_HO,VM_001,19
587,1378779900,Standard_HO,VM_003,19
587,1378779900,Standard_HO,VM_011,12
587,1378779900,Standard_HO,VM_012,19
587,1378779900,Standard_HO,VM_013,12
587,1378779900,Standard_HO,VM_023,19
587,1378779900,Standard_HO,VM_025,19
587,1378779900,WA-AHO,VM_001,19
587,1378779900,WA-AHO,VM_003,19
587,1378779900,WA-AHO,VM_011,13
587,1378779900,WA-AHO,VM_012,19
587,1378779900,WA-AHO,VM_013,13
587,1378779900,WA-AHO,VM_023,19
587,1378779900,WA-AHO,VM_025,19
587,1378779900,PABFD,VM_012,10
587,1378779900,PABFD,VM_011,11
587,1378779900,PABFD,VM_025,12
587,1378779900,PABFD,VM_003,13
587,1378779900,PABFD,VM_023,13
587,1378779900,PABFD,VM_001,11
587,1378779900,PABFD,VM_013,12
588,1378780200,Standard_HO,VM_001,16
588,1378780200,Standard_HO,VM_003,16
588,1378780200,Standard_HO,VM_011,13
588,1378780200,Standard_HO,VM_012,16
588,1378780200,Standard_HO,VM_013,13
588,1378780200,Standard_HO,VM_023,16
588,1378780200,Standard_HO,VM_025,16
588,1378780200,WA-AHO,VM_001,16
588,1378780200,WA-AHO,VM_003,16
588,1378780200,WA-AHO,VM_011,14
588,1378780200,WA-AHO,VM_012,16
588,1378780200,WA-AHO,VM_013,14
588,1378780200,WA-AHO,VM_023,16
588,1378780200,WA-AHO,VM_025,16
588,1378780200,PABFD,VM_012,10
588,1378780200,PABFD,VM_011,11
588,1378780200,PABFD,VM_025,12
588,1378780200,PABFD,VM_003,13
588,1378780200,PABFD,VM_023,13
588,1378780200,PABFD,VM_001,11
588,1378780200,PABFD,VM_013,12
589,1378780500,Standard_HO,VM_001,19
589,1378780500,Standard_HO,VM_003,19
589,1378780500,Standard_HO,VM_011,10
589,1378780500,Standard_HO,VM_012,19
589,1378780500,Standard_HO,VM_013,10
589,1378780500,Standard_HO,VM_023,19
589,1378780500,Standard_HO,VM_025,19
589,1378780500,WA-AHO,VM_001,18
589,1378780500,WA-AHO,VM_003,18
589,1378780500,WA-AHO,VM_011,18
589,1378780500,WA-AHO,VM_012,18
589,1378780500,WA-AHO,VM_013,15
589,1378780500,WA-AHO,VM_023,18
589,1378780500,WA-AHO,VM_025,15
589,1378780500,PABFD,VM_012,10
589,1378780500,PABFD,VM_011,11
589,1378780500,PABFD,VM_025,12
589,1378780500,PABFD,VM_003,13
589,1378780500,PABFD,VM_023,13
589,1378780500,PABFD,VM_001,11
589,1378780500,PABFD,VM_013,12
590,1378780800,Standard_HO,VM_001,19
590,1378780800,Standard_HO,VM_003,19
590,1378780800,Standard_HO,VM_011,11
590,1378780800,Standard_HO,VM_012,19
590,1378780800,Standard_HO,VM_013,11
590,1378780800,Standard_HO,VM_023,19
590,1378780800,Standard_HO,VM_025,19
590,1378780800,WA-AHO,VM_001,16
590,1378780800,WA-AHO,VM_003,16
590,1378780800,WA-AHO,VM_011,16
590,1378780800,WA-AHO,VM_012,11
590,1378780800,WA-AHO,VM_013,16
590,1378780800,WA-AHO,VM_023,16
590,1378780800,WA-AHO,VM_025,16
590,1378780800,PABFD,VM_012,10
590,1378780800,PABFD,VM_011,11
590,1378780800,PABFD,VM_025,12
590,1378780800,PABFD,VM_003,13
590,1378780800,PABFD,VM_023,13
590,1378780800,PABFD,VM_001,11
590,1378780800,PABFD,VM_013,12
591,1378781100,Standard_HO,VM_001,18
591,1378781100,Standard_HO,VM_003,18
591,1378781100,Standard_HO,VM_011,14
591,1378781100,Standard_HO,VM_012,18
591,1378781100,Standard_HO,VM_013,14
591,1378781100,Standard_HO,VM_023,18
591,1378781100,Standard_HO,VM_025,18
591,1378781100,WA-AHO,VM_001,19
591,1378781100,WA-AHO,VM_003,19
591,1378781100,WA-AHO,VM_011,19
591,1378781100,WA-AHO,VM_012,19
591,1378781100,WA-AHO,VM_013,12
591,1378781100,WA-AHO,VM_023,19
591,1378781100,WA-AHO,VM_025,12
591,1378781100,PABFD,VM_012,10
591,1378781100,PABFD,VM_011,11
591,1378781100,PABFD,VM_025,12
591,1378781100,PABFD,VM_003,13
591,1378781100,PABFD,VM_023,13
591,1378781100,PABFD,VM_001,11
591,1378781100,PABFD,VM_013,12
592,1378781400,Standard_HO,VM_001,18
592,1378781400,Standard_HO,VM_003,18
592,1378781400,Standard_HO,VM_011,14
592,1378781400,Standard_HO,VM_012,18
592,1378781400,Standard_HO,VM_013,14
592,1378781400,Standard_HO,VM_023,18
592,1378781400,Standard_HO,VM_025,18
592,1378781400,WA-AHO,VM_001,18
592,1378781400,WA-AHO,VM_003,18
592,1378781400,WA-AHO,VM_011,14
592,1378781400,WA-AHO,VM_012,18
592,1378781400,WA-AHO,VM_013,14
592,1378781400,WA-AHO,VM_023,18
592,1378781400,WA-AHO,VM_025,18
592,1378781400,PABFD,VM_012,10
592,1378781400,PABFD,VM_011,11
592,1378781400,PABFD,VM_025,12
592,1378781400,PABFD,VM_003,13
592,1378781400,PABFD,VM_023,13
592,1378781400,PABFD,VM_001,11
592,1378781400,PABFD,VM_013,12
593,1378781700,Standard_HO,VM_001,16
593,1378781700,Standard_HO,VM_003,16
593,1378781700,Standard_HO,VM_011,15
593,1378781700,Standard_HO,VM_012,16
593,1378781700,Standard_HO,VM_013,15
593,1378781700,Standard_HO,VM_023,16
593,1378781700,Standard_HO,VM_025,16
593,1378781700,WA-AHO,VM_001,16
593,1378781700,WA-AHO,VM_003,16
593,1378781700,WA-AHO,VM_011,12
593,1378781700,WA-AHO,VM_012,16
593,1378781700,WA-AHO,VM_013,12
593,1378781700,WA-AHO,VM_023,16
593,1378781700,WA-AHO,VM_025,16
593,1378781700,PABFD,VM_012,10
593,1378781700,PABFD,VM_011,11
593,1378781700,PABFD,VM_025,12
593,1378781700,PABFD,VM_003,13
593,1378781700,PABFD,VM_023,13
593,1378781700,PABFD,VM_001,11
593,1378781700,PABFD,VM_013,12
594,1378782000,Standard_HO,VM_001,17
594,1378782000,Standard_HO,VM_003,17
594,1378782000,Standard_HO,VM_011,14
594,1378782000,Standard_HO,VM_012,17
594,1378782000,Standard_HO,VM_013,14
594,1378782000,Standard_HO,VM_023,17
594,1378782000,Standard_HO,VM_025,17
594,1378782000,WA-AHO,VM_001,17
594,1378782000,WA-AHO,VM_003,17
594,1378782000,WA-AHO,VM_011,14
594,1378782000,WA-AHO,VM_012,17
594,1378782000,WA-AHO,VM_013,14
594,1378782000,WA-AHO,VM_023,17
594,1378782000,WA-AHO,VM_025,17
594,1378782000,PABFD,VM_012,10
594,1378782000,PABFD,VM_011,11
594,1378782000,PABFD,VM_025,12
594,1378782000,PABFD,VM_003,13
594,1378782000,PABFD,VM_023,13
594,1378782000,PABFD,VM_001,11
594,1378782000,PABFD,VM_013,12
595,1378782300,Standard_HO,VM_001,17
595,1378782300,Standard_HO,VM_003,17
595,1378782300,Standard_HO,VM_011,11
595,1378782300,Standard_HO,VM_012,17
595,1378782300,Standard_HO,VM_013,11
595,1378782300,Standard_HO,VM_023,17
595,1378782300,Standard_HO,VM_025,17
595,1378782300,WA-AHO,VM_001,17
595,1378782300,WA-AHO,VM_003,17
595,1378782300,WA-AHO,VM_011,11
595,1378782300,WA-AHO,VM_012,17
595,1378782300,WA-AHO,VM_013,11
595,1378782300,WA-AHO,VM_023,17
595,1378782300,WA-AHO,VM_025,17
595,1378782300,PABFD,VM_012,10
595,1378782300,PABFD,VM_011,11
595,1378782300,PABFD,VM_025,12
595,1378782300,PABFD,VM_003,13
595,1378782300,PABFD,VM_023,13
595,1378782300,PABFD,VM_001,11
595,1378782300,PABFD,VM_013,12
596,1378782600,Standard_HO,VM_001,18
596,1378782600,Standard_HO,VM_003,18
596,1378782600,Standard_HO,VM_011,10
596,1378782600,Standard_HO,VM_012,18
596,1378782600,Standard_HO,VM_013,10
596,1378782600,Standard_HO,VM_023,18
596,1378782600,Standard_HO,VM_025,18
596,1378782600,WA-AHO,VM_001,18
596,1378782600,WA-AHO,VM_003,18
596,1378782600,WA-AHO,VM_011,14
596,1378782600,WA-AHO,VM_012,18
596,1378782600,WA-AHO,VM_013,14
596,1378782600,WA-AHO,VM_023,18
596,1378782600,WA-AHO,VM_025,18
596,1378782600,PABFD,VM_012,10
596,1378782600,PABFD,VM_011,11
596,1378782600,PABFD,VM_025,12
596,1378782600,PABFD,VM_003,13
596,1378782600,PABFD,VM_023,13
596,1378782600,PABFD,VM_001,11
596,1378782600,PABFD,VM_013,12
597,1378782900,Standard_HO,VM_001,18
597,1378782900,Standard_HO,VM_003,18
597,1378782900,Standard_HO,VM_011,14
597,1378782900,Standard_HO,VM_012,18
597,1378782900,Standard_HO,VM_013,14
597,1378782900,Standard_HO,VM_023,18
597,1378782900,Standard_HO,VM_025,18
597,1378782900,WA-AHO,VM_001,19
597,1378782900,WA-AHO,VM_003,19
597,1378782900,WA-AHO,VM_011,11
597,1378782900,WA-AHO,VM_012,19
597,1378782900,WA-AHO,VM_013,11
597,1378782900,WA-AHO,VM_023,19
597,1378782900,WA-AHO,VM_025,19
597,1378782900,PABFD,VM_012,10
597,1378782900,PABFD,VM_011,11
597,1378782900,PABFD,VM_025,12
597,1378782900,PABFD,VM_003,13
597,1378782900,PABFD,VM_023,13
597,1378782900,PABFD,VM_001,11
597,1378782900,PABFD,VM_013,12
598,1378783200,Standard_HO,VM_001,19
598,1378783200,Standard_HO,VM_003,19
598,1378783200,Standard_HO,VM_011,14
598,1378783200,Standard_HO,VM_012,19
598,1378783200,Standard_HO,VM_013,14
598,1378783200,Standard_HO,VM_023,19
598,1378783200,Standard_HO,VM_025,19
598,1378783200,WA-AHO,VM_001,18
598,1378783200,WA-AHO,VM_003,18
598,1378783200,WA-AHO,VM_011,13
598,1378783200,WA-AHO,VM_012,18
598,1378783200,WA-AHO,VM_013,13
598,1378783200,WA-AHO,VM_023,18
598,1378783200,WA-AHO,VM_025,18
598,1378783200,PABFD,VM_012,10
598,1378783200,PABFD,VM_011,11
598,1378783200,PABFD,VM_025,12
598,1378783200,PABFD,VM_003,13
598,1378783200,PABFD,VM_023,13
598,1378783200,PABFD,VM_001,11
598,1378783200,PABFD,VM_013,12
599,1378783500,Standard_HO,VM_001,17
599,1378783500,Standard_HO,VM_003,17
599,1378783500,Standard_HO,VM_011,11
599,1378783500,Standard_HO,VM_012,17
599,1378783500,Standard_HO,VM_013,11
599,1378783500,Standard_HO,VM_023,17
599,1378783500,Standard_HO,VM_025,17
599,1378783500,WA-AHO,VM_001,17
599,1378783500,WA-AHO,VM_003,17
599,1378783500,WA-AHO,VM_011,11
599,1378783500,WA-AHO,VM_012,17
599,1378783500,WA-AHO,VM_013,11
599,1378783500,WA-AHO,VM_023,17
599,1378783500,WA-AHO,VM_025,17
599,1378783500,PABFD,VM_012,10
599,1378783500,PABFD,VM_011,11
599,1378783500,PABFD,VM_025,12
599,1378783500,PABFD,VM_003,13
599,1378783500,PABFD,VM_023,13
599,1378783500,PABFD,VM_001,11
599,1378783500,PABFD,VM_013,12
600,1378783800,Standard_HO,VM_001,17
600,1378783800,Standard_HO,VM_003,17
600,1378783800,Standard_HO,VM_011,13
600,1378783800,Standard_HO,VM_012,17
600,1378783800,Standard_HO,VM_013,13
600,1378783800,Standard_HO,VM_023,17
600,1378783800,Standard_HO,VM_025,17
600,1378783800,WA-AHO,VM_001,17
600,1378783800,WA-AHO,VM_003,17
600,1378783800,WA-AHO,VM_011,11
600,1378783800,WA-AHO,VM_012,17
600,1378783800,WA-AHO,VM_013,11
600,1378783800,WA-AHO,VM_023,17
600,1378783800,WA-AHO,VM_025,17
600,1378783800,PABFD,VM_012,10
600,1378783800,PABFD,VM_011,11
600,1378783800,PABFD,VM_025,12
600,1378783800,PABFD,VM_003,13
600,1378783800,PABFD,VM_023,13
600,1378783800,PABFD,VM_001,11
600,1378783800,PABFD,VM_013,12
601,1378784100,Standard_HO,VM_001,16
601,1378784100,Standard_HO,VM_003,16
601,1378784100,Standard_HO,VM_011,15
601,1378784100,Standard_HO,VM_012,16
601,1378784100,Standard_HO,VM_013,15
601,1378784100,Standard_HO,VM_023,16
601,1378784100,Standard_HO,VM_025,16
601,1378784100,WA-AHO,VM_001,19
601,1378784100,WA-AHO,VM_003,19
601,1378784100,WA-AHO,VM_011,14
601,1378784100,WA-AHO,VM_012,19
601,1378784100,WA-AHO,VM_013,14
601,1378784100,WA-AHO,VM_023,19
601,1378784100,WA-AHO,VM_025,19
601,1378784100,PABFD,VM_012,10
601,1378784100,PABFD,VM_011,11
601,1378784100,PABFD,VM_025,12
601,1378784100,PABFD,VM_003,13
601,1378784100,PABFD,VM_023,13
601,1378784100,PABFD,VM_001,11
601,1378784100,PABFD,VM_013,12
602,1378784400,Standard_HO,VM_001,18
602,1378784400,Standard_HO,VM_003,18
602,1378784400,Standard_HO,VM_011,11
602,1378784400,Standard_HO,VM_012,18
602,1378784400,Standard_HO,VM_013,11
602,1378784400,Standard_HO,VM_023,18
602,1378784400,Standard_HO,VM_025,18
602,1378784400,WA-AHO,VM_001,18
602,1378784400,WA-AHO,VM_003,18
602,1378784400,WA-AHO,VM_011,11
602,1378784400,WA-AHO,VM_012,18
602,1378784400,WA-AHO,VM_013,11
602,1378784400,WA-AHO,VM_023,18
602,1378784400,WA-AHO,VM_025,18
602,1378784400,PABFD,VM_012,10
602,1378784400,PABFD,VM_011,11
602,1378784400,PABFD,VM_025,12
602,1378784400,PABFD,VM_003,13
602,1378784400,PABFD,VM_023,13
602,1378784400,PABFD,VM_001,11
602,1378784400,PABFD,VM_013,12
603,1378784700,Standard_HO,VM_001,16
603,1378784700,Standard_HO,VM_003,16
603,1378784700,Standard_HO,VM_011,12
603,1378784700,Standard_HO,VM_012,16
603,1378784700,Standard_HO,VM_013,12
603,1378784700,Standard_HO,VM_023,16
603,1378784700,Standard_HO,VM_025,16
603,1378784700,WA-AHO,VM_001,19
603,1378784700,WA-AHO,VM_003,19
603,1378784700,WA-AHO,VM_011,12
603,1378784700,WA-AHO,VM_012,19
603,1378784700,WA-AHO,VM_013,12
603,1378784700,WA-AHO,VM_023,19
603,1378784700,WA-AHO,VM_025,19
603,1378784700,PABFD,VM_012,10
603,1378784700,PABFD,VM_011,11
603,1378784700,PABFD,VM_025,12
603,1378784700,PABFD,VM_003,13
603,1378784700,PABFD,VM_023,13
603,1378784700,PABFD,VM_001,11
603,1378784700,PABFD,VM_013,12
604,1378785000,Standard_HO,VM_001,18
604,1378785000,Standard_HO,VM_003,18
604,1378785000,Standard_HO,VM_011,14
604,1378785000,Standard_HO,VM_012,18
604,1378785000,Standard_HO,VM_013,14
604,1378785000,Standard_HO,VM_023,18
604,1378785000,Standard_HO,VM_025,18
604,1378785000,WA-AHO,VM_001,17
604,1378785000,WA-AHO,VM_003,17
604,1378785000,WA-AHO,VM_011,14
604,1378785000,WA-AHO,VM_012,17
604,1378785000,WA-AHO,VM_013,14
604,1378785000,WA-AHO,VM_023,17
604,1378785000,WA-AHO,VM_025,17
604,1378785000,PABFD,VM_012,10
604,1378785000,PABFD,VM_011,11
604,1378785000,PABFD,VM_025,12
604,1378785000,PABFD,VM_003,13
604,1378785000,PABFD,VM_023,13
604,1378785000,PABFD,VM_001,11
604,1378785000,PABFD,VM_013,12
605,1378785300,Standard_HO,VM_001,16
605,1378785300,Standard_HO,VM_003,16
605,1378785300,Standard_HO,VM_011,13
605,1378785300,Standard_HO,VM_012,16
605,1378785300,Standard_HO,VM_013,13
605,1378785300,Standard_HO,VM_023,16
605,1378785300,Standard_HO,VM_025,16
605,1378785300,WA-AHO,VM_001,19
605,1378785300,WA-AHO,VM_003,19
605,1378785300,WA-AHO,VM_011,15
605,1378785300,WA-AHO,VM_012,19
605,1378785300,WA-AHO,VM_013,15
605,1378785300,WA-AHO,VM_023,19
605,1378785300,WA-AHO,VM_025,19
605,1378785300,PABFD,VM_012,10
605,1378785300,PABFD,VM_011,11
605,1378785300,PABFD,VM_025,12
605,1378785300,PABFD,VM_003,13
605,1378785300,PABFD,VM_023,13
605,1378785300,PABFD,VM_001,11
605,1378785300,PABFD,VM_013,12
606,1378785600,Standard_HO,VM_001,19
606,1378785600,Standard_HO,VM_003,19
606,1378785600,Standard_HO,VM_011,15
606,1378785600,Standard_HO,VM_012,19
606,1378785600,Standard_HO,VM_013,15
606,1378785600,Standard_HO,VM_023,19
606,1378785600,Standard_HO,VM_025,19
606,1378785600,WA-AHO,VM_001,16
606,1378785600,WA-AHO,VM_003,16
606,1378785600,WA-AHO,VM_011,14
606,1378785600,WA-AHO,VM_012,16
606,1378785600,WA-AHO,VM_013,14
606,1378785600,WA-AHO,VM_023,16
606,1378785600,WA-AHO,VM_025,16
606,1378785600,PABFD,VM_012,10
606,1378785600,PABFD,VM_011,11
606,1378785600,PABFD,VM_025,12
606,1378785600,PABFD,VM_003,13
606,1378785600,PABFD,VM_023,13
606,1378785600,PABFD,VM_001,11
606,1378785600,PABFD,VM_013,12
607,1378785900,Standard_HO,VM_001,19
607,1378785900,Standard_HO,VM_003,19
607,1378785900,Standard_HO,VM_011,13
607,1378785900,Standard_HO,VM_012,19
607,1378785900,Standard_HO,VM_013,13
607,1378785900,Standard_HO,VM_023,19
607,1378785900,Standard_HO,VM_025,19
607,1378785900,WA-AHO,VM_001,19
607,1378785900,WA-AHO,VM_003,19
607,1378785900,WA-AHO,VM_011,15
607,1378785900,WA-AHO,VM_012,19
607,1378785900,WA-AHO,VM_013,15
607,1378785900,WA-AHO,VM_023,19
607,1378785900,WA-AHO,VM_025,19
607,1378785900,PABFD,VM_012,10
607,1378785900,PABFD,VM_011,11
607,1378785900,PABFD,VM_025,12
607,1378785900,PABFD,VM_003,13
607,1378785900,PABFD,VM_023,13
607,1378785900,PABFD,VM_001,11
607,1378785900,PABFD,VM_013,12
608,1378786200,Standard_HO,VM_001,19
608,1378786200,Standard_HO,VM_003,19
608,1378786200,Standard_HO,VM_011,12
608,1378786200,Standard_HO,VM_012,19
608,1378786200,Standard_HO,VM_013,12
608,1378786200,Standard_HO,VM_023,19
608,1378786200,Standard_HO,VM_025,19
608,1378786200,WA-AHO,VM_001,19
608,1378786200,WA-AHO,VM_003,19
608,1378786200,WA-AHO,VM_011,14
608,1378786200,WA-AHO,VM_012,19
608,1378786200,WA-AHO,VM_013,14
608,1378786200,WA-AHO,VM_023,19
608,1378786200,WA-AHO,VM_025,19
608,1378786200,PABFD,VM_012,10
608,1378786200,PABFD,VM_011,11
608,1378786200,PABFD,VM_025,12
608,1378786200,PABFD,VM_003,13
608,1378786200,PABFD,VM_023,13
608,1378786200,PABFD,VM_001,11
608,1378786200,PABFD,VM_013,12
609,1378786500,Standard_HO,VM_001,19
609,1378786500,Standard_HO,VM_003,19
609,1378786500,Standard_HO,VM_011,13
609,1378786500,Standard_HO,VM_012,19
609,1378786500,Standard_HO,VM_013,13
609,1378786500,Standard_HO,VM_023,19
609,1378786500,Standard_HO,VM_025,19
609,1378786500,WA-AHO,VM_001,19
609,1378786500,WA-AHO,VM_003,19
609,1378786500,WA-AHO,VM_011,13
609,1378786500,WA-AHO,VM_012,19
609,1378786500,WA-AHO,VM_013,13
609,1378786500,WA-AHO,VM_023,19
609,1378786500,WA-AHO,VM_025,19
609,1378786500,PABFD,VM_012,10
609,1378786500,PABFD,VM_011,11
609,1378786500,PABFD,VM_025,12
609,1378786500,PABFD,VM_003,13
609,1378786500,PABFD,VM_023,13
609,1378786500,PABFD,VM_001,11
609,1378786500,PABFD,VM_013,12
610,1378786800,Standard_HO,VM_001,18
610,1378786800,Standard_HO,VM_003,18
610,1378786800,Standard_HO,VM_011,11
610,1378786800,Standard_HO,VM_012,18
610,1378786800,Standard_HO,VM_013,11
610,1378786800,Standard_HO,VM_023,18
610,1378786800,Standard_HO,VM_025,18
610,1378786800,WA-AHO,VM_001,18
610,1378786800,WA-AHO,VM_003,18
610,1378786800,WA-AHO,VM_011,11
610,1378786800,WA-AHO,VM_012,18
610,1378786800,WA-AHO,VM_013,11
610,1378786800,WA-AHO,VM_023,18
610,1378786800,WA-AHO,VM_025,18
610,1378786800,PABFD,VM_012,10
610,1378786800,PABFD,VM_011,11
610,1378786800,PABFD,VM_025,12
610,1378786800,PABFD,VM_003,13
610,1378786800,PABFD,VM_023,13
610,1378786800,PABFD,VM_001,11
610,1378786800,PABFD,VM_013,12
611,1378787100,Standard_HO,VM_001,18
611,1378787100,Standard_HO,VM_003,18
611,1378787100,Standard_HO,VM_011,12
611,1378787100,Standard_HO,VM_012,18
611,1378787100,Standard_HO,VM_013,12
611,1378787100,Standard_HO,VM_023,18
611,1378787100,Standard_HO,VM_025,18
611,1378787100,WA-AHO,VM_001,18
611,1378787100,WA-AHO,VM_003,18
611,1378787100,WA-AHO,VM_011,12
611,1378787100,WA-AHO,VM_012,18
611,1378787100,WA-AHO,VM_013,12
611,1378787100,WA-AHO,VM_023,18
611,1378787100,WA-AHO,VM_025,18
611,1378787100,PABFD,VM_012,10
611,1378787100,PABFD,VM_011,11
611,1378787100,PABFD,VM_025,12
611,1378787100,PABFD,VM_003,13
611,1378787100,PABFD,VM_023,13
611,1378787100,PABFD,VM_001,11
611,1378787100,PABFD,VM_013,12
612,1378787400,Standard_HO,VM_001,16
612,1378787400,Standard_HO,VM_003,16
612,1378787400,Standard_HO,VM_011,14
612,1378787400,Standard_HO,VM_012,16
612,1378787400,Standard_HO,VM_013,14
612,1378787400,Standard_HO,VM_023,16
612,1378787400,Standard_HO,VM_025,16
612,1378787400,WA-AHO,VM_001,16
612,1378787400,WA-AHO,VM_003,16
612,1378787400,WA-AHO,VM_011,14
612,1378787400,WA-AHO,VM_012,16
612,1378787400,WA-AHO,VM_013,14
612,1378787400,WA-AHO,VM_023,16
612,1378787400,WA-AHO,VM_025,16
612,1378787400,PABFD,VM_012,10
612,1378787400,PABFD,VM_011,11
612,1378787400,PABFD,VM_025,12
612,1378787400,PABFD,VM_003,13
612,1378787400,PABFD,VM_023,13
612,1378787400,PABFD,VM_001,11
612,1378787400,PABFD,VM_013,12
613,1378787700,Standard_HO,VM_001,19
613,1378787700,Standard_HO,VM_003,19
613,1378787700,Standard_HO,VM_011,15
613,1378787700,Standard_HO,VM_012,19
613,1378787700,Standard_HO,VM_013,15
613,1378787700,Standard_HO,VM_023,19
613,1378787700,Standard_HO,VM_025,19
613,1378787700,WA-AHO,VM_001,19
613,1378787700,WA-AHO,VM_003,19
613,1378787700,WA-AHO,VM_011,15
613,1378787700,WA-AHO,VM_012,19
613,1378787700,WA-AHO,VM_013,15
613,1378787700,WA-AHO,VM_023,19
613,1378787700,WA-AHO,VM_025,19
613,1378787700,PABFD,VM_012,10
613,1378787700,PABFD,VM_011,11
613,1378787700,PABFD,VM_025,12
613,1378787700,PABFD,VM_003,13
613,1378787700,PABFD,VM_023,13
613,1378787700,PABFD,VM_001,11
613,1378787700,PABFD,VM_013,12
614,1378788000,Standard_HO,VM_001,18
614,1378788000,Standard_HO,VM_003,18
614,1378788000,Standard_HO,VM_011,15
614,1378788000,Standard_HO,VM_012,18
614,1378788000,Standard_HO,VM_013,15
614,1378788000,Standard_HO,VM_023,18
614,1378788000,Standard_HO,VM_025,18
614,1378788000,WA-AHO,VM_001,18
614,1378788000,WA-AHO,VM_003,18
614,1378788000,WA-AHO,VM_011,18
614,1378788000,WA-AHO,VM_012,18
614,1378788000,WA-AHO,VM_013,12
614,1378788000,WA-AHO,VM_023,18
614,1378788000,WA-AHO,VM_025,12
614,1378788000,PABFD,VM_012,10
614,1378788000,PABFD,VM_011,11
614,1378788000,PABFD,VM_025,12
614,1378788000,PABFD,VM_003,13
614,1378788000,PABFD,VM_023,13
614,1378788000,PABFD,VM_001,11
614,1378788000,PABFD,VM_013,12
615,1378788300,Standard_HO,VM_001,17
615,1378788300,Standard_HO,VM_003,17
615,1378788300,Standard_HO,VM_011,11
615,1378788300,Standard_HO,VM_012,17
615,1378788300,Standard_HO,VM_013,11
615,1378788300,Standard_HO,VM_023,17
615,1378788300,Standard_HO,VM_025,17
615,1378788300,WA-AHO,VM_001,18
615,1378788300,WA-AHO,VM_003,18
615,1378788300,WA-AHO,VM_011,18
615,1378788300,WA-AHO,VM_012,18
615,1378788300,WA-AHO,VM_013,13
615,1378788300,WA-AHO,VM_023,18
615,1378788300,WA-AHO,VM_025,13
615,1378788300,PABFD,VM_012,10
615,1378788300,PABFD,VM_011,11
615,1378788300,PABFD,VM_025,12
615,1378788300,PABFD,VM_003,13
615,1378788300,PABFD,VM_023,13
615,1378788300,PABFD,VM_001,11
615,1378788300,PABFD,VM_013,12
616,1378788600,Standard_HO,VM_001,18
616,1378788600,Standard_HO,VM_003,18
616,1378788600,Standard_HO,VM_011,11
616,1378788600,Standard_HO,VM_012,18
616,1378788600,Standard_HO,VM_013,11
616,1378788600,Standard_HO,VM_023,18
616,1378788600,Standard_HO,VM_025,18
616,1378788600,WA-AHO,VM_001,18
616,1378788600,WA-AHO,VM_003,18
616,1378788600,WA-AHO,VM_011,14
616,1378788600,WA-AHO,VM_012,18
616,1378788600,WA-AHO,VM_013,14
616,1378788600,WA-AHO,VM_023,18
616,1378788600,WA-AHO,VM_025,18
616,1378788600,PABFD,VM_012,10
616,1378788600,PABFD,VM_011,11
616,1378788600,PABFD,VM_025,12
616,1378788600,PABFD,VM_003,13
616,1378788600,PABFD,VM_023,13
616,1378788600,PABFD,VM_001,11
616,1378788600,PABFD,VM_013,12
617,1378788900,Standard_HO,VM_001,18
617,1378788900,Standard_HO,VM_003,18
617,1378788900,Standard_HO,VM_011,12
617,1378788900,Standard_HO,VM_012,18
617,1378788900,Standard_HO,VM_013,12
617,1378788900,Standard_HO,VM_023,18
617,1378788900,Standard_HO,VM_025,18
617,1378788900,WA-AHO,VM_001,19
617,1378788900,WA-AHO,VM_003,19
617,1378788900,WA-AHO,VM_011,14
617,1378788900,WA-AHO,VM_012,19
617,1378788900,WA-AHO,VM_013,14
617,1378788900,WA-AHO,VM_023,19
617,1378788900,WA-AHO,VM_025,19
617,1378788900,PABFD,VM_012,10
617,1378788900,PABFD,VM_011,11
617,1378788900,PABFD,VM_025,12
617,1378788900,PABFD,VM_003,13
617,1378788900,PABFD,VM_023,13
617,1378788900,PABFD,VM_001,11
617,1378788900,PABFD,VM_013,12
618,1378789200,Standard_HO,VM_001,17
618,1378789200,Standard_HO,VM_003,17
618,1378789200,Standard_HO,VM_011,13
618,1378789200,Standard_HO,VM_012,17
618,1378789200,Standard_HO,VM_013,13
618,1378789200,Standard_HO,VM_023,17
618,1378789200,Standard_HO,VM_025,17
618,1378789200,WA-AHO,VM_001,17
618,1378789200,WA-AHO,VM_003,17
618,1378789200,WA-AHO,VM_011,13
618,1378789200,WA-AHO,VM_012,17
618,1378789200,WA-AHO,VM_013,13
618,1378789200,WA-AHO,VM_023,17
618,1378789200,WA-AHO,VM_025,17
618,1378789200,PABFD,VM_012,10
618,1378789200,PABFD,VM_011,11
618,1378789200,PABFD,VM_025,12
618,1378789200,PABFD,VM_003,13
618,1378789200,PABFD,VM_023,13
618,1378789200,PABFD,VM_001,11
618,1378789200,PABFD,VM_013,12
619,1378789500,Standard_HO,VM_001,19
619,1378789500,Standard_HO,VM_003,19
619,1378789500,Standard_HO,VM_011,14
619,1378789500,Standard_HO,VM_012,19
619,1378789500,Standard_HO,VM_013,14
619,1378789500,Standard_HO,VM_023,19
619,1378789500,Standard_HO,VM_025,19
619,1378789500,WA-AHO,VM_001,19
619,1378789500,WA-AHO,VM_003,19
619,1378789500,WA-AHO,VM_011,12
619,1378789500,WA-AHO,VM_012,19
619,1378789500,WA-AHO,VM_013,12
619,1378789500,WA-AHO,VM_023,19
619,1378789500,WA-AHO,VM_025,19
619,1378789500,PABFD,VM_012,10
619,1378789500,PABFD,VM_011,11
619,1378789500,PABFD,VM_025,12
619,1378789500,PABFD,VM_003,13
619,1378789500,PABFD,VM_023,13
619,1378789500,PABFD,VM_001,11
619,1378789500,PABFD,VM_013,12
620,1378789800,Standard_HO,VM_001,17
620,1378789800,Standard_HO,VM_003,17
620,1378789800,Standard_HO,VM_011,11
620,1378789800,Standard_HO,VM_012,17
620,1378789800,Standard_HO,VM_013,11
620,1378789800,Standard_HO,VM_023,17
620,1378789800,Standard_HO,VM_025,17
620,1378789800,WA-AHO,VM_001,18
620,1378789800,WA-AHO,VM_003,18
620,1378789800,WA-AHO,VM_011,10
620,1378789800,WA-AHO,VM_012,18
620,1378789800,WA-AHO,VM_013,10
620,1378789800,WA-AHO,VM_023,18
620,1378789800,WA-AHO,VM_025,18
620,1378789800,PABFD,VM_012,10
620,1378789800,PABFD,VM_011,11
620,1378789800,PABFD,VM_025,12
620,1378789800,PABFD,VM_003,13
620,1378789800,PABFD,VM_023,13
620,1378789800,PABFD,VM_001,11
620,1378789800,PABFD,VM_013,12
621,1378790100,Standard_HO,VM_001,16
621,1378790100,Standard_HO,VM_003,16
621,1378790100,Standard_HO,VM_011,15
621,1378790100,Standard_HO,VM_012,16
621,1378790100,Standard_HO,VM_013,15
621,1378790100,Standard_HO,VM_023,16
621,1378790100,Standard_HO,VM_025,16
621,1378790100,WA-AHO,VM_001,18
621,1378790100,WA-AHO,VM_003,18
621,1378790100,WA-AHO,VM_011,11
621,1378790100,WA-AHO,VM_012,18
621,1378790100,WA-AHO,VM_013,11
621,1378790100,WA-AHO,VM_023,18
621,1378790100,WA-AHO,VM_025,18
621,1378790100,PABFD,VM_012,10
621,1378790100,PABFD,VM_011,11
621,1378790100,PABFD,VM_025,12
621,1378790100,PABFD,VM_003,13
621,1378790100,PABFD,VM_023,13
621,1378790100,PABFD,VM_001,11
621,1378790100,PABFD,VM_013,12
622,1378790400,Standard_HO,VM_001,19
622,1378790400,Standard_HO,VM_003,19
622,1378790400,Standard_HO,VM_011,19
622,1378790400,Standard_HO,VM_012,19
622,1378790400,Standard_HO,VM_013,10
622,1378790400,Standard_HO,VM_023,19
622,1378790400,Standard_HO,VM_025,10
622,1378790400,WA-AHO,VM_001,19
622,1378790400,WA-AHO,VM_003,19
622,1378790400,WA-AHO,VM_011,19
622,1378790400,WA-AHO,VM_012,19
622,1378790400,WA-AHO,VM_013,10
622,1378790400,WA-AHO,VM_023,19
622,1378790400,WA-AHO,VM_025,10
622,1378790400,PABFD,VM_012,10
622,1378790400,PABFD,VM_011,11
622,1378790400,PABFD,VM_025,12
622,1378790400,PABFD,VM_003,13
622,1378790400,PABFD,VM_023,13
622,1378790400,PABFD,VM_001,11
622,1378790400,PABFD,VM_013,12
623,1378790700,Standard_HO,VM_001,16
623,1378790700,Standard_HO,VM_003,16
623,1378790700,Standard_HO,VM_011,13
623,1378790700,Standard_HO,VM_012,16
623,1378790700,Standard_HO,VM_013,13
623,1378790700,Standard_HO,VM_023,16
623,1378790700,Standard_HO,VM_025,16
623,1378790700,WA-AHO,VM_001,16
623,1378790700,WA-AHO,VM_003,16
623,1378790700,WA-AHO,VM_011,10
623,1378790700,WA-AHO,VM_012,16
623,1378790700,WA-AHO,VM_013,10
623,1378790700,WA-AHO,VM_023,16
623,1378790700,WA-AHO,VM_025,16
623,1378790700,PABFD,VM_012,10
623,1378790700,PABFD,VM_011,11
623,1378790700,PABFD,VM_025,12
623,1378790700,PABFD,VM_003,13
623,1378790700,PABFD,VM_023,13
623,1378790700,PABFD,VM_001,11
623,1378790700,PABFD,VM_013,12
624,1378791000,Standard_HO,VM_001,18
624,1378791000,Standard_HO,VM_003,18
624,1378791000,Standard_HO,VM_011,10
624,1378791000,Standard_HO,VM_012,18
624,1378791000,Standard_HO,VM_013,10
624,1378791000,Standard_HO,VM_023,18
624,1378791000,Standard_HO,VM_025,18
624,1378791000,WA-AHO,VM_001,18
624,1378791000,WA-AHO,VM_003,18
624,1378791000,WA-AHO,VM_011,10
624,1378791000,WA-AHO,VM_012,18
624,1378791000,WA-AHO,VM_013,10
624,1378791000,WA-AHO,VM_023,18
624,1378791000,WA-AHO,VM_025,18
624,1378791000,PABFD,VM_012,10
624,1378791000,PABFD,VM_011,11
624,1378791000,PABFD,VM_025,12
624,1378791000,PABFD,VM_003,13
624,1378791000,PABFD,VM_023,13
624,1378791000,PABFD,VM_001,11
624,1378791000,PABFD,VM_013,12
625,1378791300,Standard_HO,VM_001,19
625,1378791300,Standard_HO,VM_003,19
625,1378791300,Standard_HO,VM_011,14
625,1378791300,Standard_HO,VM_012,19
625,1378791300,Standard_HO,VM_013,14
625,1378791300,Standard_HO,VM_023,19
625,1378791300,Standard_HO,VM_025,19
625,1378791300,WA-AHO,VM_001,19
625,1378791300,WA-AHO,VM_003,19
625,1378791300,WA-AHO,VM_011,19
625,1378791300,WA-AHO,VM_012,19
625,1378791300,WA-AHO,VM_013,11
625,1378791300,WA-AHO,VM_023,19
625,1378791300,WA-AHO,VM_025,11
625,1378791300,PABFD,VM_012,10
625,1378791300,PABFD,VM_011,11
625,1378791300,PABFD,VM_025,12
625,1378791300,PABFD,VM_003,13
625,1378791300,PABFD,VM_023,13
625,1378791300,PABFD,VM_001,11
625,1378791300,PABFD,VM_013,12
626,1378791600,Standard_HO,VM_001,17
626,1378791600,Standard_HO,VM_003,17
626,1378791600,Standard_HO,VM_011,12
626,1378791600,Standard_HO,VM_012,17
626,1378791600,Standard_HO,VM_013,12
626,1378791600,Standard_HO,VM_023,17
626,1378791600,Standard_HO,VM_025,17
626,1378791600,WA-AHO,VM_001,17
626,1378791600,WA-AHO,VM_003,17
626,1378791600,WA-AHO,VM_011,11
626,1378791600,WA-AHO,VM_012,17
626,1378791600,WA-AHO,VM_013,11
626,1378791600,WA-AHO,VM_023,17
626,1378791600,WA-AHO,VM_025,17
626,1378791600,PABFD,VM_012,10
626,1378791600,PABFD,VM_011,11
626,1378791600,PABFD,VM_025,12
626,1378791600,PABFD,VM_003,13
626,1378791600,PABFD,VM_023,13
626,1378791600,PABFD,VM_001,11
626,1378791600,PABFD,VM_013,12
627,1378791900,Standard_HO,VM_001,18
627,1378791900,Standard_HO,VM_003,18
627,1378791900,Standard_HO,VM_011,11
627,1378791900,Standard_HO,VM_012,18
627,1378791900,Standard_HO,VM_013,11
627,1378791900,Standard_HO,VM_023,18
627,1378791900,Standard_HO,VM_025,18
627,1378791900,WA-AHO,VM_001,16
627,1378791900,WA-AHO,VM_003,16
627,1378791900,WA-AHO,VM_011,10
627,1378791900,WA-AHO,VM_012,16
627,1378791900,WA-AHO,VM_013,10
627,1378791900,WA-AHO,VM_023,16
627,1378791900,WA-AHO,VM_025,16
627,1378791900,PABFD,VM_012,10
627,1378791900,PABFD,VM_011,11
627,1378791900,PABFD,VM_025,12
627,1378791900,PABFD,VM_003,13
627,1378791900,PABFD,VM_023,13
627,1378791900,PABFD,VM_001,11
627,1378791900,PABFD,VM_013,12
628,1378792200,Standard_HO,VM_001,16
628,1378792200,Standard_HO,VM_003,16
628,1378792200,Standard_HO,VM_011,14
628,1378792200,Standard_HO,VM_012,16
628,1378792200,Standard_HO,VM_013,14
628,1378792200,Standard_HO,VM_023,16
628,1378792200,Standard_HO,VM_025,16
628,1378792200,WA-AHO,VM_001,19
628,1378792200,WA-AHO,VM_003,19
628,1378792200,WA-AHO,VM_011,12
628,1378792200,WA-AHO,VM_012,19
628,1378792200,WA-AHO,VM_013,12
628,1378792200,WA-AHO,VM_023,19
628,1378792200,WA-AHO,VM_025,19
628,1378792200,PABFD,VM_012,10
628,1378792200,PABFD,VM_011,11
628,1378792200,PABFD,VM_025,12
628,1378792200,PABFD,VM_003,13
628,1378792200,PABFD,VM_023,13
628,1378792200,PABFD,VM_001,11
628,1378792200,PABFD,VM_013,12
629,1378792500,Standard_HO,VM_001,16
629,1378792500,Standard_HO,VM_003,16
629,1378792500,Standard_HO,VM_011,11
629,1378792500,Standard_HO,VM_012,16
629,1378792500,Standard_HO,VM_013,11
629,1378792500,Standard_HO,VM_023,16
629,1378792500,Standard_HO,VM_025,16
629,1378792500,WA-AHO,VM_001,19
629,1378792500,WA-AHO,VM_003,19
629,1378792500,WA-AHO,VM_011,15
629,1378792500,WA-AHO,VM_012,19
629,1378792500,WA-AHO,VM_013,15
629,1378792500,WA-AHO,VM_023,19
629,1378792500,WA-AHO,VM_025,19
629,1378792500,PABFD,VM_012,10
629,1378792500,PABFD,VM_011,11
629,1378792500,PABFD,VM_025,12
629,1378792500,PABFD,VM_003,13
629,1378792500,PABFD,VM_023,13
629,1378792500,PABFD,VM_001,11
629,1378792500,PABFD,VM_013,12
630,1378792800,Standard_HO,VM_001,19
630,1378792800,Standard_HO,VM_003,19
630,1378792800,Standard_HO,VM_011,13
630,1378792800,Standard_HO,VM_012,19
630,1378792800,Standard_HO,VM_013,13
630,1378792800,Standard_HO,VM_023,19
630,1378792800,Standard_HO,VM_025,19
630,1378792800,WA-AHO,VM_001,17
630,1378792800,WA-AHO,VM_003,17
630,1378792800,WA-AHO,VM_011,13
630,1378792800,WA-AHO,VM_012,17
630,1378792800,WA-AHO,VM_013,13
630,1378792800,WA-AHO,VM_023,17
630,1378792800,WA-AHO,VM_025,17
630,1378792800,PABFD,VM_012,10
630,1378792800,PABFD,VM_011,11
630,1378792800,PABFD,VM_025,12
630,1378792800,PABFD,VM_003,13
630,1378792800,PABFD,VM_023,13
630,1378792800,PABFD,VM_001,11
630,1378792800,PABFD,VM_013,12
631,1378793100,Standard_HO,VM_001,18
631,1378793100,Standard_HO,VM_003,18
631,1378793100,Standard_HO,VM_011,13
631,1378793100,Standard_HO,VM_012,18
631,1378793100,Standard_HO,VM_013,13
631,1378793100,Standard_HO,VM_023,18
631,1378793100,Standard_HO,VM_025,18
631,1378793100,WA-AHO,VM_001,18
631,1378793100,WA-AHO,VM_003,18
631,1378793100,WA-AHO,VM_011,13
631,1378793100,WA-AHO,VM_012,18
631,1378793100,WA-AHO,VM_013,13
631,1378793100,WA-AHO,VM_023,18
631,1378793100,WA-AHO,VM_025,18
631,1378793100,PABFD,VM_012,10
631,1378793100,PABFD,VM_011,11
631,1378793100,PABFD,VM_025,12
631,1378793100,PABFD,VM_003,13
631,1378793100,PABFD,VM_023,13
631,1378793100,PABFD,VM_001,11
631,1378793100,PABFD,VM_013,12
632,1378793400,Standard_HO,VM_001,19
632,1378793400,Standard_HO,VM_003,19
632,1378793400,Standard_HO,VM_011,14
632,1378793400,Standard_HO,VM_012,19
632,1378793400,Standard_HO,VM_013,14
632,1378793400,Standard_HO,VM_023,19
632,1378793400,Standard_HO,VM_025,19
632,1378793400,WA-AHO,VM_001,19
632,1378793400,WA-AHO,VM_003,19
632,1378793400,WA-AHO,VM_011,14
632,1378793400,WA-AHO,VM_012,19
632,1378793400,WA-AHO,VM_013,14
632,1378793400,WA-AHO,VM_023,19
632,1378793400,WA-AHO,VM_025,19
632,1378793400,PABFD,VM_012,10
632,1378793400,PABFD,VM_011,11
632,1378793400,PABFD,VM_025,12
632,1378793400,PABFD,VM_003,13
632,1378793400,PABFD,VM_023,13
632,1378793400,PABFD,VM_001,11
632,1378793400,PABFD,VM_013,12
633,1378793700,Standard_HO,VM_001,19
633,1378793700,Standard_HO,VM_003,19
633,1378793700,Standard_HO,VM_011,15
633,1378793700,Standard_HO,VM_012,19
633,1378793700,Standard_HO,VM_013,15
633,1378793700,Standard_HO,VM_023,19
633,1378793700,Standard_HO,VM_025,19
633,1378793700,WA-AHO,VM_001,19
633,1378793700,WA-AHO,VM_003,19
633,1378793700,WA-AHO,VM_011,13
633,1378793700,WA-AHO,VM_012,19
633,1378793700,WA-AHO,VM_013,13
633,1378793700,WA-AHO,VM_023,19
633,1378793700,WA-AHO,VM_025,19
633,1378793700,PABFD,VM_012,10
633,1378793700,PABFD,VM_011,11
633,1378793700,PABFD,VM_025,12
633,1378793700,PABFD,VM_003,13
633,1378793700,PABFD,VM_023,13
633,1378793700,PABFD,VM_001,11
633,1378793700,PABFD,VM_013,12
634,1378794000,Standard_HO,VM_001,16
634,1378794000,Standard_HO,VM_003,16
634,1378794000,Standard_HO,VM_011,14
634,1378794000,Standard_HO,VM_012,16
634,1378794000,Standard_HO,VM_013,14
634,1378794000,Standard_HO,VM_023,16
634,1378794000,Standard_HO,VM_025,16
634,1378794000,WA-AHO,VM_001,18
634,1378794000,WA-AHO,VM_003,18
634,1378794000,WA-AHO,VM_011,14
634,1378794000,WA-AHO,VM_012,18
634,1378794000,WA-AHO,VM_013,14
634,1378794000,WA-AHO,VM_023,18
634,1378794000,WA-AHO,VM_025,18
634,1378794000,PABFD,VM_012,10
634,1378794000,PABFD,VM_011,11
634,1378794000,PABFD,VM_025,12
634,1378794000,PABFD,VM_003,13
634,1378794000,PABFD,VM_023,13
634,1378794000,PABFD,VM_001,11
634,1378794000,PABFD,VM_013,12
635,1378794300,Standard_HO,VM_001,18
635,1378794300,Standard_HO,VM_003,18
635,1378794300,Standard_HO,VM_011,12
635,1378794300,Standard_HO,VM_012,18
635,1378794300,Standard_HO,VM_013,12
635,1378794300,Standard_HO,VM_023,18
635,1378794300,Standard_HO,VM_025,18
635,1378794300,WA-AHO,VM_001,18
635,1378794300,WA-AHO,VM_003,18
635,1378794300,WA-AHO,VM_011,13
635,1378794300,WA-AHO,VM_012,18
635,1378794300,WA-AHO,VM_013,13
635,1378794300,WA-AHO,VM_023,18
635,1378794300,WA-AHO,VM_025,18
635,1378794300,PABFD,VM_012,10
635,1378794300,PABFD,VM_011,11
635,1378794300,PABFD,VM_025,12
635,1378794300,PABFD,VM_003,13
635,1378794300,PABFD,VM_023,13
635,1378794300,PABFD,VM_001,11
635,1378794300,PABFD,VM_013,12
636,1378794600,Standard_HO,VM_001,17
636,1378794600,Standard_HO,VM_003,17
636,1378794600,Standard_HO,VM_011,11
636,1378794600,Standard_HO,VM_012,17
636,1378794600,Standard_HO,VM_013,11
636,1378794600,Standard_HO,VM_023,17
636,1378794600,Standard_HO,VM_025,17
636,1378794600,WA-AHO,VM_001,16
636,1378794600,WA-AHO,VM_003,16
636,1378794600,WA-AHO,VM_011,12
636,1378794600,WA-AHO,VM_012,16
636,1378794600,WA-AHO,VM_013,12
636,1378794600,WA-AHO,VM_023,16
636,1378794600,WA-AHO,VM_025,16
636,1378794600,PABFD,VM_012,10
636,1378794600,PABFD,VM_011,11
636,1378794600,PABFD,VM_025,12
636,1378794600,PABFD,VM_003,13
636,1378794600,PABFD,VM_023,13
636,1378794600,PABFD,VM_001,11
636,1378794600,PABFD,VM_013,12
637,1378794900,Standard_HO,VM_001,17
637,1378794900,Standard_HO,VM_003,17
637,1378794900,Standard_HO,VM_011,13
637,1378794900,Standard_HO,VM_012,17
637,1378794900,Standard_HO,VM_013,13
637,1378794900,Standard_HO,VM_023,17
637,1378794900,Standard_HO,VM_025,17
637,1378794900,WA-AHO,VM_001,19
637,1378794900,WA-AHO,VM_003,19
637,1378794900,WA-AHO,VM_011,15
637,1378794900,WA-AHO,VM_012,19
637,1378794900,WA-AHO,VM_013,15
637,1378794900,WA-AHO,VM_023,19
637,1378794900,WA-AHO,VM_025,19
637,1378794900,PABFD,VM_012,10
637,1378794900,PABFD,VM_011,11
637,1378794900,PABFD,VM_025,12
637,1378794900,PABFD,VM_003,13
637,1378794900,PABFD,VM_023,13
637,1378794900,PABFD,VM_001,11
637,1378794900,PABFD,VM_013,12
638,1378795200,Standard_HO,VM_001,18
638,1378795200,Standard_HO,VM_003,18
638,1378795200,Standard_HO,VM_011,12
638,1378795200,Standard_HO,VM_012,18
638,1378795200,Standard_HO,VM_013,12
638,1378795200,Standard_HO,VM_023,18
638,1378795200,Standard_HO,VM_025,18
638,1378795200,WA-AHO,VM_001,19
638,1378795200,WA-AHO,VM_003,19
638,1378795200,WA-AHO,VM_011,14
638,1378795200,WA-AHO,VM_012,19
638,1378795200,WA-AHO,VM_013,14
638,1378795200,WA-AHO,VM_023,19
638,1378795200,WA-AHO,VM_025,19
638,1378795200,PABFD,VM_012,10
638,1378795200,PABFD,VM_011,11
638,1378795200,PABFD,VM_025,12
638,1378795200,PABFD,VM_003,13
638,1378795200,PABFD,VM_023,13
638,1378795200,PABFD,VM_001,11
638,1378795200,PABFD,VM_013,12
639,1378795500,Standard_HO,VM_001,19
639,1378795500,Standard_HO,VM_003,19
639,1378795500,Standard_HO,VM_011,12
639,1378795500,Standard_HO,VM_012,19
639,1378795500,Standard_HO,VM_013,12
639,1378795500,Standard_HO,VM_023,19
639,1378795500,Standard_HO,VM_025,19
639,1378795500,WA-AHO,VM_001,18
639,1378795500,WA-AHO,VM_003,18
639,1378795500,WA-AHO,VM_011,12
639,1378795500,WA-AHO,VM_012,18
639,1378795500,WA-AHO,VM_013,12
639,1378795500,WA-AHO,VM_023,18
639,1378795500,WA-AHO,VM_025,18
639,1378795500,PABFD,VM_012,10
639,1378795500,PABFD,VM_011,11
639,1378795500,PABFD,VM_025,12
639,1378795500,PABFD,VM_003,13
639,1378795500,PABFD,VM_023,13
639,1378795500,PABFD,VM_001,11
639,1378795500,PABFD,VM_013,12
640,1378795800,Standard_HO,VM_001,19
640,1378795800,Standard_HO,VM_003,19
640,1378795800,Standard_HO,VM_011,11
640,1378795800,Standard_HO,VM_012,19
640,1378795800,Standard_HO,VM_013,11
640,1378795800,Standard_HO,VM_023,19
640,1378795800,Standard_HO,VM_025,19
640,1378795800,WA-AHO,VM_001,17
640,1378795800,WA-AHO,VM_003,17
640,1378795800,WA-AHO,VM_011,10
640,1378795800,WA-AHO,VM_012,17
640,1378795800,WA-AHO,VM_013,10
640,1378795800,WA-AHO,VM_023,17
640,1378795800,WA-AHO,VM_025,17
640,1378795800,PABFD,VM_012,10
640,1378795800,PABFD,VM_011,11
640,1378795800,PABFD,VM_025,12
640,1378795800,PABFD,VM_003,13
640,1378795800,PABFD,VM_023,13
640,1378795800,PABFD,VM_001,11
640,1378795800,PABFD,VM_013,12
641,1378796100,Standard_HO,VM_001,17
641,1378796100,Standard_HO,VM_003,17
641,1378796100,Standard_HO,VM_011,12
641,1378796100,Standard_HO,VM_012,17
641,1378796100,Standard_HO,VM_013,12
641,1378796100,Standard_HO,VM_023,17
641,1378796100,Standard_HO,VM_025,17
641,1378796100,WA-AHO,VM_001,17
641,1378796100,WA-AHO,VM_003,17
641,1378796100,WA-AHO,VM_011,12
641,1378796100,WA-AHO,VM_012,17
641,1378796100,WA-AHO,VM_013,12
641,1378796100,WA-AHO,VM_023,17
641,1378796100,WA-AHO,VM_025,17
641,1378796100,PABFD,VM_012,10
641,1378796100,PABFD,VM_011,11
641,1378796100,PABFD,VM_025,12
641,1378796100,PABFD,VM_003,13
641,1378796100,PABFD,VM_023,13
641,1378796100,PABFD,VM_001,11
641,1378796100,PABFD,VM_013,12
642,1378796400,Standard_HO,VM_001,19
642,1378796400,Standard_HO,VM_003,19
642,1378796400,Standard_HO,VM_011,13
642,1378796400,Standard_HO,VM_012,19
642,1378796400,Standard_HO,VM_013,13
642,1378796400,Standard_HO,VM_023,19
642,1378796400,Standard_HO,VM_025,19
642,1378796400,WA-AHO,VM_001,18
642,1378796400,WA-AHO,VM_003,18
642,1378796400,WA-AHO,VM_011,14
642,1378796400,WA-AHO,VM_012,18
642,1378796400,WA-AHO,VM_013,14
642,1378796400,WA-AHO,VM_023,18
642,1378796400,WA-AHO,VM_025,18
642,1378796400,PABFD,VM_012,10
642,1378796400,PABFD,VM_011,11
642,1378796400,PABFD,VM_025,12
642,1378796400,PABFD,VM_003,13
642,1378796400,PABFD,VM_023,13
642,1378796400,PABFD,VM_001,11
642,1378796400,PABFD,VM_013,12
643,1378796700,Standard_HO,VM_001,19
643,1378796700,Standard_HO,VM_003,19
643,1378796700,Standard_HO,VM_011,11
643,1378796700,Standard_HO,VM_012,19
643,1378796700,Standard_HO,VM_013,11
643,1378796700,Standard_HO,VM_023,19
643,1378796700,Standard_HO,VM_025,19
643,1378796700,WA-AHO,VM_001,19
643,1378796700,WA-AHO,VM_003,19
643,1378796700,WA-AHO,VM_011,11
643,1378796700,WA-AHO,VM_012,19
643,1378796700,WA-AHO,VM_013,11
643,1378796700,WA-AHO,VM_023,19
643,1378796700,WA-AHO,VM_025,19
643,1378796700,PABFD,VM_012,10
643,1378796700,PABFD,VM_011,11
643,1378796700,PABFD,VM_025,12
643,1378796700,PABFD,VM_003,13
643,1378796700,PABFD,VM_023,13
643,1378796700,PABFD,VM_001,11
643,1378796700,PABFD,VM_013,12
644,1378797000,Standard_HO,VM_001,17
644,1378797000,Standard_HO,VM_003,17
644,1378797000,Standard_HO,VM_011,12
644,1378797000,Standard_HO,VM_012,17
644,1378797000,Standard_HO,VM_013,12
644,1378797000,Standard_HO,VM_023,17
644,1378797000,Standard_HO,VM_025,17
644,1378797000,WA-AHO,VM_001,17
644,1378797000,WA-AHO,VM_003,17
644,1378797000,WA-AHO,VM_011,12
644,1378797000,WA-AHO,VM_012,17
644,1378797000,WA-AHO,VM_013,12
644,1378797000,WA-AHO,VM_023,17
644,1378797000,WA-AHO,VM_025,17
644,1378797000,PABFD,VM_012,10
644,1378797000,PABFD,VM_011,11
644,1378797000,PABFD,VM_025,12
644,1378797000,PABFD,VM_003,13
644,1378797000,PABFD,VM_023,13
644,1378797000,PABFD,VM_001,11
644,1378797000,PABFD,VM_013,12
645,1378797300,Standard_HO,VM_001,19
645,1378797300,Standard_HO,VM_003,11
645,1378797300,Standard_HO,VM_011,19
645,1378797300,Standard_HO,VM_012,19
645,1378797300,Standard_HO,VM_013,19
645,1378797300,Standard_HO,VM_023,11
645,1378797300,Standard_HO,VM_025,19
645,1378797300,WA-AHO,VM_001,18
645,1378797300,WA-AHO,VM_003,18
645,1378797300,WA-AHO,VM_011,12
645,1378797300,WA-AHO,VM_012,18
645,1378797300,WA-AHO,VM_013,12
645,1378797300,WA-AHO,VM_023,18
645,1378797300,WA-AHO,VM_025,18
645,1378797300,PABFD,VM_012,10
645,1378797300,PABFD,VM_011,11
645,1378797300,PABFD,VM_025,12
645,1378797300,PABFD,VM_003,13
645,1378797300,PABFD,VM_023,13
645,1378797300,PABFD,VM_001,11
645,1378797300,PABFD,VM_013,12
646,1378797600,Standard_HO,VM_001,17
646,1378797600,Standard_HO,VM_003,17
646,1378797600,Standard_HO,VM_011,13
646,1378797600,Standard_HO,VM_012,17
646,1378797600,Standard_HO,VM_013,13
646,1378797600,Standard_HO,VM_023,17
646,1378797600,Standard_HO,VM_025,17
646,1378797600,WA-AHO,VM_001,19
646,1378797600,WA-AHO,VM_003,19
646,1378797600,WA-AHO,VM_011,12
646,1378797600,WA-AHO,VM_012,19
646,1378797600,WA-AHO,VM_013,12
646,1378797600,WA-AHO,VM_023,19
646,1378797600,WA-AHO,VM_025,19
646,1378797600,PABFD,VM_012,10
646,1378797600,PABFD,VM_011,11
646,1378797600,PABFD,VM_025,12
646,1378797600,PABFD,VM_003,13
646,1378797600,PABFD,VM_023,13
646,1378797600,PABFD,VM_001,11
646,1378797600,PABFD,VM_013,12
647,1378797900,Standard_HO,VM_001,19
647,1378797900,Standard_HO,VM_003,19
647,1378797900,Standard_HO,VM_011,11
647,1378797900,Standard_HO,VM_012,19
647,1378797900,Standard_HO,VM_013,11
647,1378797900,Standard_HO,VM_023,19
647,1378797900,Standard_HO,VM_025,19
647,1378797900,WA-AHO,VM_001,17
647,1378797900,WA-AHO,VM_003,17
647,1378797900,WA-AHO,VM_011,13
647,1378797900,WA-AHO,VM_012,17
647,1378797900,WA-AHO,VM_013,13
647,1378797900,WA-AHO,VM_023,17
647,1378797900,WA-AHO,VM_025,17
647,1378797900,PABFD,VM_012,10
647,1378797900,PABFD,VM_011,11
647,1378797900,PABFD,VM_025,12
647,1378797900,PABFD,VM_003,13
647,1378797900,PABFD,VM_023,13
647,1378797900,PABFD,VM_001,11
647,1378797900,PABFD,VM_013,12
648,1378798200,Standard_HO,VM_001,18
648,1378798200,Standard_HO,VM_003,18
648,1378798200,Standard_HO,VM_011,14
648,1378798200,Standard_HO,VM_012,18
648,1378798200,Standard_HO,VM_013,14
648,1378798200,Standard_HO,VM_023,18
648,1378798200,Standard_HO,VM_025,18
648,1378798200,WA-AHO,VM_001,19
648,1378798200,WA-AHO,VM_003,19
648,1378798200,WA-AHO,VM_011,14
648,1378798200,WA-AHO,VM_012,19
648,1378798200,WA-AHO,VM_013,14
648,1378798200,WA-AHO,VM_023,19
648,1378798200,WA-AHO,VM_025,19
648,1378798200,PABFD,VM_012,10
648,1378798200,PABFD,VM_011,11
648,1378798200,PABFD,VM_025,12
648,1378798200,PABFD,VM_003,13
648,1378798200,PABFD,VM_023,13
648,1378798200,PABFD,VM_001,11
648,1378798200,PABFD,VM_013,12
649,1378798500,Standard_HO,VM_001,16
649,1378798500,Standard_HO,VM_003,16
649,1378798500,Standard_HO,VM_011,15
649,1378798500,Standard_HO,VM_012,16
649,1378798500,Standard_HO,VM_013,15
649,1378798500,Standard_HO,VM_023,16
649,1378798500,Standard_HO,VM_025,16
649,1378798500,WA-AHO,VM_001,17
649,1378798500,WA-AHO,VM_003,17
649,1378798500,WA-AHO,VM_011,10
649,1378798500,WA-AHO,VM_012,17
649,1378798500,WA-AHO,VM_013,10
649,1378798500,WA-AHO,VM_023,17
649,1378798500,WA-AHO,VM_025,17
649,1378798500,PABFD,VM_012,10
649,1378798500,PABFD,VM_011,11
649,1378798500,PABFD,VM_025,12
649,1378798500,PABFD,VM_003,13
649,1378798500,PABFD,VM_023,13
649,1378798500,PABFD,VM_001,11
649,1378798500,PABFD,VM_013,12
650,1378798800,Standard_HO,VM_001,16
650,1378798800,Standard_HO,VM_003,16
650,1378798800,Standard_HO,VM_011,12
650,1378798800,Standard_HO,VM_012,16
650,1378798800,Standard_HO,VM_013,12
650,1378798800,Standard_HO,VM_023,16
650,1378798800,Standard_HO,VM_025,16
650,1378798800,WA-AHO,VM_001,17
650,1378798800,WA-AHO,VM_003,17
650,1378798800,WA-AHO,VM_011,13
650,1378798800,WA-AHO,VM_012,17
650,1378798800,WA-AHO,VM_013,13
650,1378798800,WA-AHO,VM_023,17
650,1378798800,WA-AHO,VM_025,17
650,1378798800,PABFD,VM_012,10
650,1378798800,PABFD,VM_011,11
650,1378798800,PABFD,VM_025,12
650,1378798800,PABFD,VM_003,13
650,1378798800,PABFD,VM_023,13
650,1378798800,PABFD,VM_001,11
650,1378798800,PABFD,VM_013,12
651,1378799100,Standard_HO,VM_001,19
651,1378799100,Standard_HO,VM_003,19
651,1378799100,Standard_HO,VM_011,11
651,1378799100,Standard_HO,VM_012,19
651,1378799100,Standard_HO,VM_013,11
651,1378799100,Standard_HO,VM_023,19
651,1378799100,Standard_HO,VM_025,19
651,1378799100,WA-AHO,VM_001,16
651,1378799100,WA-AHO,VM_003,16
651,1378799100,WA-AHO,VM_011,15
651,1378799100,WA-AHO,VM_012,16
651,1378799100,WA-AHO,VM_013,15
651,1378799100,WA-AHO,VM_023,16
651,1378799100,WA-AHO,VM_025,16
651,1378799100,PABFD,VM_012,10
651,1378799100,PABFD,VM_011,11
651,1378799100,PABFD,VM_025,12
651,1378799100,PABFD,VM_003,13
651,1378799100,PABFD,VM_023,13
651,1378799100,PABFD,VM_001,11
651,1378799100,PABFD,VM_013,12
652,1378799400,Standard_HO,VM_001,19
652,1378799400,Standard_HO,VM_003,19
652,1378799400,Standard_HO,VM_011,15
652,1378799400,Standard_HO,VM_012,19
652,1378799400,Standard_HO,VM_013,15
652,1378799400,Standard_HO,VM_023,19
652,1378799400,Standard_HO,VM_025,19
652,1378799400,WA-AHO,VM_001,18
652,1378799400,WA-AHO,VM_003,18
652,1378799400,WA-AHO,VM_011,11
652,1378799400,WA-AHO,VM_012,18
652,1378799400,WA-AHO,VM_013,11
652,1378799400,WA-AHO,VM_023,18
652,1378799400,WA-AHO,VM_025,18
652,1378799400,PABFD,VM_012,10
652,1378799400,PABFD,VM_011,11
652,1378799400,PABFD,VM_025,12
652,1378799400,PABFD,VM_003,13
652,1378799400,PABFD,VM_023,13
652,1378799400,PABFD,VM_001,11
652,1378799400,PABFD,VM_013,12
653,1378799700,Standard_HO,VM_001,18
653,1378799700,Standard_HO,VM_003,18
653,1378799700,Standard_HO,VM_011,13
653,1378799700,Standard_HO,VM_012,18
653,1378799700,Standard_HO,VM_013,13
653,1378799700,Standard_HO,VM_023,18
653,1378799700,Standard_HO,VM_025,18
653,1378799700,WA-AHO,VM_001,17
653,1378799700,WA-AHO,VM_003,17
653,1378799700,WA-AHO,VM_011,12
653,1378799700,WA-AHO,VM_012,17
653,1378799700,WA-AHO,VM_013,12
653,1378799700,WA-AHO,VM_023,17
653,1378799700,WA-AHO,VM_025,17
653,1378799700,PABFD,VM_012,10
653,1378799700,PABFD,VM_011,11
653,1378799700,PABFD,VM_025,12
653,1378799700,PABFD,VM_003,13
653,1378799700,PABFD,VM_023,13
653,1378799700,PABFD,VM_001,11
653,1378799700,PABFD,VM_013,12
654,1378800000,Standard_HO,VM_001,18
654,1378800000,Standard_HO,VM_003,18
654,1378800000,Standard_HO,VM_011,15
654,1378800000,Standard_HO,VM_012,18
654,1378800000,Standard_HO,VM_013,15
654,1378800000,Standard_HO,VM_023,18
654,1378800000,Standard_HO,VM_025,18
654,1378800000,WA-AHO,VM_001,18
654,1378800000,WA-AHO,VM_003,18
654,1378800000,WA-AHO,VM_011,13
654,1378800000,WA-AHO,VM_012,18
654,1378800000,WA-AHO,VM_013,13
654,1378800000,WA-AHO,VM_023,18
654,1378800000,WA-AHO,VM_025,18
654,1378800000,PABFD,VM_012,10
654,1378800000,PABFD,VM_011,11
654,1378800000,PABFD,VM_025,12
654,1378800000,PABFD,VM_003,13
654,1378800000,PABFD,VM_023,13
654,1378800000,PABFD,VM_001,11
654,1378800000,PABFD,VM_013,12
655,1378800300,Standard_HO,VM_001,18
655,1378800300,Standard_HO,VM_003,18
655,1378800300,Standard_HO,VM_011,15
655,1378800300,Standard_HO,VM_012,18
655,1378800300,Standard_HO,VM_013,15
655,1378800300,Standard_HO,VM_023,18
655,1378800300,Standard_HO,VM_025,18
655,1378800300,WA-AHO,VM_001,18
655,1378800300,WA-AHO,VM_003,18
655,1378800300,WA-AHO,VM_011,11
655,1378800300,WA-AHO,VM_012,18
655,1378800300,WA-AHO,VM_013,11
655,1378800300,WA-AHO,VM_023,18
655,1378800300,WA-AHO,VM_025,18
655,1378800300,PABFD,VM_012,10
655,1378800300,PABFD,VM_011,11
655,1378800300,PABFD,VM_025,12
655,1378800300,PABFD,VM_003,13
655,1378800300,PABFD,VM_023,13
655,1378800300,PABFD,VM_001,11
655,1378800300,PABFD,VM_013,12
656,1378800600,Standard_HO,VM_001,19
656,1378800600,Standard_HO,VM_003,19
656,1378800600,Standard_HO,VM_011,12
656,1378800600,Standard_HO,VM_012,19
656,1378800600,Standard_HO,VM_013,12
656,1378800600,Standard_HO,VM_023,19
656,1378800600,Standard_HO,VM_025,19
656,1378800600,WA-AHO,VM_001,19
656,1378800600,WA-AHO,VM_003,19
656,1378800600,WA-AHO,VM_011,15
656,1378800600,WA-AHO,VM_012,19
656,1378800600,WA-AHO,VM_013,15
656,1378800600,WA-AHO,VM_023,19
656,1378800600,WA-AHO,VM_025,19
656,1378800600,PABFD,VM_012,10
656,1378800600,PABFD,VM_011,11
656,1378800600,PABFD,VM_025,12
656,1378800600,PABFD,VM_003,13
656,1378800600,PABFD,VM_023,13
656,1378800600,PABFD,VM_001,11
656,1378800600,PABFD,VM_013,12
657,1378800900,Standard_HO,VM_001,19
657,1378800900,Standard_HO,VM_003,19
657,1378800900,Standard_HO,VM_011,14
657,1378800900,Standard_HO,VM_012,19
657,1378800900,Standard_HO,VM_013,14
657,1378800900,Standard_HO,VM_023,19
657,1378800900,Standard_HO,VM_025,19
657,1378800900,WA-AHO,VM_001,17
657,1378800900,WA-AHO,VM_003,17
657,1378800900,WA-AHO,VM_011,15
657,1378800900,WA-AHO,VM_012,17
657,1378800900,WA-AHO,VM_013,15
657,1378800900,WA-AHO,VM_023,17
657,1378800900,WA-AHO,VM_025,17
657,1378800900,PABFD,VM_012,10
657,1378800900,PABFD,VM_011,11
657,1378800900,PABFD,VM_025,12
657,1378800900,PABFD,VM_003,13
657,1378800900,PABFD,VM_023,13
657,1378800900,PABFD,VM_001,11
657,1378800900,PABFD,VM_013,12
658,1378801200,Standard_HO,VM_001,16
658,1378801200,Standard_HO,VM_003,10
658,1378801200,Standard_HO,VM_011,16
658,1378801200,Standard_HO,VM_012,16
658,1378801200,Standard_HO,VM_013,16
658,1378801200,Standard_HO,VM_023,10
658,1378801200,Standard_HO,VM_025,16
658,1378801200,WA-AHO,VM_001,19
658,1378801200,WA-AHO,VM_003,15
658,1378801200,WA-AHO,VM_011,19
658,1378801200,WA-AHO,VM_012,19
658,1378801200,WA-AHO,VM_013,19
658,1378801200,WA-AHO,VM_023,15
658,1378801200,WA-AHO,VM_025,19
658,1378801200,PABFD,VM_012,10
658,1378801200,PABFD,VM_011,11
658,1378801200,PABFD,VM_025,12
658,1378801200,PABFD,VM_003,13
658,1378801200,PABFD,VM_023,13
658,1378801200,PABFD,VM_001,11
658,1378801200,PABFD,VM_013,12
659,1378801500,Standard_HO,VM_001,19
659,1378801500,Standard_HO,VM_003,19
659,1378801500,Standard_HO,VM_011,13
659,1378801500,Standard_HO,VM_012,19
659,1378801500,Standard_HO,VM_013,13
659,1378801500,Standard_HO,VM_023,19
659,1378801500,Standard_HO,VM_025,19
659,1378801500,WA-AHO,VM_001,19
659,1378801500,WA-AHO,VM_003,19
659,1378801500,WA-AHO,VM_011,13
659,1378801500,WA-AHO,VM_012,19
659,1378801500,WA-AHO,VM_013,13
659,1378801500,WA-AHO,VM_023,19
659,1378801500,WA-AHO,VM_025,19
659,1378801500,PABFD,VM_012,10
659,1378801500,PABFD,VM_011,11
659,1378801500,PABFD,VM_025,12
659,1378801500,PABFD,VM_003,13
659,1378801500,PABFD,VM_023,13
659,1378801500,PABFD,VM_001,11
659,1378801500,PABFD,VM_013,12
660,1378801800,Standard_HO,VM_001,19
660,1378801800,Standard_HO,VM_003,19
660,1378801800,Standard_HO,VM_011,15
660,1378801800,Standard_HO,VM_012,19
660,1378801800,Standard_HO,VM_013,15
660,1378801800,Standard_HO,VM_023,19
660,1378801800,Standard_HO,VM_025,19
660,1378801800,WA-AHO,VM_001,19
660,1378801800,WA-AHO,VM_003,19
660,1378801800,WA-AHO,VM_011,15
660,1378801800,WA-AHO,VM_012,19
660,1378801800,WA-AHO,VM_013,15
660,1378801800,WA-AHO,VM_023,19
660,1378801800,WA-AHO,VM_025,19
660,1378801800,PABFD,VM_012,10
660,1378801800,PABFD,VM_011,11
660,1378801800,PABFD,VM_025,12
660,1378801800,PABFD,VM_003,13
660,1378801800,PABFD,VM_023,13
660,1378801800,PABFD,VM_001,11
660,1378801800,PABFD,VM_013,12
661,1378802100,Standard_HO,VM_001,18
661,1378802100,Standard_HO,VM_003,18
661,1378802100,Standard_HO,VM_011,12
661,1378802100,Standard_HO,VM_012,18
661,1378802100,Standard_HO,VM_013,12
661,1378802100,Standard_HO,VM_023,18
661,1378802100,Standard_HO,VM_025,18
661,1378802100,WA-AHO,VM_001,18
661,1378802100,WA-AHO,VM_003,18
661,1378802100,WA-AHO,VM_011,12
661,1378802100,WA-AHO,VM_012,18
661,1378802100,WA-AHO,VM_013,12
661,1378802100,WA-AHO,VM_023,18
661,1378802100,WA-AHO,VM_025,18
661,1378802100,PABFD,VM_012,10
661,1378802100,PABFD,VM_011,11
661,1378802100,PABFD,VM_025,12
661,1378802100,PABFD,VM_003,13
661,1378802100,PABFD,VM_023,13
661,1378802100,PABFD,VM_001,11
661,1378802100,PABFD,VM_013,12
662,1378802400,Standard_HO,VM_001,19
662,1378802400,Standard_HO,VM_003,19
662,1378802400,Standard_HO,VM_011,15
662,1378802400,Standard_HO,VM_012,19
662,1378802400,Standard_HO,VM_013,15
662,1378802400,Standard_HO,VM_023,19
662,1378802400,Standard_HO,VM_025,19
662,1378802400,WA-AHO,VM_001,16
662,1378802400,WA-AHO,VM_003,16
662,1378802400,WA-AHO,VM_011,15
662,1378802400,WA-AHO,VM_012,16
662,1378802400,WA-AHO,VM_013,15
662,1378802400,WA-AHO,VM_023,16
662,1378802400,WA-AHO,VM_025,16
662,1378802400,PABFD,VM_012,10
662,1378802400,PABFD,VM_011,11
662,1378802400,PABFD,VM_025,12
662,1378802400,PABFD,VM_003,13
662,1378802400,PABFD,VM_023,13
662,1378802400,PABFD,VM_001,11
662,1378802400,PABFD,VM_013,12
663,1378802700,Standard_HO,VM_001,16
663,1378802700,Standard_HO,VM_003,16
663,1378802700,Standard_HO,VM_011,16
663,1378802700,Standard_HO,VM_012,14
663,1378802700,Standard_HO,VM_013,16
663,1378802700,Standard_HO,VM_023,16
663,1378802700,Standard_HO,VM_025,16
663,1378802700,WA-AHO,VM_001,19
663,1378802700,WA-AHO,VM_003,19
663,1378802700,WA-AHO,VM_011,19
663,1378802700,WA-AHO,VM_012,11
663,1378802700,WA-AHO,VM_013,19
663,1378802700,WA-AHO,VM_023,19
663,1378802700,WA-AHO,VM_025,19
663,1378802700,PABFD,VM_012,10
663,1378802700,PABFD,VM_011,11
663,1378802700,PABFD,VM_025,12
663,1378802700,PABFD,VM_003,13
663,1378802700,PABFD,VM_023,13
663,1378802700,PABFD,VM_001,11
663,1378802700,PABFD,VM_013,12
664,1378803000,Standard_HO,VM_001,16
664,1378803000,Standard_HO,VM_003,16
664,1378803000,Standard_HO,VM_011,12
664,1378803000,Standard_HO,VM_012,16
664,1378803000,Standard_HO,VM_013,12
664,1378803000,Standard_HO,VM_023,16
664,1378803000,Standard_HO,VM_025,16
664,1378803000,WA-AHO,VM_001,17
664,1378803000,WA-AHO,VM_003,17
664,1378803000,WA-AHO,VM_011,13
664,1378803000,WA-AHO,VM_012,17
664,1378803000,WA-AHO,VM_013,13
664,1378803000,WA-AHO,VM_023,17
664,1378803000,WA-AHO,VM_025,17
664,1378803000,PABFD,VM_012,10
664,1378803000,PABFD,VM_011,11
664,1378803000,PABFD,VM_025,12
664,1378803000,PABFD,VM_003,13
664,1378803000,PABFD,VM_023,13
664,1378803000,PABFD,VM_001,11
664,1378803000,PABFD,VM_013,12
665,1378803300,Standard_HO,VM_001,18
665,1378803300,Standard_HO,VM_003,18
665,1378803300,Standard_HO,VM_011,11
665,1378803300,Standard_HO,VM_012,18
665,1378803300,Standard_HO,VM_013,11
665,1378803300,Standard_HO,VM_023,18
665,1378803300,Standard_HO,VM_025,18
665,1378803300,WA-AHO,VM_001,17
665,1378803300,WA-AHO,VM_003,17
665,1378803300,WA-AHO,VM_011,12
665,1378803300,WA-AHO,VM_012,17
665,1378803300,WA-AHO,VM_013,12
665,1378803300,WA-AHO,VM_023,17
665,1378803300,WA-AHO,VM_025,17
665,1378803300,PABFD,VM_012,10
665,1378803300,PABFD,VM_011,11
665,1378803300,PABFD,VM_025,12
665,1378803300,PABFD,VM_003,13
665,1378803300,PABFD,VM_023,13
665,1378803300,PABFD,VM_001,11
665,1378803300,PABFD,VM_013,12
666,1378803600,Standard_HO,VM_001,18
666,1378803600,Standard_HO,VM_003,18
666,1378803600,Standard_HO,VM_011,10
666,1378803600,Standard_HO,VM_012,18
666,1378803600,Standard_HO,VM_013,10
666,1378803600,Standard_HO,VM_023,18
666,1378803600,Standard_HO,VM_025,18
666,1378803600,WA-AHO,VM_001,18
666,1378803600,WA-AHO,VM_003,18
666,1378803600,WA-AHO,VM_011,10
666,1378803600,WA-AHO,VM_012,18
666,1378803600,WA-AHO,VM_013,10
666,1378803600,WA-AHO,VM_023,18
666,1378803600,WA-AHO,VM_025,18
666,1378803600,PABFD,VM_012,10
666,1378803600,PABFD,VM_011,11
666,1378803600,PABFD,VM_025,12
666,1378803600,PABFD,VM_003,13
666,1378803600,PABFD,VM_023,13
666,1378803600,PABFD,VM_001,11
666,1378803600,PABFD,VM_013,12
667,1378803900,Standard_HO,VM_001,19
667,1378803900,Standard_HO,VM_003,19
667,1378803900,Standard_HO,VM_011,14
667,1378803900,Standard_HO,VM_012,19
667,1378803900,Standard_HO,VM_013,14
667,1378803900,Standard_HO,VM_023,19
667,1378803900,Standard_HO,VM_025,19
667,1378803900,WA-AHO,VM_001,16
667,1378803900,WA-AHO,VM_003,16
667,1378803900,WA-AHO,VM_011,10
667,1378803900,WA-AHO,VM_012,16
667,1378803900,WA-AHO,VM_013,10
667,1378803900,WA-AHO,VM_023,16
667,1378803900,WA-AHO,VM_025,16
667,1378803900,PABFD,VM_012,10
667,1378803900,PABFD,VM_011,11
667,1378803900,PABFD,VM_025,12
667,1378803900,PABFD,VM_003,13
667,1378803900,PABFD,VM_023,13
667,1378803900,PABFD,VM_001,11
667,1378803900,PABFD,VM_013,12
668,1378804200,Standard_HO,VM_001,17
668,1378804200,Standard_HO,VM_003,17
668,1378804200,Standard_HO,VM_011,15
668,1378804200,Standard_HO,VM_012,17
668,1378804200,Standard_HO,VM_013,15
668,1378804200,Standard_HO,VM_023,17
668,1378804200,Standard_HO,VM_025,17
668,1378804200,WA-AHO,VM_001,17
668,1378804200,WA-AHO,VM_003,17
668,1378804200,WA-AHO,VM_011,15
668,1378804200,WA-AHO,VM_012,17
668,1378804200,WA-AHO,VM_013,15
668,1378804200,WA-AHO,VM_023,17
668,1378804200,WA-AHO,VM_025,17
668,1378804200,PABFD,VM_012,10
668,1378804200,PABFD,VM_011,11
668,1378804200,PABFD,VM_025,12
668,1378804200,PABFD,VM_003,13
668,1378804200,PABFD,VM_023,13
668,1378804200,PABFD,VM_001,11
668,1378804200,PABFD,VM_013,12
669,1378804500,Standard_HO,VM_001,19
669,1378804500,Standard_HO,VM_003,19
669,1378804500,Standard_HO,VM_011,10
669,1378804500,Standard_HO,VM_012,19
669,1378804500,Standard_HO,VM_013,10
669,1378804500,Standard_HO,VM_023,19
669,1378804500,Standard_HO,VM_025,19
669,1378804500,WA-AHO,VM_001,19
669,1378804500,WA-AHO,VM_003,19
669,1378804500,WA-AHO,VM_011,10
669,1378804500,WA-AHO,VM_012,19
669,1378804500,WA-AHO,VM_013,10
669,1378804500,WA-AHO,VM_023,19
669,1378804500,WA-AHO,VM_025,19
669,1378804500,PABFD,VM_012,10
669,1378804500,PABFD,VM_011,11
669,1378804500,PABFD,VM_025,12
669,1378804500,PABFD,VM_003,13
669,1378804500,PABFD,VM_023,13
669,1378804500,PABFD,VM_001,11
669,1378804500,PABFD,VM_013,12
670,1378804800,Standard_HO,VM_001,19
670,1378804800,Standard_HO,VM_003,19
670,1378804800,Standard_HO,VM_011,12
670,1378804800,Standard_HO,VM_012,19
670,1378804800,Standard_HO,VM_013,12
670,1378804800,Standard_HO,VM_023,19
670,1378804800,Standard_HO,VM_025,19
670,1378804800,WA-AHO,VM_001,17
670,1378804800,WA-AHO,VM_003,17
670,1378804800,WA-AHO,VM_011,10
670,1378804800,WA-AHO,VM_012,17
670,1378804800,WA-AHO,VM_013,10
670,1378804800,WA-AHO,VM_023,17
670,1378804800,WA-AHO,VM_025,17
670,1378804800,PABFD,VM_012,10
670,1378804800,PABFD,VM_011,11
670,1378804800,PABFD,VM_025,12
670,1378804800,PABFD,VM_003,13
670,1378804800,PABFD,VM_023,13
670,1378804800,PABFD,VM_001,11
670,1378804800,PABFD,VM_013,12
671,1378805100,Standard_HO,VM_001,18
671,1378805100,Standard_HO,VM_003,18
671,1378805100,Standard_HO,VM_011,11
671,1378805100,Standard_HO,VM_012,18
671,1378805100,Standard_HO,VM_013,11
671,1378805100,Standard_HO,VM_023,18
671,1378805100,Standard_HO,VM_025,18
671,1378805100,WA-AHO,VM_001,18
671,1378805100,WA-AHO,VM_003,18
671,1378805100,WA-AHO,VM_011,10
671,1378805100,WA-AHO,VM_012,18
671,1378805100,WA-AHO,VM_013,10
671,1378805100,WA-AHO,VM_023,18
671,1378805100,WA-AHO,VM_025,18
671,1378805100,PABFD,VM_012,10
671,1378805100,PABFD,VM_011,11
671,1378805100,PABFD,VM_025,12
671,1378805100,PABFD,VM_003,13
671,1378805100,PABFD,VM_023,13
671,1378805100,PABFD,VM_001,11
671,1378805100,PABFD,VM_013,12
672,1378805400,Standard_HO,VM_001,19
672,1378805400,Standard_HO,VM_003,19
672,1378805400,Standard_HO,VM_011,10
672,1378805400,Standard_HO,VM_012,19
672,1378805400,Standard_HO,VM_013,10
672,1378805400,Standard_HO,VM_023,19
672,1378805400,Standard_HO,VM_025,19
672,1378805400,WA-AHO,VM_001,16
672,1378805400,WA-AHO,VM_003,16
672,1378805400,WA-AHO,VM_011,11
672,1378805400,WA-AHO,VM_012,16
672,1378805400,WA-AHO,VM_013,11
672,1378805400,WA-AHO,VM_023,16
672,1378805400,WA-AHO,VM_025,16
672,1378805400,PABFD,VM_012,10
672,1378805400,PABFD,VM_011,11
672,1378805400,PABFD,VM_025,12
672,1378805400,PABFD,VM_003,13
672,1378805400,PABFD,VM_023,13
672,1378805400,PABFD,VM_001,11
672,1378805400,PABFD,VM_013,12
673,1378805700,Standard_HO,VM_001,17
673,1378805700,Standard_HO,VM_003,17
673,1378805700,Standard_HO,VM_011,14
673,1378805700,Standard_HO,VM_012,17
673,1378805700,Standard_HO,VM_013,14
673,1378805700,Standard_HO,VM_023,17
673,1378805700,Standard_HO,VM_025,17
673,1378805700,WA-AHO,VM_001,17
673,1378805700,WA-AHO,VM_003,17
673,1378805700,WA-AHO,VM_011,14
673,1378805700,WA-AHO,VM_012,17
673,1378805700,WA-AHO,VM_013,14
673,1378805700,WA-AHO,VM_023,17
673,1378805700,WA-AHO,VM_025,17
673,1378805700,PABFD,VM_012,10
673,1378805700,PABFD,VM_011,11
673,1378805700,PABFD,VM_025,12
673,1378805700,PABFD,VM_003,13
673,1378805700,PABFD,VM_023,13
673,1378805700,PABFD,VM_001,11
673,1378805700,PABFD,VM_013,12
674,1378806000,Standard_HO,VM_001,19
674,1378806000,Standard_HO,VM_003,15
674,1378806000,Standard_HO,VM_011,19
674,1378806000,Standard_HO,VM_012,19
674,1378806000,Standard_HO,VM_013,19
674,1378806000,Standard_HO,VM_023,15
674,1378806000,Standard_HO,VM_025,19
674,1378806000,WA-AHO,VM_001,19
674,1378806000,WA-AHO,VM_003,15
674,1378806000,WA-AHO,VM_011,19
674,1378806000,WA-AHO,VM_012,19
674,1378806000,WA-AHO,VM_013,19
674,1378806000,WA-AHO,VM_023,15
674,1378806000,WA-AHO,VM_025,19
674,1378806000,PABFD,VM_012,10
674,1378806000,PABFD,VM_011,11
674,1378806000,PABFD,VM_025,12
674,1378806000,PABFD,VM_003,13
674,1378806000,PABFD,VM_023,13
674,1378806000,PABFD,VM_001,11
674,1378806000,PABFD,VM_013,12
675,1378806300,Standard_HO,VM_001,18
675,1378806300,Standard_HO,VM_003,18
675,1378806300,Standard_HO,VM_011,18
675,1378806300,Standard_HO,VM_012,11
675,1378806300,Standard_HO,VM_013,18
675,1378806300,Standard_HO,VM_023,18
675,1378806300,Standard_HO,VM_025,18
675,1378806300,WA-AHO,VM_001,17
675,1378806300,WA-AHO,VM_003,17
675,1378806300,WA-AHO,VM_011,17
675,1378806300,WA-AHO,VM_012,15
675,1378806300,WA-AHO,VM_013,17
675,1378806300,WA-AHO,VM_023,17
675,1378806300,WA-AHO,VM_025,17
675,1378806300,PABFD,VM_012,10
675,1378806300,PABFD,VM_011,11
675,1378806300,PABFD,VM_025,12
675,1378806300,PABFD,VM_003,13
675,1378806300,PABFD,VM_023,13
675,1378806300,PABFD,VM_001,11
675,1378806300,PABFD,VM_013,12
676,1378806600,Standard_HO,VM_001,16
676,1378806600,Standard_HO,VM_003,16
676,1378806600,Standard_HO,VM_011,10
676,1378806600,Standard_HO,VM_012,16
676,1378806600,Standard_HO,VM_013,10
676,1378806600,Standard_HO,VM_023,16
676,1378806600,Standard_HO,VM_025,16
676,1378806600,WA-AHO,VM_001,16
676,1378806600,WA-AHO,VM_003,16
676,1378806600,WA-AHO,VM_011,10
676,1378806600,WA-AHO,VM_012,16
676,1378806600,WA-AHO,VM_013,10
676,1378806600,WA-AHO,VM_023,16
676,1378806600,WA-AHO,VM_025,16
676,1378806600,PABFD,VM_012,10
676,1378806600,PABFD,VM_011,11
676,1378806600,PABFD,VM_025,12
676,1378806600,PABFD,VM_003,13
676,1378806600,PABFD,VM_023,13
676,1378806600,PABFD,VM_001,11
676,1378806600,PABFD,VM_013,12
677,1378806900,Standard_HO,VM_001,18
677,1378806900,Standard_HO,VM_003,18
677,1378806900,Standard_HO,VM_011,10
677,1378806900,Standard_HO,VM_012,18
677,1378806900,Standard_HO,VM_013,10
677,1378806900,Standard_HO,VM_023,18
677,1378806900,Standard_HO,VM_025,18
677,1378806900,WA-AHO,VM_001,18
677,1378806900,WA-AHO,VM_003,18
677,1378806900,WA-AHO,VM_011,13
677,1378806900,WA-AHO,VM_012,18
677,1378806900,WA-AHO,VM_013,13
677,1378806900,WA-AHO,VM_023,18
677,1378806900,WA-AHO,VM_025,18
677,1378806900,PABFD,VM_012,10
677,1378806900,PABFD,VM_011,11
677,1378806900,PABFD,VM_025,12
677,1378806900,PABFD,VM_003,13
677,1378806900,PABFD,VM_023,13
677,1378806900,PABFD,VM_001,11
677,1378806900,PABFD,VM_013,12
678,1378807200,Standard_HO,VM_001,17
678,1378807200,Standard_HO,VM_003,11
678,1378807200,Standard_HO,VM_011,17
678,1378807200,Standard_HO,VM_012,17
678,1378807200,Standard_HO,VM_013,17
678,1378807200,Standard_HO,VM_023,11
678,1378807200,Standard_HO,VM_025,17
678,1378807200,WA-AHO,VM_001,18
678,1378807200,WA-AHO,VM_003,13
678,1378807200,WA-AHO,VM_011,18
678,1378807200,WA-AHO,VM_012,18
678,1378807200,WA-AHO,VM_013,18
678,1378807200,WA-AHO,VM_023,13
678,1378807200,WA-AHO,VM_025,18
678,1378807200,PABFD,VM_012,10
678,1378807200,PABFD,VM_011,11
678,1378807200,PABFD,VM_025,12
678,1378807200,PABFD,VM_003,13
678,1378807200,PABFD,VM_023,13
678,1378807200,PABFD,VM_001,11
678,1378807200,PABFD,VM_013,12
679,1378807500,Standard_HO,VM_001,19
679,1378807500,Standard_HO,VM_003,19
679,1378807500,Standard_HO,VM_011,11
679,1378807500,Standard_HO,VM_012,19
679,1378807500,Standard_HO,VM_013,11
679,1378807500,Standard_HO,VM_023,19
679,1378807500,Standard_HO,VM_025,19
679,1378807500,WA-AHO,VM_001,19
679,1378807500,WA-AHO,VM_003,19
679,1378807500,WA-AHO,VM_011,11
679,1378807500,WA-AHO,VM_012,19
679,1378807500,WA-AHO,VM_013,11
679,1378807500,WA-AHO,VM_023,19
679,1378807500,WA-AHO,VM_025,19
679,1378807500,PABFD,VM_012,10
679,1378807500,PABFD,VM_011,11
679,1378807500,PABFD,VM_025,12
679,1378807500,PABFD,VM_003,13
679,1378807500,PABFD,VM_023,13
679,1378807500,PABFD,VM_001,11
679,1378807500,PABFD,VM_013,12
680,1378807800,Standard_HO,VM_001,18
680,1378807800,Standard_HO,VM_003,18
680,1378807800,Standard_HO,VM_011,18
680,1378807800,Standard_HO,VM_012,12
680,1378807800,Standard_HO,VM_013,18
680,1378807800,Standard_HO,VM_023,18
680,1378807800,Standard_HO,VM_025,18
680,1378807800,WA-AHO,VM_001,18
680,1378807800,WA-AHO,VM_003,18
680,1378807800,WA-AHO,VM_011,18
680,1378807800,WA-AHO,VM_012,12
680,1378807800,WA-AHO,VM_013,18
680,1378807800,WA-AHO,VM_023,18
680,1378807800,WA-AHO,VM_025,18
680,1378807800,PABFD,VM_012,10
680,1378807800,PABFD,VM_011,11
680,1378807800,PABFD,VM_025,12
680,1378807800,PABFD,VM_003,13
680,1378807800,PABFD,VM_023,13
680,1378807800,PABFD,VM_001,11
680,1378807800,PABFD,VM_013,12
681,1378808100,Standard_HO,VM_001,18
681,1378808100,Standard_HO,VM_003,18
681,1378808100,Standard_HO,VM_011,18
681,1378808100,Standard_HO,VM_012,13
681,1378808100,Standard_HO,VM_013,18
681,1378808100,Standard_HO,VM_023,18
681,1378808100,Standard_HO,VM_025,18
681,1378808100,WA-AHO,VM_001,18
681,1378808100,WA-AHO,VM_003,18
681,1378808100,WA-AHO,VM_011,18
681,1378808100,WA-AHO,VM_012,15
681,1378808100,WA-AHO,VM_013,18
681,1378808100,WA-AHO,VM_023,18
681,1378808100,WA-AHO,VM_025,18
681,1378808100,PABFD,VM_012,10
681,1378808100,PABFD,VM_011,11
681,1378808100,PABFD,VM_025,12
681,1378808100,PABFD,VM_003,13
681,1378808100,PABFD,VM_023,13
681,1378808100,PABFD,VM_001,11
681,1378808100,PABFD,VM_013,12
682,1378808400,Standard_HO,VM_001,19
682,1378808400,Standard_HO,VM_003,12
682,1378808400,Standard_HO,VM_011,19
682,1378808400,Standard_HO,VM_012,19
682,1378808400,Standard_HO,VM_013,19
682,1378808400,Standard_HO,VM_023,12
682,1378808400,Standard_HO,VM_025,19
682,1378808400,WA-AHO,VM_001,16
682,1378808400,WA-AHO,VM_003,15
682,1378808400,WA-AHO,VM_011,16
682,1378808400,WA-AHO,VM_012,16
682,1378808400,WA-AHO,VM_013,16
682,1378808400,WA-AHO,VM_023,15
682,1378808400,WA-AHO,VM_025,16
682,1378808400,PABFD,VM_012,10
682,1378808400,PABFD,VM_011,11
682,1378808400,PABFD,VM_025,12
682,1378808400,PABFD,VM_003,13
682,1378808400,PABFD,VM_023,13
682,1378808400,PABFD,VM_001,11
682,1378808400,PABFD,VM_013,12
683,1378808700,Standard_HO,VM_001,18
683,1378808700,Standard_HO,VM_003,18
683,1378808700,Standard_HO,VM_011,14
683,1378808700,Standard_HO,VM_012,18
683,1378808700,Standard_HO,VM_013,14
683,1378808700,Standard_HO,VM_023,18
683,1378808700,Standard_HO,VM_025,18
683,1378808700,WA-AHO,VM_001,19
683,1378808700,WA-AHO,VM_003,19
683,1378808700,WA-AHO,VM_011,15
683,1378808700,WA-AHO,VM_012,19
683,1378808700,WA-AHO,VM_013,15
683,1378808700,WA-AHO,VM_023,19
683,1378808700,WA-AHO,VM_025,19
683,1378808700,PABFD,VM_012,10
683,1378808700,PABFD,VM_011,11
683,1378808700,PABFD,VM_025,12
683,1378808700,PABFD,VM_003,13
683,1378808700,PABFD,VM_023,13
683,1378808700,PABFD,VM_001,11
683,1378808700,PABFD,VM_013,12
684,1378809000,Standard_HO,VM_001,16
684,1378809000,Standard_HO,VM_003,15
684,1378809000,Standard_HO,VM_011,16
684,1378809000,Standard_HO,VM_012,16
684,1378809000,Standard_HO,VM_013,16
684,1378809000,Standard_HO,VM_023,15
684,1378809000,Standard_HO,VM_025,16
684,1378809000,WA-AHO,VM_001,16
684,1378809000,WA-AHO,VM_003,15
684,1378809000,WA-AHO,VM_011,16
684,1378809000,WA-AHO,VM_012,16
684,1378809000,WA-AHO,VM_013,16
684,1378809000,WA-AHO,VM_023,15
684,1378809000,WA-AHO,VM_025,16
684,1378809000,PABFD,VM_012,10
684,1378809000,PABFD,VM_011,11
684,1378809000,PABFD,VM_025,12
684,1378809000,PABFD,VM_003,13
684,1378809000,PABFD,VM_023,13
684,1378809000,PABFD,VM_001,11
684,1378809000,PABFD,VM_013,12
685,1378809300,Standard_HO,VM_001,19
685,1378809300,Standard_HO,VM_003,19
685,1378809300,Standard_HO,VM_011,19
685,1378809300,Standard_HO,VM_012,19
685,1378809300,Standard_HO,VM_013,13
685,1378809300,Standard_HO,VM_023,19
685,1378809300,Standard_HO,VM_025,13
685,1378809300,WA-AHO,VM_001,19
685,1378809300,WA-AHO,VM_003,19
685,1378809300,WA-AHO,VM_011,19
685,1378809300,WA-AHO,VM_012,19
685,1378809300,WA-AHO,VM_013,13
685,1378809300,WA-AHO,VM_023,19
685,1378809300,WA-AHO,VM_025,13
685,1378809300,PABFD,VM_012,10
685,1378809300,PABFD,VM_011,11
685,1378809300,PABFD,VM_025,12
685,1378809300,PABFD,VM_003,13
685,1378809300,PABFD,VM_023,13
685,1378809300,PABFD,VM_001,11
685,1378809300,PABFD,VM_013,12
686,1378809600,Standard_HO,VM_001,19
686,1378809600,Standard_HO,VM_003,15
686,1378809600,Standard_HO,VM_011,19
686,1378809600,Standard_HO,VM_012,19
686,1378809600,Standard_HO,VM_013,19
686,1378809600,Standard_HO,VM_023,15
686,1378809600,Standard_HO,VM_025,19
686,1378809600,WA-AHO,VM_001,16
686,1378809600,WA-AHO,VM_003,10
686,1378809600,WA-AHO,VM_011,16
686,1378809600,WA-AHO,VM_012,16
686,1378809600,WA-AHO,VM_013,16
686,1378809600,WA-AHO,VM_023,10
686,1378809600,WA-AHO,VM_025,16
686,1378809600,PABFD,VM_012,10
686,1378809600,PABFD,VM_011,11
686,1378809600,PABFD,VM_025,12
686,1378809600,PABFD,VM_003,13
686,1378809600,PABFD,VM_023,13
686,1378809600,PABFD,VM_001,11
686,1378809600,PABFD,VM_013,12
687,1378809900,Standard_HO,VM_001,19
687,1378809900,Standard_HO,VM_003,14
687,1378809900,Standard_HO,VM_011,19
687,1378809900,Standard_HO,VM_012,19
687,1378809900,Standard_HO,VM_013,19
687,1378809900,Standard_HO,VM_023,14
687,1378809900,Standard_HO,VM_025,19
687,1378809900,WA-AHO,VM_001,16
687,1378809900,WA-AHO,VM_003,16
687,1378809900,WA-AHO,VM_011,16
687,1378809900,WA-AHO,VM_012,16
687,1378809900,WA-AHO,VM_013,14
687,1378809900,WA-AHO,VM_023,16
687,1378809900,WA-AHO,VM_025,14
687,1378809900,PABFD,VM_012,10
687,1378809900,PABFD,VM_011,11
687,1378809900,PABFD,VM_025,12
687,1378809900,PABFD,VM_003,13
687,1378809900,PABFD,VM_023,13
687,1378809900,PABFD,VM_001,11
687,1378809900,PABFD,VM_013,12
688,1378810200,Standard_HO,VM_001,17
688,1378810200,Standard_HO,VM_003,17
688,1378810200,Standard_HO,VM_011,17
688,1378810200,Standard_HO,VM_012,17
688,1378810200,Standard_HO,VM_013,13
688,1378810200,Standard_HO,VM_023,17
688,1378810200,Standard_HO,VM_025,13
688,1378810200,WA-AHO,VM_001,19
688,1378810200,WA-AHO,VM_003,19
688,1378810200,WA-AHO,VM_011,19
688,1378810200,WA-AHO,VM_012,10
688,1378810200,WA-AHO,VM_013,19
688,1378810200,WA-AHO,VM_023,19
688,1378810200,WA-AHO,VM_025,19
688,1378810200,PABFD,VM_012,10
688,1378810200,PABFD,VM_011,11
688,1378810200,PABFD,VM_025,12
688,1378810200,PABFD,VM_003,13
688,1378810200,PABFD,VM_023,13
688,1378810200,PABFD,VM_001,11
688,1378810200,PABFD,VM_013,12
689,1378810500,Standard_HO,VM_001,18
689,1378810500,Standard_HO,VM_003,10
689,1378810500,Standard_HO,VM_011,18
689,1378810500,Standard_HO,VM_012,18
689,1378810500,Standard_HO,VM_013,18
689,1378810500,Standard_HO,VM_023,10
689,1378810500,Standard_HO,VM_025,18
689,1378810500,WA-AHO,VM_001,18
689,1378810500,WA-AHO,VM_003,18
689,1378810500,WA-AHO,VM_011,18
689,1378810500,WA-AHO,VM_012,18
689,1378810500,WA-AHO,VM_013,11
689,1378810500,WA-AHO,VM_023,18
689,1378810500,WA-AHO,VM_025,11
689,1378810500,PABFD,VM_012,10
689,1378810500,PABFD,VM_011,11
689,1378810500,PABFD,VM_025,12
689,1378810500,PABFD,VM_003,13
689,1378810500,PABFD,VM_023,13
689,1378810500,PABFD,VM_001,11
689,1378810500,PABFD,VM_013,12
690,1378810800,Standard_HO,VM_001,18
690,1378810800,Standard_HO,VM_003,10
690,1378810800,Standard_HO,VM_011,18
690,1378810800,Standard_HO,VM_012,18
690,1378810800,Standard_HO,VM_013,18
690,1378810800,Standard_HO,VM_023,10
690,1378810800,Standard_HO,VM_025,18
690,1378810800,WA-AHO,VM_001,18
690,1378810800,WA-AHO,VM_003,18
690,1378810800,WA-AHO,VM_011,18
690,1378810800,WA-AHO,VM_012,18
690,1378810800,WA-AHO,VM_013,11
690,1378810800,WA-AHO,VM_023,18
690,1378810800,WA-AHO,VM_025,11
690,1378810800,PABFD,VM_012,10
690,1378810800,PABFD,VM_011,11
690,1378810800,PABFD,VM_025,12
690,1378810800,PABFD,VM_003,13
690,1378810800,PABFD,VM_023,13
690,1378810800,PABFD,VM_001,11
690,1378810800,PABFD,VM_013,12
691,1378811100,Standard_HO,VM_001,12
691,1378811100,Standard_HO,VM_003,19
691,1378811100,Standard_HO,VM_011,19
691,1378811100,Standard_HO,VM_012,19
691,1378811100,Standard_HO,VM_013,19
691,1378811100,Standard_HO,VM_023,19
691,1378811100,Standard_HO,VM_025,12
691,1378811100,WA-AHO,VM_001,19
691,1378811100,WA-AHO,VM_003,14
691,1378811100,WA-AHO,VM_011,19
691,1378811100,WA-AHO,VM_012,19
691,1378811100,WA-AHO,VM_013,19
691,1378811100,WA-AHO,VM_023,14
691,1378811100,WA-AHO,VM_025,19
691,1378811100,PABFD,VM_012,10
691,1378811100,PABFD,VM_011,11
691,1378811100,PABFD,VM_025,12
691,1378811100,PABFD,VM_003,13
691,1378811100,PABFD,VM_023,13
691,1378811100,PABFD,VM_001,11
691,1378811100,PABFD,VM_013,12
692,1378811400,Standard_HO,VM_001,19
692,1378811400,Standard_HO,VM_003,19
692,1378811400,Standard_HO,VM_011,19
692,1378811400,Standard_HO,VM_012,19
692,1378811400,Standard_HO,VM_013,11
692,1378811400,Standard_HO,VM_023,19
692,1378811400,Standard_HO,VM_025,11
692,1378811400,WA-AHO,VM_001,19
692,1378811400,WA-AHO,VM_003,19
692,1378811400,WA-AHO,VM_011,19
692,1378811400,WA-AHO,VM_012,19
692,1378811400,WA-AHO,VM_013,11
692,1378811400,WA-AHO,VM_023,19
692,1378811400,WA-AHO,VM_025,11
692,1378811400,PABFD,VM_012,10
692,1378811400,PABFD,VM_011,11
692,1378811400,PABFD,VM_025,12
692,1378811400,PABFD,VM_003,13
692,1378811400,PABFD,VM_023,13
692,1378811400,PABFD,VM_001,11
692,1378811400,PABFD,VM_013,12
693,1378811700,Standard_HO,VM_001,10
693,1378811700,Standard_HO,VM_003,16
693,1378811700,Standard_HO,VM_011,16
693,1378811700,Standard_HO,VM_012,16
693,1378811700,Standard_HO,VM_013,16
693,1378811700,Standard_HO,VM_023,16
693,1378811700,Standard_HO,VM_025,10
693,1378811700,WA-AHO,VM_001,10
693,1378811700,WA-AHO,VM_003,16
693,1378811700,WA-AHO,VM_011,16
693,1378811700,WA-AHO,VM_012,16
693,1378811700,WA-AHO,VM_013,16
693,1378811700,WA-AHO,VM_023,16
693,1378811700,WA-AHO,VM_025,10
693,1378811700,PABFD,VM_012,10
693,1378811700,PABFD,VM_011,11
693,1378811700,PABFD,VM_025,12
693,1378811700,PABFD,VM_003,13
693,1378811700,PABFD,VM_023,13
693,1378811700,PABFD,VM_001,11
693,1378811700,PABFD,VM_013,12
694,1378812000,Standard_HO,VM_001,11
694,1378812000,Standard_HO,VM_003,19
694,1378812000,Standard_HO,VM_011,19
694,1378812000,Standard_HO,VM_012,19
694,1378812000,Standard_HO,VM_013,19
694,1378812000,Standard_HO,VM_023,19
694,1378812000,Standard_HO,VM_025,11
694,1378812000,WA-AHO,VM_001,10
694,1378812000,WA-AHO,VM_003,19
694,1378812000,WA-AHO,VM_011,19
694,1378812000,WA-AHO,VM_012,19
694,1378812000,WA-AHO,VM_013,19
694,1378812000,WA-AHO,VM_023,19
694,1378812000,WA-AHO,VM_025,10
694,1378812000,PABFD,VM_012,10
694,1378812000,PABFD,VM_011,11
694,1378812000,PABFD,VM_025,12
694,1378812000,PABFD,VM_003,13
694,1378812000,PABFD,VM_023,13
694,1378812000,PABFD,VM_001,11
694,1378812000,PABFD,VM_013,12
695,1378812300,Standard_HO,VM_001,13
695,1378812300,Standard_HO,VM_003,19
695,1378812300,Standard_HO,VM_011,19
695,1378812300,Standard_HO,VM_012,19
695,1378812300,Standard_HO,VM_013,19
695,1378812300,Standard_HO,VM_023,19
695,1378812300,Standard_HO,VM_025,13
695,1378812300,WA-AHO,VM_001,18
695,1378812300,WA-AHO,VM_003,14
695,1378812300,WA-AHO,VM_011,18
695,1378812300,WA-AHO,VM_012,18
695,1378812300,WA-AHO,VM_013,18
695,1378812300,WA-AHO,VM_023,14
695,1378812300,WA-AHO,VM_025,18
695,1378812300,PABFD,VM_012,10
695,1378812300,PABFD,VM_011,11
695,1378812300,PABFD,VM_025,12
695,1378812300,PABFD,VM_003,13
695,1378812300,PABFD,VM_023,13
695,1378812300,PABFD,VM_001,11
695,1378812300,PABFD,VM_013,12
696,1378812600,Standard_HO,VM_001,16
696,1378812600,Standard_HO,VM_003,13
696,1378812600,Standard_HO,VM_011,16
696,1378812600,Standard_HO,VM_012,16
696,1378812600,Standard_HO,VM_013,16
696,1378812600,Standard_HO,VM_023,13
696,1378812600,Standard_HO,VM_025,16
696,1378812600,WA-AHO,VM_001,19
696,1378812600,WA-AHO,VM_003,10
696,1378812600,WA-AHO,VM_011,19
696,1378812600,WA-AHO,VM_012,19
696,1378812600,WA-AHO,VM_013,19
696,1378812600,WA-AHO,VM_023,10
696,1378812600,WA-AHO,VM_025,19
696,1378812600,PABFD,VM_012,10
696,1378812600,PABFD,VM_011,11
696,1378812600,PABFD,VM_025,12
696,1378812600,PABFD,VM_003,13
696,1378812600,PABFD,VM_023,13
696,1378812600,PABFD,VM_001,11
696,1378812600,PABFD,VM_013,12
697,1378812900,Standard_HO,VM_001,12
697,1378812900,Standard_HO,VM_003,17
697,1378812900,Standard_HO,VM_011,17
697,1378812900,Standard_HO,VM_012,17
697,1378812900,Standard_HO,VM_013,17
697,1378812900,Standard_HO,VM_023,17
697,1378812900,Standard_HO,VM_025,12
697,1378812900,WA-AHO,VM_001,12
697,1378812900,WA-AHO,VM_003,17
697,1378812900,WA-AHO,VM_011,17
697,1378812900,WA-AHO,VM_012,17
697,1378812900,WA-AHO,VM_013,17
697,1378812900,WA-AHO,VM_023,17
697,1378812900,WA-AHO,VM_025,12
697,1378812900,PABFD,VM_012,10
697,1378812900,PABFD,VM_011,11
697,1378812900,PABFD,VM_025,12
697,1378812900,PABFD,VM_003,13
697,1378812900,PABFD,VM_023,13
697,1378812900,PABFD,VM_001,11
697,1378812900,PABFD,VM_013,12
698,1378813200,Standard_HO,VM_001,12
698,1378813200,Standard_HO,VM_003,19
698,1378813200,Standard_HO,VM_011,19
698,1378813200,Standard_HO,VM_012,19
698,1378813200,Standard_HO,VM_013,19
698,1378813200,Standard_HO,VM_023,19
698,1378813200,Standard_HO,VM_025,12
698,1378813200,WA-AHO,VM_001,19
698,1378813200,WA-AHO,VM_003,15
698,1378813200,WA-AHO,VM_011,19
698,1378813200,WA-AHO,VM_012,19
698,1378813200,WA-AHO,VM_013,19
698,1378813200,WA-AHO,VM_023,15
698,1378813200,WA-AHO,VM_025,19
698,1378813200,PABFD,VM_012,10
698,1378813200,PABFD,VM_011,11
698,1378813200,PABFD,VM_025,12
698,1378813200,PABFD,VM_003,13
698,1378813200,PABFD,VM_023,13
698,1378813200,PABFD,VM_001,11
698,1378813200,PABFD,VM_013,12
699,1378813500,Standard_HO,VM_001,15
699,1378813500,Standard_HO,VM_003,17
699,1378813500,Standard_HO,VM_011,17
699,1378813500,Standard_HO,VM_012,17
699,1378813500,Standard_HO,VM_013,15
699,1378813500,Standard_HO,VM_023,15
699,1378813500,Standard_HO,VM_025,17
699,1378813500,WA-AHO,VM_001,17
699,1378813500,WA-AHO,VM_003,13
699,1378813500,WA-AHO,VM_011,17
699,1378813500,WA-AHO,VM_012,17
699,1378813500,WA-AHO,VM_013,17
699,1378813500,WA-AHO,VM_023,13
699,1378813500,WA-AHO,VM_025,17
699,1378813500,PABFD,VM_012,10
699,1378813500,PABFD,VM_011,11
699,1378813500,PABFD,VM_025,12
699,1378813500,PABFD,VM_003,13
699,1378813500,PABFD,VM_023,13
699,1378813500,PABFD,VM_001,11
699,1378813500,PABFD,VM_013,12
700,1378813800,Standard_HO,VM_001,10
700,1378813800,Standard_HO,VM_003,18
700,1378813800,Standard_HO,VM_011,18
700,1378813800,Standard_HO,VM_012,18
700,1378813800,Standard_HO,VM_013,10
700,1378813800,Standard_HO,VM_023,10
700,1378813800,Standard_HO,VM_025,18
700,1378813800,WA-AHO,VM_001,11
700,1378813800,WA-AHO,VM_003,11
700,1378813800,WA-AHO,VM_011,18
700,1378813800,WA-AHO,VM_012,18
700,1378813800,WA-AHO,VM_013,11
700,1378813800,WA-AHO,VM_023,18
700,1378813800,WA-AHO,VM_025,18
700,1378813800,PABFD,VM_012,10
700,1378813800,PABFD,VM_011,11
700,1378813800,PABFD,VM_025,12
700,1378813800,PABFD,VM_003,13
700,1378813800,PABFD,VM_023,13
700,1378813800,PABFD,VM_001,11
700,1378813800,PABFD,VM_013,12
701,1378814100,Standard_HO,VM_001,16
701,1378814100,Standard_HO,VM_003,16
701,1378814100,Standard_HO,VM_011,16
701,1378814100,Standard_HO,VM_012,16
701,1378814100,Standard_HO,VM_013,12
701,1378814100,Standard_HO,VM_023,16
701,1378814100,Standard_HO,VM_025,12
701,1378814100,WA-AHO,VM_001,18
701,1378814100,WA-AHO,VM_003,18
701,1378814100,WA-AHO,VM_011,18
701,1378814100,WA-AHO,VM_012,18
701,1378814100,WA-AHO,VM_013,11
701,1378814100,WA-AHO,VM_023,18
701,1378814100,WA-AHO,VM_025,11
701,1378814100,PABFD,VM_012,10
701,1378814100,PABFD,VM_011,11
701,1378814100,PABFD,VM_025,12
701,1378814100,PABFD,VM_003,13
701,1378814100,PABFD,VM_023,13
701,1378814100,PABFD,VM_001,11
701,1378814100,PABFD,VM_013,12
702,1378814400,Standard_HO,VM_001,11
702,1378814400,Standard_HO,VM_003,19
702,1378814400,Standard_HO,VM_011,11
702,1378814400,Standard_HO,VM_012,19
702,1378814400,Standard_HO,VM_013,19
702,1378814400,Standard_HO,VM_023,19
702,1378814400,Standard_HO,VM_025,19
702,1378814400,WA-AHO,VM_001,15
702,1378814400,WA-AHO,VM_003,19
702,1378814400,WA-AHO,VM_011,15
702,1378814400,WA-AHO,VM_012,19
702,1378814400,WA-AHO,VM_013,19
702,1378814400,WA-AHO,VM_023,19
702,1378814400,WA-AHO,VM_025,19
702,1378814400,PABFD,VM_012,10
702,1378814400,PABFD,VM_011,11
702,1378814400,PABFD,VM_025,12
702,1378814400,PABFD,VM_003,13
702,1378814400,PABFD,VM_023,13
702,1378814400,PABFD,VM_001,11
702,1378814400,PABFD,VM_013,12
703,1378814700,Standard_HO,VM_001,18
703,1378814700,Standard_HO,VM_003,18
703,1378814700,Standard_HO,VM_011,18
703,1378814700,Standard_HO,VM_012,18
703,1378814700,Standard_HO,VM_013,12
703,1378814700,Standard_HO,VM_023,18
703,1378814700,Standard_HO,VM_025,12
703,1378814700,WA-AHO,VM_001,16
703,1378814700,WA-AHO,VM_003,16
703,1378814700,WA-AHO,VM_011,16
703,1378814700,WA-AHO,VM_012,16
703,1378814700,WA-AHO,VM_013,13
703,1378814700,WA-AHO,VM_023,16
703,1378814700,WA-AHO,VM_025,13
703,1378814700,PABFD,VM_012,10
703,1378814700,PABFD,VM_011,11
703,1378814700,PABFD,VM_025,12
703,1378814700,PABFD,VM_003,13
703,1378814700,PABFD,VM_023,13
703,1378814700,PABFD,VM_001,11
703,1378814700,PABFD,VM_013,12
704,1378815000,Standard_HO,VM_001,14
704,1378815000,Standard_HO,VM_003,18
704,1378815000,Standard_HO,VM_011,18
704,1378815000,Standard_HO,VM_012,18
704,1378815000,Standard_HO,VM_013,18
704,1378815000,Standard_HO,VM_023,18
704,1378815000,Standard_HO,VM_025,14
704,1378815000,WA-AHO,VM_001,11
704,1378815000,WA-AHO,VM_003,19
704,1378815000,WA-AHO,VM_011,19
704,1378815000,WA-AHO,VM_012,19
704,1378815000,WA-AHO,VM_013,11
704,1378815000,WA-AHO,VM_023,11
704,1378815000,WA-AHO,VM_025,19
704,1378815000,PABFD,VM_012,10
704,1378815000,PABFD,VM_011,11
704,1378815000,PABFD,VM_025,12
704,1378815000,PABFD,VM_003,13
704,1378815000,PABFD,VM_023,13
704,1378815000,PABFD,VM_001,11
704,1378815000,PABFD,VM_013,12
705,1378815300,Standard_HO,VM_001,12
705,1378815300,Standard_HO,VM_003,17
705,1378815300,Standard_HO,VM_011,17
705,1378815300,Standard_HO,VM_012,17
705,1378815300,Standard_HO,VM_013,17
705,1378815300,Standard_HO,VM_023,17
705,1378815300,Standard_HO,VM_025,12
705,1378815300,WA-AHO,VM_001,15
705,1378815300,WA-AHO,VM_003,16
705,1378815300,WA-AHO,VM_011,16
705,1378815300,WA-AHO,VM_012,16
705,1378815300,WA-AHO,VM_013,16
705,1378815300,WA-AHO,VM_023,16
705,1378815300,WA-AHO,VM_025,15
705,1378815300,PABFD,VM_012,10
705,1378815300,PABFD,VM_011,11
705,1378815300,PABFD,VM_025,12
705,1378815300,PABFD,VM_003,13
705,1378815300,PABFD,VM_023,13
705,1378815300,PABFD,VM_001,11
705,1378815300,PABFD,VM_013,12
706,1378815600,Standard_HO,VM_001,19
706,1378815600,Standard_HO,VM_003,19
706,1378815600,Standard_HO,VM_011,19
706,1378815600,Standard_HO,VM_012,19
706,1378815600,Standard_HO,VM_013,15
706,1378815600,Standard_HO,VM_023,19
706,1378815600,Standard_HO,VM_025,15
706,1378815600,WA-AHO,VM_001,17
706,1378815600,WA-AHO,VM_003,17
706,1378815600,WA-AHO,VM_011,15
706,1378815600,WA-AHO,VM_012,17
706,1378815600,WA-AHO,VM_013,15
706,1378815600,WA-AHO,VM_023,17
706,1378815600,WA-AHO,VM_025,17
706,1378815600,PABFD,VM_012,10
706,1378815600,PABFD,VM_011,11
706,1378815600,PABFD,VM_025,12
706,1378815600,PABFD,VM_003,13
706,1378815600,PABFD,VM_023,13
706,1378815600,PABFD,VM_001,11
706,1378815600,PABFD,VM_013,12
707,1378815900,Standard_HO,VM_001,19
707,1378815900,Standard_HO,VM_003,10
707,1378815900,Standard_HO,VM_011,19
707,1378815900,Standard_HO,VM_012,19
707,1378815900,Standard_HO,VM_013,19
707,1378815900,Standard_HO,VM_023,10
707,1378815900,Standard_HO,VM_025,19
707,1378815900,WA-AHO,VM_001,19
707,1378815900,WA-AHO,VM_003,10
707,1378815900,WA-AHO,VM_011,19
707,1378815900,WA-AHO,VM_012,19
707,1378815900,WA-AHO,VM_013,19
707,1378815900,WA-AHO,VM_023,10
707,1378815900,WA-AHO,VM_025,19
707,1378815900,PABFD,VM_012,10
707,1378815900,PABFD,VM_011,11
707,1378815900,PABFD,VM_025,12
707,1378815900,PABFD,VM_003,13
707,1378815900,PABFD,VM_023,13
707,1378815900,PABFD,VM_001,11
707,1378815900,PABFD,VM_013,12
708,1378816200,Standard_HO,VM_001,17
708,1378816200,Standard_HO,VM_003,10
708,1378816200,Standard_HO,VM_011,17
708,1378816200,Standard_HO,VM_012,17
708,1378816200,Standard_HO,VM_013,17
708,1378816200,Standard_HO,VM_023,10
708,1378816200,Standard_HO,VM_025,17
708,1378816200,WA-AHO,VM_001,17
708,1378816200,WA-AHO,VM_003,12
708,1378816200,WA-AHO,VM_011,17
708,1378816200,WA-AHO,VM_012,17
708,1378816200,WA-AHO,VM_013,17
708,1378816200,WA-AHO,VM_023,12
708,1378816200,WA-AHO,VM_025,17
708,1378816200,PABFD,VM_012,10
708,1378816200,PABFD,VM_011,11
708,1378816200,PABFD,VM_025,12
708,1378816200,PABFD,VM_003,13
708,1378816200,PABFD,VM_023,13
708,1378816200,PABFD,VM_001,11
708,1378816200,PABFD,VM_013,12
709,1378816500,Standard_HO,VM_001,17
709,1378816500,Standard_HO,VM_003,14
709,1378816500,Standard_HO,VM_011,17
709,1378816500,Standard_HO,VM_012,17
709,1378816500,Standard_HO,VM_013,17
709,1378816500,Standard_HO,VM_023,14
709,1378816500,Standard_HO,VM_025,17
709,1378816500,WA-AHO,VM_001,18
709,1378816500,WA-AHO,VM_003,11
709,1378816500,WA-AHO,VM_011,18
709,1378816500,WA-AHO,VM_012,18
709,1378816500,WA-AHO,VM_013,18
709,1378816500,WA-AHO,VM_023,11
709,1378816500,WA-AHO,VM_025,18
709,1378816500,PABFD,VM_012,10
709,1378816500,PABFD,VM_011,11
709,1378816500,PABFD,VM_025,12
709,1378816500,PABFD,VM_003,13
709,1378816500,PABFD,VM_023,13
709,1378816500,PABFD,VM_001,11
709,1378816500,PABFD,VM_013,12
710,1378816800,Standard_HO,VM_001,19
710,1378816800,Standard_HO,VM_003,10
710,1378816800,Standard_HO,VM_011,19
710,1378816800,Standard_HO,VM_012,19
710,1378816800,Standard_HO,VM_013,19
710,1378816800,Standard_HO,VM_023,10
710,1378816800,Standard_HO,VM_025,19
710,1378816800,WA-AHO,VM_001,17
710,1378816800,WA-AHO,VM_003,11
710,1378816800,WA-AHO,VM_011,17
710,1378816800,WA-AHO,VM_012,17
710,1378816800,WA-AHO,VM_013,17
710,1378816800,WA-AHO,VM_023,11
710,1378816800,WA-AHO,VM_025,17
710,1378816800,PABFD,VM_012,10
710,1378816800,PABFD,VM_011,11
710,1378816800,PABFD,VM_025,12
710,1378816800,PABFD,VM_003,13
710,1378816800,PABFD,VM_023,13
710,1378816800,PABFD,VM_001,11
710,1378816800,PABFD,VM_013,12
711,1378817100,Standard_HO,VM_001,17
711,1378817100,Standard_HO,VM_003,14
711,1378817100,Standard_HO,VM_011,17
711,1378817100,Standard_HO,VM_012,17
711,1378817100,Standard_HO,VM_013,17
711,1378817100,Standard_HO,VM_023,14
711,1378817100,Standard_HO,VM_025,17
711,1378817100,WA-AHO,VM_001,14
711,1378817100,WA-AHO,VM_003,18
711,1378817100,WA-AHO,VM_011,18
711,1378817100,WA-AHO,VM_012,18
711,1378817100,WA-AHO,VM_013,18
711,1378817100,WA-AHO,VM_023,18
711,1378817100,WA-AHO,VM_025,14
711,1378817100,PABFD,VM_012,10
711,1378817100,PABFD,VM_011,11
711,1378817100,PABFD,VM_025,12
711,1378817100,PABFD,VM_003,13
711,1378817100,PABFD,VM_023,13
711,1378817100,PABFD,VM_001,11
711,1378817100,PABFD,VM_013,12
712,1378817400,Standard_HO,VM_001,19
712,1378817400,Standard_HO,VM_003,12
712,1378817400,Standard_HO,VM_011,19
712,1378817400,Standard_HO,VM_012,19
712,1378817400,Standard_HO,VM_013,19
712,1378817400,Standard_HO,VM_023,12
712,1378817400,Standard_HO,VM_025,19
712,1378817400,WA-AHO,VM_001,16
712,1378817400,WA-AHO,VM_003,12
712,1378817400,WA-AHO,VM_011,16
712,1378817400,WA-AHO,VM_012,16
712,1378817400,WA-AHO,VM_013,16
712,1378817400,WA-AHO,VM_023,12
712,1378817400,WA-AHO,VM_025,16
712,1378817400,PABFD,VM_012,10
712,1378817400,PABFD,VM_011,11
712,1378817400,PABFD,VM_025,12
712,1378817400,PABFD,VM_003,13
712,1378817400,PABFD,VM_023,13
712,1378817400,PABFD,VM_001,11
712,1378817400,PABFD,VM_013,12
713,1378817700,Standard_HO,VM_001,19
713,1378817700,Standard_HO,VM_003,12
713,1378817700,Standard_HO,VM_011,19
713,1378817700,Standard_HO,VM_012,19
713,1378817700,Standard_HO,VM_013,19
713,1378817700,Standard_HO,VM_023,12
713,1378817700,Standard_HO,VM_025,19
713,1378817700,WA-AHO,VM_001,16
713,1378817700,WA-AHO,VM_003,10
713,1378817700,WA-AHO,VM_011,16
713,1378817700,WA-AHO,VM_012,16
713,1378817700,WA-AHO,VM_013,16
713,1378817700,WA-AHO,VM_023,10
713,1378817700,WA-AHO,VM_025,16
713,1378817700,PABFD,VM_012,10
713,1378817700,PABFD,VM_011,11
713,1378817700,PABFD,VM_025,12
713,1378817700,PABFD,VM_003,13
713,1378817700,PABFD,VM_023,13
713,1378817700,PABFD,VM_001,11
713,1378817700,PABFD,VM_013,12
714,1378818000,Standard_HO,VM_001,14
714,1378818000,Standard_HO,VM_003,16
714,1378818000,Standard_HO,VM_011,16
714,1378818000,Standard_HO,VM_012,16
714,1378818000,Standard_HO,VM_013,16
714,1378818000,Standard_HO,VM_023,16
714,1378818000,Standard_HO,VM_025,14
714,1378818000,WA-AHO,VM_001,12
714,1378818000,WA-AHO,VM_003,19
714,1378818000,WA-AHO,VM_011,19
714,1378818000,WA-AHO,VM_012,19
714,1378818000,WA-AHO,VM_013,19
714,1378818000,WA-AHO,VM_023,19
714,1378818000,WA-AHO,VM_025,12
714,1378818000,PABFD,VM_012,10
714,1378818000,PABFD,VM_011,11
714,1378818000,PABFD,VM_025,12
714,1378818000,PABFD,VM_003,13
714,1378818000,PABFD,VM_023,13
714,1378818000,PABFD,VM_001,11
714,1378818000,PABFD,VM_013,12
715,1378818300,Standard_HO,VM_001,18
715,1378818300,Standard_HO,VM_003,11
715,1378818300,Standard_HO,VM_011,18
715,1378818300,Standard_HO,VM_012,18
715,1378818300,Standard_HO,VM_013,18
715,1378818300,Standard_HO,VM_023,11
715,1378818300,Standard_HO,VM_025,18
715,1378818300,WA-AHO,VM_001,16
715,1378818300,WA-AHO,VM_003,11
715,1378818300,WA-AHO,VM_011,16
715,1378818300,WA-AHO,VM_012,16
715,1378818300,WA-AHO,VM_013,16
715,1378818300,WA-AHO,VM_023,11
715,1378818300,WA-AHO,VM_025,16
715,1378818300,PABFD,VM_012,10
715,1378818300,PABFD,VM_011,11
715,1378818300,PABFD,VM_025,12
715,1378818300,PABFD,VM_003,13
715,1378818300,PABFD,VM_023,13
715,1378818300,PABFD,VM_001,11
715,1378818300,PABFD,VM_013,12
716,1378818600,Standard_HO,VM_001,19
716,1378818600,Standard_HO,VM_003,10
716,1378818600,Standard_HO,VM_011,19
716,1378818600,Standard_HO,VM_012,19
716,1378818600,Standard_HO,VM_013,19
716,1378818600,Standard_HO,VM_023,10
716,1378818600,Standard_HO,VM_025,19
716,1378818600,WA-AHO,VM_001,18
716,1378818600,WA-AHO,VM_003,12
716,1378818600,WA-AHO,VM_011,18
716,1378818600,WA-AHO,VM_012,18
716,1378818600,WA-AHO,VM_013,18
716,1378818600,WA-AHO,VM_023,12
716,1378818600,WA-AHO,VM_025,18
716,1378818600,PABFD,VM_012,10
716,1378818600,PABFD,VM_011,11
716,1378818600,PABFD,VM_025,12
716,1378818600,PABFD,VM_003,13
716,1378818600,PABFD,VM_023,13
716,1378818600,PABFD,VM_001,11
716,1378818600,PABFD,VM_013,12
717,1378818900,Standard_HO,VM_001,12
717,1378818900,Standard_HO,VM_003,17
717,1378818900,Standard_HO,VM_011,17
717,1378818900,Standard_HO,VM_012,17
717,1378818900,Standard_HO,VM_013,12
717,1378818900,Standard_HO,VM_023,12
717,1378818900,Standard_HO,VM_025,17
717,1378818900,WA-AHO,VM_001,15
717,1378818900,WA-AHO,VM_003,18
717,1378818900,WA-AHO,VM_011,18
717,1378818900,WA-AHO,VM_012,18
717,1378818900,WA-AHO,VM_013,15
717,1378818900,WA-AHO,VM_023,15
717,1378818900,WA-AHO,VM_025,18
717,1378818900,PABFD,VM_012,10
717,1378818900,PABFD,VM_011,11
717,1378818900,PABFD,VM_025,12
717,1378818900,PABFD,VM_003,13
717,1378818900,PABFD,VM_023,13
717,1378818900,PABFD,VM_001,11
717,1378818900,PABFD,VM_013,12
718,1378819200,Standard_HO,VM_001,14
718,1378819200,Standard_HO,VM_003,17
718,1378819200,Standard_HO,VM_011,17
718,1378819200,Standard_HO,VM_012,17
718,1378819200,Standard_HO,VM_013,17
718,1378819200,Standard_HO,VM_023,17
718,1378819200,Standard_HO,VM_025,14
718,1378819200,WA-AHO,VM_001,13
718,1378819200,WA-AHO,VM_003,16
718,1378819200,WA-AHO,VM_011,16
718,1378819200,WA-AHO,VM_012,16
718,1378819200,WA-AHO,VM_013,16
718,1378819200,WA-AHO,VM_023,16
718,1378819200,WA-AHO,VM_025,13
718,1378819200,PABFD,VM_012,10
718,1378819200,PABFD,VM_011,11
718,1378819200,PABFD,VM_025,12
718,1378819200,PABFD,VM_003,13
718,1378819200,PABFD,VM_023,13
718,1378819200,PABFD,VM_001,11
718,1378819200,PABFD,VM_013,12
719,1378819500,Standard_HO,VM_001,12
719,1378819500,Standard_HO,VM_003,18
719,1378819500,Standard_HO,VM_011,18
719,1378819500,Standard_HO,VM_012,18
719,1378819500,Standard_HO,VM_013,18
719,1378819500,Standard_HO,VM_023,18
719,1378819500,Standard_HO,VM_025,12
719,1378819500,WA-AHO,VM_001,15
719,1378819500,WA-AHO,VM_003,18
719,1378819500,WA-AHO,VM_011,18
719,1378819500,WA-AHO,VM_012,18
719,1378819500,WA-AHO,VM_013,18
719,1378819500,WA-AHO,VM_023,18
719,1378819500,WA-AHO,VM_025,15
719,1378819500,PABFD,VM_012,10
719,1378819500,PABFD,VM_011,11
719,1378819500,PABFD,VM_025,12
719,1378819500,PABFD,VM_003,13
719,1378819500,PABFD,VM_023,13
719,1378819500,PABFD,VM_001,11
719,1378819500,PABFD,VM_013,12
720,1378819800,Standard_HO,VM_001,10
720,1378819800,Standard_HO,VM_003,19
720,1378819800,Standard_HO,VM_011,19
720,1378819800,Standard_HO,VM_012,19
720,1378819800,Standard_HO,VM_013,19
720,1378819800,Standard_HO,VM_023,19
720,1378819800,Standard_HO,VM_025,10
720,1378819800,WA-AHO,VM_001,13
720,1378819800,WA-AHO,VM_003,18
720,1378819800,WA-AHO,VM_011,18
720,1378819800,WA-AHO,VM_012,18
720,1378819800,WA-AHO,VM_013,18
720,1378819800,WA-AHO,VM_023,18
720,1378819800,WA-AHO,VM_025,13
720,1378819800,PABFD,VM_012,10
720,1378819800,PABFD,VM_011,11
720,1378819800,PABFD,VM_025,12
720,1378819800,PABFD,VM_003,13
720,1378819800,PABFD,VM_023,13
720,1378819800,PABFD,VM_001,11
720,1378819800,PABFD,VM_013,12
721,1378820100,Standard_HO,VM_001,13
721,1378820100,Standard_HO,VM_003,19
721,1378820100,Standard_HO,VM_011,19
721,1378820100,Standard_HO,VM_012,19
721,1378820100,Standard_HO,VM_013,19
721,1378820100,Standard_HO,VM_023,19
721,1378820100,Standard_HO,VM_025,13
721,1378820100,WA-AHO,VM_001,11
721,1378820100,WA-AHO,VM_003,18
721,1378820100,WA-AHO,VM_011,18
721,1378820100,WA-AHO,VM_012,18
721,1378820100,WA-AHO,VM_013,18
721,1378820100,WA-AHO,VM_023,18
721,1378820100,WA-AHO,VM_025,11
721,1378820100,PABFD,VM_012,10
721,1378820100,PABFD,VM_011,11
721,1378820100,PABFD,VM_025,12
721,1378820100,PABFD,VM_003,13
721,1378820100,PABFD,VM_023,13
721,1378820100,PABFD,VM_001,11
721,1378820100,PABFD,VM_013,12
722,1378820400,Standard_HO,VM_001,13
722,1378820400,Standard_HO,VM_003,18
722,1378820400,Standard_HO,VM_011,18
722,1378820400,Standard_HO,VM_012,18
722,1378820400,Standard_HO,VM_013,18
722,1378820400,Standard_HO,VM_023,18
722,1378820400,Standard_HO,VM_025,13
722,1378820400,WA-AHO,VM_001,11
722,1378820400,WA-AHO,VM_003,19
722,1378820400,WA-AHO,VM_011,19
722,1378820400,WA-AHO,VM_012,19
722,1378820400,WA-AHO,VM_013,19
722,1378820400,WA-AHO,VM_023,19
722,1378820400,WA-AHO,VM_025,11
722,1378820400,PABFD,VM_012,10
722,1378820400,PABFD,VM_011,11
722,1378820400,PABFD,VM_025,12
722,1378820400,PABFD,VM_003,13
722,1378820400,PABFD,VM_023,13
722,1378820400,PABFD,VM_001,11
722,1378820400,PABFD,VM_013,12
723,1378820700,Standard_HO,VM_001,12
723,1378820700,Standard_HO,VM_003,18
723,1378820700,Standard_HO,VM_011,18
723,1378820700,Standard_HO,VM_012,18
723,1378820700,Standard_HO,VM_013,18
723,1378820700,Standard_HO,VM_023,18
723,1378820700,Standard_HO,VM_025,12
723,1378820700,WA-AHO,VM_001,15
723,1378820700,WA-AHO,VM_003,19
723,1378820700,WA-AHO,VM_011,19
723,1378820700,WA-AHO,VM_012,19
723,1378820700,WA-AHO,VM_013,19
723,1378820700,WA-AHO,VM_023,19
723,1378820700,WA-AHO,VM_025,15
723,1378820700,PABFD,VM_012,10
723,1378820700,PABFD,VM_011,11
723,1378820700,PABFD,VM_025,12
723,1378820700,PABFD,VM_003,13
723,1378820700,PABFD,VM_023,13
723,1378820700,PABFD,VM_001,11
723,1378820700,PABFD,VM_013,12
724,1378821000,Standard_HO,VM_001,14
724,1378821000,Standard_HO,VM_003,19
724,1378821000,Standard_HO,VM_011,19
724,1378821000,Standard_HO,VM_012,19
724,1378821000,Standard_HO,VM_013,19
724,1378821000,Standard_HO,VM_023,19
724,1378821000,Standard_HO,VM_025,14
724,1378821000,WA-AHO,VM_001,10
724,1378821000,WA-AHO,VM_003,17
724,1378821000,WA-AHO,VM_011,17
724,1378821000,WA-AHO,VM_012,17
724,1378821000,WA-AHO,VM_013,10
724,1378821000,WA-AHO,VM_023,10
724,1378821000,WA-AHO,VM_025,17
724,1378821000,PABFD,VM_012,10
724,1378821000,PABFD,VM_011,11
724,1378821000,PABFD,VM_025,12
724,1378821000,PABFD,VM_003,13
724,1378821000,PABFD,VM_023,13
724,1378821000,PABFD,VM_001,11
724,1378821000,PABFD,VM_013,12
725,1378821300,Standard_HO,VM_001,14
725,1378821300,Standard_HO,VM_003,16
725,1378821300,Standard_HO,VM_011,16
725,1378821300,Standard_HO,VM_012,16
725,1378821300,Standard_HO,VM_013,16
725,1378821300,Standard_HO,VM_023,16
725,1378821300,Standard_HO,VM_025,14
725,1378821300,WA-AHO,VM_001,14
725,1378821300,WA-AHO,VM_003,16
725,1378821300,WA-AHO,VM_011,16
725,1378821300,WA-AHO,VM_012,16
725,1378821300,WA-AHO,VM_013,16
725,1378821300,WA-AHO,VM_023,16
725,1378821300,WA-AHO,VM_025,14
725,1378821300,PABFD,VM_012,10
725,1378821300,PABFD,VM_011,11
725,1378821300,PABFD,VM_025,12
725,1378821300,PABFD,VM_003,13
725,1378821300,PABFD,VM_023,13
725,1378821300,PABFD,VM_001,11
725,1378821300,PABFD,VM_013,12
726,1378821600,Standard_HO,VM_001,15
726,1378821600,Standard_HO,VM_003,16
726,1378821600,Standard_HO,VM_011,16
726,1378821600,Standard_HO,VM_012,16
726,1378821600,Standard_HO,VM_013,15
726,1378821600,Standard_HO,VM_023,15
726,1378821600,Standard_HO,VM_025,16
726,1378821600,WA-AHO,VM_001,12
726,1378821600,WA-AHO,VM_003,19
726,1378821600,WA-AHO,VM_011,19
726,1378821600,WA-AHO,VM_012,19
726,1378821600,WA-AHO,VM_013,12
726,1378821600,WA-AHO,VM_023,12
726,1378821600,WA-AHO,VM_025,19
726,1378821600,PABFD,VM_012,10
726,1378821600,PABFD,VM_011,11
726,1378821600,PABFD,VM_025,12
726,1378821600,PABFD,VM_003,13
726,1378821600,PABFD,VM_023,13
726,1378821600,PABFD,VM_001,11
726,1378821600,PABFD,VM_013,12
727,1378821900,Standard_HO,VM_001,11
727,1378821900,Standard_HO,VM_003,16
727,1378821900,Standard_HO,VM_011,16
727,1378821900,Standard_HO,VM_012,16
727,1378821900,Standard_HO,VM_013,16
727,1378821900,Standard_HO,VM_023,16
727,1378821900,Standard_HO,VM_025,11
727,1378821900,WA-AHO,VM_001,14
727,1378821900,WA-AHO,VM_003,19
727,1378821900,WA-AHO,VM_011,19
727,1378821900,WA-AHO,VM_012,19
727,1378821900,WA-AHO,VM_013,19
727,1378821900,WA-AHO,VM_023,19
727,1378821900,WA-AHO,VM_025,14
727,1378821900,PABFD,VM_012,10
727,1378821900,PABFD,VM_011,11
727,1378821900,PABFD,VM_025,12
727,1378821900,PABFD,VM_003,13
727,1378821900,PABFD,VM_023,13
727,1378821900,PABFD,VM_001,11
727,1378821900,PABFD,VM_013,12
728,1378822200,Standard_HO,VM_001,16
728,1378822200,Standard_HO,VM_003,10
728,1378822200,Standard_HO,VM_011,16
728,1378822200,Standard_HO,VM_012,16
728,1378822200,Standard_HO,VM_013,16
728,1378822200,Standard_HO,VM_023,10
728,1378822200,Standard_HO,VM_025,16
728,1378822200,WA-AHO,VM_001,17
728,1378822200,WA-AHO,VM_003,14
728,1378822200,WA-AHO,VM_011,17
728,1378822200,WA-AHO,VM_012,17
728,1378822200,WA-AHO,VM_013,17
728,1378822200,WA-AHO,VM_023,14
728,1378822200,WA-AHO,VM_025,17
728,1378822200,PABFD,VM_012,10
728,1378822200,PABFD,VM_011,11
728,1378822200,PABFD,VM_025,12
728,1378822200,PABFD,VM_003,13
728,1378822200,PABFD,VM_023,13
728,1378822200,PABFD,VM_001,11
728,1378822200,PABFD,VM_013,12
729,1378822500,Standard_HO,VM_001,18
729,1378822500,Standard_HO,VM_003,10
729,1378822500,Standard_HO,VM_011,18
729,1378822500,Standard_HO,VM_012,18
729,1378822500,Standard_HO,VM_013,18
729,1378822500,Standard_HO,VM_023,10
729,1378822500,Standard_HO,VM_025,18
729,1378822500,WA-AHO,VM_001,19
729,1378822500,WA-AHO,VM_003,13
729,1378822500,WA-AHO,VM_011,19
729,1378822500,WA-AHO,VM_012,19
729,1378822500,WA-AHO,VM_013,19
729,1378822500,WA-AHO,VM_023,13
729,1378822500,WA-AHO,VM_025,19
729,1378822500,PABFD,VM_012,10
729,1378822500,PABFD,VM_011,11
729,1378822500,PABFD,VM_025,12
729,1378822500,PABFD,VM_003,13
729,1378822500,PABFD,VM_023,13
729,1378822500,PABFD,VM_001,11
729,1378822500,PABFD,VM_013,12
730,1378822800,Standard_HO,VM_001,16
730,1378822800,Standard_HO,VM_003,13
730,1378822800,Standard_HO,VM_011,16
730,1378822800,Standard_HO,VM_012,16
730,1378822800,Standard_HO,VM_013,16
730,1378822800,Standard_HO,VM_023,13
730,1378822800,Standard_HO,VM_025,16
730,1378822800,WA-AHO,VM_001,19
730,1378822800,WA-AHO,VM_003,10
730,1378822800,WA-AHO,VM_011,19
730,1378822800,WA-AHO,VM_012,19
730,1378822800,WA-AHO,VM_013,19
730,1378822800,WA-AHO,VM_023,10
730,1378822800,WA-AHO,VM_025,19
730,1378822800,PABFD,VM_012,10
730,1378822800,PABFD,VM_011,11
730,1378822800,PABFD,VM_025,12
730,1378822800,PABFD,VM_003,13
730,1378822800,PABFD,VM_023,13
730,1378822800,PABFD,VM_001,11
730,1378822800,PABFD,VM_013,12
731,1378823100,Standard_HO,VM_001,14
731,1378823100,Standard_HO,VM_003,19
731,1378823100,Standard_HO,VM_011,19
731,1378823100,Standard_HO,VM_012,19
731,1378823100,Standard_HO,VM_013,19
731,1378823100,Standard_HO,VM_023,19
731,1378823100,Standard_HO,VM_025,14
731,1378823100,WA-AHO,VM_001,18
731,1378823100,WA-AHO,VM_003,12
731,1378823100,WA-AHO,VM_011,18
731,1378823100,WA-AHO,VM_012,18
731,1378823100,WA-AHO,VM_013,18
731,1378823100,WA-AHO,VM_023,12
731,1378823100,WA-AHO,VM_025,18
731,1378823100,PABFD,VM_012,10
731,1378823100,PABFD,VM_011,11
731,1378823100,PABFD,VM_025,12
731,1378823100,PABFD,VM_003,13
731,1378823100,PABFD,VM_023,13
731,1378823100,PABFD,VM_001,11
731,1378823100,PABFD,VM_013,12
732,1378823400,Standard_HO,VM_001,11
732,1378823400,Standard_HO,VM_003,19
732,1378823400,Standard_HO,VM_011,19
732,1378823400,Standard_HO,VM_012,19
732,1378823400,Standard_HO,VM_013,19
732,1378823400,Standard_HO,VM_023,19
732,1378823400,Standard_HO,VM_025,11
732,1378823400,WA-AHO,VM_001,11
732,1378823400,WA-AHO,VM_003,19
732,1378823400,WA-AHO,VM_011,19
732,1378823400,WA-AHO,VM_012,19
732,1378823400,WA-AHO,VM_013,19
732,1378823400,WA-AHO,VM_023,19
732,1378823400,WA-AHO,VM_025,11
732,1378823400,PABFD,VM_012,10
732,1378823400,PABFD,VM_011,11
732,1378823400,PABFD,VM_025,12
732,1378823400,PABFD,VM_003,13
732,1378823400,PABFD,VM_023,13
732,1378823400,PABFD,VM_001,11
732,1378823400,PABFD,VM_013,12
733,1378823700,Standard_HO,VM_001,18
733,1378823700,Standard_HO,VM_003,13
733,1378823700,Standard_HO,VM_011,18
733,1378823700,Standard_HO,VM_012,18
733,1378823700,Standard_HO,VM_013,18
733,1378823700,Standard_HO,VM_023,13
733,1378823700,Standard_HO,VM_025,18
733,1378823700,WA-AHO,VM_001,17
733,1378823700,WA-AHO,VM_003,12
733,1378823700,WA-AHO,VM_011,17
733,1378823700,WA-AHO,VM_012,17
733,1378823700,WA-AHO,VM_013,17
733,1378823700,WA-AHO,VM_023,12
733,1378823700,WA-AHO,VM_025,17
733,1378823700,PABFD,VM_012,10
733,1378823700,PABFD,VM_011,11
733,1378823700,PABFD,VM_025,12
733,1378823700,PABFD,VM_003,13
733,1378823700,PABFD,VM_023,13
733,1378823700,PABFD,VM_001,11
733,1378823700,PABFD,VM_013,12
734,1378824000,Standard_HO,VM_001,13
734,1378824000,Standard_HO,VM_003,19
734,1378824000,Standard_HO,VM_011,19
734,1378824000,Standard_HO,VM_012,19
734,1378824000,Standard_HO,VM_013,19
734,1378824000,Standard_HO,VM_023,19
734,1378824000,Standard_HO,VM_025,13
734,1378824000,WA-AHO,VM_001,12
734,1378824000,WA-AHO,VM_003,19
734,1378824000,WA-AHO,VM_011,19
734,1378824000,WA-AHO,VM_012,19
734,1378824000,WA-AHO,VM_013,19
734,1378824000,WA-AHO,VM_023,19
734,1378824000,WA-AHO,VM_025,12
734,1378824000,PABFD,VM_012,10
734,1378824000,PABFD,VM_011,11
734,1378824000,PABFD,VM_025,12
734,1378824000,PABFD,VM_003,13
734,1378824000,PABFD,VM_023,13
734,1378824000,PABFD,VM_001,11
734,1378824000,PABFD,VM_013,12
735,1378824300,Standard_HO,VM_001,13
735,1378824300,Standard_HO,VM_003,19
735,1378824300,Standard_HO,VM_011,13
735,1378824300,Standard_HO,VM_012,19
735,1378824300,Standard_HO,VM_013,19
735,1378824300,Standard_HO,VM_023,19
735,1378824300,Standard_HO,VM_025,19
735,1378824300,WA-AHO,VM_001,15
735,1378824300,WA-AHO,VM_003,18
735,1378824300,WA-AHO,VM_011,15
735,1378824300,WA-AHO,VM_012,18
735,1378824300,WA-AHO,VM_013,18
735,1378824300,WA-AHO,VM_023,18
735,1378824300,WA-AHO,VM_025,18
735,1378824300,PABFD,VM_012,10
735,1378824300,PABFD,VM_011,11
735,1378824300,PABFD,VM_025,12
735,1378824300,PABFD,VM_003,13
735,1378824300,PABFD,VM_023,13
735,1378824300,PABFD,VM_001,11
735,1378824300,PABFD,VM_013,12
736,1378824600,Standard_HO,VM_001,18
736,1378824600,Standard_HO,VM_003,18
736,1378824600,Standard_HO,VM_011,18
736,1378824600,Standard_HO,VM_012,18
736,1378824600,Standard_HO,VM_013,13
736,1378824600,Standard_HO,VM_023,18
736,1378824600,Standard_HO,VM_025,13
736,1378824600,WA-AHO,VM_001,16
736,1378824600,WA-AHO,VM_003,15
736,1378824600,WA-AHO,VM_011,16
736,1378824600,WA-AHO,VM_012,16
736,1378824600,WA-AHO,VM_013,16
736,1378824600,WA-AHO,VM_023,15
736,1378824600,WA-AHO,VM_025,16
736,1378824600,PABFD,VM_012,10
736,1378824600,PABFD,VM_011,11
736,1378824600,PABFD,VM_025,12
736,1378824600,PABFD,VM_003,13
736,1378824600,PABFD,VM_023,13
736,1378824600,PABFD,VM_001,11
736,1378824600,PABFD,VM_013,12
737,1378824900,Standard_HO,VM_001,14
737,1378824900,Standard_HO,VM_003,16
737,1378824900,Standard_HO,VM_011,16
737,1378824900,Standard_HO,VM_012,16
737,1378824900,Standard_HO,VM_013,14
737,1378824900,Standard_HO,VM_023,14
737,1378824900,Standard_HO,VM_025,16
737,1378824900,WA-AHO,VM_001,14
737,1378824900,WA-AHO,VM_003,19
737,1378824900,WA-AHO,VM_011,19
737,1378824900,WA-AHO,VM_012,19
737,1378824900,WA-AHO,VM_013,19
737,1378824900,WA-AHO,VM_023,19
737,1378824900,WA-AHO,VM_025,14
737,1378824900,PABFD,VM_012,10
737,1378824900,PABFD,VM_011,11
737,1378824900,PABFD,VM_025,12
737,1378824900,PABFD,VM_003,13
737,1378824900,PABFD,VM_023,13
737,1378824900,PABFD,VM_001,11
737,1378824900,PABFD,VM_013,12
738,1378825200,Standard_HO,VM_001,16
738,1378825200,Standard_HO,VM_003,11
738,1378825200,Standard_HO,VM_011,16
738,1378825200,Standard_HO,VM_012,16
738,1378825200,Standard_HO,VM_013,16
738,1378825200,Standard_HO,VM_023,11
738,1378825200,Standard_HO,VM_025,16
738,1378825200,WA-AHO,VM_001,16
738,1378825200,WA-AHO,VM_003,10
738,1378825200,WA-AHO,VM_011,16
738,1378825200,WA-AHO,VM_012,16
738,1378825200,WA-AHO,VM_013,16
738,1378825200,WA-AHO,VM_023,10
738,1378825200,WA-AHO,VM_025,16
738,1378825200,PABFD,VM_012,10
738,1378825200,PABFD,VM_011,11
738,1378825200,PABFD,VM_025,12
738,1378825200,PABFD,VM_003,13
738,1378825200,PABFD,VM_023,13
738,1378825200,PABFD,VM_001,11
738,1378825200,PABFD,VM_013,12
739,1378825500,Standard_HO,VM_001,19
739,1378825500,Standard_HO,VM_003,19
739,1378825500,Standard_HO,VM_011,19
739,1378825500,Standard_HO,VM_012,19
739,1378825500,Standard_HO,VM_013,12
739,1378825500,Standard_HO,VM_023,19
739,1378825500,Standard_HO,VM_025,12
739,1378825500,WA-AHO,VM_001,16
739,1378825500,WA-AHO,VM_003,16
739,1378825500,WA-AHO,VM_011,16
739,1378825500,WA-AHO,VM_012,16
739,1378825500,WA-AHO,VM_013,10
739,1378825500,WA-AHO,VM_023,16
739,1378825500,WA-AHO,VM_025,10
739,1378825500,PABFD,VM_012,10
739,1378825500,PABFD,VM_011,11
739,1378825500,PABFD,VM_025,12
739,1378825500,PABFD,VM_003,13
739,1378825500,PABFD,VM_023,13
739,1378825500,PABFD,VM_001,11
739,1378825500,PABFD,VM_013,12
740,1378825800,Standard_HO,VM_001,18
740,1378825800,Standard_HO,VM_003,18
740,1378825800,Standard_HO,VM_011,18
740,1378825800,Standard_HO,VM_012,18
740,1378825800,Standard_HO,VM_013,10
740,1378825800,Standard_HO,VM_023,18
740,1378825800,Standard_HO,VM_025,10
740,1378825800,WA-AHO,VM_001,18
740,1378825800,WA-AHO,VM_003,18
740,1378825800,WA-AHO,VM_011,18
740,1378825800,WA-AHO,VM_012,18
740,1378825800,WA-AHO,VM_013,15
740,1378825800,WA-AHO,VM_023,18
740,1378825800,WA-AHO,VM_025,15
740,1378825800,PABFD,VM_012,10
740,1378825800,PABFD,VM_011,11
740,1378825800,PABFD,VM_025,12
740,1378825800,PABFD,VM_003,13
740,1378825800,PABFD,VM_023,13
740,1378825800,PABFD,VM_001,11
740,1378825800,PABFD,VM_013,12
741,1378826100,Standard_HO,VM_001,17
741,1378826100,Standard_HO,VM_003,17
741,1378826100,Standard_HO,VM_011,17
741,1378826100,Standard_HO,VM_012,17
741,1378826100,Standard_HO,VM_013,14
741,1378826100,Standard_HO,VM_023,17
741,1378826100,Standard_HO,VM_025,14
741,1378826100,WA-AHO,VM_001,16
741,1378826100,WA-AHO,VM_003,16
741,1378826100,WA-AHO,VM_011,16
741,1378826100,WA-AHO,VM_012,16
741,1378826100,WA-AHO,VM_013,11
741,1378826100,WA-AHO,VM_023,16
741,1378826100,WA-AHO,VM_025,11
741,1378826100,PABFD,VM_012,10
741,1378826100,PABFD,VM_011,11
741,1378826100,PABFD,VM_025,12
741,1378826100,PABFD,VM_003,13
741,1378826100,PABFD,VM_023,13
741,1378826100,PABFD,VM_001,11
741,1378826100,PABFD,VM_013,12
742,1378826400,Standard_HO,VM_001,16
742,1378826400,Standard_HO,VM_003,16
742,1378826400,Standard_HO,VM_011,16
742,1378826400,Standard_HO,VM_012,16
742,1378826400,Standard_HO,VM_013,15
742,1378826400,Standard_HO,VM_023,16
742,1378826400,Standard_HO,VM_025,15
742,1378826400,WA-AHO,VM_001,16
742,1378826400,WA-AHO,VM_003,16
742,1378826400,WA-AHO,VM_011,16
742,1378826400,WA-AHO,VM_012,16
742,1378826400,WA-AHO,VM_013,15
742,1378826400,WA-AHO,VM_023,16
742,1378826400,WA-AHO,VM_025,15
742,1378826400,PABFD,VM_012,10
742,1378826400,PABFD,VM_011,11
742,1378826400,PABFD,VM_025,12
742,1378826400,PABFD,VM_003,13
742,1378826400,PABFD,VM_023,13
742,1378826400,PABFD,VM_001,11
742,1378826400,PABFD,VM_013,12
743,1378826700,Standard_HO,VM_001,19
743,1378826700,Standard_HO,VM_003,11
743,1378826700,Standard_HO,VM_011,19
743,1378826700,Standard_HO,VM_012,19
743,1378826700,Standard_HO,VM_013,19
743,1378826700,Standard_HO,VM_023,11
743,1378826700,Standard_HO,VM_025,19
743,1378826700,WA-AHO,VM_001,19
743,1378826700,WA-AHO,VM_003,14
743,1378826700,WA-AHO,VM_011,19
743,1378826700,WA-AHO,VM_012,19
743,1378826700,WA-AHO,VM_013,19
743,1378826700,WA-AHO,VM_023,14
743,1378826700,WA-AHO,VM_025,19
743,1378826700,PABFD,VM_012,10
743,1378826700,PABFD,VM_011,11
743,1378826700,PABFD,VM_025,12
743,1378826700,PABFD,VM_003,13
743,1378826700,PABFD,VM_023,13
743,1378826700,PABFD,VM_001,11
743,1378826700,PABFD,VM_013,12
744,1378827000,Standard_HO,VM_001,19
744,1378827000,Standard_HO,VM_003,19
744,1378827000,Standard_HO,VM_011,19
744,1378827000,Standard_HO,VM_012,19
744,1378827000,Standard_HO,VM_013,15
744,1378827000,Standard_HO,VM_023,19
744,1378827000,Standard_HO,VM_025,15
744,1378827000,WA-AHO,VM_001,19
744,1378827000,WA-AHO,VM_003,19
744,1378827000,WA-AHO,VM_011,19
744,1378827000,WA-AHO,VM_012,19
744,1378827000,WA-AHO,VM_013,15
744,1378827000,WA-AHO,VM_023,19
744,1378827000,WA-AHO,VM_025,15
744,1378827000,PABFD,VM_012,10
744,1378827000,PABFD,VM_011,11
744,1378827000,PABFD,VM_025,12
744,1378827000,PABFD,VM_003,13
744,1378827000,PABFD,VM_023,13
744,1378827000,PABFD,VM_001,11
744,1378827000,PABFD,VM_013,12
745,1378827300,Standard_HO,VM_001,17
745,1378827300,Standard_HO,VM_003,17
745,1378827300,Standard_HO,VM_011,17
745,1378827300,Standard_HO,VM_012,17
745,1378827300,Standard_HO,VM_013,14
745,1378827300,Standard_HO,VM_023,17
745,1378827300,Standard_HO,VM_025,14
745,1378827300,WA-AHO,VM_001,17
745,1378827300,WA-AHO,VM_003,17
745,1378827300,WA-AHO,VM_011,17
745,1378827300,WA-AHO,VM_012,17
745,1378827300,WA-AHO,VM_013,14
745,1378827300,WA-AHO,VM_023,17
745,1378827300,WA-AHO,VM_025,14
745,1378827300,PABFD,VM_012,10
745,1378827300,PABFD,VM_011,11
745,1378827300,PABFD,VM_025,12
745,1378827300,PABFD,VM_003,13
745,1378827300,PABFD,VM_023,13
745,1378827300,PABFD,VM_001,11
745,1378827300,PABFD,VM_013,12
746,1378827600,Standard_HO,VM_001,17
746,1378827600,Standard_HO,VM_003,17
746,1378827600,Standard_HO,VM_011,17
746,1378827600,Standard_HO,VM_012,17
746,1378827600,Standard_HO,VM_013,12
746,1378827600,Standard_HO,VM_023,17
746,1378827600,Standard_HO,VM_025,12
746,1378827600,WA-AHO,VM_001,19
746,1378827600,WA-AHO,VM_003,19
746,1378827600,WA-AHO,VM_011,19
746,1378827600,WA-AHO,VM_012,19
746,1378827600,WA-AHO,VM_013,11
746,1378827600,WA-AHO,VM_023,19
746,1378827600,WA-AHO,VM_025,11
746,1378827600,PABFD,VM_012,10
746,1378827600,PABFD,VM_011,11
746,1378827600,PABFD,VM_025,12
746,1378827600,PABFD,VM_003,13
746,1378827600,PABFD,VM_023,13
746,1378827600,PABFD,VM_001,11
746,1378827600,PABFD,VM_013,12
747,1378827900,Standard_HO,VM_001,17
747,1378827900,Standard_HO,VM_003,10
747,1378827900,Standard_HO,VM_011,17
747,1378827900,Standard_HO,VM_012,17
747,1378827900,Standard_HO,VM_013,17
747,1378827900,Standard_HO,VM_023,10
747,1378827900,Standard_HO,VM_025,17
747,1378827900,WA-AHO,VM_001,16
747,1378827900,WA-AHO,VM_003,14
747,1378827900,WA-AHO,VM_011,16
747,1378827900,WA-AHO,VM_012,16
747,1378827900,WA-AHO,VM_013,16
747,1378827900,WA-AHO,VM_023,14
747,1378827900,WA-AHO,VM_025,16
747,1378827900,PABFD,VM_012,10
747,1378827900,PABFD,VM_011,11
747,1378827900,PABFD,VM_025,12
747,1378827900,PABFD,VM_003,13
747,1378827900,PABFD,VM_023,13
747,1378827900,PABFD,VM_001,11
747,1378827900,PABFD,VM_013,12
748,1378828200,Standard_HO,VM_001,16
748,1378828200,Standard_HO,VM_003,16
748,1378828200,Standard_HO,VM_011,16
748,1378828200,Standard_HO,VM_012,16
748,1378828200,Standard_HO,VM_013,14
748,1378828200,Standard_HO,VM_023,16
748,1378828200,Standard_HO,VM_025,14
748,1378828200,WA-AHO,VM_001,16
748,1378828200,WA-AHO,VM_003,16
748,1378828200,WA-AHO,VM_011,16
748,1378828200,WA-AHO,VM_012,16
748,1378828200,WA-AHO,VM_013,14
748,1378828200,WA-AHO,VM_023,16
748,1378828200,WA-AHO,VM_025,14
748,1378828200,PABFD,VM_012,10
748,1378828200,PABFD,VM_011,11
748,1378828200,PABFD,VM_025,12
748,1378828200,PABFD,VM_003,13
748,1378828200,PABFD,VM_023,13
748,1378828200,PABFD,VM_001,11
748,1378828200,PABFD,VM_013,12
749,1378828500,Standard_HO,VM_001,18
749,1378828500,Standard_HO,VM_003,13
749,1378828500,Standard_HO,VM_011,18
749,1378828500,Standard_HO,VM_012,18
749,1378828500,Standard_HO,VM_013,18
749,1378828500,Standard_HO,VM_023,13
749,1378828500,Standard_HO,VM_025,18
749,1378828500,WA-AHO,VM_001,19
749,1378828500,WA-AHO,VM_003,10
749,1378828500,WA-AHO,VM_011,19
749,1378828500,WA-AHO,VM_012,19
749,1378828500,WA-AHO,VM_013,19
749,1378828500,WA-AHO,VM_023,10
749,1378828500,WA-AHO,VM_025,19
749,1378828500,PABFD,VM_012,10
749,1378828500,PABFD,VM_011,11
749,1378828500,PABFD,VM_025,12
749,1378828500,PABFD,VM_003,13
749,1378828500,PABFD,VM_023,13
749,1378828500,PABFD,VM_001,11
749,1378828500,PABFD,VM_013,12
750,1378828800,Standard_HO,VM_001,15
750,1378828800,Standard_HO,VM_003,18
750,1378828800,Standard_HO,VM_011,18
750,1378828800,Standard_HO,VM_012,18
750,1378828800,Standard_HO,VM_013,15
750,1378828800,Standard_HO,VM_023,15
750,1378828800,Standard_HO,VM_025,18
750,1378828800,WA-AHO,VM_001,17
750,1378828800,WA-AHO,VM_003,17
750,1378828800,WA-AHO,VM_011,17
750,1378828800,WA-AHO,VM_012,17
750,1378828800,WA-AHO,VM_013,13
750,1378828800,WA-AHO,VM_023,17
750,1378828800,WA-AHO,VM_025,13
750,1378828800,PABFD,VM_012,10
750,1378828800,PABFD,VM_011,11
750,1378828800,PABFD,VM_025,12
750,1378828800,PABFD,VM_003,13
750,1378828800,PABFD,VM_023,13
750,1378828800,PABFD,VM_001,11
750,1378828800,PABFD,VM_013,12
751,1378829100,Standard_HO,VM_001,18
751,1378829100,Standard_HO,VM_003,15
751,1378829100,Standard_HO,VM_011,18
751,1378829100,Standard_HO,VM_012,18
751,1378829100,Standard_HO,VM_013,18
751,1378829100,Standard_HO,VM_023,15
751,1378829100,Standard_HO,VM_025,18
751,1378829100,WA-AHO,VM_001,19
751,1378829100,WA-AHO,VM_003,10
751,1378829100,WA-AHO,VM_011,19
751,1378829100,WA-AHO,VM_012,19
751,1378829100,WA-AHO,VM_013,19
751,1378829100,WA-AHO,VM_023,10
751,1378829100,WA-AHO,VM_025,19
751,1378829100,PABFD,VM_012,10
751,1378829100,PABFD,VM_011,11
751,1378829100,PABFD,VM_025,12
751,1378829100,PABFD,VM_003,13
751,1378829100,PABFD,VM_023,13
751,1378829100,PABFD,VM_001,11
751,1378829100,PABFD,VM_013,12
752,1378829400,Standard_HO,VM_001,19
752,1378829400,Standard_HO,VM_003,19
752,1378829400,Standard_HO,VM_011,19
752,1378829400,Standard_HO,VM_012,19
752,1378829400,Standard_HO,VM_013,14
752,1378829400,Standard_HO,VM_023,19
752,1378829400,Standard_HO,VM_025,14
752,1378829400,WA-AHO,VM_001,18
752,1378829400,WA-AHO,VM_003,18
752,1378829400,WA-AHO,VM_011,18
752,1378829400,WA-AHO,VM_012,18
752,1378829400,WA-AHO,VM_013,13
752,1378829400,WA-AHO,VM_023,18
752,1378829400,WA-AHO,VM_025,13
752,1378829400,PABFD,VM_012,10
752,1378829400,PABFD,VM_011,11
752,1378829400,PABFD,VM_025,12
752,1378829400,PABFD,VM_003,13
752,1378829400,PABFD,VM_023,13
752,1378829400,PABFD,VM_001,11
752,1378829400,PABFD,VM_013,12
753,1378829700,Standard_HO,VM_001,17
753,1378829700,Standard_HO,VM_003,14
753,1378829700,Standard_HO,VM_011,17
753,1378829700,Standard_HO,VM_012,17
753,1378829700,Standard_HO,VM_013,17
753,1378829700,Standard_HO,VM_023,14
753,1378829700,Standard_HO,VM_025,17
753,1378829700,WA-AHO,VM_001,17
753,1378829700,WA-AHO,VM_003,14
753,1378829700,WA-AHO,VM_011,17
753,1378829700,WA-AHO,VM_012,17
753,1378829700,WA-AHO,VM_013,17
753,1378829700,WA-AHO,VM_023,14
753,1378829700,WA-AHO,VM_025,17
753,1378829700,PABFD,VM_012,10
753,1378829700,PABFD,VM_011,11
753,1378829700,PABFD,VM_025,12
753,1378829700,PABFD,VM_003,13
753,1378829700,PABFD,VM_023,13
753,1378829700,PABFD,VM_001,11
753,1378829700,PABFD,VM_013,12
754,1378830000,Standard_HO,VM_001,16
754,1378830000,Standard_HO,VM_003,16
754,1378830000,Standard_HO,VM_011,16
754,1378830000,Standard_HO,VM_012,16
754,1378830000,Standard_HO,VM_013,11
754,1378830000,Standard_HO,VM_023,16
754,1378830000,Standard_HO,VM_025,11
754,1378830000,WA-AHO,VM_001,18
754,1378830000,WA-AHO,VM_003,18
754,1378830000,WA-AHO,VM_011,18
754,1378830000,WA-AHO,VM_012,18
754,1378830000,WA-AHO,VM_013,13
754,1378830000,WA-AHO,VM_023,18
754,1378830000,WA-AHO,VM_025,13
754,1378830000,PABFD,VM_012,10
754,1378830000,PABFD,VM_011,11
754,1378830000,PABFD,VM_025,12
754,1378830000,PABFD,VM_003,13
754,1378830000,PABFD,VM_023,13
754,1378830000,PABFD,VM_001,11
754,1378830000,PABFD,VM_013,12
755,1378830300,Standard_HO,VM_001,11
755,1378830300,Standard_HO,VM_003,17
755,1378830300,Standard_HO,VM_011,17
755,1378830300,Standard_HO,VM_012,17
755,1378830300,Standard_HO,VM_013,17
755,1378830300,Standard_HO,VM_023,17
755,1378830300,Standard_HO,VM_025,11
755,1378830300,WA-AHO,VM_001,12
755,1378830300,WA-AHO,VM_003,19
755,1378830300,WA-AHO,VM_011,19
755,1378830300,WA-AHO,VM_012,19
755,1378830300,WA-AHO,VM_013,19
755,1378830300,WA-AHO,VM_023,19
755,1378830300,WA-AHO,VM_025,12
755,1378830300,PABFD,VM_012,10
755,1378830300,PABFD,VM_011,11
755,1378830300,PABFD,VM_025,12
755,1378830300,PABFD,VM_003,13
755,1378830300,PABFD,VM_023,13
755,1378830300,PABFD,VM_001,11
755,1378830300,PABFD,VM_013,12
756,1378830600,Standard_HO,VM_001,14
756,1378830600,Standard_HO,VM_003,14
756,1378830600,Standard_HO,VM_011,18
756,1378830600,Standard_HO,VM_012,18
756,1378830600,Standard_HO,VM_013,14
756,1378830600,Standard_HO,VM_023,18
756,1378830600,Standard_HO,VM_025,18
756,1378830600,WA-AHO,VM_001,18
756,1378830600,WA-AHO,VM_003,18
756,1378830600,WA-AHO,VM_011,18
756,1378830600,WA-AHO,VM_012,18
756,1378830600,WA-AHO,VM_013,13
756,1378830600,WA-AHO,VM_023,18
756,1378830600,WA-AHO,VM_025,13
756,1378830600,PABFD,VM_012,10
756,1378830600,PABFD,VM_011,11
756,1378830600,PABFD,VM_025,12
756,1378830600,PABFD,VM_003,13
756,1378830600,PABFD,VM_023,13
756,1378830600,PABFD,VM_001,11
756,1378830600,PABFD,VM_013,12
757,1378830900,Standard_HO,VM_001,11
757,1378830900,Standard_HO,VM_003,11
757,1378830900,Standard_HO,VM_011,17
757,1378830900,Standard_HO,VM_012,17
757,1378830900,Standard_HO,VM_013,11
757,1378830900,Standard_HO,VM_023,17
757,1378830900,Standard_HO,VM_025,17
757,1378830900,WA-AHO,VM_001,13
757,1378830900,WA-AHO,VM_003,13
757,1378830900,WA-AHO,VM_011,16
757,1378830900,WA-AHO,VM_012,16
757,1378830900,WA-AHO,VM_013,13
757,1378830900,WA-AHO,VM_023,16
757,1378830900,WA-AHO,VM_025,16
757,1378830900,PABFD,VM_012,10
757,1378830900,PABFD,VM_011,11
757,1378830900,PABFD,VM_025,12
757,1378830900,PABFD,VM_003,13
757,1378830900,PABFD,VM_023,13
757,1378830900,PABFD,VM_001,11
757,1378830900,PABFD,VM_013,12
758,1378831200,Standard_HO,VM_001,10
758,1378831200,Standard_HO,VM_003,16
758,1378831200,Standard_HO,VM_011,16
758,1378831200,Standard_HO,VM_012,16
758,1378831200,Standard_HO,VM_013,16
758,1378831200,Standard_HO,VM_023,16
758,1378831200,Standard_HO,VM_025,10
758,1378831200,WA-AHO,VM_001,14
758,1378831200,WA-AHO,VM_003,14
758,1378831200,WA-AHO,VM_011,17
758,1378831200,WA-AHO,VM_012,17
758,1378831200,WA-AHO,VM_013,14
758,1378831200,WA-AHO,VM_023,17
758,1378831200,WA-AHO,VM_025,17
758,1378831200,PABFD,VM_012,10
758,1378831200,PABFD,VM_011,11
758,1378831200,PABFD,VM_025,12
758,1378831200,PABFD,VM_003,13
758,1378831200,PABFD,VM_023,13
758,1378831200,PABFD,VM_001,11
758,1378831200,PABFD,VM_013,12
759,1378831500,Standard_HO,VM_001,18
759,1378831500,Standard_HO,VM_003,18
759,1378831500,Standard_HO,VM_011,18
759,1378831500,Standard_HO,VM_012,18
759,1378831500,Standard_HO,VM_013,11
759,1378831500,Standard_HO,VM_023,18
759,1378831500,Standard_HO,VM_025,11
759,1378831500,WA-AHO,VM_001,18
759,1378831500,WA-AHO,VM_003,18
759,1378831500,WA-AHO,VM_011,18
759,1378831500,WA-AHO,VM_012,18
759,1378831500,WA-AHO,VM_013,11
759,1378831500,WA-AHO,VM_023,18
759,1378831500,WA-AHO,VM_025,11
759,1378831500,PABFD,VM_012,10
759,1378831500,PABFD,VM_011,11
759,1378831500,PABFD,VM_025,12
759,1378831500,PABFD,VM_003,13
759,1378831500,PABFD,VM_023,13
759,1378831500,PABFD,VM_001,11
759,1378831500,PABFD,VM_013,12
760,1378831800,Standard_HO,VM_001,19
760,1378831800,Standard_HO,VM_003,12
760,1378831800,Standard_HO,VM_011,19
760,1378831800,Standard_HO,VM_012,19
760,1378831800,Standard_HO,VM_013,19
760,1378831800,Standard_HO,VM_023,12
760,1378831800,Standard_HO,VM_025,19
760,1378831800,WA-AHO,VM_001,19
760,1378831800,WA-AHO,VM_003,12
760,1378831800,WA-AHO,VM_011,19
760,1378831800,WA-AHO,VM_012,19
760,1378831800,WA-AHO,VM_013,19
760,1378831800,WA-AHO,VM_023,12
760,1378831800,WA-AHO,VM_025,19
760,1378831800,PABFD,VM_012,10
760,1378831800,PABFD,VM_011,11
760,1378831800,PABFD,VM_025,12
760,1378831800,PABFD,VM_003,13
760,1378831800,PABFD,VM_023,13
760,1378831800,PABFD,VM_001,11
760,1378831800,PABFD,VM_013,12
761,1378832100,Standard_HO,VM_001,10
761,1378832100,Standard_HO,VM_003,17
761,1378832100,Standard_HO,VM_011,17
761,1378832100,Standard_HO,VM_012,17
761,1378832100,Standard_HO,VM_013,10
761,1378832100,Standard_HO,VM_023,10
761,1378832100,Standard_HO,VM_025,17
761,1378832100,WA-AHO,VM_001,10
761,1378832100,WA-AHO,VM_003,19
761,1378832100,WA-AHO,VM_011,19
761,1378832100,WA-AHO,VM_012,19
761,1378832100,WA-AHO,VM_013,19
761,1378832100,WA-AHO,VM_023,19
761,1378832100,WA-AHO,VM_025,10
761,1378832100,PABFD,VM_012,10
761,1378832100,PABFD,VM_011,11
761,1378832100,PABFD,VM_025,12
761,1378832100,PABFD,VM_003,13
761,1378832100,PABFD,VM_023,13
761,1378832100,PABFD,VM_001,11
761,1378832100,PABFD,VM_013,12
762,1378832400,Standard_HO,VM_001,15
762,1378832400,Standard_HO,VM_003,15
762,1378832400,Standard_HO,VM_011,19
762,1378832400,Standard_HO,VM_012,19
762,1378832400,Standard_HO,VM_013,15
762,1378832400,Standard_HO,VM_023,19
762,1378832400,Standard_HO,VM_025,19
762,1378832400,WA-AHO,VM_001,14
762,1378832400,WA-AHO,VM_003,19
762,1378832400,WA-AHO,VM_011,19
762,1378832400,WA-AHO,VM_012,19
762,1378832400,WA-AHO,VM_013,14
762,1378832400,WA-AHO,VM_023,14
762,1378832400,WA-AHO,VM_025,19
762,1378832400,PABFD,VM_012,10
762,1378832400,PABFD,VM_011,11
762,1378832400,PABFD,VM_025,12
762,1378832400,PABFD,VM_003,13
762,1378832400,PABFD,VM_023,13
762,1378832400,PABFD,VM_001,11
762,1378832400,PABFD,VM_013,12
763,1378832700,Standard_HO,VM_001,12
763,1378832700,Standard_HO,VM_003,19
763,1378832700,Standard_HO,VM_011,19
763,1378832700,Standard_HO,VM_012,19
763,1378832700,Standard_HO,VM_013,19
763,1378832700,Standard_HO,VM_023,19
763,1378832700,Standard_HO,VM_025,12
763,1378832700,WA-AHO,VM_001,11
763,1378832700,WA-AHO,VM_003,11
763,1378832700,WA-AHO,VM_011,18
763,1378832700,WA-AHO,VM_012,18
763,1378832700,WA-AHO,VM_013,11
763,1378832700,WA-AHO,VM_023,18
763,1378832700,WA-AHO,VM_025,18
763,1378832700,PABFD,VM_012,10
763,1378832700,PABFD,VM_011,11
763,1378832700,PABFD,VM_025,12
763,1378832700,PABFD,VM_003,13
763,1378832700,PABFD,VM_023,13
763,1378832700,PABFD,VM_001,11
763,1378832700,PABFD,VM_013,12
764,1378833000,Standard_HO,VM_001,19
764,1378833000,Standard_HO,VM_003,15
764,1378833000,Standard_HO,VM_011,19
764,1378833000,Standard_HO,VM_012,19
764,1378833000,Standard_HO,VM_013,19
764,1378833000,Standard_HO,VM_023,15
764,1378833000,Standard_HO,VM_025,19
764,1378833000,WA-AHO,VM_001,16
764,1378833000,WA-AHO,VM_003,16
764,1378833000,WA-AHO,VM_011,16
764,1378833000,WA-AHO,VM_012,16
764,1378833000,WA-AHO,VM_013,13
764,1378833000,WA-AHO,VM_023,16
764,1378833000,WA-AHO,VM_025,13
764,1378833000,PABFD,VM_012,10
764,1378833000,PABFD,VM_011,11
764,1378833000,PABFD,VM_025,12
764,1378833000,PABFD,VM_003,13
764,1378833000,PABFD,VM_023,13
764,1378833000,PABFD,VM_001,11
764,1378833000,PABFD,VM_013,12
765,1378833300,Standard_HO,VM_001,16
765,1378833300,Standard_HO,VM_003,15
765,1378833300,Standard_HO,VM_011,16
765,1378833300,Standard_HO,VM_012,16
765,1378833300,Standard_HO,VM_013,16
765,1378833300,Standard_HO,VM_023,15
765,1378833300,Standard_HO,VM_025,16
765,1378833300,WA-AHO,VM_001,17
765,1378833300,WA-AHO,VM_003,13
765,1378833300,WA-AHO,VM_011,17
765,1378833300,WA-AHO,VM_012,17
765,1378833300,WA-AHO,VM_013,17
765,1378833300,WA-AHO,VM_023,13
765,1378833300,WA-AHO,VM_025,17
765,1378833300,PABFD,VM_012,10
765,1378833300,PABFD,VM_011,11
765,1378833300,PABFD,VM_025,12
765,1378833300,PABFD,VM_003,13
765,1378833300,PABFD,VM_023,13
765,1378833300,PABFD,VM_001,11
765,1378833300,PABFD,VM_013,12
766,1378833600,Standard_HO,VM_001,19
766,1378833600,Standard_HO,VM_003,11
766,1378833600,Standard_HO,VM_011,19
766,1378833600,Standard_HO,VM_012,19
766,1378833600,Standard_HO,VM_013,19
766,1378833600,Standard_HO,VM_023,11
766,1378833600,Standard_HO,VM_025,19
766,1378833600,WA-AHO,VM_001,17
766,1378833600,WA-AHO,VM_003,15
766,1378833600,WA-AHO,VM_011,17
766,1378833600,WA-AHO,VM_012,17
766,1378833600,WA-AHO,VM_013,17
766,1378833600,WA-AHO,VM_023,15
766,1378833600,WA-AHO,VM_025,17
766,1378833600,PABFD,VM_012,10
766,1378833600,PABFD,VM_011,11
766,1378833600,PABFD,VM_025,12
766,1378833600,PABFD,VM_003,13
766,1378833600,PABFD,VM_023,13
766,1378833600,PABFD,VM_001,11
766,1378833600,PABFD,VM_013,12
767,1378833900,Standard_HO,VM_001,18
767,1378833900,Standard_HO,VM_003,15
767,1378833900,Standard_HO,VM_011,18
767,1378833900,Standard_HO,VM_012,18
767,1378833900,Standard_HO,VM_013,18
767,1378833900,Standard_HO,VM_023,15
767,1378833900,Standard_HO,VM_025,18
767,1378833900,WA-AHO,VM_001,19
767,1378833900,WA-AHO,VM_003,15
767,1378833900,WA-AHO,VM_011,19
767,1378833900,WA-AHO,VM_012,19
767,1378833900,WA-AHO,VM_013,19
767,1378833900,WA-AHO,VM_023,15
767,1378833900,WA-AHO,VM_025,19
767,1378833900,PABFD,VM_012,10
767,1378833900,PABFD,VM_011,11
767,1378833900,PABFD,VM_025,12
767,1378833900,PABFD,VM_003,13
767,1378833900,PABFD,VM_023,13
767,1378833900,PABFD,VM_001,11
767,1378833900,PABFD,VM_013,12
768,1378834200,Standard_HO,VM_001,18
768,1378834200,Standard_HO,VM_003,18
768,1378834200,Standard_HO,VM_011,18
768,1378834200,Standard_HO,VM_012,18
768,1378834200,Standard_HO,VM_013,15
768,1378834200,Standard_HO,VM_023,18
768,1378834200,Standard_HO,VM_025,15
768,1378834200,WA-AHO,VM_001,19
768,1378834200,WA-AHO,VM_003,19
768,1378834200,WA-AHO,VM_011,19
768,1378834200,WA-AHO,VM_012,19
768,1378834200,WA-AHO,VM_013,15
768,1378834200,WA-AHO,VM_023,19
768,1378834200,WA-AHO,VM_025,15
768,1378834200,PABFD,VM_012,10
768,1378834200,PABFD,VM_011,11
768,1378834200,PABFD,VM_025,12
768,1378834200,PABFD,VM_003,13
768,1378834200,PABFD,VM_023,13
768,1378834200,PABFD,VM_001,11
768,1378834200,PABFD,VM_013,12
769,1378834500,Standard_HO,VM_001,18
769,1378834500,Standard_HO,VM_003,11
769,1378834500,Standard_HO,VM_011,18
769,1378834500,Standard_HO,VM_012,18
769,1378834500,Standard_HO,VM_013,18
769,1378834500,Standard_HO,VM_023,11
769,1378834500,Standard_HO,VM_025,18
769,1378834500,WA-AHO,VM_001,18
769,1378834500,WA-AHO,VM_003,15
769,1378834500,WA-AHO,VM_011,18
769,1378834500,WA-AHO,VM_012,18
769,1378834500,WA-AHO,VM_013,18
769,1378834500,WA-AHO,VM_023,15
769,1378834500,WA-AHO,VM_025,18
769,1378834500,PABFD,VM_012,10
769,1378834500,PABFD,VM_011,11
769,1378834500,PABFD,VM_025,12
769,1378834500,PABFD,VM_003,13
769,1378834500,PABFD,VM_023,13
769,1378834500,PABFD,VM_001,11
769,1378834500,PABFD,VM_013,12
770,1378834800,Standard_HO,VM_001,18
770,1378834800,Standard_HO,VM_003,18
770,1378834800,Standard_HO,VM_011,18
770,1378834800,Standard_HO,VM_012,18
770,1378834800,Standard_HO,VM_013,13
770,1378834800,Standard_HO,VM_023,18
770,1378834800,Standard_HO,VM_025,13
770,1378834800,WA-AHO,VM_001,17
770,1378834800,WA-AHO,VM_003,17
770,1378834800,WA-AHO,VM_011,17
770,1378834800,WA-AHO,VM_012,17
770,1378834800,WA-AHO,VM_013,14
770,1378834800,WA-AHO,VM_023,17
770,1378834800,WA-AHO,VM_025,14
770,1378834800,PABFD,VM_012,10
770,1378834800,PABFD,VM_011,11
770,1378834800,PABFD,VM_025,12
770,1378834800,PABFD,VM_003,13
770,1378834800,PABFD,VM_023,13
770,1378834800,PABFD,VM_001,11
770,1378834800,PABFD,VM_013,12
771,1378835100,Standard_HO,VM_001,18
771,1378835100,Standard_HO,VM_003,11
771,1378835100,Standard_HO,VM_011,18
771,1378835100,Standard_HO,VM_012,18
771,1378835100,Standard_HO,VM_013,18
771,1378835100,Standard_HO,VM_023,11
771,1378835100,Standard_HO,VM_025,18
771,1378835100,WA-AHO,VM_001,18
771,1378835100,WA-AHO,VM_003,11
771,1378835100,WA-AHO,VM_011,18
771,1378835100,WA-AHO,VM_012,18
771,1378835100,WA-AHO,VM_013,18
771,1378835100,WA-AHO,VM_023,11
771,1378835100,WA-AHO,VM_025,18
771,1378835100,PABFD,VM_012,10
771,1378835100,PABFD,VM_011,11
771,1378835100,PABFD,VM_025,12
771,1378835100,PABFD,VM_003,13
771,1378835100,PABFD,VM_023,13
771,1378835100,PABFD,VM_001,11
771,1378835100,PABFD,VM_013,12
772,1378835400,Standard_HO,VM_001,17
772,1378835400,Standard_HO,VM_003,14
772,1378835400,Standard_HO,VM_011,17
772,1378835400,Standard_HO,VM_012,17
772,1378835400,Standard_HO,VM_013,17
772,1378835400,Standard_HO,VM_023,14
772,1378835400,Standard_HO,VM_025,17
772,1378835400,WA-AHO,VM_001,18
772,1378835400,WA-AHO,VM_003,14
772,1378835400,WA-AHO,VM_011,18
772,1378835400,WA-AHO,VM_012,18
772,1378835400,WA-AHO,VM_013,18
772,1378835400,WA-AHO,VM_023,14
772,1378835400,WA-AHO,VM_025,18
772,1378835400,PABFD,VM_012,10
772,1378835400,PABFD,VM_011,11
772,1378835400,PABFD,VM_025,12
772,1378835400,PABFD,VM_003,13
772,1378835400,PABFD,VM_023,13
772,1378835400,PABFD,VM_001,11
772,1378835400,PABFD,VM_013,12
773,1378835700,Standard_HO,VM_001,19
773,1378835700,Standard_HO,VM_003,13
773,1378835700,Standard_HO,VM_011,19
773,1378835700,Standard_HO,VM_012,19
773,1378835700,Standard_HO,VM_013,19
773,1378835700,Standard_HO,VM_023,13
773,1378835700,Standard_HO,VM_025,19
773,1378835700,WA-AHO,VM_001,16
773,1378835700,WA-AHO,VM_003,15
773,1378835700,WA-AHO,VM_011,16
773,1378835700,WA-AHO,VM_012,16
773,1378835700,WA-AHO,VM_013,16
773,1378835700,WA-AHO,VM_023,15
773,1378835700,WA-AHO,VM_025,16
773,1378835700,PABFD,VM_012,10
773,1378835700,PABFD,VM_011,11
773,1378835700,PABFD,VM_025,12
773,1378835700,PABFD,VM_003,13
773,1378835700,PABFD,VM_023,13
773,1378835700,PABFD,VM_001,11
773,1378835700,PABFD,VM_013,12
774,1378836000,Standard_HO,VM_001,17
774,1378836000,Standard_HO,VM_003,12
774,1378836000,Standard_HO,VM_011,17
774,1378836000,Standard_HO,VM_012,17
774,1378836000,Standard_HO,VM_013,17
774,1378836000,Standard_HO,VM_023,12
774,1378836000,Standard_HO,VM_025,17
774,1378836000,WA-AHO,VM_001,18
774,1378836000,WA-AHO,VM_003,14
774,1378836000,WA-AHO,VM_011,18
774,1378836000,WA-AHO,VM_012,18
774,1378836000,WA-AHO,VM_013,18
774,1378836000,WA-AHO,VM_023,14
774,1378836000,WA-AHO,VM_025,18
774,1378836000,PABFD,VM_012,10
774,1378836000,PABFD,VM_011,11
774,1378836000,PABFD,VM_025,12
774,1378836000,PABFD,VM_003,13
774,1378836000,PABFD,VM_023,13
774,1378836000,PABFD,VM_001,11
774,1378836000,PABFD,VM_013,12
775,1378836300,Standard_HO,VM_001,16
775,1378836300,Standard_HO,VM_003,16
775,1378836300,Standard_HO,VM_011,16
775,1378836300,Standard_HO,VM_012,16
775,1378836300,Standard_HO,VM_013,15
775,1378836300,Standard_HO,VM_023,16
775,1378836300,Standard_HO,VM_025,15
775,1378836300,WA-AHO,VM_001,18
775,1378836300,WA-AHO,VM_003,11
775,1378836300,WA-AHO,VM_011,18
775,1378836300,WA-AHO,VM_012,18
775,1378836300,WA-AHO,VM_013,18
775,1378836300,WA-AHO,VM_023,11
775,1378836300,WA-AHO,VM_025,18
775,1378836300,PABFD,VM_012,10
775,1378836300,PABFD,VM_011,11
775,1378836300,PABFD,VM_025,12
775,1378836300,PABFD,VM_003,13
775,1378836300,PABFD,VM_023,13
775,1378836300,PABFD,VM_001,11
775,1378836300,PABFD,VM_013,12
776,1378836600,Standard_HO,VM_001,14
776,1378836600,Standard_HO,VM_003,19
776,1378836600,Standard_HO,VM_011,19
776,1378836600,Standard_HO,VM_012,19
776,1378836600,Standard_HO,VM_013,19
776,1378836600,Standard_HO,VM_023,19
776,1378836600,Standard_HO,VM_025,14
776,1378836600,WA-AHO,VM_001,14
776,1378836600,WA-AHO,VM_003,18
776,1378836600,WA-AHO,VM_011,18
776,1378836600,WA-AHO,VM_012,18
776,1378836600,WA-AHO,VM_013,18
776,1378836600,WA-AHO,VM_023,18
776,1378836600,WA-AHO,VM_025,14
776,1378836600,PABFD,VM_012,10
776,1378836600,PABFD,VM_011,11
776,1378836600,PABFD,VM_025,12
776,1378836600,PABFD,VM_003,13
776,1378836600,PABFD,VM_023,13
776,1378836600,PABFD,VM_001,11
776,1378836600,PABFD,VM_013,12
777,1378836900,Standard_HO,VM_001,12
777,1378836900,Standard_HO,VM_003,19
777,1378836900,Standard_HO,VM_011,19
777,1378836900,Standard_HO,VM_012,19
777,1378836900,Standard_HO,VM_013,12
777,1378836900,Standard_HO,VM_023,12
777,1378836900,Standard_HO,VM_025,19
777,1378836900,WA-AHO,VM_001,17
777,1378836900,WA-AHO,VM_003,14
777,1378836900,WA-AHO,VM_011,17
777,1378836900,WA-AHO,VM_012,17
777,1378836900,WA-AHO,VM_013,17
777,1378836900,WA-AHO,VM_023,14
777,1378836900,WA-AHO,VM_025,17
777,1378836900,PABFD,VM_012,10
777,1378836900,PABFD,VM_011,11
777,1378836900,PABFD,VM_025,12
777,1378836900,PABFD,VM_003,13
777,1378836900,PABFD,VM_023,13
777,1378836900,PABFD,VM_001,11
777,1378836900,PABFD,VM_013,12
778,1378837200,Standard_HO,VM_001,15
778,1378837200,Standard_HO,VM_003,19
778,1378837200,Standard_HO,VM_011,19
778,1378837200,Standard_HO,VM_012,19
778,1378837200,Standard_HO,VM_013,19
778,1378837200,Standard_HO,VM_023,19
778,1378837200,Standard_HO,VM_025,15
778,1378837200,WA-AHO,VM_001,10
778,1378837200,WA-AHO,VM_003,19
778,1378837200,WA-AHO,VM_011,10
778,1378837200,WA-AHO,VM_012,19
778,1378837200,WA-AHO,VM_013,19
778,1378837200,WA-AHO,VM_023,19
778,1378837200,WA-AHO,VM_025,19
778,1378837200,PABFD,VM_012,10
778,1378837200,PABFD,VM_011,11
778,1378837200,PABFD,VM_025,12
778,1378837200,PABFD,VM_003,13
778,1378837200,PABFD,VM_023,13
778,1378837200,PABFD,VM_001,11
778,1378837200,PABFD,VM_013,12
779,1378837500,Standard_HO,VM_001,10
779,1378837500,Standard_HO,VM_003,17
779,1378837500,Standard_HO,VM_011,17
779,1378837500,Standard_HO,VM_012,17
779,1378837500,Standard_HO,VM_013,17
779,1378837500,Standard_HO,VM_023,17
779,1378837500,Standard_HO,VM_025,10
779,1378837500,WA-AHO,VM_001,14
779,1378837500,WA-AHO,VM_003,19
779,1378837500,WA-AHO,VM_011,19
779,1378837500,WA-AHO,VM_012,19
779,1378837500,WA-AHO,VM_013,19
779,1378837500,WA-AHO,VM_023,19
779,1378837500,WA-AHO,VM_025,14
779,1378837500,PABFD,VM_012,10
779,1378837500,PABFD,VM_011,11
779,1378837500,PABFD,VM_025,12
779,1378837500,PABFD,VM_003,13
779,1378837500,PABFD,VM_023,13
779,1378837500,PABFD,VM_001,11
779,1378837500,PABFD,VM_013,12
780,1378837800,Standard_HO,VM_001,14
780,1378837800,Standard_HO,VM_003,19
780,1378837800,Standard_HO,VM_011,19
780,1378837800,Standard_HO,VM_012,19
780,1378837800,Standard_HO,VM_013,14
780,1378837800,Standard_HO,VM_023,14
780,1378837800,Standard_HO,VM_025,19
780,1378837800,WA-AHO,VM_001,17
780,1378837800,WA-AHO,VM_003,15
780,1378837800,WA-AHO,VM_011,17
780,1378837800,WA-AHO,VM_012,17
780,1378837800,WA-AHO,VM_013,17
780,1378837800,WA-AHO,VM_023,15
780,1378837800,WA-AHO,VM_025,17
780,1378837800,PABFD,VM_012,10
780,1378837800,PABFD,VM_011,11
780,1378837800,PABFD,VM_025,12
780,1378837800,PABFD,VM_003,13
780,1378837800,PABFD,VM_023,13
780,1378837800,PABFD,VM_001,11
780,1378837800,PABFD,VM_013,12
781,1378838100,Standard_HO,VM_001,19
781,1378838100,Standard_HO,VM_003,13
781,1378838100,Standard_HO,VM_011,19
781,1378838100,Standard_HO,VM_012,19
781,1378838100,Standard_HO,VM_013,19
781,1378838100,Standard_HO,VM_023,13
781,1378838100,Standard_HO,VM_025,19
781,1378838100,WA-AHO,VM_001,19
781,1378838100,WA-AHO,VM_003,10
781,1378838100,WA-AHO,VM_011,19
781,1378838100,WA-AHO,VM_012,19
781,1378838100,WA-AHO,VM_013,19
781,1378838100,WA-AHO,VM_023,10
781,1378838100,WA-AHO,VM_025,19
781,1378838100,PABFD,VM_012,10
781,1378838100,PABFD,VM_011,11
781,1378838100,PABFD,VM_025,12
781,1378838100,PABFD,VM_003,13
781,1378838100,PABFD,VM_023,13
781,1378838100,PABFD,VM_001,11
781,1378838100,PABFD,VM_013,12
782,1378838400,Standard_HO,VM_001,10
782,1378838400,Standard_HO,VM_003,19
782,1378838400,Standard_HO,VM_011,19
782,1378838400,Standard_HO,VM_012,19
782,1378838400,Standard_HO,VM_013,19
782,1378838400,Standard_HO,VM_023,19
782,1378838400,Standard_HO,VM_025,10
782,1378838400,WA-AHO,VM_001,12
782,1378838400,WA-AHO,VM_003,17
782,1378838400,WA-AHO,VM_011,17
782,1378838400,WA-AHO,VM_012,17
782,1378838400,WA-AHO,VM_013,17
782,1378838400,WA-AHO,VM_023,17
782,1378838400,WA-AHO,VM_025,12
782,1378838400,PABFD,VM_012,10
782,1378838400,PABFD,VM_011,11
782,1378838400,PABFD,VM_025,12
782,1378838400,PABFD,VM_003,13
782,1378838400,PABFD,VM_023,13
782,1378838400,PABFD,VM_001,11
782,1378838400,PABFD,VM_013,12
783,1378838700,Standard_HO,VM_001,18
783,1378838700,Standard_HO,VM_003,18
783,1378838700,Standard_HO,VM_011,18
783,1378838700,Standard_HO,VM_012,11
783,1378838700,Standard_HO,VM_013,18
783,1378838700,Standard_HO,VM_023,18
783,1378838700,Standard_HO,VM_025,18
783,1378838700,WA-AHO,VM_001,18
783,1378838700,WA-AHO,VM_003,18
783,1378838700,WA-AHO,VM_011,15
783,1378838700,WA-AHO,VM_012,18
783,1378838700,WA-AHO,VM_013,15
783,1378838700,WA-AHO,VM_023,18
783,1378838700,WA-AHO,VM_025,18
783,1378838700,PABFD,VM_012,10
783,1378838700,PABFD,VM_011,11
783,1378838700,PABFD,VM_025,12
783,1378838700,PABFD,VM_003,13
783,1378838700,PABFD,VM_023,13
783,1378838700,PABFD,VM_001,11
783,1378838700,PABFD,VM_013,12
784,1378839000,Standard_HO,VM_001,18
784,1378839000,Standard_HO,VM_003,18
784,1378839000,Standard_HO,VM_011,13
784,1378839000,Standard_HO,VM_012,18
784,1378839000,Standard_HO,VM_013,13
784,1378839000,Standard_HO,VM_023,18
784,1378839000,Standard_HO,VM_025,18
784,1378839000,WA-AHO,VM_001,18
784,1378839000,WA-AHO,VM_003,18
784,1378839000,WA-AHO,VM_011,18
784,1378839000,WA-AHO,VM_012,18
784,1378839000,WA-AHO,VM_013,13
784,1378839000,WA-AHO,VM_023,18
784,1378839000,WA-AHO,VM_025,13
784,1378839000,PABFD,VM_012,10
784,1378839000,PABFD,VM_011,11
784,1378839000,PABFD,VM_025,12
784,1378839000,PABFD,VM_003,13
784,1378839000,PABFD,VM_023,13
784,1378839000,PABFD,VM_001,11
784,1378839000,PABFD,VM_013,12
785,1378839300,Standard_HO,VM_001,19
785,1378839300,Standard_HO,VM_003,19
785,1378839300,Standard_HO,VM_011,10
785,1378839300,Standard_HO,VM_012,19
785,1378839300,Standard_HO,VM_013,10
785,1378839300,Standard_HO,VM_023,19
785,1378839300,Standard_HO,VM_025,19
785,1378839300,WA-AHO,VM_001,19
785,1378839300,WA-AHO,VM_003,19
785,1378839300,WA-AHO,VM_011,15
785,1378839300,WA-AHO,VM_012,19
785,1378839300,WA-AHO,VM_013,15
785,1378839300,WA-AHO,VM_023,19
785,1378839300,WA-AHO,VM_025,19
785,1378839300,PABFD,VM_012,10
785,1378839300,PABFD,VM_011,11
785,1378839300,PABFD,VM_025,12
785,1378839300,PABFD,VM_003,13
785,1378839300,PABFD,VM_023,13
785,1378839300,PABFD,VM_001,11
785,1378839300,PABFD,VM_013,12
786,1378839600,Standard_HO,VM_001,18
786,1378839600,Standard_HO,VM_003,18
786,1378839600,Standard_HO,VM_011,14
786,1378839600,Standard_HO,VM_012,18
786,1378839600,Standard_HO,VM_013,14
786,1378839600,Standard_HO,VM_023,18
786,1378839600,Standard_HO,VM_025,18
786,1378839600,WA-AHO,VM_001,19
786,1378839600,WA-AHO,VM_003,19
786,1378839600,WA-AHO,VM_011,10
786,1378839600,WA-AHO,VM_012,19
786,1378839600,WA-AHO,VM_013,10
786,1378839600,WA-AHO,VM_023,19
786,1378839600,WA-AHO,VM_025,19
786,1378839600,PABFD,VM_012,10
786,1378839600,PABFD,VM_011,11
786,1378839600,PABFD,VM_025,12
786,1378839600,PABFD,VM_003,13
786,1378839600,PABFD,VM_023,13
786,1378839600,PABFD,VM_001,11
786,1378839600,PABFD,VM_013,12
787,1378839900,Standard_HO,VM_001,19
787,1378839900,Standard_HO,VM_003,19
787,1378839900,Standard_HO,VM_011,12
787,1378839900,Standard_HO,VM_012,19
787,1378839900,Standard_HO,VM_013,12
787,1378839900,Standard_HO,VM_023,19
787,1378839900,Standard_HO,VM_025,19
787,1378839900,WA-AHO,VM_001,19
787,1378839900,WA-AHO,VM_003,19
787,1378839900,WA-AHO,VM_011,12
787,1378839900,WA-AHO,VM_012,19
787,1378839900,WA-AHO,VM_013,12
787,1378839900,WA-AHO,VM_023,19
787,1378839900,WA-AHO,VM_025,19
787,1378839900,PABFD,VM_012,10
787,1378839900,PABFD,VM_011,11
787,1378839900,PABFD,VM_025,12
787,1378839900,PABFD,VM_003,13
787,1378839900,PABFD,VM_023,13
787,1378839900,PABFD,VM_001,11
787,1378839900,PABFD,VM_013,12
788,1378840200,Standard_HO,VM_001,16
788,1378840200,Standard_HO,VM_003,15
788,1378840200,Standard_HO,VM_011,16
788,1378840200,Standard_HO,VM_012,16
788,1378840200,Standard_HO,VM_013,16
788,1378840200,Standard_HO,VM_023,15
788,1378840200,Standard_HO,VM_025,16
788,1378840200,WA-AHO,VM_001,18
788,1378840200,WA-AHO,VM_003,18
788,1378840200,WA-AHO,VM_011,11
788,1378840200,WA-AHO,VM_012,18
788,1378840200,WA-AHO,VM_013,11
788,1378840200,WA-AHO,VM_023,18
788,1378840200,WA-AHO,VM_025,18
788,1378840200,PABFD,VM_012,10
788,1378840200,PABFD,VM_011,11
788,1378840200,PABFD,VM_025,12
788,1378840200,PABFD,VM_003,13
788,1378840200,PABFD,VM_023,13
788,1378840200,PABFD,VM_001,11
788,1378840200,PABFD,VM_013,12
789,1378840500,Standard_HO,VM_001,18
789,1378840500,Standard_HO,VM_003,18
789,1378840500,Standard_HO,VM_011,18
789,1378840500,Standard_HO,VM_012,14
789,1378840500,Standard_HO,VM_013,18
789,1378840500,Standard_HO,VM_023,18
789,1378840500,Standard_HO,VM_025,18
789,1378840500,WA-AHO,VM_001,18
789,1378840500,WA-AHO,VM_003,18
789,1378840500,WA-AHO,VM_011,18
789,1378840500,WA-AHO,VM_012,14
789,1378840500,WA-AHO,VM_013,18
789,1378840500,WA-AHO,VM_023,18
789,1378840500,WA-AHO,VM_025,18
789,1378840500,PABFD,VM_012,10
789,1378840500,PABFD,VM_011,11
789,1378840500,PABFD,VM_025,12
789,1378840500,PABFD,VM_003,13
789,1378840500,PABFD,VM_023,13
789,1378840500,PABFD,VM_001,11
789,1378840500,PABFD,VM_013,12
790,1378840800,Standard_HO,VM_001,18
790,1378840800,Standard_HO,VM_003,18
790,1378840800,Standard_HO,VM_011,13
790,1378840800,Standard_HO,VM_012,18
790,1378840800,Standard_HO,VM_013,13
790,1378840800,Standard_HO,VM_023,18
790,1378840800,Standard_HO,VM_025,18
790,1378840800,WA-AHO,VM_001,18
790,1378840800,WA-AHO,VM_003,18
790,1378840800,WA-AHO,VM_011,13
790,1378840800,WA-AHO,VM_012,18
790,1378840800,WA-AHO,VM_013,13
790,1378840800,WA-AHO,VM_023,18
790,1378840800,WA-AHO,VM_025,18
790,1378840800,PABFD,VM_012,10
790,1378840800,PABFD,VM_011,11
790,1378840800,PABFD,VM_025,12
790,1378840800,PABFD,VM_003,13
790,1378840800,PABFD,VM_023,13
790,1378840800,PABFD,VM_001,11
790,1378840800,PABFD,VM_013,12
791,1378841100,Standard_HO,VM_001,19
791,1378841100,Standard_HO,VM_003,19
791,1378841100,Standard_HO,VM_011,11
791,1378841100,Standard_HO,VM_012,19
791,1378841100,Standard_HO,VM_013,11
791,1378841100,Standard_HO,VM_023,19
791,1378841100,Standard_HO,VM_025,19
791,1378841100,WA-AHO,VM_001,18
791,1378841100,WA-AHO,VM_003,18
791,1378841100,WA-AHO,VM_011,15
791,1378841100,WA-AHO,VM_012,18
791,1378841100,WA-AHO,VM_013,15
791,1378841100,WA-AHO,VM_023,18
791,1378841100,WA-AHO,VM_025,18
791,1378841100,PABFD,VM_012,10
791,1378841100,PABFD,VM_011,11
791,1378841100,PABFD,VM_025,12
791,1378841100,PABFD,VM_003,13
791,1378841100,PABFD,VM_023,13
791,1378841100,PABFD,VM_001,11
791,1378841100,PABFD,VM_013,12
792,1378841400,Standard_HO,VM_001,19
792,1378841400,Standard_HO,VM_003,19
792,1378841400,Standard_HO,VM_011,14
792,1378841400,Standard_HO,VM_012,19
792,1378841400,Standard_HO,VM_013,14
792,1378841400,Standard_HO,VM_023,19
792,1378841400,Standard_HO,VM_025,19
792,1378841400,WA-AHO,VM_001,19
792,1378841400,WA-AHO,VM_003,19
792,1378841400,WA-AHO,VM_011,14
792,1378841400,WA-AHO,VM_012,19
792,1378841400,WA-AHO,VM_013,14
792,1378841400,WA-AHO,VM_023,19
792,1378841400,WA-AHO,VM_025,19
792,1378841400,PABFD,VM_012,10
792,1378841400,PABFD,VM_011,11
792,1378841400,PABFD,VM_025,12
792,1378841400,PABFD,VM_003,13
792,1378841400,PABFD,VM_023,13
792,1378841400,PABFD,VM_001,11
792,1378841400,PABFD,VM_013,12
793,1378841700,Standard_HO,VM_001,15
793,1378841700,Standard_HO,VM_003,17
793,1378841700,Standard_HO,VM_011,15
793,1378841700,Standard_HO,VM_012,17
793,1378841700,Standard_HO,VM_013,17
793,1378841700,Standard_HO,VM_023,17
793,1378841700,Standard_HO,VM_025,17
793,1378841700,WA-AHO,VM_001,13
793,1378841700,WA-AHO,VM_003,18
793,1378841700,WA-AHO,VM_011,13
793,1378841700,WA-AHO,VM_012,18
793,1378841700,WA-AHO,VM_013,18
793,1378841700,WA-AHO,VM_023,18
793,1378841700,WA-AHO,VM_025,18
793,1378841700,PABFD,VM_012,10
793,1378841700,PABFD,VM_011,11
793,1378841700,PABFD,VM_025,12
793,1378841700,PABFD,VM_003,13
793,1378841700,PABFD,VM_023,13
793,1378841700,PABFD,VM_001,11
793,1378841700,PABFD,VM_013,12
794,1378842000,Standard_HO,VM_001,18
794,1378842000,Standard_HO,VM_003,10
794,1378842000,Standard_HO,VM_011,18
794,1378842000,Standard_HO,VM_012,18
794,1378842000,Standard_HO,VM_013,18
794,1378842000,Standard_HO,VM_023,10
794,1378842000,Standard_HO,VM_025,18
794,1378842000,WA-AHO,VM_001,16
794,1378842000,WA-AHO,VM_003,14
794,1378842000,WA-AHO,VM_011,16
794,1378842000,WA-AHO,VM_012,16
794,1378842000,WA-AHO,VM_013,16
794,1378842000,WA-AHO,VM_023,14
794,1378842000,WA-AHO,VM_025,16
794,1378842000,PABFD,VM_012,10
794,1378842000,PABFD,VM_011,11
794,1378842000,PABFD,VM_025,12
794,1378842000,PABFD,VM_003,13
794,1378842000,PABFD,VM_023,13
794,1378842000,PABFD,VM_001,11
794,1378842000,PABFD,VM_013,12
795,1378842300,Standard_HO,VM_001,18
795,1378842300,Standard_HO,VM_003,18
795,1378842300,Standard_HO,VM_011,18
795,1378842300,Standard_HO,VM_012,15
795,1378842300,Standard_HO,VM_013,18
795,1378842300,Standard_HO,VM_023,18
795,1378842300,Standard_HO,VM_025,18
795,1378842300,WA-AHO,VM_001,19
795,1378842300,WA-AHO,VM_003,19
795,1378842300,WA-AHO,VM_011,19
795,1378842300,WA-AHO,VM_012,15
795,1378842300,WA-AHO,VM_013,19
795,1378842300,WA-AHO,VM_023,19
795,1378842300,WA-AHO,VM_025,19
795,1378842300,PABFD,VM_012,10
795,1378842300,PABFD,VM_011,11
795,1378842300,PABFD,VM_025,12
795,1378842300,PABFD,VM_003,13
795,1378842300,PABFD,VM_023,13
795,1378842300,PABFD,VM_001,11
795,1378842300,PABFD,VM_013,12
796,1378842600,Standard_HO,VM_001,18
796,1378842600,Standard_HO,VM_003,12
796,1378842600,Standard_HO,VM_011,18
796,1378842600,Standard_HO,VM_012,18
796,1378842600,Standard_HO,VM_013,18
796,1378842600,Standard_HO,VM_023,12
796,1378842600,Standard_HO,VM_025,18
796,1378842600,WA-AHO,VM_001,18
796,1378842600,WA-AHO,VM_003,18
796,1378842600,WA-AHO,VM_011,18
796,1378842600,WA-AHO,VM_012,18
796,1378842600,WA-AHO,VM_013,10
796,1378842600,WA-AHO,VM_023,18
796,1378842600,WA-AHO,VM_025,10
796,1378842600,PABFD,VM_012,10
796,1378842600,PABFD,VM_011,11
796,1378842600,PABFD,VM_025,12
796,1378842600,PABFD,VM_003,13
796,1378842600,PABFD,VM_023,13
796,1378842600,PABFD,VM_001,11
796,1378842600,PABFD,VM_013,12
797,1378842900,Standard_HO,VM_001,16
797,1378842900,Standard_HO,VM_003,16
797,1378842900,Standard_HO,VM_011,12
797,1378842900,Standard_HO,VM_012,16
797,1378842900,Standard_HO,VM_013,12
797,1378842900,Standard_HO,VM_023,16
797,1378842900,Standard_HO,VM_025,16
797,1378842900,WA-AHO,VM_001,17
797,1378842900,WA-AHO,VM_003,17
797,1378842900,WA-AHO,VM_011,10
797,1378842900,WA-AHO,VM_012,17
797,1378842900,WA-AHO,VM_013,10
797,1378842900,WA-AHO,VM_023,17
797,1378842900,WA-AHO,VM_025,17
797,1378842900,PABFD,VM_012,10
797,1378842900,PABFD,VM_011,11
797,1378842900,PABFD,VM_025,12
797,1378842900,PABFD,VM_003,13
797,1378842900,PABFD,VM_023,13
797,1378842900,PABFD,VM_001,11
797,1378842900,PABFD,VM_013,12
798,1378843200,Standard_HO,VM_001,18
798,1378843200,Standard_HO,VM_003,18
798,1378843200,Standard_HO,VM_011,15
798,1378843200,Standard_HO,VM_012,18
798,1378843200,Standard_HO,VM_013,15
798,1378843200,Standard_HO,VM_023,18
798,1378843200,Standard_HO,VM_025,18
798,1378843200,WA-AHO,VM_001,18
798,1378843200,WA-AHO,VM_003,18
798,1378843200,WA-AHO,VM_011,15
798,1378843200,WA-AHO,VM_012,18
798,1378843200,WA-AHO,VM_013,15
798,1378843200,WA-AHO,VM_023,18
798,1378843200,WA-AHO,VM_025,18
798,1378843200,PABFD,VM_012,10
798,1378843200,PABFD,VM_011,11
798,1378843200,PABFD,VM_025,12
798,1378843200,PABFD,VM_003,13
798,1378843200,PABFD,VM_023,13
798,1378843200,PABFD,VM_001,11
798,1378843200,PABFD,VM_013,12
799,1378843500,Standard_HO,VM_001,19
799,1378843500,Standard_HO,VM_003,19
799,1378843500,Standard_HO,VM_011,19
799,1378843500,Standard_HO,VM_012,19
799,1378843500,Standard_HO,VM_013,15
799,1378843500,Standard_HO,VM_023,19
799,1378843500,Standard_HO,VM_025,15
799,1378843500,WA-AHO,VM_001,16
799,1378843500,WA-AHO,VM_003,14
799,1378843500,WA-AHO,VM_011,16
799,1378843500,WA-AHO,VM_012,16
799,1378843500,WA-AHO,VM_013,16
799,1378843500,WA-AHO,VM_023,14
799,1378843500,WA-AHO,VM_025,16
799,1378843500,PABFD,VM_012,10
799,1378843500,PABFD,VM_011,11
799,1378843500,PABFD,VM_025,12
799,1378843500,PABFD,VM_003,13
799,1378843500,PABFD,VM_023,13
799,1378843500,PABFD,VM_001,11
799,1378843500,PABFD,VM_013,12
800,1378843800,Standard_HO,VM_001,18
800,1378843800,Standard_HO,VM_003,18
800,1378843800,Standard_HO,VM_011,15
800,1378843800,Standard_HO,VM_012,18
800,1378843800,Standard_HO,VM_013,15
800,1378843800,Standard_HO,VM_023,18
800,1378843800,Standard_HO,VM_025,18
800,1378843800,WA-AHO,VM_001,18
800,1378843800,WA-AHO,VM_003,13
800,1378843800,WA-AHO,VM_011,18
800,1378843800,WA-AHO,VM_012,18
800,1378843800,WA-AHO,VM_013,18
800,1378843800,WA-AHO,VM_023,13
800,1378843800,WA-AHO,VM_025,18
800,1378843800,PABFD,VM_012,10
800,1378843800,PABFD,VM_011,11
800,1378843800,PABFD,VM_025,12
800,1378843800,PABFD,VM_003,13
800,1378843800,PABFD,VM_023,13
800,1378843800,PABFD,VM_001,11
800,1378843800,PABFD,VM_013,12
801,1378844100,Standard_HO,VM_001,18
801,1378844100,Standard_HO,VM_003,18
801,1378844100,Standard_HO,VM_011,12
801,1378844100,Standard_HO,VM_012,18
801,1378844100,Standard_HO,VM_013,12
801,1378844100,Standard_HO,VM_023,18
801,1378844100,Standard_HO,VM_025,18
801,1378844100,WA-AHO,VM_001,19
801,1378844100,WA-AHO,VM_003,19
801,1378844100,WA-AHO,VM_011,14
801,1378844100,WA-AHO,VM_012,19
801,1378844100,WA-AHO,VM_013,14
801,1378844100,WA-AHO,VM_023,19
801,1378844100,WA-AHO,VM_025,19
801,1378844100,PABFD,VM_012,10
801,1378844100,PABFD,VM_011,11
801,1378844100,PABFD,VM_025,12
801,1378844100,PABFD,VM_003,13
801,1378844100,PABFD,VM_023,13
801,1378844100,PABFD,VM_001,11
801,1378844100,PABFD,VM_013,12
802,1378844400,Standard_HO,VM_001,17
802,1378844400,Standard_HO,VM_003,12
802,1378844400,Standard_HO,VM_011,17
802,1378844400,Standard_HO,VM_012,17
802,1378844400,Standard_HO,VM_013,17
802,1378844400,Standard_HO,VM_023,12
802,1378844400,Standard_HO,VM_025,17
802,1378844400,WA-AHO,VM_001,19
802,1378844400,WA-AHO,VM_003,10
802,1378844400,WA-AHO,VM_011,19
802,1378844400,WA-AHO,VM_012,19
802,1378844400,WA-AHO,VM_013,19
802,1378844400,WA-AHO,VM_023,10
802,1378844400,WA-AHO,VM_025,19
802,1378844400,PABFD,VM_012,10
802,1378844400,PABFD,VM_011,11
802,1378844400,PABFD,VM_025,12
802,1378844400,PABFD,VM_003,13
802,1378844400,PABFD,VM_023,13
802,1378844400,PABFD,VM_001,11
802,1378844400,PABFD,VM_013,12
803,1378844700,Standard_HO,VM_001,18
803,1378844700,Standard_HO,VM_003,13
803,1378844700,Standard_HO,VM_011,18
803,1378844700,Standard_HO,VM_012,18
803,1378844700,Standard_HO,VM_013,18
803,1378844700,Standard_HO,VM_023,13
803,1378844700,Standard_HO,VM_025,18
803,1378844700,WA-AHO,VM_001,19
803,1378844700,WA-AHO,VM_003,12
803,1378844700,WA-AHO,VM_011,19
803,1378844700,WA-AHO,VM_012,19
803,1378844700,WA-AHO,VM_013,19
803,1378844700,WA-AHO,VM_023,12
803,1378844700,WA-AHO,VM_025,19
803,1378844700,PABFD,VM_012,10
803,1378844700,PABFD,VM_011,11
803,1378844700,PABFD,VM_025,12
803,1378844700,PABFD,VM_003,13
803,1378844700,PABFD,VM_023,13
803,1378844700,PABFD,VM_001,11
803,1378844700,PABFD,VM_013,12
804,1378845000,Standard_HO,VM_001,19
804,1378845000,Standard_HO,VM_003,19
804,1378845000,Standard_HO,VM_011,12
804,1378845000,Standard_HO,VM_012,19
804,1378845000,Standard_HO,VM_013,12
804,1378845000,Standard_HO,VM_023,19
804,1378845000,Standard_HO,VM_025,19
804,1378845000,WA-AHO,VM_001,19
804,1378845000,WA-AHO,VM_003,19
804,1378845000,WA-AHO,VM_011,12
804,1378845000,WA-AHO,VM_012,19
804,1378845000,WA-AHO,VM_013,12
804,1378845000,WA-AHO,VM_023,19
804,1378845000,WA-AHO,VM_025,19
804,1378845000,PABFD,VM_012,10
804,1378845000,PABFD,VM_011,11
804,1378845000,PABFD,VM_025,12
804,1378845000,PABFD,VM_003,13
804,1378845000,PABFD,VM_023,13
804,1378845000,PABFD,VM_001,11
804,1378845000,PABFD,VM_013,12
805,1378845300,Standard_HO,VM_001,17
805,1378845300,Standard_HO,VM_003,17
805,1378845300,Standard_HO,VM_011,15
805,1378845300,Standard_HO,VM_012,17
805,1378845300,Standard_HO,VM_013,15
805,1378845300,Standard_HO,VM_023,17
805,1378845300,Standard_HO,VM_025,17
805,1378845300,WA-AHO,VM_001,19
805,1378845300,WA-AHO,VM_003,19
805,1378845300,WA-AHO,VM_011,13
805,1378845300,WA-AHO,VM_012,19
805,1378845300,WA-AHO,VM_013,13
805,1378845300,WA-AHO,VM_023,19
805,1378845300,WA-AHO,VM_025,19
805,1378845300,PABFD,VM_012,10
805,1378845300,PABFD,VM_011,11
805,1378845300,PABFD,VM_025,12
805,1378845300,PABFD,VM_003,13
805,1378845300,PABFD,VM_023,13
805,1378845300,PABFD,VM_001,11
805,1378845300,PABFD,VM_013,12
806,1378845600,Standard_HO,VM_001,19
806,1378845600,Standard_HO,VM_003,19
806,1378845600,Standard_HO,VM_011,15
806,1378845600,Standard_HO,VM_012,19
806,1378845600,Standard_HO,VM_013,15
806,1378845600,Standard_HO,VM_023,19
806,1378845600,Standard_HO,VM_025,19
806,1378845600,WA-AHO,VM_001,19
806,1378845600,WA-AHO,VM_003,19
806,1378845600,WA-AHO,VM_011,15
806,1378845600,WA-AHO,VM_012,19
806,1378845600,WA-AHO,VM_013,15
806,1378845600,WA-AHO,VM_023,19
806,1378845600,WA-AHO,VM_025,19
806,1378845600,PABFD,VM_012,10
806,1378845600,PABFD,VM_011,11
806,1378845600,PABFD,VM_025,12
806,1378845600,PABFD,VM_003,13
806,1378845600,PABFD,VM_023,13
806,1378845600,PABFD,VM_001,11
806,1378845600,PABFD,VM_013,12
807,1378845900,Standard_HO,VM_001,18
807,1378845900,Standard_HO,VM_003,18
807,1378845900,Standard_HO,VM_011,18
807,1378845900,Standard_HO,VM_012,15
807,1378845900,Standard_HO,VM_013,18
807,1378845900,Standard_HO,VM_023,18
807,1378845900,Standard_HO,VM_025,18
807,1378845900,WA-AHO,VM_001,18
807,1378845900,WA-AHO,VM_003,18
807,1378845900,WA-AHO,VM_011,18
807,1378845900,WA-AHO,VM_012,13
807,1378845900,WA-AHO,VM_013,18
807,1378845900,WA-AHO,VM_023,18
807,1378845900,WA-AHO,VM_025,18
807,1378845900,PABFD,VM_012,10
807,1378845900,PABFD,VM_011,11
807,1378845900,PABFD,VM_025,12
807,1378845900,PABFD,VM_003,13
807,1378845900,PABFD,VM_023,13
807,1378845900,PABFD,VM_001,11
807,1378845900,PABFD,VM_013,12
808,1378846200,Standard_HO,VM_001,16
808,1378846200,Standard_HO,VM_003,16
808,1378846200,Standard_HO,VM_011,14
808,1378846200,Standard_HO,VM_012,16
808,1378846200,Standard_HO,VM_013,14
808,1378846200,Standard_HO,VM_023,16
808,1378846200,Standard_HO,VM_025,16
808,1378846200,WA-AHO,VM_001,16
808,1378846200,WA-AHO,VM_003,16
808,1378846200,WA-AHO,VM_011,14
808,1378846200,WA-AHO,VM_012,16
808,1378846200,WA-AHO,VM_013,14
808,1378846200,WA-AHO,VM_023,16
808,1378846200,WA-AHO,VM_025,16
808,1378846200,PABFD,VM_012,10
808,1378846200,PABFD,VM_011,11
808,1378846200,PABFD,VM_025,12
808,1378846200,PABFD,VM_003,13
808,1378846200,PABFD,VM_023,13
808,1378846200,PABFD,VM_001,11
808,1378846200,PABFD,VM_013,12
809,1378846500,Standard_HO,VM_001,17
809,1378846500,Standard_HO,VM_003,17
809,1378846500,Standard_HO,VM_011,10
809,1378846500,Standard_HO,VM_012,17
809,1378846500,Standard_HO,VM_013,10
809,1378846500,Standard_HO,VM_023,17
809,1378846500,Standard_HO,VM_025,17
809,1378846500,WA-AHO,VM_001,19
809,1378846500,WA-AHO,VM_003,19
809,1378846500,WA-AHO,VM_011,14
809,1378846500,WA-AHO,VM_012,19
809,1378846500,WA-AHO,VM_013,14
809,1378846500,WA-AHO,VM_023,19
809,1378846500,WA-AHO,VM_025,19
809,1378846500,PABFD,VM_012,10
809,1378846500,PABFD,VM_011,11
809,1378846500,PABFD,VM_025,12
809,1378846500,PABFD,VM_003,13
809,1378846500,PABFD,VM_023,13
809,1378846500,PABFD,VM_001,11
809,1378846500,PABFD,VM_013,12
810,1378846800,Standard_HO,VM_001,19
810,1378846800,Standard_HO,VM_003,19
810,1378846800,Standard_HO,VM_011,19
810,1378846800,Standard_HO,VM_012,13
810,1378846800,Standard_HO,VM_013,19
810,1378846800,Standard_HO,VM_023,19
810,1378846800,Standard_HO,VM_025,19
810,1378846800,WA-AHO,VM_001,19
810,1378846800,WA-AHO,VM_003,19
810,1378846800,WA-AHO,VM_011,19
810,1378846800,WA-AHO,VM_012,13
810,1378846800,WA-AHO,VM_013,19
810,1378846800,WA-AHO,VM_023,19
810,1378846800,WA-AHO,VM_025,19
810,1378846800,PABFD,VM_012,10
810,1378846800,PABFD,VM_011,11
810,1378846800,PABFD,VM_025,12
810,1378846800,PABFD,VM_003,13
810,1378846800,PABFD,VM_023,13
810,1378846800,PABFD,VM_001,11
810,1378846800,PABFD,VM_013,12
811,1378847100,Standard_HO,VM_001,18
811,1378847100,Standard_HO,VM_003,18
811,1378847100,Standard_HO,VM_011,10
811,1378847100,Standard_HO,VM_012,18
811,1378847100,Standard_HO,VM_013,10
811,1378847100,Standard_HO,VM_023,18
811,1378847100,Standard_HO,VM_025,18
811,1378847100,WA-AHO,VM_001,18
811,1378847100,WA-AHO,VM_003,18
811,1378847100,WA-AHO,VM_011,10
811,1378847100,WA-AHO,VM_012,18
811,1378847100,WA-AHO,VM_013,10
811,1378847100,WA-AHO,VM_023,18
811,1378847100,WA-AHO,VM_025,18
811,1378847100,PABFD,VM_012,10
811,1378847100,PABFD,VM_011,11
811,1378847100,PABFD,VM_025,12
811,1378847100,PABFD,VM_003,13
811,1378847100,PABFD,VM_023,13
811,1378847100,PABFD,VM_001,11
811,1378847100,PABFD,VM_013,12
812,1378847400,Standard_HO,VM_001,18
812,1378847400,Standard_HO,VM_003,18
812,1378847400,Standard_HO,VM_011,15
812,1378847400,Standard_HO,VM_012,18
812,1378847400,Standard_HO,VM_013,15
812,1378847400,Standard_HO,VM_023,18
812,1378847400,Standard_HO,VM_025,18
812,1378847400,WA-AHO,VM_001,16
812,1378847400,WA-AHO,VM_003,16
812,1378847400,WA-AHO,VM_011,14
812,1378847400,WA-AHO,VM_012,16
812,1378847400,WA-AHO,VM_013,14
812,1378847400,WA-AHO,VM_023,16
812,1378847400,WA-AHO,VM_025,16
812,1378847400,PABFD,VM_012,10
812,1378847400,PABFD,VM_011,11
812,1378847400,PABFD,VM_025,12
812,1378847400,PABFD,VM_003,13
812,1378847400,PABFD,VM_023,13
812,1378847400,PABFD,VM_001,11
812,1378847400,PABFD,VM_013,12
813,1378847700,Standard_HO,VM_001,18
813,1378847700,Standard_HO,VM_003,18
813,1378847700,Standard_HO,VM_011,13
813,1378847700,Standard_HO,VM_012,18
813,1378847700,Standard_HO,VM_013,13
813,1378847700,Standard_HO,VM_023,18
813,1378847700,Standard_HO,VM_025,18
813,1378847700,WA-AHO,VM_001,18
813,1378847700,WA-AHO,VM_003,18
813,1378847700,WA-AHO,VM_011,15
813,1378847700,WA-AHO,VM_012,18
813,1378847700,WA-AHO,VM_013,15
813,1378847700,WA-AHO,VM_023,18
813,1378847700,WA-AHO,VM_025,18
813,1378847700,PABFD,VM_012,10
813,1378847700,PABFD,VM_011,11
813,1378847700,PABFD,VM_025,12
813,1378847700,PABFD,VM_003,13
813,1378847700,PABFD,VM_023,13
813,1378847700,PABFD,VM_001,11
813,1378847700,PABFD,VM_013,12
814,1378848000,Standard_HO,VM_001,13
814,1378848000,Standard_HO,VM_003,13
814,1378848000,Standard_HO,VM_011,17
814,1378848000,Standard_HO,VM_012,17
814,1378848000,Standard_HO,VM_013,13
814,1378848000,Standard_HO,VM_023,17
814,1378848000,Standard_HO,VM_025,17
814,1378848000,WA-AHO,VM_001,14
814,1378848000,WA-AHO,VM_003,14
814,1378848000,WA-AHO,VM_011,18
814,1378848000,WA-AHO,VM_012,18
814,1378848000,WA-AHO,VM_013,14
814,1378848000,WA-AHO,VM_023,18
814,1378848000,WA-AHO,VM_025,18
814,1378848000,PABFD,VM_012,10
814,1378848000,PABFD,VM_011,11
814,1378848000,PABFD,VM_025,12
814,1378848000,PABFD,VM_003,13
814,1378848000,PABFD,VM_023,13
814,1378848000,PABFD,VM_001,11
814,1378848000,PABFD,VM_013,12
815,1378848300,Standard_HO,VM_001,12
815,1378848300,Standard_HO,VM_003,17
815,1378848300,Standard_HO,VM_011,17
815,1378848300,Standard_HO,VM_012,17
815,1378848300,Standard_HO,VM_013,17
815,1378848300,Standard_HO,VM_023,17
815,1378848300,Standard_HO,VM_025,12
815,1378848300,WA-AHO,VM_001,11
815,1378848300,WA-AHO,VM_003,17
815,1378848300,WA-AHO,VM_011,17
815,1378848300,WA-AHO,VM_012,17
815,1378848300,WA-AHO,VM_013,17
815,1378848300,WA-AHO,VM_023,17
815,1378848300,WA-AHO,VM_025,11
815,1378848300,PABFD,VM_012,10
815,1378848300,PABFD,VM_011,11
815,1378848300,PABFD,VM_025,12
815,1378848300,PABFD,VM_003,13
815,1378848300,PABFD,VM_023,13
815,1378848300,PABFD,VM_001,11
815,1378848300,PABFD,VM_013,12
816,1378848600,Standard_HO,VM_001,11
816,1378848600,Standard_HO,VM_003,17
816,1378848600,Standard_HO,VM_011,17
816,1378848600,Standard_HO,VM_012,17
816,1378848600,Standard_HO,VM_013,11
816,1378848600,Standard_HO,VM_023,11
816,1378848600,Standard_HO,VM_025,17
816,1378848600,WA-AHO,VM_001,16
816,1378848600,WA-AHO,VM_003,13
816,1378848600,WA-AHO,VM_011,16
816,1378848600,WA-AHO,VM_012,16
816,1378848600,WA-AHO,VM_013,16
816,1378848600,WA-AHO,VM_023,13
816,1378848600,WA-AHO,VM_025,16
816,1378848600,PABFD,VM_012,10
816,1378848600,PABFD,VM_011,11
816,1378848600,PABFD,VM_025,12
816,1378848600,PABFD,VM_003,13
816,1378848600,PABFD,VM_023,13
816,1378848600,PABFD,VM_001,11
816,1378848600,PABFD,VM_013,12
817,1378848900,Standard_HO,VM_001,16
817,1378848900,Standard_HO,VM_003,16
817,1378848900,Standard_HO,VM_011,16
817,1378848900,Standard_HO,VM_012,14
817,1378848900,Standard_HO,VM_013,16
817,1378848900,Standard_HO,VM_023,16
817,1378848900,Standard_HO,VM_025,16
817,1378848900,WA-AHO,VM_001,16
817,1378848900,WA-AHO,VM_003,16
817,1378848900,WA-AHO,VM_011,16
817,1378848900,WA-AHO,VM_012,14
817,1378848900,WA-AHO,VM_013,16
817,1378848900,WA-AHO,VM_023,16
817,1378848900,WA-AHO,VM_025,16
817,1378848900,PABFD,VM_012,10
817,1378848900,PABFD,VM_011,11
817,1378848900,PABFD,VM_025,12
817,1378848900,PABFD,VM_003,13
817,1378848900,PABFD,VM_023,13
817,1378848900,PABFD,VM_001,11
817,1378848900,PABFD,VM_013,12
818,1378849200,Standard_HO,VM_001,17
818,1378849200,Standard_HO,VM_003,17
818,1378849200,Standard_HO,VM_011,17
818,1378849200,Standard_HO,VM_012,13
818,1378849200,Standard_HO,VM_013,17
818,1378849200,Standard_HO,VM_023,17
818,1378849200,Standard_HO,VM_025,17
818,1378849200,WA-AHO,VM_001,17
818,1378849200,WA-AHO,VM_003,17
818,1378849200,WA-AHO,VM_011,17
818,1378849200,WA-AHO,VM_012,15
818,1378849200,WA-AHO,VM_013,17
818,1378849200,WA-AHO,VM_023,17
818,1378849200,WA-AHO,VM_025,17
818,1378849200,PABFD,VM_012,10
818,1378849200,PABFD,VM_011,11
818,1378849200,PABFD,VM_025,12
818,1378849200,PABFD,VM_003,13
818,1378849200,PABFD,VM_023,13
818,1378849200,PABFD,VM_001,11
818,1378849200,PABFD,VM_013,12
819,1378849500,Standard_HO,VM_001,16
819,1378849500,Standard_HO,VM_003,16
819,1378849500,Standard_HO,VM_011,12
819,1378849500,Standard_HO,VM_012,16
819,1378849500,Standard_HO,VM_013,12
819,1378849500,Standard_HO,VM_023,16
819,1378849500,Standard_HO,VM_025,16
819,1378849500,WA-AHO,VM_001,16
819,1378849500,WA-AHO,VM_003,16
819,1378849500,WA-AHO,VM_011,12
819,1378849500,WA-AHO,VM_012,16
819,1378849500,WA-AHO,VM_013,12
819,1378849500,WA-AHO,VM_023,16
819,1378849500,WA-AHO,VM_025,16
819,1378849500,PABFD,VM_012,10
819,1378849500,PABFD,VM_011,11
819,1378849500,PABFD,VM_025,12
819,1378849500,PABFD,VM_003,13
819,1378849500,PABFD,VM_023,13
819,1378849500,PABFD,VM_001,11
819,1378849500,PABFD,VM_013,12
820,1378849800,Standard_HO,VM_001,19
820,1378849800,Standard_HO,VM_003,19
820,1378849800,Standard_HO,VM_011,19
820,1378849800,Standard_HO,VM_012,15
820,1378849800,Standard_HO,VM_013,19
820,1378849800,Standard_HO,VM_023,19
820,1378849800,Standard_HO,VM_025,19
820,1378849800,WA-AHO,VM_001,17
820,1378849800,WA-AHO,VM_003,17
820,1378849800,WA-AHO,VM_011,17
820,1378849800,WA-AHO,VM_012,13
820,1378849800,WA-AHO,VM_013,17
820,1378849800,WA-AHO,VM_023,17
820,1378849800,WA-AHO,VM_025,17
820,1378849800,PABFD,VM_012,10
820,1378849800,PABFD,VM_011,11
820,1378849800,PABFD,VM_025,12
820,1378849800,PABFD,VM_003,13
820,1378849800,PABFD,VM_023,13
820,1378849800,PABFD,VM_001,11
820,1378849800,PABFD,VM_013,12
821,1378850100,Standard_HO,VM_001,19
821,1378850100,Standard_HO,VM_003,19
821,1378850100,Standard_HO,VM_011,10
821,1378850100,Standard_HO,VM_012,19
821,1378850100,Standard_HO,VM_013,10
821,1378850100,Standard_HO,VM_023,19
821,1378850100,Standard_HO,VM_025,19
821,1378850100,WA-AHO,VM_001,19
821,1378850100,WA-AHO,VM_003,19
821,1378850100,WA-AHO,VM_011,10
821,1378850100,WA-AHO,VM_012,19
821,1378850100,WA-AHO,VM_013,10
821,1378850100,WA-AHO,VM_023,19
821,1378850100,WA-AHO,VM_025,19
821,1378850100,PABFD,VM_012,10
821,1378850100,PABFD,VM_011,11
821,1378850100,PABFD,VM_025,12
821,1378850100,PABFD,VM_003,13
821,1378850100,PABFD,VM_023,13
821,1378850100,PABFD,VM_001,11
821,1378850100,PABFD,VM_013,12
822,1378850400,Standard_HO,VM_001,16
822,1378850400,Standard_HO,VM_003,16
822,1378850400,Standard_HO,VM_011,14
822,1378850400,Standard_HO,VM_012,16
822,1378850400,Standard_HO,VM_013,14
822,1378850400,Standard_HO,VM_023,16
822,1378850400,Standard_HO,VM_025,16
822,1378850400,WA-AHO,VM_001,18
822,1378850400,WA-AHO,VM_003,18
822,1378850400,WA-AHO,VM_011,15
822,1378850400,WA-AHO,VM_012,18
822,1378850400,WA-AHO,VM_013,15
822,1378850400,WA-AHO,VM_023,18
822,1378850400,WA-AHO,VM_025,18
822,1378850400,PABFD,VM_012,10
822,1378850400,PABFD,VM_011,11
822,1378850400,PABFD,VM_025,12
822,1378850400,PABFD,VM_003,13
822,1378850400,PABFD,VM_023,13
822,1378850400,PABFD,VM_001,11
822,1378850400,PABFD,VM_013,12
823,1378850700,Standard_HO,VM_001,18
823,1378850700,Standard_HO,VM_003,18
823,1378850700,Standard_HO,VM_011,13
823,1378850700,Standard_HO,VM_012,18
823,1378850700,Standard_HO,VM_013,13
823,1378850700,Standard_HO,VM_023,18
823,1378850700,Standard_HO,VM_025,18
823,1378850700,WA-AHO,VM_001,16
823,1378850700,WA-AHO,VM_003,16
823,1378850700,WA-AHO,VM_011,12
823,1378850700,WA-AHO,VM_012,16
823,1378850700,WA-AHO,VM_013,12
823,1378850700,WA-AHO,VM_023,16
823,1378850700,WA-AHO,VM_025,16
823,1378850700,PABFD,VM_012,10
823,1378850700,PABFD,VM_011,11
823,1378850700,PABFD,VM_025,12
823,1378850700,PABFD,VM_003,13
823,1378850700,PABFD,VM_023,13
823,1378850700,PABFD,VM_001,11
823,1378850700,PABFD,VM_013,12
824,1378851000,Standard_HO,VM_001,18
824,1378851000,Standard_HO,VM_003,10
824,1378851000,Standard_HO,VM_011,18
824,1378851000,Standard_HO,VM_012,18
824,1378851000,Standard_HO,VM_013,18
824,1378851000,Standard_HO,VM_023,10
824,1378851000,Standard_HO,VM_025,18
824,1378851000,WA-AHO,VM_001,18
824,1378851000,WA-AHO,VM_003,13
824,1378851000,WA-AHO,VM_011,18
824,1378851000,WA-AHO,VM_012,18
824,1378851000,WA-AHO,VM_013,18
824,1378851000,WA-AHO,VM_023,13
824,1378851000,WA-AHO,VM_025,18
824,1378851000,PABFD,VM_012,10
824,1378851000,PABFD,VM_011,11
824,1378851000,PABFD,VM_025,12
824,1378851000,PABFD,VM_003,13
824,1378851000,PABFD,VM_023,13
824,1378851000,PABFD,VM_001,11
824,1378851000,PABFD,VM_013,12
825,1378851300,Standard_HO,VM_001,14
825,1378851300,Standard_HO,VM_003,17
825,1378851300,Standard_HO,VM_011,17
825,1378851300,Standard_HO,VM_012,17
825,1378851300,Standard_HO,VM_013,17
825,1378851300,Standard_HO,VM_023,17
825,1378851300,Standard_HO,VM_025,14
825,1378851300,WA-AHO,VM_001,18
825,1378851300,WA-AHO,VM_003,18
825,1378851300,WA-AHO,VM_011,18
825,1378851300,WA-AHO,VM_012,18
825,1378851300,WA-AHO,VM_013,14
825,1378851300,WA-AHO,VM_023,18
825,1378851300,WA-AHO,VM_025,14
825,1378851300,PABFD,VM_012,10
825,1378851300,PABFD,VM_011,11
825,1378851300,PABFD,VM_025,12
825,1378851300,PABFD,VM_003,13
825,1378851300,PABFD,VM_023,13
825,1378851300,PABFD,VM_001,11
825,1378851300,PABFD,VM_013,12
826,1378851600,Standard_HO,VM_001,11
826,1378851600,Standard_HO,VM_003,17
826,1378851600,Standard_HO,VM_011,17
826,1378851600,Standard_HO,VM_012,17
826,1378851600,Standard_HO,VM_013,17
826,1378851600,Standard_HO,VM_023,17
826,1378851600,Standard_HO,VM_025,11
826,1378851600,WA-AHO,VM_001,13
826,1378851600,WA-AHO,VM_003,19
826,1378851600,WA-AHO,VM_011,19
826,1378851600,WA-AHO,VM_012,19
826,1378851600,WA-AHO,VM_013,19
826,1378851600,WA-AHO,VM_023,19
826,1378851600,WA-AHO,VM_025,13
826,1378851600,PABFD,VM_012,10
826,1378851600,PABFD,VM_011,11
826,1378851600,PABFD,VM_025,12
826,1378851600,PABFD,VM_003,13
826,1378851600,PABFD,VM_023,13
826,1378851600,PABFD,VM_001,11
826,1378851600,PABFD,VM_013,12
827,1378851900,Standard_HO,VM_001,11
827,1378851900,Standard_HO,VM_003,18
827,1378851900,Standard_HO,VM_011,18
827,1378851900,Standard_HO,VM_012,18
827,1378851900,Standard_HO,VM_013,18
827,1378851900,Standard_HO,VM_023,18
827,1378851900,Standard_HO,VM_025,11
827,1378851900,WA-AHO,VM_001,17
827,1378851900,WA-AHO,VM_003,17
827,1378851900,WA-AHO,VM_011,15
827,1378851900,WA-AHO,VM_012,17
827,1378851900,WA-AHO,VM_013,15
827,1378851900,WA-AHO,VM_023,17
827,1378851900,WA-AHO,VM_025,17
827,1378851900,PABFD,VM_012,10
827,1378851900,PABFD,VM_011,11
827,1378851900,PABFD,VM_025,12
827,1378851900,PABFD,VM_003,13
827,1378851900,PABFD,VM_023,13
827,1378851900,PABFD,VM_001,11
827,1378851900,PABFD,VM_013,12
828,1378852200,Standard_HO,VM_001,14
828,1378852200,Standard_HO,VM_003,18
828,1378852200,Standard_HO,VM_011,18
828,1378852200,Standard_HO,VM_012,18
828,1378852200,Standard_HO,VM_013,18
828,1378852200,Standard_HO,VM_023,18
828,1378852200,Standard_HO,VM_025,14
828,1378852200,WA-AHO,VM_001,12
828,1378852200,WA-AHO,VM_003,19
828,1378852200,WA-AHO,VM_011,19
828,1378852200,WA-AHO,VM_012,19
828,1378852200,WA-AHO,VM_013,12
828,1378852200,WA-AHO,VM_023,12
828,1378852200,WA-AHO,VM_025,19
828,1378852200,PABFD,VM_012,10
828,1378852200,PABFD,VM_011,11
828,1378852200,PABFD,VM_025,12
828,1378852200,PABFD,VM_003,13
828,1378852200,PABFD,VM_023,13
828,1378852200,PABFD,VM_001,11
828,1378852200,PABFD,VM_013,12
829,1378852500,Standard_HO,VM_001,11
829,1378852500,Standard_HO,VM_003,19
829,1378852500,Standard_HO,VM_011,19
829,1378852500,Standard_HO,VM_012,19
829,1378852500,Standard_HO,VM_013,11
829,1378852500,Standard_HO,VM_023,11
829,1378852500,Standard_HO,VM_025,19
829,1378852500,WA-AHO,VM_001,12
829,1378852500,WA-AHO,VM_003,17
829,1378852500,WA-AHO,VM_011,17
829,1378852500,WA-AHO,VM_012,17
829,1378852500,WA-AHO,VM_013,17
829,1378852500,WA-AHO,VM_023,17
829,1378852500,WA-AHO,VM_025,12
829,1378852500,PABFD,VM_012,10
829,1378852500,PABFD,VM_011,11
829,1378852500,PABFD,VM_025,12
829,1378852500,PABFD,VM_003,13
829,1378852500,PABFD,VM_023,13
829,1378852500,PABFD,VM_001,11
829,1378852500,PABFD,VM_013,12
830,1378852800,Standard_HO,VM_001,12
830,1378852800,Standard_HO,VM_003,17
830,1378852800,Standard_HO,VM_011,17
830,1378852800,Standard_HO,VM_012,17
830,1378852800,Standard_HO,VM_013,12
830,1378852800,Standard_HO,VM_023,12
830,1378852800,Standard_HO,VM_025,17
830,1378852800,WA-AHO,VM_001,12
830,1378852800,WA-AHO,VM_003,17
830,1378852800,WA-AHO,VM_011,17
830,1378852800,WA-AHO,VM_012,17
830,1378852800,WA-AHO,VM_013,12
830,1378852800,WA-AHO,VM_023,12
830,1378852800,WA-AHO,VM_025,17
830,1378852800,PABFD,VM_012,10
830,1378852800,PABFD,VM_011,11
830,1378852800,PABFD,VM_025,12
830,1378852800,PABFD,VM_003,13
830,1378852800,PABFD,VM_023,13
830,1378852800,PABFD,VM_001,11
830,1378852800,PABFD,VM_013,12
831,1378853100,Standard_HO,VM_001,13
831,1378853100,Standard_HO,VM_003,19
831,1378853100,Standard_HO,VM_011,19
831,1378853100,Standard_HO,VM_012,19
831,1378853100,Standard_HO,VM_013,13
831,1378853100,Standard_HO,VM_023,13
831,1378853100,Standard_HO,VM_025,19
831,1378853100,WA-AHO,VM_001,13
831,1378853100,WA-AHO,VM_003,19
831,1378853100,WA-AHO,VM_011,19
831,1378853100,WA-AHO,VM_012,19
831,1378853100,WA-AHO,VM_013,13
831,1378853100,WA-AHO,VM_023,13
831,1378853100,WA-AHO,VM_025,19
831,1378853100,PABFD,VM_012,10
831,1378853100,PABFD,VM_011,11
831,1378853100,PABFD,VM_025,12
831,1378853100,PABFD,VM_003,13
831,1378853100,PABFD,VM_023,13
831,1378853100,PABFD,VM_001,11
831,1378853100,PABFD,VM_013,12
832,1378853400,Standard_HO,VM_001,13
832,1378853400,Standard_HO,VM_003,18
832,1378853400,Standard_HO,VM_011,18
832,1378853400,Standard_HO,VM_012,18
832,1378853400,Standard_HO,VM_013,18
832,1378853400,Standard_HO,VM_023,18
832,1378853400,Standard_HO,VM_025,13
832,1378853400,WA-AHO,VM_001,13
832,1378853400,WA-AHO,VM_003,18
832,1378853400,WA-AHO,VM_011,18
832,1378853400,WA-AHO,VM_012,18
832,1378853400,WA-AHO,VM_013,18
832,1378853400,WA-AHO,VM_023,18
832,1378853400,WA-AHO,VM_025,13
832,1378853400,PABFD,VM_012,10
832,1378853400,PABFD,VM_011,11
832,1378853400,PABFD,VM_025,12
832,1378853400,PABFD,VM_003,13
832,1378853400,PABFD,VM_023,13
832,1378853400,PABFD,VM_001,11
832,1378853400,PABFD,VM_013,12
833,1378853700,Standard_HO,VM_001,15
833,1378853700,Standard_HO,VM_003,18
833,1378853700,Standard_HO,VM_011,18
833,1378853700,Standard_HO,VM_012,18
833,1378853700,Standard_HO,VM_013,15
833,1378853700,Standard_HO,VM_023,15
833,1378853700,Standard_HO,VM_025,18
833,1378853700,WA-AHO,VM_001,12
833,1378853700,WA-AHO,VM_003,17
833,1378853700,WA-AHO,VM_011,17
833,1378853700,WA-AHO,VM_012,17
833,1378853700,WA-AHO,VM_013,17
833,1378853700,WA-AHO,VM_023,17
833,1378853700,WA-AHO,VM_025,12
833,1378853700,PABFD,VM_012,10
833,1378853700,PABFD,VM_011,11
833,1378853700,PABFD,VM_025,12
833,1378853700,PABFD,VM_003,13
833,1378853700,PABFD,VM_023,13
833,1378853700,PABFD,VM_001,11
833,1378853700,PABFD,VM_013,12
834,1378854000,Standard_HO,VM_001,11
834,1378854000,Standard_HO,VM_003,19
834,1378854000,Standard_HO,VM_011,19
834,1378854000,Standard_HO,VM_012,19
834,1378854000,Standard_HO,VM_013,11
834,1378854000,Standard_HO,VM_023,11
834,1378854000,Standard_HO,VM_025,19
834,1378854000,WA-AHO,VM_001,11
834,1378854000,WA-AHO,VM_003,19
834,1378854000,WA-AHO,VM_011,19
834,1378854000,WA-AHO,VM_012,19
834,1378854000,WA-AHO,VM_013,11
834,1378854000,WA-AHO,VM_023,11
834,1378854000,WA-AHO,VM_025,19
834,1378854000,PABFD,VM_012,10
834,1378854000,PABFD,VM_011,11
834,1378854000,PABFD,VM_025,12
834,1378854000,PABFD,VM_003,13
834,1378854000,PABFD,VM_023,13
834,1378854000,PABFD,VM_001,11
834,1378854000,PABFD,VM_013,12
835,1378854300,Standard_HO,VM_001,15
835,1378854300,Standard_HO,VM_003,18
835,1378854300,Standard_HO,VM_011,18
835,1378854300,Standard_HO,VM_012,18
835,1378854300,Standard_HO,VM_013,18
835,1378854300,Standard_HO,VM_023,18
835,1378854300,Standard_HO,VM_025,15
835,1378854300,WA-AHO,VM_001,15
835,1378854300,WA-AHO,VM_003,18
835,1378854300,WA-AHO,VM_011,18
835,1378854300,WA-AHO,VM_012,18
835,1378854300,WA-AHO,VM_013,18
835,1378854300,WA-AHO,VM_023,18
835,1378854300,WA-AHO,VM_025,15
835,1378854300,PABFD,VM_012,10
835,1378854300,PABFD,VM_011,11
835,1378854300,PABFD,VM_025,12
835,1378854300,PABFD,VM_003,13
835,1378854300,PABFD,VM_023,13
835,1378854300,PABFD,VM_001,11
835,1378854300,PABFD,VM_013,12
836,1378854600,Standard_HO,VM_001,13
836,1378854600,Standard_HO,VM_003,18
836,1378854600,Standard_HO,VM_011,18
836,1378854600,Standard_HO,VM_012,18
836,1378854600,Standard_HO,VM_013,13
836,1378854600,Standard_HO,VM_023,13
836,1378854600,Standard_HO,VM_025,18
836,1378854600,WA-AHO,VM_001,14
836,1378854600,WA-AHO,VM_003,19
836,1378854600,WA-AHO,VM_011,19
836,1378854600,WA-AHO,VM_012,19
836,1378854600,WA-AHO,VM_013,19
836,1378854600,WA-AHO,VM_023,19
836,1378854600,WA-AHO,VM_025,14
836,1378854600,PABFD,VM_012,10
836,1378854600,PABFD,VM_011,11
836,1378854600,PABFD,VM_025,12
836,1378854600,PABFD,VM_003,13
836,1378854600,PABFD,VM_023,13
836,1378854600,PABFD,VM_001,11
836,1378854600,PABFD,VM_013,12
837,1378854900,Standard_HO,VM_001,15
837,1378854900,Standard_HO,VM_003,17
837,1378854900,Standard_HO,VM_011,17
837,1378854900,Standard_HO,VM_012,17
837,1378854900,Standard_HO,VM_013,15
837,1378854900,Standard_HO,VM_023,15
837,1378854900,Standard_HO,VM_025,17
837,1378854900,WA-AHO,VM_001,12
837,1378854900,WA-AHO,VM_003,19
837,1378854900,WA-AHO,VM_011,19
837,1378854900,WA-AHO,VM_012,19
837,1378854900,WA-AHO,VM_013,12
837,1378854900,WA-AHO,VM_023,12
837,1378854900,WA-AHO,VM_025,19
837,1378854900,PABFD,VM_012,10
837,1378854900,PABFD,VM_011,11
837,1378854900,PABFD,VM_025,12
837,1378854900,PABFD,VM_003,13
837,1378854900,PABFD,VM_023,13
837,1378854900,PABFD,VM_001,11
837,1378854900,PABFD,VM_013,12
838,1378855200,Standard_HO,VM_001,12
838,1378855200,Standard_HO,VM_003,17
838,1378855200,Standard_HO,VM_011,17
838,1378855200,Standard_HO,VM_012,17
838,1378855200,Standard_HO,VM_013,17
838,1378855200,Standard_HO,VM_023,17
838,1378855200,Standard_HO,VM_025,12
838,1378855200,WA-AHO,VM_001,12
838,1378855200,WA-AHO,VM_003,19
838,1378855200,WA-AHO,VM_011,19
838,1378855200,WA-AHO,VM_012,19
838,1378855200,WA-AHO,VM_013,19
838,1378855200,WA-AHO,VM_023,19
838,1378855200,WA-AHO,VM_025,12
838,1378855200,PABFD,VM_012,10
838,1378855200,PABFD,VM_011,11
838,1378855200,PABFD,VM_025,12
838,1378855200,PABFD,VM_003,13
838,1378855200,PABFD,VM_023,13
838,1378855200,PABFD,VM_001,11
838,1378855200,PABFD,VM_013,12
839,1378855500,Standard_HO,VM_001,19
839,1378855500,Standard_HO,VM_003,19
839,1378855500,Standard_HO,VM_011,13
839,1378855500,Standard_HO,VM_012,19
839,1378855500,Standard_HO,VM_013,13
839,1378855500,Standard_HO,VM_023,19
839,1378855500,Standard_HO,VM_025,19
839,1378855500,WA-AHO,VM_001,18
839,1378855500,WA-AHO,VM_003,18
839,1378855500,WA-AHO,VM_011,12
839,1378855500,WA-AHO,VM_012,18
839,1378855500,WA-AHO,VM_013,12
839,1378855500,WA-AHO,VM_023,18
839,1378855500,WA-AHO,VM_025,18
839,1378855500,PABFD,VM_012,10
839,1378855500,PABFD,VM_011,11
839,1378855500,PABFD,VM_025,12
839,1378855500,PABFD,VM_003,13
839,1378855500,PABFD,VM_023,13
839,1378855500,PABFD,VM_001,11
839,1378855500,PABFD,VM_013,12
840,1378855800,Standard_HO,VM_001,17
840,1378855800,Standard_HO,VM_003,17
840,1378855800,Standard_HO,VM_011,11
840,1378855800,Standard_HO,VM_012,17
840,1378855800,Standard_HO,VM_013,11
840,1378855800,Standard_HO,VM_023,17
840,1378855800,Standard_HO,VM_025,17
840,1378855800,WA-AHO,VM_001,17
840,1378855800,WA-AHO,VM_003,17
840,1378855800,WA-AHO,VM_011,10
840,1378855800,WA-AHO,VM_012,17
840,1378855800,WA-AHO,VM_013,10
840,1378855800,WA-AHO,VM_023,17
840,1378855800,WA-AHO,VM_025,17
840,1378855800,PABFD,VM_012,10
840,1378855800,PABFD,VM_011,11
840,1378855800,PABFD,VM_025,12
840,1378855800,PABFD,VM_003,13
840,1378855800,PABFD,VM_023,13
840,1378855800,PABFD,VM_001,11
840,1378855800,PABFD,VM_013,12
841,1378856100,Standard_HO,VM_001,10
841,1378856100,Standard_HO,VM_003,19
841,1378856100,Standard_HO,VM_011,10
841,1378856100,Standard_HO,VM_012,19
841,1378856100,Standard_HO,VM_013,19
841,1378856100,Standard_HO,VM_023,19
841,1378856100,Standard_HO,VM_025,19
841,1378856100,WA-AHO,VM_001,17
841,1378856100,WA-AHO,VM_003,17
841,1378856100,WA-AHO,VM_011,15
841,1378856100,WA-AHO,VM_012,17
841,1378856100,WA-AHO,VM_013,15
841,1378856100,WA-AHO,VM_023,17
841,1378856100,WA-AHO,VM_025,17
841,1378856100,PABFD,VM_012,10
841,1378856100,PABFD,VM_011,11
841,1378856100,PABFD,VM_025,12
841,1378856100,PABFD,VM_003,13
841,1378856100,PABFD,VM_023,13
841,1378856100,PABFD,VM_001,11
841,1378856100,PABFD,VM_013,12
842,1378856400,Standard_HO,VM_001,13
842,1378856400,Standard_HO,VM_003,18
842,1378856400,Standard_HO,VM_011,13
842,1378856400,Standard_HO,VM_012,18
842,1378856400,Standard_HO,VM_013,18
842,1378856400,Standard_HO,VM_023,18
842,1378856400,Standard_HO,VM_025,18
842,1378856400,WA-AHO,VM_001,14
842,1378856400,WA-AHO,VM_003,14
842,1378856400,WA-AHO,VM_011,17
842,1378856400,WA-AHO,VM_012,17
842,1378856400,WA-AHO,VM_013,14
842,1378856400,WA-AHO,VM_023,17
842,1378856400,WA-AHO,VM_025,17
842,1378856400,PABFD,VM_012,10
842,1378856400,PABFD,VM_011,11
842,1378856400,PABFD,VM_025,12
842,1378856400,PABFD,VM_003,13
842,1378856400,PABFD,VM_023,13
842,1378856400,PABFD,VM_001,11
842,1378856400,PABFD,VM_013,12
843,1378856700,Standard_HO,VM_001,17
843,1378856700,Standard_HO,VM_003,17
843,1378856700,Standard_HO,VM_011,14
843,1378856700,Standard_HO,VM_012,17
843,1378856700,Standard_HO,VM_013,14
843,1378856700,Standard_HO,VM_023,17
843,1378856700,Standard_HO,VM_025,17
843,1378856700,WA-AHO,VM_001,18
843,1378856700,WA-AHO,VM_003,18
843,1378856700,WA-AHO,VM_011,14
843,1378856700,WA-AHO,VM_012,18
843,1378856700,WA-AHO,VM_013,14
843,1378856700,WA-AHO,VM_023,18
843,1378856700,WA-AHO,VM_025,18
843,1378856700,PABFD,VM_012,10
843,1378856700,PABFD,VM_011,11
843,1378856700,PABFD,VM_025,12
843,1378856700,PABFD,VM_003,13
843,1378856700,PABFD,VM_023,13
843,1378856700,PABFD,VM_001,11
843,1378856700,PABFD,VM_013,12
844,1378857000,Standard_HO,VM_001,17
844,1378857000,Standard_HO,VM_003,17
844,1378857000,Standard_HO,VM_011,12
844,1378857000,Standard_HO,VM_012,17
844,1378857000,Standard_HO,VM_013,12
844,1378857000,Standard_HO,VM_023,17
844,1378857000,Standard_HO,VM_025,17
844,1378857000,WA-AHO,VM_001,18
844,1378857000,WA-AHO,VM_003,18
844,1378857000,WA-AHO,VM_011,15
844,1378857000,WA-AHO,VM_012,18
844,1378857000,WA-AHO,VM_013,15
844,1378857000,WA-AHO,VM_023,18
844,1378857000,WA-AHO,VM_025,18
844,1378857000,PABFD,VM_012,10
844,1378857000,PABFD,VM_011,11
844,1378857000,PABFD,VM_025,12
844,1378857000,PABFD,VM_003,13
844,1378857000,PABFD,VM_023,13
844,1378857000,PABFD,VM_001,11
844,1378857000,PABFD,VM_013,12
845,1378857300,Standard_HO,VM_001,19
845,1378857300,Standard_HO,VM_003,19
845,1378857300,Standard_HO,VM_011,13
845,1378857300,Standard_HO,VM_012,19
845,1378857300,Standard_HO,VM_013,13
845,1378857300,Standard_HO,VM_023,19
845,1378857300,Standard_HO,VM_025,19
845,1378857300,WA-AHO,VM_001,19
845,1378857300,WA-AHO,VM_003,19
845,1378857300,WA-AHO,VM_011,19
845,1378857300,WA-AHO,VM_012,19
845,1378857300,WA-AHO,VM_013,11
845,1378857300,WA-AHO,VM_023,19
845,1378857300,WA-AHO,VM_025,11
845,1378857300,PABFD,VM_012,10
845,1378857300,PABFD,VM_011,11
845,1378857300,PABFD,VM_025,12
845,1378857300,PABFD,VM_003,13
845,1378857300,PABFD,VM_023,13
845,1378857300,PABFD,VM_001,11
845,1378857300,PABFD,VM_013,12
846,1378857600,Standard_HO,VM_001,18
846,1378857600,Standard_HO,VM_003,18
846,1378857600,Standard_HO,VM_011,11
846,1378857600,Standard_HO,VM_012,18
846,1378857600,Standard_HO,VM_013,11
846,1378857600,Standard_HO,VM_023,18
846,1378857600,Standard_HO,VM_025,18
846,1378857600,WA-AHO,VM_001,17
846,1378857600,WA-AHO,VM_003,17
846,1378857600,WA-AHO,VM_011,12
846,1378857600,WA-AHO,VM_012,17
846,1378857600,WA-AHO,VM_013,12
846,1378857600,WA-AHO,VM_023,17
846,1378857600,WA-AHO,VM_025,17
846,1378857600,PABFD,VM_012,10
846,1378857600,PABFD,VM_011,11
846,1378857600,PABFD,VM_025,12
846,1378857600,PABFD,VM_003,13
846,1378857600,PABFD,VM_023,13
846,1378857600,PABFD,VM_001,11
846,1378857600,PABFD,VM_013,12
847,1378857900,Standard_HO,VM_001,13
847,1378857900,Standard_HO,VM_003,18
847,1378857900,Standard_HO,VM_011,13
847,1378857900,Standard_HO,VM_012,18
847,1378857900,Standard_HO,VM_013,18
847,1378857900,Standard_HO,VM_023,18
847,1378857900,Standard_HO,VM_025,18
847,1378857900,WA-AHO,VM_001,17
847,1378857900,WA-AHO,VM_003,17
847,1378857900,WA-AHO,VM_011,11
847,1378857900,WA-AHO,VM_012,17
847,1378857900,WA-AHO,VM_013,11
847,1378857900,WA-AHO,VM_023,17
847,1378857900,WA-AHO,VM_025,17
847,1378857900,PABFD,VM_012,10
847,1378857900,PABFD,VM_011,11
847,1378857900,PABFD,VM_025,12
847,1378857900,PABFD,VM_003,13
847,1378857900,PABFD,VM_023,13
847,1378857900,PABFD,VM_001,11
847,1378857900,PABFD,VM_013,12
848,1378858200,Standard_HO,VM_001,12
848,1378858200,Standard_HO,VM_003,19
848,1378858200,Standard_HO,VM_011,12
848,1378858200,Standard_HO,VM_012,19
848,1378858200,Standard_HO,VM_013,19
848,1378858200,Standard_HO,VM_023,19
848,1378858200,Standard_HO,VM_025,19
848,1378858200,WA-AHO,VM_001,19
848,1378858200,WA-AHO,VM_003,19
848,1378858200,WA-AHO,VM_011,14
848,1378858200,WA-AHO,VM_012,19
848,1378858200,WA-AHO,VM_013,14
848,1378858200,WA-AHO,VM_023,19
848,1378858200,WA-AHO,VM_025,19
848,1378858200,PABFD,VM_012,10
848,1378858200,PABFD,VM_011,11
848,1378858200,PABFD,VM_025,12
848,1378858200,PABFD,VM_003,13
848,1378858200,PABFD,VM_023,13
848,1378858200,PABFD,VM_001,11
848,1378858200,PABFD,VM_013,12
849,1378858500,Standard_HO,VM_001,11
849,1378858500,Standard_HO,VM_003,19
849,1378858500,Standard_HO,VM_011,11
849,1378858500,Standard_HO,VM_012,19
849,1378858500,Standard_HO,VM_013,19
849,1378858500,Standard_HO,VM_023,19
849,1378858500,Standard_HO,VM_025,19
849,1378858500,WA-AHO,VM_001,12
849,1378858500,WA-AHO,VM_003,19
849,1378858500,WA-AHO,VM_011,12
849,1378858500,WA-AHO,VM_012,19
849,1378858500,WA-AHO,VM_013,19
849,1378858500,WA-AHO,VM_023,19
849,1378858500,WA-AHO,VM_025,19
849,1378858500,PABFD,VM_012,10
849,1378858500,PABFD,VM_011,11
849,1378858500,PABFD,VM_025,12
849,1378858500,PABFD,VM_003,13
849,1378858500,PABFD,VM_023,13
849,1378858500,PABFD,VM_001,11
849,1378858500,PABFD,VM_013,12
850,1378858800,Standard_HO,VM_001,12
850,1378858800,Standard_HO,VM_003,19
850,1378858800,Standard_HO,VM_011,12
850,1378858800,Standard_HO,VM_012,19
850,1378858800,Standard_HO,VM_013,19
850,1378858800,Standard_HO,VM_023,19
850,1378858800,Standard_HO,VM_025,19
850,1378858800,WA-AHO,VM_001,19
850,1378858800,WA-AHO,VM_003,19
850,1378858800,WA-AHO,VM_011,15
850,1378858800,WA-AHO,VM_012,19
850,1378858800,WA-AHO,VM_013,15
850,1378858800,WA-AHO,VM_023,19
850,1378858800,WA-AHO,VM_025,19
850,1378858800,PABFD,VM_012,10
850,1378858800,PABFD,VM_011,11
850,1378858800,PABFD,VM_025,12
850,1378858800,PABFD,VM_003,13
850,1378858800,PABFD,VM_023,13
850,1378858800,PABFD,VM_001,11
850,1378858800,PABFD,VM_013,12
851,1378859100,Standard_HO,VM_001,10
851,1378859100,Standard_HO,VM_003,18
851,1378859100,Standard_HO,VM_011,18
851,1378859100,Standard_HO,VM_012,18
851,1378859100,Standard_HO,VM_013,18
851,1378859100,Standard_HO,VM_023,18
851,1378859100,Standard_HO,VM_025,10
851,1378859100,WA-AHO,VM_001,13
851,1378859100,WA-AHO,VM_003,19
851,1378859100,WA-AHO,VM_011,19
851,1378859100,WA-AHO,VM_012,19
851,1378859100,WA-AHO,VM_013,13
851,1378859100,WA-AHO,VM_023,13
851,1378859100,WA-AHO,VM_025,19
851,1378859100,PABFD,VM_012,10
851,1378859100,PABFD,VM_011,11
851,1378859100,PABFD,VM_025,12
851,1378859100,PABFD,VM_003,13
851,1378859100,PABFD,VM_023,13
851,1378859100,PABFD,VM_001,11
851,1378859100,PABFD,VM_013,12
852,1378859400,Standard_HO,VM_001,12
852,1378859400,Standard_HO,VM_003,12
852,1378859400,Standard_HO,VM_011,18
852,1378859400,Standard_HO,VM_012,18
852,1378859400,Standard_HO,VM_013,12
852,1378859400,Standard_HO,VM_023,18
852,1378859400,Standard_HO,VM_025,18
852,1378859400,WA-AHO,VM_001,10
852,1378859400,WA-AHO,VM_003,16
852,1378859400,WA-AHO,VM_011,16
852,1378859400,WA-AHO,VM_012,16
852,1378859400,WA-AHO,VM_013,16
852,1378859400,WA-AHO,VM_023,16
852,1378859400,WA-AHO,VM_025,10
852,1378859400,PABFD,VM_012,10
852,1378859400,PABFD,VM_011,11
852,1378859400,PABFD,VM_025,12
852,1378859400,PABFD,VM_003,13
852,1378859400,PABFD,VM_023,13
852,1378859400,PABFD,VM_001,11
852,1378859400,PABFD,VM_013,12
853,1378859700,Standard_HO,VM_001,18
853,1378859700,Standard_HO,VM_003,18
853,1378859700,Standard_HO,VM_011,18
853,1378859700,Standard_HO,VM_012,18
853,1378859700,Standard_HO,VM_013,14
853,1378859700,Standard_HO,VM_023,18
853,1378859700,Standard_HO,VM_025,14
853,1378859700,WA-AHO,VM_001,17
853,1378859700,WA-AHO,VM_003,17
853,1378859700,WA-AHO,VM_011,17
853,1378859700,WA-AHO,VM_012,17
853,1378859700,WA-AHO,VM_013,12
853,1378859700,WA-AHO,VM_023,17
853,1378859700,WA-AHO,VM_025,12
853,1378859700,PABFD,VM_012,10
853,1378859700,PABFD,VM_011,11
853,1378859700,PABFD,VM_025,12
853,1378859700,PABFD,VM_003,13
853,1378859700,PABFD,VM_023,13
853,1378859700,PABFD,VM_001,11
853,1378859700,PABFD,VM_013,12
854,1378860000,Standard_HO,VM_001,13
854,1378860000,Standard_HO,VM_003,16
854,1378860000,Standard_HO,VM_011,13
854,1378860000,Standard_HO,VM_012,16
854,1378860000,Standard_HO,VM_013,16
854,1378860000,Standard_HO,VM_023,16
854,1378860000,Standard_HO,VM_025,16
854,1378860000,WA-AHO,VM_001,10
854,1378860000,WA-AHO,VM_003,19
854,1378860000,WA-AHO,VM_011,19
854,1378860000,WA-AHO,VM_012,19
854,1378860000,WA-AHO,VM_013,10
854,1378860000,WA-AHO,VM_023,10
854,1378860000,WA-AHO,VM_025,19
854,1378860000,PABFD,VM_012,10
854,1378860000,PABFD,VM_011,11
854,1378860000,PABFD,VM_025,12
854,1378860000,PABFD,VM_003,13
854,1378860000,PABFD,VM_023,13
854,1378860000,PABFD,VM_001,11
854,1378860000,PABFD,VM_013,12
855,1378860300,Standard_HO,VM_001,10
855,1378860300,Standard_HO,VM_003,16
855,1378860300,Standard_HO,VM_011,10
855,1378860300,Standard_HO,VM_012,16
855,1378860300,Standard_HO,VM_013,16
855,1378860300,Standard_HO,VM_023,16
855,1378860300,Standard_HO,VM_025,16
855,1378860300,WA-AHO,VM_001,10
855,1378860300,WA-AHO,VM_003,18
855,1378860300,WA-AHO,VM_011,18
855,1378860300,WA-AHO,VM_012,18
855,1378860300,WA-AHO,VM_013,18
855,1378860300,WA-AHO,VM_023,18
855,1378860300,WA-AHO,VM_025,10
855,1378860300,PABFD,VM_012,10
855,1378860300,PABFD,VM_011,11
855,1378860300,PABFD,VM_025,12
855,1378860300,PABFD,VM_003,13
855,1378860300,PABFD,VM_023,13
855,1378860300,PABFD,VM_001,11
855,1378860300,PABFD,VM_013,12
856,1378860600,Standard_HO,VM_001,10
856,1378860600,Standard_HO,VM_003,10
856,1378860600,Standard_HO,VM_011,19
856,1378860600,Standard_HO,VM_012,19
856,1378860600,Standard_HO,VM_013,10
856,1378860600,Standard_HO,VM_023,19
856,1378860600,Standard_HO,VM_025,19
856,1378860600,WA-AHO,VM_001,11
856,1378860600,WA-AHO,VM_003,19
856,1378860600,WA-AHO,VM_011,19
856,1378860600,WA-AHO,VM_012,19
856,1378860600,WA-AHO,VM_013,11
856,1378860600,WA-AHO,VM_023,11
856,1378860600,WA-AHO,VM_025,19
856,1378860600,PABFD,VM_012,10
856,1378860600,PABFD,VM_011,11
856,1378860600,PABFD,VM_025,12
856,1378860600,PABFD,VM_003,13
856,1378860600,PABFD,VM_023,13
856,1378860600,PABFD,VM_001,11
856,1378860600,PABFD,VM_013,12
857,1378860900,Standard_HO,VM_001,19
857,1378860900,Standard_HO,VM_003,19
857,1378860900,Standard_HO,VM_011,15
857,1378860900,Standard_HO,VM_012,19
857,1378860900,Standard_HO,VM_013,15
857,1378860900,Standard_HO,VM_023,19
857,1378860900,Standard_HO,VM_025,19
857,1378860900,WA-AHO,VM_001,19
857,1378860900,WA-AHO,VM_003,19
857,1378860900,WA-AHO,VM_011,13
857,1378860900,WA-AHO,VM_012,19
857,1378860900,WA-AHO,VM_013,13
857,1378860900,WA-AHO,VM_023,19
857,1378860900,WA-AHO,VM_025,19
857,1378860900,PABFD,VM_012,10
857,1378860900,PABFD,VM_011,11
857,1378860900,PABFD,VM_025,12
857,1378860900,PABFD,VM_003,13
857,1378860900,PABFD,VM_023,13
857,1378860900,PABFD,VM_001,11
857,1378860900,PABFD,VM_013,12
858,1378861200,Standard_HO,VM_001,13
858,1378861200,Standard_HO,VM_003,18
858,1378861200,Standard_HO,VM_011,18
858,1378861200,Standard_HO,VM_012,18
858,1378861200,Standard_HO,VM_013,18
858,1378861200,Standard_HO,VM_023,18
858,1378861200,Standard_HO,VM_025,13
858,1378861200,WA-AHO,VM_001,12
858,1378861200,WA-AHO,VM_003,19
858,1378861200,WA-AHO,VM_011,19
858,1378861200,WA-AHO,VM_012,19
858,1378861200,WA-AHO,VM_013,12
858,1378861200,WA-AHO,VM_023,12
858,1378861200,WA-AHO,VM_025,19
858,1378861200,PABFD,VM_012,10
858,1378861200,PABFD,VM_011,11
858,1378861200,PABFD,VM_025,12
858,1378861200,PABFD,VM_003,13
858,1378861200,PABFD,VM_023,13
858,1378861200,PABFD,VM_001,11
858,1378861200,PABFD,VM_013,12
859,1378861500,Standard_HO,VM_001,17
859,1378861500,Standard_HO,VM_003,17
859,1378861500,Standard_HO,VM_011,17
859,1378861500,Standard_HO,VM_012,17
859,1378861500,Standard_HO,VM_013,10
859,1378861500,Standard_HO,VM_023,17
859,1378861500,Standard_HO,VM_025,10
859,1378861500,WA-AHO,VM_001,17
859,1378861500,WA-AHO,VM_003,17
859,1378861500,WA-AHO,VM_011,17
859,1378861500,WA-AHO,VM_012,17
859,1378861500,WA-AHO,VM_013,14
859,1378861500,WA-AHO,VM_023,17
859,1378861500,WA-AHO,VM_025,14
859,1378861500,PABFD,VM_012,10
859,1378861500,PABFD,VM_011,11
859,1378861500,PABFD,VM_025,12
859,1378861500,PABFD,VM_003,13
859,1378861500,PABFD,VM_023,13
859,1378861500,PABFD,VM_001,11
859,1378861500,PABFD,VM_013,12
860,1378861800,Standard_HO,VM_001,18
860,1378861800,Standard_HO,VM_003,18
860,1378861800,Standard_HO,VM_011,18
860,1378861800,Standard_HO,VM_012,18
860,1378861800,Standard_HO,VM_013,14
860,1378861800,Standard_HO,VM_023,18
860,1378861800,Standard_HO,VM_025,14
860,1378861800,WA-AHO,VM_001,19
860,1378861800,WA-AHO,VM_003,19
860,1378861800,WA-AHO,VM_011,19
860,1378861800,WA-AHO,VM_012,19
860,1378861800,WA-AHO,VM_013,13
860,1378861800,WA-AHO,VM_023,19
860,1378861800,WA-AHO,VM_025,13
860,1378861800,PABFD,VM_012,10
860,1378861800,PABFD,VM_011,11
860,1378861800,PABFD,VM_025,12
860,1378861800,PABFD,VM_003,13
860,1378861800,PABFD,VM_023,13
860,1378861800,PABFD,VM_001,11
860,1378861800,PABFD,VM_013,12
861,1378862100,Standard_HO,VM_001,17
861,1378862100,Standard_HO,VM_003,17
861,1378862100,Standard_HO,VM_011,11
861,1378862100,Standard_HO,VM_012,17
861,1378862100,Standard_HO,VM_013,11
861,1378862100,Standard_HO,VM_023,17
861,1378862100,Standard_HO,VM_025,17
861,1378862100,WA-AHO,VM_001,19
861,1378862100,WA-AHO,VM_003,19
861,1378862100,WA-AHO,VM_011,11
861,1378862100,WA-AHO,VM_012,19
861,1378862100,WA-AHO,VM_013,11
861,1378862100,WA-AHO,VM_023,19
861,1378862100,WA-AHO,VM_025,19
861,1378862100,PABFD,VM_012,10
861,1378862100,PABFD,VM_011,11
861,1378862100,PABFD,VM_025,12
861,1378862100,PABFD,VM_003,13
861,1378862100,PABFD,VM_023,13
861,1378862100,PABFD,VM_001,11
861,1378862100,PABFD,VM_013,12
862,1378862400,Standard_HO,VM_001,18
862,1378862400,Standard_HO,VM_003,18
862,1378862400,Standard_HO,VM_011,18
862,1378862400,Standard_HO,VM_012,18
862,1378862400,Standard_HO,VM_013,10
862,1378862400,Standard_HO,VM_023,18
862,1378862400,Standard_HO,VM_025,10
862,1378862400,WA-AHO,VM_001,19
862,1378862400,WA-AHO,VM_003,19
862,1378862400,WA-AHO,VM_011,19
862,1378862400,WA-AHO,VM_012,19
862,1378862400,WA-AHO,VM_013,10
862,1378862400,WA-AHO,VM_023,19
862,1378862400,WA-AHO,VM_025,10
862,1378862400,PABFD,VM_012,10
862,1378862400,PABFD,VM_011,11
862,1378862400,PABFD,VM_025,12
862,1378862400,PABFD,VM_003,13
862,1378862400,PABFD,VM_023,13
862,1378862400,PABFD,VM_001,11
862,1378862400,PABFD,VM_013,12
863,1378862700,Standard_HO,VM_001,19
863,1378862700,Standard_HO,VM_003,19
863,1378862700,Standard_HO,VM_011,10
863,1378862700,Standard_HO,VM_012,19
863,1378862700,Standard_HO,VM_013,10
863,1378862700,Standard_HO,VM_023,19
863,1378862700,Standard_HO,VM_025,19
863,1378862700,WA-AHO,VM_001,19
863,1378862700,WA-AHO,VM_003,19
863,1378862700,WA-AHO,VM_011,10
863,1378862700,WA-AHO,VM_012,19
863,1378862700,WA-AHO,VM_013,10
863,1378862700,WA-AHO,VM_023,19
863,1378862700,WA-AHO,VM_025,19
863,1378862700,PABFD,VM_012,10
863,1378862700,PABFD,VM_011,11
863,1378862700,PABFD,VM_025,12
863,1378862700,PABFD,VM_003,13
863,1378862700,PABFD,VM_023,13
863,1378862700,PABFD,VM_001,11
863,1378862700,PABFD,VM_013,12
864,1378863000,Standard_HO,VM_001,18
864,1378863000,Standard_HO,VM_003,18
864,1378863000,Standard_HO,VM_011,15
864,1378863000,Standard_HO,VM_012,18
864,1378863000,Standard_HO,VM_013,15
864,1378863000,Standard_HO,VM_023,18
864,1378863000,Standard_HO,VM_025,18
864,1378863000,WA-AHO,VM_001,18
864,1378863000,WA-AHO,VM_003,18
864,1378863000,WA-AHO,VM_011,15
864,1378863000,WA-AHO,VM_012,18
864,1378863000,WA-AHO,VM_013,15
864,1378863000,WA-AHO,VM_023,18
864,1378863000,WA-AHO,VM_025,18
864,1378863000,PABFD,VM_012,10
864,1378863000,PABFD,VM_011,11
864,1378863000,PABFD,VM_025,12
864,1378863000,PABFD,VM_003,13
864,1378863000,PABFD,VM_023,13
864,1378863000,PABFD,VM_001,11
864,1378863000,PABFD,VM_013,12
865,1378863300,Standard_HO,VM_001,18
865,1378863300,Standard_HO,VM_003,18
865,1378863300,Standard_HO,VM_011,10
865,1378863300,Standard_HO,VM_012,18
865,1378863300,Standard_HO,VM_013,10
865,1378863300,Standard_HO,VM_023,18
865,1378863300,Standard_HO,VM_025,18
865,1378863300,WA-AHO,VM_001,18
865,1378863300,WA-AHO,VM_003,18
865,1378863300,WA-AHO,VM_011,10
865,1378863300,WA-AHO,VM_012,18
865,1378863300,WA-AHO,VM_013,10
865,1378863300,WA-AHO,VM_023,18
865,1378863300,WA-AHO,VM_025,18
865,1378863300,PABFD,VM_012,10
865,1378863300,PABFD,VM_011,11
865,1378863300,PABFD,VM_025,12
865,1378863300,PABFD,VM_003,13
865,1378863300,PABFD,VM_023,13
865,1378863300,PABFD,VM_001,11
865,1378863300,PABFD,VM_013,12
866,1378863600,Standard_HO,VM_001,18
866,1378863600,Standard_HO,VM_003,18
866,1378863600,Standard_HO,VM_011,13
866,1378863600,Standard_HO,VM_012,18
866,1378863600,Standard_HO,VM_013,13
866,1378863600,Standard_HO,VM_023,18
866,1378863600,Standard_HO,VM_025,18
866,1378863600,WA-AHO,VM_001,18
866,1378863600,WA-AHO,VM_003,18
866,1378863600,WA-AHO,VM_011,13
866,1378863600,WA-AHO,VM_012,18
866,1378863600,WA-AHO,VM_013,13
866,1378863600,WA-AHO,VM_023,18
866,1378863600,WA-AHO,VM_025,18
866,1378863600,PABFD,VM_012,10
866,1378863600,PABFD,VM_011,11
866,1378863600,PABFD,VM_025,12
866,1378863600,PABFD,VM_003,13
866,1378863600,PABFD,VM_023,13
866,1378863600,PABFD,VM_001,11
866,1378863600,PABFD,VM_013,12
867,1378863900,Standard_HO,VM_001,19
867,1378863900,Standard_HO,VM_003,19
867,1378863900,Standard_HO,VM_011,10
867,1378863900,Standard_HO,VM_012,19
867,1378863900,Standard_HO,VM_013,10
867,1378863900,Standard_HO,VM_023,19
867,1378863900,Standard_HO,VM_025,19
867,1378863900,WA-AHO,VM_001,19
867,1378863900,WA-AHO,VM_003,19
867,1378863900,WA-AHO,VM_011,10
867,1378863900,WA-AHO,VM_012,19
867,1378863900,WA-AHO,VM_013,10
867,1378863900,WA-AHO,VM_023,19
867,1378863900,WA-AHO,VM_025,19
867,1378863900,PABFD,VM_012,10
867,1378863900,PABFD,VM_011,11
867,1378863900,PABFD,VM_025,12
867,1378863900,PABFD,VM_003,13
867,1378863900,PABFD,VM_023,13
867,1378863900,PABFD,VM_001,11
867,1378863900,PABFD,VM_013,12
868,1378864200,Standard_HO,VM_001,16
868,1378864200,Standard_HO,VM_003,16
868,1378864200,Standard_HO,VM_011,15
868,1378864200,Standard_HO,VM_012,16
868,1378864200,Standard_HO,VM_013,15
868,1378864200,Standard_HO,VM_023,16
868,1378864200,Standard_HO,VM_025,16
868,1378864200,WA-AHO,VM_001,19
868,1378864200,WA-AHO,VM_003,19
868,1378864200,WA-AHO,VM_011,10
868,1378864200,WA-AHO,VM_012,19
868,1378864200,WA-AHO,VM_013,10
868,1378864200,WA-AHO,VM_023,19
868,1378864200,WA-AHO,VM_025,19
868,1378864200,PABFD,VM_012,10
868,1378864200,PABFD,VM_011,11
868,1378864200,PABFD,VM_025,12
868,1378864200,PABFD,VM_003,13
868,1378864200,PABFD,VM_023,13
868,1378864200,PABFD,VM_001,11
868,1378864200,PABFD,VM_013,12
869,1378864500,Standard_HO,VM_001,16
869,1378864500,Standard_HO,VM_003,16
869,1378864500,Standard_HO,VM_011,14
869,1378864500,Standard_HO,VM_012,16
869,1378864500,Standard_HO,VM_013,14
869,1378864500,Standard_HO,VM_023,16
869,1378864500,Standard_HO,VM_025,16
869,1378864500,WA-AHO,VM_001,17
869,1378864500,WA-AHO,VM_003,17
869,1378864500,WA-AHO,VM_011,14
869,1378864500,WA-AHO,VM_012,17
869,1378864500,WA-AHO,VM_013,14
869,1378864500,WA-AHO,VM_023,17
869,1378864500,WA-AHO,VM_025,17
869,1378864500,PABFD,VM_012,10
869,1378864500,PABFD,VM_011,11
869,1378864500,PABFD,VM_025,12
869,1378864500,PABFD,VM_003,13
869,1378864500,PABFD,VM_023,13
869,1378864500,PABFD,VM_001,11
869,1378864500,PABFD,VM_013,12
870,1378864800,Standard_HO,VM_001,18
870,1378864800,Standard_HO,VM_003,18
870,1378864800,Standard_HO,VM_011,15
870,1378864800,Standard_HO,VM_012,18
870,1378864800,Standard_HO,VM_013,15
870,1378864800,Standard_HO,VM_023,18
870,1378864800,Standard_HO,VM_025,18
870,1378864800,WA-AHO,VM_001,18
870,1378864800,WA-AHO,VM_003,18
870,1378864800,WA-AHO,VM_011,15
870,1378864800,WA-AHO,VM_012,18
870,1378864800,WA-AHO,VM_013,15
870,1378864800,WA-AHO,VM_023,18
870,1378864800,WA-AHO,VM_025,18
870,1378864800,PABFD,VM_012,10
870,1378864800,PABFD,VM_011,11
870,1378864800,PABFD,VM_025,12
870,1378864800,PABFD,VM_003,13
870,1378864800,PABFD,VM_023,13
870,1378864800,PABFD,VM_001,11
870,1378864800,PABFD,VM_013,12
871,1378865100,Standard_HO,VM_001,19
871,1378865100,Standard_HO,VM_003,19
871,1378865100,Standard_HO,VM_011,19
871,1378865100,Standard_HO,VM_012,19
871,1378865100,Standard_HO,VM_013,13
871,1378865100,Standard_HO,VM_023,19
871,1378865100,Standard_HO,VM_025,13
871,1378865100,WA-AHO,VM_001,18
871,1378865100,WA-AHO,VM_003,18
871,1378865100,WA-AHO,VM_011,18
871,1378865100,WA-AHO,VM_012,18
871,1378865100,WA-AHO,VM_013,14
871,1378865100,WA-AHO,VM_023,18
871,1378865100,WA-AHO,VM_025,14
871,1378865100,PABFD,VM_012,10
871,1378865100,PABFD,VM_011,11
871,1378865100,PABFD,VM_025,12
871,1378865100,PABFD,VM_003,13
871,1378865100,PABFD,VM_023,13
871,1378865100,PABFD,VM_001,11
871,1378865100,PABFD,VM_013,12
872,1378865400,Standard_HO,VM_001,17
872,1378865400,Standard_HO,VM_003,17
872,1378865400,Standard_HO,VM_011,13
872,1378865400,Standard_HO,VM_012,17
872,1378865400,Standard_HO,VM_013,13
872,1378865400,Standard_HO,VM_023,17
872,1378865400,Standard_HO,VM_025,17
872,1378865400,WA-AHO,VM_001,16
872,1378865400,WA-AHO,VM_003,16
872,1378865400,WA-AHO,VM_011,13
872,1378865400,WA-AHO,VM_012,16
872,1378865400,WA-AHO,VM_013,13
872,1378865400,WA-AHO,VM_023,16
872,1378865400,WA-AHO,VM_025,16
872,1378865400,PABFD,VM_012,10
872,1378865400,PABFD,VM_011,11
872,1378865400,PABFD,VM_025,12
872,1378865400,PABFD,VM_003,13
872,1378865400,PABFD,VM_023,13
872,1378865400,PABFD,VM_001,11
872,1378865400,PABFD,VM_013,12
873,1378865700,Standard_HO,VM_001,19
873,1378865700,Standard_HO,VM_003,10
873,1378865700,Standard_HO,VM_011,19
873,1378865700,Standard_HO,VM_012,19
873,1378865700,Standard_HO,VM_013,19
873,1378865700,Standard_HO,VM_023,10
873,1378865700,Standard_HO,VM_025,19
873,1378865700,WA-AHO,VM_001,19
873,1378865700,WA-AHO,VM_003,13
873,1378865700,WA-AHO,VM_011,19
873,1378865700,WA-AHO,VM_012,19
873,1378865700,WA-AHO,VM_013,19
873,1378865700,WA-AHO,VM_023,13
873,1378865700,WA-AHO,VM_025,19
873,1378865700,PABFD,VM_012,10
873,1378865700,PABFD,VM_011,11
873,1378865700,PABFD,VM_025,12
873,1378865700,PABFD,VM_003,13
873,1378865700,PABFD,VM_023,13
873,1378865700,PABFD,VM_001,11
873,1378865700,PABFD,VM_013,12
874,1378866000,Standard_HO,VM_001,16
874,1378866000,Standard_HO,VM_003,16
874,1378866000,Standard_HO,VM_011,16
874,1378866000,Standard_HO,VM_012,14
874,1378866000,Standard_HO,VM_013,16
874,1378866000,Standard_HO,VM_023,16
874,1378866000,Standard_HO,VM_025,16
874,1378866000,WA-AHO,VM_001,16
874,1378866000,WA-AHO,VM_003,16
874,1378866000,WA-AHO,VM_011,16
874,1378866000,WA-AHO,VM_012,14
874,1378866000,WA-AHO,VM_013,16
874,1378866000,WA-AHO,VM_023,16
874,1378866000,WA-AHO,VM_025,16
874,1378866000,PABFD,VM_012,10
874,1378866000,PABFD,VM_011,11
874,1378866000,PABFD,VM_025,12
874,1378866000,PABFD,VM_003,13
874,1378866000,PABFD,VM_023,13
874,1378866000,PABFD,VM_001,11
874,1378866000,PABFD,VM_013,12
875,1378866300,Standard_HO,VM_001,17
875,1378866300,Standard_HO,VM_003,17
875,1378866300,Standard_HO,VM_011,10
875,1378866300,Standard_HO,VM_012,17
875,1378866300,Standard_HO,VM_013,10
875,1378866300,Standard_HO,VM_023,17
875,1378866300,Standard_HO,VM_025,17
875,1378866300,WA-AHO,VM_001,18
875,1378866300,WA-AHO,VM_003,18
875,1378866300,WA-AHO,VM_011,14
875,1378866300,WA-AHO,VM_012,18
875,1378866300,WA-AHO,VM_013,14
875,1378866300,WA-AHO,VM_023,18
875,1378866300,WA-AHO,VM_025,18
875,1378866300,PABFD,VM_012,10
875,1378866300,PABFD,VM_011,11
875,1378866300,PABFD,VM_025,12
875,1378866300,PABFD,VM_003,13
875,1378866300,PABFD,VM_023,13
875,1378866300,PABFD,VM_001,11
875,1378866300,PABFD,VM_013,12
876,1378866600,Standard_HO,VM_001,17
876,1378866600,Standard_HO,VM_003,17
876,1378866600,Standard_HO,VM_011,14
876,1378866600,Standard_HO,VM_012,17
876,1378866600,Standard_HO,VM_013,14
876,1378866600,Standard_HO,VM_023,17
876,1378866600,Standard_HO,VM_025,17
876,1378866600,WA-AHO,VM_001,19
876,1378866600,WA-AHO,VM_003,19
876,1378866600,WA-AHO,VM_011,14
876,1378866600,WA-AHO,VM_012,19
876,1378866600,WA-AHO,VM_013,14
876,1378866600,WA-AHO,VM_023,19
876,1378866600,WA-AHO,VM_025,19
876,1378866600,PABFD,VM_012,10
876,1378866600,PABFD,VM_011,11
876,1378866600,PABFD,VM_025,12
876,1378866600,PABFD,VM_003,13
876,1378866600,PABFD,VM_023,13
876,1378866600,PABFD,VM_001,11
876,1378866600,PABFD,VM_013,12
877,1378866900,Standard_HO,VM_001,17
877,1378866900,Standard_HO,VM_003,17
877,1378866900,Standard_HO,VM_011,13
877,1378866900,Standard_HO,VM_012,17
877,1378866900,Standard_HO,VM_013,13
877,1378866900,Standard_HO,VM_023,17
877,1378866900,Standard_HO,VM_025,17
877,1378866900,WA-AHO,VM_001,17
877,1378866900,WA-AHO,VM_003,17
877,1378866900,WA-AHO,VM_011,14
877,1378866900,WA-AHO,VM_012,17
877,1378866900,WA-AHO,VM_013,14
877,1378866900,WA-AHO,VM_023,17
877,1378866900,WA-AHO,VM_025,17
877,1378866900,PABFD,VM_012,10
877,1378866900,PABFD,VM_011,11
877,1378866900,PABFD,VM_025,12
877,1378866900,PABFD,VM_003,13
877,1378866900,PABFD,VM_023,13
877,1378866900,PABFD,VM_001,11
877,1378866900,PABFD,VM_013,12
878,1378867200,Standard_HO,VM_001,19
878,1378867200,Standard_HO,VM_003,19
878,1378867200,Standard_HO,VM_011,12
878,1378867200,Standard_HO,VM_012,19
878,1378867200,Standard_HO,VM_013,12
878,1378867200,Standard_HO,VM_023,19
878,1378867200,Standard_HO,VM_025,19
878,1378867200,WA-AHO,VM_001,18
878,1378867200,WA-AHO,VM_003,18
878,1378867200,WA-AHO,VM_011,13
878,1378867200,WA-AHO,VM_012,18
878,1378867200,WA-AHO,VM_013,13
878,1378867200,WA-AHO,VM_023,18
878,1378867200,WA-AHO,VM_025,18
878,1378867200,PABFD,VM_012,10
878,1378867200,PABFD,VM_011,11
878,1378867200,PABFD,VM_025,12
878,1378867200,PABFD,VM_003,13
878,1378867200,PABFD,VM_023,13
878,1378867200,PABFD,VM_001,11
878,1378867200,PABFD,VM_013,12
879,1378867500,Standard_HO,VM_001,18
879,1378867500,Standard_HO,VM_003,18
879,1378867500,Standard_HO,VM_011,13
879,1378867500,Standard_HO,VM_012,18
879,1378867500,Standard_HO,VM_013,13
879,1378867500,Standard_HO,VM_023,18
879,1378867500,Standard_HO,VM_025,18
879,1378867500,WA-AHO,VM_001,19
879,1378867500,WA-AHO,VM_003,19
879,1378867500,WA-AHO,VM_011,15
879,1378867500,WA-AHO,VM_012,19
879,1378867500,WA-AHO,VM_013,15
879,1378867500,WA-AHO,VM_023,19
879,1378867500,WA-AHO,VM_025,19
879,1378867500,PABFD,VM_012,10
879,1378867500,PABFD,VM_011,11
879,1378867500,PABFD,VM_025,12
879,1378867500,PABFD,VM_003,13
879,1378867500,PABFD,VM_023,13
879,1378867500,PABFD,VM_001,11
879,1378867500,PABFD,VM_013,12
880,1378867800,Standard_HO,VM_001,19
880,1378867800,Standard_HO,VM_003,19
880,1378867800,Standard_HO,VM_011,14
880,1378867800,Standard_HO,VM_012,19
880,1378867800,Standard_HO,VM_013,14
880,1378867800,Standard_HO,VM_023,19
880,1378867800,Standard_HO,VM_025,19
880,1378867800,WA-AHO,VM_001,19
880,1378867800,WA-AHO,VM_003,19
880,1378867800,WA-AHO,VM_011,15
880,1378867800,WA-AHO,VM_012,19
880,1378867800,WA-AHO,VM_013,15
880,1378867800,WA-AHO,VM_023,19
880,1378867800,WA-AHO,VM_025,19
880,1378867800,PABFD,VM_012,10
880,1378867800,PABFD,VM_011,11
880,1378867800,PABFD,VM_025,12
880,1378867800,PABFD,VM_003,13
880,1378867800,PABFD,VM_023,13
880,1378867800,PABFD,VM_001,11
880,1378867800,PABFD,VM_013,12
881,1378868100,Standard_HO,VM_001,16
881,1378868100,Standard_HO,VM_003,16
881,1378868100,Standard_HO,VM_011,10
881,1378868100,Standard_HO,VM_012,16
881,1378868100,Standard_HO,VM_013,10
881,1378868100,Standard_HO,VM_023,16
881,1378868100,Standard_HO,VM_025,16
881,1378868100,WA-AHO,VM_001,16
881,1378868100,WA-AHO,VM_003,16
881,1378868100,WA-AHO,VM_011,10
881,1378868100,WA-AHO,VM_012,16
881,1378868100,WA-AHO,VM_013,10
881,1378868100,WA-AHO,VM_023,16
881,1378868100,WA-AHO,VM_025,16
881,1378868100,PABFD,VM_012,10
881,1378868100,PABFD,VM_011,11
881,1378868100,PABFD,VM_025,12
881,1378868100,PABFD,VM_003,13
881,1378868100,PABFD,VM_023,13
881,1378868100,PABFD,VM_001,11
881,1378868100,PABFD,VM_013,12
882,1378868400,Standard_HO,VM_001,19
882,1378868400,Standard_HO,VM_003,14
882,1378868400,Standard_HO,VM_011,19
882,1378868400,Standard_HO,VM_012,19
882,1378868400,Standard_HO,VM_013,19
882,1378868400,Standard_HO,VM_023,14
882,1378868400,Standard_HO,VM_025,19
882,1378868400,WA-AHO,VM_001,18
882,1378868400,WA-AHO,VM_003,18
882,1378868400,WA-AHO,VM_011,18
882,1378868400,WA-AHO,VM_012,14
882,1378868400,WA-AHO,VM_013,18
882,1378868400,WA-AHO,VM_023,18
882,1378868400,WA-AHO,VM_025,18
882,1378868400,PABFD,VM_012,10
882,1378868400,PABFD,VM_011,11
882,1378868400,PABFD,VM_025,12
882,1378868400,PABFD,VM_003,13
882,1378868400,PABFD,VM_023,13
882,1378868400,PABFD,VM_001,11
882,1378868400,PABFD,VM_013,12
883,1378868700,Standard_HO,VM_001,17
883,1378868700,Standard_HO,VM_003,17
883,1378868700,Standard_HO,VM_011,11
883,1378868700,Standard_HO,VM_012,17
883,1378868700,Standard_HO,VM_013,11
883,1378868700,Standard_HO,VM_023,17
883,1378868700,Standard_HO,VM_025,17
883,1378868700,WA-AHO,VM_001,19
883,1378868700,WA-AHO,VM_003,19
883,1378868700,WA-AHO,VM_011,12
883,1378868700,WA-AHO,VM_012,19
883,1378868700,WA-AHO,VM_013,12
883,1378868700,WA-AHO,VM_023,19
883,1378868700,WA-AHO,VM_025,19
883,1378868700,PABFD,VM_012,10
883,1378868700,PABFD,VM_011,11
883,1378868700,PABFD,VM_025,12
883,1378868700,PABFD,VM_003,13
883,1378868700,PABFD,VM_023,13
883,1378868700,PABFD,VM_001,11
883,1378868700,PABFD,VM_013,12
884,1378869000,Standard_HO,VM_001,19
884,1378869000,Standard_HO,VM_003,19
884,1378869000,Standard_HO,VM_011,19
884,1378869000,Standard_HO,VM_012,19
884,1378869000,Standard_HO,VM_013,10
884,1378869000,Standard_HO,VM_023,19
884,1378869000,Standard_HO,VM_025,10
884,1378869000,WA-AHO,VM_001,17
884,1378869000,WA-AHO,VM_003,17
884,1378869000,WA-AHO,VM_011,17
884,1378869000,WA-AHO,VM_012,17
884,1378869000,WA-AHO,VM_013,12
884,1378869000,WA-AHO,VM_023,17
884,1378869000,WA-AHO,VM_025,12
884,1378869000,PABFD,VM_012,10
884,1378869000,PABFD,VM_011,11
884,1378869000,PABFD,VM_025,12
884,1378869000,PABFD,VM_003,13
884,1378869000,PABFD,VM_023,13
884,1378869000,PABFD,VM_001,11
884,1378869000,PABFD,VM_013,12
885,1378869300,Standard_HO,VM_001,19
885,1378869300,Standard_HO,VM_003,19
885,1378869300,Standard_HO,VM_011,12
885,1378869300,Standard_HO,VM_012,19
885,1378869300,Standard_HO,VM_013,12
885,1378869300,Standard_HO,VM_023,19
885,1378869300,Standard_HO,VM_025,19
885,1378869300,WA-AHO,VM_001,19
885,1378869300,WA-AHO,VM_003,19
885,1378869300,WA-AHO,VM_011,19
885,1378869300,WA-AHO,VM_012,19
885,1378869300,WA-AHO,VM_013,14
885,1378869300,WA-AHO,VM_023,19
885,1378869300,WA-AHO,VM_025,14
885,1378869300,PABFD,VM_012,10
885,1378869300,PABFD,VM_011,11
885,1378869300,PABFD,VM_025,12
885,1378869300,PABFD,VM_003,13
885,1378869300,PABFD,VM_023,13
885,1378869300,PABFD,VM_001,11
885,1378869300,PABFD,VM_013,12
886,1378869600,Standard_HO,VM_001,18
886,1378869600,Standard_HO,VM_003,18
886,1378869600,Standard_HO,VM_011,12
886,1378869600,Standard_HO,VM_012,18
886,1378869600,Standard_HO,VM_013,12
886,1378869600,Standard_HO,VM_023,18
886,1378869600,Standard_HO,VM_025,18
886,1378869600,WA-AHO,VM_001,19
886,1378869600,WA-AHO,VM_003,19
886,1378869600,WA-AHO,VM_011,14
886,1378869600,WA-AHO,VM_012,19
886,1378869600,WA-AHO,VM_013,14
886,1378869600,WA-AHO,VM_023,19
886,1378869600,WA-AHO,VM_025,19
886,1378869600,PABFD,VM_012,10
886,1378869600,PABFD,VM_011,11
886,1378869600,PABFD,VM_025,12
886,1378869600,PABFD,VM_003,13
886,1378869600,PABFD,VM_023,13
886,1378869600,PABFD,VM_001,11
886,1378869600,PABFD,VM_013,12
887,1378869900,Standard_HO,VM_001,18
887,1378869900,Standard_HO,VM_003,18
887,1378869900,Standard_HO,VM_011,11
887,1378869900,Standard_HO,VM_012,18
887,1378869900,Standard_HO,VM_013,11
887,1378869900,Standard_HO,VM_023,18
887,1378869900,Standard_HO,VM_025,18
887,1378869900,WA-AHO,VM_001,17
887,1378869900,WA-AHO,VM_003,17
887,1378869900,WA-AHO,VM_011,10
887,1378869900,WA-AHO,VM_012,17
887,1378869900,WA-AHO,VM_013,10
887,1378869900,WA-AHO,VM_023,17
887,1378869900,WA-AHO,VM_025,17
887,1378869900,PABFD,VM_012,10
887,1378869900,PABFD,VM_011,11
887,1378869900,PABFD,VM_025,12
887,1378869900,PABFD,VM_003,13
887,1378869900,PABFD,VM_023,13
887,1378869900,PABFD,VM_001,11
887,1378869900,PABFD,VM_013,12
888,1378870200,Standard_HO,VM_001,18
888,1378870200,Standard_HO,VM_003,18
888,1378870200,Standard_HO,VM_011,13
888,1378870200,Standard_HO,VM_012,18
888,1378870200,Standard_HO,VM_013,13
888,1378870200,Standard_HO,VM_023,18
888,1378870200,Standard_HO,VM_025,18
888,1378870200,WA-AHO,VM_001,17
888,1378870200,WA-AHO,VM_003,11
888,1378870200,WA-AHO,VM_011,17
888,1378870200,WA-AHO,VM_012,17
888,1378870200,WA-AHO,VM_013,17
888,1378870200,WA-AHO,VM_023,11
888,1378870200,WA-AHO,VM_025,17
888,1378870200,PABFD,VM_012,10
888,1378870200,PABFD,VM_011,11
888,1378870200,PABFD,VM_025,12
888,1378870200,PABFD,VM_003,13
888,1378870200,PABFD,VM_023,13
888,1378870200,PABFD,VM_001,11
888,1378870200,PABFD,VM_013,12
889,1378870500,Standard_HO,VM_001,18
889,1378870500,Standard_HO,VM_003,18
889,1378870500,Standard_HO,VM_011,14
889,1378870500,Standard_HO,VM_012,18
889,1378870500,Standard_HO,VM_013,14
889,1378870500,Standard_HO,VM_023,18
889,1378870500,Standard_HO,VM_025,18
889,1378870500,WA-AHO,VM_001,17
889,1378870500,WA-AHO,VM_003,17
889,1378870500,WA-AHO,VM_011,13
889,1378870500,WA-AHO,VM_012,17
889,1378870500,WA-AHO,VM_013,13
889,1378870500,WA-AHO,VM_023,17
889,1378870500,WA-AHO,VM_025,17
889,1378870500,PABFD,VM_012,10
889,1378870500,PABFD,VM_011,11
889,1378870500,PABFD,VM_025,12
889,1378870500,PABFD,VM_003,13
889,1378870500,PABFD,VM_023,13
889,1378870500,PABFD,VM_001,11
889,1378870500,PABFD,VM_013,12
890,1378870800,Standard_HO,VM_001,18
890,1378870800,Standard_HO,VM_003,13
890,1378870800,Standard_HO,VM_011,18
890,1378870800,Standard_HO,VM_012,18
890,1378870800,Standard_HO,VM_013,18
890,1378870800,Standard_HO,VM_023,13
890,1378870800,Standard_HO,VM_025,18
890,1378870800,WA-AHO,VM_001,18
890,1378870800,WA-AHO,VM_003,18
890,1378870800,WA-AHO,VM_011,18
890,1378870800,WA-AHO,VM_012,18
890,1378870800,WA-AHO,VM_013,10
890,1378870800,WA-AHO,VM_023,18
890,1378870800,WA-AHO,VM_025,10
890,1378870800,PABFD,VM_012,10
890,1378870800,PABFD,VM_011,11
890,1378870800,PABFD,VM_025,12
890,1378870800,PABFD,VM_003,13
890,1378870800,PABFD,VM_023,13
890,1378870800,PABFD,VM_001,11
890,1378870800,PABFD,VM_013,12
891,1378871100,Standard_HO,VM_001,16
891,1378871100,Standard_HO,VM_003,16
891,1378871100,Standard_HO,VM_011,13
891,1378871100,Standard_HO,VM_012,16
891,1378871100,Standard_HO,VM_013,13
891,1378871100,Standard_HO,VM_023,16
891,1378871100,Standard_HO,VM_025,16
891,1378871100,WA-AHO,VM_001,19
891,1378871100,WA-AHO,VM_003,19
891,1378871100,WA-AHO,VM_011,12
891,1378871100,WA-AHO,VM_012,19
891,1378871100,WA-AHO,VM_013,12
891,1378871100,WA-AHO,VM_023,19
891,1378871100,WA-AHO,VM_025,19
891,1378871100,PABFD,VM_012,10
891,1378871100,PABFD,VM_011,11
891,1378871100,PABFD,VM_025,12
891,1378871100,PABFD,VM_003,13
891,1378871100,PABFD,VM_023,13
891,1378871100,PABFD,VM_001,11
891,1378871100,PABFD,VM_013,12
892,1378871400,Standard_HO,VM_001,16
892,1378871400,Standard_HO,VM_003,12
892,1378871400,Standard_HO,VM_011,16
892,1378871400,Standard_HO,VM_012,16
892,1378871400,Standard_HO,VM_013,16
892,1378871400,Standard_HO,VM_023,12
892,1378871400,Standard_HO,VM_025,16
892,1378871400,WA-AHO,VM_001,18
892,1378871400,WA-AHO,VM_003,18
892,1378871400,WA-AHO,VM_011,10
892,1378871400,WA-AHO,VM_012,18
892,1378871400,WA-AHO,VM_013,10
892,1378871400,WA-AHO,VM_023,18
892,1378871400,WA-AHO,VM_025,18
892,1378871400,PABFD,VM_012,10
892,1378871400,PABFD,VM_011,11
892,1378871400,PABFD,VM_025,12
892,1378871400,PABFD,VM_003,13
892,1378871400,PABFD,VM_023,13
892,1378871400,PABFD,VM_001,11
892,1378871400,PABFD,VM_013,12
893,1378871700,Standard_HO,VM_001,18
893,1378871700,Standard_HO,VM_003,18
893,1378871700,Standard_HO,VM_011,18
893,1378871700,Standard_HO,VM_012,18
893,1378871700,Standard_HO,VM_013,12
893,1378871700,Standard_HO,VM_023,18
893,1378871700,Standard_HO,VM_025,12
893,1378871700,WA-AHO,VM_001,18
893,1378871700,WA-AHO,VM_003,10
893,1378871700,WA-AHO,VM_011,18
893,1378871700,WA-AHO,VM_012,18
893,1378871700,WA-AHO,VM_013,18
893,1378871700,WA-AHO,VM_023,10
893,1378871700,WA-AHO,VM_025,18
893,1378871700,PABFD,VM_012,10
893,1378871700,PABFD,VM_011,11
893,1378871700,PABFD,VM_025,12
893,1378871700,PABFD,VM_003,13
893,1378871700,PABFD,VM_023,13
893,1378871700,PABFD,VM_001,11
893,1378871700,PABFD,VM_013,12
894,1378872000,Standard_HO,VM_001,16
894,1378872000,Standard_HO,VM_003,16
894,1378872000,Standard_HO,VM_011,16
894,1378872000,Standard_HO,VM_012,10
894,1378872000,Standard_HO,VM_013,16
894,1378872000,Standard_HO,VM_023,16
894,1378872000,Standard_HO,VM_025,16
894,1378872000,WA-AHO,VM_001,16
894,1378872000,WA-AHO,VM_003,16
894,1378872000,WA-AHO,VM_011,16
894,1378872000,WA-AHO,VM_012,10
894,1378872000,WA-AHO,VM_013,16
894,1378872000,WA-AHO,VM_023,16
894,1378872000,WA-AHO,VM_025,16
894,1378872000,PABFD,VM_012,10
894,1378872000,PABFD,VM_011,11
894,1378872000,PABFD,VM_025,12
894,1378872000,PABFD,VM_003,13
894,1378872000,PABFD,VM_023,13
894,1378872000,PABFD,VM_001,11
894,1378872000,PABFD,VM_013,12
895,1378872300,Standard_HO,VM_001,16
895,1378872300,Standard_HO,VM_003,16
895,1378872300,Standard_HO,VM_011,13
895,1378872300,Standard_HO,VM_012,16
895,1378872300,Standard_HO,VM_013,13
895,1378872300,Standard_HO,VM_023,16
895,1378872300,Standard_HO,VM_025,16
895,1378872300,WA-AHO,VM_001,16
895,1378872300,WA-AHO,VM_003,16
895,1378872300,WA-AHO,VM_011,13
895,1378872300,WA-AHO,VM_012,16
895,1378872300,WA-AHO,VM_013,13
895,1378872300,WA-AHO,VM_023,16
895,1378872300,WA-AHO,VM_025,16
895,1378872300,PABFD,VM_012,10
895,1378872300,PABFD,VM_011,11
895,1378872300,PABFD,VM_025,12
895,1378872300,PABFD,VM_003,13
895,1378872300,PABFD,VM_023,13
895,1378872300,PABFD,VM_001,11
895,1378872300,PABFD,VM_013,12
896,1378872600,Standard_HO,VM_001,18
896,1378872600,Standard_HO,VM_003,14
896,1378872600,Standard_HO,VM_011,18
896,1378872600,Standard_HO,VM_012,18
896,1378872600,Standard_HO,VM_013,18
896,1378872600,Standard_HO,VM_023,14
896,1378872600,Standard_HO,VM_025,18
896,1378872600,WA-AHO,VM_001,17
896,1378872600,WA-AHO,VM_003,17
896,1378872600,WA-AHO,VM_011,17
896,1378872600,WA-AHO,VM_012,17
896,1378872600,WA-AHO,VM_013,12
896,1378872600,WA-AHO,VM_023,17
896,1378872600,WA-AHO,VM_025,12
896,1378872600,PABFD,VM_012,10
896,1378872600,PABFD,VM_011,11
896,1378872600,PABFD,VM_025,12
896,1378872600,PABFD,VM_003,13
896,1378872600,PABFD,VM_023,13
896,1378872600,PABFD,VM_001,11
896,1378872600,PABFD,VM_013,12
897,1378872900,Standard_HO,VM_001,18
897,1378872900,Standard_HO,VM_003,18
897,1378872900,Standard_HO,VM_011,15
897,1378872900,Standard_HO,VM_012,18
897,1378872900,Standard_HO,VM_013,15
897,1378872900,Standard_HO,VM_023,18
897,1378872900,Standard_HO,VM_025,18
897,1378872900,WA-AHO,VM_001,17
897,1378872900,WA-AHO,VM_003,17
897,1378872900,WA-AHO,VM_011,14
897,1378872900,WA-AHO,VM_012,17
897,1378872900,WA-AHO,VM_013,14
897,1378872900,WA-AHO,VM_023,17
897,1378872900,WA-AHO,VM_025,17
897,1378872900,PABFD,VM_012,10
897,1378872900,PABFD,VM_011,11
897,1378872900,PABFD,VM_025,12
897,1378872900,PABFD,VM_003,13
897,1378872900,PABFD,VM_023,13
897,1378872900,PABFD,VM_001,11
897,1378872900,PABFD,VM_013,12
898,1378873200,Standard_HO,VM_001,18
898,1378873200,Standard_HO,VM_003,10
898,1378873200,Standard_HO,VM_011,18
898,1378873200,Standard_HO,VM_012,18
898,1378873200,Standard_HO,VM_013,18
898,1378873200,Standard_HO,VM_023,10
898,1378873200,Standard_HO,VM_025,18
898,1378873200,WA-AHO,VM_001,19
898,1378873200,WA-AHO,VM_003,12
898,1378873200,WA-AHO,VM_011,19
898,1378873200,WA-AHO,VM_012,19
898,1378873200,WA-AHO,VM_013,19
898,1378873200,WA-AHO,VM_023,12
898,1378873200,WA-AHO,VM_025,19
898,1378873200,PABFD,VM_012,10
898,1378873200,PABFD,VM_011,11
898,1378873200,PABFD,VM_025,12
898,1378873200,PABFD,VM_003,13
898,1378873200,PABFD,VM_023,13
898,1378873200,PABFD,VM_001,11
898,1378873200,PABFD,VM_013,12
899,1378873500,Standard_HO,VM_001,19
899,1378873500,Standard_HO,VM_003,19
899,1378873500,Standard_HO,VM_011,12
899,1378873500,Standard_HO,VM_012,19
899,1378873500,Standard_HO,VM_013,12
899,1378873500,Standard_HO,VM_023,19
899,1378873500,Standard_HO,VM_025,19
899,1378873500,WA-AHO,VM_001,19
899,1378873500,WA-AHO,VM_003,19
899,1378873500,WA-AHO,VM_011,13
899,1378873500,WA-AHO,VM_012,19
899,1378873500,WA-AHO,VM_013,13
899,1378873500,WA-AHO,VM_023,19
899,1378873500,WA-AHO,VM_025,19
899,1378873500,PABFD,VM_012,10
899,1378873500,PABFD,VM_011,11
899,1378873500,PABFD,VM_025,12
899,1378873500,PABFD,VM_003,13
899,1378873500,PABFD,VM_023,13
899,1378873500,PABFD,VM_001,11
899,1378873500,PABFD,VM_013,12
900,1378873800,Standard_HO,VM_001,18
900,1378873800,Standard_HO,VM_003,18
900,1378873800,Standard_HO,VM_011,15
900,1378873800,Standard_HO,VM_012,18
900,1378873800,Standard_HO,VM_013,15
900,1378873800,Standard_HO,VM_023,18
900,1378873800,Standard_HO,VM_025,18
900,1378873800,WA-AHO,VM_001,16
900,1378873800,WA-AHO,VM_003,16
900,1378873800,WA-AHO,VM_011,12
900,1378873800,WA-AHO,VM_012,16
900,1378873800,WA-AHO,VM_013,12
900,1378873800,WA-AHO,VM_023,16
900,1378873800,WA-AHO,VM_025,16
900,1378873800,PABFD,VM_012,10
900,1378873800,PABFD,VM_011,11
900,1378873800,PABFD,VM_025,12
900,1378873800,PABFD,VM_003,13
900,1378873800,PABFD,VM_023,13
900,1378873800,PABFD,VM_001,11
900,1378873800,PABFD,VM_013,12
901,1378874100,Standard_HO,VM_001,16
901,1378874100,Standard_HO,VM_003,16
901,1378874100,Standard_HO,VM_011,13
901,1378874100,Standard_HO,VM_012,16
901,1378874100,Standard_HO,VM_013,13
901,1378874100,Standard_HO,VM_023,16
901,1378874100,Standard_HO,VM_025,16
901,1378874100,WA-AHO,VM_001,16
901,1378874100,WA-AHO,VM_003,16
901,1378874100,WA-AHO,VM_011,13
901,1378874100,WA-AHO,VM_012,16
901,1378874100,WA-AHO,VM_013,13
901,1378874100,WA-AHO,VM_023,16
901,1378874100,WA-AHO,VM_025,16
901,1378874100,PABFD,VM_012,10
901,1378874100,PABFD,VM_011,11
901,1378874100,PABFD,VM_025,12
901,1378874100,PABFD,VM_003,13
901,1378874100,PABFD,VM_023,13
901,1378874100,PABFD,VM_001,11
901,1378874100,PABFD,VM_013,12
902,1378874400,Standard_HO,VM_001,18
902,1378874400,Standard_HO,VM_003,18
902,1378874400,Standard_HO,VM_011,12
902,1378874400,Standard_HO,VM_012,18
902,1378874400,Standard_HO,VM_013,12
902,1378874400,Standard_HO,VM_023,18
902,1378874400,Standard_HO,VM_025,18
902,1378874400,WA-AHO,VM_001,17
902,1378874400,WA-AHO,VM_003,17
902,1378874400,WA-AHO,VM_011,10
902,1378874400,WA-AHO,VM_012,17
902,1378874400,WA-AHO,VM_013,10
902,1378874400,WA-AHO,VM_023,17
902,1378874400,WA-AHO,VM_025,17
902,1378874400,PABFD,VM_012,10
902,1378874400,PABFD,VM_011,11
902,1378874400,PABFD,VM_025,12
902,1378874400,PABFD,VM_003,13
902,1378874400,PABFD,VM_023,13
902,1378874400,PABFD,VM_001,11
902,1378874400,PABFD,VM_013,12
903,1378874700,Standard_HO,VM_001,18
903,1378874700,Standard_HO,VM_003,18
903,1378874700,Standard_HO,VM_011,11
903,1378874700,Standard_HO,VM_012,18
903,1378874700,Standard_HO,VM_013,11
903,1378874700,Standard_HO,VM_023,18
903,1378874700,Standard_HO,VM_025,18
903,1378874700,WA-AHO,VM_001,19
903,1378874700,WA-AHO,VM_003,19
903,1378874700,WA-AHO,VM_011,12
903,1378874700,WA-AHO,VM_012,19
903,1378874700,WA-AHO,VM_013,12
903,1378874700,WA-AHO,VM_023,19
903,1378874700,WA-AHO,VM_025,19
903,1378874700,PABFD,VM_012,10
903,1378874700,PABFD,VM_011,11
903,1378874700,PABFD,VM_025,12
903,1378874700,PABFD,VM_003,13
903,1378874700,PABFD,VM_023,13
903,1378874700,PABFD,VM_001,11
903,1378874700,PABFD,VM_013,12
904,1378875000,Standard_HO,VM_001,18
904,1378875000,Standard_HO,VM_003,18
904,1378875000,Standard_HO,VM_011,14
904,1378875000,Standard_HO,VM_012,18
904,1378875000,Standard_HO,VM_013,14
904,1378875000,Standard_HO,VM_023,18
904,1378875000,Standard_HO,VM_025,18
904,1378875000,WA-AHO,VM_001,16
904,1378875000,WA-AHO,VM_003,16
904,1378875000,WA-AHO,VM_011,12
904,1378875000,WA-AHO,VM_012,16
904,1378875000,WA-AHO,VM_013,12
904,1378875000,WA-AHO,VM_023,16
904,1378875000,WA-AHO,VM_025,16
904,1378875000,PABFD,VM_012,10
904,1378875000,PABFD,VM_011,11
904,1378875000,PABFD,VM_025,12
904,1378875000,PABFD,VM_003,13
904,1378875000,PABFD,VM_023,13
904,1378875000,PABFD,VM_001,11
904,1378875000,PABFD,VM_013,12
905,1378875300,Standard_HO,VM_001,19
905,1378875300,Standard_HO,VM_003,19
905,1378875300,Standard_HO,VM_011,14
905,1378875300,Standard_HO,VM_012,19
905,1378875300,Standard_HO,VM_013,14
905,1378875300,Standard_HO,VM_023,19
905,1378875300,Standard_HO,VM_025,19
905,1378875300,WA-AHO,VM_001,17
905,1378875300,WA-AHO,VM_003,17
905,1378875300,WA-AHO,VM_011,11
905,1378875300,WA-AHO,VM_012,17
905,1378875300,WA-AHO,VM_013,11
905,1378875300,WA-AHO,VM_023,17
905,1378875300,WA-AHO,VM_025,17
905,1378875300,PABFD,VM_012,10
905,1378875300,PABFD,VM_011,11
905,1378875300,PABFD,VM_025,12
905,1378875300,PABFD,VM_003,13
905,1378875300,PABFD,VM_023,13
905,1378875300,PABFD,VM_001,11
905,1378875300,PABFD,VM_013,12
906,1378875600,Standard_HO,VM_001,19
906,1378875600,Standard_HO,VM_003,19
906,1378875600,Standard_HO,VM_011,14
906,1378875600,Standard_HO,VM_012,19
906,1378875600,Standard_HO,VM_013,14
906,1378875600,Standard_HO,VM_023,19
906,1378875600,Standard_HO,VM_025,19
906,1378875600,WA-AHO,VM_001,18
906,1378875600,WA-AHO,VM_003,18
906,1378875600,WA-AHO,VM_011,11
906,1378875600,WA-AHO,VM_012,18
906,1378875600,WA-AHO,VM_013,11
906,1378875600,WA-AHO,VM_023,18
906,1378875600,WA-AHO,VM_025,18
906,1378875600,PABFD,VM_012,10
906,1378875600,PABFD,VM_011,11
906,1378875600,PABFD,VM_025,12
906,1378875600,PABFD,VM_003,13
906,1378875600,PABFD,VM_023,13
906,1378875600,PABFD,VM_001,11
906,1378875600,PABFD,VM_013,12
907,1378875900,Standard_HO,VM_001,19
907,1378875900,Standard_HO,VM_003,19
907,1378875900,Standard_HO,VM_011,11
907,1378875900,Standard_HO,VM_012,19
907,1378875900,Standard_HO,VM_013,11
907,1378875900,Standard_HO,VM_023,19
907,1378875900,Standard_HO,VM_025,19
907,1378875900,WA-AHO,VM_001,18
907,1378875900,WA-AHO,VM_003,18
907,1378875900,WA-AHO,VM_011,12
907,1378875900,WA-AHO,VM_012,18
907,1378875900,WA-AHO,VM_013,12
907,1378875900,WA-AHO,VM_023,18
907,1378875900,WA-AHO,VM_025,18
907,1378875900,PABFD,VM_012,10
907,1378875900,PABFD,VM_011,11
907,1378875900,PABFD,VM_025,12
907,1378875900,PABFD,VM_003,13
907,1378875900,PABFD,VM_023,13
907,1378875900,PABFD,VM_001,11
907,1378875900,PABFD,VM_013,12
908,1378876200,Standard_HO,VM_001,19
908,1378876200,Standard_HO,VM_003,11
908,1378876200,Standard_HO,VM_011,19
908,1378876200,Standard_HO,VM_012,19
908,1378876200,Standard_HO,VM_013,19
908,1378876200,Standard_HO,VM_023,11
908,1378876200,Standard_HO,VM_025,19
908,1378876200,WA-AHO,VM_001,16
908,1378876200,WA-AHO,VM_003,16
908,1378876200,WA-AHO,VM_011,15
908,1378876200,WA-AHO,VM_012,16
908,1378876200,WA-AHO,VM_013,15
908,1378876200,WA-AHO,VM_023,16
908,1378876200,WA-AHO,VM_025,16
908,1378876200,PABFD,VM_012,10
908,1378876200,PABFD,VM_011,11
908,1378876200,PABFD,VM_025,12
908,1378876200,PABFD,VM_003,13
908,1378876200,PABFD,VM_023,13
908,1378876200,PABFD,VM_001,11
908,1378876200,PABFD,VM_013,12
909,1378876500,Standard_HO,VM_001,18
909,1378876500,Standard_HO,VM_003,18
909,1378876500,Standard_HO,VM_011,11
909,1378876500,Standard_HO,VM_012,18
909,1378876500,Standard_HO,VM_013,11
909,1378876500,Standard_HO,VM_023,18
909,1378876500,Standard_HO,VM_025,18
909,1378876500,WA-AHO,VM_001,19
909,1378876500,WA-AHO,VM_003,19
909,1378876500,WA-AHO,VM_011,14
909,1378876500,WA-AHO,VM_012,19
909,1378876500,WA-AHO,VM_013,14
909,1378876500,WA-AHO,VM_023,19
909,1378876500,WA-AHO,VM_025,19
909,1378876500,PABFD,VM_012,10
909,1378876500,PABFD,VM_011,11
909,1378876500,PABFD,VM_025,12
909,1378876500,PABFD,VM_003,13
909,1378876500,PABFD,VM_023,13
909,1378876500,PABFD,VM_001,11
909,1378876500,PABFD,VM_013,12
910,1378876800,Standard_HO,VM_001,18
910,1378876800,Standard_HO,VM_003,18
910,1378876800,Standard_HO,VM_011,18
910,1378876800,Standard_HO,VM_012,18
910,1378876800,Standard_HO,VM_013,10
910,1378876800,Standard_HO,VM_023,18
910,1378876800,Standard_HO,VM_025,10
910,1378876800,WA-AHO,VM_001,18
910,1378876800,WA-AHO,VM_003,18
910,1378876800,WA-AHO,VM_011,18
910,1378876800,WA-AHO,VM_012,18
910,1378876800,WA-AHO,VM_013,10
910,1378876800,WA-AHO,VM_023,18
910,1378876800,WA-AHO,VM_025,10
910,1378876800,PABFD,VM_012,10
910,1378876800,PABFD,VM_011,11
910,1378876800,PABFD,VM_025,12
910,1378876800,PABFD,VM_003,13
910,1378876800,PABFD,VM_023,13
910,1378876800,PABFD,VM_001,11
910,1378876800,PABFD,VM_013,12
911,1378877100,Standard_HO,VM_001,17
911,1378877100,Standard_HO,VM_003,17
911,1378877100,Standard_HO,VM_011,12
911,1378877100,Standard_HO,VM_012,17
911,1378877100,Standard_HO,VM_013,12
911,1378877100,Standard_HO,VM_023,17
911,1378877100,Standard_HO,VM_025,17
911,1378877100,WA-AHO,VM_001,17
911,1378877100,WA-AHO,VM_003,17
911,1378877100,WA-AHO,VM_011,12
911,1378877100,WA-AHO,VM_012,17
911,1378877100,WA-AHO,VM_013,12
911,1378877100,WA-AHO,VM_023,17
911,1378877100,WA-AHO,VM_025,17
911,1378877100,PABFD,VM_012,10
911,1378877100,PABFD,VM_011,11
911,1378877100,PABFD,VM_025,12
911,1378877100,PABFD,VM_003,13
911,1378877100,PABFD,VM_023,13
911,1378877100,PABFD,VM_001,11
911,1378877100,PABFD,VM_013,12
912,1378877400,Standard_HO,VM_001,19
912,1378877400,Standard_HO,VM_003,19
912,1378877400,Standard_HO,VM_011,12
912,1378877400,Standard_HO,VM_012,19
912,1378877400,Standard_HO,VM_013,12
912,1378877400,Standard_HO,VM_023,19
912,1378877400,Standard_HO,VM_025,19
912,1378877400,WA-AHO,VM_001,16
912,1378877400,WA-AHO,VM_003,16
912,1378877400,WA-AHO,VM_011,11
912,1378877400,WA-AHO,VM_012,16
912,1378877400,WA-AHO,VM_013,11
912,1378877400,WA-AHO,VM_023,16
912,1378877400,WA-AHO,VM_025,16
912,1378877400,PABFD,VM_012,10
912,1378877400,PABFD,VM_011,11
912,1378877400,PABFD,VM_025,12
912,1378877400,PABFD,VM_003,13
912,1378877400,PABFD,VM_023,13
912,1378877400,PABFD,VM_001,11
912,1378877400,PABFD,VM_013,12
913,1378877700,Standard_HO,VM_001,16
913,1378877700,Standard_HO,VM_003,16
913,1378877700,Standard_HO,VM_011,15
913,1378877700,Standard_HO,VM_012,16
913,1378877700,Standard_HO,VM_013,15
913,1378877700,Standard_HO,VM_023,16
913,1378877700,Standard_HO,VM_025,16
913,1378877700,WA-AHO,VM_001,17
913,1378877700,WA-AHO,VM_003,17
913,1378877700,WA-AHO,VM_011,17
913,1378877700,WA-AHO,VM_012,12
913,1378877700,WA-AHO,VM_013,17
913,1378877700,WA-AHO,VM_023,17
913,1378877700,WA-AHO,VM_025,17
913,1378877700,PABFD,VM_012,10
913,1378877700,PABFD,VM_011,11
913,1378877700,PABFD,VM_025,12
913,1378877700,PABFD,VM_003,13
913,1378877700,PABFD,VM_023,13
913,1378877700,PABFD,VM_001,11
913,1378877700,PABFD,VM_013,12
914,1378878000,Standard_HO,VM_001,18
914,1378878000,Standard_HO,VM_003,12
914,1378878000,Standard_HO,VM_011,18
914,1378878000,Standard_HO,VM_012,18
914,1378878000,Standard_HO,VM_013,18
914,1378878000,Standard_HO,VM_023,12
914,1378878000,Standard_HO,VM_025,18
914,1378878000,WA-AHO,VM_001,17
914,1378878000,WA-AHO,VM_003,15
914,1378878000,WA-AHO,VM_011,17
914,1378878000,WA-AHO,VM_012,17
914,1378878000,WA-AHO,VM_013,17
914,1378878000,WA-AHO,VM_023,15
914,1378878000,WA-AHO,VM_025,17
914,1378878000,PABFD,VM_012,10
914,1378878000,PABFD,VM_011,11
914,1378878000,PABFD,VM_025,12
914,1378878000,PABFD,VM_003,13
914,1378878000,PABFD,VM_023,13
914,1378878000,PABFD,VM_001,11
914,1378878000,PABFD,VM_013,12
915,1378878300,Standard_HO,VM_001,19
915,1378878300,Standard_HO,VM_003,19
915,1378878300,Standard_HO,VM_011,13
915,1378878300,Standard_HO,VM_012,19
915,1378878300,Standard_HO,VM_013,13
915,1378878300,Standard_HO,VM_023,19
915,1378878300,Standard_HO,VM_025,19
915,1378878300,WA-AHO,VM_001,19
915,1378878300,WA-AHO,VM_003,19
915,1378878300,WA-AHO,VM_011,12
915,1378878300,WA-AHO,VM_012,19
915,1378878300,WA-AHO,VM_013,12
915,1378878300,WA-AHO,VM_023,19
915,1378878300,WA-AHO,VM_025,19
915,1378878300,PABFD,VM_012,10
915,1378878300,PABFD,VM_011,11
915,1378878300,PABFD,VM_025,12
915,1378878300,PABFD,VM_003,13
915,1378878300,PABFD,VM_023,13
915,1378878300,PABFD,VM_001,11
915,1378878300,PABFD,VM_013,12
916,1378878600,Standard_HO,VM_001,19
916,1378878600,Standard_HO,VM_003,19
916,1378878600,Standard_HO,VM_011,13
916,1378878600,Standard_HO,VM_012,19
916,1378878600,Standard_HO,VM_013,13
916,1378878600,Standard_HO,VM_023,19
916,1378878600,Standard_HO,VM_025,19
916,1378878600,WA-AHO,VM_001,18
916,1378878600,WA-AHO,VM_003,18
916,1378878600,WA-AHO,VM_011,15
916,1378878600,WA-AHO,VM_012,18
916,1378878600,WA-AHO,VM_013,15
916,1378878600,WA-AHO,VM_023,18
916,1378878600,WA-AHO,VM_025,18
916,1378878600,PABFD,VM_012,10
916,1378878600,PABFD,VM_011,11
916,1378878600,PABFD,VM_025,12
916,1378878600,PABFD,VM_003,13
916,1378878600,PABFD,VM_023,13
916,1378878600,PABFD,VM_001,11
916,1378878600,PABFD,VM_013,12
917,1378878900,Standard_HO,VM_001,19
917,1378878900,Standard_HO,VM_003,19
917,1378878900,Standard_HO,VM_011,19
917,1378878900,Standard_HO,VM_012,19
917,1378878900,Standard_HO,VM_013,14
917,1378878900,Standard_HO,VM_023,19
917,1378878900,Standard_HO,VM_025,14
917,1378878900,WA-AHO,VM_001,18
917,1378878900,WA-AHO,VM_003,18
917,1378878900,WA-AHO,VM_011,18
917,1378878900,WA-AHO,VM_012,18
917,1378878900,WA-AHO,VM_013,13
917,1378878900,WA-AHO,VM_023,18
917,1378878900,WA-AHO,VM_025,13
917,1378878900,PABFD,VM_012,10
917,1378878900,PABFD,VM_011,11
917,1378878900,PABFD,VM_025,12
917,1378878900,PABFD,VM_003,13
917,1378878900,PABFD,VM_023,13
917,1378878900,PABFD,VM_001,11
917,1378878900,PABFD,VM_013,12
918,1378879200,Standard_HO,VM_001,18
918,1378879200,Standard_HO,VM_003,18
918,1378879200,Standard_HO,VM_011,18
918,1378879200,Standard_HO,VM_012,18
918,1378879200,Standard_HO,VM_013,15
918,1378879200,Standard_HO,VM_023,18
918,1378879200,Standard_HO,VM_025,15
918,1378879200,WA-AHO,VM_001,18
918,1378879200,WA-AHO,VM_003,18
918,1378879200,WA-AHO,VM_011,18
918,1378879200,WA-AHO,VM_012,18
918,1378879200,WA-AHO,VM_013,10
918,1378879200,WA-AHO,VM_023,18
918,1378879200,WA-AHO,VM_025,10
918,1378879200,PABFD,VM_012,10
918,1378879200,PABFD,VM_011,11
918,1378879200,PABFD,VM_025,12
918,1378879200,PABFD,VM_003,13
918,1378879200,PABFD,VM_023,13
918,1378879200,PABFD,VM_001,11
918,1378879200,PABFD,VM_013,12
919,1378879500,Standard_HO,VM_001,19
919,1378879500,Standard_HO,VM_003,19
919,1378879500,Standard_HO,VM_011,19
919,1378879500,Standard_HO,VM_012,19
919,1378879500,Standard_HO,VM_013,14
919,1378879500,Standard_HO,VM_023,19
919,1378879500,Standard_HO,VM_025,14
919,1378879500,WA-AHO,VM_001,19
919,1378879500,WA-AHO,VM_003,19
919,1378879500,WA-AHO,VM_011,19
919,1378879500,WA-AHO,VM_012,19
919,1378879500,WA-AHO,VM_013,14
919,1378879500,WA-AHO,VM_023,19
919,1378879500,WA-AHO,VM_025,14
919,1378879500,PABFD,VM_012,10
919,1378879500,PABFD,VM_011,11
919,1378879500,PABFD,VM_025,12
919,1378879500,PABFD,VM_003,13
919,1378879500,PABFD,VM_023,13
919,1378879500,PABFD,VM_001,11
919,1378879500,PABFD,VM_013,12
920,1378879800,Standard_HO,VM_001,19
920,1378879800,Standard_HO,VM_003,11
920,1378879800,Standard_HO,VM_011,19
920,1378879800,Standard_HO,VM_012,19
920,1378879800,Standard_HO,VM_013,19
920,1378879800,Standard_HO,VM_023,11
920,1378879800,Standard_HO,VM_025,19
920,1378879800,WA-AHO,VM_001,18
920,1378879800,WA-AHO,VM_003,18
920,1378879800,WA-AHO,VM_011,18
920,1378879800,WA-AHO,VM_012,18
920,1378879800,WA-AHO,VM_013,10
920,1378879800,WA-AHO,VM_023,18
920,1378879800,WA-AHO,VM_025,10
920,1378879800,PABFD,VM_012,10
920,1378879800,PABFD,VM_011,11
920,1378879800,PABFD,VM_025,12
920,1378879800,PABFD,VM_003,13
920,1378879800,PABFD,VM_023,13
920,1378879800,PABFD,VM_001,11
920,1378879800,PABFD,VM_013,12
921,1378880100,Standard_HO,VM_001,17
921,1378880100,Standard_HO,VM_003,17
921,1378880100,Standard_HO,VM_011,17
921,1378880100,Standard_HO,VM_012,17
921,1378880100,Standard_HO,VM_013,11
921,1378880100,Standard_HO,VM_023,17
921,1378880100,Standard_HO,VM_025,11
921,1378880100,WA-AHO,VM_001,17
921,1378880100,WA-AHO,VM_003,15
921,1378880100,WA-AHO,VM_011,17
921,1378880100,WA-AHO,VM_012,17
921,1378880100,WA-AHO,VM_013,17
921,1378880100,WA-AHO,VM_023,15
921,1378880100,WA-AHO,VM_025,17
921,1378880100,PABFD,VM_012,10
921,1378880100,PABFD,VM_011,11
921,1378880100,PABFD,VM_025,12
921,1378880100,PABFD,VM_003,13
921,1378880100,PABFD,VM_023,13
921,1378880100,PABFD,VM_001,11
921,1378880100,PABFD,VM_013,12
922,1378880400,Standard_HO,VM_001,18
922,1378880400,Standard_HO,VM_003,12
922,1378880400,Standard_HO,VM_011,18
922,1378880400,Standard_HO,VM_012,18
922,1378880400,Standard_HO,VM_013,18
922,1378880400,Standard_HO,VM_023,12
922,1378880400,Standard_HO,VM_025,18
922,1378880400,WA-AHO,VM_001,19
922,1378880400,WA-AHO,VM_003,14
922,1378880400,WA-AHO,VM_011,19
922,1378880400,WA-AHO,VM_012,19
922,1378880400,WA-AHO,VM_013,19
922,1378880400,WA-AHO,VM_023,14
922,1378880400,WA-AHO,VM_025,19
922,1378880400,PABFD,VM_012,10
922,1378880400,PABFD,VM_011,11
922,1378880400,PABFD,VM_025,12
922,1378880400,PABFD,VM_003,13
922,1378880400,PABFD,VM_023,13
922,1378880400,PABFD,VM_001,11
922,1378880400,PABFD,VM_013,12
923,1378880700,Standard_HO,VM_001,17
923,1378880700,Standard_HO,VM_003,17
923,1378880700,Standard_HO,VM_011,13
923,1378880700,Standard_HO,VM_012,17
923,1378880700,Standard_HO,VM_013,13
923,1378880700,Standard_HO,VM_023,17
923,1378880700,Standard_HO,VM_025,17
923,1378880700,WA-AHO,VM_001,18
923,1378880700,WA-AHO,VM_003,18
923,1378880700,WA-AHO,VM_011,10
923,1378880700,WA-AHO,VM_012,18
923,1378880700,WA-AHO,VM_013,10
923,1378880700,WA-AHO,VM_023,18
923,1378880700,WA-AHO,VM_025,18
923,1378880700,PABFD,VM_012,10
923,1378880700,PABFD,VM_011,11
923,1378880700,PABFD,VM_025,12
923,1378880700,PABFD,VM_003,13
923,1378880700,PABFD,VM_023,13
923,1378880700,PABFD,VM_001,11
923,1378880700,PABFD,VM_013,12
924,1378881000,Standard_HO,VM_001,17
924,1378881000,Standard_HO,VM_003,17
924,1378881000,Standard_HO,VM_011,17
924,1378881000,Standard_HO,VM_012,17
924,1378881000,Standard_HO,VM_013,12
924,1378881000,Standard_HO,VM_023,17
924,1378881000,Standard_HO,VM_025,12
924,1378881000,WA-AHO,VM_001,19
924,1378881000,WA-AHO,VM_003,19
924,1378881000,WA-AHO,VM_011,19
924,1378881000,WA-AHO,VM_012,19
924,1378881000,WA-AHO,VM_013,10
924,1378881000,WA-AHO,VM_023,19
924,1378881000,WA-AHO,VM_025,10
924,1378881000,PABFD,VM_012,10
924,1378881000,PABFD,VM_011,11
924,1378881000,PABFD,VM_025,12
924,1378881000,PABFD,VM_003,13
924,1378881000,PABFD,VM_023,13
924,1378881000,PABFD,VM_001,11
924,1378881000,PABFD,VM_013,12
925,1378881300,Standard_HO,VM_001,18
925,1378881300,Standard_HO,VM_003,18
925,1378881300,Standard_HO,VM_011,10
925,1378881300,Standard_HO,VM_012,18
925,1378881300,Standard_HO,VM_013,10
925,1378881300,Standard_HO,VM_023,18
925,1378881300,Standard_HO,VM_025,18
925,1378881300,WA-AHO,VM_001,18
925,1378881300,WA-AHO,VM_003,18
925,1378881300,WA-AHO,VM_011,14
925,1378881300,WA-AHO,VM_012,18
925,1378881300,WA-AHO,VM_013,14
925,1378881300,WA-AHO,VM_023,18
925,1378881300,WA-AHO,VM_025,18
925,1378881300,PABFD,VM_012,10
925,1378881300,PABFD,VM_011,11
925,1378881300,PABFD,VM_025,12
925,1378881300,PABFD,VM_003,13
925,1378881300,PABFD,VM_023,13
925,1378881300,PABFD,VM_001,11
925,1378881300,PABFD,VM_013,12
926,1378881600,Standard_HO,VM_001,16
926,1378881600,Standard_HO,VM_003,16
926,1378881600,Standard_HO,VM_011,10
926,1378881600,Standard_HO,VM_012,16
926,1378881600,Standard_HO,VM_013,10
926,1378881600,Standard_HO,VM_023,16
926,1378881600,Standard_HO,VM_025,16
926,1378881600,WA-AHO,VM_001,17
926,1378881600,WA-AHO,VM_003,17
926,1378881600,WA-AHO,VM_011,10
926,1378881600,WA-AHO,VM_012,17
926,1378881600,WA-AHO,VM_013,10
926,1378881600,WA-AHO,VM_023,17
926,1378881600,WA-AHO,VM_025,17
926,1378881600,PABFD,VM_012,10
926,1378881600,PABFD,VM_011,11
926,1378881600,PABFD,VM_025,12
926,1378881600,PABFD,VM_003,13
926,1378881600,PABFD,VM_023,13
926,1378881600,PABFD,VM_001,11
926,1378881600,PABFD,VM_013,12
927,1378881900,Standard_HO,VM_001,16
927,1378881900,Standard_HO,VM_003,16
927,1378881900,Standard_HO,VM_011,15
927,1378881900,Standard_HO,VM_012,16
927,1378881900,Standard_HO,VM_013,15
927,1378881900,Standard_HO,VM_023,16
927,1378881900,Standard_HO,VM_025,16
927,1378881900,WA-AHO,VM_001,19
927,1378881900,WA-AHO,VM_003,19
927,1378881900,WA-AHO,VM_011,13
927,1378881900,WA-AHO,VM_012,19
927,1378881900,WA-AHO,VM_013,13
927,1378881900,WA-AHO,VM_023,19
927,1378881900,WA-AHO,VM_025,19
927,1378881900,PABFD,VM_012,10
927,1378881900,PABFD,VM_011,11
927,1378881900,PABFD,VM_025,12
927,1378881900,PABFD,VM_003,13
927,1378881900,PABFD,VM_023,13
927,1378881900,PABFD,VM_001,11
927,1378881900,PABFD,VM_013,12
928,1378882200,Standard_HO,VM_001,19
928,1378882200,Standard_HO,VM_003,19
928,1378882200,Standard_HO,VM_011,14
928,1378882200,Standard_HO,VM_012,19
928,1378882200,Standard_HO,VM_013,14
928,1378882200,Standard_HO,VM_023,19
928,1378882200,Standard_HO,VM_025,19
928,1378882200,WA-AHO,VM_001,16
928,1378882200,WA-AHO,VM_003,16
928,1378882200,WA-AHO,VM_011,15
928,1378882200,WA-AHO,VM_012,16
928,1378882200,WA-AHO,VM_013,15
928,1378882200,WA-AHO,VM_023,16
928,1378882200,WA-AHO,VM_025,16
928,1378882200,PABFD,VM_012,10
928,1378882200,PABFD,VM_011,11
928,1378882200,PABFD,VM_025,12
928,1378882200,PABFD,VM_003,13
928,1378882200,PABFD,VM_023,13
928,1378882200,PABFD,VM_001,11
928,1378882200,PABFD,VM_013,12
929,1378882500,Standard_HO,VM_001,17
929,1378882500,Standard_HO,VM_003,17
929,1378882500,Standard_HO,VM_011,14
929,1378882500,Standard_HO,VM_012,17
929,1378882500,Standard_HO,VM_013,14
929,1378882500,Standard_HO,VM_023,17
929,1378882500,Standard_HO,VM_025,17
929,1378882500,WA-AHO,VM_001,16
929,1378882500,WA-AHO,VM_003,16
929,1378882500,WA-AHO,VM_011,12
929,1378882500,WA-AHO,VM_012,16
929,1378882500,WA-AHO,VM_013,12
929,1378882500,WA-AHO,VM_023,16
929,1378882500,WA-AHO,VM_025,16
929,1378882500,PABFD,VM_012,10
929,1378882500,PABFD,VM_011,11
929,1378882500,PABFD,VM_025,12
929,1378882500,PABFD,VM_003,13
929,1378882500,PABFD,VM_023,13
929,1378882500,PABFD,VM_001,11
929,1378882500,PABFD,VM_013,12
930,1378882800,Standard_HO,VM_001,18
930,1378882800,Standard_HO,VM_003,18
930,1378882800,Standard_HO,VM_011,18
930,1378882800,Standard_HO,VM_012,10
930,1378882800,Standard_HO,VM_013,18
930,1378882800,Standard_HO,VM_023,18
930,1378882800,Standard_HO,VM_025,18
930,1378882800,WA-AHO,VM_001,18
930,1378882800,WA-AHO,VM_003,18
930,1378882800,WA-AHO,VM_011,18
930,1378882800,WA-AHO,VM_012,11
930,1378882800,WA-AHO,VM_013,18
930,1378882800,WA-AHO,VM_023,18
930,1378882800,WA-AHO,VM_025,18
930,1378882800,PABFD,VM_012,10
930,1378882800,PABFD,VM_011,11
930,1378882800,PABFD,VM_025,12
930,1378882800,PABFD,VM_003,13
930,1378882800,PABFD,VM_023,13
930,1378882800,PABFD,VM_001,11
930,1378882800,PABFD,VM_013,12
931,1378883100,Standard_HO,VM_001,17
931,1378883100,Standard_HO,VM_003,17
931,1378883100,Standard_HO,VM_011,14
931,1378883100,Standard_HO,VM_012,17
931,1378883100,Standard_HO,VM_013,14
931,1378883100,Standard_HO,VM_023,17
931,1378883100,Standard_HO,VM_025,17
931,1378883100,WA-AHO,VM_001,19
931,1378883100,WA-AHO,VM_003,19
931,1378883100,WA-AHO,VM_011,19
931,1378883100,WA-AHO,VM_012,19
931,1378883100,WA-AHO,VM_013,15
931,1378883100,WA-AHO,VM_023,19
931,1378883100,WA-AHO,VM_025,15
931,1378883100,PABFD,VM_012,10
931,1378883100,PABFD,VM_011,11
931,1378883100,PABFD,VM_025,12
931,1378883100,PABFD,VM_003,13
931,1378883100,PABFD,VM_023,13
931,1378883100,PABFD,VM_001,11
931,1378883100,PABFD,VM_013,12
932,1378883400,Standard_HO,VM_001,16
932,1378883400,Standard_HO,VM_003,16
932,1378883400,Standard_HO,VM_011,13
932,1378883400,Standard_HO,VM_012,16
932,1378883400,Standard_HO,VM_013,13
932,1378883400,Standard_HO,VM_023,16
932,1378883400,Standard_HO,VM_025,16
932,1378883400,WA-AHO,VM_001,16
932,1378883400,WA-AHO,VM_003,16
932,1378883400,WA-AHO,VM_011,14
932,1378883400,WA-AHO,VM_012,16
932,1378883400,WA-AHO,VM_013,14
932,1378883400,WA-AHO,VM_023,16
932,1378883400,WA-AHO,VM_025,16
932,1378883400,PABFD,VM_012,10
932,1378883400,PABFD,VM_011,11
932,1378883400,PABFD,VM_025,12
932,1378883400,PABFD,VM_003,13
932,1378883400,PABFD,VM_023,13
932,1378883400,PABFD,VM_001,11
932,1378883400,PABFD,VM_013,12
933,1378883700,Standard_HO,VM_001,17
933,1378883700,Standard_HO,VM_003,17
933,1378883700,Standard_HO,VM_011,13
933,1378883700,Standard_HO,VM_012,17
933,1378883700,Standard_HO,VM_013,13
933,1378883700,Standard_HO,VM_023,17
933,1378883700,Standard_HO,VM_025,17
933,1378883700,WA-AHO,VM_001,19
933,1378883700,WA-AHO,VM_003,19
933,1378883700,WA-AHO,VM_011,10
933,1378883700,WA-AHO,VM_012,19
933,1378883700,WA-AHO,VM_013,10
933,1378883700,WA-AHO,VM_023,19
933,1378883700,WA-AHO,VM_025,19
933,1378883700,PABFD,VM_012,10
933,1378883700,PABFD,VM_011,11
933,1378883700,PABFD,VM_025,12
933,1378883700,PABFD,VM_003,13
933,1378883700,PABFD,VM_023,13
933,1378883700,PABFD,VM_001,11
933,1378883700,PABFD,VM_013,12
934,1378884000,Standard_HO,VM_001,16
934,1378884000,Standard_HO,VM_003,16
934,1378884000,Standard_HO,VM_011,15
934,1378884000,Standard_HO,VM_012,16
934,1378884000,Standard_HO,VM_013,15
934,1378884000,Standard_HO,VM_023,16
934,1378884000,Standard_HO,VM_025,16
934,1378884000,WA-AHO,VM_001,18
934,1378884000,WA-AHO,VM_003,18
934,1378884000,WA-AHO,VM_011,13
934,1378884000,WA-AHO,VM_012,18
934,1378884000,WA-AHO,VM_013,13
934,1378884000,WA-AHO,VM_023,18
934,1378884000,WA-AHO,VM_025,18
934,1378884000,PABFD,VM_012,10
934,1378884000,PABFD,VM_011,11
934,1378884000,PABFD,VM_025,12
934,1378884000,PABFD,VM_003,13
934,1378884000,PABFD,VM_023,13
934,1378884000,PABFD,VM_001,11
934,1378884000,PABFD,VM_013,12
935,1378884300,Standard_HO,VM_001,19
935,1378884300,Standard_HO,VM_003,19
935,1378884300,Standard_HO,VM_011,11
935,1378884300,Standard_HO,VM_012,19
935,1378884300,Standard_HO,VM_013,11
935,1378884300,Standard_HO,VM_023,19
935,1378884300,Standard_HO,VM_025,19
935,1378884300,WA-AHO,VM_001,18
935,1378884300,WA-AHO,VM_003,18
935,1378884300,WA-AHO,VM_011,15
935,1378884300,WA-AHO,VM_012,18
935,1378884300,WA-AHO,VM_013,15
935,1378884300,WA-AHO,VM_023,18
935,1378884300,WA-AHO,VM_025,18
935,1378884300,PABFD,VM_012,10
935,1378884300,PABFD,VM_011,11
935,1378884300,PABFD,VM_025,12
935,1378884300,PABFD,VM_003,13
935,1378884300,PABFD,VM_023,13
935,1378884300,PABFD,VM_001,11
935,1378884300,PABFD,VM_013,12
936,1378884600,Standard_HO,VM_001,18
936,1378884600,Standard_HO,VM_003,18
936,1378884600,Standard_HO,VM_011,12
936,1378884600,Standard_HO,VM_012,18
936,1378884600,Standard_HO,VM_013,12
936,1378884600,Standard_HO,VM_023,18
936,1378884600,Standard_HO,VM_025,18
936,1378884600,WA-AHO,VM_001,18
936,1378884600,WA-AHO,VM_003,18
936,1378884600,WA-AHO,VM_011,12
936,1378884600,WA-AHO,VM_012,18
936,1378884600,WA-AHO,VM_013,12
936,1378884600,WA-AHO,VM_023,18
936,1378884600,WA-AHO,VM_025,18
936,1378884600,PABFD,VM_012,10
936,1378884600,PABFD,VM_011,11
936,1378884600,PABFD,VM_025,12
936,1378884600,PABFD,VM_003,13
936,1378884600,PABFD,VM_023,13
936,1378884600,PABFD,VM_001,11
936,1378884600,PABFD,VM_013,12
937,1378884900,Standard_HO,VM_001,18
937,1378884900,Standard_HO,VM_003,18
937,1378884900,Standard_HO,VM_011,15
937,1378884900,Standard_HO,VM_012,18
937,1378884900,Standard_HO,VM_013,15
937,1378884900,Standard_HO,VM_023,18
937,1378884900,Standard_HO,VM_025,18
937,1378884900,WA-AHO,VM_001,18
937,1378884900,WA-AHO,VM_003,18
937,1378884900,WA-AHO,VM_011,11
937,1378884900,WA-AHO,VM_012,18
937,1378884900,WA-AHO,VM_013,11
937,1378884900,WA-AHO,VM_023,18
937,1378884900,WA-AHO,VM_025,18
937,1378884900,PABFD,VM_012,10
937,1378884900,PABFD,VM_011,11
937,1378884900,PABFD,VM_025,12
937,1378884900,PABFD,VM_003,13
937,1378884900,PABFD,VM_023,13
937,1378884900,PABFD,VM_001,11
937,1378884900,PABFD,VM_013,12
938,1378885200,Standard_HO,VM_001,19
938,1378885200,Standard_HO,VM_003,15
938,1378885200,Standard_HO,VM_011,19
938,1378885200,Standard_HO,VM_012,19
938,1378885200,Standard_HO,VM_013,19
938,1378885200,Standard_HO,VM_023,15
938,1378885200,Standard_HO,VM_025,19
938,1378885200,WA-AHO,VM_001,16
938,1378885200,WA-AHO,VM_003,14
938,1378885200,WA-AHO,VM_011,16
938,1378885200,WA-AHO,VM_012,16
938,1378885200,WA-AHO,VM_013,16
938,1378885200,WA-AHO,VM_023,14
938,1378885200,WA-AHO,VM_025,16
938,1378885200,PABFD,VM_012,10
938,1378885200,PABFD,VM_011,11
938,1378885200,PABFD,VM_025,12
938,1378885200,PABFD,VM_003,13
938,1378885200,PABFD,VM_023,13
938,1378885200,PABFD,VM_001,11
938,1378885200,PABFD,VM_013,12
939,1378885500,Standard_HO,VM_001,18
939,1378885500,Standard_HO,VM_003,18
939,1378885500,Standard_HO,VM_011,10
939,1378885500,Standard_HO,VM_012,18
939,1378885500,Standard_HO,VM_013,10
939,1378885500,Standard_HO,VM_023,18
939,1378885500,Standard_HO,VM_025,18
939,1378885500,WA-AHO,VM_001,17
939,1378885500,WA-AHO,VM_003,17
939,1378885500,WA-AHO,VM_011,14
939,1378885500,WA-AHO,VM_012,17
939,1378885500,WA-AHO,VM_013,14
939,1378885500,WA-AHO,VM_023,17
939,1378885500,WA-AHO,VM_025,17
939,1378885500,PABFD,VM_012,10
939,1378885500,PABFD,VM_011,11
939,1378885500,PABFD,VM_025,12
939,1378885500,PABFD,VM_003,13
939,1378885500,PABFD,VM_023,13
939,1378885500,PABFD,VM_001,11
939,1378885500,PABFD,VM_013,12
940,1378885800,Standard_HO,VM_001,19
940,1378885800,Standard_HO,VM_003,19
940,1378885800,Standard_HO,VM_011,14
940,1378885800,Standard_HO,VM_012,19
940,1378885800,Standard_HO,VM_013,14
940,1378885800,Standard_HO,VM_023,19
940,1378885800,Standard_HO,VM_025,19
940,1378885800,WA-AHO,VM_001,19
940,1378885800,WA-AHO,VM_003,19
940,1378885800,WA-AHO,VM_011,14
940,1378885800,WA-AHO,VM_012,19
940,1378885800,WA-AHO,VM_013,14
940,1378885800,WA-AHO,VM_023,19
940,1378885800,WA-AHO,VM_025,19
940,1378885800,PABFD,VM_012,10
940,1378885800,PABFD,VM_011,11
940,1378885800,PABFD,VM_025,12
940,1378885800,PABFD,VM_003,13
940,1378885800,PABFD,VM_023,13
940,1378885800,PABFD,VM_001,11
940,1378885800,PABFD,VM_013,12
941,1378886100,Standard_HO,VM_001,19
941,1378886100,Standard_HO,VM_003,19
941,1378886100,Standard_HO,VM_011,13
941,1378886100,Standard_HO,VM_012,19
941,1378886100,Standard_HO,VM_013,13
941,1378886100,Standard_HO,VM_023,19
941,1378886100,Standard_HO,VM_025,19
941,1378886100,WA-AHO,VM_001,16
941,1378886100,WA-AHO,VM_003,16
941,1378886100,WA-AHO,VM_011,12
941,1378886100,WA-AHO,VM_012,16
941,1378886100,WA-AHO,VM_013,12
941,1378886100,WA-AHO,VM_023,16
941,1378886100,WA-AHO,VM_025,16
941,1378886100,PABFD,VM_012,10
941,1378886100,PABFD,VM_011,11
941,1378886100,PABFD,VM_025,12
941,1378886100,PABFD,VM_003,13
941,1378886100,PABFD,VM_023,13
941,1378886100,PABFD,VM_001,11
941,1378886100,PABFD,VM_013,12
942,1378886400,Standard_HO,VM_001,18
942,1378886400,Standard_HO,VM_003,18
942,1378886400,Standard_HO,VM_011,14
942,1378886400,Standard_HO,VM_012,18
942,1378886400,Standard_HO,VM_013,14
942,1378886400,Standard_HO,VM_023,18
942,1378886400,Standard_HO,VM_025,18
942,1378886400,WA-AHO,VM_001,18
942,1378886400,WA-AHO,VM_003,18
942,1378886400,WA-AHO,VM_011,13
942,1378886400,WA-AHO,VM_012,18
942,1378886400,WA-AHO,VM_013,13
942,1378886400,WA-AHO,VM_023,18
942,1378886400,WA-AHO,VM_025,18
942,1378886400,PABFD,VM_012,10
942,1378886400,PABFD,VM_011,11
942,1378886400,PABFD,VM_025,12
942,1378886400,PABFD,VM_003,13
942,1378886400,PABFD,VM_023,13
942,1378886400,PABFD,VM_001,11
942,1378886400,PABFD,VM_013,12
943,1378886700,Standard_HO,VM_001,18
943,1378886700,Standard_HO,VM_003,18
943,1378886700,Standard_HO,VM_011,18
943,1378886700,Standard_HO,VM_012,18
943,1378886700,Standard_HO,VM_013,12
943,1378886700,Standard_HO,VM_023,18
943,1378886700,Standard_HO,VM_025,12
943,1378886700,WA-AHO,VM_001,18
943,1378886700,WA-AHO,VM_003,18
943,1378886700,WA-AHO,VM_011,18
943,1378886700,WA-AHO,VM_012,18
943,1378886700,WA-AHO,VM_013,12
943,1378886700,WA-AHO,VM_023,18
943,1378886700,WA-AHO,VM_025,12
943,1378886700,PABFD,VM_012,10
943,1378886700,PABFD,VM_011,11
943,1378886700,PABFD,VM_025,12
943,1378886700,PABFD,VM_003,13
943,1378886700,PABFD,VM_023,13
943,1378886700,PABFD,VM_001,11
943,1378886700,PABFD,VM_013,12
944,1378887000,Standard_HO,VM_001,19
944,1378887000,Standard_HO,VM_003,19
944,1378887000,Standard_HO,VM_011,19
944,1378887000,Standard_HO,VM_012,19
944,1378887000,Standard_HO,VM_013,11
944,1378887000,Standard_HO,VM_023,19
944,1378887000,Standard_HO,VM_025,11
944,1378887000,WA-AHO,VM_001,18
944,1378887000,WA-AHO,VM_003,14
944,1378887000,WA-AHO,VM_011,18
944,1378887000,WA-AHO,VM_012,18
944,1378887000,WA-AHO,VM_013,18
944,1378887000,WA-AHO,VM_023,14
944,1378887000,WA-AHO,VM_025,18
944,1378887000,PABFD,VM_012,10
944,1378887000,PABFD,VM_011,11
944,1378887000,PABFD,VM_025,12
944,1378887000,PABFD,VM_003,13
944,1378887000,PABFD,VM_023,13
944,1378887000,PABFD,VM_001,11
944,1378887000,PABFD,VM_013,12
945,1378887300,Standard_HO,VM_001,19
945,1378887300,Standard_HO,VM_003,19
945,1378887300,Standard_HO,VM_011,13
945,1378887300,Standard_HO,VM_012,19
945,1378887300,Standard_HO,VM_013,13
945,1378887300,Standard_HO,VM_023,19
945,1378887300,Standard_HO,VM_025,19
945,1378887300,WA-AHO,VM_001,19
945,1378887300,WA-AHO,VM_003,19
945,1378887300,WA-AHO,VM_011,11
945,1378887300,WA-AHO,VM_012,19
945,1378887300,WA-AHO,VM_013,11
945,1378887300,WA-AHO,VM_023,19
945,1378887300,WA-AHO,VM_025,19
945,1378887300,PABFD,VM_012,10
945,1378887300,PABFD,VM_011,11
945,1378887300,PABFD,VM_025,12
945,1378887300,PABFD,VM_003,13
945,1378887300,PABFD,VM_023,13
945,1378887300,PABFD,VM_001,11
945,1378887300,PABFD,VM_013,12
946,1378887600,Standard_HO,VM_001,16
946,1378887600,Standard_HO,VM_003,13
946,1378887600,Standard_HO,VM_011,16
946,1378887600,Standard_HO,VM_012,16
946,1378887600,Standard_HO,VM_013,16
946,1378887600,Standard_HO,VM_023,13
946,1378887600,Standard_HO,VM_025,16
946,1378887600,WA-AHO,VM_001,18
946,1378887600,WA-AHO,VM_003,18
946,1378887600,WA-AHO,VM_011,13
946,1378887600,WA-AHO,VM_012,18
946,1378887600,WA-AHO,VM_013,13
946,1378887600,WA-AHO,VM_023,18
946,1378887600,WA-AHO,VM_025,18
946,1378887600,PABFD,VM_012,10
946,1378887600,PABFD,VM_011,11
946,1378887600,PABFD,VM_025,12
946,1378887600,PABFD,VM_003,13
946,1378887600,PABFD,VM_023,13
946,1378887600,PABFD,VM_001,11
946,1378887600,PABFD,VM_013,12
947,1378887900,Standard_HO,VM_001,18
947,1378887900,Standard_HO,VM_003,18
947,1378887900,Standard_HO,VM_011,15
947,1378887900,Standard_HO,VM_012,18
947,1378887900,Standard_HO,VM_013,15
947,1378887900,Standard_HO,VM_023,18
947,1378887900,Standard_HO,VM_025,18
947,1378887900,WA-AHO,VM_001,18
947,1378887900,WA-AHO,VM_003,18
947,1378887900,WA-AHO,VM_011,13
947,1378887900,WA-AHO,VM_012,18
947,1378887900,WA-AHO,VM_013,13
947,1378887900,WA-AHO,VM_023,18
947,1378887900,WA-AHO,VM_025,18
947,1378887900,PABFD,VM_012,10
947,1378887900,PABFD,VM_011,11
947,1378887900,PABFD,VM_025,12
947,1378887900,PABFD,VM_003,13
947,1378887900,PABFD,VM_023,13
947,1378887900,PABFD,VM_001,11
947,1378887900,PABFD,VM_013,12
948,1378888200,Standard_HO,VM_001,19
948,1378888200,Standard_HO,VM_003,19
948,1378888200,Standard_HO,VM_011,19
948,1378888200,Standard_HO,VM_012,13
948,1378888200,Standard_HO,VM_013,19
948,1378888200,Standard_HO,VM_023,19
948,1378888200,Standard_HO,VM_025,19
948,1378888200,WA-AHO,VM_001,19
948,1378888200,WA-AHO,VM_003,19
948,1378888200,WA-AHO,VM_011,19
948,1378888200,WA-AHO,VM_012,13
948,1378888200,WA-AHO,VM_013,19
948,1378888200,WA-AHO,VM_023,19
948,1378888200,WA-AHO,VM_025,19
948,1378888200,PABFD,VM_012,10
948,1378888200,PABFD,VM_011,11
948,1378888200,PABFD,VM_025,12
948,1378888200,PABFD,VM_003,13
948,1378888200,PABFD,VM_023,13
948,1378888200,PABFD,VM_001,11
948,1378888200,PABFD,VM_013,12
949,1378888500,Standard_HO,VM_001,16
949,1378888500,Standard_HO,VM_003,16
949,1378888500,Standard_HO,VM_011,14
949,1378888500,Standard_HO,VM_012,16
949,1378888500,Standard_HO,VM_013,14
949,1378888500,Standard_HO,VM_023,16
949,1378888500,Standard_HO,VM_025,16
949,1378888500,WA-AHO,VM_001,16
949,1378888500,WA-AHO,VM_003,16
949,1378888500,WA-AHO,VM_011,14
949,1378888500,WA-AHO,VM_012,16
949,1378888500,WA-AHO,VM_013,14
949,1378888500,WA-AHO,VM_023,16
949,1378888500,WA-AHO,VM_025,16
949,1378888500,PABFD,VM_012,10
949,1378888500,PABFD,VM_011,11
949,1378888500,PABFD,VM_025,12
949,1378888500,PABFD,VM_003,13
949,1378888500,PABFD,VM_023,13
949,1378888500,PABFD,VM_001,11
949,1378888500,PABFD,VM_013,12
950,1378888800,Standard_HO,VM_001,18
950,1378888800,Standard_HO,VM_003,18
950,1378888800,Standard_HO,VM_011,18
950,1378888800,Standard_HO,VM_012,18
950,1378888800,Standard_HO,VM_013,10
950,1378888800,Standard_HO,VM_023,18
950,1378888800,Standard_HO,VM_025,10
950,1378888800,WA-AHO,VM_001,18
950,1378888800,WA-AHO,VM_003,18
950,1378888800,WA-AHO,VM_011,18
950,1378888800,WA-AHO,VM_012,18
950,1378888800,WA-AHO,VM_013,10
950,1378888800,WA-AHO,VM_023,18
950,1378888800,WA-AHO,VM_025,10
950,1378888800,PABFD,VM_012,10
950,1378888800,PABFD,VM_011,11
950,1378888800,PABFD,VM_025,12
950,1378888800,PABFD,VM_003,13
950,1378888800,PABFD,VM_023,13
950,1378888800,PABFD,VM_001,11
950,1378888800,PABFD,VM_013,12
951,1378889100,Standard_HO,VM_001,19
951,1378889100,Standard_HO,VM_003,19
951,1378889100,Standard_HO,VM_011,11
951,1378889100,Standard_HO,VM_012,19
951,1378889100,Standard_HO,VM_013,11
951,1378889100,Standard_HO,VM_023,19
951,1378889100,Standard_HO,VM_025,19
951,1378889100,WA-AHO,VM_001,19
951,1378889100,WA-AHO,VM_003,19
951,1378889100,WA-AHO,VM_011,11
951,1378889100,WA-AHO,VM_012,19
951,1378889100,WA-AHO,VM_013,11
951,1378889100,WA-AHO,VM_023,19
951,1378889100,WA-AHO,VM_025,19
951,1378889100,PABFD,VM_012,10
951,1378889100,PABFD,VM_011,11
951,1378889100,PABFD,VM_025,12
951,1378889100,PABFD,VM_003,13
951,1378889100,PABFD,VM_023,13
951,1378889100,PABFD,VM_001,11
951,1378889100,PABFD,VM_013,12
952,1378889400,Standard_HO,VM_001,17
952,1378889400,Standard_HO,VM_003,17
952,1378889400,Standard_HO,VM_011,15
952,1378889400,Standard_HO,VM_012,17
952,1378889400,Standard_HO,VM_013,15
952,1378889400,Standard_HO,VM_023,17
952,1378889400,Standard_HO,VM_025,17
952,1378889400,WA-AHO,VM_001,17
952,1378889400,WA-AHO,VM_003,17
952,1378889400,WA-AHO,VM_011,14
952,1378889400,WA-AHO,VM_012,17
952,1378889400,WA-AHO,VM_013,14
952,1378889400,WA-AHO,VM_023,17
952,1378889400,WA-AHO,VM_025,17
952,1378889400,PABFD,VM_012,10
952,1378889400,PABFD,VM_011,11
952,1378889400,PABFD,VM_025,12
952,1378889400,PABFD,VM_003,13
952,1378889400,PABFD,VM_023,13
952,1378889400,PABFD,VM_001,11
952,1378889400,PABFD,VM_013,12
953,1378889700,Standard_HO,VM_001,18
953,1378889700,Standard_HO,VM_003,18
953,1378889700,Standard_HO,VM_011,15
953,1378889700,Standard_HO,VM_012,18
953,1378889700,Standard_HO,VM_013,15
953,1378889700,Standard_HO,VM_023,18
953,1378889700,Standard_HO,VM_025,18
953,1378889700,WA-AHO,VM_001,18
953,1378889700,WA-AHO,VM_003,18
953,1378889700,WA-AHO,VM_011,14
953,1378889700,WA-AHO,VM_012,18
953,1378889700,WA-AHO,VM_013,14
953,1378889700,WA-AHO,VM_023,18
953,1378889700,WA-AHO,VM_025,18
953,1378889700,PABFD,VM_012,10
953,1378889700,PABFD,VM_011,11
953,1378889700,PABFD,VM_025,12
953,1378889700,PABFD,VM_003,13
953,1378889700,PABFD,VM_023,13
953,1378889700,PABFD,VM_001,11
953,1378889700,PABFD,VM_013,12
954,1378890000,Standard_HO,VM_001,19
954,1378890000,Standard_HO,VM_003,19
954,1378890000,Standard_HO,VM_011,14
954,1378890000,Standard_HO,VM_012,19
954,1378890000,Standard_HO,VM_013,14
954,1378890000,Standard_HO,VM_023,19
954,1378890000,Standard_HO,VM_025,19
954,1378890000,WA-AHO,VM_001,16
954,1378890000,WA-AHO,VM_003,16
954,1378890000,WA-AHO,VM_011,15
954,1378890000,WA-AHO,VM_012,16
954,1378890000,WA-AHO,VM_013,15
954,1378890000,WA-AHO,VM_023,16
954,1378890000,WA-AHO,VM_025,16
954,1378890000,PABFD,VM_012,10
954,1378890000,PABFD,VM_011,11
954,1378890000,PABFD,VM_025,12
954,1378890000,PABFD,VM_003,13
954,1378890000,PABFD,VM_023,13
954,1378890000,PABFD,VM_001,11
954,1378890000,PABFD,VM_013,12
955,1378890300,Standard_HO,VM_001,18
955,1378890300,Standard_HO,VM_003,18
955,1378890300,Standard_HO,VM_011,13
955,1378890300,Standard_HO,VM_012,18
955,1378890300,Standard_HO,VM_013,13
955,1378890300,Standard_HO,VM_023,18
955,1378890300,Standard_HO,VM_025,18
955,1378890300,WA-AHO,VM_001,19
955,1378890300,WA-AHO,VM_003,19
955,1378890300,WA-AHO,VM_011,15
955,1378890300,WA-AHO,VM_012,19
955,1378890300,WA-AHO,VM_013,15
955,1378890300,WA-AHO,VM_023,19
955,1378890300,WA-AHO,VM_025,19
955,1378890300,PABFD,VM_012,10
955,1378890300,PABFD,VM_011,11
955,1378890300,PABFD,VM_025,12
955,1378890300,PABFD,VM_003,13
955,1378890300,PABFD,VM_023,13
955,1378890300,PABFD,VM_001,11
955,1378890300,PABFD,VM_013,12
956,1378890600,Standard_HO,VM_001,16
956,1378890600,Standard_HO,VM_003,16
956,1378890600,Standard_HO,VM_011,12
956,1378890600,Standard_HO,VM_012,16
956,1378890600,Standard_HO,VM_013,12
956,1378890600,Standard_HO,VM_023,16
956,1378890600,Standard_HO,VM_025,16
956,1378890600,WA-AHO,VM_001,18
956,1378890600,WA-AHO,VM_003,18
956,1378890600,WA-AHO,VM_011,15
956,1378890600,WA-AHO,VM_012,18
956,1378890600,WA-AHO,VM_013,15
956,1378890600,WA-AHO,VM_023,18
956,1378890600,WA-AHO,VM_025,18
956,1378890600,PABFD,VM_012,10
956,1378890600,PABFD,VM_011,11
956,1378890600,PABFD,VM_025,12
956,1378890600,PABFD,VM_003,13
956,1378890600,PABFD,VM_023,13
956,1378890600,PABFD,VM_001,11
956,1378890600,PABFD,VM_013,12
957,1378890900,Standard_HO,VM_001,18
957,1378890900,Standard_HO,VM_003,18
957,1378890900,Standard_HO,VM_011,14
957,1378890900,Standard_HO,VM_012,18
957,1378890900,Standard_HO,VM_013,14
957,1378890900,Standard_HO,VM_023,18
957,1378890900,Standard_HO,VM_025,18
957,1378890900,WA-AHO,VM_001,18
957,1378890900,WA-AHO,VM_003,18
957,1378890900,WA-AHO,VM_011,14
957,1378890900,WA-AHO,VM_012,18
957,1378890900,WA-AHO,VM_013,14
957,1378890900,WA-AHO,VM_023,18
957,1378890900,WA-AHO,VM_025,18
957,1378890900,PABFD,VM_012,10
957,1378890900,PABFD,VM_011,11
957,1378890900,PABFD,VM_025,12
957,1378890900,PABFD,VM_003,13
957,1378890900,PABFD,VM_023,13
957,1378890900,PABFD,VM_001,11
957,1378890900,PABFD,VM_013,12
958,1378891200,Standard_HO,VM_001,16
958,1378891200,Standard_HO,VM_003,16
958,1378891200,Standard_HO,VM_011,15
958,1378891200,Standard_HO,VM_012,16
958,1378891200,Standard_HO,VM_013,15
958,1378891200,Standard_HO,VM_023,16
958,1378891200,Standard_HO,VM_025,16
958,1378891200,WA-AHO,VM_001,19
958,1378891200,WA-AHO,VM_003,19
958,1378891200,WA-AHO,VM_011,15
958,1378891200,WA-AHO,VM_012,19
958,1378891200,WA-AHO,VM_013,15
958,1378891200,WA-AHO,VM_023,19
958,1378891200,WA-AHO,VM_025,19
958,1378891200,PABFD,VM_012,10
958,1378891200,PABFD,VM_011,11
958,1378891200,PABFD,VM_025,12
958,1378891200,PABFD,VM_003,13
958,1378891200,PABFD,VM_023,13
958,1378891200,PABFD,VM_001,11
958,1378891200,PABFD,VM_013,12
959,1378891500,Standard_HO,VM_001,18
959,1378891500,Standard_HO,VM_003,18
959,1378891500,Standard_HO,VM_011,14
959,1378891500,Standard_HO,VM_012,18
959,1378891500,Standard_HO,VM_013,14
959,1378891500,Standard_HO,VM_023,18
959,1378891500,Standard_HO,VM_025,18
959,1378891500,WA-AHO,VM_001,17
959,1378891500,WA-AHO,VM_003,17
959,1378891500,WA-AHO,VM_011,10
959,1378891500,WA-AHO,VM_012,17
959,1378891500,WA-AHO,VM_013,10
959,1378891500,WA-AHO,VM_023,17
959,1378891500,WA-AHO,VM_025,17
959,1378891500,PABFD,VM_012,10
959,1378891500,PABFD,VM_011,11
959,1378891500,PABFD,VM_025,12
959,1378891500,PABFD,VM_003,13
959,1378891500,PABFD,VM_023,13
959,1378891500,PABFD,VM_001,11
959,1378891500,PABFD,VM_013,12
960,1378891800,Standard_HO,VM_001,18
960,1378891800,Standard_HO,VM_003,18
960,1378891800,Standard_HO,VM_011,14
960,1378891800,Standard_HO,VM_012,18
960,1378891800,Standard_HO,VM_013,14
960,1378891800,Standard_HO,VM_023,18
960,1378891800,Standard_HO,VM_025,18
960,1378891800,WA-AHO,VM_001,18
960,1378891800,WA-AHO,VM_003,18
960,1378891800,WA-AHO,VM_011,14
960,1378891800,WA-AHO,VM_012,18
960,1378891800,WA-AHO,VM_013,14
960,1378891800,WA-AHO,VM_023,18
960,1378891800,WA-AHO,VM_025,18
960,1378891800,PABFD,VM_012,10
960,1378891800,PABFD,VM_011,11
960,1378891800,PABFD,VM_025,12
960,1378891800,PABFD,VM_003,13
960,1378891800,PABFD,VM_023,13
960,1378891800,PABFD,VM_001,11
960,1378891800,PABFD,VM_013,12
961,1378892100,Standard_HO,VM_001,17
961,1378892100,Standard_HO,VM_003,17
961,1378892100,Standard_HO,VM_011,12
961,1378892100,Standard_HO,VM_012,17
961,1378892100,Standard_HO,VM_013,12
961,1378892100,Standard_HO,VM_023,17
961,1378892100,Standard_HO,VM_025,17
961,1378892100,WA-AHO,VM_001,17
961,1378892100,WA-AHO,VM_003,17
961,1378892100,WA-AHO,VM_011,12
961,1378892100,WA-AHO,VM_012,17
961,1378892100,WA-AHO,VM_013,12
961,1378892100,WA-AHO,VM_023,17
961,1378892100,WA-AHO,VM_025,17
961,1378892100,PABFD,VM_012,10
961,1378892100,PABFD,VM_011,11
961,1378892100,PABFD,VM_025,12
961,1378892100,PABFD,VM_003,13
961,1378892100,PABFD,VM_023,13
961,1378892100,PABFD,VM_001,11
961,1378892100,PABFD,VM_013,12
962,1378892400,Standard_HO,VM_001,14
962,1378892400,Standard_HO,VM_003,18
962,1378892400,Standard_HO,VM_011,18
962,1378892400,Standard_HO,VM_012,18
962,1378892400,Standard_HO,VM_013,18
962,1378892400,Standard_HO,VM_023,18
962,1378892400,Standard_HO,VM_025,14
962,1378892400,WA-AHO,VM_001,17
962,1378892400,WA-AHO,VM_003,17
962,1378892400,WA-AHO,VM_011,17
962,1378892400,WA-AHO,VM_012,17
962,1378892400,WA-AHO,VM_013,11
962,1378892400,WA-AHO,VM_023,17
962,1378892400,WA-AHO,VM_025,11
962,1378892400,PABFD,VM_012,10
962,1378892400,PABFD,VM_011,11
962,1378892400,PABFD,VM_025,12
962,1378892400,PABFD,VM_003,13
962,1378892400,PABFD,VM_023,13
962,1378892400,PABFD,VM_001,11
962,1378892400,PABFD,VM_013,12
963,1378892700,Standard_HO,VM_001,18
963,1378892700,Standard_HO,VM_003,18
963,1378892700,Standard_HO,VM_011,11
963,1378892700,Standard_HO,VM_012,18
963,1378892700,Standard_HO,VM_013,11
963,1378892700,Standard_HO,VM_023,18
963,1378892700,Standard_HO,VM_025,18
963,1378892700,WA-AHO,VM_001,19
963,1378892700,WA-AHO,VM_003,19
963,1378892700,WA-AHO,VM_011,15
963,1378892700,WA-AHO,VM_012,19
963,1378892700,WA-AHO,VM_013,15
963,1378892700,WA-AHO,VM_023,19
963,1378892700,WA-AHO,VM_025,19
963,1378892700,PABFD,VM_012,10
963,1378892700,PABFD,VM_011,11
963,1378892700,PABFD,VM_025,12
963,1378892700,PABFD,VM_003,13
963,1378892700,PABFD,VM_023,13
963,1378892700,PABFD,VM_001,11
963,1378892700,PABFD,VM_013,12
964,1378893000,Standard_HO,VM_001,13
964,1378893000,Standard_HO,VM_003,19
964,1378893000,Standard_HO,VM_011,19
964,1378893000,Standard_HO,VM_012,19
964,1378893000,Standard_HO,VM_013,19
964,1378893000,Standard_HO,VM_023,19
964,1378893000,Standard_HO,VM_025,13
964,1378893000,WA-AHO,VM_001,14
964,1378893000,WA-AHO,VM_003,19
964,1378893000,WA-AHO,VM_011,19
964,1378893000,WA-AHO,VM_012,19
964,1378893000,WA-AHO,VM_013,19
964,1378893000,WA-AHO,VM_023,19
964,1378893000,WA-AHO,VM_025,14
964,1378893000,PABFD,VM_012,10
964,1378893000,PABFD,VM_011,11
964,1378893000,PABFD,VM_025,12
964,1378893000,PABFD,VM_003,13
964,1378893000,PABFD,VM_023,13
964,1378893000,PABFD,VM_001,11
964,1378893000,PABFD,VM_013,12
965,1378893300,Standard_HO,VM_001,18
965,1378893300,Standard_HO,VM_003,18
965,1378893300,Standard_HO,VM_011,18
965,1378893300,Standard_HO,VM_012,18
965,1378893300,Standard_HO,VM_013,15
965,1378893300,Standard_HO,VM_023,18
965,1378893300,Standard_HO,VM_025,15
965,1378893300,WA-AHO,VM_001,18
965,1378893300,WA-AHO,VM_003,18
965,1378893300,WA-AHO,VM_011,18
965,1378893300,WA-AHO,VM_012,18
965,1378893300,WA-AHO,VM_013,15
965,1378893300,WA-AHO,VM_023,18
965,1378893300,WA-AHO,VM_025,15
965,1378893300,PABFD,VM_012,10
965,1378893300,PABFD,VM_011,11
965,1378893300,PABFD,VM_025,12
965,1378893300,PABFD,VM_003,13
965,1378893300,PABFD,VM_023,13
965,1378893300,PABFD,VM_001,11
965,1378893300,PABFD,VM_013,12
966,1378893600,Standard_HO,VM_001,13
966,1378893600,Standard_HO,VM_003,16
966,1378893600,Standard_HO,VM_011,16
966,1378893600,Standard_HO,VM_012,16
966,1378893600,Standard_HO,VM_013,16
966,1378893600,Standard_HO,VM_023,16
966,1378893600,Standard_HO,VM_025,13
966,1378893600,WA-AHO,VM_001,13
966,1378893600,WA-AHO,VM_003,19
966,1378893600,WA-AHO,VM_011,19
966,1378893600,WA-AHO,VM_012,19
966,1378893600,WA-AHO,VM_013,19
966,1378893600,WA-AHO,VM_023,19
966,1378893600,WA-AHO,VM_025,13
966,1378893600,PABFD,VM_012,10
966,1378893600,PABFD,VM_011,11
966,1378893600,PABFD,VM_025,12
966,1378893600,PABFD,VM_003,13
966,1378893600,PABFD,VM_023,13
966,1378893600,PABFD,VM_001,11
966,1378893600,PABFD,VM_013,12
967,1378893900,Standard_HO,VM_001,12
967,1378893900,Standard_HO,VM_003,19
967,1378893900,Standard_HO,VM_011,19
967,1378893900,Standard_HO,VM_012,19
967,1378893900,Standard_HO,VM_013,19
967,1378893900,Standard_HO,VM_023,19
967,1378893900,Standard_HO,VM_025,12
967,1378893900,WA-AHO,VM_001,10
967,1378893900,WA-AHO,VM_003,18
967,1378893900,WA-AHO,VM_011,18
967,1378893900,WA-AHO,VM_012,18
967,1378893900,WA-AHO,VM_013,18
967,1378893900,WA-AHO,VM_023,18
967,1378893900,WA-AHO,VM_025,10
967,1378893900,PABFD,VM_012,10
967,1378893900,PABFD,VM_011,11
967,1378893900,PABFD,VM_025,12
967,1378893900,PABFD,VM_003,13
967,1378893900,PABFD,VM_023,13
967,1378893900,PABFD,VM_001,11
967,1378893900,PABFD,VM_013,12
968,1378894200,Standard_HO,VM_001,13
968,1378894200,Standard_HO,VM_003,18
968,1378894200,Standard_HO,VM_011,18
968,1378894200,Standard_HO,VM_012,18
968,1378894200,Standard_HO,VM_013,18
968,1378894200,Standard_HO,VM_023,18
968,1378894200,Standard_HO,VM_025,13
968,1378894200,WA-AHO,VM_001,15
968,1378894200,WA-AHO,VM_003,18
968,1378894200,WA-AHO,VM_011,18
968,1378894200,WA-AHO,VM_012,18
968,1378894200,WA-AHO,VM_013,18
968,1378894200,WA-AHO,VM_023,18
968,1378894200,WA-AHO,VM_025,15
968,1378894200,PABFD,VM_012,10
968,1378894200,PABFD,VM_011,11
968,1378894200,PABFD,VM_025,12
968,1378894200,PABFD,VM_003,13
968,1378894200,PABFD,VM_023,13
968,1378894200,PABFD,VM_001,11
968,1378894200,PABFD,VM_013,12
969,1378894500,Standard_HO,VM_001,13
969,1378894500,Standard_HO,VM_003,16
969,1378894500,Standard_HO,VM_011,16
969,1378894500,Standard_HO,VM_012,16
969,1378894500,Standard_HO,VM_013,16
969,1378894500,Standard_HO,VM_023,16
969,1378894500,Standard_HO,VM_025,13
969,1378894500,WA-AHO,VM_001,13
969,1378894500,WA-AHO,VM_003,16
969,1378894500,WA-AHO,VM_011,16
969,1378894500,WA-AHO,VM_012,16
969,1378894500,WA-AHO,VM_013,16
969,1378894500,WA-AHO,VM_023,16
969,1378894500,WA-AHO,VM_025,13
969,1378894500,PABFD,VM_012,10
969,1378894500,PABFD,VM_011,11
969,1378894500,PABFD,VM_025,12
969,1378894500,PABFD,VM_003,13
969,1378894500,PABFD,VM_023,13
969,1378894500,PABFD,VM_001,11
969,1378894500,PABFD,VM_013,12
970,1378894800,Standard_HO,VM_001,16
970,1378894800,Standard_HO,VM_003,16
970,1378894800,Standard_HO,VM_011,16
970,1378894800,Standard_HO,VM_012,16
970,1378894800,Standard_HO,VM_013,15
970,1378894800,Standard_HO,VM_023,16
970,1378894800,Standard_HO,VM_025,15
970,1378894800,WA-AHO,VM_001,17
970,1378894800,WA-AHO,VM_003,17
970,1378894800,WA-AHO,VM_011,17
970,1378894800,WA-AHO,VM_012,17
970,1378894800,WA-AHO,VM_013,14
970,1378894800,WA-AHO,VM_023,17
970,1378894800,WA-AHO,VM_025,14
970,1378894800,PABFD,VM_012,10
970,1378894800,PABFD,VM_011,11
970,1378894800,PABFD,VM_025,12
970,1378894800,PABFD,VM_003,13
970,1378894800,PABFD,VM_023,13
970,1378894800,PABFD,VM_001,11
970,1378894800,PABFD,VM_013,12
971,1378895100,Standard_HO,VM_001,11
971,1378895100,Standard_HO,VM_003,16
971,1378895100,Standard_HO,VM_011,16
971,1378895100,Standard_HO,VM_012,16
971,1378895100,Standard_HO,VM_013,16
971,1378895100,Standard_HO,VM_023,16
971,1378895100,Standard_HO,VM_025,11
971,1378895100,WA-AHO,VM_001,14
971,1378895100,WA-AHO,VM_003,17
971,1378895100,WA-AHO,VM_011,17
971,1378895100,WA-AHO,VM_012,17
971,1378895100,WA-AHO,VM_013,14
971,1378895100,WA-AHO,VM_023,14
971,1378895100,WA-AHO,VM_025,17
971,1378895100,PABFD,VM_012,10
971,1378895100,PABFD,VM_011,11
971,1378895100,PABFD,VM_025,12
971,1378895100,PABFD,VM_003,13
971,1378895100,PABFD,VM_023,13
971,1378895100,PABFD,VM_001,11
971,1378895100,PABFD,VM_013,12
972,1378895400,Standard_HO,VM_001,14
972,1378895400,Standard_HO,VM_003,17
972,1378895400,Standard_HO,VM_011,17
972,1378895400,Standard_HO,VM_012,17
972,1378895400,Standard_HO,VM_013,17
972,1378895400,Standard_HO,VM_023,17
972,1378895400,Standard_HO,VM_025,14
972,1378895400,WA-AHO,VM_001,10
972,1378895400,WA-AHO,VM_003,18
972,1378895400,WA-AHO,VM_011,18
972,1378895400,WA-AHO,VM_012,18
972,1378895400,WA-AHO,VM_013,10
972,1378895400,WA-AHO,VM_023,10
972,1378895400,WA-AHO,VM_025,18
972,1378895400,PABFD,VM_012,10
972,1378895400,PABFD,VM_011,11
972,1378895400,PABFD,VM_025,12
972,1378895400,PABFD,VM_003,13
972,1378895400,PABFD,VM_023,13
972,1378895400,PABFD,VM_001,11
972,1378895400,PABFD,VM_013,12
973,1378895700,Standard_HO,VM_001,11
973,1378895700,Standard_HO,VM_003,18
973,1378895700,Standard_HO,VM_011,18
973,1378895700,Standard_HO,VM_012,18
973,1378895700,Standard_HO,VM_013,18
973,1378895700,Standard_HO,VM_023,18
973,1378895700,Standard_HO,VM_025,11
973,1378895700,WA-AHO,VM_001,13
973,1378895700,WA-AHO,VM_003,18
973,1378895700,WA-AHO,VM_011,18
973,1378895700,WA-AHO,VM_012,18
973,1378895700,WA-AHO,VM_013,18
973,1378895700,WA-AHO,VM_023,18
973,1378895700,WA-AHO,VM_025,13
973,1378895700,PABFD,VM_012,10
973,1378895700,PABFD,VM_011,11
973,1378895700,PABFD,VM_025,12
973,1378895700,PABFD,VM_003,13
973,1378895700,PABFD,VM_023,13
973,1378895700,PABFD,VM_001,11
973,1378895700,PABFD,VM_013,12
974,1378896000,Standard_HO,VM_001,19
974,1378896000,Standard_HO,VM_003,11
974,1378896000,Standard_HO,VM_011,19
974,1378896000,Standard_HO,VM_012,19
974,1378896000,Standard_HO,VM_013,19
974,1378896000,Standard_HO,VM_023,11
974,1378896000,Standard_HO,VM_025,19
974,1378896000,WA-AHO,VM_001,16
974,1378896000,WA-AHO,VM_003,13
974,1378896000,WA-AHO,VM_011,16
974,1378896000,WA-AHO,VM_012,16
974,1378896000,WA-AHO,VM_013,16
974,1378896000,WA-AHO,VM_023,13
974,1378896000,WA-AHO,VM_025,16
974,1378896000,PABFD,VM_012,10
974,1378896000,PABFD,VM_011,11
974,1378896000,PABFD,VM_025,12
974,1378896000,PABFD,VM_003,13
974,1378896000,PABFD,VM_023,13
974,1378896000,PABFD,VM_001,11
974,1378896000,PABFD,VM_013,12
975,1378896300,Standard_HO,VM_001,15
975,1378896300,Standard_HO,VM_003,19
975,1378896300,Standard_HO,VM_011,19
975,1378896300,Standard_HO,VM_012,19
975,1378896300,Standard_HO,VM_013,19
975,1378896300,Standard_HO,VM_023,19
975,1378896300,Standard_HO,VM_025,15
975,1378896300,WA-AHO,VM_001,10
975,1378896300,WA-AHO,VM_003,17
975,1378896300,WA-AHO,VM_011,17
975,1378896300,WA-AHO,VM_012,17
975,1378896300,WA-AHO,VM_013,17
975,1378896300,WA-AHO,VM_023,17
975,1378896300,WA-AHO,VM_025,10
975,1378896300,PABFD,VM_012,10
975,1378896300,PABFD,VM_011,11
975,1378896300,PABFD,VM_025,12
975,1378896300,PABFD,VM_003,13
975,1378896300,PABFD,VM_023,13
975,1378896300,PABFD,VM_001,11
975,1378896300,PABFD,VM_013,12
976,1378896600,Standard_HO,VM_001,16
976,1378896600,Standard_HO,VM_003,16
976,1378896600,Standard_HO,VM_011,16
976,1378896600,Standard_HO,VM_012,16
976,1378896600,Standard_HO,VM_013,10
976,1378896600,Standard_HO,VM_023,16
976,1378896600,Standard_HO,VM_025,10
976,1378896600,WA-AHO,VM_001,18
976,1378896600,WA-AHO,VM_003,18
976,1378896600,WA-AHO,VM_011,18
976,1378896600,WA-AHO,VM_012,18
976,1378896600,WA-AHO,VM_013,12
976,1378896600,WA-AHO,VM_023,18
976,1378896600,WA-AHO,VM_025,12
976,1378896600,PABFD,VM_012,10
976,1378896600,PABFD,VM_011,11
976,1378896600,PABFD,VM_025,12
976,1378896600,PABFD,VM_003,13
976,1378896600,PABFD,VM_023,13
976,1378896600,PABFD,VM_001,11
976,1378896600,PABFD,VM_013,12
977,1378896900,Standard_HO,VM_001,19
977,1378896900,Standard_HO,VM_003,19
977,1378896900,Standard_HO,VM_011,19
977,1378896900,Standard_HO,VM_012,19
977,1378896900,Standard_HO,VM_013,11
977,1378896900,Standard_HO,VM_023,19
977,1378896900,Standard_HO,VM_025,11
977,1378896900,WA-AHO,VM_001,10
977,1378896900,WA-AHO,VM_003,19
977,1378896900,WA-AHO,VM_011,19
977,1378896900,WA-AHO,VM_012,19
977,1378896900,WA-AHO,VM_013,19
977,1378896900,WA-AHO,VM_023,19
977,1378896900,WA-AHO,VM_025,10
977,1378896900,PABFD,VM_012,10
977,1378896900,PABFD,VM_011,11
977,1378896900,PABFD,VM_025,12
977,1378896900,PABFD,VM_003,13
977,1378896900,PABFD,VM_023,13
977,1378896900,PABFD,VM_001,11
977,1378896900,PABFD,VM_013,12
978,1378897200,Standard_HO,VM_001,17
978,1378897200,Standard_HO,VM_003,17
978,1378897200,Standard_HO,VM_011,17
978,1378897200,Standard_HO,VM_012,17
978,1378897200,Standard_HO,VM_013,15
978,1378897200,Standard_HO,VM_023,17
978,1378897200,Standard_HO,VM_025,15
978,1378897200,WA-AHO,VM_001,15
978,1378897200,WA-AHO,VM_003,19
978,1378897200,WA-AHO,VM_011,19
978,1378897200,WA-AHO,VM_012,19
978,1378897200,WA-AHO,VM_013,19
978,1378897200,WA-AHO,VM_023,19
978,1378897200,WA-AHO,VM_025,15
978,1378897200,PABFD,VM_012,10
978,1378897200,PABFD,VM_011,11
978,1378897200,PABFD,VM_025,12
978,1378897200,PABFD,VM_003,13
978,1378897200,PABFD,VM_023,13
978,1378897200,PABFD,VM_001,11
978,1378897200,PABFD,VM_013,12
979,1378897500,Standard_HO,VM_001,17
979,1378897500,Standard_HO,VM_003,17
979,1378897500,Standard_HO,VM_011,17
979,1378897500,Standard_HO,VM_012,17
979,1378897500,Standard_HO,VM_013,14
979,1378897500,Standard_HO,VM_023,17
979,1378897500,Standard_HO,VM_025,14
979,1378897500,WA-AHO,VM_001,17
979,1378897500,WA-AHO,VM_003,17
979,1378897500,WA-AHO,VM_011,17
979,1378897500,WA-AHO,VM_012,17
979,1378897500,WA-AHO,VM_013,10
979,1378897500,WA-AHO,VM_023,17
979,1378897500,WA-AHO,VM_025,10
979,1378897500,PABFD,VM_012,10
979,1378897500,PABFD,VM_011,11
979,1378897500,PABFD,VM_025,12
979,1378897500,PABFD,VM_003,13
979,1378897500,PABFD,VM_023,13
979,1378897500,PABFD,VM_001,11
979,1378897500,PABFD,VM_013,12
980,1378897800,Standard_HO,VM_001,19
980,1378897800,Standard_HO,VM_003,19
980,1378897800,Standard_HO,VM_011,19
980,1378897800,Standard_HO,VM_012,19
980,1378897800,Standard_HO,VM_013,10
980,1378897800,Standard_HO,VM_023,19
980,1378897800,Standard_HO,VM_025,10
980,1378897800,WA-AHO,VM_001,19
980,1378897800,WA-AHO,VM_003,19
980,1378897800,WA-AHO,VM_011,19
980,1378897800,WA-AHO,VM_012,19
980,1378897800,WA-AHO,VM_013,10
980,1378897800,WA-AHO,VM_023,19
980,1378897800,WA-AHO,VM_025,10
980,1378897800,PABFD,VM_012,10
980,1378897800,PABFD,VM_011,11
980,1378897800,PABFD,VM_025,12
980,1378897800,PABFD,VM_003,13
980,1378897800,PABFD,VM_023,13
980,1378897800,PABFD,VM_001,11
980,1378897800,PABFD,VM_013,12
981,1378898100,Standard_HO,VM_001,16
981,1378898100,Standard_HO,VM_003,16
981,1378898100,Standard_HO,VM_011,16
981,1378898100,Standard_HO,VM_012,16
981,1378898100,Standard_HO,VM_013,12
981,1378898100,Standard_HO,VM_023,16
981,1378898100,Standard_HO,VM_025,12
981,1378898100,WA-AHO,VM_001,16
981,1378898100,WA-AHO,VM_003,16
981,1378898100,WA-AHO,VM_011,16
981,1378898100,WA-AHO,VM_012,16
981,1378898100,WA-AHO,VM_013,12
981,1378898100,WA-AHO,VM_023,16
981,1378898100,WA-AHO,VM_025,12
981,1378898100,PABFD,VM_012,10
981,1378898100,PABFD,VM_011,11
981,1378898100,PABFD,VM_025,12
981,1378898100,PABFD,VM_003,13
981,1378898100,PABFD,VM_023,13
981,1378898100,PABFD,VM_001,11
981,1378898100,PABFD,VM_013,12
982,1378898400,Standard_HO,VM_001,17
982,1378898400,Standard_HO,VM_003,14
982,1378898400,Standard_HO,VM_011,17
982,1378898400,Standard_HO,VM_012,17
982,1378898400,Standard_HO,VM_013,17
982,1378898400,Standard_HO,VM_023,14
982,1378898400,Standard_HO,VM_025,17
982,1378898400,WA-AHO,VM_001,19
982,1378898400,WA-AHO,VM_003,12
982,1378898400,WA-AHO,VM_011,19
982,1378898400,WA-AHO,VM_012,19
982,1378898400,WA-AHO,VM_013,19
982,1378898400,WA-AHO,VM_023,12
982,1378898400,WA-AHO,VM_025,19
982,1378898400,PABFD,VM_012,10
982,1378898400,PABFD,VM_011,11
982,1378898400,PABFD,VM_025,12
982,1378898400,PABFD,VM_003,13
982,1378898400,PABFD,VM_023,13
982,1378898400,PABFD,VM_001,11
982,1378898400,PABFD,VM_013,12
983,1378898700,Standard_HO,VM_001,18
983,1378898700,Standard_HO,VM_003,18
983,1378898700,Standard_HO,VM_011,18
983,1378898700,Standard_HO,VM_012,18
983,1378898700,Standard_HO,VM_013,15
983,1378898700,Standard_HO,VM_023,18
983,1378898700,Standard_HO,VM_025,15
983,1378898700,WA-AHO,VM_001,18
983,1378898700,WA-AHO,VM_003,18
983,1378898700,WA-AHO,VM_011,18
983,1378898700,WA-AHO,VM_012,18
983,1378898700,WA-AHO,VM_013,11
983,1378898700,WA-AHO,VM_023,18
983,1378898700,WA-AHO,VM_025,11
983,1378898700,PABFD,VM_012,10
983,1378898700,PABFD,VM_011,11
983,1378898700,PABFD,VM_025,12
983,1378898700,PABFD,VM_003,13
983,1378898700,PABFD,VM_023,13
983,1378898700,PABFD,VM_001,11
983,1378898700,PABFD,VM_013,12
984,1378899000,Standard_HO,VM_001,18
984,1378899000,Standard_HO,VM_003,15
984,1378899000,Standard_HO,VM_011,18
984,1378899000,Standard_HO,VM_012,18
984,1378899000,Standard_HO,VM_013,18
984,1378899000,Standard_HO,VM_023,15
984,1378899000,Standard_HO,VM_025,18
984,1378899000,WA-AHO,VM_001,16
984,1378899000,WA-AHO,VM_003,10
984,1378899000,WA-AHO,VM_011,16
984,1378899000,WA-AHO,VM_012,16
984,1378899000,WA-AHO,VM_013,16
984,1378899000,WA-AHO,VM_023,10
984,1378899000,WA-AHO,VM_025,16
984,1378899000,PABFD,VM_012,10
984,1378899000,PABFD,VM_011,11
984,1378899000,PABFD,VM_025,12
984,1378899000,PABFD,VM_003,13
984,1378899000,PABFD,VM_023,13
984,1378899000,PABFD,VM_001,11
984,1378899000,PABFD,VM_013,12
985,1378899300,Standard_HO,VM_001,17
985,1378899300,Standard_HO,VM_003,17
985,1378899300,Standard_HO,VM_011,17
985,1378899300,Standard_HO,VM_012,17
985,1378899300,Standard_HO,VM_013,15
985,1378899300,Standard_HO,VM_023,17
985,1378899300,Standard_HO,VM_025,15
985,1378899300,WA-AHO,VM_001,17
985,1378899300,WA-AHO,VM_003,17
985,1378899300,WA-AHO,VM_011,17
985,1378899300,WA-AHO,VM_012,17
985,1378899300,WA-AHO,VM_013,10
985,1378899300,WA-AHO,VM_023,17
985,1378899300,WA-AHO,VM_025,10
985,1378899300,PABFD,VM_012,10
985,1378899300,PABFD,VM_011,11
985,1378899300,PABFD,VM_025,12
985,1378899300,PABFD,VM_003,13
985,1378899300,PABFD,VM_023,13
985,1378899300,PABFD,VM_001,11
985,1378899300,PABFD,VM_013,12
986,1378899600,Standard_HO,VM_001,19
986,1378899600,Standard_HO,VM_003,19
986,1378899600,Standard_HO,VM_011,19
986,1378899600,Standard_HO,VM_012,19
986,1378899600,Standard_HO,VM_013,12
986,1378899600,Standard_HO,VM_023,19
986,1378899600,Standard_HO,VM_025,12
986,1378899600,WA-AHO,VM_001,16
986,1378899600,WA-AHO,VM_003,16
986,1378899600,WA-AHO,VM_011,16
986,1378899600,WA-AHO,VM_012,16
986,1378899600,WA-AHO,VM_013,13
986,1378899600,WA-AHO,VM_023,16
986,1378899600,WA-AHO,VM_025,13
986,1378899600,PABFD,VM_012,10
986,1378899600,PABFD,VM_011,11
986,1378899600,PABFD,VM_025,12
986,1378899600,PABFD,VM_003,13
986,1378899600,PABFD,VM_023,13
986,1378899600,PABFD,VM_001,11
986,1378899600,PABFD,VM_013,12
987,1378899900,Standard_HO,VM_001,19
987,1378899900,Standard_HO,VM_003,19
987,1378899900,Standard_HO,VM_011,19
987,1378899900,Standard_HO,VM_012,19
987,1378899900,Standard_HO,VM_013,15
987,1378899900,Standard_HO,VM_023,19
987,1378899900,Standard_HO,VM_025,15
987,1378899900,WA-AHO,VM_001,18
987,1378899900,WA-AHO,VM_003,18
987,1378899900,WA-AHO,VM_011,18
987,1378899900,WA-AHO,VM_012,18
987,1378899900,WA-AHO,VM_013,11
987,1378899900,WA-AHO,VM_023,18
987,1378899900,WA-AHO,VM_025,11
987,1378899900,PABFD,VM_012,10
987,1378899900,PABFD,VM_011,11
987,1378899900,PABFD,VM_025,12
987,1378899900,PABFD,VM_003,13
987,1378899900,PABFD,VM_023,13
987,1378899900,PABFD,VM_001,11
987,1378899900,PABFD,VM_013,12
988,1378900200,Standard_HO,VM_001,17
988,1378900200,Standard_HO,VM_003,12
988,1378900200,Standard_HO,VM_011,17
988,1378900200,Standard_HO,VM_012,17
988,1378900200,Standard_HO,VM_013,17
988,1378900200,Standard_HO,VM_023,12
988,1378900200,Standard_HO,VM_025,17
988,1378900200,WA-AHO,VM_001,18
988,1378900200,WA-AHO,VM_003,10
988,1378900200,WA-AHO,VM_011,18
988,1378900200,WA-AHO,VM_012,18
988,1378900200,WA-AHO,VM_013,18
988,1378900200,WA-AHO,VM_023,10
988,1378900200,WA-AHO,VM_025,18
988,1378900200,PABFD,VM_012,10
988,1378900200,PABFD,VM_011,11
988,1378900200,PABFD,VM_025,12
988,1378900200,PABFD,VM_003,13
988,1378900200,PABFD,VM_023,13
988,1378900200,PABFD,VM_001,11
988,1378900200,PABFD,VM_013,12
989,1378900500,Standard_HO,VM_001,19
989,1378900500,Standard_HO,VM_003,11
989,1378900500,Standard_HO,VM_011,19
989,1378900500,Standard_HO,VM_012,19
989,1378900500,Standard_HO,VM_013,19
989,1378900500,Standard_HO,VM_023,11
989,1378900500,Standard_HO,VM_025,19
989,1378900500,WA-AHO,VM_001,17
989,1378900500,WA-AHO,VM_003,12
989,1378900500,WA-AHO,VM_011,17
989,1378900500,WA-AHO,VM_012,17
989,1378900500,WA-AHO,VM_013,17
989,1378900500,WA-AHO,VM_023,12
989,1378900500,WA-AHO,VM_025,17
989,1378900500,PABFD,VM_012,10
989,1378900500,PABFD,VM_011,11
989,1378900500,PABFD,VM_025,12
989,1378900500,PABFD,VM_003,13
989,1378900500,PABFD,VM_023,13
989,1378900500,PABFD,VM_001,11
989,1378900500,PABFD,VM_013,12
990,1378900800,Standard_HO,VM_001,18
990,1378900800,Standard_HO,VM_003,18
990,1378900800,Standard_HO,VM_011,18
990,1378900800,Standard_HO,VM_012,18
990,1378900800,Standard_HO,VM_013,11
990,1378900800,Standard_HO,VM_023,18
990,1378900800,Standard_HO,VM_025,11
990,1378900800,WA-AHO,VM_001,19
990,1378900800,WA-AHO,VM_003,13
990,1378900800,WA-AHO,VM_011,19
990,1378900800,WA-AHO,VM_012,19
990,1378900800,WA-AHO,VM_013,19
990,1378900800,WA-AHO,VM_023,13
990,1378900800,WA-AHO,VM_025,19
990,1378900800,PABFD,VM_012,10
990,1378900800,PABFD,VM_011,11
990,1378900800,PABFD,VM_025,12
990,1378900800,PABFD,VM_003,13
990,1378900800,PABFD,VM_023,13
990,1378900800,PABFD,VM_001,11
990,1378900800,PABFD,VM_013,12
991,1378901100,Standard_HO,VM_001,18
991,1378901100,Standard_HO,VM_003,12
991,1378901100,Standard_HO,VM_011,18
991,1378901100,Standard_HO,VM_012,18
991,1378901100,Standard_HO,VM_013,18
991,1378901100,Standard_HO,VM_023,12
991,1378901100,Standard_HO,VM_025,18
991,1378901100,WA-AHO,VM_001,18
991,1378901100,WA-AHO,VM_003,10
991,1378901100,WA-AHO,VM_011,18
991,1378901100,WA-AHO,VM_012,18
991,1378901100,WA-AHO,VM_013,18
991,1378901100,WA-AHO,VM_023,10
991,1378901100,WA-AHO,VM_025,18
991,1378901100,PABFD,VM_012,10
991,1378901100,PABFD,VM_011,11
991,1378901100,PABFD,VM_025,12
991,1378901100,PABFD,VM_003,13
991,1378901100,PABFD,VM_023,13
991,1378901100,PABFD,VM_001,11
991,1378901100,PABFD,VM_013,12
992,1378901400,Standard_HO,VM_001,19
992,1378901400,Standard_HO,VM_003,15
992,1378901400,Standard_HO,VM_011,19
992,1378901400,Standard_HO,VM_012,19
992,1378901400,Standard_HO,VM_013,19
992,1378901400,Standard_HO,VM_023,15
992,1378901400,Standard_HO,VM_025,19
992,1378901400,WA-AHO,VM_001,16
992,1378901400,WA-AHO,VM_003,14
992,1378901400,WA-AHO,VM_011,16
992,1378901400,WA-AHO,VM_012,16
992,1378901400,WA-AHO,VM_013,16
992,1378901400,WA-AHO,VM_023,14
992,1378901400,WA-AHO,VM_025,16
992,1378901400,PABFD,VM_012,10
992,1378901400,PABFD,VM_011,11
992,1378901400,PABFD,VM_025,12
992,1378901400,PABFD,VM_003,13
992,1378901400,PABFD,VM_023,13
992,1378901400,PABFD,VM_001,11
992,1378901400,PABFD,VM_013,12
993,1378901700,Standard_HO,VM_001,18
993,1378901700,Standard_HO,VM_003,18
993,1378901700,Standard_HO,VM_011,18
993,1378901700,Standard_HO,VM_012,18
993,1378901700,Standard_HO,VM_013,15
993,1378901700,Standard_HO,VM_023,18
993,1378901700,Standard_HO,VM_025,15
993,1378901700,WA-AHO,VM_001,17
993,1378901700,WA-AHO,VM_003,14
993,1378901700,WA-AHO,VM_011,17
993,1378901700,WA-AHO,VM_012,17
993,1378901700,WA-AHO,VM_013,17
993,1378901700,WA-AHO,VM_023,14
993,1378901700,WA-AHO,VM_025,17
993,1378901700,PABFD,VM_012,10
993,1378901700,PABFD,VM_011,11
993,1378901700,PABFD,VM_025,12
993,1378901700,PABFD,VM_003,13
993,1378901700,PABFD,VM_023,13
993,1378901700,PABFD,VM_001,11
993,1378901700,PABFD,VM_013,12
994,1378902000,Standard_HO,VM_001,13
994,1378902000,Standard_HO,VM_003,19
994,1378902000,Standard_HO,VM_011,19
994,1378902000,Standard_HO,VM_012,19
994,1378902000,Standard_HO,VM_013,19
994,1378902000,Standard_HO,VM_023,19
994,1378902000,Standard_HO,VM_025,13
994,1378902000,WA-AHO,VM_001,10
994,1378902000,WA-AHO,VM_003,19
994,1378902000,WA-AHO,VM_011,19
994,1378902000,WA-AHO,VM_012,19
994,1378902000,WA-AHO,VM_013,10
994,1378902000,WA-AHO,VM_023,10
994,1378902000,WA-AHO,VM_025,19
994,1378902000,PABFD,VM_012,10
994,1378902000,PABFD,VM_011,11
994,1378902000,PABFD,VM_025,12
994,1378902000,PABFD,VM_003,13
994,1378902000,PABFD,VM_023,13
994,1378902000,PABFD,VM_001,11
994,1378902000,PABFD,VM_013,12
995,1378902300,Standard_HO,VM_001,15
995,1378902300,Standard_HO,VM_003,16
995,1378902300,Standard_HO,VM_011,16
995,1378902300,Standard_HO,VM_012,16
995,1378902300,Standard_HO,VM_013,16
995,1378902300,Standard_HO,VM_023,16
995,1378902300,Standard_HO,VM_025,15
995,1378902300,WA-AHO,VM_001,15
995,1378902300,WA-AHO,VM_003,17
995,1378902300,WA-AHO,VM_011,17
995,1378902300,WA-AHO,VM_012,17
995,1378902300,WA-AHO,VM_013,17
995,1378902300,WA-AHO,VM_023,17
995,1378902300,WA-AHO,VM_025,15
995,1378902300,PABFD,VM_012,10
995,1378902300,PABFD,VM_011,11
995,1378902300,PABFD,VM_025,12
995,1378902300,PABFD,VM_003,13
995,1378902300,PABFD,VM_023,13
995,1378902300,PABFD,VM_001,11
995,1378902300,PABFD,VM_013,12
996,1378902600,Standard_HO,VM_001,19
996,1378902600,Standard_HO,VM_003,19
996,1378902600,Standard_HO,VM_011,19
996,1378902600,Standard_HO,VM_012,19
996,1378902600,Standard_HO,VM_013,15
996,1378902600,Standard_HO,VM_023,19
996,1378902600,Standard_HO,VM_025,15
996,1378902600,WA-AHO,VM_001,17
996,1378902600,WA-AHO,VM_003,17
996,1378902600,WA-AHO,VM_011,17
996,1378902600,WA-AHO,VM_012,17
996,1378902600,WA-AHO,VM_013,11
996,1378902600,WA-AHO,VM_023,17
996,1378902600,WA-AHO,VM_025,11
996,1378902600,PABFD,VM_012,10
996,1378902600,PABFD,VM_011,11
996,1378902600,PABFD,VM_025,12
996,1378902600,PABFD,VM_003,13
996,1378902600,PABFD,VM_023,13
996,1378902600,PABFD,VM_001,11
996,1378902600,PABFD,VM_013,12
997,1378902900,Standard_HO,VM_001,12
997,1378902900,Standard_HO,VM_003,17
997,1378902900,Standard_HO,VM_011,17
997,1378902900,Standard_HO,VM_012,17
997,1378902900,Standard_HO,VM_013,17
997,1378902900,Standard_HO,VM_023,17
997,1378902900,Standard_HO,VM_025,12
997,1378902900,WA-AHO,VM_001,13
997,1378902900,WA-AHO,VM_003,16
997,1378902900,WA-AHO,VM_011,16
997,1378902900,WA-AHO,VM_012,16
997,1378902900,WA-AHO,VM_013,16
997,1378902900,WA-AHO,VM_023,16
997,1378902900,WA-AHO,VM_025,13
997,1378902900,PABFD,VM_012,10
997,1378902900,PABFD,VM_011,11
997,1378902900,PABFD,VM_025,12
997,1378902900,PABFD,VM_003,13
997,1378902900,PABFD,VM_023,13
997,1378902900,PABFD,VM_001,11
997,1378902900,PABFD,VM_013,12
